timestamp,scheme,experiment,operation,role,trial,warmup,message_size_bytes,recipient_input_size,scheme_specific_parameters,wall_time_ns,output_bytes,output_bytes_status,status,git_commit,compiler,compiler_version,build_type,machine_id
2026-08-19T13:47:43.297987154Z,FMD,sender_signaling,fmd_flag_generation,sender,-100,true,not_applicable,unclear,gamma=8;p=2^-8;curve=P-256,468960,269,measured,ok,unavailable,gc,go1.18.1,Release,JerryZ
2026-08-19T13:47:43.301843464Z,FMD,sender_signaling,fmd_sender_total_signaling,sender,-100,true,not_applicable,unclear,gamma=8;p=2^-8;curve=P-256,888750,268,measured,ok,unavailable,gc,go1.18.1,Release,JerryZ
2026-08-19T13:47:43.305174665Z,FMD,sender_signaling,fmd_flag_generation,sender,-99,true,not_applicable,unclear,gamma=8;p=2^-8;curve=P-256,702696,269,measured,ok,unavailable,gc,go1.18.1,Release,JerryZ
2026-08-19T13:47:43.307402565Z,FMD,sender_signaling,fmd_sender_total_signaling,sender,-99,true,not_applicable,unclear,gamma=8;p=2^-8;curve=P-256,577163,269,measured,ok,unavailable,gc,go1.18.1,Release,JerryZ
2026-08-19T13:47:43.309706138Z,FMD,sender_signaling,fmd_flag_generation,sender,-98,true,not_applicable,unclear,gamma=8;p=2^-8;curve=P-256,405381,269,measured,ok,unavailable,gc,go1.18.1,Release,JerryZ
2026-08-19T13:47:43.311733676Z,FMD,sender_signaling,fmd_sender_total_signaling,sender,-98,true,not_applicable,unclear,gamma=8;p=2^-8;curve=P-256,398245,269,measured,ok,unavailable,gc,go1.18.1,Release,JerryZ
2026-08-19T13:47:43.313787019Z,FMD,sender_signaling,fmd_flag_generation,sender,-97,true,not_applicable,unclear,gamma=8;p=2^-8;curve=P-256,422628,270,measured,ok,unavailable,gc,go1.18.1,Release,JerryZ
2026-08-19T13:47:43.315856049Z,FMD,sender_signaling,fmd_sender_total_signaling,sender,-97,true,not_applicable,unclear,gamma=8;p=2^-8;curve=P-256,384809,269,measured,ok,unavailable,gc,go1.18.1,Release,JerryZ
2026-08-19T13:47:43.31812567Z,FMD,sender_signaling,fmd_flag_generation,sender,-96,true,not_applicable,unclear,gamma=8;p=2^-8;curve=P-256,409394,271,measured,ok,unavailable,gc,go1.18.1,Release,JerryZ
2026-08-19T13:47:43.319924679Z,FMD,sender_signaling,fmd_sender_total_signaling,sender,-96,true,not_applicable,unclear,gamma=8;p=2^-8;curve=P-256,366405,269,measured,ok,unavailable,gc,go1.18.1,Release,JerryZ
2026-08-19T13:47:43.32168788Z,FMD,sender_signaling,fmd_flag_generation,sender,-95,true,not_applicable,unclear,gamma=8;p=2^-8;curve=P-256,365229,269,measured,ok,unavailable,gc,go1.18.1,Release,JerryZ
2026-08-19T13:47:43.32345896Z,FMD,sender_signaling,fmd_sender_total_signaling,sender,-95,true,not_applicable,unclear,gamma=8;p=2^-8;curve=P-256,361298,270,measured,ok,unavailable,gc,go1.18.1,Release,JerryZ
2026-08-19T13:47:43.325996179Z,FMD,sender_signaling,fmd_flag_generation,sender,-94,true,not_applicable,unclear,gamma=8;p=2^-8;curve=P-256,731947,269,measured,ok,unavailable,gc,go1.18.1,Release,JerryZ
2026-08-19T13:47:43.328452938Z,FMD,sender_signaling,fmd_sender_total_signaling,sender,-94,true,not_applicable,unclear,gamma=8;p=2^-8;curve=P-256,374211,269,measured,ok,unavailable,gc,go1.18.1,Release,JerryZ
2026-08-19T13:47:43.330926677Z,FMD,sender_signaling,fmd_flag_generation,sender,-93,true,not_applicable,unclear,gamma=8;p=2^-8;curve=P-256,467343,270,measured,ok,unavailable,gc,go1.18.1,Release,JerryZ
2026-08-19T13:47:43.3338267Z,FMD,sender_signaling,fmd_sender_total_signaling,sender,-93,true,not_applicable,unclear,gamma=8;p=2^-8;curve=P-256,919497,268,measured,ok,unavailable,gc,go1.18.1,Release,JerryZ
2026-08-19T13:47:43.335841637Z,FMD,sender_signaling,fmd_flag_generation,sender,-92,true,not_applicable,unclear,gamma=8;p=2^-8;curve=P-256,374891,269,measured,ok,unavailable,gc,go1.18.1,Release,JerryZ
2026-08-19T13:47:43.339086255Z,FMD,sender_signaling,fmd_sender_total_signaling,sender,-92,true,not_applicable,unclear,gamma=8;p=2^-8;curve=P-256,902719,270,measured,ok,unavailable,gc,go1.18.1,Release,JerryZ
2026-08-19T13:47:43.34110156Z,FMD,sender_signaling,fmd_flag_generation,sender,-91,true,not_applicable,unclear,gamma=8;p=2^-8;curve=P-256,366267,266,measured,ok,unavailable,gc,go1.18.1,Release,JerryZ
2026-08-19T13:47:43.343012381Z,FMD,sender_signaling,fmd_sender_total_signaling,sender,-91,true,not_applicable,unclear,gamma=8;p=2^-8;curve=P-256,370675,269,measured,ok,unavailable,gc,go1.18.1,Release,JerryZ
2026-08-19T13:47:43.347686791Z,FMD,sender_signaling,fmd_flag_generation,sender,-90,true,not_applicable,unclear,gamma=8;p=2^-8;curve=P-256,853852,268,measured,ok,unavailable,gc,go1.18.1,Release,JerryZ
2026-08-19T13:47:43.350376661Z,FMD,sender_signaling,fmd_sender_total_signaling,sender,-90,true,not_applicable,unclear,gamma=8;p=2^-8;curve=P-256,533182,270,measured,ok,unavailable,gc,go1.18.1,Release,JerryZ
2026-08-19T13:47:43.352497276Z,FMD,sender_signaling,fmd_flag_generation,sender,-89,true,not_applicable,unclear,gamma=8;p=2^-8;curve=P-256,359049,271,measured,ok,unavailable,gc,go1.18.1,Release,JerryZ
2026-08-19T13:47:43.354826909Z,FMD,sender_signaling,fmd_sender_total_signaling,sender,-89,true,not_applicable,unclear,gamma=8;p=2^-8;curve=P-256,475609,269,measured,ok,unavailable,gc,go1.18.1,Release,JerryZ
2026-08-19T13:47:43.356818065Z,FMD,sender_signaling,fmd_flag_generation,sender,-88,true,not_applicable,unclear,gamma=8;p=2^-8;curve=P-256,375203,269,measured,ok,unavailable,gc,go1.18.1,Release,JerryZ
2026-08-19T13:47:43.358682902Z,FMD,sender_signaling,fmd_sender_total_signaling,sender,-88,true,not_applicable,unclear,gamma=8;p=2^-8;curve=P-256,365248,269,measured,ok,unavailable,gc,go1.18.1,Release,JerryZ
2026-08-19T13:47:43.360789034Z,FMD,sender_signaling,fmd_flag_generation,sender,-87,true,not_applicable,unclear,gamma=8;p=2^-8;curve=P-256,364155,269,measured,ok,unavailable,gc,go1.18.1,Release,JerryZ
2026-08-19T13:47:43.362871555Z,FMD,sender_signaling,fmd_sender_total_signaling,sender,-87,true,not_applicable,unclear,gamma=8;p=2^-8;curve=P-256,382284,270,measured,ok,unavailable,gc,go1.18.1,Release,JerryZ
2026-08-19T13:47:43.364802213Z,FMD,sender_signaling,fmd_flag_generation,sender,-86,true,not_applicable,unclear,gamma=8;p=2^-8;curve=P-256,365423,271,measured,ok,unavailable,gc,go1.18.1,Release,JerryZ
2026-08-19T13:47:43.366566148Z,FMD,sender_signaling,fmd_sender_total_signaling,sender,-86,true,not_applicable,unclear,gamma=8;p=2^-8;curve=P-256,358828,269,measured,ok,unavailable,gc,go1.18.1,Release,JerryZ
2026-08-19T13:47:43.368322232Z,FMD,sender_signaling,fmd_flag_generation,sender,-85,true,not_applicable,unclear,gamma=8;p=2^-8;curve=P-256,357883,269,measured,ok,unavailable,gc,go1.18.1,Release,JerryZ
2026-08-19T13:47:43.370527291Z,FMD,sender_signaling,fmd_sender_total_signaling,sender,-85,true,not_applicable,unclear,gamma=8;p=2^-8;curve=P-256,384221,269,measured,ok,unavailable,gc,go1.18.1,Release,JerryZ
2026-08-19T13:47:43.372556601Z,FMD,sender_signaling,fmd_flag_generation,sender,-84,true,not_applicable,unclear,gamma=8;p=2^-8;curve=P-256,427881,270,measured,ok,unavailable,gc,go1.18.1,Release,JerryZ
2026-08-19T13:47:43.37447667Z,FMD,sender_signaling,fmd_sender_total_signaling,sender,-84,true,not_applicable,unclear,gamma=8;p=2^-8;curve=P-256,375993,271,measured,ok,unavailable,gc,go1.18.1,Release,JerryZ
2026-08-19T13:47:43.376535313Z,FMD,sender_signaling,fmd_flag_generation,sender,-83,true,not_applicable,unclear,gamma=8;p=2^-8;curve=P-256,372228,269,measured,ok,unavailable,gc,go1.18.1,Release,JerryZ
2026-08-19T13:47:43.379175196Z,FMD,sender_signaling,fmd_sender_total_signaling,sender,-83,true,not_applicable,unclear,gamma=8;p=2^-8;curve=P-256,403214,270,measured,ok,unavailable,gc,go1.18.1,Release,JerryZ
2026-08-19T13:47:43.381284855Z,FMD,sender_signaling,fmd_flag_generation,sender,-82,true,not_applicable,unclear,gamma=8;p=2^-8;curve=P-256,372595,269,measured,ok,unavailable,gc,go1.18.1,Release,JerryZ
2026-08-19T13:47:43.383036163Z,FMD,sender_signaling,fmd_sender_total_signaling,sender,-82,true,not_applicable,unclear,gamma=8;p=2^-8;curve=P-256,357790,270,measured,ok,unavailable,gc,go1.18.1,Release,JerryZ
2026-08-19T13:47:43.385040458Z,FMD,sender_signaling,fmd_flag_generation,sender,-81,true,not_applicable,unclear,gamma=8;p=2^-8;curve=P-256,374919,270,measured,ok,unavailable,gc,go1.18.1,Release,JerryZ
2026-08-19T13:47:43.387277863Z,FMD,sender_signaling,fmd_sender_total_signaling,sender,-81,true,not_applicable,unclear,gamma=8;p=2^-8;curve=P-256,369179,269,measured,ok,unavailable,gc,go1.18.1,Release,JerryZ
2026-08-19T13:47:43.389689658Z,FMD,sender_signaling,fmd_flag_generation,sender,-80,true,not_applicable,unclear,gamma=8;p=2^-8;curve=P-256,832040,268,measured,ok,unavailable,gc,go1.18.1,Release,JerryZ
2026-08-19T13:47:43.39211623Z,FMD,sender_signaling,fmd_sender_total_signaling,sender,-80,true,not_applicable,unclear,gamma=8;p=2^-8;curve=P-256,618527,269,measured,ok,unavailable,gc,go1.18.1,Release,JerryZ
2026-08-19T13:47:43.395420146Z,FMD,sender_signaling,fmd_flag_generation,sender,-79,true,not_applicable,unclear,gamma=8;p=2^-8;curve=P-256,424519,270,measured,ok,unavailable,gc,go1.18.1,Release,JerryZ
2026-08-19T13:47:43.397830265Z,FMD,sender_signaling,fmd_sender_total_signaling,sender,-79,true,not_applicable,unclear,gamma=8;p=2^-8;curve=P-256,535882,270,measured,ok,unavailable,gc,go1.18.1,Release,JerryZ
2026-08-19T13:47:43.399796753Z,FMD,sender_signaling,fmd_flag_generation,sender,-78,true,not_applicable,unclear,gamma=8;p=2^-8;curve=P-256,363236,271,measured,ok,unavailable,gc,go1.18.1,Release,JerryZ
2026-08-19T13:47:43.401868823Z,FMD,sender_signaling,fmd_sender_total_signaling,sender,-78,true,not_applicable,unclear,gamma=8;p=2^-8;curve=P-256,439847,269,measured,ok,unavailable,gc,go1.18.1,Release,JerryZ
2026-08-19T13:47:43.4036693Z,FMD,sender_signaling,fmd_flag_generation,sender,-77,true,not_applicable,unclear,gamma=8;p=2^-8;curve=P-256,361593,269,measured,ok,unavailable,gc,go1.18.1,Release,JerryZ
2026-08-19T13:47:43.405465141Z,FMD,sender_signaling,fmd_sender_total_signaling,sender,-77,true,not_applicable,unclear,gamma=8;p=2^-8;curve=P-256,359406,269,measured,ok,unavailable,gc,go1.18.1,Release,JerryZ
2026-08-19T13:47:43.408358726Z,FMD,sender_signaling,fmd_flag_generation,sender,-76,true,not_applicable,unclear,gamma=8;p=2^-8;curve=P-256,852657,270,measured,ok,unavailable,gc,go1.18.1,Release,JerryZ
2026-08-19T13:47:43.411368494Z,FMD,sender_signaling,fmd_sender_total_signaling,sender,-76,true,not_applicable,unclear,gamma=8;p=2^-8;curve=P-256,384488,269,measured,ok,unavailable,gc,go1.18.1,Release,JerryZ
2026-08-19T13:47:43.413539313Z,FMD,sender_signaling,fmd_flag_generation,sender,-75,true,not_applicable,unclear,gamma=8;p=2^-8;curve=P-256,378160,270,measured,ok,unavailable,gc,go1.18.1,Release,JerryZ
2026-08-19T13:47:43.416051518Z,FMD,sender_signaling,fmd_sender_total_signaling,sender,-75,true,not_applicable,unclear,gamma=8;p=2^-8;curve=P-256,860473,269,measured,ok,unavailable,gc,go1.18.1,Release,JerryZ
2026-08-19T13:47:43.418595321Z,FMD,sender_signaling,fmd_flag_generation,sender,-74,true,not_applicable,unclear,gamma=8;p=2^-8;curve=P-256,511123,268,measured,ok,unavailable,gc,go1.18.1,Release,JerryZ
2026-08-19T13:47:43.420861976Z,FMD,sender_signaling,fmd_sender_total_signaling,sender,-74,true,not_applicable,unclear,gamma=8;p=2^-8;curve=P-256,409651,270,measured,ok,unavailable,gc,go1.18.1,Release,JerryZ
2026-08-19T13:47:43.423054298Z,FMD,sender_signaling,fmd_flag_generation,sender,-73,true,not_applicable,unclear,gamma=8;p=2^-8;curve=P-256,383606,271,measured,ok,unavailable,gc,go1.18.1,Release,JerryZ
2026-08-19T13:47:43.425488162Z,FMD,sender_signaling,fmd_sender_total_signaling,sender,-73,true,not_applicable,unclear,gamma=8;p=2^-8;curve=P-256,386168,270,measured,ok,unavailable,gc,go1.18.1,Release,JerryZ
2026-08-19T13:47:43.427560121Z,FMD,sender_signaling,fmd_flag_generation,sender,-72,true,not_applicable,unclear,gamma=8;p=2^-8;curve=P-256,388455,269,measured,ok,unavailable,gc,go1.18.1,Release,JerryZ
2026-08-19T13:47:43.430148613Z,FMD,sender_signaling,fmd_sender_total_signaling,sender,-72,true,not_applicable,unclear,gamma=8;p=2^-8;curve=P-256,397097,268,measured,ok,unavailable,gc,go1.18.1,Release,JerryZ
2026-08-19T13:47:43.432241503Z,FMD,sender_signaling,fmd_flag_generation,sender,-71,true,not_applicable,unclear,gamma=8;p=2^-8;curve=P-256,379859,269,measured,ok,unavailable,gc,go1.18.1,Release,JerryZ
2026-08-19T13:47:43.434163345Z,FMD,sender_signaling,fmd_sender_total_signaling,sender,-71,true,not_applicable,unclear,gamma=8;p=2^-8;curve=P-256,372356,269,measured,ok,unavailable,gc,go1.18.1,Release,JerryZ
2026-08-19T13:47:43.436970611Z,FMD,sender_signaling,fmd_flag_generation,sender,-70,true,not_applicable,unclear,gamma=8;p=2^-8;curve=P-256,842225,270,measured,ok,unavailable,gc,go1.18.1,Release,JerryZ
2026-08-19T13:47:43.438959494Z,FMD,sender_signaling,fmd_sender_total_signaling,sender,-70,true,not_applicable,unclear,gamma=8;p=2^-8;curve=P-256,390585,269,measured,ok,unavailable,gc,go1.18.1,Release,JerryZ
2026-08-19T13:47:43.44115335Z,FMD,sender_signaling,fmd_flag_generation,sender,-69,true,not_applicable,unclear,gamma=8;p=2^-8;curve=P-256,404509,269,measured,ok,unavailable,gc,go1.18.1,Release,JerryZ
2026-08-19T13:47:43.445150263Z,FMD,sender_signaling,fmd_sender_total_signaling,sender,-69,true,not_applicable,unclear,gamma=8;p=2^-8;curve=P-256,375754,269,measured,ok,unavailable,gc,go1.18.1,Release,JerryZ
2026-08-19T13:47:43.449276329Z,FMD,sender_signaling,fmd_flag_generation,sender,-68,true,not_applicable,unclear,gamma=8;p=2^-8;curve=P-256,2567479,268,measured,ok,unavailable,gc,go1.18.1,Release,JerryZ
2026-08-19T13:47:43.451650829Z,FMD,sender_signaling,fmd_sender_total_signaling,sender,-68,true,not_applicable,unclear,gamma=8;p=2^-8;curve=P-256,476031,270,measured,ok,unavailable,gc,go1.18.1,Release,JerryZ
2026-08-19T13:47:43.454967326Z,FMD,sender_signaling,fmd_flag_generation,sender,-67,true,not_applicable,unclear,gamma=8;p=2^-8;curve=P-256,1009893,269,measured,ok,unavailable,gc,go1.18.1,Release,JerryZ
2026-08-19T13:47:43.457877181Z,FMD,sender_signaling,fmd_sender_total_signaling,sender,-67,true,not_applicable,unclear,gamma=8;p=2^-8;curve=P-256,466325,269,measured,ok,unavailable,gc,go1.18.1,Release,JerryZ
2026-08-19T13:47:43.459893013Z,FMD,sender_signaling,fmd_flag_generation,sender,-66,true,not_applicable,unclear,gamma=8;p=2^-8;curve=P-256,387353,269,measured,ok,unavailable,gc,go1.18.1,Release,JerryZ
2026-08-19T13:47:43.462361399Z,FMD,sender_signaling,fmd_sender_total_signaling,sender,-66,true,not_applicable,unclear,gamma=8;p=2^-8;curve=P-256,803993,270,measured,ok,unavailable,gc,go1.18.1,Release,JerryZ
2026-08-19T13:47:43.464540082Z,FMD,sender_signaling,fmd_flag_generation,sender,-65,true,not_applicable,unclear,gamma=8;p=2^-8;curve=P-256,717454,270,measured,ok,unavailable,gc,go1.18.1,Release,JerryZ
2026-08-19T13:47:43.466875349Z,FMD,sender_signaling,fmd_sender_total_signaling,sender,-65,true,not_applicable,unclear,gamma=8;p=2^-8;curve=P-256,583776,269,measured,ok,unavailable,gc,go1.18.1,Release,JerryZ
2026-08-19T13:47:43.469777815Z,FMD,sender_signaling,fmd_flag_generation,sender,-64,true,not_applicable,unclear,gamma=8;p=2^-8;curve=P-256,910938,270,measured,ok,unavailable,gc,go1.18.1,Release,JerryZ
2026-08-19T13:47:43.47241082Z,FMD,sender_signaling,fmd_sender_total_signaling,sender,-64,true,not_applicable,unclear,gamma=8;p=2^-8;curve=P-256,421865,269,measured,ok,unavailable,gc,go1.18.1,Release,JerryZ
2026-08-19T13:47:43.474517283Z,FMD,sender_signaling,fmd_flag_generation,sender,-63,true,not_applicable,unclear,gamma=8;p=2^-8;curve=P-256,647594,267,measured,ok,unavailable,gc,go1.18.1,Release,JerryZ
2026-08-19T13:47:43.476761412Z,FMD,sender_signaling,fmd_sender_total_signaling,sender,-63,true,not_applicable,unclear,gamma=8;p=2^-8;curve=P-256,353244,268,measured,ok,unavailable,gc,go1.18.1,Release,JerryZ
2026-08-19T13:47:43.478571882Z,FMD,sender_signaling,fmd_flag_generation,sender,-62,true,not_applicable,unclear,gamma=8;p=2^-8;curve=P-256,346843,268,measured,ok,unavailable,gc,go1.18.1,Release,JerryZ
2026-08-19T13:47:43.480917315Z,FMD,sender_signaling,fmd_sender_total_signaling,sender,-62,true,not_applicable,unclear,gamma=8;p=2^-8;curve=P-256,782586,267,measured,ok,unavailable,gc,go1.18.1,Release,JerryZ
2026-08-19T13:47:43.482798601Z,FMD,sender_signaling,fmd_flag_generation,sender,-61,true,not_applicable,unclear,gamma=8;p=2^-8;curve=P-256,371942,269,measured,ok,unavailable,gc,go1.18.1,Release,JerryZ
2026-08-19T13:47:43.485440744Z,FMD,sender_signaling,fmd_sender_total_signaling,sender,-61,true,not_applicable,unclear,gamma=8;p=2^-8;curve=P-256,389980,268,measured,ok,unavailable,gc,go1.18.1,Release,JerryZ
2026-08-19T13:47:43.488138136Z,FMD,sender_signaling,fmd_flag_generation,sender,-60,true,not_applicable,unclear,gamma=8;p=2^-8;curve=P-256,388161,269,measured,ok,unavailable,gc,go1.18.1,Release,JerryZ
2026-08-19T13:47:43.490254627Z,FMD,sender_signaling,fmd_sender_total_signaling,sender,-60,true,not_applicable,unclear,gamma=8;p=2^-8;curve=P-256,357625,269,measured,ok,unavailable,gc,go1.18.1,Release,JerryZ
2026-08-19T13:47:43.492618456Z,FMD,sender_signaling,fmd_flag_generation,sender,-59,true,not_applicable,unclear,gamma=8;p=2^-8;curve=P-256,389364,270,measured,ok,unavailable,gc,go1.18.1,Release,JerryZ
2026-08-19T13:47:43.495051135Z,FMD,sender_signaling,fmd_sender_total_signaling,sender,-59,true,not_applicable,unclear,gamma=8;p=2^-8;curve=P-256,660414,270,measured,ok,unavailable,gc,go1.18.1,Release,JerryZ
2026-08-19T13:47:43.496892379Z,FMD,sender_signaling,fmd_flag_generation,sender,-58,true,not_applicable,unclear,gamma=8;p=2^-8;curve=P-256,349626,270,measured,ok,unavailable,gc,go1.18.1,Release,JerryZ
2026-08-19T13:47:43.498981889Z,FMD,sender_signaling,fmd_sender_total_signaling,sender,-58,true,not_applicable,unclear,gamma=8;p=2^-8;curve=P-256,450877,269,measured,ok,unavailable,gc,go1.18.1,Release,JerryZ
2026-08-19T13:47:43.501400352Z,FMD,sender_signaling,fmd_flag_generation,sender,-57,true,not_applicable,unclear,gamma=8;p=2^-8;curve=P-256,370142,270,measured,ok,unavailable,gc,go1.18.1,Release,JerryZ
2026-08-19T13:47:43.50385521Z,FMD,sender_signaling,fmd_sender_total_signaling,sender,-57,true,not_applicable,unclear,gamma=8;p=2^-8;curve=P-256,388657,269,measured,ok,unavailable,gc,go1.18.1,Release,JerryZ
2026-08-19T13:47:43.506573403Z,FMD,sender_signaling,fmd_flag_generation,sender,-56,true,not_applicable,unclear,gamma=8;p=2^-8;curve=P-256,353786,269,measured,ok,unavailable,gc,go1.18.1,Release,JerryZ
2026-08-19T13:47:43.508390724Z,FMD,sender_signaling,fmd_sender_total_signaling,sender,-56,true,not_applicable,unclear,gamma=8;p=2^-8;curve=P-256,361739,269,measured,ok,unavailable,gc,go1.18.1,Release,JerryZ
2026-08-19T13:47:43.510676399Z,FMD,sender_signaling,fmd_flag_generation,sender,-55,true,not_applicable,unclear,gamma=8;p=2^-8;curve=P-256,793726,269,measured,ok,unavailable,gc,go1.18.1,Release,JerryZ
2026-08-19T13:47:43.512543215Z,FMD,sender_signaling,fmd_sender_total_signaling,sender,-55,true,not_applicable,unclear,gamma=8;p=2^-8;curve=P-256,359380,272,measured,ok,unavailable,gc,go1.18.1,Release,JerryZ
2026-08-19T13:47:43.514407066Z,FMD,sender_signaling,fmd_flag_generation,sender,-54,true,not_applicable,unclear,gamma=8;p=2^-8;curve=P-256,368471,267,measured,ok,unavailable,gc,go1.18.1,Release,JerryZ
2026-08-19T13:47:43.51695918Z,FMD,sender_signaling,fmd_sender_total_signaling,sender,-54,true,not_applicable,unclear,gamma=8;p=2^-8;curve=P-256,403084,270,measured,ok,unavailable,gc,go1.18.1,Release,JerryZ
2026-08-19T13:47:43.51954342Z,FMD,sender_signaling,fmd_flag_generation,sender,-53,true,not_applicable,unclear,gamma=8;p=2^-8;curve=P-256,474517,269,measured,ok,unavailable,gc,go1.18.1,Release,JerryZ
2026-08-19T13:47:43.52151817Z,FMD,sender_signaling,fmd_sender_total_signaling,sender,-53,true,not_applicable,unclear,gamma=8;p=2^-8;curve=P-256,374542,269,measured,ok,unavailable,gc,go1.18.1,Release,JerryZ
2026-08-19T13:47:43.523487418Z,FMD,sender_signaling,fmd_flag_generation,sender,-52,true,not_applicable,unclear,gamma=8;p=2^-8;curve=P-256,399585,269,measured,ok,unavailable,gc,go1.18.1,Release,JerryZ
2026-08-19T13:47:43.525720116Z,FMD,sender_signaling,fmd_sender_total_signaling,sender,-52,true,not_applicable,unclear,gamma=8;p=2^-8;curve=P-256,363695,269,measured,ok,unavailable,gc,go1.18.1,Release,JerryZ
2026-08-19T13:47:43.527756713Z,FMD,sender_signaling,fmd_flag_generation,sender,-51,true,not_applicable,unclear,gamma=8;p=2^-8;curve=P-256,383414,270,measured,ok,unavailable,gc,go1.18.1,Release,JerryZ
2026-08-19T13:47:43.530300635Z,FMD,sender_signaling,fmd_sender_total_signaling,sender,-51,true,not_applicable,unclear,gamma=8;p=2^-8;curve=P-256,850362,269,measured,ok,unavailable,gc,go1.18.1,Release,JerryZ
2026-08-19T13:47:43.533271612Z,FMD,sender_signaling,fmd_flag_generation,sender,-50,true,not_applicable,unclear,gamma=8;p=2^-8;curve=P-256,412443,269,measured,ok,unavailable,gc,go1.18.1,Release,JerryZ
2026-08-19T13:47:43.535498814Z,FMD,sender_signaling,fmd_sender_total_signaling,sender,-50,true,not_applicable,unclear,gamma=8;p=2^-8;curve=P-256,350728,269,measured,ok,unavailable,gc,go1.18.1,Release,JerryZ
2026-08-19T13:47:43.538033901Z,FMD,sender_signaling,fmd_flag_generation,sender,-49,true,not_applicable,unclear,gamma=8;p=2^-8;curve=P-256,907760,268,measured,ok,unavailable,gc,go1.18.1,Release,JerryZ
2026-08-19T13:47:43.54002013Z,FMD,sender_signaling,fmd_sender_total_signaling,sender,-49,true,not_applicable,unclear,gamma=8;p=2^-8;curve=P-256,359508,269,measured,ok,unavailable,gc,go1.18.1,Release,JerryZ
2026-08-19T13:47:43.542465124Z,FMD,sender_signaling,fmd_flag_generation,sender,-48,true,not_applicable,unclear,gamma=8;p=2^-8;curve=P-256,831526,269,measured,ok,unavailable,gc,go1.18.1,Release,JerryZ
2026-08-19T13:47:43.544246922Z,FMD,sender_signaling,fmd_sender_total_signaling,sender,-48,true,not_applicable,unclear,gamma=8;p=2^-8;curve=P-256,348808,268,measured,ok,unavailable,gc,go1.18.1,Release,JerryZ
2026-08-19T13:47:43.547625649Z,FMD,sender_signaling,fmd_flag_generation,sender,-47,true,not_applicable,unclear,gamma=8;p=2^-8;curve=P-256,590554,269,measured,ok,unavailable,gc,go1.18.1,Release,JerryZ
2026-08-19T13:47:43.55056097Z,FMD,sender_signaling,fmd_sender_total_signaling,sender,-47,true,not_applicable,unclear,gamma=8;p=2^-8;curve=P-256,678203,269,measured,ok,unavailable,gc,go1.18.1,Release,JerryZ
2026-08-19T13:47:43.552756667Z,FMD,sender_signaling,fmd_flag_generation,sender,-46,true,not_applicable,unclear,gamma=8;p=2^-8;curve=P-256,351160,269,measured,ok,unavailable,gc,go1.18.1,Release,JerryZ
2026-08-19T13:47:43.554749388Z,FMD,sender_signaling,fmd_sender_total_signaling,sender,-46,true,not_applicable,unclear,gamma=8;p=2^-8;curve=P-256,367195,270,measured,ok,unavailable,gc,go1.18.1,Release,JerryZ
2026-08-19T13:47:43.556784043Z,FMD,sender_signaling,fmd_flag_generation,sender,-45,true,not_applicable,unclear,gamma=8;p=2^-8;curve=P-256,359049,271,measured,ok,unavailable,gc,go1.18.1,Release,JerryZ
2026-08-19T13:47:43.559087121Z,FMD,sender_signaling,fmd_sender_total_signaling,sender,-45,true,not_applicable,unclear,gamma=8;p=2^-8;curve=P-256,356936,271,measured,ok,unavailable,gc,go1.18.1,Release,JerryZ
2026-08-19T13:47:43.561412479Z,FMD,sender_signaling,fmd_flag_generation,sender,-44,true,not_applicable,unclear,gamma=8;p=2^-8;curve=P-256,772180,271,measured,ok,unavailable,gc,go1.18.1,Release,JerryZ
2026-08-19T13:47:43.564031818Z,FMD,sender_signaling,fmd_sender_total_signaling,sender,-44,true,not_applicable,unclear,gamma=8;p=2^-8;curve=P-256,431141,269,measured,ok,unavailable,gc,go1.18.1,Release,JerryZ
2026-08-19T13:47:43.566021923Z,FMD,sender_signaling,fmd_flag_generation,sender,-43,true,not_applicable,unclear,gamma=8;p=2^-8;curve=P-256,388437,270,measured,ok,unavailable,gc,go1.18.1,Release,JerryZ
2026-08-19T13:47:43.568873622Z,FMD,sender_signaling,fmd_sender_total_signaling,sender,-43,true,not_applicable,unclear,gamma=8;p=2^-8;curve=P-256,796536,269,measured,ok,unavailable,gc,go1.18.1,Release,JerryZ
2026-08-19T13:47:43.570929014Z,FMD,sender_signaling,fmd_flag_generation,sender,-42,true,not_applicable,unclear,gamma=8;p=2^-8;curve=P-256,354797,270,measured,ok,unavailable,gc,go1.18.1,Release,JerryZ
2026-08-19T13:47:43.572753663Z,FMD,sender_signaling,fmd_sender_total_signaling,sender,-42,true,not_applicable,unclear,gamma=8;p=2^-8;curve=P-256,345456,269,measured,ok,unavailable,gc,go1.18.1,Release,JerryZ
2026-08-19T13:47:43.575402657Z,FMD,sender_signaling,fmd_flag_generation,sender,-41,true,not_applicable,unclear,gamma=8;p=2^-8;curve=P-256,826916,268,measured,ok,unavailable,gc,go1.18.1,Release,JerryZ
2026-08-19T13:47:43.578967686Z,FMD,sender_signaling,fmd_sender_total_signaling,sender,-41,true,not_applicable,unclear,gamma=8;p=2^-8;curve=P-256,933364,269,measured,ok,unavailable,gc,go1.18.1,Release,JerryZ
2026-08-19T13:47:43.581327965Z,FMD,sender_signaling,fmd_flag_generation,sender,-40,true,not_applicable,unclear,gamma=8;p=2^-8;curve=P-256,410046,269,measured,ok,unavailable,gc,go1.18.1,Release,JerryZ
2026-08-19T13:47:43.583582529Z,FMD,sender_signaling,fmd_sender_total_signaling,sender,-40,true,not_applicable,unclear,gamma=8;p=2^-8;curve=P-256,355724,269,measured,ok,unavailable,gc,go1.18.1,Release,JerryZ
2026-08-19T13:47:43.586113741Z,FMD,sender_signaling,fmd_flag_generation,sender,-39,true,not_applicable,unclear,gamma=8;p=2^-8;curve=P-256,361785,270,measured,ok,unavailable,gc,go1.18.1,Release,JerryZ
2026-08-19T13:47:43.587910996Z,FMD,sender_signaling,fmd_sender_total_signaling,sender,-39,true,not_applicable,unclear,gamma=8;p=2^-8;curve=P-256,373752,270,measured,ok,unavailable,gc,go1.18.1,Release,JerryZ
2026-08-19T13:47:43.590023446Z,FMD,sender_signaling,fmd_flag_generation,sender,-38,true,not_applicable,unclear,gamma=8;p=2^-8;curve=P-256,352335,269,measured,ok,unavailable,gc,go1.18.1,Release,JerryZ
2026-08-19T13:47:43.592206079Z,FMD,sender_signaling,fmd_sender_total_signaling,sender,-38,true,not_applicable,unclear,gamma=8;p=2^-8;curve=P-256,410055,266,measured,ok,unavailable,gc,go1.18.1,Release,JerryZ
2026-08-19T13:47:43.59467159Z,FMD,sender_signaling,fmd_flag_generation,sender,-37,true,not_applicable,unclear,gamma=8;p=2^-8;curve=P-256,426338,269,measured,ok,unavailable,gc,go1.18.1,Release,JerryZ
2026-08-19T13:47:43.59688013Z,FMD,sender_signaling,fmd_sender_total_signaling,sender,-37,true,not_applicable,unclear,gamma=8;p=2^-8;curve=P-256,352189,269,measured,ok,unavailable,gc,go1.18.1,Release,JerryZ
2026-08-19T13:47:43.599523568Z,FMD,sender_signaling,fmd_flag_generation,sender,-36,true,not_applicable,unclear,gamma=8;p=2^-8;curve=P-256,386186,269,measured,ok,unavailable,gc,go1.18.1,Release,JerryZ
2026-08-19T13:47:43.601456127Z,FMD,sender_signaling,fmd_sender_total_signaling,sender,-36,true,not_applicable,unclear,gamma=8;p=2^-8;curve=P-256,360573,268,measured,ok,unavailable,gc,go1.18.1,Release,JerryZ
2026-08-19T13:47:43.60319534Z,FMD,sender_signaling,fmd_flag_generation,sender,-35,true,not_applicable,unclear,gamma=8;p=2^-8;curve=P-256,355567,268,measured,ok,unavailable,gc,go1.18.1,Release,JerryZ
2026-08-19T13:47:43.60489824Z,FMD,sender_signaling,fmd_sender_total_signaling,sender,-35,true,not_applicable,unclear,gamma=8;p=2^-8;curve=P-256,345834,270,measured,ok,unavailable,gc,go1.18.1,Release,JerryZ
2026-08-19T13:47:43.607152727Z,FMD,sender_signaling,fmd_flag_generation,sender,-34,true,not_applicable,unclear,gamma=8;p=2^-8;curve=P-256,380649,268,measured,ok,unavailable,gc,go1.18.1,Release,JerryZ
2026-08-19T13:47:43.609525069Z,FMD,sender_signaling,fmd_sender_total_signaling,sender,-34,true,not_applicable,unclear,gamma=8;p=2^-8;curve=P-256,363686,268,measured,ok,unavailable,gc,go1.18.1,Release,JerryZ
2026-08-19T13:47:43.61163705Z,FMD,sender_signaling,fmd_flag_generation,sender,-33,true,not_applicable,unclear,gamma=8;p=2^-8;curve=P-256,358010,270,measured,ok,unavailable,gc,go1.18.1,Release,JerryZ
2026-08-19T13:47:43.613527318Z,FMD,sender_signaling,fmd_sender_total_signaling,sender,-33,true,not_applicable,unclear,gamma=8;p=2^-8;curve=P-256,378435,268,measured,ok,unavailable,gc,go1.18.1,Release,JerryZ
2026-08-19T13:47:43.615569926Z,FMD,sender_signaling,fmd_flag_generation,sender,-32,true,not_applicable,unclear,gamma=8;p=2^-8;curve=P-256,369031,269,measured,ok,unavailable,gc,go1.18.1,Release,JerryZ
2026-08-19T13:47:43.617642363Z,FMD,sender_signaling,fmd_sender_total_signaling,sender,-32,true,not_applicable,unclear,gamma=8;p=2^-8;curve=P-256,392872,268,measured,ok,unavailable,gc,go1.18.1,Release,JerryZ
2026-08-19T13:47:43.619761462Z,FMD,sender_signaling,fmd_flag_generation,sender,-31,true,not_applicable,unclear,gamma=8;p=2^-8;curve=P-256,652856,270,measured,ok,unavailable,gc,go1.18.1,Release,JerryZ
2026-08-19T13:47:43.621911244Z,FMD,sender_signaling,fmd_sender_total_signaling,sender,-31,true,not_applicable,unclear,gamma=8;p=2^-8;curve=P-256,377113,268,measured,ok,unavailable,gc,go1.18.1,Release,JerryZ
2026-08-19T13:47:43.624989424Z,FMD,sender_signaling,fmd_flag_generation,sender,-30,true,not_applicable,unclear,gamma=8;p=2^-8;curve=P-256,408412,270,measured,ok,unavailable,gc,go1.18.1,Release,JerryZ
2026-08-19T13:47:43.627001867Z,FMD,sender_signaling,fmd_sender_total_signaling,sender,-30,true,not_applicable,unclear,gamma=8;p=2^-8;curve=P-256,362428,269,measured,ok,unavailable,gc,go1.18.1,Release,JerryZ
2026-08-19T13:47:43.628815381Z,FMD,sender_signaling,fmd_flag_generation,sender,-29,true,not_applicable,unclear,gamma=8;p=2^-8;curve=P-256,351848,268,measured,ok,unavailable,gc,go1.18.1,Release,JerryZ
2026-08-19T13:47:43.630858687Z,FMD,sender_signaling,fmd_sender_total_signaling,sender,-29,true,not_applicable,unclear,gamma=8;p=2^-8;curve=P-256,424648,269,measured,ok,unavailable,gc,go1.18.1,Release,JerryZ
2026-08-19T13:47:43.63258789Z,FMD,sender_signaling,fmd_flag_generation,sender,-28,true,not_applicable,unclear,gamma=8;p=2^-8;curve=P-256,349286,270,measured,ok,unavailable,gc,go1.18.1,Release,JerryZ
2026-08-19T13:47:43.634925839Z,FMD,sender_signaling,fmd_sender_total_signaling,sender,-28,true,not_applicable,unclear,gamma=8;p=2^-8;curve=P-256,781446,268,measured,ok,unavailable,gc,go1.18.1,Release,JerryZ
2026-08-19T13:47:43.638307871Z,FMD,sender_signaling,fmd_flag_generation,sender,-27,true,not_applicable,unclear,gamma=8;p=2^-8;curve=P-256,929866,266,measured,ok,unavailable,gc,go1.18.1,Release,JerryZ
2026-08-19T13:47:43.64167235Z,FMD,sender_signaling,fmd_sender_total_signaling,sender,-27,true,not_applicable,unclear,gamma=8;p=2^-8;curve=P-256,964103,269,measured,ok,unavailable,gc,go1.18.1,Release,JerryZ
2026-08-19T13:47:43.649075445Z,FMD,sender_signaling,fmd_flag_generation,sender,-26,true,not_applicable,unclear,gamma=8;p=2^-8;curve=P-256,800962,269,measured,ok,unavailable,gc,go1.18.1,Release,JerryZ
2026-08-19T13:47:43.651252421Z,FMD,sender_signaling,fmd_sender_total_signaling,sender,-26,true,not_applicable,unclear,gamma=8;p=2^-8;curve=P-256,353758,269,measured,ok,unavailable,gc,go1.18.1,Release,JerryZ
2026-08-19T13:47:43.653269323Z,FMD,sender_signaling,fmd_flag_generation,sender,-25,true,not_applicable,unclear,gamma=8;p=2^-8;curve=P-256,386159,268,measured,ok,unavailable,gc,go1.18.1,Release,JerryZ
2026-08-19T13:47:43.65609403Z,FMD,sender_signaling,fmd_sender_total_signaling,sender,-25,true,not_applicable,unclear,gamma=8;p=2^-8;curve=P-256,663298,268,measured,ok,unavailable,gc,go1.18.1,Release,JerryZ
2026-08-19T13:47:43.658038409Z,FMD,sender_signaling,fmd_flag_generation,sender,-24,true,not_applicable,unclear,gamma=8;p=2^-8;curve=P-256,380906,270,measured,ok,unavailable,gc,go1.18.1,Release,JerryZ
2026-08-19T13:47:43.659950424Z,FMD,sender_signaling,fmd_sender_total_signaling,sender,-24,true,not_applicable,unclear,gamma=8;p=2^-8;curve=P-256,351996,269,measured,ok,unavailable,gc,go1.18.1,Release,JerryZ
2026-08-19T13:47:43.661863496Z,FMD,sender_signaling,fmd_flag_generation,sender,-23,true,not_applicable,unclear,gamma=8;p=2^-8;curve=P-256,396188,271,measured,ok,unavailable,gc,go1.18.1,Release,JerryZ
2026-08-19T13:47:43.664093641Z,FMD,sender_signaling,fmd_sender_total_signaling,sender,-23,true,not_applicable,unclear,gamma=8;p=2^-8;curve=P-256,369867,269,measured,ok,unavailable,gc,go1.18.1,Release,JerryZ
2026-08-19T13:47:43.666724281Z,FMD,sender_signaling,fmd_flag_generation,sender,-22,true,not_applicable,unclear,gamma=8;p=2^-8;curve=P-256,698462,268,measured,ok,unavailable,gc,go1.18.1,Release,JerryZ
2026-08-19T13:47:43.668727903Z,FMD,sender_signaling,fmd_sender_total_signaling,sender,-22,true,not_applicable,unclear,gamma=8;p=2^-8;curve=P-256,375129,268,measured,ok,unavailable,gc,go1.18.1,Release,JerryZ
2026-08-19T13:47:43.670704434Z,FMD,sender_signaling,fmd_flag_generation,sender,-21,true,not_applicable,unclear,gamma=8;p=2^-8;curve=P-256,353759,268,measured,ok,unavailable,gc,go1.18.1,Release,JerryZ
2026-08-19T13:47:43.672666813Z,FMD,sender_signaling,fmd_sender_total_signaling,sender,-21,true,not_applicable,unclear,gamma=8;p=2^-8;curve=P-256,351077,271,measured,ok,unavailable,gc,go1.18.1,Release,JerryZ
2026-08-19T13:47:43.674768784Z,FMD,sender_signaling,fmd_flag_generation,sender,-20,true,not_applicable,unclear,gamma=8;p=2^-8;curve=P-256,576888,270,measured,ok,unavailable,gc,go1.18.1,Release,JerryZ
2026-08-19T13:47:43.67678763Z,FMD,sender_signaling,fmd_sender_total_signaling,sender,-20,true,not_applicable,unclear,gamma=8;p=2^-8;curve=P-256,369444,267,measured,ok,unavailable,gc,go1.18.1,Release,JerryZ
2026-08-19T13:47:43.678861742Z,FMD,sender_signaling,fmd_flag_generation,sender,-19,true,not_applicable,unclear,gamma=8;p=2^-8;curve=P-256,350563,269,measured,ok,unavailable,gc,go1.18.1,Release,JerryZ
2026-08-19T13:47:43.680670935Z,FMD,sender_signaling,fmd_sender_total_signaling,sender,-19,true,not_applicable,unclear,gamma=8;p=2^-8;curve=P-256,345346,269,measured,ok,unavailable,gc,go1.18.1,Release,JerryZ
2026-08-19T13:47:43.68348903Z,FMD,sender_signaling,fmd_flag_generation,sender,-18,true,not_applicable,unclear,gamma=8;p=2^-8;curve=P-256,794405,268,measured,ok,unavailable,gc,go1.18.1,Release,JerryZ
2026-08-19T13:47:43.686731194Z,FMD,sender_signaling,fmd_sender_total_signaling,sender,-18,true,not_applicable,unclear,gamma=8;p=2^-8;curve=P-256,476794,269,measured,ok,unavailable,gc,go1.18.1,Release,JerryZ
2026-08-19T13:47:43.688625071Z,FMD,sender_signaling,fmd_flag_generation,sender,-17,true,not_applicable,unclear,gamma=8;p=2^-8;curve=P-256,355219,269,measured,ok,unavailable,gc,go1.18.1,Release,JerryZ
2026-08-19T13:47:43.690436505Z,FMD,sender_signaling,fmd_sender_total_signaling,sender,-17,true,not_applicable,unclear,gamma=8;p=2^-8;curve=P-256,353722,269,measured,ok,unavailable,gc,go1.18.1,Release,JerryZ
2026-08-19T13:47:43.693208276Z,FMD,sender_signaling,fmd_flag_generation,sender,-16,true,not_applicable,unclear,gamma=8;p=2^-8;curve=P-256,807198,269,measured,ok,unavailable,gc,go1.18.1,Release,JerryZ
2026-08-19T13:47:43.695317113Z,FMD,sender_signaling,fmd_sender_total_signaling,sender,-16,true,not_applicable,unclear,gamma=8;p=2^-8;curve=P-256,441933,269,measured,ok,unavailable,gc,go1.18.1,Release,JerryZ
2026-08-19T13:47:43.697556111Z,FMD,sender_signaling,fmd_flag_generation,sender,-15,true,not_applicable,unclear,gamma=8;p=2^-8;curve=P-256,425879,269,measured,ok,unavailable,gc,go1.18.1,Release,JerryZ
2026-08-19T13:47:43.699733927Z,FMD,sender_signaling,fmd_sender_total_signaling,sender,-15,true,not_applicable,unclear,gamma=8;p=2^-8;curve=P-256,384579,269,measured,ok,unavailable,gc,go1.18.1,Release,JerryZ
2026-08-19T13:47:43.702267367Z,FMD,sender_signaling,fmd_flag_generation,sender,-14,true,not_applicable,unclear,gamma=8;p=2^-8;curve=P-256,647419,269,measured,ok,unavailable,gc,go1.18.1,Release,JerryZ
2026-08-19T13:47:43.705199047Z,FMD,sender_signaling,fmd_sender_total_signaling,sender,-14,true,not_applicable,unclear,gamma=8;p=2^-8;curve=P-256,788537,270,measured,ok,unavailable,gc,go1.18.1,Release,JerryZ
2026-08-19T13:47:43.707238698Z,FMD,sender_signaling,fmd_flag_generation,sender,-13,true,not_applicable,unclear,gamma=8;p=2^-8;curve=P-256,358901,269,measured,ok,unavailable,gc,go1.18.1,Release,JerryZ
2026-08-19T13:47:43.709011119Z,FMD,sender_signaling,fmd_sender_total_signaling,sender,-13,true,not_applicable,unclear,gamma=8;p=2^-8;curve=P-256,357019,270,measured,ok,unavailable,gc,go1.18.1,Release,JerryZ
2026-08-19T13:47:43.710808617Z,FMD,sender_signaling,fmd_flag_generation,sender,-12,true,not_applicable,unclear,gamma=8;p=2^-8;curve=P-256,349094,269,measured,ok,unavailable,gc,go1.18.1,Release,JerryZ
2026-08-19T13:47:43.713221381Z,FMD,sender_signaling,fmd_sender_total_signaling,sender,-12,true,not_applicable,unclear,gamma=8;p=2^-8;curve=P-256,729688,269,measured,ok,unavailable,gc,go1.18.1,Release,JerryZ
2026-08-19T13:47:43.716030623Z,FMD,sender_signaling,fmd_flag_generation,sender,-11,true,not_applicable,unclear,gamma=8;p=2^-8;curve=P-256,550191,269,measured,ok,unavailable,gc,go1.18.1,Release,JerryZ
2026-08-19T13:47:43.718119159Z,FMD,sender_signaling,fmd_sender_total_signaling,sender,-11,true,not_applicable,unclear,gamma=8;p=2^-8;curve=P-256,355081,268,measured,ok,unavailable,gc,go1.18.1,Release,JerryZ
2026-08-19T13:47:43.720109933Z,FMD,sender_signaling,fmd_flag_generation,sender,-10,true,not_applicable,unclear,gamma=8;p=2^-8;curve=P-256,589166,270,measured,ok,unavailable,gc,go1.18.1,Release,JerryZ
2026-08-19T13:47:43.722586217Z,FMD,sender_signaling,fmd_sender_total_signaling,sender,-10,true,not_applicable,unclear,gamma=8;p=2^-8;curve=P-256,355100,270,measured,ok,unavailable,gc,go1.18.1,Release,JerryZ
2026-08-19T13:47:43.725008225Z,FMD,sender_signaling,fmd_flag_generation,sender,-9,true,not_applicable,unclear,gamma=8;p=2^-8;curve=P-256,689848,269,measured,ok,unavailable,gc,go1.18.1,Release,JerryZ
2026-08-19T13:47:43.728066667Z,FMD,sender_signaling,fmd_sender_total_signaling,sender,-9,true,not_applicable,unclear,gamma=8;p=2^-8;curve=P-256,518773,269,measured,ok,unavailable,gc,go1.18.1,Release,JerryZ
2026-08-19T13:47:43.730782248Z,FMD,sender_signaling,fmd_flag_generation,sender,-8,true,not_applicable,unclear,gamma=8;p=2^-8;curve=P-256,663500,269,measured,ok,unavailable,gc,go1.18.1,Release,JerryZ
2026-08-19T13:47:43.732797759Z,FMD,sender_signaling,fmd_sender_total_signaling,sender,-8,true,not_applicable,unclear,gamma=8;p=2^-8;curve=P-256,372338,269,measured,ok,unavailable,gc,go1.18.1,Release,JerryZ
2026-08-19T13:47:43.734592525Z,FMD,sender_signaling,fmd_flag_generation,sender,-7,true,not_applicable,unclear,gamma=8;p=2^-8;curve=P-256,348304,271,measured,ok,unavailable,gc,go1.18.1,Release,JerryZ
2026-08-19T13:47:43.737100856Z,FMD,sender_signaling,fmd_sender_total_signaling,sender,-7,true,not_applicable,unclear,gamma=8;p=2^-8;curve=P-256,795847,268,measured,ok,unavailable,gc,go1.18.1,Release,JerryZ
2026-08-19T13:47:43.739077372Z,FMD,sender_signaling,fmd_flag_generation,sender,-6,true,not_applicable,unclear,gamma=8;p=2^-8;curve=P-256,524586,269,measured,ok,unavailable,gc,go1.18.1,Release,JerryZ
2026-08-19T13:47:43.740987468Z,FMD,sender_signaling,fmd_sender_total_signaling,sender,-6,true,not_applicable,unclear,gamma=8;p=2^-8;curve=P-256,379630,271,measured,ok,unavailable,gc,go1.18.1,Release,JerryZ
2026-08-19T13:47:43.743307067Z,FMD,sender_signaling,fmd_flag_generation,sender,-5,true,not_applicable,unclear,gamma=8;p=2^-8;curve=P-256,365284,269,measured,ok,unavailable,gc,go1.18.1,Release,JerryZ
2026-08-19T13:47:43.746123821Z,FMD,sender_signaling,fmd_sender_total_signaling,sender,-5,true,not_applicable,unclear,gamma=8;p=2^-8;curve=P-256,442125,269,measured,ok,unavailable,gc,go1.18.1,Release,JerryZ
2026-08-19T13:47:43.748513503Z,FMD,sender_signaling,fmd_flag_generation,sender,-4,true,not_applicable,unclear,gamma=8;p=2^-8;curve=P-256,372779,269,measured,ok,unavailable,gc,go1.18.1,Release,JerryZ
2026-08-19T13:47:43.750380013Z,FMD,sender_signaling,fmd_sender_total_signaling,sender,-4,true,not_applicable,unclear,gamma=8;p=2^-8;curve=P-256,350554,268,measured,ok,unavailable,gc,go1.18.1,Release,JerryZ
2026-08-19T13:47:43.752166504Z,FMD,sender_signaling,fmd_flag_generation,sender,-3,true,not_applicable,unclear,gamma=8;p=2^-8;curve=P-256,349819,270,measured,ok,unavailable,gc,go1.18.1,Release,JerryZ
2026-08-19T13:47:43.754349155Z,FMD,sender_signaling,fmd_sender_total_signaling,sender,-3,true,not_applicable,unclear,gamma=8;p=2^-8;curve=P-256,380557,272,measured,ok,unavailable,gc,go1.18.1,Release,JerryZ
2026-08-19T13:47:43.756849087Z,FMD,sender_signaling,fmd_flag_generation,sender,-2,true,not_applicable,unclear,gamma=8;p=2^-8;curve=P-256,975165,269,measured,ok,unavailable,gc,go1.18.1,Release,JerryZ
2026-08-19T13:47:43.758801262Z,FMD,sender_signaling,fmd_sender_total_signaling,sender,-2,true,not_applicable,unclear,gamma=8;p=2^-8;curve=P-256,368590,269,measured,ok,unavailable,gc,go1.18.1,Release,JerryZ
2026-08-19T13:47:43.760759159Z,FMD,sender_signaling,fmd_flag_generation,sender,-1,true,not_applicable,unclear,gamma=8;p=2^-8;curve=P-256,395003,269,measured,ok,unavailable,gc,go1.18.1,Release,JerryZ
2026-08-19T13:47:43.763143275Z,FMD,sender_signaling,fmd_sender_total_signaling,sender,-1,true,not_applicable,unclear,gamma=8;p=2^-8;curve=P-256,628353,269,measured,ok,unavailable,gc,go1.18.1,Release,JerryZ
2026-08-19T13:47:43.765066319Z,FMD,sender_signaling,fmd_flag_generation,sender,0,false,not_applicable,unclear,gamma=8;p=2^-8;curve=P-256,361546,269,measured,ok,unavailable,gc,go1.18.1,Release,JerryZ
2026-08-19T13:47:43.766486598Z,FMD,sender_signaling,fmd_sender_preparation,sender,0,false,not_applicable,unclear,gamma=8;p=2^-8;curve=P-256,-1,,not_applicable,not_applicable,unavailable,gc,go1.18.1,Release,JerryZ
2026-08-19T13:47:43.767899089Z,FMD,sender_signaling,message_encryption,sender,0,false,not_applicable,unclear,gamma=8;p=2^-8;curve=P-256,-1,,not_applicable,not_applicable,unavailable,gc,go1.18.1,Release,JerryZ
2026-08-19T13:47:43.769768518Z,FMD,sender_signaling,fmd_sender_total_signaling,sender,0,false,not_applicable,unclear,gamma=8;p=2^-8;curve=P-256,431178,268,measured,ok,unavailable,gc,go1.18.1,Release,JerryZ
2026-08-19T13:47:43.771609676Z,FMD,sender_signaling,fmd_flag_generation,sender,1,false,not_applicable,unclear,gamma=8;p=2^-8;curve=P-256,352758,269,measured,ok,unavailable,gc,go1.18.1,Release,JerryZ
2026-08-19T13:47:43.772627986Z,FMD,sender_signaling,fmd_sender_preparation,sender,1,false,not_applicable,unclear,gamma=8;p=2^-8;curve=P-256,-1,,not_applicable,not_applicable,unavailable,gc,go1.18.1,Release,JerryZ
2026-08-19T13:47:43.773778363Z,FMD,sender_signaling,message_encryption,sender,1,false,not_applicable,unclear,gamma=8;p=2^-8;curve=P-256,-1,,not_applicable,not_applicable,unavailable,gc,go1.18.1,Release,JerryZ
2026-08-19T13:47:43.77693116Z,FMD,sender_signaling,fmd_sender_total_signaling,sender,1,false,not_applicable,unclear,gamma=8;p=2^-8;curve=P-256,1064885,270,measured,ok,unavailable,gc,go1.18.1,Release,JerryZ
2026-08-19T13:47:43.779564734Z,FMD,sender_signaling,fmd_flag_generation,sender,2,false,not_applicable,unclear,gamma=8;p=2^-8;curve=P-256,378950,268,measured,ok,unavailable,gc,go1.18.1,Release,JerryZ
2026-08-19T13:47:43.780691729Z,FMD,sender_signaling,fmd_sender_preparation,sender,2,false,not_applicable,unclear,gamma=8;p=2^-8;curve=P-256,-1,,not_applicable,not_applicable,unavailable,gc,go1.18.1,Release,JerryZ
2026-08-19T13:47:43.781810349Z,FMD,sender_signaling,message_encryption,sender,2,false,not_applicable,unclear,gamma=8;p=2^-8;curve=P-256,-1,,not_applicable,not_applicable,unavailable,gc,go1.18.1,Release,JerryZ
2026-08-19T13:47:43.784231273Z,FMD,sender_signaling,fmd_sender_total_signaling,sender,2,false,not_applicable,unclear,gamma=8;p=2^-8;curve=P-256,537480,269,measured,ok,unavailable,gc,go1.18.1,Release,JerryZ
2026-08-19T13:47:43.78646135Z,FMD,sender_signaling,fmd_flag_generation,sender,3,false,not_applicable,unclear,gamma=8;p=2^-8;curve=P-256,380916,270,measured,ok,unavailable,gc,go1.18.1,Release,JerryZ
2026-08-19T13:47:43.787714318Z,FMD,sender_signaling,fmd_sender_preparation,sender,3,false,not_applicable,unclear,gamma=8;p=2^-8;curve=P-256,-1,,not_applicable,not_applicable,unavailable,gc,go1.18.1,Release,JerryZ
2026-08-19T13:47:43.788865417Z,FMD,sender_signaling,message_encryption,sender,3,false,not_applicable,unclear,gamma=8;p=2^-8;curve=P-256,-1,,not_applicable,not_applicable,unavailable,gc,go1.18.1,Release,JerryZ
2026-08-19T13:47:43.791131021Z,FMD,sender_signaling,fmd_sender_total_signaling,sender,3,false,not_applicable,unclear,gamma=8;p=2^-8;curve=P-256,418808,270,measured,ok,unavailable,gc,go1.18.1,Release,JerryZ
2026-08-19T13:47:43.793357902Z,FMD,sender_signaling,fmd_flag_generation,sender,4,false,not_applicable,unclear,gamma=8;p=2^-8;curve=P-256,378527,269,measured,ok,unavailable,gc,go1.18.1,Release,JerryZ
2026-08-19T13:47:43.794653567Z,FMD,sender_signaling,fmd_sender_preparation,sender,4,false,not_applicable,unclear,gamma=8;p=2^-8;curve=P-256,-1,,not_applicable,not_applicable,unavailable,gc,go1.18.1,Release,JerryZ
2026-08-19T13:47:43.795721455Z,FMD,sender_signaling,message_encryption,sender,4,false,not_applicable,unclear,gamma=8;p=2^-8;curve=P-256,-1,,not_applicable,not_applicable,unavailable,gc,go1.18.1,Release,JerryZ
2026-08-19T13:47:43.797803829Z,FMD,sender_signaling,fmd_sender_total_signaling,sender,4,false,not_applicable,unclear,gamma=8;p=2^-8;curve=P-256,450666,268,measured,ok,unavailable,gc,go1.18.1,Release,JerryZ
2026-08-19T13:47:43.7997457Z,FMD,sender_signaling,fmd_flag_generation,sender,5,false,not_applicable,unclear,gamma=8;p=2^-8;curve=P-256,451171,269,measured,ok,unavailable,gc,go1.18.1,Release,JerryZ
2026-08-19T13:47:43.801191381Z,FMD,sender_signaling,fmd_sender_preparation,sender,5,false,not_applicable,unclear,gamma=8;p=2^-8;curve=P-256,-1,,not_applicable,not_applicable,unavailable,gc,go1.18.1,Release,JerryZ
2026-08-19T13:47:43.802290743Z,FMD,sender_signaling,message_encryption,sender,5,false,not_applicable,unclear,gamma=8;p=2^-8;curve=P-256,-1,,not_applicable,not_applicable,unavailable,gc,go1.18.1,Release,JerryZ
2026-08-19T13:47:43.80416818Z,FMD,sender_signaling,fmd_sender_total_signaling,sender,5,false,not_applicable,unclear,gamma=8;p=2^-8;curve=P-256,371502,271,measured,ok,unavailable,gc,go1.18.1,Release,JerryZ
2026-08-19T13:47:43.806812637Z,FMD,sender_signaling,fmd_flag_generation,sender,6,false,not_applicable,unclear,gamma=8;p=2^-8;curve=P-256,476656,269,measured,ok,unavailable,gc,go1.18.1,Release,JerryZ
2026-08-19T13:47:43.808870303Z,FMD,sender_signaling,fmd_sender_preparation,sender,6,false,not_applicable,unclear,gamma=8;p=2^-8;curve=P-256,-1,,not_applicable,not_applicable,unavailable,gc,go1.18.1,Release,JerryZ
2026-08-19T13:47:43.810390914Z,FMD,sender_signaling,message_encryption,sender,6,false,not_applicable,unclear,gamma=8;p=2^-8;curve=P-256,-1,,not_applicable,not_applicable,unavailable,gc,go1.18.1,Release,JerryZ
2026-08-19T13:47:43.812547869Z,FMD,sender_signaling,fmd_sender_total_signaling,sender,6,false,not_applicable,unclear,gamma=8;p=2^-8;curve=P-256,373880,272,measured,ok,unavailable,gc,go1.18.1,Release,JerryZ
2026-08-19T13:47:43.814470082Z,FMD,sender_signaling,fmd_flag_generation,sender,7,false,not_applicable,unclear,gamma=8;p=2^-8;curve=P-256,370014,269,measured,ok,unavailable,gc,go1.18.1,Release,JerryZ
2026-08-19T13:47:43.815595544Z,FMD,sender_signaling,fmd_sender_preparation,sender,7,false,not_applicable,unclear,gamma=8;p=2^-8;curve=P-256,-1,,not_applicable,not_applicable,unavailable,gc,go1.18.1,Release,JerryZ
2026-08-19T13:47:43.816869176Z,FMD,sender_signaling,message_encryption,sender,7,false,not_applicable,unclear,gamma=8;p=2^-8;curve=P-256,-1,,not_applicable,not_applicable,unavailable,gc,go1.18.1,Release,JerryZ
2026-08-19T13:47:43.818643976Z,FMD,sender_signaling,fmd_sender_total_signaling,sender,7,false,not_applicable,unclear,gamma=8;p=2^-8;curve=P-256,360151,270,measured,ok,unavailable,gc,go1.18.1,Release,JerryZ
2026-08-19T13:47:43.821068344Z,FMD,sender_signaling,fmd_flag_generation,sender,8,false,not_applicable,unclear,gamma=8;p=2^-8;curve=P-256,638474,269,measured,ok,unavailable,gc,go1.18.1,Release,JerryZ
2026-08-19T13:47:43.822583363Z,FMD,sender_signaling,fmd_sender_preparation,sender,8,false,not_applicable,unclear,gamma=8;p=2^-8;curve=P-256,-1,,not_applicable,not_applicable,unavailable,gc,go1.18.1,Release,JerryZ
2026-08-19T13:47:43.8237109Z,FMD,sender_signaling,message_encryption,sender,8,false,not_applicable,unclear,gamma=8;p=2^-8;curve=P-256,-1,,not_applicable,not_applicable,unavailable,gc,go1.18.1,Release,JerryZ
2026-08-19T13:47:43.826313626Z,FMD,sender_signaling,fmd_sender_total_signaling,sender,8,false,not_applicable,unclear,gamma=8;p=2^-8;curve=P-256,837036,269,measured,ok,unavailable,gc,go1.18.1,Release,JerryZ
2026-08-19T13:47:43.82817051Z,FMD,sender_signaling,fmd_flag_generation,sender,9,false,not_applicable,unclear,gamma=8;p=2^-8;curve=P-256,392734,269,measured,ok,unavailable,gc,go1.18.1,Release,JerryZ
2026-08-19T13:47:43.829630573Z,FMD,sender_signaling,fmd_sender_preparation,sender,9,false,not_applicable,unclear,gamma=8;p=2^-8;curve=P-256,-1,,not_applicable,not_applicable,unavailable,gc,go1.18.1,Release,JerryZ
2026-08-19T13:47:43.830616322Z,FMD,sender_signaling,message_encryption,sender,9,false,not_applicable,unclear,gamma=8;p=2^-8;curve=P-256,-1,,not_applicable,not_applicable,unavailable,gc,go1.18.1,Release,JerryZ
2026-08-19T13:47:43.832742273Z,FMD,sender_signaling,fmd_sender_total_signaling,sender,9,false,not_applicable,unclear,gamma=8;p=2^-8;curve=P-256,394259,269,measured,ok,unavailable,gc,go1.18.1,Release,JerryZ
2026-08-19T13:47:43.834745382Z,FMD,sender_signaling,fmd_flag_generation,sender,10,false,not_applicable,unclear,gamma=8;p=2^-8;curve=P-256,356018,271,measured,ok,unavailable,gc,go1.18.1,Release,JerryZ
2026-08-19T13:47:43.83600456Z,FMD,sender_signaling,fmd_sender_preparation,sender,10,false,not_applicable,unclear,gamma=8;p=2^-8;curve=P-256,-1,,not_applicable,not_applicable,unavailable,gc,go1.18.1,Release,JerryZ
2026-08-19T13:47:43.837527083Z,FMD,sender_signaling,message_encryption,sender,10,false,not_applicable,unclear,gamma=8;p=2^-8;curve=P-256,-1,,not_applicable,not_applicable,unavailable,gc,go1.18.1,Release,JerryZ
2026-08-19T13:47:43.839293406Z,FMD,sender_signaling,fmd_sender_total_signaling,sender,10,false,not_applicable,unclear,gamma=8;p=2^-8;curve=P-256,367709,271,measured,ok,unavailable,gc,go1.18.1,Release,JerryZ
2026-08-19T13:47:43.841453612Z,FMD,sender_signaling,fmd_flag_generation,sender,11,false,not_applicable,unclear,gamma=8;p=2^-8;curve=P-256,351554,269,measured,ok,unavailable,gc,go1.18.1,Release,JerryZ
2026-08-19T13:47:43.842605156Z,FMD,sender_signaling,fmd_sender_preparation,sender,11,false,not_applicable,unclear,gamma=8;p=2^-8;curve=P-256,-1,,not_applicable,not_applicable,unavailable,gc,go1.18.1,Release,JerryZ
2026-08-19T13:47:43.84395596Z,FMD,sender_signaling,message_encryption,sender,11,false,not_applicable,unclear,gamma=8;p=2^-8;curve=P-256,-1,,not_applicable,not_applicable,unavailable,gc,go1.18.1,Release,JerryZ
2026-08-19T13:47:43.845850314Z,FMD,sender_signaling,fmd_sender_total_signaling,sender,11,false,not_applicable,unclear,gamma=8;p=2^-8;curve=P-256,439250,270,measured,ok,unavailable,gc,go1.18.1,Release,JerryZ
2026-08-19T13:47:43.848057963Z,FMD,sender_signaling,fmd_flag_generation,sender,12,false,not_applicable,unclear,gamma=8;p=2^-8;curve=P-256,354668,270,measured,ok,unavailable,gc,go1.18.1,Release,JerryZ
2026-08-19T13:47:43.849062291Z,FMD,sender_signaling,fmd_sender_preparation,sender,12,false,not_applicable,unclear,gamma=8;p=2^-8;curve=P-256,-1,,not_applicable,not_applicable,unavailable,gc,go1.18.1,Release,JerryZ
2026-08-19T13:47:43.850139428Z,FMD,sender_signaling,message_encryption,sender,12,false,not_applicable,unclear,gamma=8;p=2^-8;curve=P-256,-1,,not_applicable,not_applicable,unavailable,gc,go1.18.1,Release,JerryZ
2026-08-19T13:47:43.853003216Z,FMD,sender_signaling,fmd_sender_total_signaling,sender,12,false,not_applicable,unclear,gamma=8;p=2^-8;curve=P-256,854100,268,measured,ok,unavailable,gc,go1.18.1,Release,JerryZ
2026-08-19T13:47:43.85552535Z,FMD,sender_signaling,fmd_flag_generation,sender,13,false,not_applicable,unclear,gamma=8;p=2^-8;curve=P-256,374147,269,measured,ok,unavailable,gc,go1.18.1,Release,JerryZ
2026-08-19T13:47:43.857293464Z,FMD,sender_signaling,fmd_sender_preparation,sender,13,false,not_applicable,unclear,gamma=8;p=2^-8;curve=P-256,-1,,not_applicable,not_applicable,unavailable,gc,go1.18.1,Release,JerryZ
2026-08-19T13:47:43.858620913Z,FMD,sender_signaling,message_encryption,sender,13,false,not_applicable,unclear,gamma=8;p=2^-8;curve=P-256,-1,,not_applicable,not_applicable,unavailable,gc,go1.18.1,Release,JerryZ
2026-08-19T13:47:43.860672494Z,FMD,sender_signaling,fmd_sender_total_signaling,sender,13,false,not_applicable,unclear,gamma=8;p=2^-8;curve=P-256,375809,268,measured,ok,unavailable,gc,go1.18.1,Release,JerryZ
2026-08-19T13:47:43.862926071Z,FMD,sender_signaling,fmd_flag_generation,sender,14,false,not_applicable,unclear,gamma=8;p=2^-8;curve=P-256,646418,269,measured,ok,unavailable,gc,go1.18.1,Release,JerryZ
2026-08-19T13:47:43.864326486Z,FMD,sender_signaling,fmd_sender_preparation,sender,14,false,not_applicable,unclear,gamma=8;p=2^-8;curve=P-256,-1,,not_applicable,not_applicable,unavailable,gc,go1.18.1,Release,JerryZ
2026-08-19T13:47:43.865432515Z,FMD,sender_signaling,message_encryption,sender,14,false,not_applicable,unclear,gamma=8;p=2^-8;curve=P-256,-1,,not_applicable,not_applicable,unavailable,gc,go1.18.1,Release,JerryZ
2026-08-19T13:47:43.868440874Z,FMD,sender_signaling,fmd_sender_total_signaling,sender,14,false,not_applicable,unclear,gamma=8;p=2^-8;curve=P-256,720219,269,measured,ok,unavailable,gc,go1.18.1,Release,JerryZ
2026-08-19T13:47:43.871317666Z,FMD,sender_signaling,fmd_flag_generation,sender,15,false,not_applicable,unclear,gamma=8;p=2^-8;curve=P-256,379675,269,measured,ok,unavailable,gc,go1.18.1,Release,JerryZ
2026-08-19T13:47:43.872444707Z,FMD,sender_signaling,fmd_sender_preparation,sender,15,false,not_applicable,unclear,gamma=8;p=2^-8;curve=P-256,-1,,not_applicable,not_applicable,unavailable,gc,go1.18.1,Release,JerryZ
2026-08-19T13:47:43.873540065Z,FMD,sender_signaling,message_encryption,sender,15,false,not_applicable,unclear,gamma=8;p=2^-8;curve=P-256,-1,,not_applicable,not_applicable,unavailable,gc,go1.18.1,Release,JerryZ
2026-08-19T13:47:43.875399915Z,FMD,sender_signaling,fmd_sender_total_signaling,sender,15,false,not_applicable,unclear,gamma=8;p=2^-8;curve=P-256,374395,269,measured,ok,unavailable,gc,go1.18.1,Release,JerryZ
2026-08-19T13:47:43.878143585Z,FMD,sender_signaling,fmd_flag_generation,sender,16,false,not_applicable,unclear,gamma=8;p=2^-8;curve=P-256,694863,269,measured,ok,unavailable,gc,go1.18.1,Release,JerryZ
2026-08-19T13:47:43.879406491Z,FMD,sender_signaling,fmd_sender_preparation,sender,16,false,not_applicable,unclear,gamma=8;p=2^-8;curve=P-256,-1,,not_applicable,not_applicable,unavailable,gc,go1.18.1,Release,JerryZ
2026-08-19T13:47:43.880904116Z,FMD,sender_signaling,message_encryption,sender,16,false,not_applicable,unclear,gamma=8;p=2^-8;curve=P-256,-1,,not_applicable,not_applicable,unavailable,gc,go1.18.1,Release,JerryZ
2026-08-19T13:47:43.883094546Z,FMD,sender_signaling,fmd_sender_total_signaling,sender,16,false,not_applicable,unclear,gamma=8;p=2^-8;curve=P-256,373367,269,measured,ok,unavailable,gc,go1.18.1,Release,JerryZ
2026-08-19T13:47:43.885313245Z,FMD,sender_signaling,fmd_flag_generation,sender,17,false,not_applicable,unclear,gamma=8;p=2^-8;curve=P-256,371309,269,measured,ok,unavailable,gc,go1.18.1,Release,JerryZ
2026-08-19T13:47:43.886384246Z,FMD,sender_signaling,fmd_sender_preparation,sender,17,false,not_applicable,unclear,gamma=8;p=2^-8;curve=P-256,-1,,not_applicable,not_applicable,unavailable,gc,go1.18.1,Release,JerryZ
2026-08-19T13:47:43.887383018Z,FMD,sender_signaling,message_encryption,sender,17,false,not_applicable,unclear,gamma=8;p=2^-8;curve=P-256,-1,,not_applicable,not_applicable,unavailable,gc,go1.18.1,Release,JerryZ
2026-08-19T13:47:43.890086361Z,FMD,sender_signaling,fmd_sender_total_signaling,sender,17,false,not_applicable,unclear,gamma=8;p=2^-8;curve=P-256,873734,269,measured,ok,unavailable,gc,go1.18.1,Release,JerryZ
2026-08-19T13:47:43.891908081Z,FMD,sender_signaling,fmd_flag_generation,sender,18,false,not_applicable,unclear,gamma=8;p=2^-8;curve=P-256,355284,270,measured,ok,unavailable,gc,go1.18.1,Release,JerryZ
2026-08-19T13:47:43.893202882Z,FMD,sender_signaling,fmd_sender_preparation,sender,18,false,not_applicable,unclear,gamma=8;p=2^-8;curve=P-256,-1,,not_applicable,not_applicable,unavailable,gc,go1.18.1,Release,JerryZ
2026-08-19T13:47:43.894356097Z,FMD,sender_signaling,message_encryption,sender,18,false,not_applicable,unclear,gamma=8;p=2^-8;curve=P-256,-1,,not_applicable,not_applicable,unavailable,gc,go1.18.1,Release,JerryZ
2026-08-19T13:47:43.896505402Z,FMD,sender_signaling,fmd_sender_total_signaling,sender,18,false,not_applicable,unclear,gamma=8;p=2^-8;curve=P-256,389833,270,measured,ok,unavailable,gc,go1.18.1,Release,JerryZ
2026-08-19T13:47:43.898476763Z,FMD,sender_signaling,fmd_flag_generation,sender,19,false,not_applicable,unclear,gamma=8;p=2^-8;curve=P-256,369555,269,measured,ok,unavailable,gc,go1.18.1,Release,JerryZ
2026-08-19T13:47:43.89959242Z,FMD,sender_signaling,fmd_sender_preparation,sender,19,false,not_applicable,unclear,gamma=8;p=2^-8;curve=P-256,-1,,not_applicable,not_applicable,unavailable,gc,go1.18.1,Release,JerryZ
2026-08-19T13:47:43.900826255Z,FMD,sender_signaling,message_encryption,sender,19,false,not_applicable,unclear,gamma=8;p=2^-8;curve=P-256,-1,,not_applicable,not_applicable,unavailable,gc,go1.18.1,Release,JerryZ
2026-08-19T13:47:43.903206284Z,FMD,sender_signaling,fmd_sender_total_signaling,sender,19,false,not_applicable,unclear,gamma=8;p=2^-8;curve=P-256,383120,269,measured,ok,unavailable,gc,go1.18.1,Release,JerryZ
2026-08-19T13:47:43.905477173Z,FMD,sender_signaling,fmd_flag_generation,sender,20,false,not_applicable,unclear,gamma=8;p=2^-8;curve=P-256,376718,270,measured,ok,unavailable,gc,go1.18.1,Release,JerryZ
2026-08-19T13:47:43.906741098Z,FMD,sender_signaling,fmd_sender_preparation,sender,20,false,not_applicable,unclear,gamma=8;p=2^-8;curve=P-256,-1,,not_applicable,not_applicable,unavailable,gc,go1.18.1,Release,JerryZ
2026-08-19T13:47:43.908006382Z,FMD,sender_signaling,message_encryption,sender,20,false,not_applicable,unclear,gamma=8;p=2^-8;curve=P-256,-1,,not_applicable,not_applicable,unavailable,gc,go1.18.1,Release,JerryZ
2026-08-19T13:47:43.910171437Z,FMD,sender_signaling,fmd_sender_total_signaling,sender,20,false,not_applicable,unclear,gamma=8;p=2^-8;curve=P-256,765339,270,measured,ok,unavailable,gc,go1.18.1,Release,JerryZ
2026-08-19T13:47:43.912952512Z,FMD,sender_signaling,fmd_flag_generation,sender,21,false,not_applicable,unclear,gamma=8;p=2^-8;curve=P-256,808722,270,measured,ok,unavailable,gc,go1.18.1,Release,JerryZ
2026-08-19T13:47:43.914920401Z,FMD,sender_signaling,fmd_sender_preparation,sender,21,false,not_applicable,unclear,gamma=8;p=2^-8;curve=P-256,-1,,not_applicable,not_applicable,unavailable,gc,go1.18.1,Release,JerryZ
2026-08-19T13:47:43.916103399Z,FMD,sender_signaling,message_encryption,sender,21,false,not_applicable,unclear,gamma=8;p=2^-8;curve=P-256,-1,,not_applicable,not_applicable,unavailable,gc,go1.18.1,Release,JerryZ
2026-08-19T13:47:43.917901117Z,FMD,sender_signaling,fmd_sender_total_signaling,sender,21,false,not_applicable,unclear,gamma=8;p=2^-8;curve=P-256,412470,269,measured,ok,unavailable,gc,go1.18.1,Release,JerryZ
2026-08-19T13:47:43.920772344Z,FMD,sender_signaling,fmd_flag_generation,sender,22,false,not_applicable,unclear,gamma=8;p=2^-8;curve=P-256,804277,270,measured,ok,unavailable,gc,go1.18.1,Release,JerryZ
2026-08-19T13:47:43.921878704Z,FMD,sender_signaling,fmd_sender_preparation,sender,22,false,not_applicable,unclear,gamma=8;p=2^-8;curve=P-256,-1,,not_applicable,not_applicable,unavailable,gc,go1.18.1,Release,JerryZ
2026-08-19T13:47:43.922990325Z,FMD,sender_signaling,message_encryption,sender,22,false,not_applicable,unclear,gamma=8;p=2^-8;curve=P-256,-1,,not_applicable,not_applicable,unavailable,gc,go1.18.1,Release,JerryZ
2026-08-19T13:47:43.924747566Z,FMD,sender_signaling,fmd_sender_total_signaling,sender,22,false,not_applicable,unclear,gamma=8;p=2^-8;curve=P-256,381889,269,measured,ok,unavailable,gc,go1.18.1,Release,JerryZ
2026-08-19T13:47:43.927321786Z,FMD,sender_signaling,fmd_flag_generation,sender,23,false,not_applicable,unclear,gamma=8;p=2^-8;curve=P-256,784928,268,measured,ok,unavailable,gc,go1.18.1,Release,JerryZ
2026-08-19T13:47:43.92916035Z,FMD,sender_signaling,fmd_sender_preparation,sender,23,false,not_applicable,unclear,gamma=8;p=2^-8;curve=P-256,-1,,not_applicable,not_applicable,unavailable,gc,go1.18.1,Release,JerryZ
2026-08-19T13:47:43.931710679Z,FMD,sender_signaling,message_encryption,sender,23,false,not_applicable,unclear,gamma=8;p=2^-8;curve=P-256,-1,,not_applicable,not_applicable,unavailable,gc,go1.18.1,Release,JerryZ
2026-08-19T13:47:43.933960399Z,FMD,sender_signaling,fmd_sender_total_signaling,sender,23,false,not_applicable,unclear,gamma=8;p=2^-8;curve=P-256,409274,269,measured,ok,unavailable,gc,go1.18.1,Release,JerryZ
2026-08-19T13:47:43.936089228Z,FMD,sender_signaling,fmd_flag_generation,sender,24,false,not_applicable,unclear,gamma=8;p=2^-8;curve=P-256,369527,269,measured,ok,unavailable,gc,go1.18.1,Release,JerryZ
2026-08-19T13:47:43.937300678Z,FMD,sender_signaling,fmd_sender_preparation,sender,24,false,not_applicable,unclear,gamma=8;p=2^-8;curve=P-256,-1,,not_applicable,not_applicable,unavailable,gc,go1.18.1,Release,JerryZ
2026-08-19T13:47:43.938737037Z,FMD,sender_signaling,message_encryption,sender,24,false,not_applicable,unclear,gamma=8;p=2^-8;curve=P-256,-1,,not_applicable,not_applicable,unavailable,gc,go1.18.1,Release,JerryZ
2026-08-19T13:47:43.940984535Z,FMD,sender_signaling,fmd_sender_total_signaling,sender,24,false,not_applicable,unclear,gamma=8;p=2^-8;curve=P-256,641891,267,measured,ok,unavailable,gc,go1.18.1,Release,JerryZ
2026-08-19T13:47:43.944021442Z,FMD,sender_signaling,fmd_flag_generation,sender,25,false,not_applicable,unclear,gamma=8;p=2^-8;curve=P-256,847965,270,measured,ok,unavailable,gc,go1.18.1,Release,JerryZ
2026-08-19T13:47:43.945452154Z,FMD,sender_signaling,fmd_sender_preparation,sender,25,false,not_applicable,unclear,gamma=8;p=2^-8;curve=P-256,-1,,not_applicable,not_applicable,unavailable,gc,go1.18.1,Release,JerryZ
2026-08-19T13:47:43.947111881Z,FMD,sender_signaling,message_encryption,sender,25,false,not_applicable,unclear,gamma=8;p=2^-8;curve=P-256,-1,,not_applicable,not_applicable,unavailable,gc,go1.18.1,Release,JerryZ
2026-08-19T13:47:43.948923536Z,FMD,sender_signaling,fmd_sender_total_signaling,sender,25,false,not_applicable,unclear,gamma=8;p=2^-8;curve=P-256,374772,270,measured,ok,unavailable,gc,go1.18.1,Release,JerryZ
2026-08-19T13:47:43.950805381Z,FMD,sender_signaling,fmd_flag_generation,sender,26,false,not_applicable,unclear,gamma=8;p=2^-8;curve=P-256,389805,268,measured,ok,unavailable,gc,go1.18.1,Release,JerryZ
2026-08-19T13:47:43.951961067Z,FMD,sender_signaling,fmd_sender_preparation,sender,26,false,not_applicable,unclear,gamma=8;p=2^-8;curve=P-256,-1,,not_applicable,not_applicable,unavailable,gc,go1.18.1,Release,JerryZ
2026-08-19T13:47:43.953437716Z,FMD,sender_signaling,message_encryption,sender,26,false,not_applicable,unclear,gamma=8;p=2^-8;curve=P-256,-1,,not_applicable,not_applicable,unavailable,gc,go1.18.1,Release,JerryZ
2026-08-19T13:47:43.955359112Z,FMD,sender_signaling,fmd_sender_total_signaling,sender,26,false,not_applicable,unclear,gamma=8;p=2^-8;curve=P-256,362198,270,measured,ok,unavailable,gc,go1.18.1,Release,JerryZ
2026-08-19T13:47:43.958141513Z,FMD,sender_signaling,fmd_flag_generation,sender,27,false,not_applicable,unclear,gamma=8;p=2^-8;curve=P-256,819440,269,measured,ok,unavailable,gc,go1.18.1,Release,JerryZ
2026-08-19T13:47:43.959521733Z,FMD,sender_signaling,fmd_sender_preparation,sender,27,false,not_applicable,unclear,gamma=8;p=2^-8;curve=P-256,-1,,not_applicable,not_applicable,unavailable,gc,go1.18.1,Release,JerryZ
2026-08-19T13:47:43.961476287Z,FMD,sender_signaling,message_encryption,sender,27,false,not_applicable,unclear,gamma=8;p=2^-8;curve=P-256,-1,,not_applicable,not_applicable,unavailable,gc,go1.18.1,Release,JerryZ
2026-08-19T13:47:43.963309293Z,FMD,sender_signaling,fmd_sender_total_signaling,sender,27,false,not_applicable,unclear,gamma=8;p=2^-8;curve=P-256,369077,270,measured,ok,unavailable,gc,go1.18.1,Release,JerryZ
2026-08-19T13:47:43.96511226Z,FMD,sender_signaling,fmd_flag_generation,sender,28,false,not_applicable,unclear,gamma=8;p=2^-8;curve=P-256,356964,269,measured,ok,unavailable,gc,go1.18.1,Release,JerryZ
2026-08-19T13:47:43.966166189Z,FMD,sender_signaling,fmd_sender_preparation,sender,28,false,not_applicable,unclear,gamma=8;p=2^-8;curve=P-256,-1,,not_applicable,not_applicable,unavailable,gc,go1.18.1,Release,JerryZ
2026-08-19T13:47:43.9671679Z,FMD,sender_signaling,message_encryption,sender,28,false,not_applicable,unclear,gamma=8;p=2^-8;curve=P-256,-1,,not_applicable,not_applicable,unavailable,gc,go1.18.1,Release,JerryZ
2026-08-19T13:47:43.969222667Z,FMD,sender_signaling,fmd_sender_total_signaling,sender,28,false,not_applicable,unclear,gamma=8;p=2^-8;curve=P-256,364779,269,measured,ok,unavailable,gc,go1.18.1,Release,JerryZ
2026-08-19T13:47:43.971606949Z,FMD,sender_signaling,fmd_flag_generation,sender,29,false,not_applicable,unclear,gamma=8;p=2^-8;curve=P-256,831471,270,measured,ok,unavailable,gc,go1.18.1,Release,JerryZ
2026-08-19T13:47:43.97306597Z,FMD,sender_signaling,fmd_sender_preparation,sender,29,false,not_applicable,unclear,gamma=8;p=2^-8;curve=P-256,-1,,not_applicable,not_applicable,unavailable,gc,go1.18.1,Release,JerryZ
2026-08-19T13:47:43.974746632Z,FMD,sender_signaling,message_encryption,sender,29,false,not_applicable,unclear,gamma=8;p=2^-8;curve=P-256,-1,,not_applicable,not_applicable,unavailable,gc,go1.18.1,Release,JerryZ
2026-08-19T13:47:43.97809092Z,FMD,sender_signaling,fmd_sender_total_signaling,sender,29,false,not_applicable,unclear,gamma=8;p=2^-8;curve=P-256,429084,269,measured,ok,unavailable,gc,go1.18.1,Release,JerryZ
2026-08-19T13:47:43.980106353Z,FMD,sender_signaling,fmd_flag_generation,sender,30,false,not_applicable,unclear,gamma=8;p=2^-8;curve=P-256,392846,269,measured,ok,unavailable,gc,go1.18.1,Release,JerryZ
2026-08-19T13:47:43.981532601Z,FMD,sender_signaling,fmd_sender_preparation,sender,30,false,not_applicable,unclear,gamma=8;p=2^-8;curve=P-256,-1,,not_applicable,not_applicable,unavailable,gc,go1.18.1,Release,JerryZ
2026-08-19T13:47:43.982827706Z,FMD,sender_signaling,message_encryption,sender,30,false,not_applicable,unclear,gamma=8;p=2^-8;curve=P-256,-1,,not_applicable,not_applicable,unavailable,gc,go1.18.1,Release,JerryZ
2026-08-19T13:47:43.984920962Z,FMD,sender_signaling,fmd_sender_total_signaling,sender,30,false,not_applicable,unclear,gamma=8;p=2^-8;curve=P-256,695671,268,measured,ok,unavailable,gc,go1.18.1,Release,JerryZ
2026-08-19T13:47:43.987398972Z,FMD,sender_signaling,fmd_flag_generation,sender,31,false,not_applicable,unclear,gamma=8;p=2^-8;curve=P-256,400431,270,measured,ok,unavailable,gc,go1.18.1,Release,JerryZ
2026-08-19T13:47:43.988918932Z,FMD,sender_signaling,fmd_sender_preparation,sender,31,false,not_applicable,unclear,gamma=8;p=2^-8;curve=P-256,-1,,not_applicable,not_applicable,unavailable,gc,go1.18.1,Release,JerryZ
2026-08-19T13:47:43.990066462Z,FMD,sender_signaling,message_encryption,sender,31,false,not_applicable,unclear,gamma=8;p=2^-8;curve=P-256,-1,,not_applicable,not_applicable,unavailable,gc,go1.18.1,Release,JerryZ
2026-08-19T13:47:43.992225525Z,FMD,sender_signaling,fmd_sender_total_signaling,sender,31,false,not_applicable,unclear,gamma=8;p=2^-8;curve=P-256,383873,270,measured,ok,unavailable,gc,go1.18.1,Release,JerryZ
2026-08-19T13:47:43.99485487Z,FMD,sender_signaling,fmd_flag_generation,sender,32,false,not_applicable,unclear,gamma=8;p=2^-8;curve=P-256,797060,269,measured,ok,unavailable,gc,go1.18.1,Release,JerryZ
2026-08-19T13:47:43.996100115Z,FMD,sender_signaling,fmd_sender_preparation,sender,32,false,not_applicable,unclear,gamma=8;p=2^-8;curve=P-256,-1,,not_applicable,not_applicable,unavailable,gc,go1.18.1,Release,JerryZ
2026-08-19T13:47:43.997243173Z,FMD,sender_signaling,message_encryption,sender,32,false,not_applicable,unclear,gamma=8;p=2^-8;curve=P-256,-1,,not_applicable,not_applicable,unavailable,gc,go1.18.1,Release,JerryZ
2026-08-19T13:47:43.999144186Z,FMD,sender_signaling,fmd_sender_total_signaling,sender,32,false,not_applicable,unclear,gamma=8;p=2^-8;curve=P-256,368278,269,measured,ok,unavailable,gc,go1.18.1,Release,JerryZ
2026-08-19T13:47:44.001132738Z,FMD,sender_signaling,fmd_flag_generation,sender,33,false,not_applicable,unclear,gamma=8;p=2^-8;curve=P-256,506779,268,measured,ok,unavailable,gc,go1.18.1,Release,JerryZ
2026-08-19T13:47:44.002750069Z,FMD,sender_signaling,fmd_sender_preparation,sender,33,false,not_applicable,unclear,gamma=8;p=2^-8;curve=P-256,-1,,not_applicable,not_applicable,unavailable,gc,go1.18.1,Release,JerryZ
2026-08-19T13:47:44.004449327Z,FMD,sender_signaling,message_encryption,sender,33,false,not_applicable,unclear,gamma=8;p=2^-8;curve=P-256,-1,,not_applicable,not_applicable,unavailable,gc,go1.18.1,Release,JerryZ
2026-08-19T13:47:44.006882907Z,FMD,sender_signaling,fmd_sender_total_signaling,sender,33,false,not_applicable,unclear,gamma=8;p=2^-8;curve=P-256,461246,268,measured,ok,unavailable,gc,go1.18.1,Release,JerryZ
2026-08-19T13:47:44.009576267Z,FMD,sender_signaling,fmd_flag_generation,sender,34,false,not_applicable,unclear,gamma=8;p=2^-8;curve=P-256,467977,270,measured,ok,unavailable,gc,go1.18.1,Release,JerryZ
2026-08-19T13:47:44.011160931Z,FMD,sender_signaling,fmd_sender_preparation,sender,34,false,not_applicable,unclear,gamma=8;p=2^-8;curve=P-256,-1,,not_applicable,not_applicable,unavailable,gc,go1.18.1,Release,JerryZ
2026-08-19T13:47:44.012222304Z,FMD,sender_signaling,message_encryption,sender,34,false,not_applicable,unclear,gamma=8;p=2^-8;curve=P-256,-1,,not_applicable,not_applicable,unavailable,gc,go1.18.1,Release,JerryZ
2026-08-19T13:47:44.014619336Z,FMD,sender_signaling,fmd_sender_total_signaling,sender,34,false,not_applicable,unclear,gamma=8;p=2^-8;curve=P-256,810679,272,measured,ok,unavailable,gc,go1.18.1,Release,JerryZ
2026-08-19T13:47:44.01706079Z,FMD,sender_signaling,fmd_flag_generation,sender,35,false,not_applicable,unclear,gamma=8;p=2^-8;curve=P-256,393819,268,measured,ok,unavailable,gc,go1.18.1,Release,JerryZ
2026-08-19T13:47:44.018386496Z,FMD,sender_signaling,fmd_sender_preparation,sender,35,false,not_applicable,unclear,gamma=8;p=2^-8;curve=P-256,-1,,not_applicable,not_applicable,unavailable,gc,go1.18.1,Release,JerryZ
2026-08-19T13:47:44.019827981Z,FMD,sender_signaling,message_encryption,sender,35,false,not_applicable,unclear,gamma=8;p=2^-8;curve=P-256,-1,,not_applicable,not_applicable,unavailable,gc,go1.18.1,Release,JerryZ
2026-08-19T13:47:44.021890413Z,FMD,sender_signaling,fmd_sender_total_signaling,sender,35,false,not_applicable,unclear,gamma=8;p=2^-8;curve=P-256,449744,268,measured,ok,unavailable,gc,go1.18.1,Release,JerryZ
2026-08-19T13:47:44.023664267Z,FMD,sender_signaling,fmd_flag_generation,sender,36,false,not_applicable,unclear,gamma=8;p=2^-8;curve=P-256,382986,269,measured,ok,unavailable,gc,go1.18.1,Release,JerryZ
2026-08-19T13:47:44.024760822Z,FMD,sender_signaling,fmd_sender_preparation,sender,36,false,not_applicable,unclear,gamma=8;p=2^-8;curve=P-256,-1,,not_applicable,not_applicable,unavailable,gc,go1.18.1,Release,JerryZ
2026-08-19T13:47:44.026418841Z,FMD,sender_signaling,message_encryption,sender,36,false,not_applicable,unclear,gamma=8;p=2^-8;curve=P-256,-1,,not_applicable,not_applicable,unavailable,gc,go1.18.1,Release,JerryZ
2026-08-19T13:47:44.028204235Z,FMD,sender_signaling,fmd_sender_total_signaling,sender,36,false,not_applicable,unclear,gamma=8;p=2^-8;curve=P-256,357139,269,measured,ok,unavailable,gc,go1.18.1,Release,JerryZ
2026-08-19T13:47:44.030129461Z,FMD,sender_signaling,fmd_flag_generation,sender,37,false,not_applicable,unclear,gamma=8;p=2^-8;curve=P-256,357616,267,measured,ok,unavailable,gc,go1.18.1,Release,JerryZ
2026-08-19T13:47:44.031204705Z,FMD,sender_signaling,fmd_sender_preparation,sender,37,false,not_applicable,unclear,gamma=8;p=2^-8;curve=P-256,-1,,not_applicable,not_applicable,unavailable,gc,go1.18.1,Release,JerryZ
2026-08-19T13:47:44.032287205Z,FMD,sender_signaling,message_encryption,sender,37,false,not_applicable,unclear,gamma=8;p=2^-8;curve=P-256,-1,,not_applicable,not_applicable,unavailable,gc,go1.18.1,Release,JerryZ
2026-08-19T13:47:44.03482773Z,FMD,sender_signaling,fmd_sender_total_signaling,sender,37,false,not_applicable,unclear,gamma=8;p=2^-8;curve=P-256,457820,269,measured,ok,unavailable,gc,go1.18.1,Release,JerryZ
2026-08-19T13:47:44.03677816Z,FMD,sender_signaling,fmd_flag_generation,sender,38,false,not_applicable,unclear,gamma=8;p=2^-8;curve=P-256,358314,270,measured,ok,unavailable,gc,go1.18.1,Release,JerryZ
2026-08-19T13:47:44.037894061Z,FMD,sender_signaling,fmd_sender_preparation,sender,38,false,not_applicable,unclear,gamma=8;p=2^-8;curve=P-256,-1,,not_applicable,not_applicable,unavailable,gc,go1.18.1,Release,JerryZ
2026-08-19T13:47:44.039135758Z,FMD,sender_signaling,message_encryption,sender,38,false,not_applicable,unclear,gamma=8;p=2^-8;curve=P-256,-1,,not_applicable,not_applicable,unavailable,gc,go1.18.1,Release,JerryZ
2026-08-19T13:47:44.041476227Z,FMD,sender_signaling,fmd_sender_total_signaling,sender,38,false,not_applicable,unclear,gamma=8;p=2^-8;curve=P-256,369784,268,measured,ok,unavailable,gc,go1.18.1,Release,JerryZ
2026-08-19T13:47:44.043262956Z,FMD,sender_signaling,fmd_flag_generation,sender,39,false,not_applicable,unclear,gamma=8;p=2^-8;curve=P-256,353658,269,measured,ok,unavailable,gc,go1.18.1,Release,JerryZ
2026-08-19T13:47:44.04431763Z,FMD,sender_signaling,fmd_sender_preparation,sender,39,false,not_applicable,unclear,gamma=8;p=2^-8;curve=P-256,-1,,not_applicable,not_applicable,unavailable,gc,go1.18.1,Release,JerryZ
2026-08-19T13:47:44.045459016Z,FMD,sender_signaling,message_encryption,sender,39,false,not_applicable,unclear,gamma=8;p=2^-8;curve=P-256,-1,,not_applicable,not_applicable,unavailable,gc,go1.18.1,Release,JerryZ
2026-08-19T13:47:44.047992276Z,FMD,sender_signaling,fmd_sender_total_signaling,sender,39,false,not_applicable,unclear,gamma=8;p=2^-8;curve=P-256,475334,269,measured,ok,unavailable,gc,go1.18.1,Release,JerryZ
2026-08-19T13:47:44.050234998Z,FMD,sender_signaling,fmd_flag_generation,sender,40,false,not_applicable,unclear,gamma=8;p=2^-8;curve=P-256,399530,269,measured,ok,unavailable,gc,go1.18.1,Release,JerryZ
2026-08-19T13:47:44.05209Z,FMD,sender_signaling,fmd_sender_preparation,sender,40,false,not_applicable,unclear,gamma=8;p=2^-8;curve=P-256,-1,,not_applicable,not_applicable,unavailable,gc,go1.18.1,Release,JerryZ
2026-08-19T13:47:44.054027536Z,FMD,sender_signaling,message_encryption,sender,40,false,not_applicable,unclear,gamma=8;p=2^-8;curve=P-256,-1,,not_applicable,not_applicable,unavailable,gc,go1.18.1,Release,JerryZ
2026-08-19T13:47:44.055858862Z,FMD,sender_signaling,fmd_sender_total_signaling,sender,40,false,not_applicable,unclear,gamma=8;p=2^-8;curve=P-256,366001,269,measured,ok,unavailable,gc,go1.18.1,Release,JerryZ
2026-08-19T13:47:44.057836096Z,FMD,sender_signaling,fmd_flag_generation,sender,41,false,not_applicable,unclear,gamma=8;p=2^-8;curve=P-256,390191,269,measured,ok,unavailable,gc,go1.18.1,Release,JerryZ
2026-08-19T13:47:44.05910346Z,FMD,sender_signaling,fmd_sender_preparation,sender,41,false,not_applicable,unclear,gamma=8;p=2^-8;curve=P-256,-1,,not_applicable,not_applicable,unavailable,gc,go1.18.1,Release,JerryZ
2026-08-19T13:47:44.060170945Z,FMD,sender_signaling,message_encryption,sender,41,false,not_applicable,unclear,gamma=8;p=2^-8;curve=P-256,-1,,not_applicable,not_applicable,unavailable,gc,go1.18.1,Release,JerryZ
2026-08-19T13:47:44.061986695Z,FMD,sender_signaling,fmd_sender_total_signaling,sender,41,false,not_applicable,unclear,gamma=8;p=2^-8;curve=P-256,414106,269,measured,ok,unavailable,gc,go1.18.1,Release,JerryZ
2026-08-19T13:47:44.064195861Z,FMD,sender_signaling,fmd_flag_generation,sender,42,false,not_applicable,unclear,gamma=8;p=2^-8;curve=P-256,380934,268,measured,ok,unavailable,gc,go1.18.1,Release,JerryZ
2026-08-19T13:47:44.065517071Z,FMD,sender_signaling,fmd_sender_preparation,sender,42,false,not_applicable,unclear,gamma=8;p=2^-8;curve=P-256,-1,,not_applicable,not_applicable,unavailable,gc,go1.18.1,Release,JerryZ
2026-08-19T13:47:44.066996498Z,FMD,sender_signaling,message_encryption,sender,42,false,not_applicable,unclear,gamma=8;p=2^-8;curve=P-256,-1,,not_applicable,not_applicable,unavailable,gc,go1.18.1,Release,JerryZ
2026-08-19T13:47:44.069257257Z,FMD,sender_signaling,fmd_sender_total_signaling,sender,42,false,not_applicable,unclear,gamma=8;p=2^-8;curve=P-256,407016,268,measured,ok,unavailable,gc,go1.18.1,Release,JerryZ
2026-08-19T13:47:44.071170769Z,FMD,sender_signaling,fmd_flag_generation,sender,43,false,not_applicable,unclear,gamma=8;p=2^-8;curve=P-256,376121,270,measured,ok,unavailable,gc,go1.18.1,Release,JerryZ
2026-08-19T13:47:44.072700941Z,FMD,sender_signaling,fmd_sender_preparation,sender,43,false,not_applicable,unclear,gamma=8;p=2^-8;curve=P-256,-1,,not_applicable,not_applicable,unavailable,gc,go1.18.1,Release,JerryZ
2026-08-19T13:47:44.073880733Z,FMD,sender_signaling,message_encryption,sender,43,false,not_applicable,unclear,gamma=8;p=2^-8;curve=P-256,-1,,not_applicable,not_applicable,unavailable,gc,go1.18.1,Release,JerryZ
2026-08-19T13:47:44.075783408Z,FMD,sender_signaling,fmd_sender_total_signaling,sender,43,false,not_applicable,unclear,gamma=8;p=2^-8;curve=P-256,371879,269,measured,ok,unavailable,gc,go1.18.1,Release,JerryZ
2026-08-19T13:47:44.078264082Z,FMD,sender_signaling,fmd_flag_generation,sender,44,false,not_applicable,unclear,gamma=8;p=2^-8;curve=P-256,879254,271,measured,ok,unavailable,gc,go1.18.1,Release,JerryZ
2026-08-19T13:47:44.079600881Z,FMD,sender_signaling,fmd_sender_preparation,sender,44,false,not_applicable,unclear,gamma=8;p=2^-8;curve=P-256,-1,,not_applicable,not_applicable,unavailable,gc,go1.18.1,Release,JerryZ
2026-08-19T13:47:44.081363411Z,FMD,sender_signaling,message_encryption,sender,44,false,not_applicable,unclear,gamma=8;p=2^-8;curve=P-256,-1,,not_applicable,not_applicable,unavailable,gc,go1.18.1,Release,JerryZ
2026-08-19T13:47:44.083425571Z,FMD,sender_signaling,fmd_sender_total_signaling,sender,44,false,not_applicable,unclear,gamma=8;p=2^-8;curve=P-256,394535,271,measured,ok,unavailable,gc,go1.18.1,Release,JerryZ
2026-08-19T13:47:44.085819302Z,FMD,sender_signaling,fmd_flag_generation,sender,45,false,not_applicable,unclear,gamma=8;p=2^-8;curve=P-256,399173,270,measured,ok,unavailable,gc,go1.18.1,Release,JerryZ
2026-08-19T13:47:44.08688311Z,FMD,sender_signaling,fmd_sender_preparation,sender,45,false,not_applicable,unclear,gamma=8;p=2^-8;curve=P-256,-1,,not_applicable,not_applicable,unavailable,gc,go1.18.1,Release,JerryZ
2026-08-19T13:47:44.08813105Z,FMD,sender_signaling,message_encryption,sender,45,false,not_applicable,unclear,gamma=8;p=2^-8;curve=P-256,-1,,not_applicable,not_applicable,unavailable,gc,go1.18.1,Release,JerryZ
2026-08-19T13:47:44.090069559Z,FMD,sender_signaling,fmd_sender_total_signaling,sender,45,false,not_applicable,unclear,gamma=8;p=2^-8;curve=P-256,420259,271,measured,ok,unavailable,gc,go1.18.1,Release,JerryZ
2026-08-19T13:47:44.091897607Z,FMD,sender_signaling,fmd_flag_generation,sender,46,false,not_applicable,unclear,gamma=8;p=2^-8;curve=P-256,358470,270,measured,ok,unavailable,gc,go1.18.1,Release,JerryZ
2026-08-19T13:47:44.093083195Z,FMD,sender_signaling,fmd_sender_preparation,sender,46,false,not_applicable,unclear,gamma=8;p=2^-8;curve=P-256,-1,,not_applicable,not_applicable,unavailable,gc,go1.18.1,Release,JerryZ
2026-08-19T13:47:44.094524633Z,FMD,sender_signaling,message_encryption,sender,46,false,not_applicable,unclear,gamma=8;p=2^-8;curve=P-256,-1,,not_applicable,not_applicable,unavailable,gc,go1.18.1,Release,JerryZ
2026-08-19T13:47:44.097065148Z,FMD,sender_signaling,fmd_sender_total_signaling,sender,46,false,not_applicable,unclear,gamma=8;p=2^-8;curve=P-256,806730,269,measured,ok,unavailable,gc,go1.18.1,Release,JerryZ
2026-08-19T13:47:44.099340932Z,FMD,sender_signaling,fmd_flag_generation,sender,47,false,not_applicable,unclear,gamma=8;p=2^-8;curve=P-256,401909,269,measured,ok,unavailable,gc,go1.18.1,Release,JerryZ
2026-08-19T13:47:44.100419712Z,FMD,sender_signaling,fmd_sender_preparation,sender,47,false,not_applicable,unclear,gamma=8;p=2^-8;curve=P-256,-1,,not_applicable,not_applicable,unavailable,gc,go1.18.1,Release,JerryZ
2026-08-19T13:47:44.1015882Z,FMD,sender_signaling,message_encryption,sender,47,false,not_applicable,unclear,gamma=8;p=2^-8;curve=P-256,-1,,not_applicable,not_applicable,unavailable,gc,go1.18.1,Release,JerryZ
2026-08-19T13:47:44.103766158Z,FMD,sender_signaling,fmd_sender_total_signaling,sender,47,false,not_applicable,unclear,gamma=8;p=2^-8;curve=P-256,386518,270,measured,ok,unavailable,gc,go1.18.1,Release,JerryZ
2026-08-19T13:47:44.105596281Z,FMD,sender_signaling,fmd_flag_generation,sender,48,false,not_applicable,unclear,gamma=8;p=2^-8;curve=P-256,354650,269,measured,ok,unavailable,gc,go1.18.1,Release,JerryZ
2026-08-19T13:47:44.10669184Z,FMD,sender_signaling,fmd_sender_preparation,sender,48,false,not_applicable,unclear,gamma=8;p=2^-8;curve=P-256,-1,,not_applicable,not_applicable,unavailable,gc,go1.18.1,Release,JerryZ
2026-08-19T13:47:44.107841125Z,FMD,sender_signaling,message_encryption,sender,48,false,not_applicable,unclear,gamma=8;p=2^-8;curve=P-256,-1,,not_applicable,not_applicable,unavailable,gc,go1.18.1,Release,JerryZ
2026-08-19T13:47:44.110254114Z,FMD,sender_signaling,fmd_sender_total_signaling,sender,48,false,not_applicable,unclear,gamma=8;p=2^-8;curve=P-256,394737,270,measured,ok,unavailable,gc,go1.18.1,Release,JerryZ
2026-08-19T13:47:44.112820584Z,FMD,sender_signaling,fmd_flag_generation,sender,49,false,not_applicable,unclear,gamma=8;p=2^-8;curve=P-256,385525,270,measured,ok,unavailable,gc,go1.18.1,Release,JerryZ
2026-08-19T13:47:44.114348166Z,FMD,sender_signaling,fmd_sender_preparation,sender,49,false,not_applicable,unclear,gamma=8;p=2^-8;curve=P-256,-1,,not_applicable,not_applicable,unavailable,gc,go1.18.1,Release,JerryZ
2026-08-19T13:47:44.115835896Z,FMD,sender_signaling,message_encryption,sender,49,false,not_applicable,unclear,gamma=8;p=2^-8;curve=P-256,-1,,not_applicable,not_applicable,unavailable,gc,go1.18.1,Release,JerryZ
2026-08-19T13:47:44.117701969Z,FMD,sender_signaling,fmd_sender_total_signaling,sender,49,false,not_applicable,unclear,gamma=8;p=2^-8;curve=P-256,408770,269,measured,ok,unavailable,gc,go1.18.1,Release,JerryZ
2026-08-19T13:47:44.119945738Z,FMD,sender_signaling,fmd_flag_generation,sender,50,false,not_applicable,unclear,gamma=8;p=2^-8;curve=P-256,380980,269,measured,ok,unavailable,gc,go1.18.1,Release,JerryZ
2026-08-19T13:47:44.121173121Z,FMD,sender_signaling,fmd_sender_preparation,sender,50,false,not_applicable,unclear,gamma=8;p=2^-8;curve=P-256,-1,,not_applicable,not_applicable,unavailable,gc,go1.18.1,Release,JerryZ
2026-08-19T13:47:44.12244274Z,FMD,sender_signaling,message_encryption,sender,50,false,not_applicable,unclear,gamma=8;p=2^-8;curve=P-256,-1,,not_applicable,not_applicable,unavailable,gc,go1.18.1,Release,JerryZ
2026-08-19T13:47:44.124388069Z,FMD,sender_signaling,fmd_sender_total_signaling,sender,50,false,not_applicable,unclear,gamma=8;p=2^-8;curve=P-256,462509,269,measured,ok,unavailable,gc,go1.18.1,Release,JerryZ
2026-08-19T13:47:44.126364857Z,FMD,sender_signaling,fmd_flag_generation,sender,51,false,not_applicable,unclear,gamma=8;p=2^-8;curve=P-256,388152,269,measured,ok,unavailable,gc,go1.18.1,Release,JerryZ
2026-08-19T13:47:44.12761243Z,FMD,sender_signaling,fmd_sender_preparation,sender,51,false,not_applicable,unclear,gamma=8;p=2^-8;curve=P-256,-1,,not_applicable,not_applicable,unavailable,gc,go1.18.1,Release,JerryZ
2026-08-19T13:47:44.12888474Z,FMD,sender_signaling,message_encryption,sender,51,false,not_applicable,unclear,gamma=8;p=2^-8;curve=P-256,-1,,not_applicable,not_applicable,unavailable,gc,go1.18.1,Release,JerryZ
2026-08-19T13:47:44.130753252Z,FMD,sender_signaling,fmd_sender_total_signaling,sender,51,false,not_applicable,unclear,gamma=8;p=2^-8;curve=P-256,374615,270,measured,ok,unavailable,gc,go1.18.1,Release,JerryZ
2026-08-19T13:47:44.132804336Z,FMD,sender_signaling,fmd_flag_generation,sender,52,false,not_applicable,unclear,gamma=8;p=2^-8;curve=P-256,352730,269,measured,ok,unavailable,gc,go1.18.1,Release,JerryZ
2026-08-19T13:47:44.134231273Z,FMD,sender_signaling,fmd_sender_preparation,sender,52,false,not_applicable,unclear,gamma=8;p=2^-8;curve=P-256,-1,,not_applicable,not_applicable,unavailable,gc,go1.18.1,Release,JerryZ
2026-08-19T13:47:44.135250433Z,FMD,sender_signaling,message_encryption,sender,52,false,not_applicable,unclear,gamma=8;p=2^-8;curve=P-256,-1,,not_applicable,not_applicable,unavailable,gc,go1.18.1,Release,JerryZ
2026-08-19T13:47:44.1369923Z,FMD,sender_signaling,fmd_sender_total_signaling,sender,52,false,not_applicable,unclear,gamma=8;p=2^-8;curve=P-256,376103,269,measured,ok,unavailable,gc,go1.18.1,Release,JerryZ
2026-08-19T13:47:44.139653806Z,FMD,sender_signaling,fmd_flag_generation,sender,53,false,not_applicable,unclear,gamma=8;p=2^-8;curve=P-256,818118,268,measured,ok,unavailable,gc,go1.18.1,Release,JerryZ
2026-08-19T13:47:44.141436601Z,FMD,sender_signaling,fmd_sender_preparation,sender,53,false,not_applicable,unclear,gamma=8;p=2^-8;curve=P-256,-1,,not_applicable,not_applicable,unavailable,gc,go1.18.1,Release,JerryZ
2026-08-19T13:47:44.142997621Z,FMD,sender_signaling,message_encryption,sender,53,false,not_applicable,unclear,gamma=8;p=2^-8;curve=P-256,-1,,not_applicable,not_applicable,unavailable,gc,go1.18.1,Release,JerryZ
2026-08-19T13:47:44.145217981Z,FMD,sender_signaling,fmd_sender_total_signaling,sender,53,false,not_applicable,unclear,gamma=8;p=2^-8;curve=P-256,404665,269,measured,ok,unavailable,gc,go1.18.1,Release,JerryZ
2026-08-19T13:47:44.147131465Z,FMD,sender_signaling,fmd_flag_generation,sender,54,false,not_applicable,unclear,gamma=8;p=2^-8;curve=P-256,361638,269,measured,ok,unavailable,gc,go1.18.1,Release,JerryZ
2026-08-19T13:47:44.148561883Z,FMD,sender_signaling,fmd_sender_preparation,sender,54,false,not_applicable,unclear,gamma=8;p=2^-8;curve=P-256,-1,,not_applicable,not_applicable,unavailable,gc,go1.18.1,Release,JerryZ
2026-08-19T13:47:44.149875245Z,FMD,sender_signaling,message_encryption,sender,54,false,not_applicable,unclear,gamma=8;p=2^-8;curve=P-256,-1,,not_applicable,not_applicable,unavailable,gc,go1.18.1,Release,JerryZ
2026-08-19T13:47:44.151638115Z,FMD,sender_signaling,fmd_sender_total_signaling,sender,54,false,not_applicable,unclear,gamma=8;p=2^-8;curve=P-256,384965,269,measured,ok,unavailable,gc,go1.18.1,Release,JerryZ
2026-08-19T13:47:44.15366027Z,FMD,sender_signaling,fmd_flag_generation,sender,55,false,not_applicable,unclear,gamma=8;p=2^-8;curve=P-256,379436,269,measured,ok,unavailable,gc,go1.18.1,Release,JerryZ
2026-08-19T13:47:44.154716933Z,FMD,sender_signaling,fmd_sender_preparation,sender,55,false,not_applicable,unclear,gamma=8;p=2^-8;curve=P-256,-1,,not_applicable,not_applicable,unavailable,gc,go1.18.1,Release,JerryZ
2026-08-19T13:47:44.15585747Z,FMD,sender_signaling,message_encryption,sender,55,false,not_applicable,unclear,gamma=8;p=2^-8;curve=P-256,-1,,not_applicable,not_applicable,unavailable,gc,go1.18.1,Release,JerryZ
2026-08-19T13:47:44.158146135Z,FMD,sender_signaling,fmd_sender_total_signaling,sender,55,false,not_applicable,unclear,gamma=8;p=2^-8;curve=P-256,469327,269,measured,ok,unavailable,gc,go1.18.1,Release,JerryZ
2026-08-19T13:47:44.160176606Z,FMD,sender_signaling,fmd_flag_generation,sender,56,false,not_applicable,unclear,gamma=8;p=2^-8;curve=P-256,375625,268,measured,ok,unavailable,gc,go1.18.1,Release,JerryZ
2026-08-19T13:47:44.161199696Z,FMD,sender_signaling,fmd_sender_preparation,sender,56,false,not_applicable,unclear,gamma=8;p=2^-8;curve=P-256,-1,,not_applicable,not_applicable,unavailable,gc,go1.18.1,Release,JerryZ
2026-08-19T13:47:44.162449497Z,FMD,sender_signaling,message_encryption,sender,56,false,not_applicable,unclear,gamma=8;p=2^-8;curve=P-256,-1,,not_applicable,not_applicable,unavailable,gc,go1.18.1,Release,JerryZ
2026-08-19T13:47:44.164364864Z,FMD,sender_signaling,fmd_sender_total_signaling,sender,56,false,not_applicable,unclear,gamma=8;p=2^-8;curve=P-256,372778,269,measured,ok,unavailable,gc,go1.18.1,Release,JerryZ
2026-08-19T13:47:44.166312824Z,FMD,sender_signaling,fmd_flag_generation,sender,57,false,not_applicable,unclear,gamma=8;p=2^-8;curve=P-256,398236,269,measured,ok,unavailable,gc,go1.18.1,Release,JerryZ
2026-08-19T13:47:44.167370178Z,FMD,sender_signaling,fmd_sender_preparation,sender,57,false,not_applicable,unclear,gamma=8;p=2^-8;curve=P-256,-1,,not_applicable,not_applicable,unavailable,gc,go1.18.1,Release,JerryZ
2026-08-19T13:47:44.168420646Z,FMD,sender_signaling,message_encryption,sender,57,false,not_applicable,unclear,gamma=8;p=2^-8;curve=P-256,-1,,not_applicable,not_applicable,unavailable,gc,go1.18.1,Release,JerryZ
2026-08-19T13:47:44.170542551Z,FMD,sender_signaling,fmd_sender_total_signaling,sender,57,false,not_applicable,unclear,gamma=8;p=2^-8;curve=P-256,361418,268,measured,ok,unavailable,gc,go1.18.1,Release,JerryZ
2026-08-19T13:47:44.173414862Z,FMD,sender_signaling,fmd_flag_generation,sender,58,false,not_applicable,unclear,gamma=8;p=2^-8;curve=P-256,891119,270,measured,ok,unavailable,gc,go1.18.1,Release,JerryZ
2026-08-19T13:47:44.174867081Z,FMD,sender_signaling,fmd_sender_preparation,sender,58,false,not_applicable,unclear,gamma=8;p=2^-8;curve=P-256,-1,,not_applicable,not_applicable,unavailable,gc,go1.18.1,Release,JerryZ
2026-08-19T13:47:44.176231413Z,FMD,sender_signaling,message_encryption,sender,58,false,not_applicable,unclear,gamma=8;p=2^-8;curve=P-256,-1,,not_applicable,not_applicable,unavailable,gc,go1.18.1,Release,JerryZ
2026-08-19T13:47:44.178772268Z,FMD,sender_signaling,fmd_sender_total_signaling,sender,58,false,not_applicable,unclear,gamma=8;p=2^-8;curve=P-256,373918,269,measured,ok,unavailable,gc,go1.18.1,Release,JerryZ
2026-08-19T13:47:44.180919745Z,FMD,sender_signaling,fmd_flag_generation,sender,59,false,not_applicable,unclear,gamma=8;p=2^-8;curve=P-256,397970,268,measured,ok,unavailable,gc,go1.18.1,Release,JerryZ
2026-08-19T13:47:44.182005735Z,FMD,sender_signaling,fmd_sender_preparation,sender,59,false,not_applicable,unclear,gamma=8;p=2^-8;curve=P-256,-1,,not_applicable,not_applicable,unavailable,gc,go1.18.1,Release,JerryZ
2026-08-19T13:47:44.183373097Z,FMD,sender_signaling,message_encryption,sender,59,false,not_applicable,unclear,gamma=8;p=2^-8;curve=P-256,-1,,not_applicable,not_applicable,unavailable,gc,go1.18.1,Release,JerryZ
2026-08-19T13:47:44.185275487Z,FMD,sender_signaling,fmd_sender_total_signaling,sender,59,false,not_applicable,unclear,gamma=8;p=2^-8;curve=P-256,490102,270,measured,ok,unavailable,gc,go1.18.1,Release,JerryZ
2026-08-19T13:47:44.187931424Z,FMD,sender_signaling,fmd_flag_generation,sender,60,false,not_applicable,unclear,gamma=8;p=2^-8;curve=P-256,522740,271,measured,ok,unavailable,gc,go1.18.1,Release,JerryZ
2026-08-19T13:47:44.189391992Z,FMD,sender_signaling,fmd_sender_preparation,sender,60,false,not_applicable,unclear,gamma=8;p=2^-8;curve=P-256,-1,,not_applicable,not_applicable,unavailable,gc,go1.18.1,Release,JerryZ
2026-08-19T13:47:44.190599896Z,FMD,sender_signaling,message_encryption,sender,60,false,not_applicable,unclear,gamma=8;p=2^-8;curve=P-256,-1,,not_applicable,not_applicable,unavailable,gc,go1.18.1,Release,JerryZ
2026-08-19T13:47:44.192344505Z,FMD,sender_signaling,fmd_sender_total_signaling,sender,60,false,not_applicable,unclear,gamma=8;p=2^-8;curve=P-256,365091,269,measured,ok,unavailable,gc,go1.18.1,Release,JerryZ
2026-08-19T13:47:44.1948902Z,FMD,sender_signaling,fmd_flag_generation,sender,61,false,not_applicable,unclear,gamma=8;p=2^-8;curve=P-256,789400,269,measured,ok,unavailable,gc,go1.18.1,Release,JerryZ
2026-08-19T13:47:44.195957872Z,FMD,sender_signaling,fmd_sender_preparation,sender,61,false,not_applicable,unclear,gamma=8;p=2^-8;curve=P-256,-1,,not_applicable,not_applicable,unavailable,gc,go1.18.1,Release,JerryZ
2026-08-19T13:47:44.196935025Z,FMD,sender_signaling,message_encryption,sender,61,false,not_applicable,unclear,gamma=8;p=2^-8;curve=P-256,-1,,not_applicable,not_applicable,unavailable,gc,go1.18.1,Release,JerryZ
2026-08-19T13:47:44.198837738Z,FMD,sender_signaling,fmd_sender_total_signaling,sender,61,false,not_applicable,unclear,gamma=8;p=2^-8;curve=P-256,354806,269,measured,ok,unavailable,gc,go1.18.1,Release,JerryZ
2026-08-19T13:47:44.200889861Z,FMD,sender_signaling,fmd_flag_generation,sender,62,false,not_applicable,unclear,gamma=8;p=2^-8;curve=P-256,367865,267,measured,ok,unavailable,gc,go1.18.1,Release,JerryZ
2026-08-19T13:47:44.202760609Z,FMD,sender_signaling,fmd_sender_preparation,sender,62,false,not_applicable,unclear,gamma=8;p=2^-8;curve=P-256,-1,,not_applicable,not_applicable,unavailable,gc,go1.18.1,Release,JerryZ
2026-08-19T13:47:44.204694384Z,FMD,sender_signaling,message_encryption,sender,62,false,not_applicable,unclear,gamma=8;p=2^-8;curve=P-256,-1,,not_applicable,not_applicable,unavailable,gc,go1.18.1,Release,JerryZ
2026-08-19T13:47:44.207234017Z,FMD,sender_signaling,fmd_sender_total_signaling,sender,62,false,not_applicable,unclear,gamma=8;p=2^-8;curve=P-256,615533,269,measured,ok,unavailable,gc,go1.18.1,Release,JerryZ
2026-08-19T13:47:44.209329891Z,FMD,sender_signaling,fmd_flag_generation,sender,63,false,not_applicable,unclear,gamma=8;p=2^-8;curve=P-256,683970,269,measured,ok,unavailable,gc,go1.18.1,Release,JerryZ
2026-08-19T13:47:44.21059338Z,FMD,sender_signaling,fmd_sender_preparation,sender,63,false,not_applicable,unclear,gamma=8;p=2^-8;curve=P-256,-1,,not_applicable,not_applicable,unavailable,gc,go1.18.1,Release,JerryZ
2026-08-19T13:47:44.21173872Z,FMD,sender_signaling,message_encryption,sender,63,false,not_applicable,unclear,gamma=8;p=2^-8;curve=P-256,-1,,not_applicable,not_applicable,unavailable,gc,go1.18.1,Release,JerryZ
2026-08-19T13:47:44.214534021Z,FMD,sender_signaling,fmd_sender_total_signaling,sender,63,false,not_applicable,unclear,gamma=8;p=2^-8;curve=P-256,910213,269,measured,ok,unavailable,gc,go1.18.1,Release,JerryZ
2026-08-19T13:47:44.216720465Z,FMD,sender_signaling,fmd_flag_generation,sender,64,false,not_applicable,unclear,gamma=8;p=2^-8;curve=P-256,393764,271,measured,ok,unavailable,gc,go1.18.1,Release,JerryZ
2026-08-19T13:47:44.218376785Z,FMD,sender_signaling,fmd_sender_preparation,sender,64,false,not_applicable,unclear,gamma=8;p=2^-8;curve=P-256,-1,,not_applicable,not_applicable,unavailable,gc,go1.18.1,Release,JerryZ
2026-08-19T13:47:44.21978715Z,FMD,sender_signaling,message_encryption,sender,64,false,not_applicable,unclear,gamma=8;p=2^-8;curve=P-256,-1,,not_applicable,not_applicable,unavailable,gc,go1.18.1,Release,JerryZ
2026-08-19T13:47:44.222142452Z,FMD,sender_signaling,fmd_sender_total_signaling,sender,64,false,not_applicable,unclear,gamma=8;p=2^-8;curve=P-256,571992,270,measured,ok,unavailable,gc,go1.18.1,Release,JerryZ
2026-08-19T13:47:44.224215696Z,FMD,sender_signaling,fmd_flag_generation,sender,65,false,not_applicable,unclear,gamma=8;p=2^-8;curve=P-256,360701,269,measured,ok,unavailable,gc,go1.18.1,Release,JerryZ
2026-08-19T13:47:44.225493186Z,FMD,sender_signaling,fmd_sender_preparation,sender,65,false,not_applicable,unclear,gamma=8;p=2^-8;curve=P-256,-1,,not_applicable,not_applicable,unavailable,gc,go1.18.1,Release,JerryZ
2026-08-19T13:47:44.226644184Z,FMD,sender_signaling,message_encryption,sender,65,false,not_applicable,unclear,gamma=8;p=2^-8;curve=P-256,-1,,not_applicable,not_applicable,unavailable,gc,go1.18.1,Release,JerryZ
2026-08-19T13:47:44.228560592Z,FMD,sender_signaling,fmd_sender_total_signaling,sender,65,false,not_applicable,unclear,gamma=8;p=2^-8;curve=P-256,371383,270,measured,ok,unavailable,gc,go1.18.1,Release,JerryZ
2026-08-19T13:47:44.230463832Z,FMD,sender_signaling,fmd_flag_generation,sender,66,false,not_applicable,unclear,gamma=8;p=2^-8;curve=P-256,360959,269,measured,ok,unavailable,gc,go1.18.1,Release,JerryZ
2026-08-19T13:47:44.231607776Z,FMD,sender_signaling,fmd_sender_preparation,sender,66,false,not_applicable,unclear,gamma=8;p=2^-8;curve=P-256,-1,,not_applicable,not_applicable,unavailable,gc,go1.18.1,Release,JerryZ
2026-08-19T13:47:44.233252515Z,FMD,sender_signaling,message_encryption,sender,66,false,not_applicable,unclear,gamma=8;p=2^-8;curve=P-256,-1,,not_applicable,not_applicable,unavailable,gc,go1.18.1,Release,JerryZ
2026-08-19T13:47:44.235441742Z,FMD,sender_signaling,fmd_sender_total_signaling,sender,66,false,not_applicable,unclear,gamma=8;p=2^-8;curve=P-256,473451,269,measured,ok,unavailable,gc,go1.18.1,Release,JerryZ
2026-08-19T13:47:44.237596199Z,FMD,sender_signaling,fmd_flag_generation,sender,67,false,not_applicable,unclear,gamma=8;p=2^-8;curve=P-256,375387,269,measured,ok,unavailable,gc,go1.18.1,Release,JerryZ
2026-08-19T13:47:44.238734224Z,FMD,sender_signaling,fmd_sender_preparation,sender,67,false,not_applicable,unclear,gamma=8;p=2^-8;curve=P-256,-1,,not_applicable,not_applicable,unavailable,gc,go1.18.1,Release,JerryZ
2026-08-19T13:47:44.239820894Z,FMD,sender_signaling,message_encryption,sender,67,false,not_applicable,unclear,gamma=8;p=2^-8;curve=P-256,-1,,not_applicable,not_applicable,unavailable,gc,go1.18.1,Release,JerryZ
2026-08-19T13:47:44.241950077Z,FMD,sender_signaling,fmd_sender_total_signaling,sender,67,false,not_applicable,unclear,gamma=8;p=2^-8;curve=P-256,433602,270,measured,ok,unavailable,gc,go1.18.1,Release,JerryZ
2026-08-19T13:47:44.243885666Z,FMD,sender_signaling,fmd_flag_generation,sender,68,false,not_applicable,unclear,gamma=8;p=2^-8;curve=P-256,364310,270,measured,ok,unavailable,gc,go1.18.1,Release,JerryZ
2026-08-19T13:47:44.24509791Z,FMD,sender_signaling,fmd_sender_preparation,sender,68,false,not_applicable,unclear,gamma=8;p=2^-8;curve=P-256,-1,,not_applicable,not_applicable,unavailable,gc,go1.18.1,Release,JerryZ
2026-08-19T13:47:44.24616202Z,FMD,sender_signaling,message_encryption,sender,68,false,not_applicable,unclear,gamma=8;p=2^-8;curve=P-256,-1,,not_applicable,not_applicable,unavailable,gc,go1.18.1,Release,JerryZ
2026-08-19T13:47:44.248563025Z,FMD,sender_signaling,fmd_sender_total_signaling,sender,68,false,not_applicable,unclear,gamma=8;p=2^-8;curve=P-256,449564,270,measured,ok,unavailable,gc,go1.18.1,Release,JerryZ
2026-08-19T13:47:44.251390111Z,FMD,sender_signaling,fmd_flag_generation,sender,69,false,not_applicable,unclear,gamma=8;p=2^-8;curve=P-256,398272,269,measured,ok,unavailable,gc,go1.18.1,Release,JerryZ
2026-08-19T13:47:44.252883732Z,FMD,sender_signaling,fmd_sender_preparation,sender,69,false,not_applicable,unclear,gamma=8;p=2^-8;curve=P-256,-1,,not_applicable,not_applicable,unavailable,gc,go1.18.1,Release,JerryZ
2026-08-19T13:47:44.254240468Z,FMD,sender_signaling,message_encryption,sender,69,false,not_applicable,unclear,gamma=8;p=2^-8;curve=P-256,-1,,not_applicable,not_applicable,unavailable,gc,go1.18.1,Release,JerryZ
2026-08-19T13:47:44.256348455Z,FMD,sender_signaling,fmd_sender_total_signaling,sender,69,false,not_applicable,unclear,gamma=8;p=2^-8;curve=P-256,392652,269,measured,ok,unavailable,gc,go1.18.1,Release,JerryZ
2026-08-19T13:47:44.258642616Z,FMD,sender_signaling,fmd_flag_generation,sender,70,false,not_applicable,unclear,gamma=8;p=2^-8;curve=P-256,394746,269,measured,ok,unavailable,gc,go1.18.1,Release,JerryZ
2026-08-19T13:47:44.26011505Z,FMD,sender_signaling,fmd_sender_preparation,sender,70,false,not_applicable,unclear,gamma=8;p=2^-8;curve=P-256,-1,,not_applicable,not_applicable,unavailable,gc,go1.18.1,Release,JerryZ
2026-08-19T13:47:44.261526365Z,FMD,sender_signaling,message_encryption,sender,70,false,not_applicable,unclear,gamma=8;p=2^-8;curve=P-256,-1,,not_applicable,not_applicable,unavailable,gc,go1.18.1,Release,JerryZ
2026-08-19T13:47:44.26359185Z,FMD,sender_signaling,fmd_sender_total_signaling,sender,70,false,not_applicable,unclear,gamma=8;p=2^-8;curve=P-256,401119,269,measured,ok,unavailable,gc,go1.18.1,Release,JerryZ
2026-08-19T13:47:44.266435052Z,FMD,sender_signaling,fmd_flag_generation,sender,71,false,not_applicable,unclear,gamma=8;p=2^-8;curve=P-256,390191,270,measured,ok,unavailable,gc,go1.18.1,Release,JerryZ
2026-08-19T13:47:44.267937416Z,FMD,sender_signaling,fmd_sender_preparation,sender,71,false,not_applicable,unclear,gamma=8;p=2^-8;curve=P-256,-1,,not_applicable,not_applicable,unavailable,gc,go1.18.1,Release,JerryZ
2026-08-19T13:47:44.269052564Z,FMD,sender_signaling,message_encryption,sender,71,false,not_applicable,unclear,gamma=8;p=2^-8;curve=P-256,-1,,not_applicable,not_applicable,unavailable,gc,go1.18.1,Release,JerryZ
2026-08-19T13:47:44.270978125Z,FMD,sender_signaling,fmd_sender_total_signaling,sender,71,false,not_applicable,unclear,gamma=8;p=2^-8;curve=P-256,404637,269,measured,ok,unavailable,gc,go1.18.1,Release,JerryZ
2026-08-19T13:47:44.273920177Z,FMD,sender_signaling,fmd_flag_generation,sender,72,false,not_applicable,unclear,gamma=8;p=2^-8;curve=P-256,867040,270,measured,ok,unavailable,gc,go1.18.1,Release,JerryZ
2026-08-19T13:47:44.275068516Z,FMD,sender_signaling,fmd_sender_preparation,sender,72,false,not_applicable,unclear,gamma=8;p=2^-8;curve=P-256,-1,,not_applicable,not_applicable,unavailable,gc,go1.18.1,Release,JerryZ
2026-08-19T13:47:44.276185221Z,FMD,sender_signaling,message_encryption,sender,72,false,not_applicable,unclear,gamma=8;p=2^-8;curve=P-256,-1,,not_applicable,not_applicable,unavailable,gc,go1.18.1,Release,JerryZ
2026-08-19T13:47:44.278013241Z,FMD,sender_signaling,fmd_sender_total_signaling,sender,72,false,not_applicable,unclear,gamma=8;p=2^-8;curve=P-256,392000,268,measured,ok,unavailable,gc,go1.18.1,Release,JerryZ
2026-08-19T13:47:44.280415421Z,FMD,sender_signaling,fmd_flag_generation,sender,73,false,not_applicable,unclear,gamma=8;p=2^-8;curve=P-256,412599,270,measured,ok,unavailable,gc,go1.18.1,Release,JerryZ
2026-08-19T13:47:44.28228092Z,FMD,sender_signaling,fmd_sender_preparation,sender,73,false,not_applicable,unclear,gamma=8;p=2^-8;curve=P-256,-1,,not_applicable,not_applicable,unavailable,gc,go1.18.1,Release,JerryZ
2026-08-19T13:47:44.28341765Z,FMD,sender_signaling,message_encryption,sender,73,false,not_applicable,unclear,gamma=8;p=2^-8;curve=P-256,-1,,not_applicable,not_applicable,unavailable,gc,go1.18.1,Release,JerryZ
2026-08-19T13:47:44.28531684Z,FMD,sender_signaling,fmd_sender_total_signaling,sender,73,false,not_applicable,unclear,gamma=8;p=2^-8;curve=P-256,409551,270,measured,ok,unavailable,gc,go1.18.1,Release,JerryZ
2026-08-19T13:47:44.287547063Z,FMD,sender_signaling,fmd_flag_generation,sender,74,false,not_applicable,unclear,gamma=8;p=2^-8;curve=P-256,571791,265,measured,ok,unavailable,gc,go1.18.1,Release,JerryZ
2026-08-19T13:47:44.289049302Z,FMD,sender_signaling,fmd_sender_preparation,sender,74,false,not_applicable,unclear,gamma=8;p=2^-8;curve=P-256,-1,,not_applicable,not_applicable,unavailable,gc,go1.18.1,Release,JerryZ
2026-08-19T13:47:44.290117632Z,FMD,sender_signaling,message_encryption,sender,74,false,not_applicable,unclear,gamma=8;p=2^-8;curve=P-256,-1,,not_applicable,not_applicable,unavailable,gc,go1.18.1,Release,JerryZ
2026-08-19T13:47:44.292056726Z,FMD,sender_signaling,fmd_sender_total_signaling,sender,74,false,not_applicable,unclear,gamma=8;p=2^-8;curve=P-256,386936,269,measured,ok,unavailable,gc,go1.18.1,Release,JerryZ
2026-08-19T13:47:44.295353208Z,FMD,sender_signaling,fmd_flag_generation,sender,75,false,not_applicable,unclear,gamma=8;p=2^-8;curve=P-256,721412,269,measured,ok,unavailable,gc,go1.18.1,Release,JerryZ
2026-08-19T13:47:44.296834981Z,FMD,sender_signaling,fmd_sender_preparation,sender,75,false,not_applicable,unclear,gamma=8;p=2^-8;curve=P-256,-1,,not_applicable,not_applicable,unavailable,gc,go1.18.1,Release,JerryZ
2026-08-19T13:47:44.298235763Z,FMD,sender_signaling,message_encryption,sender,75,false,not_applicable,unclear,gamma=8;p=2^-8;curve=P-256,-1,,not_applicable,not_applicable,unavailable,gc,go1.18.1,Release,JerryZ
2026-08-19T13:47:44.300058622Z,FMD,sender_signaling,fmd_sender_total_signaling,sender,75,false,not_applicable,unclear,gamma=8;p=2^-8;curve=P-256,441501,269,measured,ok,unavailable,gc,go1.18.1,Release,JerryZ
2026-08-19T13:47:44.301934581Z,FMD,sender_signaling,fmd_flag_generation,sender,76,false,not_applicable,unclear,gamma=8;p=2^-8;curve=P-256,399236,269,measured,ok,unavailable,gc,go1.18.1,Release,JerryZ
2026-08-19T13:47:44.302984396Z,FMD,sender_signaling,fmd_sender_preparation,sender,76,false,not_applicable,unclear,gamma=8;p=2^-8;curve=P-256,-1,,not_applicable,not_applicable,unavailable,gc,go1.18.1,Release,JerryZ
2026-08-19T13:47:44.304329772Z,FMD,sender_signaling,message_encryption,sender,76,false,not_applicable,unclear,gamma=8;p=2^-8;curve=P-256,-1,,not_applicable,not_applicable,unavailable,gc,go1.18.1,Release,JerryZ
2026-08-19T13:47:44.306893881Z,FMD,sender_signaling,fmd_sender_total_signaling,sender,76,false,not_applicable,unclear,gamma=8;p=2^-8;curve=P-256,832564,269,measured,ok,unavailable,gc,go1.18.1,Release,JerryZ
2026-08-19T13:47:44.309067288Z,FMD,sender_signaling,fmd_flag_generation,sender,77,false,not_applicable,unclear,gamma=8;p=2^-8;curve=P-256,635494,269,measured,ok,unavailable,gc,go1.18.1,Release,JerryZ
2026-08-19T13:47:44.310353994Z,FMD,sender_signaling,fmd_sender_preparation,sender,77,false,not_applicable,unclear,gamma=8;p=2^-8;curve=P-256,-1,,not_applicable,not_applicable,unavailable,gc,go1.18.1,Release,JerryZ
2026-08-19T13:47:44.311534728Z,FMD,sender_signaling,message_encryption,sender,77,false,not_applicable,unclear,gamma=8;p=2^-8;curve=P-256,-1,,not_applicable,not_applicable,unavailable,gc,go1.18.1,Release,JerryZ
2026-08-19T13:47:44.313976458Z,FMD,sender_signaling,fmd_sender_total_signaling,sender,77,false,not_applicable,unclear,gamma=8;p=2^-8;curve=P-256,440702,270,measured,ok,unavailable,gc,go1.18.1,Release,JerryZ
2026-08-19T13:47:44.316019406Z,FMD,sender_signaling,fmd_flag_generation,sender,78,false,not_applicable,unclear,gamma=8;p=2^-8;curve=P-256,376112,270,measured,ok,unavailable,gc,go1.18.1,Release,JerryZ
2026-08-19T13:47:44.317366168Z,FMD,sender_signaling,fmd_sender_preparation,sender,78,false,not_applicable,unclear,gamma=8;p=2^-8;curve=P-256,-1,,not_applicable,not_applicable,unavailable,gc,go1.18.1,Release,JerryZ
2026-08-19T13:47:44.318440935Z,FMD,sender_signaling,message_encryption,sender,78,false,not_applicable,unclear,gamma=8;p=2^-8;curve=P-256,-1,,not_applicable,not_applicable,unavailable,gc,go1.18.1,Release,JerryZ
2026-08-19T13:47:44.320428731Z,FMD,sender_signaling,fmd_sender_total_signaling,sender,78,false,not_applicable,unclear,gamma=8;p=2^-8;curve=P-256,370841,268,measured,ok,unavailable,gc,go1.18.1,Release,JerryZ
2026-08-19T13:47:44.322586305Z,FMD,sender_signaling,fmd_flag_generation,sender,79,false,not_applicable,unclear,gamma=8;p=2^-8;curve=P-256,771849,271,measured,ok,unavailable,gc,go1.18.1,Release,JerryZ
2026-08-19T13:47:44.323788295Z,FMD,sender_signaling,fmd_sender_preparation,sender,79,false,not_applicable,unclear,gamma=8;p=2^-8;curve=P-256,-1,,not_applicable,not_applicable,unavailable,gc,go1.18.1,Release,JerryZ
2026-08-19T13:47:44.326326551Z,FMD,sender_signaling,message_encryption,sender,79,false,not_applicable,unclear,gamma=8;p=2^-8;curve=P-256,-1,,not_applicable,not_applicable,unavailable,gc,go1.18.1,Release,JerryZ
2026-08-19T13:47:44.328601444Z,FMD,sender_signaling,fmd_sender_total_signaling,sender,79,false,not_applicable,unclear,gamma=8;p=2^-8;curve=P-256,446543,269,measured,ok,unavailable,gc,go1.18.1,Release,JerryZ
2026-08-19T13:47:44.330632627Z,FMD,sender_signaling,fmd_flag_generation,sender,80,false,not_applicable,unclear,gamma=8;p=2^-8;curve=P-256,370253,269,measured,ok,unavailable,gc,go1.18.1,Release,JerryZ
2026-08-19T13:47:44.331808701Z,FMD,sender_signaling,fmd_sender_preparation,sender,80,false,not_applicable,unclear,gamma=8;p=2^-8;curve=P-256,-1,,not_applicable,not_applicable,unavailable,gc,go1.18.1,Release,JerryZ
2026-08-19T13:47:44.332858736Z,FMD,sender_signaling,message_encryption,sender,80,false,not_applicable,unclear,gamma=8;p=2^-8;curve=P-256,-1,,not_applicable,not_applicable,unavailable,gc,go1.18.1,Release,JerryZ
2026-08-19T13:47:44.334782865Z,FMD,sender_signaling,fmd_sender_total_signaling,sender,80,false,not_applicable,unclear,gamma=8;p=2^-8;curve=P-256,413720,270,measured,ok,unavailable,gc,go1.18.1,Release,JerryZ
2026-08-19T13:47:44.337168249Z,FMD,sender_signaling,fmd_flag_generation,sender,81,false,not_applicable,unclear,gamma=8;p=2^-8;curve=P-256,431105,269,measured,ok,unavailable,gc,go1.18.1,Release,JerryZ
2026-08-19T13:47:44.338352027Z,FMD,sender_signaling,fmd_sender_preparation,sender,81,false,not_applicable,unclear,gamma=8;p=2^-8;curve=P-256,-1,,not_applicable,not_applicable,unavailable,gc,go1.18.1,Release,JerryZ
2026-08-19T13:47:44.339479243Z,FMD,sender_signaling,message_encryption,sender,81,false,not_applicable,unclear,gamma=8;p=2^-8;curve=P-256,-1,,not_applicable,not_applicable,unavailable,gc,go1.18.1,Release,JerryZ
2026-08-19T13:47:44.341654777Z,FMD,sender_signaling,fmd_sender_total_signaling,sender,81,false,not_applicable,unclear,gamma=8;p=2^-8;curve=P-256,375607,270,measured,ok,unavailable,gc,go1.18.1,Release,JerryZ
2026-08-19T13:47:44.3439084Z,FMD,sender_signaling,fmd_flag_generation,sender,82,false,not_applicable,unclear,gamma=8;p=2^-8;curve=P-256,396170,269,measured,ok,unavailable,gc,go1.18.1,Release,JerryZ
2026-08-19T13:47:44.345558282Z,FMD,sender_signaling,fmd_sender_preparation,sender,82,false,not_applicable,unclear,gamma=8;p=2^-8;curve=P-256,-1,,not_applicable,not_applicable,unavailable,gc,go1.18.1,Release,JerryZ
2026-08-19T13:47:44.346596214Z,FMD,sender_signaling,message_encryption,sender,82,false,not_applicable,unclear,gamma=8;p=2^-8;curve=P-256,-1,,not_applicable,not_applicable,unavailable,gc,go1.18.1,Release,JerryZ
2026-08-19T13:47:44.348438694Z,FMD,sender_signaling,fmd_sender_total_signaling,sender,82,false,not_applicable,unclear,gamma=8;p=2^-8;curve=P-256,404449,269,measured,ok,unavailable,gc,go1.18.1,Release,JerryZ
2026-08-19T13:47:44.350482Z,FMD,sender_signaling,fmd_flag_generation,sender,83,false,not_applicable,unclear,gamma=8;p=2^-8;curve=P-256,389066,269,measured,ok,unavailable,gc,go1.18.1,Release,JerryZ
2026-08-19T13:47:44.351749584Z,FMD,sender_signaling,fmd_sender_preparation,sender,83,false,not_applicable,unclear,gamma=8;p=2^-8;curve=P-256,-1,,not_applicable,not_applicable,unavailable,gc,go1.18.1,Release,JerryZ
2026-08-19T13:47:44.352819429Z,FMD,sender_signaling,message_encryption,sender,83,false,not_applicable,unclear,gamma=8;p=2^-8;curve=P-256,-1,,not_applicable,not_applicable,unavailable,gc,go1.18.1,Release,JerryZ
2026-08-19T13:47:44.355438089Z,FMD,sender_signaling,fmd_sender_total_signaling,sender,83,false,not_applicable,unclear,gamma=8;p=2^-8;curve=P-256,847570,269,measured,ok,unavailable,gc,go1.18.1,Release,JerryZ
2026-08-19T13:47:44.358802801Z,FMD,sender_signaling,fmd_flag_generation,sender,84,false,not_applicable,unclear,gamma=8;p=2^-8;curve=P-256,386885,269,measured,ok,unavailable,gc,go1.18.1,Release,JerryZ
2026-08-19T13:47:44.359985312Z,FMD,sender_signaling,fmd_sender_preparation,sender,84,false,not_applicable,unclear,gamma=8;p=2^-8;curve=P-256,-1,,not_applicable,not_applicable,unavailable,gc,go1.18.1,Release,JerryZ
2026-08-19T13:47:44.36103059Z,FMD,sender_signaling,message_encryption,sender,84,false,not_applicable,unclear,gamma=8;p=2^-8;curve=P-256,-1,,not_applicable,not_applicable,unavailable,gc,go1.18.1,Release,JerryZ
2026-08-19T13:47:44.363315512Z,FMD,sender_signaling,fmd_sender_total_signaling,sender,84,false,not_applicable,unclear,gamma=8;p=2^-8;curve=P-256,737410,269,measured,ok,unavailable,gc,go1.18.1,Release,JerryZ
2026-08-19T13:47:44.365809998Z,FMD,sender_signaling,fmd_flag_generation,sender,85,false,not_applicable,unclear,gamma=8;p=2^-8;curve=P-256,414546,268,measured,ok,unavailable,gc,go1.18.1,Release,JerryZ
2026-08-19T13:47:44.366865186Z,FMD,sender_signaling,fmd_sender_preparation,sender,85,false,not_applicable,unclear,gamma=8;p=2^-8;curve=P-256,-1,,not_applicable,not_applicable,unavailable,gc,go1.18.1,Release,JerryZ
2026-08-19T13:47:44.368107474Z,FMD,sender_signaling,message_encryption,sender,85,false,not_applicable,unclear,gamma=8;p=2^-8;curve=P-256,-1,,not_applicable,not_applicable,unavailable,gc,go1.18.1,Release,JerryZ
2026-08-19T13:47:44.370968402Z,FMD,sender_signaling,fmd_sender_total_signaling,sender,85,false,not_applicable,unclear,gamma=8;p=2^-8;curve=P-256,941786,270,measured,ok,unavailable,gc,go1.18.1,Release,JerryZ
2026-08-19T13:47:44.373449626Z,FMD,sender_signaling,fmd_flag_generation,sender,86,false,not_applicable,unclear,gamma=8;p=2^-8;curve=P-256,501709,270,measured,ok,unavailable,gc,go1.18.1,Release,JerryZ
2026-08-19T13:47:44.374731469Z,FMD,sender_signaling,fmd_sender_preparation,sender,86,false,not_applicable,unclear,gamma=8;p=2^-8;curve=P-256,-1,,not_applicable,not_applicable,unavailable,gc,go1.18.1,Release,JerryZ
2026-08-19T13:47:44.375801727Z,FMD,sender_signaling,message_encryption,sender,86,false,not_applicable,unclear,gamma=8;p=2^-8;curve=P-256,-1,,not_applicable,not_applicable,unavailable,gc,go1.18.1,Release,JerryZ
2026-08-19T13:47:44.378054423Z,FMD,sender_signaling,fmd_sender_total_signaling,sender,86,false,not_applicable,unclear,gamma=8;p=2^-8;curve=P-256,410891,268,measured,ok,unavailable,gc,go1.18.1,Release,JerryZ
2026-08-19T13:47:44.380016241Z,FMD,sender_signaling,fmd_flag_generation,sender,87,false,not_applicable,unclear,gamma=8;p=2^-8;curve=P-256,389622,269,measured,ok,unavailable,gc,go1.18.1,Release,JerryZ
2026-08-19T13:47:44.381084203Z,FMD,sender_signaling,fmd_sender_preparation,sender,87,false,not_applicable,unclear,gamma=8;p=2^-8;curve=P-256,-1,,not_applicable,not_applicable,unavailable,gc,go1.18.1,Release,JerryZ
2026-08-19T13:47:44.382233626Z,FMD,sender_signaling,message_encryption,sender,87,false,not_applicable,unclear,gamma=8;p=2^-8;curve=P-256,-1,,not_applicable,not_applicable,unavailable,gc,go1.18.1,Release,JerryZ
2026-08-19T13:47:44.384410207Z,FMD,sender_signaling,fmd_sender_total_signaling,sender,87,false,not_applicable,unclear,gamma=8;p=2^-8;curve=P-256,361546,270,measured,ok,unavailable,gc,go1.18.1,Release,JerryZ
2026-08-19T13:47:44.386753502Z,FMD,sender_signaling,fmd_flag_generation,sender,88,false,not_applicable,unclear,gamma=8;p=2^-8;curve=P-256,430617,268,measured,ok,unavailable,gc,go1.18.1,Release,JerryZ
2026-08-19T13:47:44.388150169Z,FMD,sender_signaling,fmd_sender_preparation,sender,88,false,not_applicable,unclear,gamma=8;p=2^-8;curve=P-256,-1,,not_applicable,not_applicable,unavailable,gc,go1.18.1,Release,JerryZ
2026-08-19T13:47:44.389473293Z,FMD,sender_signaling,message_encryption,sender,88,false,not_applicable,unclear,gamma=8;p=2^-8;curve=P-256,-1,,not_applicable,not_applicable,unavailable,gc,go1.18.1,Release,JerryZ
2026-08-19T13:47:44.391525241Z,FMD,sender_signaling,fmd_sender_total_signaling,sender,88,false,not_applicable,unclear,gamma=8;p=2^-8;curve=P-256,369628,269,measured,ok,unavailable,gc,go1.18.1,Release,JerryZ
2026-08-19T13:47:44.393749302Z,FMD,sender_signaling,fmd_flag_generation,sender,89,false,not_applicable,unclear,gamma=8;p=2^-8;curve=P-256,395160,268,measured,ok,unavailable,gc,go1.18.1,Release,JerryZ
2026-08-19T13:47:44.394851317Z,FMD,sender_signaling,fmd_sender_preparation,sender,89,false,not_applicable,unclear,gamma=8;p=2^-8;curve=P-256,-1,,not_applicable,not_applicable,unavailable,gc,go1.18.1,Release,JerryZ
2026-08-19T13:47:44.396071656Z,FMD,sender_signaling,message_encryption,sender,89,false,not_applicable,unclear,gamma=8;p=2^-8;curve=P-256,-1,,not_applicable,not_applicable,unavailable,gc,go1.18.1,Release,JerryZ
2026-08-19T13:47:44.397982293Z,FMD,sender_signaling,fmd_sender_total_signaling,sender,89,false,not_applicable,unclear,gamma=8;p=2^-8;curve=P-256,413279,269,measured,ok,unavailable,gc,go1.18.1,Release,JerryZ
2026-08-19T13:47:44.40066253Z,FMD,sender_signaling,fmd_flag_generation,sender,90,false,not_applicable,unclear,gamma=8;p=2^-8;curve=P-256,895785,269,measured,ok,unavailable,gc,go1.18.1,Release,JerryZ
2026-08-19T13:47:44.402404636Z,FMD,sender_signaling,fmd_sender_preparation,sender,90,false,not_applicable,unclear,gamma=8;p=2^-8;curve=P-256,-1,,not_applicable,not_applicable,unavailable,gc,go1.18.1,Release,JerryZ
2026-08-19T13:47:44.404295776Z,FMD,sender_signaling,message_encryption,sender,90,false,not_applicable,unclear,gamma=8;p=2^-8;curve=P-256,-1,,not_applicable,not_applicable,unavailable,gc,go1.18.1,Release,JerryZ
2026-08-19T13:47:44.40619211Z,FMD,sender_signaling,fmd_sender_total_signaling,sender,90,false,not_applicable,unclear,gamma=8;p=2^-8;curve=P-256,370556,271,measured,ok,unavailable,gc,go1.18.1,Release,JerryZ
2026-08-19T13:47:44.407948262Z,FMD,sender_signaling,fmd_flag_generation,sender,91,false,not_applicable,unclear,gamma=8;p=2^-8;curve=P-256,355091,269,measured,ok,unavailable,gc,go1.18.1,Release,JerryZ
2026-08-19T13:47:44.409145733Z,FMD,sender_signaling,fmd_sender_preparation,sender,91,false,not_applicable,unclear,gamma=8;p=2^-8;curve=P-256,-1,,not_applicable,not_applicable,unavailable,gc,go1.18.1,Release,JerryZ
2026-08-19T13:47:44.410241467Z,FMD,sender_signaling,message_encryption,sender,91,false,not_applicable,unclear,gamma=8;p=2^-8;curve=P-256,-1,,not_applicable,not_applicable,unavailable,gc,go1.18.1,Release,JerryZ
2026-08-19T13:47:44.411985501Z,FMD,sender_signaling,fmd_sender_total_signaling,sender,91,false,not_applicable,unclear,gamma=8;p=2^-8;curve=P-256,368279,269,measured,ok,unavailable,gc,go1.18.1,Release,JerryZ
2026-08-19T13:47:44.414361306Z,FMD,sender_signaling,fmd_flag_generation,sender,92,false,not_applicable,unclear,gamma=8;p=2^-8;curve=P-256,384965,269,measured,ok,unavailable,gc,go1.18.1,Release,JerryZ
2026-08-19T13:47:44.415450464Z,FMD,sender_signaling,fmd_sender_preparation,sender,92,false,not_applicable,unclear,gamma=8;p=2^-8;curve=P-256,-1,,not_applicable,not_applicable,unavailable,gc,go1.18.1,Release,JerryZ
2026-08-19T13:47:44.417483796Z,FMD,sender_signaling,message_encryption,sender,92,false,not_applicable,unclear,gamma=8;p=2^-8;curve=P-256,-1,,not_applicable,not_applicable,unavailable,gc,go1.18.1,Release,JerryZ
2026-08-19T13:47:44.419971229Z,FMD,sender_signaling,fmd_sender_total_signaling,sender,92,false,not_applicable,unclear,gamma=8;p=2^-8;curve=P-256,431169,269,measured,ok,unavailable,gc,go1.18.1,Release,JerryZ
2026-08-19T13:47:44.422182556Z,FMD,sender_signaling,fmd_flag_generation,sender,93,false,not_applicable,unclear,gamma=8;p=2^-8;curve=P-256,389998,271,measured,ok,unavailable,gc,go1.18.1,Release,JerryZ
2026-08-19T13:47:44.423726968Z,FMD,sender_signaling,fmd_sender_preparation,sender,93,false,not_applicable,unclear,gamma=8;p=2^-8;curve=P-256,-1,,not_applicable,not_applicable,unavailable,gc,go1.18.1,Release,JerryZ
2026-08-19T13:47:44.424984534Z,FMD,sender_signaling,message_encryption,sender,93,false,not_applicable,unclear,gamma=8;p=2^-8;curve=P-256,-1,,not_applicable,not_applicable,unavailable,gc,go1.18.1,Release,JerryZ
2026-08-19T13:47:44.427606156Z,FMD,sender_signaling,fmd_sender_total_signaling,sender,93,false,not_applicable,unclear,gamma=8;p=2^-8;curve=P-256,450446,269,measured,ok,unavailable,gc,go1.18.1,Release,JerryZ
2026-08-19T13:47:44.430775145Z,FMD,sender_signaling,fmd_flag_generation,sender,94,false,not_applicable,unclear,gamma=8;p=2^-8;curve=P-256,363485,270,measured,ok,unavailable,gc,go1.18.1,Release,JerryZ
2026-08-19T13:47:44.432520566Z,FMD,sender_signaling,fmd_sender_preparation,sender,94,false,not_applicable,unclear,gamma=8;p=2^-8;curve=P-256,-1,,not_applicable,not_applicable,unavailable,gc,go1.18.1,Release,JerryZ
2026-08-19T13:47:44.433937823Z,FMD,sender_signaling,message_encryption,sender,94,false,not_applicable,unclear,gamma=8;p=2^-8;curve=P-256,-1,,not_applicable,not_applicable,unavailable,gc,go1.18.1,Release,JerryZ
2026-08-19T13:47:44.436161595Z,FMD,sender_signaling,fmd_sender_total_signaling,sender,94,false,not_applicable,unclear,gamma=8;p=2^-8;curve=P-256,392138,269,measured,ok,unavailable,gc,go1.18.1,Release,JerryZ
2026-08-19T13:47:44.438201517Z,FMD,sender_signaling,fmd_flag_generation,sender,95,false,not_applicable,unclear,gamma=8;p=2^-8;curve=P-256,400137,268,measured,ok,unavailable,gc,go1.18.1,Release,JerryZ
2026-08-19T13:47:44.439597064Z,FMD,sender_signaling,fmd_sender_preparation,sender,95,false,not_applicable,unclear,gamma=8;p=2^-8;curve=P-256,-1,,not_applicable,not_applicable,unavailable,gc,go1.18.1,Release,JerryZ
2026-08-19T13:47:44.441073979Z,FMD,sender_signaling,message_encryption,sender,95,false,not_applicable,unclear,gamma=8;p=2^-8;curve=P-256,-1,,not_applicable,not_applicable,unavailable,gc,go1.18.1,Release,JerryZ
2026-08-19T13:47:44.443101516Z,FMD,sender_signaling,fmd_sender_total_signaling,sender,95,false,not_applicable,unclear,gamma=8;p=2^-8;curve=P-256,363319,270,measured,ok,unavailable,gc,go1.18.1,Release,JerryZ
2026-08-19T13:47:44.445012153Z,FMD,sender_signaling,fmd_flag_generation,sender,96,false,not_applicable,unclear,gamma=8;p=2^-8;curve=P-256,352170,268,measured,ok,unavailable,gc,go1.18.1,Release,JerryZ
2026-08-19T13:47:44.446237387Z,FMD,sender_signaling,fmd_sender_preparation,sender,96,false,not_applicable,unclear,gamma=8;p=2^-8;curve=P-256,-1,,not_applicable,not_applicable,unavailable,gc,go1.18.1,Release,JerryZ
2026-08-19T13:47:44.447491394Z,FMD,sender_signaling,message_encryption,sender,96,false,not_applicable,unclear,gamma=8;p=2^-8;curve=P-256,-1,,not_applicable,not_applicable,unavailable,gc,go1.18.1,Release,JerryZ
2026-08-19T13:47:44.450560555Z,FMD,sender_signaling,fmd_sender_total_signaling,sender,96,false,not_applicable,unclear,gamma=8;p=2^-8;curve=P-256,440472,269,measured,ok,unavailable,gc,go1.18.1,Release,JerryZ
2026-08-19T13:47:44.452683962Z,FMD,sender_signaling,fmd_flag_generation,sender,97,false,not_applicable,unclear,gamma=8;p=2^-8;curve=P-256,365257,269,measured,ok,unavailable,gc,go1.18.1,Release,JerryZ
2026-08-19T13:47:44.453949765Z,FMD,sender_signaling,fmd_sender_preparation,sender,97,false,not_applicable,unclear,gamma=8;p=2^-8;curve=P-256,-1,,not_applicable,not_applicable,unavailable,gc,go1.18.1,Release,JerryZ
2026-08-19T13:47:44.455175215Z,FMD,sender_signaling,message_encryption,sender,97,false,not_applicable,unclear,gamma=8;p=2^-8;curve=P-256,-1,,not_applicable,not_applicable,unavailable,gc,go1.18.1,Release,JerryZ
2026-08-19T13:47:44.457625068Z,FMD,sender_signaling,fmd_sender_total_signaling,sender,97,false,not_applicable,unclear,gamma=8;p=2^-8;curve=P-256,411351,270,measured,ok,unavailable,gc,go1.18.1,Release,JerryZ
2026-08-19T13:47:44.45947151Z,FMD,sender_signaling,fmd_flag_generation,sender,98,false,not_applicable,unclear,gamma=8;p=2^-8;curve=P-256,350921,269,measured,ok,unavailable,gc,go1.18.1,Release,JerryZ
2026-08-19T13:47:44.460615229Z,FMD,sender_signaling,fmd_sender_preparation,sender,98,false,not_applicable,unclear,gamma=8;p=2^-8;curve=P-256,-1,,not_applicable,not_applicable,unavailable,gc,go1.18.1,Release,JerryZ
2026-08-19T13:47:44.461947546Z,FMD,sender_signaling,message_encryption,sender,98,false,not_applicable,unclear,gamma=8;p=2^-8;curve=P-256,-1,,not_applicable,not_applicable,unavailable,gc,go1.18.1,Release,JerryZ
2026-08-19T13:47:44.464883661Z,FMD,sender_signaling,fmd_sender_total_signaling,sender,98,false,not_applicable,unclear,gamma=8;p=2^-8;curve=P-256,404215,268,measured,ok,unavailable,gc,go1.18.1,Release,JerryZ
2026-08-19T13:47:44.467004992Z,FMD,sender_signaling,fmd_flag_generation,sender,99,false,not_applicable,unclear,gamma=8;p=2^-8;curve=P-256,354466,269,measured,ok,unavailable,gc,go1.18.1,Release,JerryZ
2026-08-19T13:47:44.468182085Z,FMD,sender_signaling,fmd_sender_preparation,sender,99,false,not_applicable,unclear,gamma=8;p=2^-8;curve=P-256,-1,,not_applicable,not_applicable,unavailable,gc,go1.18.1,Release,JerryZ
2026-08-19T13:47:44.469869538Z,FMD,sender_signaling,message_encryption,sender,99,false,not_applicable,unclear,gamma=8;p=2^-8;curve=P-256,-1,,not_applicable,not_applicable,unavailable,gc,go1.18.1,Release,JerryZ
2026-08-19T13:47:44.471843341Z,FMD,sender_signaling,fmd_sender_total_signaling,sender,99,false,not_applicable,unclear,gamma=8;p=2^-8;curve=P-256,389888,271,measured,ok,unavailable,gc,go1.18.1,Release,JerryZ
2026-08-19T13:47:44.473778353Z,FMD,sender_signaling,fmd_flag_generation,sender,100,false,not_applicable,unclear,gamma=8;p=2^-8;curve=P-256,475215,269,measured,ok,unavailable,gc,go1.18.1,Release,JerryZ
2026-08-19T13:47:44.474903172Z,FMD,sender_signaling,fmd_sender_preparation,sender,100,false,not_applicable,unclear,gamma=8;p=2^-8;curve=P-256,-1,,not_applicable,not_applicable,unavailable,gc,go1.18.1,Release,JerryZ
2026-08-19T13:47:44.476019928Z,FMD,sender_signaling,message_encryption,sender,100,false,not_applicable,unclear,gamma=8;p=2^-8;curve=P-256,-1,,not_applicable,not_applicable,unavailable,gc,go1.18.1,Release,JerryZ
2026-08-19T13:47:44.4786725Z,FMD,sender_signaling,fmd_sender_total_signaling,sender,100,false,not_applicable,unclear,gamma=8;p=2^-8;curve=P-256,536434,269,measured,ok,unavailable,gc,go1.18.1,Release,JerryZ
2026-08-19T13:47:44.481684734Z,FMD,sender_signaling,fmd_flag_generation,sender,101,false,not_applicable,unclear,gamma=8;p=2^-8;curve=P-256,437249,268,measured,ok,unavailable,gc,go1.18.1,Release,JerryZ
2026-08-19T13:47:44.482885126Z,FMD,sender_signaling,fmd_sender_preparation,sender,101,false,not_applicable,unclear,gamma=8;p=2^-8;curve=P-256,-1,,not_applicable,not_applicable,unavailable,gc,go1.18.1,Release,JerryZ
2026-08-19T13:47:44.484001799Z,FMD,sender_signaling,message_encryption,sender,101,false,not_applicable,unclear,gamma=8;p=2^-8;curve=P-256,-1,,not_applicable,not_applicable,unavailable,gc,go1.18.1,Release,JerryZ
2026-08-19T13:47:44.486073822Z,FMD,sender_signaling,fmd_sender_total_signaling,sender,101,false,not_applicable,unclear,gamma=8;p=2^-8;curve=P-256,426595,270,measured,ok,unavailable,gc,go1.18.1,Release,JerryZ
2026-08-19T13:47:44.488546735Z,FMD,sender_signaling,fmd_flag_generation,sender,102,false,not_applicable,unclear,gamma=8;p=2^-8;curve=P-256,785212,269,measured,ok,unavailable,gc,go1.18.1,Release,JerryZ
2026-08-19T13:47:44.490103366Z,FMD,sender_signaling,fmd_sender_preparation,sender,102,false,not_applicable,unclear,gamma=8;p=2^-8;curve=P-256,-1,,not_applicable,not_applicable,unavailable,gc,go1.18.1,Release,JerryZ
2026-08-19T13:47:44.491235219Z,FMD,sender_signaling,message_encryption,sender,102,false,not_applicable,unclear,gamma=8;p=2^-8;curve=P-256,-1,,not_applicable,not_applicable,unavailable,gc,go1.18.1,Release,JerryZ
2026-08-19T13:47:44.493414078Z,FMD,sender_signaling,fmd_sender_total_signaling,sender,102,false,not_applicable,unclear,gamma=8;p=2^-8;curve=P-256,456480,271,measured,ok,unavailable,gc,go1.18.1,Release,JerryZ
2026-08-19T13:47:44.496203014Z,FMD,sender_signaling,fmd_flag_generation,sender,103,false,not_applicable,unclear,gamma=8;p=2^-8;curve=P-256,890716,270,measured,ok,unavailable,gc,go1.18.1,Release,JerryZ
2026-08-19T13:47:44.497597789Z,FMD,sender_signaling,fmd_sender_preparation,sender,103,false,not_applicable,unclear,gamma=8;p=2^-8;curve=P-256,-1,,not_applicable,not_applicable,unavailable,gc,go1.18.1,Release,JerryZ
2026-08-19T13:47:44.498636813Z,FMD,sender_signaling,message_encryption,sender,103,false,not_applicable,unclear,gamma=8;p=2^-8;curve=P-256,-1,,not_applicable,not_applicable,unavailable,gc,go1.18.1,Release,JerryZ
2026-08-19T13:47:44.500627331Z,FMD,sender_signaling,fmd_sender_total_signaling,sender,103,false,not_applicable,unclear,gamma=8;p=2^-8;curve=P-256,369977,269,measured,ok,unavailable,gc,go1.18.1,Release,JerryZ
2026-08-19T13:47:44.502820801Z,FMD,sender_signaling,fmd_flag_generation,sender,104,false,not_applicable,unclear,gamma=8;p=2^-8;curve=P-256,354181,269,measured,ok,unavailable,gc,go1.18.1,Release,JerryZ
2026-08-19T13:47:44.503847781Z,FMD,sender_signaling,fmd_sender_preparation,sender,104,false,not_applicable,unclear,gamma=8;p=2^-8;curve=P-256,-1,,not_applicable,not_applicable,unavailable,gc,go1.18.1,Release,JerryZ
2026-08-19T13:47:44.504922341Z,FMD,sender_signaling,message_encryption,sender,104,false,not_applicable,unclear,gamma=8;p=2^-8;curve=P-256,-1,,not_applicable,not_applicable,unavailable,gc,go1.18.1,Release,JerryZ
2026-08-19T13:47:44.506747054Z,FMD,sender_signaling,fmd_sender_total_signaling,sender,104,false,not_applicable,unclear,gamma=8;p=2^-8;curve=P-256,360123,269,measured,ok,unavailable,gc,go1.18.1,Release,JerryZ
2026-08-19T13:47:44.509815857Z,FMD,sender_signaling,fmd_flag_generation,sender,105,false,not_applicable,unclear,gamma=8;p=2^-8;curve=P-256,852593,269,measured,ok,unavailable,gc,go1.18.1,Release,JerryZ
2026-08-19T13:47:44.511212984Z,FMD,sender_signaling,fmd_sender_preparation,sender,105,false,not_applicable,unclear,gamma=8;p=2^-8;curve=P-256,-1,,not_applicable,not_applicable,unavailable,gc,go1.18.1,Release,JerryZ
2026-08-19T13:47:44.512768392Z,FMD,sender_signaling,message_encryption,sender,105,false,not_applicable,unclear,gamma=8;p=2^-8;curve=P-256,-1,,not_applicable,not_applicable,unavailable,gc,go1.18.1,Release,JerryZ
2026-08-19T13:47:44.515043809Z,FMD,sender_signaling,fmd_sender_total_signaling,sender,105,false,not_applicable,unclear,gamma=8;p=2^-8;curve=P-256,373091,267,measured,ok,unavailable,gc,go1.18.1,Release,JerryZ
2026-08-19T13:47:44.517317278Z,FMD,sender_signaling,fmd_flag_generation,sender,106,false,not_applicable,unclear,gamma=8;p=2^-8;curve=P-256,354695,270,measured,ok,unavailable,gc,go1.18.1,Release,JerryZ
2026-08-19T13:47:44.51861433Z,FMD,sender_signaling,fmd_sender_preparation,sender,106,false,not_applicable,unclear,gamma=8;p=2^-8;curve=P-256,-1,,not_applicable,not_applicable,unavailable,gc,go1.18.1,Release,JerryZ
2026-08-19T13:47:44.520008913Z,FMD,sender_signaling,message_encryption,sender,106,false,not_applicable,unclear,gamma=8;p=2^-8;curve=P-256,-1,,not_applicable,not_applicable,unavailable,gc,go1.18.1,Release,JerryZ
2026-08-19T13:47:44.522704593Z,FMD,sender_signaling,fmd_sender_total_signaling,sender,106,false,not_applicable,unclear,gamma=8;p=2^-8;curve=P-256,832987,268,measured,ok,unavailable,gc,go1.18.1,Release,JerryZ
2026-08-19T13:47:44.525550859Z,FMD,sender_signaling,fmd_flag_generation,sender,107,false,not_applicable,unclear,gamma=8;p=2^-8;curve=P-256,384028,269,measured,ok,unavailable,gc,go1.18.1,Release,JerryZ
2026-08-19T13:47:44.527308182Z,FMD,sender_signaling,fmd_sender_preparation,sender,107,false,not_applicable,unclear,gamma=8;p=2^-8;curve=P-256,-1,,not_applicable,not_applicable,unavailable,gc,go1.18.1,Release,JerryZ
2026-08-19T13:47:44.528338289Z,FMD,sender_signaling,message_encryption,sender,107,false,not_applicable,unclear,gamma=8;p=2^-8;curve=P-256,-1,,not_applicable,not_applicable,unavailable,gc,go1.18.1,Release,JerryZ
2026-08-19T13:47:44.530370033Z,FMD,sender_signaling,fmd_sender_total_signaling,sender,107,false,not_applicable,unclear,gamma=8;p=2^-8;curve=P-256,391899,269,measured,ok,unavailable,gc,go1.18.1,Release,JerryZ
2026-08-19T13:47:44.532350604Z,FMD,sender_signaling,fmd_flag_generation,sender,108,false,not_applicable,unclear,gamma=8;p=2^-8;curve=P-256,361721,270,measured,ok,unavailable,gc,go1.18.1,Release,JerryZ
2026-08-19T13:47:44.533374925Z,FMD,sender_signaling,fmd_sender_preparation,sender,108,false,not_applicable,unclear,gamma=8;p=2^-8;curve=P-256,-1,,not_applicable,not_applicable,unavailable,gc,go1.18.1,Release,JerryZ
2026-08-19T13:47:44.534423114Z,FMD,sender_signaling,message_encryption,sender,108,false,not_applicable,unclear,gamma=8;p=2^-8;curve=P-256,-1,,not_applicable,not_applicable,unavailable,gc,go1.18.1,Release,JerryZ
2026-08-19T13:47:44.536964328Z,FMD,sender_signaling,fmd_sender_total_signaling,sender,108,false,not_applicable,unclear,gamma=8;p=2^-8;curve=P-256,383083,269,measured,ok,unavailable,gc,go1.18.1,Release,JerryZ
2026-08-19T13:47:44.539610236Z,FMD,sender_signaling,fmd_flag_generation,sender,109,false,not_applicable,unclear,gamma=8;p=2^-8;curve=P-256,801651,269,measured,ok,unavailable,gc,go1.18.1,Release,JerryZ
2026-08-19T13:47:44.541176945Z,FMD,sender_signaling,fmd_sender_preparation,sender,109,false,not_applicable,unclear,gamma=8;p=2^-8;curve=P-256,-1,,not_applicable,not_applicable,unavailable,gc,go1.18.1,Release,JerryZ
2026-08-19T13:47:44.543004033Z,FMD,sender_signaling,message_encryption,sender,109,false,not_applicable,unclear,gamma=8;p=2^-8;curve=P-256,-1,,not_applicable,not_applicable,unavailable,gc,go1.18.1,Release,JerryZ
2026-08-19T13:47:44.544792746Z,FMD,sender_signaling,fmd_sender_total_signaling,sender,109,false,not_applicable,unclear,gamma=8;p=2^-8;curve=P-256,370455,270,measured,ok,unavailable,gc,go1.18.1,Release,JerryZ
2026-08-19T13:47:44.546582442Z,FMD,sender_signaling,fmd_flag_generation,sender,110,false,not_applicable,unclear,gamma=8;p=2^-8;curve=P-256,351105,269,measured,ok,unavailable,gc,go1.18.1,Release,JerryZ
2026-08-19T13:47:44.547660249Z,FMD,sender_signaling,fmd_sender_preparation,sender,110,false,not_applicable,unclear,gamma=8;p=2^-8;curve=P-256,-1,,not_applicable,not_applicable,unavailable,gc,go1.18.1,Release,JerryZ
2026-08-19T13:47:44.548727468Z,FMD,sender_signaling,message_encryption,sender,110,false,not_applicable,unclear,gamma=8;p=2^-8;curve=P-256,-1,,not_applicable,not_applicable,unavailable,gc,go1.18.1,Release,JerryZ
2026-08-19T13:47:44.550575581Z,FMD,sender_signaling,fmd_sender_total_signaling,sender,110,false,not_applicable,unclear,gamma=8;p=2^-8;curve=P-256,362694,270,measured,ok,unavailable,gc,go1.18.1,Release,JerryZ
2026-08-19T13:47:44.552809474Z,FMD,sender_signaling,fmd_flag_generation,sender,111,false,not_applicable,unclear,gamma=8;p=2^-8;curve=P-256,351995,270,measured,ok,unavailable,gc,go1.18.1,Release,JerryZ
2026-08-19T13:47:44.554186924Z,FMD,sender_signaling,fmd_sender_preparation,sender,111,false,not_applicable,unclear,gamma=8;p=2^-8;curve=P-256,-1,,not_applicable,not_applicable,unavailable,gc,go1.18.1,Release,JerryZ
2026-08-19T13:47:44.555533485Z,FMD,sender_signaling,message_encryption,sender,111,false,not_applicable,unclear,gamma=8;p=2^-8;curve=P-256,-1,,not_applicable,not_applicable,unavailable,gc,go1.18.1,Release,JerryZ
2026-08-19T13:47:44.557851523Z,FMD,sender_signaling,fmd_sender_total_signaling,sender,111,false,not_applicable,unclear,gamma=8;p=2^-8;curve=P-256,435329,269,measured,ok,unavailable,gc,go1.18.1,Release,JerryZ
2026-08-19T13:47:44.559739825Z,FMD,sender_signaling,fmd_flag_generation,sender,112,false,not_applicable,unclear,gamma=8;p=2^-8;curve=P-256,361234,268,measured,ok,unavailable,gc,go1.18.1,Release,JerryZ
2026-08-19T13:47:44.565525418Z,FMD,sender_signaling,fmd_sender_preparation,sender,112,false,not_applicable,unclear,gamma=8;p=2^-8;curve=P-256,-1,,not_applicable,not_applicable,unavailable,gc,go1.18.1,Release,JerryZ
2026-08-19T13:47:44.566595786Z,FMD,sender_signaling,message_encryption,sender,112,false,not_applicable,unclear,gamma=8;p=2^-8;curve=P-256,-1,,not_applicable,not_applicable,unavailable,gc,go1.18.1,Release,JerryZ
2026-08-19T13:47:44.569015029Z,FMD,sender_signaling,fmd_sender_total_signaling,sender,112,false,not_applicable,unclear,gamma=8;p=2^-8;curve=P-256,813131,269,measured,ok,unavailable,gc,go1.18.1,Release,JerryZ
2026-08-19T13:47:44.571704321Z,FMD,sender_signaling,fmd_flag_generation,sender,113,false,not_applicable,unclear,gamma=8;p=2^-8;curve=P-256,372834,267,measured,ok,unavailable,gc,go1.18.1,Release,JerryZ
2026-08-19T13:47:44.573549359Z,FMD,sender_signaling,fmd_sender_preparation,sender,113,false,not_applicable,unclear,gamma=8;p=2^-8;curve=P-256,-1,,not_applicable,not_applicable,unavailable,gc,go1.18.1,Release,JerryZ
2026-08-19T13:47:44.574566682Z,FMD,sender_signaling,message_encryption,sender,113,false,not_applicable,unclear,gamma=8;p=2^-8;curve=P-256,-1,,not_applicable,not_applicable,unavailable,gc,go1.18.1,Release,JerryZ
2026-08-19T13:47:44.576397453Z,FMD,sender_signaling,fmd_sender_total_signaling,sender,113,false,not_applicable,unclear,gamma=8;p=2^-8;curve=P-256,375074,269,measured,ok,unavailable,gc,go1.18.1,Release,JerryZ
2026-08-19T13:47:44.578636487Z,FMD,sender_signaling,fmd_flag_generation,sender,114,false,not_applicable,unclear,gamma=8;p=2^-8;curve=P-256,382972,268,measured,ok,unavailable,gc,go1.18.1,Release,JerryZ
2026-08-19T13:47:44.579694218Z,FMD,sender_signaling,fmd_sender_preparation,sender,114,false,not_applicable,unclear,gamma=8;p=2^-8;curve=P-256,-1,,not_applicable,not_applicable,unavailable,gc,go1.18.1,Release,JerryZ
2026-08-19T13:47:44.580737311Z,FMD,sender_signaling,message_encryption,sender,114,false,not_applicable,unclear,gamma=8;p=2^-8;curve=P-256,-1,,not_applicable,not_applicable,unavailable,gc,go1.18.1,Release,JerryZ
2026-08-19T13:47:44.582818367Z,FMD,sender_signaling,fmd_sender_total_signaling,sender,114,false,not_applicable,unclear,gamma=8;p=2^-8;curve=P-256,606455,269,measured,ok,unavailable,gc,go1.18.1,Release,JerryZ
2026-08-19T13:47:44.584844788Z,FMD,sender_signaling,fmd_flag_generation,sender,115,false,not_applicable,unclear,gamma=8;p=2^-8;curve=P-256,487089,269,measured,ok,unavailable,gc,go1.18.1,Release,JerryZ
2026-08-19T13:47:44.586341554Z,FMD,sender_signaling,fmd_sender_preparation,sender,115,false,not_applicable,unclear,gamma=8;p=2^-8;curve=P-256,-1,,not_applicable,not_applicable,unavailable,gc,go1.18.1,Release,JerryZ
2026-08-19T13:47:44.587808418Z,FMD,sender_signaling,message_encryption,sender,115,false,not_applicable,unclear,gamma=8;p=2^-8;curve=P-256,-1,,not_applicable,not_applicable,unavailable,gc,go1.18.1,Release,JerryZ
2026-08-19T13:47:44.589651572Z,FMD,sender_signaling,fmd_sender_total_signaling,sender,115,false,not_applicable,unclear,gamma=8;p=2^-8;curve=P-256,390430,268,measured,ok,unavailable,gc,go1.18.1,Release,JerryZ
2026-08-19T13:47:44.591553499Z,FMD,sender_signaling,fmd_flag_generation,sender,116,false,not_applicable,unclear,gamma=8;p=2^-8;curve=P-256,365808,269,measured,ok,unavailable,gc,go1.18.1,Release,JerryZ
2026-08-19T13:47:44.592991567Z,FMD,sender_signaling,fmd_sender_preparation,sender,116,false,not_applicable,unclear,gamma=8;p=2^-8;curve=P-256,-1,,not_applicable,not_applicable,unavailable,gc,go1.18.1,Release,JerryZ
2026-08-19T13:47:44.594198016Z,FMD,sender_signaling,message_encryption,sender,116,false,not_applicable,unclear,gamma=8;p=2^-8;curve=P-256,-1,,not_applicable,not_applicable,unavailable,gc,go1.18.1,Release,JerryZ
2026-08-19T13:47:44.596352399Z,FMD,sender_signaling,fmd_sender_total_signaling,sender,116,false,not_applicable,unclear,gamma=8;p=2^-8;curve=P-256,375901,269,measured,ok,unavailable,gc,go1.18.1,Release,JerryZ
2026-08-19T13:47:44.598195995Z,FMD,sender_signaling,fmd_flag_generation,sender,117,false,not_applicable,unclear,gamma=8;p=2^-8;curve=P-256,349195,269,measured,ok,unavailable,gc,go1.18.1,Release,JerryZ
2026-08-19T13:47:44.599871922Z,FMD,sender_signaling,fmd_sender_preparation,sender,117,false,not_applicable,unclear,gamma=8;p=2^-8;curve=P-256,-1,,not_applicable,not_applicable,unavailable,gc,go1.18.1,Release,JerryZ
2026-08-19T13:47:44.601263952Z,FMD,sender_signaling,message_encryption,sender,117,false,not_applicable,unclear,gamma=8;p=2^-8;curve=P-256,-1,,not_applicable,not_applicable,unavailable,gc,go1.18.1,Release,JerryZ
2026-08-19T13:47:44.60364725Z,FMD,sender_signaling,fmd_sender_total_signaling,sender,117,false,not_applicable,unclear,gamma=8;p=2^-8;curve=P-256,399825,270,measured,ok,unavailable,gc,go1.18.1,Release,JerryZ
2026-08-19T13:47:44.605479513Z,FMD,sender_signaling,fmd_flag_generation,sender,118,false,not_applicable,unclear,gamma=8;p=2^-8;curve=P-256,354411,270,measured,ok,unavailable,gc,go1.18.1,Release,JerryZ
2026-08-19T13:47:44.606494714Z,FMD,sender_signaling,fmd_sender_preparation,sender,118,false,not_applicable,unclear,gamma=8;p=2^-8;curve=P-256,-1,,not_applicable,not_applicable,unavailable,gc,go1.18.1,Release,JerryZ
2026-08-19T13:47:44.607905543Z,FMD,sender_signaling,message_encryption,sender,118,false,not_applicable,unclear,gamma=8;p=2^-8;curve=P-256,-1,,not_applicable,not_applicable,unavailable,gc,go1.18.1,Release,JerryZ
2026-08-19T13:47:44.609786949Z,FMD,sender_signaling,fmd_sender_total_signaling,sender,118,false,not_applicable,unclear,gamma=8;p=2^-8;curve=P-256,430241,269,measured,ok,unavailable,gc,go1.18.1,Release,JerryZ
2026-08-19T13:47:44.611660888Z,FMD,sender_signaling,fmd_flag_generation,sender,119,false,not_applicable,unclear,gamma=8;p=2^-8;curve=P-256,370033,269,measured,ok,unavailable,gc,go1.18.1,Release,JerryZ
2026-08-19T13:47:44.612829514Z,FMD,sender_signaling,fmd_sender_preparation,sender,119,false,not_applicable,unclear,gamma=8;p=2^-8;curve=P-256,-1,,not_applicable,not_applicable,unavailable,gc,go1.18.1,Release,JerryZ
2026-08-19T13:47:44.613904125Z,FMD,sender_signaling,message_encryption,sender,119,false,not_applicable,unclear,gamma=8;p=2^-8;curve=P-256,-1,,not_applicable,not_applicable,unavailable,gc,go1.18.1,Release,JerryZ
2026-08-19T13:47:44.616066802Z,FMD,sender_signaling,fmd_sender_total_signaling,sender,119,false,not_applicable,unclear,gamma=8;p=2^-8;curve=P-256,423417,269,measured,ok,unavailable,gc,go1.18.1,Release,JerryZ
2026-08-19T13:47:44.618938438Z,FMD,sender_signaling,fmd_flag_generation,sender,120,false,not_applicable,unclear,gamma=8;p=2^-8;curve=P-256,372604,269,measured,ok,unavailable,gc,go1.18.1,Release,JerryZ
2026-08-19T13:47:44.61994811Z,FMD,sender_signaling,fmd_sender_preparation,sender,120,false,not_applicable,unclear,gamma=8;p=2^-8;curve=P-256,-1,,not_applicable,not_applicable,unavailable,gc,go1.18.1,Release,JerryZ
2026-08-19T13:47:44.620961089Z,FMD,sender_signaling,message_encryption,sender,120,false,not_applicable,unclear,gamma=8;p=2^-8;curve=P-256,-1,,not_applicable,not_applicable,unavailable,gc,go1.18.1,Release,JerryZ
2026-08-19T13:47:44.622818984Z,FMD,sender_signaling,fmd_sender_total_signaling,sender,120,false,not_applicable,unclear,gamma=8;p=2^-8;curve=P-256,358718,270,measured,ok,unavailable,gc,go1.18.1,Release,JerryZ
2026-08-19T13:47:44.625127563Z,FMD,sender_signaling,fmd_flag_generation,sender,121,false,not_applicable,unclear,gamma=8;p=2^-8;curve=P-256,746465,269,measured,ok,unavailable,gc,go1.18.1,Release,JerryZ
2026-08-19T13:47:44.626803206Z,FMD,sender_signaling,fmd_sender_preparation,sender,121,false,not_applicable,unclear,gamma=8;p=2^-8;curve=P-256,-1,,not_applicable,not_applicable,unavailable,gc,go1.18.1,Release,JerryZ
2026-08-19T13:47:44.62782726Z,FMD,sender_signaling,message_encryption,sender,121,false,not_applicable,unclear,gamma=8;p=2^-8;curve=P-256,-1,,not_applicable,not_applicable,unavailable,gc,go1.18.1,Release,JerryZ
2026-08-19T13:47:44.630357866Z,FMD,sender_signaling,fmd_sender_total_signaling,sender,121,false,not_applicable,unclear,gamma=8;p=2^-8;curve=P-256,807685,269,measured,ok,unavailable,gc,go1.18.1,Release,JerryZ
2026-08-19T13:47:44.633331286Z,FMD,sender_signaling,fmd_flag_generation,sender,122,false,not_applicable,unclear,gamma=8;p=2^-8;curve=P-256,446983,270,measured,ok,unavailable,gc,go1.18.1,Release,JerryZ
2026-08-19T13:47:44.635029548Z,FMD,sender_signaling,fmd_sender_preparation,sender,122,false,not_applicable,unclear,gamma=8;p=2^-8;curve=P-256,-1,,not_applicable,not_applicable,unavailable,gc,go1.18.1,Release,JerryZ
2026-08-19T13:47:44.636056321Z,FMD,sender_signaling,message_encryption,sender,122,false,not_applicable,unclear,gamma=8;p=2^-8;curve=P-256,-1,,not_applicable,not_applicable,unavailable,gc,go1.18.1,Release,JerryZ
2026-08-19T13:47:44.638332399Z,FMD,sender_signaling,fmd_sender_total_signaling,sender,122,false,not_applicable,unclear,gamma=8;p=2^-8;curve=P-256,790897,268,measured,ok,unavailable,gc,go1.18.1,Release,JerryZ
2026-08-19T13:47:44.641188564Z,FMD,sender_signaling,fmd_flag_generation,sender,123,false,not_applicable,unclear,gamma=8;p=2^-8;curve=P-256,709735,269,measured,ok,unavailable,gc,go1.18.1,Release,JerryZ
2026-08-19T13:47:44.642571222Z,FMD,sender_signaling,fmd_sender_preparation,sender,123,false,not_applicable,unclear,gamma=8;p=2^-8;curve=P-256,-1,,not_applicable,not_applicable,unavailable,gc,go1.18.1,Release,JerryZ
2026-08-19T13:47:44.643624141Z,FMD,sender_signaling,message_encryption,sender,123,false,not_applicable,unclear,gamma=8;p=2^-8;curve=P-256,-1,,not_applicable,not_applicable,unavailable,gc,go1.18.1,Release,JerryZ
2026-08-19T13:47:44.646037911Z,FMD,sender_signaling,fmd_sender_total_signaling,sender,123,false,not_applicable,unclear,gamma=8;p=2^-8;curve=P-256,929957,271,measured,ok,unavailable,gc,go1.18.1,Release,JerryZ
2026-08-19T13:47:44.648635595Z,FMD,sender_signaling,fmd_flag_generation,sender,124,false,not_applicable,unclear,gamma=8;p=2^-8;curve=P-256,365992,270,measured,ok,unavailable,gc,go1.18.1,Release,JerryZ
2026-08-19T13:47:44.649677154Z,FMD,sender_signaling,fmd_sender_preparation,sender,124,false,not_applicable,unclear,gamma=8;p=2^-8;curve=P-256,-1,,not_applicable,not_applicable,unavailable,gc,go1.18.1,Release,JerryZ
2026-08-19T13:47:44.650764769Z,FMD,sender_signaling,message_encryption,sender,124,false,not_applicable,unclear,gamma=8;p=2^-8;curve=P-256,-1,,not_applicable,not_applicable,unavailable,gc,go1.18.1,Release,JerryZ
2026-08-19T13:47:44.652573426Z,FMD,sender_signaling,fmd_sender_total_signaling,sender,124,false,not_applicable,unclear,gamma=8;p=2^-8;curve=P-256,393291,269,measured,ok,unavailable,gc,go1.18.1,Release,JerryZ
2026-08-19T13:47:44.654439471Z,FMD,sender_signaling,fmd_flag_generation,sender,125,false,not_applicable,unclear,gamma=8;p=2^-8;curve=P-256,411405,269,measured,ok,unavailable,gc,go1.18.1,Release,JerryZ
2026-08-19T13:47:44.655488919Z,FMD,sender_signaling,fmd_sender_preparation,sender,125,false,not_applicable,unclear,gamma=8;p=2^-8;curve=P-256,-1,,not_applicable,not_applicable,unavailable,gc,go1.18.1,Release,JerryZ
2026-08-19T13:47:44.656910035Z,FMD,sender_signaling,message_encryption,sender,125,false,not_applicable,unclear,gamma=8;p=2^-8;curve=P-256,-1,,not_applicable,not_applicable,unavailable,gc,go1.18.1,Release,JerryZ
2026-08-19T13:47:44.659330334Z,FMD,sender_signaling,fmd_sender_total_signaling,sender,125,false,not_applicable,unclear,gamma=8;p=2^-8;curve=P-256,762382,270,measured,ok,unavailable,gc,go1.18.1,Release,JerryZ
2026-08-19T13:47:44.662110945Z,FMD,sender_signaling,fmd_flag_generation,sender,126,false,not_applicable,unclear,gamma=8;p=2^-8;curve=P-256,492397,269,measured,ok,unavailable,gc,go1.18.1,Release,JerryZ
2026-08-19T13:47:44.663688115Z,FMD,sender_signaling,fmd_sender_preparation,sender,126,false,not_applicable,unclear,gamma=8;p=2^-8;curve=P-256,-1,,not_applicable,not_applicable,unavailable,gc,go1.18.1,Release,JerryZ
2026-08-19T13:47:44.664777439Z,FMD,sender_signaling,message_encryption,sender,126,false,not_applicable,unclear,gamma=8;p=2^-8;curve=P-256,-1,,not_applicable,not_applicable,unavailable,gc,go1.18.1,Release,JerryZ
2026-08-19T13:47:44.666866608Z,FMD,sender_signaling,fmd_sender_total_signaling,sender,126,false,not_applicable,unclear,gamma=8;p=2^-8;curve=P-256,366598,269,measured,ok,unavailable,gc,go1.18.1,Release,JerryZ
2026-08-19T13:47:44.669004723Z,FMD,sender_signaling,fmd_flag_generation,sender,127,false,not_applicable,unclear,gamma=8;p=2^-8;curve=P-256,364081,269,measured,ok,unavailable,gc,go1.18.1,Release,JerryZ
2026-08-19T13:47:44.670648337Z,FMD,sender_signaling,fmd_sender_preparation,sender,127,false,not_applicable,unclear,gamma=8;p=2^-8;curve=P-256,-1,,not_applicable,not_applicable,unavailable,gc,go1.18.1,Release,JerryZ
2026-08-19T13:47:44.671640239Z,FMD,sender_signaling,message_encryption,sender,127,false,not_applicable,unclear,gamma=8;p=2^-8;curve=P-256,-1,,not_applicable,not_applicable,unavailable,gc,go1.18.1,Release,JerryZ
2026-08-19T13:47:44.673647242Z,FMD,sender_signaling,fmd_sender_total_signaling,sender,127,false,not_applicable,unclear,gamma=8;p=2^-8;curve=P-256,397088,268,measured,ok,unavailable,gc,go1.18.1,Release,JerryZ
2026-08-19T13:47:44.676291341Z,FMD,sender_signaling,fmd_flag_generation,sender,128,false,not_applicable,unclear,gamma=8;p=2^-8;curve=P-256,779867,269,measured,ok,unavailable,gc,go1.18.1,Release,JerryZ
2026-08-19T13:47:44.677717828Z,FMD,sender_signaling,fmd_sender_preparation,sender,128,false,not_applicable,unclear,gamma=8;p=2^-8;curve=P-256,-1,,not_applicable,not_applicable,unavailable,gc,go1.18.1,Release,JerryZ
2026-08-19T13:47:44.679507992Z,FMD,sender_signaling,message_encryption,sender,128,false,not_applicable,unclear,gamma=8;p=2^-8;curve=P-256,-1,,not_applicable,not_applicable,unavailable,gc,go1.18.1,Release,JerryZ
2026-08-19T13:47:44.681298414Z,FMD,sender_signaling,fmd_sender_total_signaling,sender,128,false,not_applicable,unclear,gamma=8;p=2^-8;curve=P-256,367627,269,measured,ok,unavailable,gc,go1.18.1,Release,JerryZ
2026-08-19T13:47:44.683455823Z,FMD,sender_signaling,fmd_flag_generation,sender,129,false,not_applicable,unclear,gamma=8;p=2^-8;curve=P-256,347624,270,measured,ok,unavailable,gc,go1.18.1,Release,JerryZ
2026-08-19T13:47:44.684564171Z,FMD,sender_signaling,fmd_sender_preparation,sender,129,false,not_applicable,unclear,gamma=8;p=2^-8;curve=P-256,-1,,not_applicable,not_applicable,unavailable,gc,go1.18.1,Release,JerryZ
2026-08-19T13:47:44.685611534Z,FMD,sender_signaling,message_encryption,sender,129,false,not_applicable,unclear,gamma=8;p=2^-8;curve=P-256,-1,,not_applicable,not_applicable,unavailable,gc,go1.18.1,Release,JerryZ
2026-08-19T13:47:44.687450111Z,FMD,sender_signaling,fmd_sender_total_signaling,sender,129,false,not_applicable,unclear,gamma=8;p=2^-8;curve=P-256,390940,269,measured,ok,unavailable,gc,go1.18.1,Release,JerryZ
2026-08-19T13:47:44.690078234Z,FMD,sender_signaling,fmd_flag_generation,sender,130,false,not_applicable,unclear,gamma=8;p=2^-8;curve=P-256,738651,268,measured,ok,unavailable,gc,go1.18.1,Release,JerryZ
2026-08-19T13:47:44.691217453Z,FMD,sender_signaling,fmd_sender_preparation,sender,130,false,not_applicable,unclear,gamma=8;p=2^-8;curve=P-256,-1,,not_applicable,not_applicable,unavailable,gc,go1.18.1,Release,JerryZ
2026-08-19T13:47:44.692693303Z,FMD,sender_signaling,message_encryption,sender,130,false,not_applicable,unclear,gamma=8;p=2^-8;curve=P-256,-1,,not_applicable,not_applicable,unavailable,gc,go1.18.1,Release,JerryZ
2026-08-19T13:47:44.695132843Z,FMD,sender_signaling,fmd_sender_total_signaling,sender,130,false,not_applicable,unclear,gamma=8;p=2^-8;curve=P-256,465268,267,measured,ok,unavailable,gc,go1.18.1,Release,JerryZ
2026-08-19T13:47:44.697620165Z,FMD,sender_signaling,fmd_flag_generation,sender,131,false,not_applicable,unclear,gamma=8;p=2^-8;curve=P-256,497981,269,measured,ok,unavailable,gc,go1.18.1,Release,JerryZ
2026-08-19T13:47:44.699250817Z,FMD,sender_signaling,fmd_sender_preparation,sender,131,false,not_applicable,unclear,gamma=8;p=2^-8;curve=P-256,-1,,not_applicable,not_applicable,unavailable,gc,go1.18.1,Release,JerryZ
2026-08-19T13:47:44.700390504Z,FMD,sender_signaling,message_encryption,sender,131,false,not_applicable,unclear,gamma=8;p=2^-8;curve=P-256,-1,,not_applicable,not_applicable,unavailable,gc,go1.18.1,Release,JerryZ
2026-08-19T13:47:44.702227842Z,FMD,sender_signaling,fmd_sender_total_signaling,sender,131,false,not_applicable,unclear,gamma=8;p=2^-8;curve=P-256,413835,270,measured,ok,unavailable,gc,go1.18.1,Release,JerryZ
2026-08-19T13:47:44.704376087Z,FMD,sender_signaling,fmd_flag_generation,sender,132,false,not_applicable,unclear,gamma=8;p=2^-8;curve=P-256,621310,269,measured,ok,unavailable,gc,go1.18.1,Release,JerryZ
2026-08-19T13:47:44.705744707Z,FMD,sender_signaling,fmd_sender_preparation,sender,132,false,not_applicable,unclear,gamma=8;p=2^-8;curve=P-256,-1,,not_applicable,not_applicable,unavailable,gc,go1.18.1,Release,JerryZ
2026-08-19T13:47:44.706961263Z,FMD,sender_signaling,message_encryption,sender,132,false,not_applicable,unclear,gamma=8;p=2^-8;curve=P-256,-1,,not_applicable,not_applicable,unavailable,gc,go1.18.1,Release,JerryZ
2026-08-19T13:47:44.709003402Z,FMD,sender_signaling,fmd_sender_total_signaling,sender,132,false,not_applicable,unclear,gamma=8;p=2^-8;curve=P-256,408136,270,measured,ok,unavailable,gc,go1.18.1,Release,JerryZ
2026-08-19T13:47:44.711199012Z,FMD,sender_signaling,fmd_flag_generation,sender,133,false,not_applicable,unclear,gamma=8;p=2^-8;curve=P-256,359582,270,measured,ok,unavailable,gc,go1.18.1,Release,JerryZ
2026-08-19T13:47:44.712629209Z,FMD,sender_signaling,fmd_sender_preparation,sender,133,false,not_applicable,unclear,gamma=8;p=2^-8;curve=P-256,-1,,not_applicable,not_applicable,unavailable,gc,go1.18.1,Release,JerryZ
2026-08-19T13:47:44.713735165Z,FMD,sender_signaling,message_encryption,sender,133,false,not_applicable,unclear,gamma=8;p=2^-8;curve=P-256,-1,,not_applicable,not_applicable,unavailable,gc,go1.18.1,Release,JerryZ
2026-08-19T13:47:44.715500634Z,FMD,sender_signaling,fmd_sender_total_signaling,sender,133,false,not_applicable,unclear,gamma=8;p=2^-8;curve=P-256,360233,269,measured,ok,unavailable,gc,go1.18.1,Release,JerryZ
2026-08-19T13:47:44.717754046Z,FMD,sender_signaling,fmd_flag_generation,sender,134,false,not_applicable,unclear,gamma=8;p=2^-8;curve=P-256,389988,269,measured,ok,unavailable,gc,go1.18.1,Release,JerryZ
2026-08-19T13:47:44.718822293Z,FMD,sender_signaling,fmd_sender_preparation,sender,134,false,not_applicable,unclear,gamma=8;p=2^-8;curve=P-256,-1,,not_applicable,not_applicable,unavailable,gc,go1.18.1,Release,JerryZ
2026-08-19T13:47:44.719917044Z,FMD,sender_signaling,message_encryption,sender,134,false,not_applicable,unclear,gamma=8;p=2^-8;curve=P-256,-1,,not_applicable,not_applicable,unavailable,gc,go1.18.1,Release,JerryZ
2026-08-19T13:47:44.722216981Z,FMD,sender_signaling,fmd_sender_total_signaling,sender,134,false,not_applicable,unclear,gamma=8;p=2^-8;curve=P-256,439113,269,measured,ok,unavailable,gc,go1.18.1,Release,JerryZ
2026-08-19T13:47:44.725330297Z,FMD,sender_signaling,fmd_flag_generation,sender,135,false,not_applicable,unclear,gamma=8;p=2^-8;curve=P-256,425190,269,measured,ok,unavailable,gc,go1.18.1,Release,JerryZ
2026-08-19T13:47:44.726586315Z,FMD,sender_signaling,fmd_sender_preparation,sender,135,false,not_applicable,unclear,gamma=8;p=2^-8;curve=P-256,-1,,not_applicable,not_applicable,unavailable,gc,go1.18.1,Release,JerryZ
2026-08-19T13:47:44.727899777Z,FMD,sender_signaling,message_encryption,sender,135,false,not_applicable,unclear,gamma=8;p=2^-8;curve=P-256,-1,,not_applicable,not_applicable,unavailable,gc,go1.18.1,Release,JerryZ
2026-08-19T13:47:44.729932687Z,FMD,sender_signaling,fmd_sender_total_signaling,sender,135,false,not_applicable,unclear,gamma=8;p=2^-8;curve=P-256,474773,270,measured,ok,unavailable,gc,go1.18.1,Release,JerryZ
2026-08-19T13:47:44.732401257Z,FMD,sender_signaling,fmd_flag_generation,sender,136,false,not_applicable,unclear,gamma=8;p=2^-8;curve=P-256,494216,269,measured,ok,unavailable,gc,go1.18.1,Release,JerryZ
2026-08-19T13:47:44.733521842Z,FMD,sender_signaling,fmd_sender_preparation,sender,136,false,not_applicable,unclear,gamma=8;p=2^-8;curve=P-256,-1,,not_applicable,not_applicable,unavailable,gc,go1.18.1,Release,JerryZ
2026-08-19T13:47:44.734597527Z,FMD,sender_signaling,message_encryption,sender,136,false,not_applicable,unclear,gamma=8;p=2^-8;curve=P-256,-1,,not_applicable,not_applicable,unavailable,gc,go1.18.1,Release,JerryZ
2026-08-19T13:47:44.737257459Z,FMD,sender_signaling,fmd_sender_total_signaling,sender,136,false,not_applicable,unclear,gamma=8;p=2^-8;curve=P-256,824950,269,measured,ok,unavailable,gc,go1.18.1,Release,JerryZ
2026-08-19T13:47:44.739702463Z,FMD,sender_signaling,fmd_flag_generation,sender,137,false,not_applicable,unclear,gamma=8;p=2^-8;curve=P-256,361776,270,measured,ok,unavailable,gc,go1.18.1,Release,JerryZ
2026-08-19T13:47:44.740991129Z,FMD,sender_signaling,fmd_sender_preparation,sender,137,false,not_applicable,unclear,gamma=8;p=2^-8;curve=P-256,-1,,not_applicable,not_applicable,unavailable,gc,go1.18.1,Release,JerryZ
2026-08-19T13:47:44.741997092Z,FMD,sender_signaling,message_encryption,sender,137,false,not_applicable,unclear,gamma=8;p=2^-8;curve=P-256,-1,,not_applicable,not_applicable,unavailable,gc,go1.18.1,Release,JerryZ
2026-08-19T13:47:44.7439844Z,FMD,sender_signaling,fmd_sender_total_signaling,sender,137,false,not_applicable,unclear,gamma=8;p=2^-8;curve=P-256,364182,270,measured,ok,unavailable,gc,go1.18.1,Release,JerryZ
2026-08-19T13:47:44.746014513Z,FMD,sender_signaling,fmd_flag_generation,sender,138,false,not_applicable,unclear,gamma=8;p=2^-8;curve=P-256,398539,269,measured,ok,unavailable,gc,go1.18.1,Release,JerryZ
2026-08-19T13:47:44.747078628Z,FMD,sender_signaling,fmd_sender_preparation,sender,138,false,not_applicable,unclear,gamma=8;p=2^-8;curve=P-256,-1,,not_applicable,not_applicable,unavailable,gc,go1.18.1,Release,JerryZ
2026-08-19T13:47:44.748322506Z,FMD,sender_signaling,message_encryption,sender,138,false,not_applicable,unclear,gamma=8;p=2^-8;curve=P-256,-1,,not_applicable,not_applicable,unavailable,gc,go1.18.1,Release,JerryZ
2026-08-19T13:47:44.750260465Z,FMD,sender_signaling,fmd_sender_total_signaling,sender,138,false,not_applicable,unclear,gamma=8;p=2^-8;curve=P-256,373788,269,measured,ok,unavailable,gc,go1.18.1,Release,JerryZ
2026-08-19T13:47:44.752202134Z,FMD,sender_signaling,fmd_flag_generation,sender,139,false,not_applicable,unclear,gamma=8;p=2^-8;curve=P-256,393846,269,measured,ok,unavailable,gc,go1.18.1,Release,JerryZ
2026-08-19T13:47:44.754520181Z,FMD,sender_signaling,fmd_sender_preparation,sender,139,false,not_applicable,unclear,gamma=8;p=2^-8;curve=P-256,-1,,not_applicable,not_applicable,unavailable,gc,go1.18.1,Release,JerryZ
2026-08-19T13:47:44.755667069Z,FMD,sender_signaling,message_encryption,sender,139,false,not_applicable,unclear,gamma=8;p=2^-8;curve=P-256,-1,,not_applicable,not_applicable,unavailable,gc,go1.18.1,Release,JerryZ
2026-08-19T13:47:44.757965711Z,FMD,sender_signaling,fmd_sender_total_signaling,sender,139,false,not_applicable,unclear,gamma=8;p=2^-8;curve=P-256,530105,270,measured,ok,unavailable,gc,go1.18.1,Release,JerryZ
2026-08-19T13:47:44.76043305Z,FMD,sender_signaling,fmd_flag_generation,sender,140,false,not_applicable,unclear,gamma=8;p=2^-8;curve=P-256,364577,268,measured,ok,unavailable,gc,go1.18.1,Release,JerryZ
2026-08-19T13:47:44.76170705Z,FMD,sender_signaling,fmd_sender_preparation,sender,140,false,not_applicable,unclear,gamma=8;p=2^-8;curve=P-256,-1,,not_applicable,not_applicable,unavailable,gc,go1.18.1,Release,JerryZ
2026-08-19T13:47:44.762821142Z,FMD,sender_signaling,message_encryption,sender,140,false,not_applicable,unclear,gamma=8;p=2^-8;curve=P-256,-1,,not_applicable,not_applicable,unavailable,gc,go1.18.1,Release,JerryZ
2026-08-19T13:47:44.765607598Z,FMD,sender_signaling,fmd_sender_total_signaling,sender,140,false,not_applicable,unclear,gamma=8;p=2^-8;curve=P-256,805058,269,measured,ok,unavailable,gc,go1.18.1,Release,JerryZ
2026-08-19T13:47:44.767715172Z,FMD,sender_signaling,fmd_flag_generation,sender,141,false,not_applicable,unclear,gamma=8;p=2^-8;curve=P-256,360757,269,measured,ok,unavailable,gc,go1.18.1,Release,JerryZ
2026-08-19T13:47:44.769417172Z,FMD,sender_signaling,fmd_sender_preparation,sender,141,false,not_applicable,unclear,gamma=8;p=2^-8;curve=P-256,-1,,not_applicable,not_applicable,unavailable,gc,go1.18.1,Release,JerryZ
2026-08-19T13:47:44.770560092Z,FMD,sender_signaling,message_encryption,sender,141,false,not_applicable,unclear,gamma=8;p=2^-8;curve=P-256,-1,,not_applicable,not_applicable,unavailable,gc,go1.18.1,Release,JerryZ
2026-08-19T13:47:44.772277907Z,FMD,sender_signaling,fmd_sender_total_signaling,sender,141,false,not_applicable,unclear,gamma=8;p=2^-8;curve=P-256,373054,269,measured,ok,unavailable,gc,go1.18.1,Release,JerryZ
2026-08-19T13:47:44.774047702Z,FMD,sender_signaling,fmd_flag_generation,sender,142,false,not_applicable,unclear,gamma=8;p=2^-8;curve=P-256,354365,269,measured,ok,unavailable,gc,go1.18.1,Release,JerryZ
2026-08-19T13:47:44.775494192Z,FMD,sender_signaling,fmd_sender_preparation,sender,142,false,not_applicable,unclear,gamma=8;p=2^-8;curve=P-256,-1,,not_applicable,not_applicable,unavailable,gc,go1.18.1,Release,JerryZ
2026-08-19T13:47:44.776549232Z,FMD,sender_signaling,message_encryption,sender,142,false,not_applicable,unclear,gamma=8;p=2^-8;curve=P-256,-1,,not_applicable,not_applicable,unavailable,gc,go1.18.1,Release,JerryZ
2026-08-19T13:47:44.778358324Z,FMD,sender_signaling,fmd_sender_total_signaling,sender,142,false,not_applicable,unclear,gamma=8;p=2^-8;curve=P-256,365597,269,measured,ok,unavailable,gc,go1.18.1,Release,JerryZ
2026-08-19T13:47:44.780509021Z,FMD,sender_signaling,fmd_flag_generation,sender,143,false,not_applicable,unclear,gamma=8;p=2^-8;curve=P-256,384979,270,measured,ok,unavailable,gc,go1.18.1,Release,JerryZ
2026-08-19T13:47:44.781699301Z,FMD,sender_signaling,fmd_sender_preparation,sender,143,false,not_applicable,unclear,gamma=8;p=2^-8;curve=P-256,-1,,not_applicable,not_applicable,unavailable,gc,go1.18.1,Release,JerryZ
2026-08-19T13:47:44.7830492Z,FMD,sender_signaling,message_encryption,sender,143,false,not_applicable,unclear,gamma=8;p=2^-8;curve=P-256,-1,,not_applicable,not_applicable,unavailable,gc,go1.18.1,Release,JerryZ
2026-08-19T13:47:44.785281857Z,FMD,sender_signaling,fmd_sender_total_signaling,sender,143,false,not_applicable,unclear,gamma=8;p=2^-8;curve=P-256,571166,267,measured,ok,unavailable,gc,go1.18.1,Release,JerryZ
2026-08-19T13:47:44.787468053Z,FMD,sender_signaling,fmd_flag_generation,sender,144,false,not_applicable,unclear,gamma=8;p=2^-8;curve=P-256,358608,269,measured,ok,unavailable,gc,go1.18.1,Release,JerryZ
2026-08-19T13:47:44.788718129Z,FMD,sender_signaling,fmd_sender_preparation,sender,144,false,not_applicable,unclear,gamma=8;p=2^-8;curve=P-256,-1,,not_applicable,not_applicable,unavailable,gc,go1.18.1,Release,JerryZ
2026-08-19T13:47:44.790276927Z,FMD,sender_signaling,message_encryption,sender,144,false,not_applicable,unclear,gamma=8;p=2^-8;curve=P-256,-1,,not_applicable,not_applicable,unavailable,gc,go1.18.1,Release,JerryZ
2026-08-19T13:47:44.792178731Z,FMD,sender_signaling,fmd_sender_total_signaling,sender,144,false,not_applicable,unclear,gamma=8;p=2^-8;curve=P-256,410000,270,measured,ok,unavailable,gc,go1.18.1,Release,JerryZ
2026-08-19T13:47:44.794017207Z,FMD,sender_signaling,fmd_flag_generation,sender,145,false,not_applicable,unclear,gamma=8;p=2^-8;curve=P-256,380814,269,measured,ok,unavailable,gc,go1.18.1,Release,JerryZ
2026-08-19T13:47:44.795046552Z,FMD,sender_signaling,fmd_sender_preparation,sender,145,false,not_applicable,unclear,gamma=8;p=2^-8;curve=P-256,-1,,not_applicable,not_applicable,unavailable,gc,go1.18.1,Release,JerryZ
2026-08-19T13:47:44.796237553Z,FMD,sender_signaling,message_encryption,sender,145,false,not_applicable,unclear,gamma=8;p=2^-8;curve=P-256,-1,,not_applicable,not_applicable,unavailable,gc,go1.18.1,Release,JerryZ
2026-08-19T13:47:44.799106204Z,FMD,sender_signaling,fmd_sender_total_signaling,sender,145,false,not_applicable,unclear,gamma=8;p=2^-8;curve=P-256,635948,270,measured,ok,unavailable,gc,go1.18.1,Release,JerryZ
2026-08-19T13:47:44.801898538Z,FMD,sender_signaling,fmd_flag_generation,sender,146,false,not_applicable,unclear,gamma=8;p=2^-8;curve=P-256,731671,268,measured,ok,unavailable,gc,go1.18.1,Release,JerryZ
2026-08-19T13:47:44.803106154Z,FMD,sender_signaling,fmd_sender_preparation,sender,146,false,not_applicable,unclear,gamma=8;p=2^-8;curve=P-256,-1,,not_applicable,not_applicable,unavailable,gc,go1.18.1,Release,JerryZ
2026-08-19T13:47:44.804083889Z,FMD,sender_signaling,message_encryption,sender,146,false,not_applicable,unclear,gamma=8;p=2^-8;curve=P-256,-1,,not_applicable,not_applicable,unavailable,gc,go1.18.1,Release,JerryZ
2026-08-19T13:47:44.806320486Z,FMD,sender_signaling,fmd_sender_total_signaling,sender,146,false,not_applicable,unclear,gamma=8;p=2^-8;curve=P-256,375203,269,measured,ok,unavailable,gc,go1.18.1,Release,JerryZ
2026-08-19T13:47:44.808733668Z,FMD,sender_signaling,fmd_flag_generation,sender,147,false,not_applicable,unclear,gamma=8;p=2^-8;curve=P-256,367645,270,measured,ok,unavailable,gc,go1.18.1,Release,JerryZ
2026-08-19T13:47:44.810093224Z,FMD,sender_signaling,fmd_sender_preparation,sender,147,false,not_applicable,unclear,gamma=8;p=2^-8;curve=P-256,-1,,not_applicable,not_applicable,unavailable,gc,go1.18.1,Release,JerryZ
2026-08-19T13:47:44.811270161Z,FMD,sender_signaling,message_encryption,sender,147,false,not_applicable,unclear,gamma=8;p=2^-8;curve=P-256,-1,,not_applicable,not_applicable,unavailable,gc,go1.18.1,Release,JerryZ
2026-08-19T13:47:44.81357367Z,FMD,sender_signaling,fmd_sender_total_signaling,sender,147,false,not_applicable,unclear,gamma=8;p=2^-8;curve=P-256,417650,269,measured,ok,unavailable,gc,go1.18.1,Release,JerryZ
2026-08-19T13:47:44.816045959Z,FMD,sender_signaling,fmd_flag_generation,sender,148,false,not_applicable,unclear,gamma=8;p=2^-8;curve=P-256,380144,269,measured,ok,unavailable,gc,go1.18.1,Release,JerryZ
2026-08-19T13:47:44.817191616Z,FMD,sender_signaling,fmd_sender_preparation,sender,148,false,not_applicable,unclear,gamma=8;p=2^-8;curve=P-256,-1,,not_applicable,not_applicable,unavailable,gc,go1.18.1,Release,JerryZ
2026-08-19T13:47:44.818210757Z,FMD,sender_signaling,message_encryption,sender,148,false,not_applicable,unclear,gamma=8;p=2^-8;curve=P-256,-1,,not_applicable,not_applicable,unavailable,gc,go1.18.1,Release,JerryZ
2026-08-19T13:47:44.820086Z,FMD,sender_signaling,fmd_sender_total_signaling,sender,148,false,not_applicable,unclear,gamma=8;p=2^-8;curve=P-256,543193,269,measured,ok,unavailable,gc,go1.18.1,Release,JerryZ
2026-08-19T13:47:44.822527541Z,FMD,sender_signaling,fmd_flag_generation,sender,149,false,not_applicable,unclear,gamma=8;p=2^-8;curve=P-256,355743,269,measured,ok,unavailable,gc,go1.18.1,Release,JerryZ
2026-08-19T13:47:44.823599306Z,FMD,sender_signaling,fmd_sender_preparation,sender,149,false,not_applicable,unclear,gamma=8;p=2^-8;curve=P-256,-1,,not_applicable,not_applicable,unavailable,gc,go1.18.1,Release,JerryZ
2026-08-19T13:47:44.824626363Z,FMD,sender_signaling,message_encryption,sender,149,false,not_applicable,unclear,gamma=8;p=2^-8;curve=P-256,-1,,not_applicable,not_applicable,unavailable,gc,go1.18.1,Release,JerryZ
2026-08-19T13:47:44.827213371Z,FMD,sender_signaling,fmd_sender_total_signaling,sender,149,false,not_applicable,unclear,gamma=8;p=2^-8;curve=P-256,786902,270,measured,ok,unavailable,gc,go1.18.1,Release,JerryZ
2026-08-19T13:47:44.829870864Z,FMD,sender_signaling,fmd_flag_generation,sender,150,false,not_applicable,unclear,gamma=8;p=2^-8;curve=P-256,708821,269,measured,ok,unavailable,gc,go1.18.1,Release,JerryZ
2026-08-19T13:47:44.83145027Z,FMD,sender_signaling,fmd_sender_preparation,sender,150,false,not_applicable,unclear,gamma=8;p=2^-8;curve=P-256,-1,,not_applicable,not_applicable,unavailable,gc,go1.18.1,Release,JerryZ
2026-08-19T13:47:44.832823589Z,FMD,sender_signaling,message_encryption,sender,150,false,not_applicable,unclear,gamma=8;p=2^-8;curve=P-256,-1,,not_applicable,not_applicable,unavailable,gc,go1.18.1,Release,JerryZ
2026-08-19T13:47:44.834804013Z,FMD,sender_signaling,fmd_sender_total_signaling,sender,150,false,not_applicable,unclear,gamma=8;p=2^-8;curve=P-256,374955,270,measured,ok,unavailable,gc,go1.18.1,Release,JerryZ
2026-08-19T13:47:44.837462425Z,FMD,sender_signaling,fmd_flag_generation,sender,151,false,not_applicable,unclear,gamma=8;p=2^-8;curve=P-256,724682,270,measured,ok,unavailable,gc,go1.18.1,Release,JerryZ
2026-08-19T13:47:44.838504764Z,FMD,sender_signaling,fmd_sender_preparation,sender,151,false,not_applicable,unclear,gamma=8;p=2^-8;curve=P-256,-1,,not_applicable,not_applicable,unavailable,gc,go1.18.1,Release,JerryZ
2026-08-19T13:47:44.839611037Z,FMD,sender_signaling,message_encryption,sender,151,false,not_applicable,unclear,gamma=8;p=2^-8;curve=P-256,-1,,not_applicable,not_applicable,unavailable,gc,go1.18.1,Release,JerryZ
2026-08-19T13:47:44.841911995Z,FMD,sender_signaling,fmd_sender_total_signaling,sender,151,false,not_applicable,unclear,gamma=8;p=2^-8;curve=P-256,672220,269,measured,ok,unavailable,gc,go1.18.1,Release,JerryZ
2026-08-19T13:47:44.84463888Z,FMD,sender_signaling,fmd_flag_generation,sender,152,false,not_applicable,unclear,gamma=8;p=2^-8;curve=P-256,396968,269,measured,ok,unavailable,gc,go1.18.1,Release,JerryZ
2026-08-19T13:47:44.846287243Z,FMD,sender_signaling,fmd_sender_preparation,sender,152,false,not_applicable,unclear,gamma=8;p=2^-8;curve=P-256,-1,,not_applicable,not_applicable,unavailable,gc,go1.18.1,Release,JerryZ
2026-08-19T13:47:44.847478507Z,FMD,sender_signaling,message_encryption,sender,152,false,not_applicable,unclear,gamma=8;p=2^-8;curve=P-256,-1,,not_applicable,not_applicable,unavailable,gc,go1.18.1,Release,JerryZ
2026-08-19T13:47:44.849266958Z,FMD,sender_signaling,fmd_sender_total_signaling,sender,152,false,not_applicable,unclear,gamma=8;p=2^-8;curve=P-256,392230,266,measured,ok,unavailable,gc,go1.18.1,Release,JerryZ
2026-08-19T13:47:44.85175373Z,FMD,sender_signaling,fmd_flag_generation,sender,153,false,not_applicable,unclear,gamma=8;p=2^-8;curve=P-256,662636,270,measured,ok,unavailable,gc,go1.18.1,Release,JerryZ
2026-08-19T13:47:44.85315352Z,FMD,sender_signaling,fmd_sender_preparation,sender,153,false,not_applicable,unclear,gamma=8;p=2^-8;curve=P-256,-1,,not_applicable,not_applicable,unavailable,gc,go1.18.1,Release,JerryZ
2026-08-19T13:47:44.854369561Z,FMD,sender_signaling,message_encryption,sender,153,false,not_applicable,unclear,gamma=8;p=2^-8;curve=P-256,-1,,not_applicable,not_applicable,unavailable,gc,go1.18.1,Release,JerryZ
2026-08-19T13:47:44.856429094Z,FMD,sender_signaling,fmd_sender_total_signaling,sender,153,false,not_applicable,unclear,gamma=8;p=2^-8;curve=P-256,377829,270,measured,ok,unavailable,gc,go1.18.1,Release,JerryZ
2026-08-19T13:47:44.858389507Z,FMD,sender_signaling,fmd_flag_generation,sender,154,false,not_applicable,unclear,gamma=8;p=2^-8;curve=P-256,375662,269,measured,ok,unavailable,gc,go1.18.1,Release,JerryZ
2026-08-19T13:47:44.859892514Z,FMD,sender_signaling,fmd_sender_preparation,sender,154,false,not_applicable,unclear,gamma=8;p=2^-8;curve=P-256,-1,,not_applicable,not_applicable,unavailable,gc,go1.18.1,Release,JerryZ
2026-08-19T13:47:44.861097098Z,FMD,sender_signaling,message_encryption,sender,154,false,not_applicable,unclear,gamma=8;p=2^-8;curve=P-256,-1,,not_applicable,not_applicable,unavailable,gc,go1.18.1,Release,JerryZ
2026-08-19T13:47:44.863279368Z,FMD,sender_signaling,fmd_sender_total_signaling,sender,154,false,not_applicable,unclear,gamma=8;p=2^-8;curve=P-256,397675,270,measured,ok,unavailable,gc,go1.18.1,Release,JerryZ
2026-08-19T13:47:44.865101828Z,FMD,sender_signaling,fmd_flag_generation,sender,155,false,not_applicable,unclear,gamma=8;p=2^-8;curve=P-256,358149,271,measured,ok,unavailable,gc,go1.18.1,Release,JerryZ
2026-08-19T13:47:44.866732796Z,FMD,sender_signaling,fmd_sender_preparation,sender,155,false,not_applicable,unclear,gamma=8;p=2^-8;curve=P-256,-1,,not_applicable,not_applicable,unavailable,gc,go1.18.1,Release,JerryZ
2026-08-19T13:47:44.86781457Z,FMD,sender_signaling,message_encryption,sender,155,false,not_applicable,unclear,gamma=8;p=2^-8;curve=P-256,-1,,not_applicable,not_applicable,unavailable,gc,go1.18.1,Release,JerryZ
2026-08-19T13:47:44.869658184Z,FMD,sender_signaling,fmd_sender_total_signaling,sender,155,false,not_applicable,unclear,gamma=8;p=2^-8;curve=P-256,404968,268,measured,ok,unavailable,gc,go1.18.1,Release,JerryZ
2026-08-19T13:47:44.871425514Z,FMD,sender_signaling,fmd_flag_generation,sender,156,false,not_applicable,unclear,gamma=8;p=2^-8;curve=P-256,352317,270,measured,ok,unavailable,gc,go1.18.1,Release,JerryZ
2026-08-19T13:47:44.872456368Z,FMD,sender_signaling,fmd_sender_preparation,sender,156,false,not_applicable,unclear,gamma=8;p=2^-8;curve=P-256,-1,,not_applicable,not_applicable,unavailable,gc,go1.18.1,Release,JerryZ
2026-08-19T13:47:44.873827955Z,FMD,sender_signaling,message_encryption,sender,156,false,not_applicable,unclear,gamma=8;p=2^-8;curve=P-256,-1,,not_applicable,not_applicable,unavailable,gc,go1.18.1,Release,JerryZ
2026-08-19T13:47:44.876900835Z,FMD,sender_signaling,fmd_sender_total_signaling,sender,156,false,not_applicable,unclear,gamma=8;p=2^-8;curve=P-256,1111938,269,measured,ok,unavailable,gc,go1.18.1,Release,JerryZ
2026-08-19T13:47:44.879978587Z,FMD,sender_signaling,fmd_flag_generation,sender,157,false,not_applicable,unclear,gamma=8;p=2^-8;curve=P-256,807446,270,measured,ok,unavailable,gc,go1.18.1,Release,JerryZ
2026-08-19T13:47:44.881106092Z,FMD,sender_signaling,fmd_sender_preparation,sender,157,false,not_applicable,unclear,gamma=8;p=2^-8;curve=P-256,-1,,not_applicable,not_applicable,unavailable,gc,go1.18.1,Release,JerryZ
2026-08-19T13:47:44.882515259Z,FMD,sender_signaling,message_encryption,sender,157,false,not_applicable,unclear,gamma=8;p=2^-8;curve=P-256,-1,,not_applicable,not_applicable,unavailable,gc,go1.18.1,Release,JerryZ
2026-08-19T13:47:44.884551614Z,FMD,sender_signaling,fmd_sender_total_signaling,sender,157,false,not_applicable,unclear,gamma=8;p=2^-8;curve=P-256,387234,271,measured,ok,unavailable,gc,go1.18.1,Release,JerryZ
2026-08-19T13:47:44.886297411Z,FMD,sender_signaling,fmd_flag_generation,sender,158,false,not_applicable,unclear,gamma=8;p=2^-8;curve=P-256,347697,269,measured,ok,unavailable,gc,go1.18.1,Release,JerryZ
2026-08-19T13:47:44.887594995Z,FMD,sender_signaling,fmd_sender_preparation,sender,158,false,not_applicable,unclear,gamma=8;p=2^-8;curve=P-256,-1,,not_applicable,not_applicable,unavailable,gc,go1.18.1,Release,JerryZ
2026-08-19T13:47:44.888609434Z,FMD,sender_signaling,message_encryption,sender,158,false,not_applicable,unclear,gamma=8;p=2^-8;curve=P-256,-1,,not_applicable,not_applicable,unavailable,gc,go1.18.1,Release,JerryZ
2026-08-19T13:47:44.891352993Z,FMD,sender_signaling,fmd_sender_total_signaling,sender,158,false,not_applicable,unclear,gamma=8;p=2^-8;curve=P-256,823399,267,measured,ok,unavailable,gc,go1.18.1,Release,JerryZ
2026-08-19T13:47:44.893697416Z,FMD,sender_signaling,fmd_flag_generation,sender,159,false,not_applicable,unclear,gamma=8;p=2^-8;curve=P-256,395536,271,measured,ok,unavailable,gc,go1.18.1,Release,JerryZ
2026-08-19T13:47:44.894761439Z,FMD,sender_signaling,fmd_sender_preparation,sender,159,false,not_applicable,unclear,gamma=8;p=2^-8;curve=P-256,-1,,not_applicable,not_applicable,unavailable,gc,go1.18.1,Release,JerryZ
2026-08-19T13:47:44.89577146Z,FMD,sender_signaling,message_encryption,sender,159,false,not_applicable,unclear,gamma=8;p=2^-8;curve=P-256,-1,,not_applicable,not_applicable,unavailable,gc,go1.18.1,Release,JerryZ
2026-08-19T13:47:44.898189721Z,FMD,sender_signaling,fmd_sender_total_signaling,sender,159,false,not_applicable,unclear,gamma=8;p=2^-8;curve=P-256,457939,268,measured,ok,unavailable,gc,go1.18.1,Release,JerryZ
2026-08-19T13:47:44.900108615Z,FMD,sender_signaling,fmd_flag_generation,sender,160,false,not_applicable,unclear,gamma=8;p=2^-8;curve=P-256,366441,271,measured,ok,unavailable,gc,go1.18.1,Release,JerryZ
2026-08-19T13:47:44.901193805Z,FMD,sender_signaling,fmd_sender_preparation,sender,160,false,not_applicable,unclear,gamma=8;p=2^-8;curve=P-256,-1,,not_applicable,not_applicable,unavailable,gc,go1.18.1,Release,JerryZ
2026-08-19T13:47:44.902426892Z,FMD,sender_signaling,message_encryption,sender,160,false,not_applicable,unclear,gamma=8;p=2^-8;curve=P-256,-1,,not_applicable,not_applicable,unavailable,gc,go1.18.1,Release,JerryZ
2026-08-19T13:47:44.904249769Z,FMD,sender_signaling,fmd_sender_total_signaling,sender,160,false,not_applicable,unclear,gamma=8;p=2^-8;curve=P-256,391100,270,measured,ok,unavailable,gc,go1.18.1,Release,JerryZ
2026-08-19T13:47:44.90685288Z,FMD,sender_signaling,fmd_flag_generation,sender,161,false,not_applicable,unclear,gamma=8;p=2^-8;curve=P-256,478392,269,measured,ok,unavailable,gc,go1.18.1,Release,JerryZ
2026-08-19T13:47:44.908376109Z,FMD,sender_signaling,fmd_sender_preparation,sender,161,false,not_applicable,unclear,gamma=8;p=2^-8;curve=P-256,-1,,not_applicable,not_applicable,unavailable,gc,go1.18.1,Release,JerryZ
2026-08-19T13:47:44.90973673Z,FMD,sender_signaling,message_encryption,sender,161,false,not_applicable,unclear,gamma=8;p=2^-8;curve=P-256,-1,,not_applicable,not_applicable,unavailable,gc,go1.18.1,Release,JerryZ
2026-08-19T13:47:44.911617277Z,FMD,sender_signaling,fmd_sender_total_signaling,sender,161,false,not_applicable,unclear,gamma=8;p=2^-8;curve=P-256,383395,270,measured,ok,unavailable,gc,go1.18.1,Release,JerryZ
2026-08-19T13:47:44.914330567Z,FMD,sender_signaling,fmd_flag_generation,sender,162,false,not_applicable,unclear,gamma=8;p=2^-8;curve=P-256,416732,268,measured,ok,unavailable,gc,go1.18.1,Release,JerryZ
2026-08-19T13:47:44.915551029Z,FMD,sender_signaling,fmd_sender_preparation,sender,162,false,not_applicable,unclear,gamma=8;p=2^-8;curve=P-256,-1,,not_applicable,not_applicable,unavailable,gc,go1.18.1,Release,JerryZ
2026-08-19T13:47:44.916591211Z,FMD,sender_signaling,message_encryption,sender,162,false,not_applicable,unclear,gamma=8;p=2^-8;curve=P-256,-1,,not_applicable,not_applicable,unavailable,gc,go1.18.1,Release,JerryZ
2026-08-19T13:47:44.919000664Z,FMD,sender_signaling,fmd_sender_total_signaling,sender,162,false,not_applicable,unclear,gamma=8;p=2^-8;curve=P-256,475251,268,measured,ok,unavailable,gc,go1.18.1,Release,JerryZ
2026-08-19T13:47:44.921729906Z,FMD,sender_signaling,fmd_flag_generation,sender,163,false,not_applicable,unclear,gamma=8;p=2^-8;curve=P-256,616690,270,measured,ok,unavailable,gc,go1.18.1,Release,JerryZ
2026-08-19T13:47:44.923395382Z,FMD,sender_signaling,fmd_sender_preparation,sender,163,false,not_applicable,unclear,gamma=8;p=2^-8;curve=P-256,-1,,not_applicable,not_applicable,unavailable,gc,go1.18.1,Release,JerryZ
2026-08-19T13:47:44.924662861Z,FMD,sender_signaling,message_encryption,sender,163,false,not_applicable,unclear,gamma=8;p=2^-8;curve=P-256,-1,,not_applicable,not_applicable,unavailable,gc,go1.18.1,Release,JerryZ
2026-08-19T13:47:44.926556389Z,FMD,sender_signaling,fmd_sender_total_signaling,sender,163,false,not_applicable,unclear,gamma=8;p=2^-8;curve=P-256,372365,268,measured,ok,unavailable,gc,go1.18.1,Release,JerryZ
2026-08-19T13:47:44.928936381Z,FMD,sender_signaling,fmd_flag_generation,sender,164,false,not_applicable,unclear,gamma=8;p=2^-8;curve=P-256,378114,269,measured,ok,unavailable,gc,go1.18.1,Release,JerryZ
2026-08-19T13:47:44.930610298Z,FMD,sender_signaling,fmd_sender_preparation,sender,164,false,not_applicable,unclear,gamma=8;p=2^-8;curve=P-256,-1,,not_applicable,not_applicable,unavailable,gc,go1.18.1,Release,JerryZ
2026-08-19T13:47:44.93169672Z,FMD,sender_signaling,message_encryption,sender,164,false,not_applicable,unclear,gamma=8;p=2^-8;curve=P-256,-1,,not_applicable,not_applicable,unavailable,gc,go1.18.1,Release,JerryZ
2026-08-19T13:47:44.93413987Z,FMD,sender_signaling,fmd_sender_total_signaling,sender,164,false,not_applicable,unclear,gamma=8;p=2^-8;curve=P-256,920949,270,measured,ok,unavailable,gc,go1.18.1,Release,JerryZ
2026-08-19T13:47:44.936356409Z,FMD,sender_signaling,fmd_flag_generation,sender,165,false,not_applicable,unclear,gamma=8;p=2^-8;curve=P-256,447415,269,measured,ok,unavailable,gc,go1.18.1,Release,JerryZ
2026-08-19T13:47:44.937856798Z,FMD,sender_signaling,fmd_sender_preparation,sender,165,false,not_applicable,unclear,gamma=8;p=2^-8;curve=P-256,-1,,not_applicable,not_applicable,unavailable,gc,go1.18.1,Release,JerryZ
2026-08-19T13:47:44.939751492Z,FMD,sender_signaling,message_encryption,sender,165,false,not_applicable,unclear,gamma=8;p=2^-8;curve=P-256,-1,,not_applicable,not_applicable,unavailable,gc,go1.18.1,Release,JerryZ
2026-08-19T13:47:44.941583723Z,FMD,sender_signaling,fmd_sender_total_signaling,sender,165,false,not_applicable,unclear,gamma=8;p=2^-8;curve=P-256,372328,269,measured,ok,unavailable,gc,go1.18.1,Release,JerryZ
2026-08-19T13:47:44.943962608Z,FMD,sender_signaling,fmd_flag_generation,sender,166,false,not_applicable,unclear,gamma=8;p=2^-8;curve=P-256,802422,269,measured,ok,unavailable,gc,go1.18.1,Release,JerryZ
2026-08-19T13:47:44.945157086Z,FMD,sender_signaling,fmd_sender_preparation,sender,166,false,not_applicable,unclear,gamma=8;p=2^-8;curve=P-256,-1,,not_applicable,not_applicable,unavailable,gc,go1.18.1,Release,JerryZ
2026-08-19T13:47:44.94643182Z,FMD,sender_signaling,message_encryption,sender,166,false,not_applicable,unclear,gamma=8;p=2^-8;curve=P-256,-1,,not_applicable,not_applicable,unavailable,gc,go1.18.1,Release,JerryZ
2026-08-19T13:47:44.948514589Z,FMD,sender_signaling,fmd_sender_total_signaling,sender,166,false,not_applicable,unclear,gamma=8;p=2^-8;curve=P-256,697324,269,measured,ok,unavailable,gc,go1.18.1,Release,JerryZ
2026-08-19T13:47:44.950739283Z,FMD,sender_signaling,fmd_flag_generation,sender,167,false,not_applicable,unclear,gamma=8;p=2^-8;curve=P-256,754492,269,measured,ok,unavailable,gc,go1.18.1,Release,JerryZ
2026-08-19T13:47:44.952253485Z,FMD,sender_signaling,fmd_sender_preparation,sender,167,false,not_applicable,unclear,gamma=8;p=2^-8;curve=P-256,-1,,not_applicable,not_applicable,unavailable,gc,go1.18.1,Release,JerryZ
2026-08-19T13:47:44.954095694Z,FMD,sender_signaling,message_encryption,sender,167,false,not_applicable,unclear,gamma=8;p=2^-8;curve=P-256,-1,,not_applicable,not_applicable,unavailable,gc,go1.18.1,Release,JerryZ
2026-08-19T13:47:44.956111026Z,FMD,sender_signaling,fmd_sender_total_signaling,sender,167,false,not_applicable,unclear,gamma=8;p=2^-8;curve=P-256,412250,270,measured,ok,unavailable,gc,go1.18.1,Release,JerryZ
2026-08-19T13:47:44.957917601Z,FMD,sender_signaling,fmd_flag_generation,sender,168,false,not_applicable,unclear,gamma=8;p=2^-8;curve=P-256,391927,268,measured,ok,unavailable,gc,go1.18.1,Release,JerryZ
2026-08-19T13:47:44.959276873Z,FMD,sender_signaling,fmd_sender_preparation,sender,168,false,not_applicable,unclear,gamma=8;p=2^-8;curve=P-256,-1,,not_applicable,not_applicable,unavailable,gc,go1.18.1,Release,JerryZ
2026-08-19T13:47:44.960312186Z,FMD,sender_signaling,message_encryption,sender,168,false,not_applicable,unclear,gamma=8;p=2^-8;curve=P-256,-1,,not_applicable,not_applicable,unavailable,gc,go1.18.1,Release,JerryZ
2026-08-19T13:47:44.96222023Z,FMD,sender_signaling,fmd_sender_total_signaling,sender,168,false,not_applicable,unclear,gamma=8;p=2^-8;curve=P-256,375185,270,measured,ok,unavailable,gc,go1.18.1,Release,JerryZ
2026-08-19T13:47:44.964500325Z,FMD,sender_signaling,fmd_flag_generation,sender,169,false,not_applicable,unclear,gamma=8;p=2^-8;curve=P-256,726261,270,measured,ok,unavailable,gc,go1.18.1,Release,JerryZ
2026-08-19T13:47:44.965943646Z,FMD,sender_signaling,fmd_sender_preparation,sender,169,false,not_applicable,unclear,gamma=8;p=2^-8;curve=P-256,-1,,not_applicable,not_applicable,unavailable,gc,go1.18.1,Release,JerryZ
2026-08-19T13:47:44.967235829Z,FMD,sender_signaling,message_encryption,sender,169,false,not_applicable,unclear,gamma=8;p=2^-8;curve=P-256,-1,,not_applicable,not_applicable,unavailable,gc,go1.18.1,Release,JerryZ
2026-08-19T13:47:44.969476182Z,FMD,sender_signaling,fmd_sender_total_signaling,sender,169,false,not_applicable,unclear,gamma=8;p=2^-8;curve=P-256,452172,269,measured,ok,unavailable,gc,go1.18.1,Release,JerryZ
2026-08-19T13:47:44.971435457Z,FMD,sender_signaling,fmd_flag_generation,sender,170,false,not_applicable,unclear,gamma=8;p=2^-8;curve=P-256,374964,267,measured,ok,unavailable,gc,go1.18.1,Release,JerryZ
2026-08-19T13:47:44.972705636Z,FMD,sender_signaling,fmd_sender_preparation,sender,170,false,not_applicable,unclear,gamma=8;p=2^-8;curve=P-256,-1,,not_applicable,not_applicable,unavailable,gc,go1.18.1,Release,JerryZ
2026-08-19T13:47:44.974011191Z,FMD,sender_signaling,message_encryption,sender,170,false,not_applicable,unclear,gamma=8;p=2^-8;curve=P-256,-1,,not_applicable,not_applicable,unavailable,gc,go1.18.1,Release,JerryZ
2026-08-19T13:47:44.976069605Z,FMD,sender_signaling,fmd_sender_total_signaling,sender,170,false,not_applicable,unclear,gamma=8;p=2^-8;curve=P-256,404545,269,measured,ok,unavailable,gc,go1.18.1,Release,JerryZ
2026-08-19T13:47:44.977850034Z,FMD,sender_signaling,fmd_flag_generation,sender,171,false,not_applicable,unclear,gamma=8;p=2^-8;curve=P-256,390824,269,measured,ok,unavailable,gc,go1.18.1,Release,JerryZ
2026-08-19T13:47:44.979269818Z,FMD,sender_signaling,fmd_sender_preparation,sender,171,false,not_applicable,unclear,gamma=8;p=2^-8;curve=P-256,-1,,not_applicable,not_applicable,unavailable,gc,go1.18.1,Release,JerryZ
2026-08-19T13:47:44.980472735Z,FMD,sender_signaling,message_encryption,sender,171,false,not_applicable,unclear,gamma=8;p=2^-8;curve=P-256,-1,,not_applicable,not_applicable,unavailable,gc,go1.18.1,Release,JerryZ
2026-08-19T13:47:44.982856253Z,FMD,sender_signaling,fmd_sender_total_signaling,sender,171,false,not_applicable,unclear,gamma=8;p=2^-8;curve=P-256,548942,269,measured,ok,unavailable,gc,go1.18.1,Release,JerryZ
2026-08-19T13:47:44.985051128Z,FMD,sender_signaling,fmd_flag_generation,sender,172,false,not_applicable,unclear,gamma=8;p=2^-8;curve=P-256,375910,271,measured,ok,unavailable,gc,go1.18.1,Release,JerryZ
2026-08-19T13:47:44.986419758Z,FMD,sender_signaling,fmd_sender_preparation,sender,172,false,not_applicable,unclear,gamma=8;p=2^-8;curve=P-256,-1,,not_applicable,not_applicable,unavailable,gc,go1.18.1,Release,JerryZ
2026-08-19T13:47:44.987483275Z,FMD,sender_signaling,message_encryption,sender,172,false,not_applicable,unclear,gamma=8;p=2^-8;curve=P-256,-1,,not_applicable,not_applicable,unavailable,gc,go1.18.1,Release,JerryZ
2026-08-19T13:47:44.990082878Z,FMD,sender_signaling,fmd_sender_total_signaling,sender,172,false,not_applicable,unclear,gamma=8;p=2^-8;curve=P-256,880999,269,measured,ok,unavailable,gc,go1.18.1,Release,JerryZ
2026-08-19T13:47:44.992657484Z,FMD,sender_signaling,fmd_flag_generation,sender,173,false,not_applicable,unclear,gamma=8;p=2^-8;curve=P-256,539712,269,measured,ok,unavailable,gc,go1.18.1,Release,JerryZ
2026-08-19T13:47:44.993949135Z,FMD,sender_signaling,fmd_sender_preparation,sender,173,false,not_applicable,unclear,gamma=8;p=2^-8;curve=P-256,-1,,not_applicable,not_applicable,unavailable,gc,go1.18.1,Release,JerryZ
2026-08-19T13:47:44.995067369Z,FMD,sender_signaling,message_encryption,sender,173,false,not_applicable,unclear,gamma=8;p=2^-8;curve=P-256,-1,,not_applicable,not_applicable,unavailable,gc,go1.18.1,Release,JerryZ
2026-08-19T13:47:44.997179461Z,FMD,sender_signaling,fmd_sender_total_signaling,sender,173,false,not_applicable,unclear,gamma=8;p=2^-8;curve=P-256,440848,268,measured,ok,unavailable,gc,go1.18.1,Release,JerryZ
2026-08-19T13:47:44.999663239Z,FMD,sender_signaling,fmd_flag_generation,sender,174,false,not_applicable,unclear,gamma=8;p=2^-8;curve=P-256,379088,269,measured,ok,unavailable,gc,go1.18.1,Release,JerryZ
2026-08-19T13:47:45.001202067Z,FMD,sender_signaling,fmd_sender_preparation,sender,174,false,not_applicable,unclear,gamma=8;p=2^-8;curve=P-256,-1,,not_applicable,not_applicable,unavailable,gc,go1.18.1,Release,JerryZ
2026-08-19T13:47:45.002710193Z,FMD,sender_signaling,message_encryption,sender,174,false,not_applicable,unclear,gamma=8;p=2^-8;curve=P-256,-1,,not_applicable,not_applicable,unavailable,gc,go1.18.1,Release,JerryZ
2026-08-19T13:47:45.004863061Z,FMD,sender_signaling,fmd_sender_total_signaling,sender,174,false,not_applicable,unclear,gamma=8;p=2^-8;curve=P-256,430535,269,measured,ok,unavailable,gc,go1.18.1,Release,JerryZ
2026-08-19T13:47:45.007003715Z,FMD,sender_signaling,fmd_flag_generation,sender,175,false,not_applicable,unclear,gamma=8;p=2^-8;curve=P-256,376764,270,measured,ok,unavailable,gc,go1.18.1,Release,JerryZ
2026-08-19T13:47:45.008223696Z,FMD,sender_signaling,fmd_sender_preparation,sender,175,false,not_applicable,unclear,gamma=8;p=2^-8;curve=P-256,-1,,not_applicable,not_applicable,unavailable,gc,go1.18.1,Release,JerryZ
2026-08-19T13:47:45.009382623Z,FMD,sender_signaling,message_encryption,sender,175,false,not_applicable,unclear,gamma=8;p=2^-8;curve=P-256,-1,,not_applicable,not_applicable,unavailable,gc,go1.18.1,Release,JerryZ
2026-08-19T13:47:45.012117457Z,FMD,sender_signaling,fmd_sender_total_signaling,sender,175,false,not_applicable,unclear,gamma=8;p=2^-8;curve=P-256,808934,268,measured,ok,unavailable,gc,go1.18.1,Release,JerryZ
2026-08-19T13:47:45.014630687Z,FMD,sender_signaling,fmd_flag_generation,sender,176,false,not_applicable,unclear,gamma=8;p=2^-8;curve=P-256,431729,269,measured,ok,unavailable,gc,go1.18.1,Release,JerryZ
2026-08-19T13:47:45.015847858Z,FMD,sender_signaling,fmd_sender_preparation,sender,176,false,not_applicable,unclear,gamma=8;p=2^-8;curve=P-256,-1,,not_applicable,not_applicable,unavailable,gc,go1.18.1,Release,JerryZ
2026-08-19T13:47:45.01705062Z,FMD,sender_signaling,message_encryption,sender,176,false,not_applicable,unclear,gamma=8;p=2^-8;curve=P-256,-1,,not_applicable,not_applicable,unavailable,gc,go1.18.1,Release,JerryZ
2026-08-19T13:47:45.01937056Z,FMD,sender_signaling,fmd_sender_total_signaling,sender,176,false,not_applicable,unclear,gamma=8;p=2^-8;curve=P-256,401001,268,measured,ok,unavailable,gc,go1.18.1,Release,JerryZ
2026-08-19T13:47:45.021611869Z,FMD,sender_signaling,fmd_flag_generation,sender,177,false,not_applicable,unclear,gamma=8;p=2^-8;curve=P-256,373283,268,measured,ok,unavailable,gc,go1.18.1,Release,JerryZ
2026-08-19T13:47:45.022774433Z,FMD,sender_signaling,fmd_sender_preparation,sender,177,false,not_applicable,unclear,gamma=8;p=2^-8;curve=P-256,-1,,not_applicable,not_applicable,unavailable,gc,go1.18.1,Release,JerryZ
2026-08-19T13:47:45.024373015Z,FMD,sender_signaling,message_encryption,sender,177,false,not_applicable,unclear,gamma=8;p=2^-8;curve=P-256,-1,,not_applicable,not_applicable,unavailable,gc,go1.18.1,Release,JerryZ
2026-08-19T13:47:45.02630359Z,FMD,sender_signaling,fmd_sender_total_signaling,sender,177,false,not_applicable,unclear,gamma=8;p=2^-8;curve=P-256,362520,269,measured,ok,unavailable,gc,go1.18.1,Release,JerryZ
2026-08-19T13:47:45.029787558Z,FMD,sender_signaling,fmd_flag_generation,sender,178,false,not_applicable,unclear,gamma=8;p=2^-8;curve=P-256,896418,269,measured,ok,unavailable,gc,go1.18.1,Release,JerryZ
2026-08-19T13:47:45.031411754Z,FMD,sender_signaling,fmd_sender_preparation,sender,178,false,not_applicable,unclear,gamma=8;p=2^-8;curve=P-256,-1,,not_applicable,not_applicable,unavailable,gc,go1.18.1,Release,JerryZ
2026-08-19T13:47:45.032596446Z,FMD,sender_signaling,message_encryption,sender,178,false,not_applicable,unclear,gamma=8;p=2^-8;curve=P-256,-1,,not_applicable,not_applicable,unavailable,gc,go1.18.1,Release,JerryZ
2026-08-19T13:47:45.035089508Z,FMD,sender_signaling,fmd_sender_total_signaling,sender,178,false,not_applicable,unclear,gamma=8;p=2^-8;curve=P-256,649302,270,measured,ok,unavailable,gc,go1.18.1,Release,JerryZ
2026-08-19T13:47:45.037709573Z,FMD,sender_signaling,fmd_flag_generation,sender,179,false,not_applicable,unclear,gamma=8;p=2^-8;curve=P-256,382292,269,measured,ok,unavailable,gc,go1.18.1,Release,JerryZ
2026-08-19T13:47:45.039030833Z,FMD,sender_signaling,fmd_sender_preparation,sender,179,false,not_applicable,unclear,gamma=8;p=2^-8;curve=P-256,-1,,not_applicable,not_applicable,unavailable,gc,go1.18.1,Release,JerryZ
2026-08-19T13:47:45.040269925Z,FMD,sender_signaling,message_encryption,sender,179,false,not_applicable,unclear,gamma=8;p=2^-8;curve=P-256,-1,,not_applicable,not_applicable,unavailable,gc,go1.18.1,Release,JerryZ
2026-08-19T13:47:45.042202456Z,FMD,sender_signaling,fmd_sender_total_signaling,sender,179,false,not_applicable,unclear,gamma=8;p=2^-8;curve=P-256,377462,269,measured,ok,unavailable,gc,go1.18.1,Release,JerryZ
2026-08-19T13:47:45.044535859Z,FMD,sender_signaling,fmd_flag_generation,sender,180,false,not_applicable,unclear,gamma=8;p=2^-8;curve=P-256,385838,268,measured,ok,unavailable,gc,go1.18.1,Release,JerryZ
2026-08-19T13:47:45.046785175Z,FMD,sender_signaling,fmd_sender_preparation,sender,180,false,not_applicable,unclear,gamma=8;p=2^-8;curve=P-256,-1,,not_applicable,not_applicable,unavailable,gc,go1.18.1,Release,JerryZ
2026-08-19T13:47:45.047996955Z,FMD,sender_signaling,message_encryption,sender,180,false,not_applicable,unclear,gamma=8;p=2^-8;curve=P-256,-1,,not_applicable,not_applicable,unavailable,gc,go1.18.1,Release,JerryZ
2026-08-19T13:47:45.05006142Z,FMD,sender_signaling,fmd_sender_total_signaling,sender,180,false,not_applicable,unclear,gamma=8;p=2^-8;curve=P-256,392974,268,measured,ok,unavailable,gc,go1.18.1,Release,JerryZ
2026-08-19T13:47:45.052148395Z,FMD,sender_signaling,fmd_flag_generation,sender,181,false,not_applicable,unclear,gamma=8;p=2^-8;curve=P-256,380419,269,measured,ok,unavailable,gc,go1.18.1,Release,JerryZ
2026-08-19T13:47:45.053659947Z,FMD,sender_signaling,fmd_sender_preparation,sender,181,false,not_applicable,unclear,gamma=8;p=2^-8;curve=P-256,-1,,not_applicable,not_applicable,unavailable,gc,go1.18.1,Release,JerryZ
2026-08-19T13:47:45.054991906Z,FMD,sender_signaling,message_encryption,sender,181,false,not_applicable,unclear,gamma=8;p=2^-8;curve=P-256,-1,,not_applicable,not_applicable,unavailable,gc,go1.18.1,Release,JerryZ
2026-08-19T13:47:45.057055962Z,FMD,sender_signaling,fmd_sender_total_signaling,sender,181,false,not_applicable,unclear,gamma=8;p=2^-8;curve=P-256,376057,269,measured,ok,unavailable,gc,go1.18.1,Release,JerryZ
2026-08-19T13:47:45.059212357Z,FMD,sender_signaling,fmd_flag_generation,sender,182,false,not_applicable,unclear,gamma=8;p=2^-8;curve=P-256,383936,270,measured,ok,unavailable,gc,go1.18.1,Release,JerryZ
2026-08-19T13:47:45.060949889Z,FMD,sender_signaling,fmd_sender_preparation,sender,182,false,not_applicable,unclear,gamma=8;p=2^-8;curve=P-256,-1,,not_applicable,not_applicable,unavailable,gc,go1.18.1,Release,JerryZ
2026-08-19T13:47:45.062220647Z,FMD,sender_signaling,message_encryption,sender,182,false,not_applicable,unclear,gamma=8;p=2^-8;curve=P-256,-1,,not_applicable,not_applicable,unavailable,gc,go1.18.1,Release,JerryZ
2026-08-19T13:47:45.064682558Z,FMD,sender_signaling,fmd_sender_total_signaling,sender,182,false,not_applicable,unclear,gamma=8;p=2^-8;curve=P-256,516495,269,measured,ok,unavailable,gc,go1.18.1,Release,JerryZ
2026-08-19T13:47:45.067030683Z,FMD,sender_signaling,fmd_flag_generation,sender,183,false,not_applicable,unclear,gamma=8;p=2^-8;curve=P-256,386728,268,measured,ok,unavailable,gc,go1.18.1,Release,JerryZ
2026-08-19T13:47:45.06818455Z,FMD,sender_signaling,fmd_sender_preparation,sender,183,false,not_applicable,unclear,gamma=8;p=2^-8;curve=P-256,-1,,not_applicable,not_applicable,unavailable,gc,go1.18.1,Release,JerryZ
2026-08-19T13:47:45.069414936Z,FMD,sender_signaling,message_encryption,sender,183,false,not_applicable,unclear,gamma=8;p=2^-8;curve=P-256,-1,,not_applicable,not_applicable,unavailable,gc,go1.18.1,Release,JerryZ
2026-08-19T13:47:45.07135644Z,FMD,sender_signaling,fmd_sender_total_signaling,sender,183,false,not_applicable,unclear,gamma=8;p=2^-8;curve=P-256,357708,269,measured,ok,unavailable,gc,go1.18.1,Release,JerryZ
2026-08-19T13:47:45.073950868Z,FMD,sender_signaling,fmd_flag_generation,sender,184,false,not_applicable,unclear,gamma=8;p=2^-8;curve=P-256,828807,268,measured,ok,unavailable,gc,go1.18.1,Release,JerryZ
2026-08-19T13:47:45.075514382Z,FMD,sender_signaling,fmd_sender_preparation,sender,184,false,not_applicable,unclear,gamma=8;p=2^-8;curve=P-256,-1,,not_applicable,not_applicable,unavailable,gc,go1.18.1,Release,JerryZ
2026-08-19T13:47:45.077141222Z,FMD,sender_signaling,message_encryption,sender,184,false,not_applicable,unclear,gamma=8;p=2^-8;curve=P-256,-1,,not_applicable,not_applicable,unavailable,gc,go1.18.1,Release,JerryZ
2026-08-19T13:47:45.079000114Z,FMD,sender_signaling,fmd_sender_total_signaling,sender,184,false,not_applicable,unclear,gamma=8;p=2^-8;curve=P-256,394787,268,measured,ok,unavailable,gc,go1.18.1,Release,JerryZ
2026-08-19T13:47:45.081464371Z,FMD,sender_signaling,fmd_flag_generation,sender,185,false,not_applicable,unclear,gamma=8;p=2^-8;curve=P-256,801109,269,measured,ok,unavailable,gc,go1.18.1,Release,JerryZ
2026-08-19T13:47:45.082808057Z,FMD,sender_signaling,fmd_sender_preparation,sender,185,false,not_applicable,unclear,gamma=8;p=2^-8;curve=P-256,-1,,not_applicable,not_applicable,unavailable,gc,go1.18.1,Release,JerryZ
2026-08-19T13:47:45.084100553Z,FMD,sender_signaling,message_encryption,sender,185,false,not_applicable,unclear,gamma=8;p=2^-8;curve=P-256,-1,,not_applicable,not_applicable,unavailable,gc,go1.18.1,Release,JerryZ
2026-08-19T13:47:45.086426627Z,FMD,sender_signaling,fmd_sender_total_signaling,sender,185,false,not_applicable,unclear,gamma=8;p=2^-8;curve=P-256,387546,268,measured,ok,unavailable,gc,go1.18.1,Release,JerryZ
2026-08-19T13:47:45.088450454Z,FMD,sender_signaling,fmd_flag_generation,sender,186,false,not_applicable,unclear,gamma=8;p=2^-8;curve=P-256,379014,270,measured,ok,unavailable,gc,go1.18.1,Release,JerryZ
2026-08-19T13:47:45.090110182Z,FMD,sender_signaling,fmd_sender_preparation,sender,186,false,not_applicable,unclear,gamma=8;p=2^-8;curve=P-256,-1,,not_applicable,not_applicable,unavailable,gc,go1.18.1,Release,JerryZ
2026-08-19T13:47:45.091544659Z,FMD,sender_signaling,message_encryption,sender,186,false,not_applicable,unclear,gamma=8;p=2^-8;curve=P-256,-1,,not_applicable,not_applicable,unavailable,gc,go1.18.1,Release,JerryZ
2026-08-19T13:47:45.094308092Z,FMD,sender_signaling,fmd_sender_total_signaling,sender,186,false,not_applicable,unclear,gamma=8;p=2^-8;curve=P-256,471476,269,measured,ok,unavailable,gc,go1.18.1,Release,JerryZ
2026-08-19T13:47:45.096321973Z,FMD,sender_signaling,fmd_flag_generation,sender,187,false,not_applicable,unclear,gamma=8;p=2^-8;curve=P-256,375772,269,measured,ok,unavailable,gc,go1.18.1,Release,JerryZ
2026-08-19T13:47:45.097926065Z,FMD,sender_signaling,fmd_sender_preparation,sender,187,false,not_applicable,unclear,gamma=8;p=2^-8;curve=P-256,-1,,not_applicable,not_applicable,unavailable,gc,go1.18.1,Release,JerryZ
2026-08-19T13:47:45.099378606Z,FMD,sender_signaling,message_encryption,sender,187,false,not_applicable,unclear,gamma=8;p=2^-8;curve=P-256,-1,,not_applicable,not_applicable,unavailable,gc,go1.18.1,Release,JerryZ
2026-08-19T13:47:45.101290456Z,FMD,sender_signaling,fmd_sender_total_signaling,sender,187,false,not_applicable,unclear,gamma=8;p=2^-8;curve=P-256,372457,269,measured,ok,unavailable,gc,go1.18.1,Release,JerryZ
2026-08-19T13:47:45.103546614Z,FMD,sender_signaling,fmd_flag_generation,sender,188,false,not_applicable,unclear,gamma=8;p=2^-8;curve=P-256,380254,270,measured,ok,unavailable,gc,go1.18.1,Release,JerryZ
2026-08-19T13:47:45.105455203Z,FMD,sender_signaling,fmd_sender_preparation,sender,188,false,not_applicable,unclear,gamma=8;p=2^-8;curve=P-256,-1,,not_applicable,not_applicable,unavailable,gc,go1.18.1,Release,JerryZ
2026-08-19T13:47:45.10731307Z,FMD,sender_signaling,message_encryption,sender,188,false,not_applicable,unclear,gamma=8;p=2^-8;curve=P-256,-1,,not_applicable,not_applicable,unavailable,gc,go1.18.1,Release,JerryZ
2026-08-19T13:47:45.109518929Z,FMD,sender_signaling,fmd_sender_total_signaling,sender,188,false,not_applicable,unclear,gamma=8;p=2^-8;curve=P-256,409127,269,measured,ok,unavailable,gc,go1.18.1,Release,JerryZ
2026-08-19T13:47:45.111879765Z,FMD,sender_signaling,fmd_flag_generation,sender,189,false,not_applicable,unclear,gamma=8;p=2^-8;curve=P-256,383753,268,measured,ok,unavailable,gc,go1.18.1,Release,JerryZ
2026-08-19T13:47:45.11302566Z,FMD,sender_signaling,fmd_sender_preparation,sender,189,false,not_applicable,unclear,gamma=8;p=2^-8;curve=P-256,-1,,not_applicable,not_applicable,unavailable,gc,go1.18.1,Release,JerryZ
2026-08-19T13:47:45.114264863Z,FMD,sender_signaling,message_encryption,sender,189,false,not_applicable,unclear,gamma=8;p=2^-8;curve=P-256,-1,,not_applicable,not_applicable,unavailable,gc,go1.18.1,Release,JerryZ
2026-08-19T13:47:45.116127745Z,FMD,sender_signaling,fmd_sender_total_signaling,sender,189,false,not_applicable,unclear,gamma=8;p=2^-8;curve=P-256,360390,269,measured,ok,unavailable,gc,go1.18.1,Release,JerryZ
2026-08-19T13:47:45.118132346Z,FMD,sender_signaling,fmd_flag_generation,sender,190,false,not_applicable,unclear,gamma=8;p=2^-8;curve=P-256,361179,270,measured,ok,unavailable,gc,go1.18.1,Release,JerryZ
2026-08-19T13:47:45.119961077Z,FMD,sender_signaling,fmd_sender_preparation,sender,190,false,not_applicable,unclear,gamma=8;p=2^-8;curve=P-256,-1,,not_applicable,not_applicable,unavailable,gc,go1.18.1,Release,JerryZ
2026-08-19T13:47:45.121314012Z,FMD,sender_signaling,message_encryption,sender,190,false,not_applicable,unclear,gamma=8;p=2^-8;curve=P-256,-1,,not_applicable,not_applicable,unavailable,gc,go1.18.1,Release,JerryZ
2026-08-19T13:47:45.123341683Z,FMD,sender_signaling,fmd_sender_total_signaling,sender,190,false,not_applicable,unclear,gamma=8;p=2^-8;curve=P-256,425171,270,measured,ok,unavailable,gc,go1.18.1,Release,JerryZ
2026-08-19T13:47:45.125351775Z,FMD,sender_signaling,fmd_flag_generation,sender,191,false,not_applicable,unclear,gamma=8;p=2^-8;curve=P-256,355385,269,measured,ok,unavailable,gc,go1.18.1,Release,JerryZ
2026-08-19T13:47:45.12672214Z,FMD,sender_signaling,fmd_sender_preparation,sender,191,false,not_applicable,unclear,gamma=8;p=2^-8;curve=P-256,-1,,not_applicable,not_applicable,unavailable,gc,go1.18.1,Release,JerryZ
2026-08-19T13:47:45.127844305Z,FMD,sender_signaling,message_encryption,sender,191,false,not_applicable,unclear,gamma=8;p=2^-8;curve=P-256,-1,,not_applicable,not_applicable,unavailable,gc,go1.18.1,Release,JerryZ
2026-08-19T13:47:45.129772479Z,FMD,sender_signaling,fmd_sender_total_signaling,sender,191,false,not_applicable,unclear,gamma=8;p=2^-8;curve=P-256,371245,269,measured,ok,unavailable,gc,go1.18.1,Release,JerryZ
2026-08-19T13:47:45.131625965Z,FMD,sender_signaling,fmd_flag_generation,sender,192,false,not_applicable,unclear,gamma=8;p=2^-8;curve=P-256,352794,269,measured,ok,unavailable,gc,go1.18.1,Release,JerryZ
2026-08-19T13:47:45.133405269Z,FMD,sender_signaling,fmd_sender_preparation,sender,192,false,not_applicable,unclear,gamma=8;p=2^-8;curve=P-256,-1,,not_applicable,not_applicable,unavailable,gc,go1.18.1,Release,JerryZ
2026-08-19T13:47:45.134704796Z,FMD,sender_signaling,message_encryption,sender,192,false,not_applicable,unclear,gamma=8;p=2^-8;curve=P-256,-1,,not_applicable,not_applicable,unavailable,gc,go1.18.1,Release,JerryZ
2026-08-19T13:47:45.137447781Z,FMD,sender_signaling,fmd_sender_total_signaling,sender,192,false,not_applicable,unclear,gamma=8;p=2^-8;curve=P-256,608994,269,measured,ok,unavailable,gc,go1.18.1,Release,JerryZ
2026-08-19T13:47:45.140153393Z,FMD,sender_signaling,fmd_flag_generation,sender,193,false,not_applicable,unclear,gamma=8;p=2^-8;curve=P-256,374707,270,measured,ok,unavailable,gc,go1.18.1,Release,JerryZ
2026-08-19T13:47:45.141531027Z,FMD,sender_signaling,fmd_sender_preparation,sender,193,false,not_applicable,unclear,gamma=8;p=2^-8;curve=P-256,-1,,not_applicable,not_applicable,unavailable,gc,go1.18.1,Release,JerryZ
2026-08-19T13:47:45.142736208Z,FMD,sender_signaling,message_encryption,sender,193,false,not_applicable,unclear,gamma=8;p=2^-8;curve=P-256,-1,,not_applicable,not_applicable,unavailable,gc,go1.18.1,Release,JerryZ
2026-08-19T13:47:45.144678901Z,FMD,sender_signaling,fmd_sender_total_signaling,sender,193,false,not_applicable,unclear,gamma=8;p=2^-8;curve=P-256,374137,269,measured,ok,unavailable,gc,go1.18.1,Release,JerryZ
2026-08-19T13:47:45.146681569Z,FMD,sender_signaling,fmd_flag_generation,sender,194,false,not_applicable,unclear,gamma=8;p=2^-8;curve=P-256,388295,269,measured,ok,unavailable,gc,go1.18.1,Release,JerryZ
2026-08-19T13:47:45.147917989Z,FMD,sender_signaling,fmd_sender_preparation,sender,194,false,not_applicable,unclear,gamma=8;p=2^-8;curve=P-256,-1,,not_applicable,not_applicable,unavailable,gc,go1.18.1,Release,JerryZ
2026-08-19T13:47:45.149921956Z,FMD,sender_signaling,message_encryption,sender,194,false,not_applicable,unclear,gamma=8;p=2^-8;curve=P-256,-1,,not_applicable,not_applicable,unavailable,gc,go1.18.1,Release,JerryZ
2026-08-19T13:47:45.152431476Z,FMD,sender_signaling,fmd_sender_total_signaling,sender,194,false,not_applicable,unclear,gamma=8;p=2^-8;curve=P-256,600353,270,measured,ok,unavailable,gc,go1.18.1,Release,JerryZ
2026-08-19T13:47:45.154733278Z,FMD,sender_signaling,fmd_flag_generation,sender,195,false,not_applicable,unclear,gamma=8;p=2^-8;curve=P-256,363017,267,measured,ok,unavailable,gc,go1.18.1,Release,JerryZ
2026-08-19T13:47:45.155817027Z,FMD,sender_signaling,fmd_sender_preparation,sender,195,false,not_applicable,unclear,gamma=8;p=2^-8;curve=P-256,-1,,not_applicable,not_applicable,unavailable,gc,go1.18.1,Release,JerryZ
2026-08-19T13:47:45.157083387Z,FMD,sender_signaling,message_encryption,sender,195,false,not_applicable,unclear,gamma=8;p=2^-8;curve=P-256,-1,,not_applicable,not_applicable,unavailable,gc,go1.18.1,Release,JerryZ
2026-08-19T13:47:45.159396939Z,FMD,sender_signaling,fmd_sender_total_signaling,sender,195,false,not_applicable,unclear,gamma=8;p=2^-8;curve=P-256,407205,269,measured,ok,unavailable,gc,go1.18.1,Release,JerryZ
2026-08-19T13:47:45.161269156Z,FMD,sender_signaling,fmd_flag_generation,sender,196,false,not_applicable,unclear,gamma=8;p=2^-8;curve=P-256,362088,269,measured,ok,unavailable,gc,go1.18.1,Release,JerryZ
2026-08-19T13:47:45.162425016Z,FMD,sender_signaling,fmd_sender_preparation,sender,196,false,not_applicable,unclear,gamma=8;p=2^-8;curve=P-256,-1,,not_applicable,not_applicable,unavailable,gc,go1.18.1,Release,JerryZ
2026-08-19T13:47:45.163490764Z,FMD,sender_signaling,message_encryption,sender,196,false,not_applicable,unclear,gamma=8;p=2^-8;curve=P-256,-1,,not_applicable,not_applicable,unavailable,gc,go1.18.1,Release,JerryZ
2026-08-19T13:47:45.165883559Z,FMD,sender_signaling,fmd_sender_total_signaling,sender,196,false,not_applicable,unclear,gamma=8;p=2^-8;curve=P-256,483911,270,measured,ok,unavailable,gc,go1.18.1,Release,JerryZ
2026-08-19T13:47:45.168616161Z,FMD,sender_signaling,fmd_flag_generation,sender,197,false,not_applicable,unclear,gamma=8;p=2^-8;curve=P-256,680701,270,measured,ok,unavailable,gc,go1.18.1,Release,JerryZ
2026-08-19T13:47:45.169863519Z,FMD,sender_signaling,fmd_sender_preparation,sender,197,false,not_applicable,unclear,gamma=8;p=2^-8;curve=P-256,-1,,not_applicable,not_applicable,unavailable,gc,go1.18.1,Release,JerryZ
2026-08-19T13:47:45.171224205Z,FMD,sender_signaling,message_encryption,sender,197,false,not_applicable,unclear,gamma=8;p=2^-8;curve=P-256,-1,,not_applicable,not_applicable,unavailable,gc,go1.18.1,Release,JerryZ
2026-08-19T13:47:45.173234146Z,FMD,sender_signaling,fmd_sender_total_signaling,sender,197,false,not_applicable,unclear,gamma=8;p=2^-8;curve=P-256,387629,267,measured,ok,unavailable,gc,go1.18.1,Release,JerryZ
2026-08-19T13:47:45.175273163Z,FMD,sender_signaling,fmd_flag_generation,sender,198,false,not_applicable,unclear,gamma=8;p=2^-8;curve=P-256,363503,269,measured,ok,unavailable,gc,go1.18.1,Release,JerryZ
2026-08-19T13:47:45.176494531Z,FMD,sender_signaling,fmd_sender_preparation,sender,198,false,not_applicable,unclear,gamma=8;p=2^-8;curve=P-256,-1,,not_applicable,not_applicable,unavailable,gc,go1.18.1,Release,JerryZ
2026-08-19T13:47:45.177626357Z,FMD,sender_signaling,message_encryption,sender,198,false,not_applicable,unclear,gamma=8;p=2^-8;curve=P-256,-1,,not_applicable,not_applicable,unavailable,gc,go1.18.1,Release,JerryZ
2026-08-19T13:47:45.179497999Z,FMD,sender_signaling,fmd_sender_total_signaling,sender,198,false,not_applicable,unclear,gamma=8;p=2^-8;curve=P-256,380062,269,measured,ok,unavailable,gc,go1.18.1,Release,JerryZ
2026-08-19T13:47:45.182739374Z,FMD,sender_signaling,fmd_flag_generation,sender,199,false,not_applicable,unclear,gamma=8;p=2^-8;curve=P-256,848865,270,measured,ok,unavailable,gc,go1.18.1,Release,JerryZ
2026-08-19T13:47:45.183989312Z,FMD,sender_signaling,fmd_sender_preparation,sender,199,false,not_applicable,unclear,gamma=8;p=2^-8;curve=P-256,-1,,not_applicable,not_applicable,unavailable,gc,go1.18.1,Release,JerryZ
2026-08-19T13:47:45.185022385Z,FMD,sender_signaling,message_encryption,sender,199,false,not_applicable,unclear,gamma=8;p=2^-8;curve=P-256,-1,,not_applicable,not_applicable,unavailable,gc,go1.18.1,Release,JerryZ
2026-08-19T13:47:45.186885772Z,FMD,sender_signaling,fmd_sender_total_signaling,sender,199,false,not_applicable,unclear,gamma=8;p=2^-8;curve=P-256,364908,269,measured,ok,unavailable,gc,go1.18.1,Release,JerryZ
2026-08-19T13:47:45.188810267Z,FMD,sender_signaling,fmd_flag_generation,sender,200,false,not_applicable,unclear,gamma=8;p=2^-8;curve=P-256,389364,269,measured,ok,unavailable,gc,go1.18.1,Release,JerryZ
2026-08-19T13:47:45.19023906Z,FMD,sender_signaling,fmd_sender_preparation,sender,200,false,not_applicable,unclear,gamma=8;p=2^-8;curve=P-256,-1,,not_applicable,not_applicable,unavailable,gc,go1.18.1,Release,JerryZ
2026-08-19T13:47:45.191229373Z,FMD,sender_signaling,message_encryption,sender,200,false,not_applicable,unclear,gamma=8;p=2^-8;curve=P-256,-1,,not_applicable,not_applicable,unavailable,gc,go1.18.1,Release,JerryZ
2026-08-19T13:47:45.193585055Z,FMD,sender_signaling,fmd_sender_total_signaling,sender,200,false,not_applicable,unclear,gamma=8;p=2^-8;curve=P-256,721789,269,measured,ok,unavailable,gc,go1.18.1,Release,JerryZ
2026-08-19T13:47:45.19571209Z,FMD,sender_signaling,fmd_flag_generation,sender,201,false,not_applicable,unclear,gamma=8;p=2^-8;curve=P-256,398676,267,measured,ok,unavailable,gc,go1.18.1,Release,JerryZ
2026-08-19T13:47:45.197673688Z,FMD,sender_signaling,fmd_sender_preparation,sender,201,false,not_applicable,unclear,gamma=8;p=2^-8;curve=P-256,-1,,not_applicable,not_applicable,unavailable,gc,go1.18.1,Release,JerryZ
2026-08-19T13:47:45.198782178Z,FMD,sender_signaling,message_encryption,sender,201,false,not_applicable,unclear,gamma=8;p=2^-8;curve=P-256,-1,,not_applicable,not_applicable,unavailable,gc,go1.18.1,Release,JerryZ
2026-08-19T13:47:45.200577588Z,FMD,sender_signaling,fmd_sender_total_signaling,sender,201,false,not_applicable,unclear,gamma=8;p=2^-8;curve=P-256,395968,271,measured,ok,unavailable,gc,go1.18.1,Release,JerryZ
2026-08-19T13:47:45.20348016Z,FMD,sender_signaling,fmd_flag_generation,sender,202,false,not_applicable,unclear,gamma=8;p=2^-8;curve=P-256,801716,268,measured,ok,unavailable,gc,go1.18.1,Release,JerryZ
2026-08-19T13:47:45.204528271Z,FMD,sender_signaling,fmd_sender_preparation,sender,202,false,not_applicable,unclear,gamma=8;p=2^-8;curve=P-256,-1,,not_applicable,not_applicable,unavailable,gc,go1.18.1,Release,JerryZ
2026-08-19T13:47:45.205836967Z,FMD,sender_signaling,message_encryption,sender,202,false,not_applicable,unclear,gamma=8;p=2^-8;curve=P-256,-1,,not_applicable,not_applicable,unavailable,gc,go1.18.1,Release,JerryZ
2026-08-19T13:47:45.207602032Z,FMD,sender_signaling,fmd_sender_total_signaling,sender,202,false,not_applicable,unclear,gamma=8;p=2^-8;curve=P-256,366047,268,measured,ok,unavailable,gc,go1.18.1,Release,JerryZ
2026-08-19T13:47:45.209906685Z,FMD,sender_signaling,fmd_flag_generation,sender,203,false,not_applicable,unclear,gamma=8;p=2^-8;curve=P-256,481625,271,measured,ok,unavailable,gc,go1.18.1,Release,JerryZ
2026-08-19T13:47:45.211932849Z,FMD,sender_signaling,fmd_sender_preparation,sender,203,false,not_applicable,unclear,gamma=8;p=2^-8;curve=P-256,-1,,not_applicable,not_applicable,unavailable,gc,go1.18.1,Release,JerryZ
2026-08-19T13:47:45.214154669Z,FMD,sender_signaling,message_encryption,sender,203,false,not_applicable,unclear,gamma=8;p=2^-8;curve=P-256,-1,,not_applicable,not_applicable,unavailable,gc,go1.18.1,Release,JerryZ
2026-08-19T13:47:45.216131246Z,FMD,sender_signaling,fmd_sender_total_signaling,sender,203,false,not_applicable,unclear,gamma=8;p=2^-8;curve=P-256,396482,270,measured,ok,unavailable,gc,go1.18.1,Release,JerryZ
2026-08-19T13:47:45.218137973Z,FMD,sender_signaling,fmd_flag_generation,sender,204,false,not_applicable,unclear,gamma=8;p=2^-8;curve=P-256,449849,270,measured,ok,unavailable,gc,go1.18.1,Release,JerryZ
2026-08-19T13:47:45.219390079Z,FMD,sender_signaling,fmd_sender_preparation,sender,204,false,not_applicable,unclear,gamma=8;p=2^-8;curve=P-256,-1,,not_applicable,not_applicable,unavailable,gc,go1.18.1,Release,JerryZ
2026-08-19T13:47:45.220529178Z,FMD,sender_signaling,message_encryption,sender,204,false,not_applicable,unclear,gamma=8;p=2^-8;curve=P-256,-1,,not_applicable,not_applicable,unavailable,gc,go1.18.1,Release,JerryZ
2026-08-19T13:47:45.222692681Z,FMD,sender_signaling,fmd_sender_total_signaling,sender,204,false,not_applicable,unclear,gamma=8;p=2^-8;curve=P-256,390807,269,measured,ok,unavailable,gc,go1.18.1,Release,JerryZ
2026-08-19T13:47:45.224818953Z,FMD,sender_signaling,fmd_flag_generation,sender,205,false,not_applicable,unclear,gamma=8;p=2^-8;curve=P-256,416667,270,measured,ok,unavailable,gc,go1.18.1,Release,JerryZ
2026-08-19T13:47:45.226260768Z,FMD,sender_signaling,fmd_sender_preparation,sender,205,false,not_applicable,unclear,gamma=8;p=2^-8;curve=P-256,-1,,not_applicable,not_applicable,unavailable,gc,go1.18.1,Release,JerryZ
2026-08-19T13:47:45.227511937Z,FMD,sender_signaling,message_encryption,sender,205,false,not_applicable,unclear,gamma=8;p=2^-8;curve=P-256,-1,,not_applicable,not_applicable,unavailable,gc,go1.18.1,Release,JerryZ
2026-08-19T13:47:45.230220116Z,FMD,sender_signaling,fmd_sender_total_signaling,sender,205,false,not_applicable,unclear,gamma=8;p=2^-8;curve=P-256,398272,270,measured,ok,unavailable,gc,go1.18.1,Release,JerryZ
2026-08-19T13:47:45.232045881Z,FMD,sender_signaling,fmd_flag_generation,sender,206,false,not_applicable,unclear,gamma=8;p=2^-8;curve=P-256,353483,270,measured,ok,unavailable,gc,go1.18.1,Release,JerryZ
2026-08-19T13:47:45.233226904Z,FMD,sender_signaling,fmd_sender_preparation,sender,206,false,not_applicable,unclear,gamma=8;p=2^-8;curve=P-256,-1,,not_applicable,not_applicable,unavailable,gc,go1.18.1,Release,JerryZ
2026-08-19T13:47:45.234367565Z,FMD,sender_signaling,message_encryption,sender,206,false,not_applicable,unclear,gamma=8;p=2^-8;curve=P-256,-1,,not_applicable,not_applicable,unavailable,gc,go1.18.1,Release,JerryZ
2026-08-19T13:47:45.236674592Z,FMD,sender_signaling,fmd_sender_total_signaling,sender,206,false,not_applicable,unclear,gamma=8;p=2^-8;curve=P-256,415649,267,measured,ok,unavailable,gc,go1.18.1,Release,JerryZ
2026-08-19T13:47:45.238982731Z,FMD,sender_signaling,fmd_flag_generation,sender,207,false,not_applicable,unclear,gamma=8;p=2^-8;curve=P-256,621870,268,measured,ok,unavailable,gc,go1.18.1,Release,JerryZ
2026-08-19T13:47:45.240583764Z,FMD,sender_signaling,fmd_sender_preparation,sender,207,false,not_applicable,unclear,gamma=8;p=2^-8;curve=P-256,-1,,not_applicable,not_applicable,unavailable,gc,go1.18.1,Release,JerryZ
2026-08-19T13:47:45.242599239Z,FMD,sender_signaling,message_encryption,sender,207,false,not_applicable,unclear,gamma=8;p=2^-8;curve=P-256,-1,,not_applicable,not_applicable,unavailable,gc,go1.18.1,Release,JerryZ
2026-08-19T13:47:45.245049718Z,FMD,sender_signaling,fmd_sender_total_signaling,sender,207,false,not_applicable,unclear,gamma=8;p=2^-8;curve=P-256,397731,271,measured,ok,unavailable,gc,go1.18.1,Release,JerryZ
2026-08-19T13:47:45.24705026Z,FMD,sender_signaling,fmd_flag_generation,sender,208,false,not_applicable,unclear,gamma=8;p=2^-8;curve=P-256,357258,269,measured,ok,unavailable,gc,go1.18.1,Release,JerryZ
2026-08-19T13:47:45.248377057Z,FMD,sender_signaling,fmd_sender_preparation,sender,208,false,not_applicable,unclear,gamma=8;p=2^-8;curve=P-256,-1,,not_applicable,not_applicable,unavailable,gc,go1.18.1,Release,JerryZ
2026-08-19T13:47:45.249670774Z,FMD,sender_signaling,message_encryption,sender,208,false,not_applicable,unclear,gamma=8;p=2^-8;curve=P-256,-1,,not_applicable,not_applicable,unavailable,gc,go1.18.1,Release,JerryZ
2026-08-19T13:47:45.251923691Z,FMD,sender_signaling,fmd_sender_total_signaling,sender,208,false,not_applicable,unclear,gamma=8;p=2^-8;curve=P-256,385085,268,measured,ok,unavailable,gc,go1.18.1,Release,JerryZ
2026-08-19T13:47:45.254220331Z,FMD,sender_signaling,fmd_flag_generation,sender,209,false,not_applicable,unclear,gamma=8;p=2^-8;curve=P-256,351867,268,measured,ok,unavailable,gc,go1.18.1,Release,JerryZ
2026-08-19T13:47:45.255658105Z,FMD,sender_signaling,fmd_sender_preparation,sender,209,false,not_applicable,unclear,gamma=8;p=2^-8;curve=P-256,-1,,not_applicable,not_applicable,unavailable,gc,go1.18.1,Release,JerryZ
2026-08-19T13:47:45.257395499Z,FMD,sender_signaling,message_encryption,sender,209,false,not_applicable,unclear,gamma=8;p=2^-8;curve=P-256,-1,,not_applicable,not_applicable,unavailable,gc,go1.18.1,Release,JerryZ
2026-08-19T13:47:45.25972982Z,FMD,sender_signaling,fmd_sender_total_signaling,sender,209,false,not_applicable,unclear,gamma=8;p=2^-8;curve=P-256,408430,269,measured,ok,unavailable,gc,go1.18.1,Release,JerryZ
2026-08-19T13:47:45.261772103Z,FMD,sender_signaling,fmd_flag_generation,sender,210,false,not_applicable,unclear,gamma=8;p=2^-8;curve=P-256,409440,269,measured,ok,unavailable,gc,go1.18.1,Release,JerryZ
2026-08-19T13:47:45.262902537Z,FMD,sender_signaling,fmd_sender_preparation,sender,210,false,not_applicable,unclear,gamma=8;p=2^-8;curve=P-256,-1,,not_applicable,not_applicable,unavailable,gc,go1.18.1,Release,JerryZ
2026-08-19T13:47:45.264169521Z,FMD,sender_signaling,message_encryption,sender,210,false,not_applicable,unclear,gamma=8;p=2^-8;curve=P-256,-1,,not_applicable,not_applicable,unavailable,gc,go1.18.1,Release,JerryZ
2026-08-19T13:47:45.266214948Z,FMD,sender_signaling,fmd_sender_total_signaling,sender,210,false,not_applicable,unclear,gamma=8;p=2^-8;curve=P-256,375864,269,measured,ok,unavailable,gc,go1.18.1,Release,JerryZ
2026-08-19T13:47:45.268550674Z,FMD,sender_signaling,fmd_flag_generation,sender,211,false,not_applicable,unclear,gamma=8;p=2^-8;curve=P-256,365964,269,measured,ok,unavailable,gc,go1.18.1,Release,JerryZ
2026-08-19T13:47:45.269723368Z,FMD,sender_signaling,fmd_sender_preparation,sender,211,false,not_applicable,unclear,gamma=8;p=2^-8;curve=P-256,-1,,not_applicable,not_applicable,unavailable,gc,go1.18.1,Release,JerryZ
2026-08-19T13:47:45.270846708Z,FMD,sender_signaling,message_encryption,sender,211,false,not_applicable,unclear,gamma=8;p=2^-8;curve=P-256,-1,,not_applicable,not_applicable,unavailable,gc,go1.18.1,Release,JerryZ
2026-08-19T13:47:45.273225084Z,FMD,sender_signaling,fmd_sender_total_signaling,sender,211,false,not_applicable,unclear,gamma=8;p=2^-8;curve=P-256,459372,269,measured,ok,unavailable,gc,go1.18.1,Release,JerryZ
2026-08-19T13:47:45.275919344Z,FMD,sender_signaling,fmd_flag_generation,sender,212,false,not_applicable,unclear,gamma=8;p=2^-8;curve=P-256,406612,269,measured,ok,unavailable,gc,go1.18.1,Release,JerryZ
2026-08-19T13:47:45.277115108Z,FMD,sender_signaling,fmd_sender_preparation,sender,212,false,not_applicable,unclear,gamma=8;p=2^-8;curve=P-256,-1,,not_applicable,not_applicable,unavailable,gc,go1.18.1,Release,JerryZ
2026-08-19T13:47:45.278361924Z,FMD,sender_signaling,message_encryption,sender,212,false,not_applicable,unclear,gamma=8;p=2^-8;curve=P-256,-1,,not_applicable,not_applicable,unavailable,gc,go1.18.1,Release,JerryZ
2026-08-19T13:47:45.280321446Z,FMD,sender_signaling,fmd_sender_total_signaling,sender,212,false,not_applicable,unclear,gamma=8;p=2^-8;curve=P-256,394635,268,measured,ok,unavailable,gc,go1.18.1,Release,JerryZ
2026-08-19T13:47:45.284310838Z,FMD,sender_signaling,fmd_flag_generation,sender,213,false,not_applicable,unclear,gamma=8;p=2^-8;curve=P-256,450748,270,measured,ok,unavailable,gc,go1.18.1,Release,JerryZ
2026-08-19T13:47:45.285600497Z,FMD,sender_signaling,fmd_sender_preparation,sender,213,false,not_applicable,unclear,gamma=8;p=2^-8;curve=P-256,-1,,not_applicable,not_applicable,unavailable,gc,go1.18.1,Release,JerryZ
2026-08-19T13:47:45.287284134Z,FMD,sender_signaling,message_encryption,sender,213,false,not_applicable,unclear,gamma=8;p=2^-8;curve=P-256,-1,,not_applicable,not_applicable,unavailable,gc,go1.18.1,Release,JerryZ
2026-08-19T13:47:45.289882273Z,FMD,sender_signaling,fmd_sender_total_signaling,sender,213,false,not_applicable,unclear,gamma=8;p=2^-8;curve=P-256,578641,268,measured,ok,unavailable,gc,go1.18.1,Release,JerryZ
2026-08-19T13:47:45.291886319Z,FMD,sender_signaling,fmd_flag_generation,sender,214,false,not_applicable,unclear,gamma=8;p=2^-8;curve=P-256,375184,270,measured,ok,unavailable,gc,go1.18.1,Release,JerryZ
2026-08-19T13:47:45.293021148Z,FMD,sender_signaling,fmd_sender_preparation,sender,214,false,not_applicable,unclear,gamma=8;p=2^-8;curve=P-256,-1,,not_applicable,not_applicable,unavailable,gc,go1.18.1,Release,JerryZ
2026-08-19T13:47:45.294273888Z,FMD,sender_signaling,message_encryption,sender,214,false,not_applicable,unclear,gamma=8;p=2^-8;curve=P-256,-1,,not_applicable,not_applicable,unavailable,gc,go1.18.1,Release,JerryZ
2026-08-19T13:47:45.296603516Z,FMD,sender_signaling,fmd_sender_total_signaling,sender,214,false,not_applicable,unclear,gamma=8;p=2^-8;curve=P-256,368022,269,measured,ok,unavailable,gc,go1.18.1,Release,JerryZ
2026-08-19T13:47:45.298455405Z,FMD,sender_signaling,fmd_flag_generation,sender,215,false,not_applicable,unclear,gamma=8;p=2^-8;curve=P-256,351260,269,measured,ok,unavailable,gc,go1.18.1,Release,JerryZ
2026-08-19T13:47:45.299602715Z,FMD,sender_signaling,fmd_sender_preparation,sender,215,false,not_applicable,unclear,gamma=8;p=2^-8;curve=P-256,-1,,not_applicable,not_applicable,unavailable,gc,go1.18.1,Release,JerryZ
2026-08-19T13:47:45.300753211Z,FMD,sender_signaling,message_encryption,sender,215,false,not_applicable,unclear,gamma=8;p=2^-8;curve=P-256,-1,,not_applicable,not_applicable,unavailable,gc,go1.18.1,Release,JerryZ
2026-08-19T13:47:45.304088912Z,FMD,sender_signaling,fmd_sender_total_signaling,sender,215,false,not_applicable,unclear,gamma=8;p=2^-8;curve=P-256,1056445,270,measured,ok,unavailable,gc,go1.18.1,Release,JerryZ
2026-08-19T13:47:45.3067373Z,FMD,sender_signaling,fmd_flag_generation,sender,216,false,not_applicable,unclear,gamma=8;p=2^-8;curve=P-256,370739,268,measured,ok,unavailable,gc,go1.18.1,Release,JerryZ
2026-08-19T13:47:45.307906145Z,FMD,sender_signaling,fmd_sender_preparation,sender,216,false,not_applicable,unclear,gamma=8;p=2^-8;curve=P-256,-1,,not_applicable,not_applicable,unavailable,gc,go1.18.1,Release,JerryZ
2026-08-19T13:47:45.30905937Z,FMD,sender_signaling,message_encryption,sender,216,false,not_applicable,unclear,gamma=8;p=2^-8;curve=P-256,-1,,not_applicable,not_applicable,unavailable,gc,go1.18.1,Release,JerryZ
2026-08-19T13:47:45.311601143Z,FMD,sender_signaling,fmd_sender_total_signaling,sender,216,false,not_applicable,unclear,gamma=8;p=2^-8;curve=P-256,377269,269,measured,ok,unavailable,gc,go1.18.1,Release,JerryZ
2026-08-19T13:47:45.314363975Z,FMD,sender_signaling,fmd_flag_generation,sender,217,false,not_applicable,unclear,gamma=8;p=2^-8;curve=P-256,635499,269,measured,ok,unavailable,gc,go1.18.1,Release,JerryZ
2026-08-19T13:47:45.31565822Z,FMD,sender_signaling,fmd_sender_preparation,sender,217,false,not_applicable,unclear,gamma=8;p=2^-8;curve=P-256,-1,,not_applicable,not_applicable,unavailable,gc,go1.18.1,Release,JerryZ
2026-08-19T13:47:45.317122025Z,FMD,sender_signaling,message_encryption,sender,217,false,not_applicable,unclear,gamma=8;p=2^-8;curve=P-256,-1,,not_applicable,not_applicable,unavailable,gc,go1.18.1,Release,JerryZ
2026-08-19T13:47:45.31951441Z,FMD,sender_signaling,fmd_sender_total_signaling,sender,217,false,not_applicable,unclear,gamma=8;p=2^-8;curve=P-256,391109,269,measured,ok,unavailable,gc,go1.18.1,Release,JerryZ
2026-08-19T13:47:45.322071006Z,FMD,sender_signaling,fmd_flag_generation,sender,218,false,not_applicable,unclear,gamma=8;p=2^-8;curve=P-256,418367,269,measured,ok,unavailable,gc,go1.18.1,Release,JerryZ
2026-08-19T13:47:45.323199691Z,FMD,sender_signaling,fmd_sender_preparation,sender,218,false,not_applicable,unclear,gamma=8;p=2^-8;curve=P-256,-1,,not_applicable,not_applicable,unavailable,gc,go1.18.1,Release,JerryZ
2026-08-19T13:47:45.324445736Z,FMD,sender_signaling,message_encryption,sender,218,false,not_applicable,unclear,gamma=8;p=2^-8;curve=P-256,-1,,not_applicable,not_applicable,unavailable,gc,go1.18.1,Release,JerryZ
2026-08-19T13:47:45.326548783Z,FMD,sender_signaling,fmd_sender_total_signaling,sender,218,false,not_applicable,unclear,gamma=8;p=2^-8;curve=P-256,373936,269,measured,ok,unavailable,gc,go1.18.1,Release,JerryZ
2026-08-19T13:47:45.328651415Z,FMD,sender_signaling,fmd_flag_generation,sender,219,false,not_applicable,unclear,gamma=8;p=2^-8;curve=P-256,368994,269,measured,ok,unavailable,gc,go1.18.1,Release,JerryZ
2026-08-19T13:47:45.329926067Z,FMD,sender_signaling,fmd_sender_preparation,sender,219,false,not_applicable,unclear,gamma=8;p=2^-8;curve=P-256,-1,,not_applicable,not_applicable,unavailable,gc,go1.18.1,Release,JerryZ
2026-08-19T13:47:45.331018991Z,FMD,sender_signaling,message_encryption,sender,219,false,not_applicable,unclear,gamma=8;p=2^-8;curve=P-256,-1,,not_applicable,not_applicable,unavailable,gc,go1.18.1,Release,JerryZ
2026-08-19T13:47:45.333633913Z,FMD,sender_signaling,fmd_sender_total_signaling,sender,219,false,not_applicable,unclear,gamma=8;p=2^-8;curve=P-256,842546,269,measured,ok,unavailable,gc,go1.18.1,Release,JerryZ
2026-08-19T13:47:45.336331766Z,FMD,sender_signaling,fmd_flag_generation,sender,220,false,not_applicable,unclear,gamma=8;p=2^-8;curve=P-256,386802,271,measured,ok,unavailable,gc,go1.18.1,Release,JerryZ
2026-08-19T13:47:45.338133296Z,FMD,sender_signaling,fmd_sender_preparation,sender,220,false,not_applicable,unclear,gamma=8;p=2^-8;curve=P-256,-1,,not_applicable,not_applicable,unavailable,gc,go1.18.1,Release,JerryZ
2026-08-19T13:47:45.339257981Z,FMD,sender_signaling,message_encryption,sender,220,false,not_applicable,unclear,gamma=8;p=2^-8;curve=P-256,-1,,not_applicable,not_applicable,unavailable,gc,go1.18.1,Release,JerryZ
2026-08-19T13:47:45.341197465Z,FMD,sender_signaling,fmd_sender_total_signaling,sender,220,false,not_applicable,unclear,gamma=8;p=2^-8;curve=P-256,371887,269,measured,ok,unavailable,gc,go1.18.1,Release,JerryZ
2026-08-19T13:47:45.343988981Z,FMD,sender_signaling,fmd_flag_generation,sender,221,false,not_applicable,unclear,gamma=8;p=2^-8;curve=P-256,801311,270,measured,ok,unavailable,gc,go1.18.1,Release,JerryZ
2026-08-19T13:47:45.345827907Z,FMD,sender_signaling,fmd_sender_preparation,sender,221,false,not_applicable,unclear,gamma=8;p=2^-8;curve=P-256,-1,,not_applicable,not_applicable,unavailable,gc,go1.18.1,Release,JerryZ
2026-08-19T13:47:45.347283489Z,FMD,sender_signaling,message_encryption,sender,221,false,not_applicable,unclear,gamma=8;p=2^-8;curve=P-256,-1,,not_applicable,not_applicable,unavailable,gc,go1.18.1,Release,JerryZ
2026-08-19T13:47:45.349797402Z,FMD,sender_signaling,fmd_sender_total_signaling,sender,221,false,not_applicable,unclear,gamma=8;p=2^-8;curve=P-256,452071,268,measured,ok,unavailable,gc,go1.18.1,Release,JerryZ
2026-08-19T13:47:45.352669387Z,FMD,sender_signaling,fmd_flag_generation,sender,222,false,not_applicable,unclear,gamma=8;p=2^-8;curve=P-256,385250,269,measured,ok,unavailable,gc,go1.18.1,Release,JerryZ
2026-08-19T13:47:45.353934837Z,FMD,sender_signaling,fmd_sender_preparation,sender,222,false,not_applicable,unclear,gamma=8;p=2^-8;curve=P-256,-1,,not_applicable,not_applicable,unavailable,gc,go1.18.1,Release,JerryZ
2026-08-19T13:47:45.355094205Z,FMD,sender_signaling,message_encryption,sender,222,false,not_applicable,unclear,gamma=8;p=2^-8;curve=P-256,-1,,not_applicable,not_applicable,unavailable,gc,go1.18.1,Release,JerryZ
2026-08-19T13:47:45.357157449Z,FMD,sender_signaling,fmd_sender_total_signaling,sender,222,false,not_applicable,unclear,gamma=8;p=2^-8;curve=P-256,381448,270,measured,ok,unavailable,gc,go1.18.1,Release,JerryZ
2026-08-19T13:47:45.359058517Z,FMD,sender_signaling,fmd_flag_generation,sender,223,false,not_applicable,unclear,gamma=8;p=2^-8;curve=P-256,354980,269,measured,ok,unavailable,gc,go1.18.1,Release,JerryZ
2026-08-19T13:47:45.360241203Z,FMD,sender_signaling,fmd_sender_preparation,sender,223,false,not_applicable,unclear,gamma=8;p=2^-8;curve=P-256,-1,,not_applicable,not_applicable,unavailable,gc,go1.18.1,Release,JerryZ
2026-08-19T13:47:45.361761557Z,FMD,sender_signaling,message_encryption,sender,223,false,not_applicable,unclear,gamma=8;p=2^-8;curve=P-256,-1,,not_applicable,not_applicable,unavailable,gc,go1.18.1,Release,JerryZ
2026-08-19T13:47:45.364348606Z,FMD,sender_signaling,fmd_sender_total_signaling,sender,223,false,not_applicable,unclear,gamma=8;p=2^-8;curve=P-256,919801,269,measured,ok,unavailable,gc,go1.18.1,Release,JerryZ
2026-08-19T13:47:45.36751027Z,FMD,sender_signaling,fmd_flag_generation,sender,224,false,not_applicable,unclear,gamma=8;p=2^-8;curve=P-256,404508,270,measured,ok,unavailable,gc,go1.18.1,Release,JerryZ
2026-08-19T13:47:45.368851821Z,FMD,sender_signaling,fmd_sender_preparation,sender,224,false,not_applicable,unclear,gamma=8;p=2^-8;curve=P-256,-1,,not_applicable,not_applicable,unavailable,gc,go1.18.1,Release,JerryZ
2026-08-19T13:47:45.370004522Z,FMD,sender_signaling,message_encryption,sender,224,false,not_applicable,unclear,gamma=8;p=2^-8;curve=P-256,-1,,not_applicable,not_applicable,unavailable,gc,go1.18.1,Release,JerryZ
2026-08-19T13:47:45.372188284Z,FMD,sender_signaling,fmd_sender_total_signaling,sender,224,false,not_applicable,unclear,gamma=8;p=2^-8;curve=P-256,367066,270,measured,ok,unavailable,gc,go1.18.1,Release,JerryZ
2026-08-19T13:47:45.374267453Z,FMD,sender_signaling,fmd_flag_generation,sender,225,false,not_applicable,unclear,gamma=8;p=2^-8;curve=P-256,360326,270,measured,ok,unavailable,gc,go1.18.1,Release,JerryZ
2026-08-19T13:47:45.375382481Z,FMD,sender_signaling,fmd_sender_preparation,sender,225,false,not_applicable,unclear,gamma=8;p=2^-8;curve=P-256,-1,,not_applicable,not_applicable,unavailable,gc,go1.18.1,Release,JerryZ
2026-08-19T13:47:45.376447642Z,FMD,sender_signaling,message_encryption,sender,225,false,not_applicable,unclear,gamma=8;p=2^-8;curve=P-256,-1,,not_applicable,not_applicable,unavailable,gc,go1.18.1,Release,JerryZ
2026-08-19T13:47:45.379624796Z,FMD,sender_signaling,fmd_sender_total_signaling,sender,225,false,not_applicable,unclear,gamma=8;p=2^-8;curve=P-256,821406,269,measured,ok,unavailable,gc,go1.18.1,Release,JerryZ
2026-08-19T13:47:45.382143629Z,FMD,sender_signaling,fmd_flag_generation,sender,226,false,not_applicable,unclear,gamma=8;p=2^-8;curve=P-256,439774,269,measured,ok,unavailable,gc,go1.18.1,Release,JerryZ
2026-08-19T13:47:45.383438362Z,FMD,sender_signaling,fmd_sender_preparation,sender,226,false,not_applicable,unclear,gamma=8;p=2^-8;curve=P-256,-1,,not_applicable,not_applicable,unavailable,gc,go1.18.1,Release,JerryZ
2026-08-19T13:47:45.384895729Z,FMD,sender_signaling,message_encryption,sender,226,false,not_applicable,unclear,gamma=8;p=2^-8;curve=P-256,-1,,not_applicable,not_applicable,unavailable,gc,go1.18.1,Release,JerryZ
2026-08-19T13:47:45.387261229Z,FMD,sender_signaling,fmd_sender_total_signaling,sender,226,false,not_applicable,unclear,gamma=8;p=2^-8;curve=P-256,647741,270,measured,ok,unavailable,gc,go1.18.1,Release,JerryZ
2026-08-19T13:47:45.38961287Z,FMD,sender_signaling,fmd_flag_generation,sender,227,false,not_applicable,unclear,gamma=8;p=2^-8;curve=P-256,795746,268,measured,ok,unavailable,gc,go1.18.1,Release,JerryZ
2026-08-19T13:47:45.390704444Z,FMD,sender_signaling,fmd_sender_preparation,sender,227,false,not_applicable,unclear,gamma=8;p=2^-8;curve=P-256,-1,,not_applicable,not_applicable,unavailable,gc,go1.18.1,Release,JerryZ
2026-08-19T13:47:45.391837978Z,FMD,sender_signaling,message_encryption,sender,227,false,not_applicable,unclear,gamma=8;p=2^-8;curve=P-256,-1,,not_applicable,not_applicable,unavailable,gc,go1.18.1,Release,JerryZ
2026-08-19T13:47:45.394056345Z,FMD,sender_signaling,fmd_sender_total_signaling,sender,227,false,not_applicable,unclear,gamma=8;p=2^-8;curve=P-256,400384,270,measured,ok,unavailable,gc,go1.18.1,Release,JerryZ
2026-08-19T13:47:45.397791521Z,FMD,sender_signaling,fmd_flag_generation,sender,228,false,not_applicable,unclear,gamma=8;p=2^-8;curve=P-256,448333,269,measured,ok,unavailable,gc,go1.18.1,Release,JerryZ
2026-08-19T13:47:45.399015952Z,FMD,sender_signaling,fmd_sender_preparation,sender,228,false,not_applicable,unclear,gamma=8;p=2^-8;curve=P-256,-1,,not_applicable,not_applicable,unavailable,gc,go1.18.1,Release,JerryZ
2026-08-19T13:47:45.400092074Z,FMD,sender_signaling,message_encryption,sender,228,false,not_applicable,unclear,gamma=8;p=2^-8;curve=P-256,-1,,not_applicable,not_applicable,unavailable,gc,go1.18.1,Release,JerryZ
2026-08-19T13:47:45.402066703Z,FMD,sender_signaling,fmd_sender_total_signaling,sender,228,false,not_applicable,unclear,gamma=8;p=2^-8;curve=P-256,435908,269,measured,ok,unavailable,gc,go1.18.1,Release,JerryZ
2026-08-19T13:47:45.403960842Z,FMD,sender_signaling,fmd_flag_generation,sender,229,false,not_applicable,unclear,gamma=8;p=2^-8;curve=P-256,354760,269,measured,ok,unavailable,gc,go1.18.1,Release,JerryZ
2026-08-19T13:47:45.405428385Z,FMD,sender_signaling,fmd_sender_preparation,sender,229,false,not_applicable,unclear,gamma=8;p=2^-8;curve=P-256,-1,,not_applicable,not_applicable,unavailable,gc,go1.18.1,Release,JerryZ
2026-08-19T13:47:45.407090041Z,FMD,sender_signaling,message_encryption,sender,229,false,not_applicable,unclear,gamma=8;p=2^-8;curve=P-256,-1,,not_applicable,not_applicable,unavailable,gc,go1.18.1,Release,JerryZ
2026-08-19T13:47:45.409028055Z,FMD,sender_signaling,fmd_sender_total_signaling,sender,229,false,not_applicable,unclear,gamma=8;p=2^-8;curve=P-256,364614,268,measured,ok,unavailable,gc,go1.18.1,Release,JerryZ
2026-08-19T13:47:45.411678335Z,FMD,sender_signaling,fmd_flag_generation,sender,230,false,not_applicable,unclear,gamma=8;p=2^-8;curve=P-256,405647,269,measured,ok,unavailable,gc,go1.18.1,Release,JerryZ
2026-08-19T13:47:45.413447753Z,FMD,sender_signaling,fmd_sender_preparation,sender,230,false,not_applicable,unclear,gamma=8;p=2^-8;curve=P-256,-1,,not_applicable,not_applicable,unavailable,gc,go1.18.1,Release,JerryZ
2026-08-19T13:47:45.414672069Z,FMD,sender_signaling,message_encryption,sender,230,false,not_applicable,unclear,gamma=8;p=2^-8;curve=P-256,-1,,not_applicable,not_applicable,unavailable,gc,go1.18.1,Release,JerryZ
2026-08-19T13:47:45.416800802Z,FMD,sender_signaling,fmd_sender_total_signaling,sender,230,false,not_applicable,unclear,gamma=8;p=2^-8;curve=P-256,406345,269,measured,ok,unavailable,gc,go1.18.1,Release,JerryZ
2026-08-19T13:47:45.418971946Z,FMD,sender_signaling,fmd_flag_generation,sender,231,false,not_applicable,unclear,gamma=8;p=2^-8;curve=P-256,370280,269,measured,ok,unavailable,gc,go1.18.1,Release,JerryZ
2026-08-19T13:47:45.420379909Z,FMD,sender_signaling,fmd_sender_preparation,sender,231,false,not_applicable,unclear,gamma=8;p=2^-8;curve=P-256,-1,,not_applicable,not_applicable,unavailable,gc,go1.18.1,Release,JerryZ
2026-08-19T13:47:45.421629343Z,FMD,sender_signaling,message_encryption,sender,231,false,not_applicable,unclear,gamma=8;p=2^-8;curve=P-256,-1,,not_applicable,not_applicable,unavailable,gc,go1.18.1,Release,JerryZ
2026-08-19T13:47:45.423513237Z,FMD,sender_signaling,fmd_sender_total_signaling,sender,231,false,not_applicable,unclear,gamma=8;p=2^-8;curve=P-256,383074,268,measured,ok,unavailable,gc,go1.18.1,Release,JerryZ
2026-08-19T13:47:45.426337871Z,FMD,sender_signaling,fmd_flag_generation,sender,232,false,not_applicable,unclear,gamma=8;p=2^-8;curve=P-256,411828,269,measured,ok,unavailable,gc,go1.18.1,Release,JerryZ
2026-08-19T13:47:45.427916892Z,FMD,sender_signaling,fmd_sender_preparation,sender,232,false,not_applicable,unclear,gamma=8;p=2^-8;curve=P-256,-1,,not_applicable,not_applicable,unavailable,gc,go1.18.1,Release,JerryZ
2026-08-19T13:47:45.429048489Z,FMD,sender_signaling,message_encryption,sender,232,false,not_applicable,unclear,gamma=8;p=2^-8;curve=P-256,-1,,not_applicable,not_applicable,unavailable,gc,go1.18.1,Release,JerryZ
2026-08-19T13:47:45.431061222Z,FMD,sender_signaling,fmd_sender_total_signaling,sender,232,false,not_applicable,unclear,gamma=8;p=2^-8;curve=P-256,378776,269,measured,ok,unavailable,gc,go1.18.1,Release,JerryZ
2026-08-19T13:47:45.433046257Z,FMD,sender_signaling,fmd_flag_generation,sender,233,false,not_applicable,unclear,gamma=8;p=2^-8;curve=P-256,374734,270,measured,ok,unavailable,gc,go1.18.1,Release,JerryZ
2026-08-19T13:47:45.434391513Z,FMD,sender_signaling,fmd_sender_preparation,sender,233,false,not_applicable,unclear,gamma=8;p=2^-8;curve=P-256,-1,,not_applicable,not_applicable,unavailable,gc,go1.18.1,Release,JerryZ
2026-08-19T13:47:45.435878356Z,FMD,sender_signaling,message_encryption,sender,233,false,not_applicable,unclear,gamma=8;p=2^-8;curve=P-256,-1,,not_applicable,not_applicable,unavailable,gc,go1.18.1,Release,JerryZ
2026-08-19T13:47:45.437847448Z,FMD,sender_signaling,fmd_sender_total_signaling,sender,233,false,not_applicable,unclear,gamma=8;p=2^-8;curve=P-256,442979,270,measured,ok,unavailable,gc,go1.18.1,Release,JerryZ
2026-08-19T13:47:45.440767055Z,FMD,sender_signaling,fmd_flag_generation,sender,234,false,not_applicable,unclear,gamma=8;p=2^-8;curve=P-256,435264,269,measured,ok,unavailable,gc,go1.18.1,Release,JerryZ
2026-08-19T13:47:45.442534963Z,FMD,sender_signaling,fmd_sender_preparation,sender,234,false,not_applicable,unclear,gamma=8;p=2^-8;curve=P-256,-1,,not_applicable,not_applicable,unavailable,gc,go1.18.1,Release,JerryZ
2026-08-19T13:47:45.443648917Z,FMD,sender_signaling,message_encryption,sender,234,false,not_applicable,unclear,gamma=8;p=2^-8;curve=P-256,-1,,not_applicable,not_applicable,unavailable,gc,go1.18.1,Release,JerryZ
2026-08-19T13:47:45.446529296Z,FMD,sender_signaling,fmd_sender_total_signaling,sender,234,false,not_applicable,unclear,gamma=8;p=2^-8;curve=P-256,859932,267,measured,ok,unavailable,gc,go1.18.1,Release,JerryZ
2026-08-19T13:47:45.448490683Z,FMD,sender_signaling,fmd_flag_generation,sender,235,false,not_applicable,unclear,gamma=8;p=2^-8;curve=P-256,367636,269,measured,ok,unavailable,gc,go1.18.1,Release,JerryZ
2026-08-19T13:47:45.449781517Z,FMD,sender_signaling,fmd_sender_preparation,sender,235,false,not_applicable,unclear,gamma=8;p=2^-8;curve=P-256,-1,,not_applicable,not_applicable,unavailable,gc,go1.18.1,Release,JerryZ
2026-08-19T13:47:45.451084914Z,FMD,sender_signaling,message_encryption,sender,235,false,not_applicable,unclear,gamma=8;p=2^-8;curve=P-256,-1,,not_applicable,not_applicable,unavailable,gc,go1.18.1,Release,JerryZ
2026-08-19T13:47:45.453295208Z,FMD,sender_signaling,fmd_sender_total_signaling,sender,235,false,not_applicable,unclear,gamma=8;p=2^-8;curve=P-256,397584,268,measured,ok,unavailable,gc,go1.18.1,Release,JerryZ
2026-08-19T13:47:45.455838993Z,FMD,sender_signaling,fmd_flag_generation,sender,236,false,not_applicable,unclear,gamma=8;p=2^-8;curve=P-256,397694,270,measured,ok,unavailable,gc,go1.18.1,Release,JerryZ
2026-08-19T13:47:45.457608673Z,FMD,sender_signaling,fmd_sender_preparation,sender,236,false,not_applicable,unclear,gamma=8;p=2^-8;curve=P-256,-1,,not_applicable,not_applicable,unavailable,gc,go1.18.1,Release,JerryZ
2026-08-19T13:47:45.459029553Z,FMD,sender_signaling,message_encryption,sender,236,false,not_applicable,unclear,gamma=8;p=2^-8;curve=P-256,-1,,not_applicable,not_applicable,unavailable,gc,go1.18.1,Release,JerryZ
2026-08-19T13:47:45.461190953Z,FMD,sender_signaling,fmd_sender_total_signaling,sender,236,false,not_applicable,unclear,gamma=8;p=2^-8;curve=P-256,687267,270,measured,ok,unavailable,gc,go1.18.1,Release,JerryZ
2026-08-19T13:47:45.463510736Z,FMD,sender_signaling,fmd_flag_generation,sender,237,false,not_applicable,unclear,gamma=8;p=2^-8;curve=P-256,400798,269,measured,ok,unavailable,gc,go1.18.1,Release,JerryZ
2026-08-19T13:47:45.464689289Z,FMD,sender_signaling,fmd_sender_preparation,sender,237,false,not_applicable,unclear,gamma=8;p=2^-8;curve=P-256,-1,,not_applicable,not_applicable,unavailable,gc,go1.18.1,Release,JerryZ
2026-08-19T13:47:45.465915387Z,FMD,sender_signaling,message_encryption,sender,237,false,not_applicable,unclear,gamma=8;p=2^-8;curve=P-256,-1,,not_applicable,not_applicable,unavailable,gc,go1.18.1,Release,JerryZ
2026-08-19T13:47:45.467860647Z,FMD,sender_signaling,fmd_sender_total_signaling,sender,237,false,not_applicable,unclear,gamma=8;p=2^-8;curve=P-256,362713,271,measured,ok,unavailable,gc,go1.18.1,Release,JerryZ
2026-08-19T13:47:45.470730685Z,FMD,sender_signaling,fmd_flag_generation,sender,238,false,not_applicable,unclear,gamma=8;p=2^-8;curve=P-256,849196,270,measured,ok,unavailable,gc,go1.18.1,Release,JerryZ
2026-08-19T13:47:45.472081278Z,FMD,sender_signaling,fmd_sender_preparation,sender,238,false,not_applicable,unclear,gamma=8;p=2^-8;curve=P-256,-1,,not_applicable,not_applicable,unavailable,gc,go1.18.1,Release,JerryZ
2026-08-19T13:47:45.473985175Z,FMD,sender_signaling,message_encryption,sender,238,false,not_applicable,unclear,gamma=8;p=2^-8;curve=P-256,-1,,not_applicable,not_applicable,unavailable,gc,go1.18.1,Release,JerryZ
2026-08-19T13:47:45.475832903Z,FMD,sender_signaling,fmd_sender_total_signaling,sender,238,false,not_applicable,unclear,gamma=8;p=2^-8;curve=P-256,368104,270,measured,ok,unavailable,gc,go1.18.1,Release,JerryZ
2026-08-19T13:47:45.477788055Z,FMD,sender_signaling,fmd_flag_generation,sender,239,false,not_applicable,unclear,gamma=8;p=2^-8;curve=P-256,423583,270,measured,ok,unavailable,gc,go1.18.1,Release,JerryZ
2026-08-19T13:47:45.483367304Z,FMD,sender_signaling,fmd_sender_preparation,sender,239,false,not_applicable,unclear,gamma=8;p=2^-8;curve=P-256,-1,,not_applicable,not_applicable,unavailable,gc,go1.18.1,Release,JerryZ
2026-08-19T13:47:45.484862532Z,FMD,sender_signaling,message_encryption,sender,239,false,not_applicable,unclear,gamma=8;p=2^-8;curve=P-256,-1,,not_applicable,not_applicable,unavailable,gc,go1.18.1,Release,JerryZ
2026-08-19T13:47:45.488151042Z,FMD,sender_signaling,fmd_sender_total_signaling,sender,239,false,not_applicable,unclear,gamma=8;p=2^-8;curve=P-256,640871,268,measured,ok,unavailable,gc,go1.18.1,Release,JerryZ
2026-08-19T13:47:45.49073343Z,FMD,sender_signaling,fmd_flag_generation,sender,240,false,not_applicable,unclear,gamma=8;p=2^-8;curve=P-256,433905,269,measured,ok,unavailable,gc,go1.18.1,Release,JerryZ
2026-08-19T13:47:45.492354163Z,FMD,sender_signaling,fmd_sender_preparation,sender,240,false,not_applicable,unclear,gamma=8;p=2^-8;curve=P-256,-1,,not_applicable,not_applicable,unavailable,gc,go1.18.1,Release,JerryZ
2026-08-19T13:47:45.493692606Z,FMD,sender_signaling,message_encryption,sender,240,false,not_applicable,unclear,gamma=8;p=2^-8;curve=P-256,-1,,not_applicable,not_applicable,unavailable,gc,go1.18.1,Release,JerryZ
2026-08-19T13:47:45.495674977Z,FMD,sender_signaling,fmd_sender_total_signaling,sender,240,false,not_applicable,unclear,gamma=8;p=2^-8;curve=P-256,422390,269,measured,ok,unavailable,gc,go1.18.1,Release,JerryZ
2026-08-19T13:47:45.49766555Z,FMD,sender_signaling,fmd_flag_generation,sender,241,false,not_applicable,unclear,gamma=8;p=2^-8;curve=P-256,403811,269,measured,ok,unavailable,gc,go1.18.1,Release,JerryZ
2026-08-19T13:47:45.499157903Z,FMD,sender_signaling,fmd_sender_preparation,sender,241,false,not_applicable,unclear,gamma=8;p=2^-8;curve=P-256,-1,,not_applicable,not_applicable,unavailable,gc,go1.18.1,Release,JerryZ
2026-08-19T13:47:45.500310089Z,FMD,sender_signaling,message_encryption,sender,241,false,not_applicable,unclear,gamma=8;p=2^-8;curve=P-256,-1,,not_applicable,not_applicable,unavailable,gc,go1.18.1,Release,JerryZ
2026-08-19T13:47:45.502896377Z,FMD,sender_signaling,fmd_sender_total_signaling,sender,241,false,not_applicable,unclear,gamma=8;p=2^-8;curve=P-256,741700,269,measured,ok,unavailable,gc,go1.18.1,Release,JerryZ
2026-08-19T13:47:45.505630403Z,FMD,sender_signaling,fmd_flag_generation,sender,242,false,not_applicable,unclear,gamma=8;p=2^-8;curve=P-256,377269,269,measured,ok,unavailable,gc,go1.18.1,Release,JerryZ
2026-08-19T13:47:45.506716411Z,FMD,sender_signaling,fmd_sender_preparation,sender,242,false,not_applicable,unclear,gamma=8;p=2^-8;curve=P-256,-1,,not_applicable,not_applicable,unavailable,gc,go1.18.1,Release,JerryZ
2026-08-19T13:47:45.50784123Z,FMD,sender_signaling,message_encryption,sender,242,false,not_applicable,unclear,gamma=8;p=2^-8;curve=P-256,-1,,not_applicable,not_applicable,unavailable,gc,go1.18.1,Release,JerryZ
2026-08-19T13:47:45.509717249Z,FMD,sender_signaling,fmd_sender_total_signaling,sender,242,false,not_applicable,unclear,gamma=8;p=2^-8;curve=P-256,367855,268,measured,ok,unavailable,gc,go1.18.1,Release,JerryZ
2026-08-19T13:47:45.511728535Z,FMD,sender_signaling,fmd_flag_generation,sender,243,false,not_applicable,unclear,gamma=8;p=2^-8;curve=P-256,384901,270,measured,ok,unavailable,gc,go1.18.1,Release,JerryZ
2026-08-19T13:47:45.512914793Z,FMD,sender_signaling,fmd_sender_preparation,sender,243,false,not_applicable,unclear,gamma=8;p=2^-8;curve=P-256,-1,,not_applicable,not_applicable,unavailable,gc,go1.18.1,Release,JerryZ
2026-08-19T13:47:45.514428196Z,FMD,sender_signaling,message_encryption,sender,243,false,not_applicable,unclear,gamma=8;p=2^-8;curve=P-256,-1,,not_applicable,not_applicable,unavailable,gc,go1.18.1,Release,JerryZ
2026-08-19T13:47:45.51756482Z,FMD,sender_signaling,fmd_sender_total_signaling,sender,243,false,not_applicable,unclear,gamma=8;p=2^-8;curve=P-256,1029969,268,measured,ok,unavailable,gc,go1.18.1,Release,JerryZ
2026-08-19T13:47:45.52056751Z,FMD,sender_signaling,fmd_flag_generation,sender,244,false,not_applicable,unclear,gamma=8;p=2^-8;curve=P-256,416788,270,measured,ok,unavailable,gc,go1.18.1,Release,JerryZ
2026-08-19T13:47:45.52216881Z,FMD,sender_signaling,fmd_sender_preparation,sender,244,false,not_applicable,unclear,gamma=8;p=2^-8;curve=P-256,-1,,not_applicable,not_applicable,unavailable,gc,go1.18.1,Release,JerryZ
2026-08-19T13:47:45.523436051Z,FMD,sender_signaling,message_encryption,sender,244,false,not_applicable,unclear,gamma=8;p=2^-8;curve=P-256,-1,,not_applicable,not_applicable,unavailable,gc,go1.18.1,Release,JerryZ
2026-08-19T13:47:45.525833979Z,FMD,sender_signaling,fmd_sender_total_signaling,sender,244,false,not_applicable,unclear,gamma=8;p=2^-8;curve=P-256,510480,268,measured,ok,unavailable,gc,go1.18.1,Release,JerryZ
2026-08-19T13:47:45.527720766Z,FMD,sender_signaling,fmd_flag_generation,sender,245,false,not_applicable,unclear,gamma=8;p=2^-8;curve=P-256,388419,270,measured,ok,unavailable,gc,go1.18.1,Release,JerryZ
2026-08-19T13:47:45.528792163Z,FMD,sender_signaling,fmd_sender_preparation,sender,245,false,not_applicable,unclear,gamma=8;p=2^-8;curve=P-256,-1,,not_applicable,not_applicable,unavailable,gc,go1.18.1,Release,JerryZ
2026-08-19T13:47:45.529983196Z,FMD,sender_signaling,message_encryption,sender,245,false,not_applicable,unclear,gamma=8;p=2^-8;curve=P-256,-1,,not_applicable,not_applicable,unavailable,gc,go1.18.1,Release,JerryZ
2026-08-19T13:47:45.532356402Z,FMD,sender_signaling,fmd_sender_total_signaling,sender,245,false,not_applicable,unclear,gamma=8;p=2^-8;curve=P-256,439462,269,measured,ok,unavailable,gc,go1.18.1,Release,JerryZ
2026-08-19T13:47:45.534685172Z,FMD,sender_signaling,fmd_flag_generation,sender,246,false,not_applicable,unclear,gamma=8;p=2^-8;curve=P-256,419791,268,measured,ok,unavailable,gc,go1.18.1,Release,JerryZ
2026-08-19T13:47:45.535946337Z,FMD,sender_signaling,fmd_sender_preparation,sender,246,false,not_applicable,unclear,gamma=8;p=2^-8;curve=P-256,-1,,not_applicable,not_applicable,unavailable,gc,go1.18.1,Release,JerryZ
2026-08-19T13:47:45.537362042Z,FMD,sender_signaling,message_encryption,sender,246,false,not_applicable,unclear,gamma=8;p=2^-8;curve=P-256,-1,,not_applicable,not_applicable,unavailable,gc,go1.18.1,Release,JerryZ
2026-08-19T13:47:45.539515476Z,FMD,sender_signaling,fmd_sender_total_signaling,sender,246,false,not_applicable,unclear,gamma=8;p=2^-8;curve=P-256,444356,269,measured,ok,unavailable,gc,go1.18.1,Release,JerryZ
2026-08-19T13:47:45.541676536Z,FMD,sender_signaling,fmd_flag_generation,sender,247,false,not_applicable,unclear,gamma=8;p=2^-8;curve=P-256,394590,268,measured,ok,unavailable,gc,go1.18.1,Release,JerryZ
2026-08-19T13:47:45.542784672Z,FMD,sender_signaling,fmd_sender_preparation,sender,247,false,not_applicable,unclear,gamma=8;p=2^-8;curve=P-256,-1,,not_applicable,not_applicable,unavailable,gc,go1.18.1,Release,JerryZ
2026-08-19T13:47:45.544037329Z,FMD,sender_signaling,message_encryption,sender,247,false,not_applicable,unclear,gamma=8;p=2^-8;curve=P-256,-1,,not_applicable,not_applicable,unavailable,gc,go1.18.1,Release,JerryZ
2026-08-19T13:47:45.546126755Z,FMD,sender_signaling,fmd_sender_total_signaling,sender,247,false,not_applicable,unclear,gamma=8;p=2^-8;curve=P-256,429313,270,measured,ok,unavailable,gc,go1.18.1,Release,JerryZ
2026-08-19T13:47:45.549528139Z,FMD,sender_signaling,fmd_flag_generation,sender,248,false,not_applicable,unclear,gamma=8;p=2^-8;curve=P-256,599764,271,measured,ok,unavailable,gc,go1.18.1,Release,JerryZ
2026-08-19T13:47:45.551355112Z,FMD,sender_signaling,fmd_sender_preparation,sender,248,false,not_applicable,unclear,gamma=8;p=2^-8;curve=P-256,-1,,not_applicable,not_applicable,unavailable,gc,go1.18.1,Release,JerryZ
2026-08-19T13:47:45.552539983Z,FMD,sender_signaling,message_encryption,sender,248,false,not_applicable,unclear,gamma=8;p=2^-8;curve=P-256,-1,,not_applicable,not_applicable,unavailable,gc,go1.18.1,Release,JerryZ
2026-08-19T13:47:45.555370338Z,FMD,sender_signaling,fmd_sender_total_signaling,sender,248,false,not_applicable,unclear,gamma=8;p=2^-8;curve=P-256,818669,269,measured,ok,unavailable,gc,go1.18.1,Release,JerryZ
2026-08-19T13:47:45.557412009Z,FMD,sender_signaling,fmd_flag_generation,sender,249,false,not_applicable,unclear,gamma=8;p=2^-8;curve=P-256,361629,270,measured,ok,unavailable,gc,go1.18.1,Release,JerryZ
2026-08-19T13:47:45.558778223Z,FMD,sender_signaling,fmd_sender_preparation,sender,249,false,not_applicable,unclear,gamma=8;p=2^-8;curve=P-256,-1,,not_applicable,not_applicable,unavailable,gc,go1.18.1,Release,JerryZ
2026-08-19T13:47:45.559849776Z,FMD,sender_signaling,message_encryption,sender,249,false,not_applicable,unclear,gamma=8;p=2^-8;curve=P-256,-1,,not_applicable,not_applicable,unavailable,gc,go1.18.1,Release,JerryZ
2026-08-19T13:47:45.562285459Z,FMD,sender_signaling,fmd_sender_total_signaling,sender,249,false,not_applicable,unclear,gamma=8;p=2^-8;curve=P-256,850123,268,measured,ok,unavailable,gc,go1.18.1,Release,JerryZ
2026-08-19T13:47:45.565085747Z,FMD,sender_signaling,fmd_flag_generation,sender,250,false,not_applicable,unclear,gamma=8;p=2^-8;curve=P-256,394673,270,measured,ok,unavailable,gc,go1.18.1,Release,JerryZ
2026-08-19T13:47:45.566524357Z,FMD,sender_signaling,fmd_sender_preparation,sender,250,false,not_applicable,unclear,gamma=8;p=2^-8;curve=P-256,-1,,not_applicable,not_applicable,unavailable,gc,go1.18.1,Release,JerryZ
2026-08-19T13:47:45.567610246Z,FMD,sender_signaling,message_encryption,sender,250,false,not_applicable,unclear,gamma=8;p=2^-8;curve=P-256,-1,,not_applicable,not_applicable,unavailable,gc,go1.18.1,Release,JerryZ
2026-08-19T13:47:45.569842517Z,FMD,sender_signaling,fmd_sender_total_signaling,sender,250,false,not_applicable,unclear,gamma=8;p=2^-8;curve=P-256,422545,269,measured,ok,unavailable,gc,go1.18.1,Release,JerryZ
2026-08-19T13:47:45.572015204Z,FMD,sender_signaling,fmd_flag_generation,sender,251,false,not_applicable,unclear,gamma=8;p=2^-8;curve=P-256,373568,269,measured,ok,unavailable,gc,go1.18.1,Release,JerryZ
2026-08-19T13:47:45.573122463Z,FMD,sender_signaling,fmd_sender_preparation,sender,251,false,not_applicable,unclear,gamma=8;p=2^-8;curve=P-256,-1,,not_applicable,not_applicable,unavailable,gc,go1.18.1,Release,JerryZ
2026-08-19T13:47:45.574231963Z,FMD,sender_signaling,message_encryption,sender,251,false,not_applicable,unclear,gamma=8;p=2^-8;curve=P-256,-1,,not_applicable,not_applicable,unavailable,gc,go1.18.1,Release,JerryZ
2026-08-19T13:47:45.576335193Z,FMD,sender_signaling,fmd_sender_total_signaling,sender,251,false,not_applicable,unclear,gamma=8;p=2^-8;curve=P-256,356211,269,measured,ok,unavailable,gc,go1.18.1,Release,JerryZ
2026-08-19T13:47:45.57912953Z,FMD,sender_signaling,fmd_flag_generation,sender,252,false,not_applicable,unclear,gamma=8;p=2^-8;curve=P-256,577521,267,measured,ok,unavailable,gc,go1.18.1,Release,JerryZ
2026-08-19T13:47:45.580827347Z,FMD,sender_signaling,fmd_sender_preparation,sender,252,false,not_applicable,unclear,gamma=8;p=2^-8;curve=P-256,-1,,not_applicable,not_applicable,unavailable,gc,go1.18.1,Release,JerryZ
2026-08-19T13:47:45.582269827Z,FMD,sender_signaling,message_encryption,sender,252,false,not_applicable,unclear,gamma=8;p=2^-8;curve=P-256,-1,,not_applicable,not_applicable,unavailable,gc,go1.18.1,Release,JerryZ
2026-08-19T13:47:45.584165339Z,FMD,sender_signaling,fmd_sender_total_signaling,sender,252,false,not_applicable,unclear,gamma=8;p=2^-8;curve=P-256,375937,268,measured,ok,unavailable,gc,go1.18.1,Release,JerryZ
2026-08-19T13:47:45.58601123Z,FMD,sender_signaling,fmd_flag_generation,sender,253,false,not_applicable,unclear,gamma=8;p=2^-8;curve=P-256,379758,270,measured,ok,unavailable,gc,go1.18.1,Release,JerryZ
2026-08-19T13:47:45.587498615Z,FMD,sender_signaling,fmd_sender_preparation,sender,253,false,not_applicable,unclear,gamma=8;p=2^-8;curve=P-256,-1,,not_applicable,not_applicable,unavailable,gc,go1.18.1,Release,JerryZ
2026-08-19T13:47:45.588703324Z,FMD,sender_signaling,message_encryption,sender,253,false,not_applicable,unclear,gamma=8;p=2^-8;curve=P-256,-1,,not_applicable,not_applicable,unavailable,gc,go1.18.1,Release,JerryZ
2026-08-19T13:47:45.590727031Z,FMD,sender_signaling,fmd_sender_total_signaling,sender,253,false,not_applicable,unclear,gamma=8;p=2^-8;curve=P-256,376764,269,measured,ok,unavailable,gc,go1.18.1,Release,JerryZ
2026-08-19T13:47:45.592785527Z,FMD,sender_signaling,fmd_flag_generation,sender,254,false,not_applicable,unclear,gamma=8;p=2^-8;curve=P-256,370868,271,measured,ok,unavailable,gc,go1.18.1,Release,JerryZ
2026-08-19T13:47:45.594248942Z,FMD,sender_signaling,fmd_sender_preparation,sender,254,false,not_applicable,unclear,gamma=8;p=2^-8;curve=P-256,-1,,not_applicable,not_applicable,unavailable,gc,go1.18.1,Release,JerryZ
2026-08-19T13:47:45.595953431Z,FMD,sender_signaling,message_encryption,sender,254,false,not_applicable,unclear,gamma=8;p=2^-8;curve=P-256,-1,,not_applicable,not_applicable,unavailable,gc,go1.18.1,Release,JerryZ
2026-08-19T13:47:45.597977451Z,FMD,sender_signaling,fmd_sender_total_signaling,sender,254,false,not_applicable,unclear,gamma=8;p=2^-8;curve=P-256,416162,269,measured,ok,unavailable,gc,go1.18.1,Release,JerryZ
2026-08-19T13:47:45.600616003Z,FMD,sender_signaling,fmd_flag_generation,sender,255,false,not_applicable,unclear,gamma=8;p=2^-8;curve=P-256,819027,269,measured,ok,unavailable,gc,go1.18.1,Release,JerryZ
2026-08-19T13:47:45.602090714Z,FMD,sender_signaling,fmd_sender_preparation,sender,255,false,not_applicable,unclear,gamma=8;p=2^-8;curve=P-256,-1,,not_applicable,not_applicable,unavailable,gc,go1.18.1,Release,JerryZ
2026-08-19T13:47:45.603482027Z,FMD,sender_signaling,message_encryption,sender,255,false,not_applicable,unclear,gamma=8;p=2^-8;curve=P-256,-1,,not_applicable,not_applicable,unavailable,gc,go1.18.1,Release,JerryZ
2026-08-19T13:47:45.605978608Z,FMD,sender_signaling,fmd_sender_total_signaling,sender,255,false,not_applicable,unclear,gamma=8;p=2^-8;curve=P-256,580983,270,measured,ok,unavailable,gc,go1.18.1,Release,JerryZ
2026-08-19T13:47:45.608566026Z,FMD,sender_signaling,fmd_flag_generation,sender,256,false,not_applicable,unclear,gamma=8;p=2^-8;curve=P-256,803001,269,measured,ok,unavailable,gc,go1.18.1,Release,JerryZ
2026-08-19T13:47:45.6108732Z,FMD,sender_signaling,fmd_sender_preparation,sender,256,false,not_applicable,unclear,gamma=8;p=2^-8;curve=P-256,-1,,not_applicable,not_applicable,unavailable,gc,go1.18.1,Release,JerryZ
2026-08-19T13:47:45.612057089Z,FMD,sender_signaling,message_encryption,sender,256,false,not_applicable,unclear,gamma=8;p=2^-8;curve=P-256,-1,,not_applicable,not_applicable,unavailable,gc,go1.18.1,Release,JerryZ
2026-08-19T13:47:45.613980491Z,FMD,sender_signaling,fmd_sender_total_signaling,sender,256,false,not_applicable,unclear,gamma=8;p=2^-8;curve=P-256,427817,268,measured,ok,unavailable,gc,go1.18.1,Release,JerryZ
2026-08-19T13:47:45.61603282Z,FMD,sender_signaling,fmd_flag_generation,sender,257,false,not_applicable,unclear,gamma=8;p=2^-8;curve=P-256,389590,269,measured,ok,unavailable,gc,go1.18.1,Release,JerryZ
2026-08-19T13:47:45.617175919Z,FMD,sender_signaling,fmd_sender_preparation,sender,257,false,not_applicable,unclear,gamma=8;p=2^-8;curve=P-256,-1,,not_applicable,not_applicable,unavailable,gc,go1.18.1,Release,JerryZ
2026-08-19T13:47:45.618330401Z,FMD,sender_signaling,message_encryption,sender,257,false,not_applicable,unclear,gamma=8;p=2^-8;curve=P-256,-1,,not_applicable,not_applicable,unavailable,gc,go1.18.1,Release,JerryZ
2026-08-19T13:47:45.620682305Z,FMD,sender_signaling,fmd_sender_total_signaling,sender,257,false,not_applicable,unclear,gamma=8;p=2^-8;curve=P-256,396959,269,measured,ok,unavailable,gc,go1.18.1,Release,JerryZ
2026-08-19T13:47:45.622957542Z,FMD,sender_signaling,fmd_flag_generation,sender,258,false,not_applicable,unclear,gamma=8;p=2^-8;curve=P-256,393616,270,measured,ok,unavailable,gc,go1.18.1,Release,JerryZ
2026-08-19T13:47:45.624902122Z,FMD,sender_signaling,fmd_sender_preparation,sender,258,false,not_applicable,unclear,gamma=8;p=2^-8;curve=P-256,-1,,not_applicable,not_applicable,unavailable,gc,go1.18.1,Release,JerryZ
2026-08-19T13:47:45.626498937Z,FMD,sender_signaling,message_encryption,sender,258,false,not_applicable,unclear,gamma=8;p=2^-8;curve=P-256,-1,,not_applicable,not_applicable,unavailable,gc,go1.18.1,Release,JerryZ
2026-08-19T13:47:45.629137824Z,FMD,sender_signaling,fmd_sender_total_signaling,sender,258,false,not_applicable,unclear,gamma=8;p=2^-8;curve=P-256,713900,268,measured,ok,unavailable,gc,go1.18.1,Release,JerryZ
2026-08-19T13:47:45.632023061Z,FMD,sender_signaling,fmd_flag_generation,sender,259,false,not_applicable,unclear,gamma=8;p=2^-8;curve=P-256,390393,270,measured,ok,unavailable,gc,go1.18.1,Release,JerryZ
2026-08-19T13:47:45.633215504Z,FMD,sender_signaling,fmd_sender_preparation,sender,259,false,not_applicable,unclear,gamma=8;p=2^-8;curve=P-256,-1,,not_applicable,not_applicable,unavailable,gc,go1.18.1,Release,JerryZ
2026-08-19T13:47:45.63440825Z,FMD,sender_signaling,message_encryption,sender,259,false,not_applicable,unclear,gamma=8;p=2^-8;curve=P-256,-1,,not_applicable,not_applicable,unavailable,gc,go1.18.1,Release,JerryZ
2026-08-19T13:47:45.636268074Z,FMD,sender_signaling,fmd_sender_total_signaling,sender,259,false,not_applicable,unclear,gamma=8;p=2^-8;curve=P-256,374909,269,measured,ok,unavailable,gc,go1.18.1,Release,JerryZ
2026-08-19T13:47:45.639188126Z,FMD,sender_signaling,fmd_flag_generation,sender,260,false,not_applicable,unclear,gamma=8;p=2^-8;curve=P-256,517661,269,measured,ok,unavailable,gc,go1.18.1,Release,JerryZ
2026-08-19T13:47:45.641303562Z,FMD,sender_signaling,fmd_sender_preparation,sender,260,false,not_applicable,unclear,gamma=8;p=2^-8;curve=P-256,-1,,not_applicable,not_applicable,unavailable,gc,go1.18.1,Release,JerryZ
2026-08-19T13:47:45.642840208Z,FMD,sender_signaling,message_encryption,sender,260,false,not_applicable,unclear,gamma=8;p=2^-8;curve=P-256,-1,,not_applicable,not_applicable,unavailable,gc,go1.18.1,Release,JerryZ
2026-08-19T13:47:45.645021711Z,FMD,sender_signaling,fmd_sender_total_signaling,sender,260,false,not_applicable,unclear,gamma=8;p=2^-8;curve=P-256,375130,269,measured,ok,unavailable,gc,go1.18.1,Release,JerryZ
2026-08-19T13:47:45.647112249Z,FMD,sender_signaling,fmd_flag_generation,sender,261,false,not_applicable,unclear,gamma=8;p=2^-8;curve=P-256,537030,269,measured,ok,unavailable,gc,go1.18.1,Release,JerryZ
2026-08-19T13:47:45.648343352Z,FMD,sender_signaling,fmd_sender_preparation,sender,261,false,not_applicable,unclear,gamma=8;p=2^-8;curve=P-256,-1,,not_applicable,not_applicable,unavailable,gc,go1.18.1,Release,JerryZ
2026-08-19T13:47:45.649537655Z,FMD,sender_signaling,message_encryption,sender,261,false,not_applicable,unclear,gamma=8;p=2^-8;curve=P-256,-1,,not_applicable,not_applicable,unavailable,gc,go1.18.1,Release,JerryZ
2026-08-19T13:47:45.651406272Z,FMD,sender_signaling,fmd_sender_total_signaling,sender,261,false,not_applicable,unclear,gamma=8;p=2^-8;curve=P-256,356735,270,measured,ok,unavailable,gc,go1.18.1,Release,JerryZ
2026-08-19T13:47:45.653666283Z,FMD,sender_signaling,fmd_flag_generation,sender,262,false,not_applicable,unclear,gamma=8;p=2^-8;curve=P-256,730340,268,measured,ok,unavailable,gc,go1.18.1,Release,JerryZ
2026-08-19T13:47:45.655569188Z,FMD,sender_signaling,fmd_sender_preparation,sender,262,false,not_applicable,unclear,gamma=8;p=2^-8;curve=P-256,-1,,not_applicable,not_applicable,unavailable,gc,go1.18.1,Release,JerryZ
2026-08-19T13:47:45.656873651Z,FMD,sender_signaling,message_encryption,sender,262,false,not_applicable,unclear,gamma=8;p=2^-8;curve=P-256,-1,,not_applicable,not_applicable,unavailable,gc,go1.18.1,Release,JerryZ
2026-08-19T13:47:45.658855215Z,FMD,sender_signaling,fmd_sender_total_signaling,sender,262,false,not_applicable,unclear,gamma=8;p=2^-8;curve=P-256,375937,269,measured,ok,unavailable,gc,go1.18.1,Release,JerryZ
2026-08-19T13:47:45.660857873Z,FMD,sender_signaling,fmd_flag_generation,sender,263,false,not_applicable,unclear,gamma=8;p=2^-8;curve=P-256,368123,270,measured,ok,unavailable,gc,go1.18.1,Release,JerryZ
2026-08-19T13:47:45.662058688Z,FMD,sender_signaling,fmd_sender_preparation,sender,263,false,not_applicable,unclear,gamma=8;p=2^-8;curve=P-256,-1,,not_applicable,not_applicable,unavailable,gc,go1.18.1,Release,JerryZ
2026-08-19T13:47:45.663452517Z,FMD,sender_signaling,message_encryption,sender,263,false,not_applicable,unclear,gamma=8;p=2^-8;curve=P-256,-1,,not_applicable,not_applicable,unavailable,gc,go1.18.1,Release,JerryZ
2026-08-19T13:47:45.665316896Z,FMD,sender_signaling,fmd_sender_total_signaling,sender,263,false,not_applicable,unclear,gamma=8;p=2^-8;curve=P-256,359553,270,measured,ok,unavailable,gc,go1.18.1,Release,JerryZ
2026-08-19T13:47:45.667252825Z,FMD,sender_signaling,fmd_flag_generation,sender,264,false,not_applicable,unclear,gamma=8;p=2^-8;curve=P-256,360463,271,measured,ok,unavailable,gc,go1.18.1,Release,JerryZ
2026-08-19T13:47:45.668407776Z,FMD,sender_signaling,fmd_sender_preparation,sender,264,false,not_applicable,unclear,gamma=8;p=2^-8;curve=P-256,-1,,not_applicable,not_applicable,unavailable,gc,go1.18.1,Release,JerryZ
2026-08-19T13:47:45.670908718Z,FMD,sender_signaling,message_encryption,sender,264,false,not_applicable,unclear,gamma=8;p=2^-8;curve=P-256,-1,,not_applicable,not_applicable,unavailable,gc,go1.18.1,Release,JerryZ
2026-08-19T13:47:45.673438736Z,FMD,sender_signaling,fmd_sender_total_signaling,sender,264,false,not_applicable,unclear,gamma=8;p=2^-8;curve=P-256,809255,270,measured,ok,unavailable,gc,go1.18.1,Release,JerryZ
2026-08-19T13:47:45.675494624Z,FMD,sender_signaling,fmd_flag_generation,sender,265,false,not_applicable,unclear,gamma=8;p=2^-8;curve=P-256,354319,269,measured,ok,unavailable,gc,go1.18.1,Release,JerryZ
2026-08-19T13:47:45.676688559Z,FMD,sender_signaling,fmd_sender_preparation,sender,265,false,not_applicable,unclear,gamma=8;p=2^-8;curve=P-256,-1,,not_applicable,not_applicable,unavailable,gc,go1.18.1,Release,JerryZ
2026-08-19T13:47:45.678116296Z,FMD,sender_signaling,message_encryption,sender,265,false,not_applicable,unclear,gamma=8;p=2^-8;curve=P-256,-1,,not_applicable,not_applicable,unavailable,gc,go1.18.1,Release,JerryZ
2026-08-19T13:47:45.680653422Z,FMD,sender_signaling,fmd_sender_total_signaling,sender,265,false,not_applicable,unclear,gamma=8;p=2^-8;curve=P-256,356954,270,measured,ok,unavailable,gc,go1.18.1,Release,JerryZ
2026-08-19T13:47:45.682760031Z,FMD,sender_signaling,fmd_flag_generation,sender,266,false,not_applicable,unclear,gamma=8;p=2^-8;curve=P-256,353373,269,measured,ok,unavailable,gc,go1.18.1,Release,JerryZ
2026-08-19T13:47:45.684308525Z,FMD,sender_signaling,fmd_sender_preparation,sender,266,false,not_applicable,unclear,gamma=8;p=2^-8;curve=P-256,-1,,not_applicable,not_applicable,unavailable,gc,go1.18.1,Release,JerryZ
2026-08-19T13:47:45.685808409Z,FMD,sender_signaling,message_encryption,sender,266,false,not_applicable,unclear,gamma=8;p=2^-8;curve=P-256,-1,,not_applicable,not_applicable,unavailable,gc,go1.18.1,Release,JerryZ
2026-08-19T13:47:45.688645707Z,FMD,sender_signaling,fmd_sender_total_signaling,sender,266,false,not_applicable,unclear,gamma=8;p=2^-8;curve=P-256,864202,269,measured,ok,unavailable,gc,go1.18.1,Release,JerryZ
2026-08-19T13:47:45.691336413Z,FMD,sender_signaling,fmd_flag_generation,sender,267,false,not_applicable,unclear,gamma=8;p=2^-8;curve=P-256,373908,268,measured,ok,unavailable,gc,go1.18.1,Release,JerryZ
2026-08-19T13:47:45.693361452Z,FMD,sender_signaling,fmd_sender_preparation,sender,267,false,not_applicable,unclear,gamma=8;p=2^-8;curve=P-256,-1,,not_applicable,not_applicable,unavailable,gc,go1.18.1,Release,JerryZ
2026-08-19T13:47:45.694640154Z,FMD,sender_signaling,message_encryption,sender,267,false,not_applicable,unclear,gamma=8;p=2^-8;curve=P-256,-1,,not_applicable,not_applicable,unavailable,gc,go1.18.1,Release,JerryZ
2026-08-19T13:47:45.69662597Z,FMD,sender_signaling,fmd_sender_total_signaling,sender,267,false,not_applicable,unclear,gamma=8;p=2^-8;curve=P-256,406161,269,measured,ok,unavailable,gc,go1.18.1,Release,JerryZ
2026-08-19T13:47:45.698523594Z,FMD,sender_signaling,fmd_flag_generation,sender,268,false,not_applicable,unclear,gamma=8;p=2^-8;curve=P-256,351454,268,measured,ok,unavailable,gc,go1.18.1,Release,JerryZ
2026-08-19T13:47:45.70011865Z,FMD,sender_signaling,fmd_sender_preparation,sender,268,false,not_applicable,unclear,gamma=8;p=2^-8;curve=P-256,-1,,not_applicable,not_applicable,unavailable,gc,go1.18.1,Release,JerryZ
2026-08-19T13:47:45.701538149Z,FMD,sender_signaling,message_encryption,sender,268,false,not_applicable,unclear,gamma=8;p=2^-8;curve=P-256,-1,,not_applicable,not_applicable,unavailable,gc,go1.18.1,Release,JerryZ
2026-08-19T13:47:45.703777326Z,FMD,sender_signaling,fmd_sender_total_signaling,sender,268,false,not_applicable,unclear,gamma=8;p=2^-8;curve=P-256,380428,269,measured,ok,unavailable,gc,go1.18.1,Release,JerryZ
2026-08-19T13:47:45.706270086Z,FMD,sender_signaling,fmd_flag_generation,sender,269,false,not_applicable,unclear,gamma=8;p=2^-8;curve=P-256,869914,269,measured,ok,unavailable,gc,go1.18.1,Release,JerryZ
2026-08-19T13:47:45.70771979Z,FMD,sender_signaling,fmd_sender_preparation,sender,269,false,not_applicable,unclear,gamma=8;p=2^-8;curve=P-256,-1,,not_applicable,not_applicable,unavailable,gc,go1.18.1,Release,JerryZ
2026-08-19T13:47:45.70891525Z,FMD,sender_signaling,message_encryption,sender,269,false,not_applicable,unclear,gamma=8;p=2^-8;curve=P-256,-1,,not_applicable,not_applicable,unavailable,gc,go1.18.1,Release,JerryZ
2026-08-19T13:47:45.710840706Z,FMD,sender_signaling,fmd_sender_total_signaling,sender,269,false,not_applicable,unclear,gamma=8;p=2^-8;curve=P-256,374395,270,measured,ok,unavailable,gc,go1.18.1,Release,JerryZ
2026-08-19T13:47:45.712933255Z,FMD,sender_signaling,fmd_flag_generation,sender,270,false,not_applicable,unclear,gamma=8;p=2^-8;curve=P-256,376806,269,measured,ok,unavailable,gc,go1.18.1,Release,JerryZ
2026-08-19T13:47:45.714225378Z,FMD,sender_signaling,fmd_sender_preparation,sender,270,false,not_applicable,unclear,gamma=8;p=2^-8;curve=P-256,-1,,not_applicable,not_applicable,unavailable,gc,go1.18.1,Release,JerryZ
2026-08-19T13:47:45.715530686Z,FMD,sender_signaling,message_encryption,sender,270,false,not_applicable,unclear,gamma=8;p=2^-8;curve=P-256,-1,,not_applicable,not_applicable,unavailable,gc,go1.18.1,Release,JerryZ
2026-08-19T13:47:45.718743434Z,FMD,sender_signaling,fmd_sender_total_signaling,sender,270,false,not_applicable,unclear,gamma=8;p=2^-8;curve=P-256,383404,269,measured,ok,unavailable,gc,go1.18.1,Release,JerryZ
2026-08-19T13:47:45.720819361Z,FMD,sender_signaling,fmd_flag_generation,sender,271,false,not_applicable,unclear,gamma=8;p=2^-8;curve=P-256,395463,269,measured,ok,unavailable,gc,go1.18.1,Release,JerryZ
2026-08-19T13:47:45.722323093Z,FMD,sender_signaling,fmd_sender_preparation,sender,271,false,not_applicable,unclear,gamma=8;p=2^-8;curve=P-256,-1,,not_applicable,not_applicable,unavailable,gc,go1.18.1,Release,JerryZ
2026-08-19T13:47:45.723480257Z,FMD,sender_signaling,message_encryption,sender,271,false,not_applicable,unclear,gamma=8;p=2^-8;curve=P-256,-1,,not_applicable,not_applicable,unavailable,gc,go1.18.1,Release,JerryZ
2026-08-19T13:47:45.725848237Z,FMD,sender_signaling,fmd_sender_total_signaling,sender,271,false,not_applicable,unclear,gamma=8;p=2^-8;curve=P-256,464019,268,measured,ok,unavailable,gc,go1.18.1,Release,JerryZ
2026-08-19T13:47:45.727770266Z,FMD,sender_signaling,fmd_flag_generation,sender,272,false,not_applicable,unclear,gamma=8;p=2^-8;curve=P-256,357643,270,measured,ok,unavailable,gc,go1.18.1,Release,JerryZ
2026-08-19T13:47:45.728896072Z,FMD,sender_signaling,fmd_sender_preparation,sender,272,false,not_applicable,unclear,gamma=8;p=2^-8;curve=P-256,-1,,not_applicable,not_applicable,unavailable,gc,go1.18.1,Release,JerryZ
2026-08-19T13:47:45.730536266Z,FMD,sender_signaling,message_encryption,sender,272,false,not_applicable,unclear,gamma=8;p=2^-8;curve=P-256,-1,,not_applicable,not_applicable,unavailable,gc,go1.18.1,Release,JerryZ
2026-08-19T13:47:45.733585727Z,FMD,sender_signaling,fmd_sender_total_signaling,sender,272,false,not_applicable,unclear,gamma=8;p=2^-8;curve=P-256,584418,268,measured,ok,unavailable,gc,go1.18.1,Release,JerryZ
2026-08-19T13:47:45.736719917Z,FMD,sender_signaling,fmd_flag_generation,sender,273,false,not_applicable,unclear,gamma=8;p=2^-8;curve=P-256,483846,269,measured,ok,unavailable,gc,go1.18.1,Release,JerryZ
2026-08-19T13:47:45.738440717Z,FMD,sender_signaling,fmd_sender_preparation,sender,273,false,not_applicable,unclear,gamma=8;p=2^-8;curve=P-256,-1,,not_applicable,not_applicable,unavailable,gc,go1.18.1,Release,JerryZ
2026-08-19T13:47:45.739613273Z,FMD,sender_signaling,message_encryption,sender,273,false,not_applicable,unclear,gamma=8;p=2^-8;curve=P-256,-1,,not_applicable,not_applicable,unavailable,gc,go1.18.1,Release,JerryZ
2026-08-19T13:47:45.742378763Z,FMD,sender_signaling,fmd_sender_total_signaling,sender,273,false,not_applicable,unclear,gamma=8;p=2^-8;curve=P-256,876976,268,measured,ok,unavailable,gc,go1.18.1,Release,JerryZ
2026-08-19T13:47:45.744923833Z,FMD,sender_signaling,fmd_flag_generation,sender,274,false,not_applicable,unclear,gamma=8;p=2^-8;curve=P-256,739597,269,measured,ok,unavailable,gc,go1.18.1,Release,JerryZ
2026-08-19T13:47:45.74641671Z,FMD,sender_signaling,fmd_sender_preparation,sender,274,false,not_applicable,unclear,gamma=8;p=2^-8;curve=P-256,-1,,not_applicable,not_applicable,unavailable,gc,go1.18.1,Release,JerryZ
2026-08-19T13:47:45.747721623Z,FMD,sender_signaling,message_encryption,sender,274,false,not_applicable,unclear,gamma=8;p=2^-8;curve=P-256,-1,,not_applicable,not_applicable,unavailable,gc,go1.18.1,Release,JerryZ
2026-08-19T13:47:45.749760641Z,FMD,sender_signaling,fmd_sender_total_signaling,sender,274,false,not_applicable,unclear,gamma=8;p=2^-8;curve=P-256,404729,270,measured,ok,unavailable,gc,go1.18.1,Release,JerryZ
2026-08-19T13:47:45.752019123Z,FMD,sender_signaling,fmd_flag_generation,sender,275,false,not_applicable,unclear,gamma=8;p=2^-8;curve=P-256,401836,269,measured,ok,unavailable,gc,go1.18.1,Release,JerryZ
2026-08-19T13:47:45.753494137Z,FMD,sender_signaling,fmd_sender_preparation,sender,275,false,not_applicable,unclear,gamma=8;p=2^-8;curve=P-256,-1,,not_applicable,not_applicable,unavailable,gc,go1.18.1,Release,JerryZ
2026-08-19T13:47:45.755142384Z,FMD,sender_signaling,message_encryption,sender,275,false,not_applicable,unclear,gamma=8;p=2^-8;curve=P-256,-1,,not_applicable,not_applicable,unavailable,gc,go1.18.1,Release,JerryZ
2026-08-19T13:47:45.75791523Z,FMD,sender_signaling,fmd_sender_total_signaling,sender,275,false,not_applicable,unclear,gamma=8;p=2^-8;curve=P-256,812552,267,measured,ok,unavailable,gc,go1.18.1,Release,JerryZ
2026-08-19T13:47:45.760373827Z,FMD,sender_signaling,fmd_flag_generation,sender,276,false,not_applicable,unclear,gamma=8;p=2^-8;curve=P-256,812350,268,measured,ok,unavailable,gc,go1.18.1,Release,JerryZ
2026-08-19T13:47:45.762421095Z,FMD,sender_signaling,fmd_sender_preparation,sender,276,false,not_applicable,unclear,gamma=8;p=2^-8;curve=P-256,-1,,not_applicable,not_applicable,unavailable,gc,go1.18.1,Release,JerryZ
2026-08-19T13:47:45.763898566Z,FMD,sender_signaling,message_encryption,sender,276,false,not_applicable,unclear,gamma=8;p=2^-8;curve=P-256,-1,,not_applicable,not_applicable,unavailable,gc,go1.18.1,Release,JerryZ
2026-08-19T13:47:45.765998155Z,FMD,sender_signaling,fmd_sender_total_signaling,sender,276,false,not_applicable,unclear,gamma=8;p=2^-8;curve=P-256,423776,268,measured,ok,unavailable,gc,go1.18.1,Release,JerryZ
2026-08-19T13:47:45.768293793Z,FMD,sender_signaling,fmd_flag_generation,sender,277,false,not_applicable,unclear,gamma=8;p=2^-8;curve=P-256,371695,268,measured,ok,unavailable,gc,go1.18.1,Release,JerryZ
2026-08-19T13:47:45.769813831Z,FMD,sender_signaling,fmd_sender_preparation,sender,277,false,not_applicable,unclear,gamma=8;p=2^-8;curve=P-256,-1,,not_applicable,not_applicable,unavailable,gc,go1.18.1,Release,JerryZ
2026-08-19T13:47:45.770931468Z,FMD,sender_signaling,message_encryption,sender,277,false,not_applicable,unclear,gamma=8;p=2^-8;curve=P-256,-1,,not_applicable,not_applicable,unavailable,gc,go1.18.1,Release,JerryZ
2026-08-19T13:47:45.772820593Z,FMD,sender_signaling,fmd_sender_total_signaling,sender,277,false,not_applicable,unclear,gamma=8;p=2^-8;curve=P-256,409610,270,measured,ok,unavailable,gc,go1.18.1,Release,JerryZ
2026-08-19T13:47:45.775618046Z,FMD,sender_signaling,fmd_flag_generation,sender,278,false,not_applicable,unclear,gamma=8;p=2^-8;curve=P-256,793882,269,measured,ok,unavailable,gc,go1.18.1,Release,JerryZ
2026-08-19T13:47:45.777104485Z,FMD,sender_signaling,fmd_sender_preparation,sender,278,false,not_applicable,unclear,gamma=8;p=2^-8;curve=P-256,-1,,not_applicable,not_applicable,unavailable,gc,go1.18.1,Release,JerryZ
2026-08-19T13:47:45.778539504Z,FMD,sender_signaling,message_encryption,sender,278,false,not_applicable,unclear,gamma=8;p=2^-8;curve=P-256,-1,,not_applicable,not_applicable,unavailable,gc,go1.18.1,Release,JerryZ
2026-08-19T13:47:45.780573369Z,FMD,sender_signaling,fmd_sender_total_signaling,sender,278,false,not_applicable,unclear,gamma=8;p=2^-8;curve=P-256,389438,270,measured,ok,unavailable,gc,go1.18.1,Release,JerryZ
2026-08-19T13:47:45.782689994Z,FMD,sender_signaling,fmd_flag_generation,sender,279,false,not_applicable,unclear,gamma=8;p=2^-8;curve=P-256,355265,269,measured,ok,unavailable,gc,go1.18.1,Release,JerryZ
2026-08-19T13:47:45.784012011Z,FMD,sender_signaling,fmd_sender_preparation,sender,279,false,not_applicable,unclear,gamma=8;p=2^-8;curve=P-256,-1,,not_applicable,not_applicable,unavailable,gc,go1.18.1,Release,JerryZ
2026-08-19T13:47:45.785160312Z,FMD,sender_signaling,message_encryption,sender,279,false,not_applicable,unclear,gamma=8;p=2^-8;curve=P-256,-1,,not_applicable,not_applicable,unavailable,gc,go1.18.1,Release,JerryZ
2026-08-19T13:47:45.787150174Z,FMD,sender_signaling,fmd_sender_total_signaling,sender,279,false,not_applicable,unclear,gamma=8;p=2^-8;curve=P-256,368241,268,measured,ok,unavailable,gc,go1.18.1,Release,JerryZ
2026-08-19T13:47:45.78925743Z,FMD,sender_signaling,fmd_flag_generation,sender,280,false,not_applicable,unclear,gamma=8;p=2^-8;curve=P-256,352299,270,measured,ok,unavailable,gc,go1.18.1,Release,JerryZ
2026-08-19T13:47:45.790609107Z,FMD,sender_signaling,fmd_sender_preparation,sender,280,false,not_applicable,unclear,gamma=8;p=2^-8;curve=P-256,-1,,not_applicable,not_applicable,unavailable,gc,go1.18.1,Release,JerryZ
2026-08-19T13:47:45.794792067Z,FMD,sender_signaling,message_encryption,sender,280,false,not_applicable,unclear,gamma=8;p=2^-8;curve=P-256,-1,,not_applicable,not_applicable,unavailable,gc,go1.18.1,Release,JerryZ
2026-08-19T13:47:45.797489735Z,FMD,sender_signaling,fmd_sender_total_signaling,sender,280,false,not_applicable,unclear,gamma=8;p=2^-8;curve=P-256,390990,268,measured,ok,unavailable,gc,go1.18.1,Release,JerryZ
2026-08-19T13:47:45.799765317Z,FMD,sender_signaling,fmd_flag_generation,sender,281,false,not_applicable,unclear,gamma=8;p=2^-8;curve=P-256,415125,270,measured,ok,unavailable,gc,go1.18.1,Release,JerryZ
2026-08-19T13:47:45.801164436Z,FMD,sender_signaling,fmd_sender_preparation,sender,281,false,not_applicable,unclear,gamma=8;p=2^-8;curve=P-256,-1,,not_applicable,not_applicable,unavailable,gc,go1.18.1,Release,JerryZ
2026-08-19T13:47:45.802287345Z,FMD,sender_signaling,message_encryption,sender,281,false,not_applicable,unclear,gamma=8;p=2^-8;curve=P-256,-1,,not_applicable,not_applicable,unavailable,gc,go1.18.1,Release,JerryZ
2026-08-19T13:47:45.804144381Z,FMD,sender_signaling,fmd_sender_total_signaling,sender,281,false,not_applicable,unclear,gamma=8;p=2^-8;curve=P-256,377058,270,measured,ok,unavailable,gc,go1.18.1,Release,JerryZ
2026-08-19T13:47:45.807288913Z,FMD,sender_signaling,fmd_flag_generation,sender,282,false,not_applicable,unclear,gamma=8;p=2^-8;curve=P-256,822939,268,measured,ok,unavailable,gc,go1.18.1,Release,JerryZ
2026-08-19T13:47:45.809096958Z,FMD,sender_signaling,fmd_sender_preparation,sender,282,false,not_applicable,unclear,gamma=8;p=2^-8;curve=P-256,-1,,not_applicable,not_applicable,unavailable,gc,go1.18.1,Release,JerryZ
2026-08-19T13:47:45.810226676Z,FMD,sender_signaling,message_encryption,sender,282,false,not_applicable,unclear,gamma=8;p=2^-8;curve=P-256,-1,,not_applicable,not_applicable,unavailable,gc,go1.18.1,Release,JerryZ
2026-08-19T13:47:45.812059798Z,FMD,sender_signaling,fmd_sender_total_signaling,sender,282,false,not_applicable,unclear,gamma=8;p=2^-8;curve=P-256,391389,271,measured,ok,unavailable,gc,go1.18.1,Release,JerryZ
2026-08-19T13:47:45.815063427Z,FMD,sender_signaling,fmd_flag_generation,sender,283,false,not_applicable,unclear,gamma=8;p=2^-8;curve=P-256,885058,269,measured,ok,unavailable,gc,go1.18.1,Release,JerryZ
2026-08-19T13:47:45.816278118Z,FMD,sender_signaling,fmd_sender_preparation,sender,283,false,not_applicable,unclear,gamma=8;p=2^-8;curve=P-256,-1,,not_applicable,not_applicable,unavailable,gc,go1.18.1,Release,JerryZ
2026-08-19T13:47:45.817495647Z,FMD,sender_signaling,message_encryption,sender,283,false,not_applicable,unclear,gamma=8;p=2^-8;curve=P-256,-1,,not_applicable,not_applicable,unavailable,gc,go1.18.1,Release,JerryZ
2026-08-19T13:47:45.819465373Z,FMD,sender_signaling,fmd_sender_total_signaling,sender,283,false,not_applicable,unclear,gamma=8;p=2^-8;curve=P-256,393010,269,measured,ok,unavailable,gc,go1.18.1,Release,JerryZ
2026-08-19T13:47:45.822160276Z,FMD,sender_signaling,fmd_flag_generation,sender,284,false,not_applicable,unclear,gamma=8;p=2^-8;curve=P-256,378776,269,measured,ok,unavailable,gc,go1.18.1,Release,JerryZ
2026-08-19T13:47:45.8242045Z,FMD,sender_signaling,fmd_sender_preparation,sender,284,false,not_applicable,unclear,gamma=8;p=2^-8;curve=P-256,-1,,not_applicable,not_applicable,unavailable,gc,go1.18.1,Release,JerryZ
2026-08-19T13:47:45.825783034Z,FMD,sender_signaling,message_encryption,sender,284,false,not_applicable,unclear,gamma=8;p=2^-8;curve=P-256,-1,,not_applicable,not_applicable,unavailable,gc,go1.18.1,Release,JerryZ
2026-08-19T13:47:45.82801221Z,FMD,sender_signaling,fmd_sender_total_signaling,sender,284,false,not_applicable,unclear,gamma=8;p=2^-8;curve=P-256,391863,268,measured,ok,unavailable,gc,go1.18.1,Release,JerryZ
2026-08-19T13:47:45.830309397Z,FMD,sender_signaling,fmd_flag_generation,sender,285,false,not_applicable,unclear,gamma=8;p=2^-8;curve=P-256,387711,269,measured,ok,unavailable,gc,go1.18.1,Release,JerryZ
2026-08-19T13:47:45.831694267Z,FMD,sender_signaling,fmd_sender_preparation,sender,285,false,not_applicable,unclear,gamma=8;p=2^-8;curve=P-256,-1,,not_applicable,not_applicable,unavailable,gc,go1.18.1,Release,JerryZ
2026-08-19T13:47:45.83395713Z,FMD,sender_signaling,message_encryption,sender,285,false,not_applicable,unclear,gamma=8;p=2^-8;curve=P-256,-1,,not_applicable,not_applicable,unavailable,gc,go1.18.1,Release,JerryZ
2026-08-19T13:47:45.836875274Z,FMD,sender_signaling,fmd_sender_total_signaling,sender,285,false,not_applicable,unclear,gamma=8;p=2^-8;curve=P-256,456525,270,measured,ok,unavailable,gc,go1.18.1,Release,JerryZ
2026-08-19T13:47:45.840402172Z,FMD,sender_signaling,fmd_flag_generation,sender,286,false,not_applicable,unclear,gamma=8;p=2^-8;curve=P-256,899348,270,measured,ok,unavailable,gc,go1.18.1,Release,JerryZ
2026-08-19T13:47:45.841838412Z,FMD,sender_signaling,fmd_sender_preparation,sender,286,false,not_applicable,unclear,gamma=8;p=2^-8;curve=P-256,-1,,not_applicable,not_applicable,unavailable,gc,go1.18.1,Release,JerryZ
2026-08-19T13:47:45.842964756Z,FMD,sender_signaling,message_encryption,sender,286,false,not_applicable,unclear,gamma=8;p=2^-8;curve=P-256,-1,,not_applicable,not_applicable,unavailable,gc,go1.18.1,Release,JerryZ
2026-08-19T13:47:45.845295394Z,FMD,sender_signaling,fmd_sender_total_signaling,sender,286,false,not_applicable,unclear,gamma=8;p=2^-8;curve=P-256,378233,270,measured,ok,unavailable,gc,go1.18.1,Release,JerryZ
2026-08-19T13:47:45.847304619Z,FMD,sender_signaling,fmd_flag_generation,sender,287,false,not_applicable,unclear,gamma=8;p=2^-8;curve=P-256,362180,267,measured,ok,unavailable,gc,go1.18.1,Release,JerryZ
2026-08-19T13:47:45.848725669Z,FMD,sender_signaling,fmd_sender_preparation,sender,287,false,not_applicable,unclear,gamma=8;p=2^-8;curve=P-256,-1,,not_applicable,not_applicable,unavailable,gc,go1.18.1,Release,JerryZ
2026-08-19T13:47:45.8500666Z,FMD,sender_signaling,message_encryption,sender,287,false,not_applicable,unclear,gamma=8;p=2^-8;curve=P-256,-1,,not_applicable,not_applicable,unavailable,gc,go1.18.1,Release,JerryZ
2026-08-19T13:47:45.85278045Z,FMD,sender_signaling,fmd_sender_total_signaling,sender,287,false,not_applicable,unclear,gamma=8;p=2^-8;curve=P-256,831856,269,measured,ok,unavailable,gc,go1.18.1,Release,JerryZ
2026-08-19T13:47:45.856467609Z,FMD,sender_signaling,fmd_flag_generation,sender,288,false,not_applicable,unclear,gamma=8;p=2^-8;curve=P-256,541043,269,measured,ok,unavailable,gc,go1.18.1,Release,JerryZ
2026-08-19T13:47:45.857852746Z,FMD,sender_signaling,fmd_sender_preparation,sender,288,false,not_applicable,unclear,gamma=8;p=2^-8;curve=P-256,-1,,not_applicable,not_applicable,unavailable,gc,go1.18.1,Release,JerryZ
2026-08-19T13:47:45.85904693Z,FMD,sender_signaling,message_encryption,sender,288,false,not_applicable,unclear,gamma=8;p=2^-8;curve=P-256,-1,,not_applicable,not_applicable,unavailable,gc,go1.18.1,Release,JerryZ
2026-08-19T13:47:45.860937556Z,FMD,sender_signaling,fmd_sender_total_signaling,sender,288,false,not_applicable,unclear,gamma=8;p=2^-8;curve=P-256,393167,269,measured,ok,unavailable,gc,go1.18.1,Release,JerryZ
2026-08-19T13:47:45.86327791Z,FMD,sender_signaling,fmd_flag_generation,sender,289,false,not_applicable,unclear,gamma=8;p=2^-8;curve=P-256,372548,267,measured,ok,unavailable,gc,go1.18.1,Release,JerryZ
2026-08-19T13:47:45.864644616Z,FMD,sender_signaling,fmd_sender_preparation,sender,289,false,not_applicable,unclear,gamma=8;p=2^-8;curve=P-256,-1,,not_applicable,not_applicable,unavailable,gc,go1.18.1,Release,JerryZ
2026-08-19T13:47:45.865899601Z,FMD,sender_signaling,message_encryption,sender,289,false,not_applicable,unclear,gamma=8;p=2^-8;curve=P-256,-1,,not_applicable,not_applicable,unavailable,gc,go1.18.1,Release,JerryZ
2026-08-19T13:47:45.868838099Z,FMD,sender_signaling,fmd_sender_total_signaling,sender,289,false,not_applicable,unclear,gamma=8;p=2^-8;curve=P-256,601822,270,measured,ok,unavailable,gc,go1.18.1,Release,JerryZ
2026-08-19T13:47:45.872004814Z,FMD,sender_signaling,fmd_flag_generation,sender,290,false,not_applicable,unclear,gamma=8;p=2^-8;curve=P-256,490248,269,measured,ok,unavailable,gc,go1.18.1,Release,JerryZ
2026-08-19T13:47:45.873696143Z,FMD,sender_signaling,fmd_sender_preparation,sender,290,false,not_applicable,unclear,gamma=8;p=2^-8;curve=P-256,-1,,not_applicable,not_applicable,unavailable,gc,go1.18.1,Release,JerryZ
2026-08-19T13:47:45.875213935Z,FMD,sender_signaling,message_encryption,sender,290,false,not_applicable,unclear,gamma=8;p=2^-8;curve=P-256,-1,,not_applicable,not_applicable,unavailable,gc,go1.18.1,Release,JerryZ
2026-08-19T13:47:45.87741331Z,FMD,sender_signaling,fmd_sender_total_signaling,sender,290,false,not_applicable,unclear,gamma=8;p=2^-8;curve=P-256,397116,270,measured,ok,unavailable,gc,go1.18.1,Release,JerryZ
2026-08-19T13:47:45.880160616Z,FMD,sender_signaling,fmd_flag_generation,sender,291,false,not_applicable,unclear,gamma=8;p=2^-8;curve=P-256,794304,267,measured,ok,unavailable,gc,go1.18.1,Release,JerryZ
2026-08-19T13:47:45.881820913Z,FMD,sender_signaling,fmd_sender_preparation,sender,291,false,not_applicable,unclear,gamma=8;p=2^-8;curve=P-256,-1,,not_applicable,not_applicable,unavailable,gc,go1.18.1,Release,JerryZ
2026-08-19T13:47:45.883257218Z,FMD,sender_signaling,message_encryption,sender,291,false,not_applicable,unclear,gamma=8;p=2^-8;curve=P-256,-1,,not_applicable,not_applicable,unavailable,gc,go1.18.1,Release,JerryZ
2026-08-19T13:47:45.886246233Z,FMD,sender_signaling,fmd_sender_total_signaling,sender,291,false,not_applicable,unclear,gamma=8;p=2^-8;curve=P-256,481790,269,measured,ok,unavailable,gc,go1.18.1,Release,JerryZ
2026-08-19T13:47:45.888878108Z,FMD,sender_signaling,fmd_flag_generation,sender,292,false,not_applicable,unclear,gamma=8;p=2^-8;curve=P-256,826695,269,measured,ok,unavailable,gc,go1.18.1,Release,JerryZ
2026-08-19T13:47:45.890237416Z,FMD,sender_signaling,fmd_sender_preparation,sender,292,false,not_applicable,unclear,gamma=8;p=2^-8;curve=P-256,-1,,not_applicable,not_applicable,unavailable,gc,go1.18.1,Release,JerryZ
2026-08-19T13:47:45.891337154Z,FMD,sender_signaling,message_encryption,sender,292,false,not_applicable,unclear,gamma=8;p=2^-8;curve=P-256,-1,,not_applicable,not_applicable,unavailable,gc,go1.18.1,Release,JerryZ
2026-08-19T13:47:45.893487745Z,FMD,sender_signaling,fmd_sender_total_signaling,sender,292,false,not_applicable,unclear,gamma=8;p=2^-8;curve=P-256,393065,268,measured,ok,unavailable,gc,go1.18.1,Release,JerryZ
2026-08-19T13:47:45.895780486Z,FMD,sender_signaling,fmd_flag_generation,sender,293,false,not_applicable,unclear,gamma=8;p=2^-8;curve=P-256,551054,269,measured,ok,unavailable,gc,go1.18.1,Release,JerryZ
2026-08-19T13:47:45.897272284Z,FMD,sender_signaling,fmd_sender_preparation,sender,293,false,not_applicable,unclear,gamma=8;p=2^-8;curve=P-256,-1,,not_applicable,not_applicable,unavailable,gc,go1.18.1,Release,JerryZ
2026-08-19T13:47:45.899032279Z,FMD,sender_signaling,message_encryption,sender,293,false,not_applicable,unclear,gamma=8;p=2^-8;curve=P-256,-1,,not_applicable,not_applicable,unavailable,gc,go1.18.1,Release,JerryZ
2026-08-19T13:47:45.901938368Z,FMD,sender_signaling,fmd_sender_total_signaling,sender,293,false,not_applicable,unclear,gamma=8;p=2^-8;curve=P-256,747871,268,measured,ok,unavailable,gc,go1.18.1,Release,JerryZ
2026-08-19T13:47:45.904199747Z,FMD,sender_signaling,fmd_flag_generation,sender,294,false,not_applicable,unclear,gamma=8;p=2^-8;curve=P-256,382881,269,measured,ok,unavailable,gc,go1.18.1,Release,JerryZ
2026-08-19T13:47:45.90548868Z,FMD,sender_signaling,fmd_sender_preparation,sender,294,false,not_applicable,unclear,gamma=8;p=2^-8;curve=P-256,-1,,not_applicable,not_applicable,unavailable,gc,go1.18.1,Release,JerryZ
2026-08-19T13:47:45.906749024Z,FMD,sender_signaling,message_encryption,sender,294,false,not_applicable,unclear,gamma=8;p=2^-8;curve=P-256,-1,,not_applicable,not_applicable,unavailable,gc,go1.18.1,Release,JerryZ
2026-08-19T13:47:45.908661075Z,FMD,sender_signaling,fmd_sender_total_signaling,sender,294,false,not_applicable,unclear,gamma=8;p=2^-8;curve=P-256,376901,269,measured,ok,unavailable,gc,go1.18.1,Release,JerryZ
2026-08-19T13:47:45.911071144Z,FMD,sender_signaling,fmd_flag_generation,sender,295,false,not_applicable,unclear,gamma=8;p=2^-8;curve=P-256,614835,269,measured,ok,unavailable,gc,go1.18.1,Release,JerryZ
2026-08-19T13:47:45.912720475Z,FMD,sender_signaling,fmd_sender_preparation,sender,295,false,not_applicable,unclear,gamma=8;p=2^-8;curve=P-256,-1,,not_applicable,not_applicable,unavailable,gc,go1.18.1,Release,JerryZ
2026-08-19T13:47:45.914300864Z,FMD,sender_signaling,message_encryption,sender,295,false,not_applicable,unclear,gamma=8;p=2^-8;curve=P-256,-1,,not_applicable,not_applicable,unavailable,gc,go1.18.1,Release,JerryZ
2026-08-19T13:47:45.917547969Z,FMD,sender_signaling,fmd_sender_total_signaling,sender,295,false,not_applicable,unclear,gamma=8;p=2^-8;curve=P-256,814711,270,measured,ok,unavailable,gc,go1.18.1,Release,JerryZ
2026-08-19T13:47:45.919485809Z,FMD,sender_signaling,fmd_flag_generation,sender,296,false,not_applicable,unclear,gamma=8;p=2^-8;curve=P-256,359609,268,measured,ok,unavailable,gc,go1.18.1,Release,JerryZ
2026-08-19T13:47:45.920572919Z,FMD,sender_signaling,fmd_sender_preparation,sender,296,false,not_applicable,unclear,gamma=8;p=2^-8;curve=P-256,-1,,not_applicable,not_applicable,unavailable,gc,go1.18.1,Release,JerryZ
2026-08-19T13:47:45.92174271Z,FMD,sender_signaling,message_encryption,sender,296,false,not_applicable,unclear,gamma=8;p=2^-8;curve=P-256,-1,,not_applicable,not_applicable,unavailable,gc,go1.18.1,Release,JerryZ
2026-08-19T13:47:45.923932332Z,FMD,sender_signaling,fmd_sender_total_signaling,sender,296,false,not_applicable,unclear,gamma=8;p=2^-8;curve=P-256,372971,269,measured,ok,unavailable,gc,go1.18.1,Release,JerryZ
2026-08-19T13:47:45.926172694Z,FMD,sender_signaling,fmd_flag_generation,sender,297,false,not_applicable,unclear,gamma=8;p=2^-8;curve=P-256,376470,269,measured,ok,unavailable,gc,go1.18.1,Release,JerryZ
2026-08-19T13:47:45.92738768Z,FMD,sender_signaling,fmd_sender_preparation,sender,297,false,not_applicable,unclear,gamma=8;p=2^-8;curve=P-256,-1,,not_applicable,not_applicable,unavailable,gc,go1.18.1,Release,JerryZ
2026-08-19T13:47:45.929024105Z,FMD,sender_signaling,message_encryption,sender,297,false,not_applicable,unclear,gamma=8;p=2^-8;curve=P-256,-1,,not_applicable,not_applicable,unavailable,gc,go1.18.1,Release,JerryZ
2026-08-19T13:47:45.931878705Z,FMD,sender_signaling,fmd_sender_total_signaling,sender,297,false,not_applicable,unclear,gamma=8;p=2^-8;curve=P-256,495528,272,measured,ok,unavailable,gc,go1.18.1,Release,JerryZ
2026-08-19T13:47:45.934778989Z,FMD,sender_signaling,fmd_flag_generation,sender,298,false,not_applicable,unclear,gamma=8;p=2^-8;curve=P-256,423703,269,measured,ok,unavailable,gc,go1.18.1,Release,JerryZ
2026-08-19T13:47:45.936130013Z,FMD,sender_signaling,fmd_sender_preparation,sender,298,false,not_applicable,unclear,gamma=8;p=2^-8;curve=P-256,-1,,not_applicable,not_applicable,unavailable,gc,go1.18.1,Release,JerryZ
2026-08-19T13:47:45.937424612Z,FMD,sender_signaling,message_encryption,sender,298,false,not_applicable,unclear,gamma=8;p=2^-8;curve=P-256,-1,,not_applicable,not_applicable,unavailable,gc,go1.18.1,Release,JerryZ
2026-08-19T13:47:45.939282062Z,FMD,sender_signaling,fmd_sender_total_signaling,sender,298,false,not_applicable,unclear,gamma=8;p=2^-8;curve=P-256,396055,269,measured,ok,unavailable,gc,go1.18.1,Release,JerryZ
2026-08-19T13:47:45.941186854Z,FMD,sender_signaling,fmd_flag_generation,sender,299,false,not_applicable,unclear,gamma=8;p=2^-8;curve=P-256,425925,269,measured,ok,unavailable,gc,go1.18.1,Release,JerryZ
2026-08-19T13:47:45.942356673Z,FMD,sender_signaling,fmd_sender_preparation,sender,299,false,not_applicable,unclear,gamma=8;p=2^-8;curve=P-256,-1,,not_applicable,not_applicable,unavailable,gc,go1.18.1,Release,JerryZ
2026-08-19T13:47:45.943919236Z,FMD,sender_signaling,message_encryption,sender,299,false,not_applicable,unclear,gamma=8;p=2^-8;curve=P-256,-1,,not_applicable,not_applicable,unavailable,gc,go1.18.1,Release,JerryZ
2026-08-19T13:47:45.946310997Z,FMD,sender_signaling,fmd_sender_total_signaling,sender,299,false,not_applicable,unclear,gamma=8;p=2^-8;curve=P-256,547789,271,measured,ok,unavailable,gc,go1.18.1,Release,JerryZ
2026-08-19T13:47:45.948445957Z,FMD,sender_signaling,fmd_flag_generation,sender,300,false,not_applicable,unclear,gamma=8;p=2^-8;curve=P-256,374155,269,measured,ok,unavailable,gc,go1.18.1,Release,JerryZ
2026-08-19T13:47:45.949969273Z,FMD,sender_signaling,fmd_sender_preparation,sender,300,false,not_applicable,unclear,gamma=8;p=2^-8;curve=P-256,-1,,not_applicable,not_applicable,unavailable,gc,go1.18.1,Release,JerryZ
2026-08-19T13:47:45.951569609Z,FMD,sender_signaling,message_encryption,sender,300,false,not_applicable,unclear,gamma=8;p=2^-8;curve=P-256,-1,,not_applicable,not_applicable,unavailable,gc,go1.18.1,Release,JerryZ
2026-08-19T13:47:45.953522464Z,FMD,sender_signaling,fmd_sender_total_signaling,sender,300,false,not_applicable,unclear,gamma=8;p=2^-8;curve=P-256,381118,271,measured,ok,unavailable,gc,go1.18.1,Release,JerryZ
2026-08-19T13:47:45.955325439Z,FMD,sender_signaling,fmd_flag_generation,sender,301,false,not_applicable,unclear,gamma=8;p=2^-8;curve=P-256,352959,267,measured,ok,unavailable,gc,go1.18.1,Release,JerryZ
2026-08-19T13:47:45.956715559Z,FMD,sender_signaling,fmd_sender_preparation,sender,301,false,not_applicable,unclear,gamma=8;p=2^-8;curve=P-256,-1,,not_applicable,not_applicable,unavailable,gc,go1.18.1,Release,JerryZ
2026-08-19T13:47:45.957956837Z,FMD,sender_signaling,message_encryption,sender,301,false,not_applicable,unclear,gamma=8;p=2^-8;curve=P-256,-1,,not_applicable,not_applicable,unavailable,gc,go1.18.1,Release,JerryZ
2026-08-19T13:47:45.960358025Z,FMD,sender_signaling,fmd_sender_total_signaling,sender,301,false,not_applicable,unclear,gamma=8;p=2^-8;curve=P-256,427863,269,measured,ok,unavailable,gc,go1.18.1,Release,JerryZ
2026-08-19T13:47:45.96291981Z,FMD,sender_signaling,fmd_flag_generation,sender,302,false,not_applicable,unclear,gamma=8;p=2^-8;curve=P-256,404728,268,measured,ok,unavailable,gc,go1.18.1,Release,JerryZ
2026-08-19T13:47:45.964094309Z,FMD,sender_signaling,fmd_sender_preparation,sender,302,false,not_applicable,unclear,gamma=8;p=2^-8;curve=P-256,-1,,not_applicable,not_applicable,unavailable,gc,go1.18.1,Release,JerryZ
2026-08-19T13:47:45.965501441Z,FMD,sender_signaling,message_encryption,sender,302,false,not_applicable,unclear,gamma=8;p=2^-8;curve=P-256,-1,,not_applicable,not_applicable,unavailable,gc,go1.18.1,Release,JerryZ
2026-08-19T13:47:45.967892077Z,FMD,sender_signaling,fmd_sender_total_signaling,sender,302,false,not_applicable,unclear,gamma=8;p=2^-8;curve=P-256,377673,269,measured,ok,unavailable,gc,go1.18.1,Release,JerryZ
2026-08-19T13:47:45.969766034Z,FMD,sender_signaling,fmd_flag_generation,sender,303,false,not_applicable,unclear,gamma=8;p=2^-8;curve=P-256,383055,269,measured,ok,unavailable,gc,go1.18.1,Release,JerryZ
2026-08-19T13:47:45.97090652Z,FMD,sender_signaling,fmd_sender_preparation,sender,303,false,not_applicable,unclear,gamma=8;p=2^-8;curve=P-256,-1,,not_applicable,not_applicable,unavailable,gc,go1.18.1,Release,JerryZ
2026-08-19T13:47:45.972021071Z,FMD,sender_signaling,message_encryption,sender,303,false,not_applicable,unclear,gamma=8;p=2^-8;curve=P-256,-1,,not_applicable,not_applicable,unavailable,gc,go1.18.1,Release,JerryZ
2026-08-19T13:47:45.973955467Z,FMD,sender_signaling,fmd_sender_total_signaling,sender,303,false,not_applicable,unclear,gamma=8;p=2^-8;curve=P-256,439223,269,measured,ok,unavailable,gc,go1.18.1,Release,JerryZ
2026-08-19T13:47:45.977466966Z,FMD,sender_signaling,fmd_flag_generation,sender,304,false,not_applicable,unclear,gamma=8;p=2^-8;curve=P-256,475214,269,measured,ok,unavailable,gc,go1.18.1,Release,JerryZ
2026-08-19T13:47:45.979100519Z,FMD,sender_signaling,fmd_sender_preparation,sender,304,false,not_applicable,unclear,gamma=8;p=2^-8;curve=P-256,-1,,not_applicable,not_applicable,unavailable,gc,go1.18.1,Release,JerryZ
2026-08-19T13:47:45.980610698Z,FMD,sender_signaling,message_encryption,sender,304,false,not_applicable,unclear,gamma=8;p=2^-8;curve=P-256,-1,,not_applicable,not_applicable,unavailable,gc,go1.18.1,Release,JerryZ
2026-08-19T13:47:45.982792899Z,FMD,sender_signaling,fmd_sender_total_signaling,sender,304,false,not_applicable,unclear,gamma=8;p=2^-8;curve=P-256,481110,269,measured,ok,unavailable,gc,go1.18.1,Release,JerryZ
2026-08-19T13:47:45.986457967Z,FMD,sender_signaling,fmd_flag_generation,sender,305,false,not_applicable,unclear,gamma=8;p=2^-8;curve=P-256,854348,269,measured,ok,unavailable,gc,go1.18.1,Release,JerryZ
2026-08-19T13:47:45.987759738Z,FMD,sender_signaling,fmd_sender_preparation,sender,305,false,not_applicable,unclear,gamma=8;p=2^-8;curve=P-256,-1,,not_applicable,not_applicable,unavailable,gc,go1.18.1,Release,JerryZ
2026-08-19T13:47:45.989037467Z,FMD,sender_signaling,message_encryption,sender,305,false,not_applicable,unclear,gamma=8;p=2^-8;curve=P-256,-1,,not_applicable,not_applicable,unavailable,gc,go1.18.1,Release,JerryZ
2026-08-19T13:47:45.991963186Z,FMD,sender_signaling,fmd_sender_total_signaling,sender,305,false,not_applicable,unclear,gamma=8;p=2^-8;curve=P-256,391743,269,measured,ok,unavailable,gc,go1.18.1,Release,JerryZ
2026-08-19T13:47:45.994272252Z,FMD,sender_signaling,fmd_flag_generation,sender,306,false,not_applicable,unclear,gamma=8;p=2^-8;curve=P-256,358213,269,measured,ok,unavailable,gc,go1.18.1,Release,JerryZ
2026-08-19T13:47:45.995432663Z,FMD,sender_signaling,fmd_sender_preparation,sender,306,false,not_applicable,unclear,gamma=8;p=2^-8;curve=P-256,-1,,not_applicable,not_applicable,unavailable,gc,go1.18.1,Release,JerryZ
2026-08-19T13:47:45.996733553Z,FMD,sender_signaling,message_encryption,sender,306,false,not_applicable,unclear,gamma=8;p=2^-8;curve=P-256,-1,,not_applicable,not_applicable,unavailable,gc,go1.18.1,Release,JerryZ
2026-08-19T13:47:45.999089717Z,FMD,sender_signaling,fmd_sender_total_signaling,sender,306,false,not_applicable,unclear,gamma=8;p=2^-8;curve=P-256,702751,269,measured,ok,unavailable,gc,go1.18.1,Release,JerryZ
2026-08-19T13:47:46.001318213Z,FMD,sender_signaling,fmd_flag_generation,sender,307,false,not_applicable,unclear,gamma=8;p=2^-8;curve=P-256,365230,268,measured,ok,unavailable,gc,go1.18.1,Release,JerryZ
2026-08-19T13:47:46.002505776Z,FMD,sender_signaling,fmd_sender_preparation,sender,307,false,not_applicable,unclear,gamma=8;p=2^-8;curve=P-256,-1,,not_applicable,not_applicable,unavailable,gc,go1.18.1,Release,JerryZ
2026-08-19T13:47:46.003618564Z,FMD,sender_signaling,message_encryption,sender,307,false,not_applicable,unclear,gamma=8;p=2^-8;curve=P-256,-1,,not_applicable,not_applicable,unavailable,gc,go1.18.1,Release,JerryZ
2026-08-19T13:47:46.006620067Z,FMD,sender_signaling,fmd_sender_total_signaling,sender,307,false,not_applicable,unclear,gamma=8;p=2^-8;curve=P-256,917871,268,measured,ok,unavailable,gc,go1.18.1,Release,JerryZ
2026-08-19T13:47:46.009686996Z,FMD,sender_signaling,fmd_flag_generation,sender,308,false,not_applicable,unclear,gamma=8;p=2^-8;curve=P-256,568200,269,measured,ok,unavailable,gc,go1.18.1,Release,JerryZ
2026-08-19T13:47:46.010845951Z,FMD,sender_signaling,fmd_sender_preparation,sender,308,false,not_applicable,unclear,gamma=8;p=2^-8;curve=P-256,-1,,not_applicable,not_applicable,unavailable,gc,go1.18.1,Release,JerryZ
2026-08-19T13:47:46.012044625Z,FMD,sender_signaling,message_encryption,sender,308,false,not_applicable,unclear,gamma=8;p=2^-8;curve=P-256,-1,,not_applicable,not_applicable,unavailable,gc,go1.18.1,Release,JerryZ
2026-08-19T13:47:46.014230197Z,FMD,sender_signaling,fmd_sender_total_signaling,sender,308,false,not_applicable,unclear,gamma=8;p=2^-8;curve=P-256,426797,270,measured,ok,unavailable,gc,go1.18.1,Release,JerryZ
2026-08-19T13:47:46.016680408Z,FMD,sender_signaling,fmd_flag_generation,sender,309,false,not_applicable,unclear,gamma=8;p=2^-8;curve=P-256,359967,269,measured,ok,unavailable,gc,go1.18.1,Release,JerryZ
2026-08-19T13:47:46.018114316Z,FMD,sender_signaling,fmd_sender_preparation,sender,309,false,not_applicable,unclear,gamma=8;p=2^-8;curve=P-256,-1,,not_applicable,not_applicable,unavailable,gc,go1.18.1,Release,JerryZ
2026-08-19T13:47:46.019289306Z,FMD,sender_signaling,message_encryption,sender,309,false,not_applicable,unclear,gamma=8;p=2^-8;curve=P-256,-1,,not_applicable,not_applicable,unavailable,gc,go1.18.1,Release,JerryZ
2026-08-19T13:47:46.021594415Z,FMD,sender_signaling,fmd_sender_total_signaling,sender,309,false,not_applicable,unclear,gamma=8;p=2^-8;curve=P-256,394113,269,measured,ok,unavailable,gc,go1.18.1,Release,JerryZ
2026-08-19T13:47:46.025018207Z,FMD,sender_signaling,fmd_flag_generation,sender,310,false,not_applicable,unclear,gamma=8;p=2^-8;curve=P-256,382109,269,measured,ok,unavailable,gc,go1.18.1,Release,JerryZ
2026-08-19T13:47:46.026526484Z,FMD,sender_signaling,fmd_sender_preparation,sender,310,false,not_applicable,unclear,gamma=8;p=2^-8;curve=P-256,-1,,not_applicable,not_applicable,unavailable,gc,go1.18.1,Release,JerryZ
2026-08-19T13:47:46.027687244Z,FMD,sender_signaling,message_encryption,sender,310,false,not_applicable,unclear,gamma=8;p=2^-8;curve=P-256,-1,,not_applicable,not_applicable,unavailable,gc,go1.18.1,Release,JerryZ
2026-08-19T13:47:46.03056793Z,FMD,sender_signaling,fmd_sender_total_signaling,sender,310,false,not_applicable,unclear,gamma=8;p=2^-8;curve=P-256,640293,269,measured,ok,unavailable,gc,go1.18.1,Release,JerryZ
2026-08-19T13:47:46.033090105Z,FMD,sender_signaling,fmd_flag_generation,sender,311,false,not_applicable,unclear,gamma=8;p=2^-8;curve=P-256,772860,269,measured,ok,unavailable,gc,go1.18.1,Release,JerryZ
2026-08-19T13:47:46.034445253Z,FMD,sender_signaling,fmd_sender_preparation,sender,311,false,not_applicable,unclear,gamma=8;p=2^-8;curve=P-256,-1,,not_applicable,not_applicable,unavailable,gc,go1.18.1,Release,JerryZ
2026-08-19T13:47:46.036099268Z,FMD,sender_signaling,message_encryption,sender,311,false,not_applicable,unclear,gamma=8;p=2^-8;curve=P-256,-1,,not_applicable,not_applicable,unavailable,gc,go1.18.1,Release,JerryZ
2026-08-19T13:47:46.038341797Z,FMD,sender_signaling,fmd_sender_total_signaling,sender,311,false,not_applicable,unclear,gamma=8;p=2^-8;curve=P-256,378105,267,measured,ok,unavailable,gc,go1.18.1,Release,JerryZ
2026-08-19T13:47:46.04086929Z,FMD,sender_signaling,fmd_flag_generation,sender,312,false,not_applicable,unclear,gamma=8;p=2^-8;curve=P-256,380566,269,measured,ok,unavailable,gc,go1.18.1,Release,JerryZ
2026-08-19T13:47:46.042165974Z,FMD,sender_signaling,fmd_sender_preparation,sender,312,false,not_applicable,unclear,gamma=8;p=2^-8;curve=P-256,-1,,not_applicable,not_applicable,unavailable,gc,go1.18.1,Release,JerryZ
2026-08-19T13:47:46.043626817Z,FMD,sender_signaling,message_encryption,sender,312,false,not_applicable,unclear,gamma=8;p=2^-8;curve=P-256,-1,,not_applicable,not_applicable,unavailable,gc,go1.18.1,Release,JerryZ
2026-08-19T13:47:46.045667432Z,FMD,sender_signaling,fmd_sender_total_signaling,sender,312,false,not_applicable,unclear,gamma=8;p=2^-8;curve=P-256,378840,268,measured,ok,unavailable,gc,go1.18.1,Release,JerryZ
2026-08-19T13:47:46.047885285Z,FMD,sender_signaling,fmd_flag_generation,sender,313,false,not_applicable,unclear,gamma=8;p=2^-8;curve=P-256,356900,268,measured,ok,unavailable,gc,go1.18.1,Release,JerryZ
2026-08-19T13:47:46.048946433Z,FMD,sender_signaling,fmd_sender_preparation,sender,313,false,not_applicable,unclear,gamma=8;p=2^-8;curve=P-256,-1,,not_applicable,not_applicable,unavailable,gc,go1.18.1,Release,JerryZ
2026-08-19T13:47:46.050178564Z,FMD,sender_signaling,message_encryption,sender,313,false,not_applicable,unclear,gamma=8;p=2^-8;curve=P-256,-1,,not_applicable,not_applicable,unavailable,gc,go1.18.1,Release,JerryZ
2026-08-19T13:47:46.052537424Z,FMD,sender_signaling,fmd_sender_total_signaling,sender,313,false,not_applicable,unclear,gamma=8;p=2^-8;curve=P-256,398502,270,measured,ok,unavailable,gc,go1.18.1,Release,JerryZ
2026-08-19T13:47:46.055000736Z,FMD,sender_signaling,fmd_flag_generation,sender,314,false,not_applicable,unclear,gamma=8;p=2^-8;curve=P-256,391284,269,measured,ok,unavailable,gc,go1.18.1,Release,JerryZ
2026-08-19T13:47:46.056113795Z,FMD,sender_signaling,fmd_sender_preparation,sender,314,false,not_applicable,unclear,gamma=8;p=2^-8;curve=P-256,-1,,not_applicable,not_applicable,unavailable,gc,go1.18.1,Release,JerryZ
2026-08-19T13:47:46.057241622Z,FMD,sender_signaling,message_encryption,sender,314,false,not_applicable,unclear,gamma=8;p=2^-8;curve=P-256,-1,,not_applicable,not_applicable,unavailable,gc,go1.18.1,Release,JerryZ
2026-08-19T13:47:46.059984689Z,FMD,sender_signaling,fmd_sender_total_signaling,sender,314,false,not_applicable,unclear,gamma=8;p=2^-8;curve=P-256,370253,268,measured,ok,unavailable,gc,go1.18.1,Release,JerryZ
2026-08-19T13:47:46.062163364Z,FMD,sender_signaling,fmd_flag_generation,sender,315,false,not_applicable,unclear,gamma=8;p=2^-8;curve=P-256,370272,269,measured,ok,unavailable,gc,go1.18.1,Release,JerryZ
2026-08-19T13:47:46.063592111Z,FMD,sender_signaling,fmd_sender_preparation,sender,315,false,not_applicable,unclear,gamma=8;p=2^-8;curve=P-256,-1,,not_applicable,not_applicable,unavailable,gc,go1.18.1,Release,JerryZ
2026-08-19T13:47:46.064766468Z,FMD,sender_signaling,message_encryption,sender,315,false,not_applicable,unclear,gamma=8;p=2^-8;curve=P-256,-1,,not_applicable,not_applicable,unavailable,gc,go1.18.1,Release,JerryZ
2026-08-19T13:47:46.068049114Z,FMD,sender_signaling,fmd_sender_total_signaling,sender,315,false,not_applicable,unclear,gamma=8;p=2^-8;curve=P-256,674071,269,measured,ok,unavailable,gc,go1.18.1,Release,JerryZ
2026-08-19T13:47:46.071258106Z,FMD,sender_signaling,fmd_flag_generation,sender,316,false,not_applicable,unclear,gamma=8;p=2^-8;curve=P-256,522759,269,measured,ok,unavailable,gc,go1.18.1,Release,JerryZ
2026-08-19T13:47:46.07269712Z,FMD,sender_signaling,fmd_sender_preparation,sender,316,false,not_applicable,unclear,gamma=8;p=2^-8;curve=P-256,-1,,not_applicable,not_applicable,unavailable,gc,go1.18.1,Release,JerryZ
2026-08-19T13:47:46.074051001Z,FMD,sender_signaling,message_encryption,sender,316,false,not_applicable,unclear,gamma=8;p=2^-8;curve=P-256,-1,,not_applicable,not_applicable,unavailable,gc,go1.18.1,Release,JerryZ
2026-08-19T13:47:46.076075921Z,FMD,sender_signaling,fmd_sender_total_signaling,sender,316,false,not_applicable,unclear,gamma=8;p=2^-8;curve=P-256,379657,270,measured,ok,unavailable,gc,go1.18.1,Release,JerryZ
2026-08-19T13:47:46.07827992Z,FMD,sender_signaling,fmd_flag_generation,sender,317,false,not_applicable,unclear,gamma=8;p=2^-8;curve=P-256,372659,269,measured,ok,unavailable,gc,go1.18.1,Release,JerryZ
2026-08-19T13:47:46.079499831Z,FMD,sender_signaling,fmd_sender_preparation,sender,317,false,not_applicable,unclear,gamma=8;p=2^-8;curve=P-256,-1,,not_applicable,not_applicable,unavailable,gc,go1.18.1,Release,JerryZ
2026-08-19T13:47:46.080741266Z,FMD,sender_signaling,message_encryption,sender,317,false,not_applicable,unclear,gamma=8;p=2^-8;curve=P-256,-1,,not_applicable,not_applicable,unavailable,gc,go1.18.1,Release,JerryZ
2026-08-19T13:47:46.083047154Z,FMD,sender_signaling,fmd_sender_total_signaling,sender,317,false,not_applicable,unclear,gamma=8;p=2^-8;curve=P-256,377912,271,measured,ok,unavailable,gc,go1.18.1,Release,JerryZ
2026-08-19T13:47:46.085732561Z,FMD,sender_signaling,fmd_flag_generation,sender,318,false,not_applicable,unclear,gamma=8;p=2^-8;curve=P-256,402103,271,measured,ok,unavailable,gc,go1.18.1,Release,JerryZ
2026-08-19T13:47:46.086859162Z,FMD,sender_signaling,fmd_sender_preparation,sender,318,false,not_applicable,unclear,gamma=8;p=2^-8;curve=P-256,-1,,not_applicable,not_applicable,unavailable,gc,go1.18.1,Release,JerryZ
2026-08-19T13:47:46.088027695Z,FMD,sender_signaling,message_encryption,sender,318,false,not_applicable,unclear,gamma=8;p=2^-8;curve=P-256,-1,,not_applicable,not_applicable,unavailable,gc,go1.18.1,Release,JerryZ
2026-08-19T13:47:46.090156254Z,FMD,sender_signaling,fmd_sender_total_signaling,sender,318,false,not_applicable,unclear,gamma=8;p=2^-8;curve=P-256,380998,268,measured,ok,unavailable,gc,go1.18.1,Release,JerryZ
2026-08-19T13:47:46.092597373Z,FMD,sender_signaling,fmd_flag_generation,sender,319,false,not_applicable,unclear,gamma=8;p=2^-8;curve=P-256,646657,269,measured,ok,unavailable,gc,go1.18.1,Release,JerryZ
2026-08-19T13:47:46.093976288Z,FMD,sender_signaling,fmd_sender_preparation,sender,319,false,not_applicable,unclear,gamma=8;p=2^-8;curve=P-256,-1,,not_applicable,not_applicable,unavailable,gc,go1.18.1,Release,JerryZ
2026-08-19T13:47:46.095187949Z,FMD,sender_signaling,message_encryption,sender,319,false,not_applicable,unclear,gamma=8;p=2^-8;curve=P-256,-1,,not_applicable,not_applicable,unavailable,gc,go1.18.1,Release,JerryZ
2026-08-19T13:47:46.099138623Z,FMD,sender_signaling,fmd_sender_total_signaling,sender,319,false,not_applicable,unclear,gamma=8;p=2^-8;curve=P-256,591003,269,measured,ok,unavailable,gc,go1.18.1,Release,JerryZ
2026-08-19T13:47:46.101927141Z,FMD,sender_signaling,fmd_flag_generation,sender,320,false,not_applicable,unclear,gamma=8;p=2^-8;curve=P-256,483718,271,measured,ok,unavailable,gc,go1.18.1,Release,JerryZ
2026-08-19T13:47:46.103303122Z,FMD,sender_signaling,fmd_sender_preparation,sender,320,false,not_applicable,unclear,gamma=8;p=2^-8;curve=P-256,-1,,not_applicable,not_applicable,unavailable,gc,go1.18.1,Release,JerryZ
2026-08-19T13:47:46.104598382Z,FMD,sender_signaling,message_encryption,sender,320,false,not_applicable,unclear,gamma=8;p=2^-8;curve=P-256,-1,,not_applicable,not_applicable,unavailable,gc,go1.18.1,Release,JerryZ
2026-08-19T13:47:46.107283936Z,FMD,sender_signaling,fmd_sender_total_signaling,sender,320,false,not_applicable,unclear,gamma=8;p=2^-8;curve=P-256,390999,268,measured,ok,unavailable,gc,go1.18.1,Release,JerryZ
2026-08-19T13:47:46.109172955Z,FMD,sender_signaling,fmd_flag_generation,sender,321,false,not_applicable,unclear,gamma=8;p=2^-8;curve=P-256,353162,269,measured,ok,unavailable,gc,go1.18.1,Release,JerryZ
2026-08-19T13:47:46.110312027Z,FMD,sender_signaling,fmd_sender_preparation,sender,321,false,not_applicable,unclear,gamma=8;p=2^-8;curve=P-256,-1,,not_applicable,not_applicable,unavailable,gc,go1.18.1,Release,JerryZ
2026-08-19T13:47:46.111949402Z,FMD,sender_signaling,message_encryption,sender,321,false,not_applicable,unclear,gamma=8;p=2^-8;curve=P-256,-1,,not_applicable,not_applicable,unavailable,gc,go1.18.1,Release,JerryZ
2026-08-19T13:47:46.114267965Z,FMD,sender_signaling,fmd_sender_total_signaling,sender,321,false,not_applicable,unclear,gamma=8;p=2^-8;curve=P-256,425172,271,measured,ok,unavailable,gc,go1.18.1,Release,JerryZ
2026-08-19T13:47:46.116456723Z,FMD,sender_signaling,fmd_flag_generation,sender,322,false,not_applicable,unclear,gamma=8;p=2^-8;curve=P-256,358020,269,measured,ok,unavailable,gc,go1.18.1,Release,JerryZ
2026-08-19T13:47:46.117582525Z,FMD,sender_signaling,fmd_sender_preparation,sender,322,false,not_applicable,unclear,gamma=8;p=2^-8;curve=P-256,-1,,not_applicable,not_applicable,unavailable,gc,go1.18.1,Release,JerryZ
2026-08-19T13:47:46.11875965Z,FMD,sender_signaling,message_encryption,sender,322,false,not_applicable,unclear,gamma=8;p=2^-8;curve=P-256,-1,,not_applicable,not_applicable,unavailable,gc,go1.18.1,Release,JerryZ
2026-08-19T13:47:46.120854986Z,FMD,sender_signaling,fmd_sender_total_signaling,sender,322,false,not_applicable,unclear,gamma=8;p=2^-8;curve=P-256,366240,269,measured,ok,unavailable,gc,go1.18.1,Release,JerryZ
2026-08-19T13:47:46.123135141Z,FMD,sender_signaling,fmd_flag_generation,sender,323,false,not_applicable,unclear,gamma=8;p=2^-8;curve=P-256,361786,270,measured,ok,unavailable,gc,go1.18.1,Release,JerryZ
2026-08-19T13:47:46.124306733Z,FMD,sender_signaling,fmd_sender_preparation,sender,323,false,not_applicable,unclear,gamma=8;p=2^-8;curve=P-256,-1,,not_applicable,not_applicable,unavailable,gc,go1.18.1,Release,JerryZ
2026-08-19T13:47:46.125606723Z,FMD,sender_signaling,message_encryption,sender,323,false,not_applicable,unclear,gamma=8;p=2^-8;curve=P-256,-1,,not_applicable,not_applicable,unavailable,gc,go1.18.1,Release,JerryZ
2026-08-19T13:47:46.128754827Z,FMD,sender_signaling,fmd_sender_total_signaling,sender,323,false,not_applicable,unclear,gamma=8;p=2^-8;curve=P-256,913537,269,measured,ok,unavailable,gc,go1.18.1,Release,JerryZ
2026-08-19T13:47:46.132027541Z,FMD,sender_signaling,fmd_flag_generation,sender,324,false,not_applicable,unclear,gamma=8;p=2^-8;curve=P-256,388290,269,measured,ok,unavailable,gc,go1.18.1,Release,JerryZ
2026-08-19T13:47:46.13318431Z,FMD,sender_signaling,fmd_sender_preparation,sender,324,false,not_applicable,unclear,gamma=8;p=2^-8;curve=P-256,-1,,not_applicable,not_applicable,unavailable,gc,go1.18.1,Release,JerryZ
2026-08-19T13:47:46.134395194Z,FMD,sender_signaling,message_encryption,sender,324,false,not_applicable,unclear,gamma=8;p=2^-8;curve=P-256,-1,,not_applicable,not_applicable,unavailable,gc,go1.18.1,Release,JerryZ
2026-08-19T13:47:46.137401602Z,FMD,sender_signaling,fmd_sender_total_signaling,sender,324,false,not_applicable,unclear,gamma=8;p=2^-8;curve=P-256,378435,267,measured,ok,unavailable,gc,go1.18.1,Release,JerryZ
2026-08-19T13:47:46.139595035Z,FMD,sender_signaling,fmd_flag_generation,sender,325,false,not_applicable,unclear,gamma=8;p=2^-8;curve=P-256,362897,270,measured,ok,unavailable,gc,go1.18.1,Release,JerryZ
2026-08-19T13:47:46.141041203Z,FMD,sender_signaling,fmd_sender_preparation,sender,325,false,not_applicable,unclear,gamma=8;p=2^-8;curve=P-256,-1,,not_applicable,not_applicable,unavailable,gc,go1.18.1,Release,JerryZ
2026-08-19T13:47:46.142287441Z,FMD,sender_signaling,message_encryption,sender,325,false,not_applicable,unclear,gamma=8;p=2^-8;curve=P-256,-1,,not_applicable,not_applicable,unavailable,gc,go1.18.1,Release,JerryZ
2026-08-19T13:47:46.14478054Z,FMD,sender_signaling,fmd_sender_total_signaling,sender,325,false,not_applicable,unclear,gamma=8;p=2^-8;curve=P-256,412168,269,measured,ok,unavailable,gc,go1.18.1,Release,JerryZ
2026-08-19T13:47:46.146860994Z,FMD,sender_signaling,fmd_flag_generation,sender,326,false,not_applicable,unclear,gamma=8;p=2^-8;curve=P-256,368251,270,measured,ok,unavailable,gc,go1.18.1,Release,JerryZ
2026-08-19T13:47:46.147925448Z,FMD,sender_signaling,fmd_sender_preparation,sender,326,false,not_applicable,unclear,gamma=8;p=2^-8;curve=P-256,-1,,not_applicable,not_applicable,unavailable,gc,go1.18.1,Release,JerryZ
2026-08-19T13:47:46.148982959Z,FMD,sender_signaling,message_encryption,sender,326,false,not_applicable,unclear,gamma=8;p=2^-8;curve=P-256,-1,,not_applicable,not_applicable,unavailable,gc,go1.18.1,Release,JerryZ
2026-08-19T13:47:46.151280311Z,FMD,sender_signaling,fmd_sender_total_signaling,sender,326,false,not_applicable,unclear,gamma=8;p=2^-8;curve=P-256,390815,268,measured,ok,unavailable,gc,go1.18.1,Release,JerryZ
2026-08-19T13:47:46.154024324Z,FMD,sender_signaling,fmd_flag_generation,sender,327,false,not_applicable,unclear,gamma=8;p=2^-8;curve=P-256,861649,269,measured,ok,unavailable,gc,go1.18.1,Release,JerryZ
2026-08-19T13:47:46.15520072Z,FMD,sender_signaling,fmd_sender_preparation,sender,327,false,not_applicable,unclear,gamma=8;p=2^-8;curve=P-256,-1,,not_applicable,not_applicable,unavailable,gc,go1.18.1,Release,JerryZ
2026-08-19T13:47:46.156347296Z,FMD,sender_signaling,message_encryption,sender,327,false,not_applicable,unclear,gamma=8;p=2^-8;curve=P-256,-1,,not_applicable,not_applicable,unavailable,gc,go1.18.1,Release,JerryZ
2026-08-19T13:47:46.158418851Z,FMD,sender_signaling,fmd_sender_total_signaling,sender,327,false,not_applicable,unclear,gamma=8;p=2^-8;curve=P-256,399035,269,measured,ok,unavailable,gc,go1.18.1,Release,JerryZ
2026-08-19T13:47:46.162436493Z,FMD,sender_signaling,fmd_flag_generation,sender,328,false,not_applicable,unclear,gamma=8;p=2^-8;curve=P-256,525753,269,measured,ok,unavailable,gc,go1.18.1,Release,JerryZ
2026-08-19T13:47:46.163941272Z,FMD,sender_signaling,fmd_sender_preparation,sender,328,false,not_applicable,unclear,gamma=8;p=2^-8;curve=P-256,-1,,not_applicable,not_applicable,unavailable,gc,go1.18.1,Release,JerryZ
2026-08-19T13:47:46.165079375Z,FMD,sender_signaling,message_encryption,sender,328,false,not_applicable,unclear,gamma=8;p=2^-8;curve=P-256,-1,,not_applicable,not_applicable,unavailable,gc,go1.18.1,Release,JerryZ
2026-08-19T13:47:46.167050933Z,FMD,sender_signaling,fmd_sender_total_signaling,sender,328,false,not_applicable,unclear,gamma=8;p=2^-8;curve=P-256,429966,270,measured,ok,unavailable,gc,go1.18.1,Release,JerryZ
2026-08-19T13:47:46.169191954Z,FMD,sender_signaling,fmd_flag_generation,sender,329,false,not_applicable,unclear,gamma=8;p=2^-8;curve=P-256,352840,271,measured,ok,unavailable,gc,go1.18.1,Release,JerryZ
2026-08-19T13:47:46.170393769Z,FMD,sender_signaling,fmd_sender_preparation,sender,329,false,not_applicable,unclear,gamma=8;p=2^-8;curve=P-256,-1,,not_applicable,not_applicable,unavailable,gc,go1.18.1,Release,JerryZ
2026-08-19T13:47:46.1727614Z,FMD,sender_signaling,message_encryption,sender,329,false,not_applicable,unclear,gamma=8;p=2^-8;curve=P-256,-1,,not_applicable,not_applicable,unavailable,gc,go1.18.1,Release,JerryZ
2026-08-19T13:47:46.175171887Z,FMD,sender_signaling,fmd_sender_total_signaling,sender,329,false,not_applicable,unclear,gamma=8;p=2^-8;curve=P-256,435715,269,measured,ok,unavailable,gc,go1.18.1,Release,JerryZ
2026-08-19T13:47:46.177634252Z,FMD,sender_signaling,fmd_flag_generation,sender,330,false,not_applicable,unclear,gamma=8;p=2^-8;curve=P-256,385884,270,measured,ok,unavailable,gc,go1.18.1,Release,JerryZ
2026-08-19T13:47:46.178824804Z,FMD,sender_signaling,fmd_sender_preparation,sender,330,false,not_applicable,unclear,gamma=8;p=2^-8;curve=P-256,-1,,not_applicable,not_applicable,unavailable,gc,go1.18.1,Release,JerryZ
2026-08-19T13:47:46.180216517Z,FMD,sender_signaling,message_encryption,sender,330,false,not_applicable,unclear,gamma=8;p=2^-8;curve=P-256,-1,,not_applicable,not_applicable,unavailable,gc,go1.18.1,Release,JerryZ
2026-08-19T13:47:46.182174216Z,FMD,sender_signaling,fmd_sender_total_signaling,sender,330,false,not_applicable,unclear,gamma=8;p=2^-8;curve=P-256,372971,268,measured,ok,unavailable,gc,go1.18.1,Release,JerryZ
2026-08-19T13:47:46.184092921Z,FMD,sender_signaling,fmd_flag_generation,sender,331,false,not_applicable,unclear,gamma=8;p=2^-8;curve=P-256,391063,269,measured,ok,unavailable,gc,go1.18.1,Release,JerryZ
2026-08-19T13:47:46.185154147Z,FMD,sender_signaling,fmd_sender_preparation,sender,331,false,not_applicable,unclear,gamma=8;p=2^-8;curve=P-256,-1,,not_applicable,not_applicable,unavailable,gc,go1.18.1,Release,JerryZ
2026-08-19T13:47:46.186328893Z,FMD,sender_signaling,message_encryption,sender,331,false,not_applicable,unclear,gamma=8;p=2^-8;curve=P-256,-1,,not_applicable,not_applicable,unavailable,gc,go1.18.1,Release,JerryZ
2026-08-19T13:47:46.188862695Z,FMD,sender_signaling,fmd_sender_total_signaling,sender,331,false,not_applicable,unclear,gamma=8;p=2^-8;curve=P-256,413949,271,measured,ok,unavailable,gc,go1.18.1,Release,JerryZ
2026-08-19T13:47:46.19104226Z,FMD,sender_signaling,fmd_flag_generation,sender,332,false,not_applicable,unclear,gamma=8;p=2^-8;curve=P-256,387399,269,measured,ok,unavailable,gc,go1.18.1,Release,JerryZ
2026-08-19T13:47:46.192242744Z,FMD,sender_signaling,fmd_sender_preparation,sender,332,false,not_applicable,unclear,gamma=8;p=2^-8;curve=P-256,-1,,not_applicable,not_applicable,unavailable,gc,go1.18.1,Release,JerryZ
2026-08-19T13:47:46.193474214Z,FMD,sender_signaling,message_encryption,sender,332,false,not_applicable,unclear,gamma=8;p=2^-8;curve=P-256,-1,,not_applicable,not_applicable,unavailable,gc,go1.18.1,Release,JerryZ
2026-08-19T13:47:46.195718773Z,FMD,sender_signaling,fmd_sender_total_signaling,sender,332,false,not_applicable,unclear,gamma=8;p=2^-8;curve=P-256,368315,270,measured,ok,unavailable,gc,go1.18.1,Release,JerryZ
2026-08-19T13:47:46.19777219Z,FMD,sender_signaling,fmd_flag_generation,sender,333,false,not_applicable,unclear,gamma=8;p=2^-8;curve=P-256,430829,269,measured,ok,unavailable,gc,go1.18.1,Release,JerryZ
2026-08-19T13:47:46.198953839Z,FMD,sender_signaling,fmd_sender_preparation,sender,333,false,not_applicable,unclear,gamma=8;p=2^-8;curve=P-256,-1,,not_applicable,not_applicable,unavailable,gc,go1.18.1,Release,JerryZ
2026-08-19T13:47:46.200077639Z,FMD,sender_signaling,message_encryption,sender,333,false,not_applicable,unclear,gamma=8;p=2^-8;curve=P-256,-1,,not_applicable,not_applicable,unavailable,gc,go1.18.1,Release,JerryZ
2026-08-19T13:47:46.202271265Z,FMD,sender_signaling,fmd_sender_total_signaling,sender,333,false,not_applicable,unclear,gamma=8;p=2^-8;curve=P-256,357120,269,measured,ok,unavailable,gc,go1.18.1,Release,JerryZ
2026-08-19T13:47:46.204757224Z,FMD,sender_signaling,fmd_flag_generation,sender,334,false,not_applicable,unclear,gamma=8;p=2^-8;curve=P-256,752481,268,measured,ok,unavailable,gc,go1.18.1,Release,JerryZ
2026-08-19T13:47:46.206470672Z,FMD,sender_signaling,fmd_sender_preparation,sender,334,false,not_applicable,unclear,gamma=8;p=2^-8;curve=P-256,-1,,not_applicable,not_applicable,unavailable,gc,go1.18.1,Release,JerryZ
2026-08-19T13:47:46.208606954Z,FMD,sender_signaling,message_encryption,sender,334,false,not_applicable,unclear,gamma=8;p=2^-8;curve=P-256,-1,,not_applicable,not_applicable,unavailable,gc,go1.18.1,Release,JerryZ
2026-08-19T13:47:46.210749941Z,FMD,sender_signaling,fmd_sender_total_signaling,sender,334,false,not_applicable,unclear,gamma=8;p=2^-8;curve=P-256,416107,270,measured,ok,unavailable,gc,go1.18.1,Release,JerryZ
2026-08-19T13:47:46.213121787Z,FMD,sender_signaling,fmd_flag_generation,sender,335,false,not_applicable,unclear,gamma=8;p=2^-8;curve=P-256,407466,269,measured,ok,unavailable,gc,go1.18.1,Release,JerryZ
2026-08-19T13:47:46.214245907Z,FMD,sender_signaling,fmd_sender_preparation,sender,335,false,not_applicable,unclear,gamma=8;p=2^-8;curve=P-256,-1,,not_applicable,not_applicable,unavailable,gc,go1.18.1,Release,JerryZ
2026-08-19T13:47:46.215633639Z,FMD,sender_signaling,message_encryption,sender,335,false,not_applicable,unclear,gamma=8;p=2^-8;curve=P-256,-1,,not_applicable,not_applicable,unavailable,gc,go1.18.1,Release,JerryZ
2026-08-19T13:47:46.217939399Z,FMD,sender_signaling,fmd_sender_total_signaling,sender,335,false,not_applicable,unclear,gamma=8;p=2^-8;curve=P-256,799778,268,measured,ok,unavailable,gc,go1.18.1,Release,JerryZ
2026-08-19T13:47:46.220943731Z,FMD,sender_signaling,fmd_flag_generation,sender,336,false,not_applicable,unclear,gamma=8;p=2^-8;curve=P-256,557161,269,measured,ok,unavailable,gc,go1.18.1,Release,JerryZ
2026-08-19T13:47:46.222588213Z,FMD,sender_signaling,fmd_sender_preparation,sender,336,false,not_applicable,unclear,gamma=8;p=2^-8;curve=P-256,-1,,not_applicable,not_applicable,unavailable,gc,go1.18.1,Release,JerryZ
2026-08-19T13:47:46.223995607Z,FMD,sender_signaling,message_encryption,sender,336,false,not_applicable,unclear,gamma=8;p=2^-8;curve=P-256,-1,,not_applicable,not_applicable,unavailable,gc,go1.18.1,Release,JerryZ
2026-08-19T13:47:46.226159735Z,FMD,sender_signaling,fmd_sender_total_signaling,sender,336,false,not_applicable,unclear,gamma=8;p=2^-8;curve=P-256,388428,269,measured,ok,unavailable,gc,go1.18.1,Release,JerryZ
2026-08-19T13:47:46.228242444Z,FMD,sender_signaling,fmd_flag_generation,sender,337,false,not_applicable,unclear,gamma=8;p=2^-8;curve=P-256,435316,269,measured,ok,unavailable,gc,go1.18.1,Release,JerryZ
2026-08-19T13:47:46.229445568Z,FMD,sender_signaling,fmd_sender_preparation,sender,337,false,not_applicable,unclear,gamma=8;p=2^-8;curve=P-256,-1,,not_applicable,not_applicable,unavailable,gc,go1.18.1,Release,JerryZ
2026-08-19T13:47:46.230560936Z,FMD,sender_signaling,message_encryption,sender,337,false,not_applicable,unclear,gamma=8;p=2^-8;curve=P-256,-1,,not_applicable,not_applicable,unavailable,gc,go1.18.1,Release,JerryZ
2026-08-19T13:47:46.232746756Z,FMD,sender_signaling,fmd_sender_total_signaling,sender,337,false,not_applicable,unclear,gamma=8;p=2^-8;curve=P-256,353603,268,measured,ok,unavailable,gc,go1.18.1,Release,JerryZ
2026-08-19T13:47:46.235078074Z,FMD,sender_signaling,fmd_flag_generation,sender,338,false,not_applicable,unclear,gamma=8;p=2^-8;curve=P-256,394461,269,measured,ok,unavailable,gc,go1.18.1,Release,JerryZ
2026-08-19T13:47:46.236687419Z,FMD,sender_signaling,fmd_sender_preparation,sender,338,false,not_applicable,unclear,gamma=8;p=2^-8;curve=P-256,-1,,not_applicable,not_applicable,unavailable,gc,go1.18.1,Release,JerryZ
2026-08-19T13:47:46.237934309Z,FMD,sender_signaling,message_encryption,sender,338,false,not_applicable,unclear,gamma=8;p=2^-8;curve=P-256,-1,,not_applicable,not_applicable,unavailable,gc,go1.18.1,Release,JerryZ
2026-08-19T13:47:46.239994191Z,FMD,sender_signaling,fmd_sender_total_signaling,sender,338,false,not_applicable,unclear,gamma=8;p=2^-8;curve=P-256,370583,269,measured,ok,unavailable,gc,go1.18.1,Release,JerryZ
2026-08-19T13:47:46.2420549Z,FMD,sender_signaling,fmd_flag_generation,sender,339,false,not_applicable,unclear,gamma=8;p=2^-8;curve=P-256,407768,270,measured,ok,unavailable,gc,go1.18.1,Release,JerryZ
2026-08-19T13:47:46.24329819Z,FMD,sender_signaling,fmd_sender_preparation,sender,339,false,not_applicable,unclear,gamma=8;p=2^-8;curve=P-256,-1,,not_applicable,not_applicable,unavailable,gc,go1.18.1,Release,JerryZ
2026-08-19T13:47:46.24501482Z,FMD,sender_signaling,message_encryption,sender,339,false,not_applicable,unclear,gamma=8;p=2^-8;curve=P-256,-1,,not_applicable,not_applicable,unavailable,gc,go1.18.1,Release,JerryZ
2026-08-19T13:47:46.247075493Z,FMD,sender_signaling,fmd_sender_total_signaling,sender,339,false,not_applicable,unclear,gamma=8;p=2^-8;curve=P-256,367645,269,measured,ok,unavailable,gc,go1.18.1,Release,JerryZ
2026-08-19T13:47:46.249815141Z,FMD,sender_signaling,fmd_flag_generation,sender,340,false,not_applicable,unclear,gamma=8;p=2^-8;curve=P-256,833427,269,measured,ok,unavailable,gc,go1.18.1,Release,JerryZ
2026-08-19T13:47:46.251596544Z,FMD,sender_signaling,fmd_sender_preparation,sender,340,false,not_applicable,unclear,gamma=8;p=2^-8;curve=P-256,-1,,not_applicable,not_applicable,unavailable,gc,go1.18.1,Release,JerryZ
2026-08-19T13:47:46.253467186Z,FMD,sender_signaling,message_encryption,sender,340,false,not_applicable,unclear,gamma=8;p=2^-8;curve=P-256,-1,,not_applicable,not_applicable,unavailable,gc,go1.18.1,Release,JerryZ
2026-08-19T13:47:46.25597947Z,FMD,sender_signaling,fmd_sender_total_signaling,sender,340,false,not_applicable,unclear,gamma=8;p=2^-8;curve=P-256,521556,270,measured,ok,unavailable,gc,go1.18.1,Release,JerryZ
2026-08-19T13:47:46.25834655Z,FMD,sender_signaling,fmd_flag_generation,sender,341,false,not_applicable,unclear,gamma=8;p=2^-8;curve=P-256,388207,269,measured,ok,unavailable,gc,go1.18.1,Release,JerryZ
2026-08-19T13:47:46.259738676Z,FMD,sender_signaling,fmd_sender_preparation,sender,341,false,not_applicable,unclear,gamma=8;p=2^-8;curve=P-256,-1,,not_applicable,not_applicable,unavailable,gc,go1.18.1,Release,JerryZ
2026-08-19T13:47:46.260914946Z,FMD,sender_signaling,message_encryption,sender,341,false,not_applicable,unclear,gamma=8;p=2^-8;curve=P-256,-1,,not_applicable,not_applicable,unavailable,gc,go1.18.1,Release,JerryZ
2026-08-19T13:47:46.263141969Z,FMD,sender_signaling,fmd_sender_total_signaling,sender,341,false,not_applicable,unclear,gamma=8;p=2^-8;curve=P-256,375561,268,measured,ok,unavailable,gc,go1.18.1,Release,JerryZ
2026-08-19T13:47:46.26545711Z,FMD,sender_signaling,fmd_flag_generation,sender,342,false,not_applicable,unclear,gamma=8;p=2^-8;curve=P-256,458701,269,measured,ok,unavailable,gc,go1.18.1,Release,JerryZ
2026-08-19T13:47:46.266815858Z,FMD,sender_signaling,fmd_sender_preparation,sender,342,false,not_applicable,unclear,gamma=8;p=2^-8;curve=P-256,-1,,not_applicable,not_applicable,unavailable,gc,go1.18.1,Release,JerryZ
2026-08-19T13:47:46.268538668Z,FMD,sender_signaling,message_encryption,sender,342,false,not_applicable,unclear,gamma=8;p=2^-8;curve=P-256,-1,,not_applicable,not_applicable,unavailable,gc,go1.18.1,Release,JerryZ
2026-08-19T13:47:46.270688983Z,FMD,sender_signaling,fmd_sender_total_signaling,sender,342,false,not_applicable,unclear,gamma=8;p=2^-8;curve=P-256,391844,270,measured,ok,unavailable,gc,go1.18.1,Release,JerryZ
2026-08-19T13:47:46.272578553Z,FMD,sender_signaling,fmd_flag_generation,sender,343,false,not_applicable,unclear,gamma=8;p=2^-8;curve=P-256,379620,270,measured,ok,unavailable,gc,go1.18.1,Release,JerryZ
2026-08-19T13:47:46.273731079Z,FMD,sender_signaling,fmd_sender_preparation,sender,343,false,not_applicable,unclear,gamma=8;p=2^-8;curve=P-256,-1,,not_applicable,not_applicable,unavailable,gc,go1.18.1,Release,JerryZ
2026-08-19T13:47:46.274986564Z,FMD,sender_signaling,message_encryption,sender,343,false,not_applicable,unclear,gamma=8;p=2^-8;curve=P-256,-1,,not_applicable,not_applicable,unavailable,gc,go1.18.1,Release,JerryZ
2026-08-19T13:47:46.27823108Z,FMD,sender_signaling,fmd_sender_total_signaling,sender,343,false,not_applicable,unclear,gamma=8;p=2^-8;curve=P-256,916880,269,measured,ok,unavailable,gc,go1.18.1,Release,JerryZ
2026-08-19T13:47:46.280616766Z,FMD,sender_signaling,fmd_flag_generation,sender,344,false,not_applicable,unclear,gamma=8;p=2^-8;curve=P-256,740009,270,measured,ok,unavailable,gc,go1.18.1,Release,JerryZ
2026-08-19T13:47:46.283020039Z,FMD,sender_signaling,fmd_sender_preparation,sender,344,false,not_applicable,unclear,gamma=8;p=2^-8;curve=P-256,-1,,not_applicable,not_applicable,unavailable,gc,go1.18.1,Release,JerryZ
2026-08-19T13:47:46.284409341Z,FMD,sender_signaling,message_encryption,sender,344,false,not_applicable,unclear,gamma=8;p=2^-8;curve=P-256,-1,,not_applicable,not_applicable,unavailable,gc,go1.18.1,Release,JerryZ
2026-08-19T13:47:46.286430091Z,FMD,sender_signaling,fmd_sender_total_signaling,sender,344,false,not_applicable,unclear,gamma=8;p=2^-8;curve=P-256,366708,269,measured,ok,unavailable,gc,go1.18.1,Release,JerryZ
2026-08-19T13:47:46.28875667Z,FMD,sender_signaling,fmd_flag_generation,sender,345,false,not_applicable,unclear,gamma=8;p=2^-8;curve=P-256,378114,269,measured,ok,unavailable,gc,go1.18.1,Release,JerryZ
2026-08-19T13:47:46.290221372Z,FMD,sender_signaling,fmd_sender_preparation,sender,345,false,not_applicable,unclear,gamma=8;p=2^-8;curve=P-256,-1,,not_applicable,not_applicable,unavailable,gc,go1.18.1,Release,JerryZ
2026-08-19T13:47:46.29160026Z,FMD,sender_signaling,message_encryption,sender,345,false,not_applicable,unclear,gamma=8;p=2^-8;curve=P-256,-1,,not_applicable,not_applicable,unavailable,gc,go1.18.1,Release,JerryZ
2026-08-19T13:47:46.293865428Z,FMD,sender_signaling,fmd_sender_total_signaling,sender,345,false,not_applicable,unclear,gamma=8;p=2^-8;curve=P-256,692226,268,measured,ok,unavailable,gc,go1.18.1,Release,JerryZ
2026-08-19T13:47:46.296038767Z,FMD,sender_signaling,fmd_flag_generation,sender,346,false,not_applicable,unclear,gamma=8;p=2^-8;curve=P-256,456167,269,measured,ok,unavailable,gc,go1.18.1,Release,JerryZ
2026-08-19T13:47:46.297617172Z,FMD,sender_signaling,fmd_sender_preparation,sender,346,false,not_applicable,unclear,gamma=8;p=2^-8;curve=P-256,-1,,not_applicable,not_applicable,unavailable,gc,go1.18.1,Release,JerryZ
2026-08-19T13:47:46.298990403Z,FMD,sender_signaling,message_encryption,sender,346,false,not_applicable,unclear,gamma=8;p=2^-8;curve=P-256,-1,,not_applicable,not_applicable,unavailable,gc,go1.18.1,Release,JerryZ
2026-08-19T13:47:46.30221026Z,FMD,sender_signaling,fmd_sender_total_signaling,sender,346,false,not_applicable,unclear,gamma=8;p=2^-8;curve=P-256,829111,270,measured,ok,unavailable,gc,go1.18.1,Release,JerryZ
2026-08-19T13:47:46.304207142Z,FMD,sender_signaling,fmd_flag_generation,sender,347,false,not_applicable,unclear,gamma=8;p=2^-8;curve=P-256,361427,270,measured,ok,unavailable,gc,go1.18.1,Release,JerryZ
2026-08-19T13:47:46.30542017Z,FMD,sender_signaling,fmd_sender_preparation,sender,347,false,not_applicable,unclear,gamma=8;p=2^-8;curve=P-256,-1,,not_applicable,not_applicable,unavailable,gc,go1.18.1,Release,JerryZ
2026-08-19T13:47:46.306641465Z,FMD,sender_signaling,message_encryption,sender,347,false,not_applicable,unclear,gamma=8;p=2^-8;curve=P-256,-1,,not_applicable,not_applicable,unavailable,gc,go1.18.1,Release,JerryZ
2026-08-19T13:47:46.309285031Z,FMD,sender_signaling,fmd_sender_total_signaling,sender,347,false,not_applicable,unclear,gamma=8;p=2^-8;curve=P-256,732112,270,measured,ok,unavailable,gc,go1.18.1,Release,JerryZ
2026-08-19T13:47:46.312002976Z,FMD,sender_signaling,fmd_flag_generation,sender,348,false,not_applicable,unclear,gamma=8;p=2^-8;curve=P-256,511673,270,measured,ok,unavailable,gc,go1.18.1,Release,JerryZ
2026-08-19T13:47:46.313830202Z,FMD,sender_signaling,fmd_sender_preparation,sender,348,false,not_applicable,unclear,gamma=8;p=2^-8;curve=P-256,-1,,not_applicable,not_applicable,unavailable,gc,go1.18.1,Release,JerryZ
2026-08-19T13:47:46.315148063Z,FMD,sender_signaling,message_encryption,sender,348,false,not_applicable,unclear,gamma=8;p=2^-8;curve=P-256,-1,,not_applicable,not_applicable,unavailable,gc,go1.18.1,Release,JerryZ
2026-08-19T13:47:46.317412032Z,FMD,sender_signaling,fmd_sender_total_signaling,sender,348,false,not_applicable,unclear,gamma=8;p=2^-8;curve=P-256,374073,268,measured,ok,unavailable,gc,go1.18.1,Release,JerryZ
2026-08-19T13:47:46.319338319Z,FMD,sender_signaling,fmd_flag_generation,sender,349,false,not_applicable,unclear,gamma=8;p=2^-8;curve=P-256,373834,268,measured,ok,unavailable,gc,go1.18.1,Release,JerryZ
2026-08-19T13:47:46.321431501Z,FMD,sender_signaling,fmd_sender_preparation,sender,349,false,not_applicable,unclear,gamma=8;p=2^-8;curve=P-256,-1,,not_applicable,not_applicable,unavailable,gc,go1.18.1,Release,JerryZ
2026-08-19T13:47:46.3227872Z,FMD,sender_signaling,message_encryption,sender,349,false,not_applicable,unclear,gamma=8;p=2^-8;curve=P-256,-1,,not_applicable,not_applicable,unavailable,gc,go1.18.1,Release,JerryZ
2026-08-19T13:47:46.324951438Z,FMD,sender_signaling,fmd_sender_total_signaling,sender,349,false,not_applicable,unclear,gamma=8;p=2^-8;curve=P-256,508560,269,measured,ok,unavailable,gc,go1.18.1,Release,JerryZ
2026-08-19T13:47:46.327466376Z,FMD,sender_signaling,fmd_flag_generation,sender,350,false,not_applicable,unclear,gamma=8;p=2^-8;curve=P-256,404692,269,measured,ok,unavailable,gc,go1.18.1,Release,JerryZ
2026-08-19T13:47:46.328959289Z,FMD,sender_signaling,fmd_sender_preparation,sender,350,false,not_applicable,unclear,gamma=8;p=2^-8;curve=P-256,-1,,not_applicable,not_applicable,unavailable,gc,go1.18.1,Release,JerryZ
2026-08-19T13:47:46.330333861Z,FMD,sender_signaling,message_encryption,sender,350,false,not_applicable,unclear,gamma=8;p=2^-8;curve=P-256,-1,,not_applicable,not_applicable,unavailable,gc,go1.18.1,Release,JerryZ
2026-08-19T13:47:46.332425896Z,FMD,sender_signaling,fmd_sender_total_signaling,sender,350,false,not_applicable,unclear,gamma=8;p=2^-8;curve=P-256,650156,270,measured,ok,unavailable,gc,go1.18.1,Release,JerryZ
2026-08-19T13:47:46.335184704Z,FMD,sender_signaling,fmd_flag_generation,sender,351,false,not_applicable,unclear,gamma=8;p=2^-8;curve=P-256,636702,267,measured,ok,unavailable,gc,go1.18.1,Release,JerryZ
2026-08-19T13:47:46.336300597Z,FMD,sender_signaling,fmd_sender_preparation,sender,351,false,not_applicable,unclear,gamma=8;p=2^-8;curve=P-256,-1,,not_applicable,not_applicable,unavailable,gc,go1.18.1,Release,JerryZ
2026-08-19T13:47:46.337366699Z,FMD,sender_signaling,message_encryption,sender,351,false,not_applicable,unclear,gamma=8;p=2^-8;curve=P-256,-1,,not_applicable,not_applicable,unavailable,gc,go1.18.1,Release,JerryZ
2026-08-19T13:47:46.339472887Z,FMD,sender_signaling,fmd_sender_total_signaling,sender,351,false,not_applicable,unclear,gamma=8;p=2^-8;curve=P-256,379740,270,measured,ok,unavailable,gc,go1.18.1,Release,JerryZ
2026-08-19T13:47:46.341493336Z,FMD,sender_signaling,fmd_flag_generation,sender,352,false,not_applicable,unclear,gamma=8;p=2^-8;curve=P-256,424832,269,measured,ok,unavailable,gc,go1.18.1,Release,JerryZ
2026-08-19T13:47:46.343341913Z,FMD,sender_signaling,fmd_sender_preparation,sender,352,false,not_applicable,unclear,gamma=8;p=2^-8;curve=P-256,-1,,not_applicable,not_applicable,unavailable,gc,go1.18.1,Release,JerryZ
2026-08-19T13:47:46.345088538Z,FMD,sender_signaling,message_encryption,sender,352,false,not_applicable,unclear,gamma=8;p=2^-8;curve=P-256,-1,,not_applicable,not_applicable,unavailable,gc,go1.18.1,Release,JerryZ
2026-08-19T13:47:46.34767527Z,FMD,sender_signaling,fmd_sender_total_signaling,sender,352,false,not_applicable,unclear,gamma=8;p=2^-8;curve=P-256,398970,270,measured,ok,unavailable,gc,go1.18.1,Release,JerryZ
2026-08-19T13:47:46.349803424Z,FMD,sender_signaling,fmd_flag_generation,sender,353,false,not_applicable,unclear,gamma=8;p=2^-8;curve=P-256,431407,268,measured,ok,unavailable,gc,go1.18.1,Release,JerryZ
2026-08-19T13:47:46.351046971Z,FMD,sender_signaling,fmd_sender_preparation,sender,353,false,not_applicable,unclear,gamma=8;p=2^-8;curve=P-256,-1,,not_applicable,not_applicable,unavailable,gc,go1.18.1,Release,JerryZ
2026-08-19T13:47:46.352159456Z,FMD,sender_signaling,message_encryption,sender,353,false,not_applicable,unclear,gamma=8;p=2^-8;curve=P-256,-1,,not_applicable,not_applicable,unavailable,gc,go1.18.1,Release,JerryZ
2026-08-19T13:47:46.35504338Z,FMD,sender_signaling,fmd_sender_total_signaling,sender,353,false,not_applicable,unclear,gamma=8;p=2^-8;curve=P-256,584758,269,measured,ok,unavailable,gc,go1.18.1,Release,JerryZ
2026-08-19T13:47:46.358506267Z,FMD,sender_signaling,fmd_flag_generation,sender,354,false,not_applicable,unclear,gamma=8;p=2^-8;curve=P-256,842078,268,measured,ok,unavailable,gc,go1.18.1,Release,JerryZ
2026-08-19T13:47:46.359890517Z,FMD,sender_signaling,fmd_sender_preparation,sender,354,false,not_applicable,unclear,gamma=8;p=2^-8;curve=P-256,-1,,not_applicable,not_applicable,unavailable,gc,go1.18.1,Release,JerryZ
2026-08-19T13:47:46.361370509Z,FMD,sender_signaling,message_encryption,sender,354,false,not_applicable,unclear,gamma=8;p=2^-8;curve=P-256,-1,,not_applicable,not_applicable,unavailable,gc,go1.18.1,Release,JerryZ
2026-08-19T13:47:46.363248654Z,FMD,sender_signaling,fmd_sender_total_signaling,sender,354,false,not_applicable,unclear,gamma=8;p=2^-8;curve=P-256,435623,270,measured,ok,unavailable,gc,go1.18.1,Release,JerryZ
2026-08-19T13:47:46.365028735Z,FMD,sender_signaling,fmd_flag_generation,sender,355,false,not_applicable,unclear,gamma=8;p=2^-8;curve=P-256,376489,269,measured,ok,unavailable,gc,go1.18.1,Release,JerryZ
2026-08-19T13:47:46.366133607Z,FMD,sender_signaling,fmd_sender_preparation,sender,355,false,not_applicable,unclear,gamma=8;p=2^-8;curve=P-256,-1,,not_applicable,not_applicable,unavailable,gc,go1.18.1,Release,JerryZ
2026-08-19T13:47:46.367196876Z,FMD,sender_signaling,message_encryption,sender,355,false,not_applicable,unclear,gamma=8;p=2^-8;curve=P-256,-1,,not_applicable,not_applicable,unavailable,gc,go1.18.1,Release,JerryZ
2026-08-19T13:47:46.369416079Z,FMD,sender_signaling,fmd_sender_total_signaling,sender,355,false,not_applicable,unclear,gamma=8;p=2^-8;curve=P-256,375203,269,measured,ok,unavailable,gc,go1.18.1,Release,JerryZ
2026-08-19T13:47:46.371963408Z,FMD,sender_signaling,fmd_flag_generation,sender,356,false,not_applicable,unclear,gamma=8;p=2^-8;curve=P-256,727584,269,measured,ok,unavailable,gc,go1.18.1,Release,JerryZ
2026-08-19T13:47:46.373635442Z,FMD,sender_signaling,fmd_sender_preparation,sender,356,false,not_applicable,unclear,gamma=8;p=2^-8;curve=P-256,-1,,not_applicable,not_applicable,unavailable,gc,go1.18.1,Release,JerryZ
2026-08-19T13:47:46.374929481Z,FMD,sender_signaling,message_encryption,sender,356,false,not_applicable,unclear,gamma=8;p=2^-8;curve=P-256,-1,,not_applicable,not_applicable,unavailable,gc,go1.18.1,Release,JerryZ
2026-08-19T13:47:46.377559648Z,FMD,sender_signaling,fmd_sender_total_signaling,sender,356,false,not_applicable,unclear,gamma=8;p=2^-8;curve=P-256,803883,269,measured,ok,unavailable,gc,go1.18.1,Release,JerryZ
2026-08-19T13:47:46.379864599Z,FMD,sender_signaling,fmd_flag_generation,sender,357,false,not_applicable,unclear,gamma=8;p=2^-8;curve=P-256,651129,269,measured,ok,unavailable,gc,go1.18.1,Release,JerryZ
2026-08-19T13:47:46.38130095Z,FMD,sender_signaling,fmd_sender_preparation,sender,357,false,not_applicable,unclear,gamma=8;p=2^-8;curve=P-256,-1,,not_applicable,not_applicable,unavailable,gc,go1.18.1,Release,JerryZ
2026-08-19T13:47:46.382346769Z,FMD,sender_signaling,message_encryption,sender,357,false,not_applicable,unclear,gamma=8;p=2^-8;curve=P-256,-1,,not_applicable,not_applicable,unavailable,gc,go1.18.1,Release,JerryZ
2026-08-19T13:47:46.384506039Z,FMD,sender_signaling,fmd_sender_total_signaling,sender,357,false,not_applicable,unclear,gamma=8;p=2^-8;curve=P-256,508469,269,measured,ok,unavailable,gc,go1.18.1,Release,JerryZ
2026-08-19T13:47:46.386320228Z,FMD,sender_signaling,fmd_flag_generation,sender,358,false,not_applicable,unclear,gamma=8;p=2^-8;curve=P-256,355063,270,measured,ok,unavailable,gc,go1.18.1,Release,JerryZ
2026-08-19T13:47:46.387597479Z,FMD,sender_signaling,fmd_sender_preparation,sender,358,false,not_applicable,unclear,gamma=8;p=2^-8;curve=P-256,-1,,not_applicable,not_applicable,unavailable,gc,go1.18.1,Release,JerryZ
2026-08-19T13:47:46.389021693Z,FMD,sender_signaling,message_encryption,sender,358,false,not_applicable,unclear,gamma=8;p=2^-8;curve=P-256,-1,,not_applicable,not_applicable,unavailable,gc,go1.18.1,Release,JerryZ
2026-08-19T13:47:46.391360565Z,FMD,sender_signaling,fmd_sender_total_signaling,sender,358,false,not_applicable,unclear,gamma=8;p=2^-8;curve=P-256,393745,269,measured,ok,unavailable,gc,go1.18.1,Release,JerryZ
2026-08-19T13:47:46.394104928Z,FMD,sender_signaling,fmd_flag_generation,sender,359,false,not_applicable,unclear,gamma=8;p=2^-8;curve=P-256,680972,269,measured,ok,unavailable,gc,go1.18.1,Release,JerryZ
2026-08-19T13:47:46.399697525Z,FMD,sender_signaling,fmd_sender_preparation,sender,359,false,not_applicable,unclear,gamma=8;p=2^-8;curve=P-256,-1,,not_applicable,not_applicable,unavailable,gc,go1.18.1,Release,JerryZ
2026-08-19T13:47:46.401717954Z,FMD,sender_signaling,message_encryption,sender,359,false,not_applicable,unclear,gamma=8;p=2^-8;curve=P-256,-1,,not_applicable,not_applicable,unavailable,gc,go1.18.1,Release,JerryZ
2026-08-19T13:47:46.404999049Z,FMD,sender_signaling,fmd_sender_total_signaling,sender,359,false,not_applicable,unclear,gamma=8;p=2^-8;curve=P-256,1089139,270,measured,ok,unavailable,gc,go1.18.1,Release,JerryZ
2026-08-19T13:47:46.407597137Z,FMD,sender_signaling,fmd_flag_generation,sender,360,false,not_applicable,unclear,gamma=8;p=2^-8;curve=P-256,510094,269,measured,ok,unavailable,gc,go1.18.1,Release,JerryZ
2026-08-19T13:47:46.408961211Z,FMD,sender_signaling,fmd_sender_preparation,sender,360,false,not_applicable,unclear,gamma=8;p=2^-8;curve=P-256,-1,,not_applicable,not_applicable,unavailable,gc,go1.18.1,Release,JerryZ
2026-08-19T13:47:46.410203031Z,FMD,sender_signaling,message_encryption,sender,360,false,not_applicable,unclear,gamma=8;p=2^-8;curve=P-256,-1,,not_applicable,not_applicable,unavailable,gc,go1.18.1,Release,JerryZ
2026-08-19T13:47:46.412621522Z,FMD,sender_signaling,fmd_sender_total_signaling,sender,360,false,not_applicable,unclear,gamma=8;p=2^-8;curve=P-256,445027,270,measured,ok,unavailable,gc,go1.18.1,Release,JerryZ
2026-08-19T13:47:46.415626129Z,FMD,sender_signaling,fmd_flag_generation,sender,361,false,not_applicable,unclear,gamma=8;p=2^-8;curve=P-256,840242,268,measured,ok,unavailable,gc,go1.18.1,Release,JerryZ
2026-08-19T13:47:46.417103609Z,FMD,sender_signaling,fmd_sender_preparation,sender,361,false,not_applicable,unclear,gamma=8;p=2^-8;curve=P-256,-1,,not_applicable,not_applicable,unavailable,gc,go1.18.1,Release,JerryZ
2026-08-19T13:47:46.418663963Z,FMD,sender_signaling,message_encryption,sender,361,false,not_applicable,unclear,gamma=8;p=2^-8;curve=P-256,-1,,not_applicable,not_applicable,unavailable,gc,go1.18.1,Release,JerryZ
2026-08-19T13:47:46.421004897Z,FMD,sender_signaling,fmd_sender_total_signaling,sender,361,false,not_applicable,unclear,gamma=8;p=2^-8;curve=P-256,406033,269,measured,ok,unavailable,gc,go1.18.1,Release,JerryZ
2026-08-19T13:47:46.422949413Z,FMD,sender_signaling,fmd_flag_generation,sender,362,false,not_applicable,unclear,gamma=8;p=2^-8;curve=P-256,353869,268,measured,ok,unavailable,gc,go1.18.1,Release,JerryZ
2026-08-19T13:47:46.424005243Z,FMD,sender_signaling,fmd_sender_preparation,sender,362,false,not_applicable,unclear,gamma=8;p=2^-8;curve=P-256,-1,,not_applicable,not_applicable,unavailable,gc,go1.18.1,Release,JerryZ
2026-08-19T13:47:46.425256045Z,FMD,sender_signaling,message_encryption,sender,362,false,not_applicable,unclear,gamma=8;p=2^-8;curve=P-256,-1,,not_applicable,not_applicable,unavailable,gc,go1.18.1,Release,JerryZ
2026-08-19T13:47:46.427450186Z,FMD,sender_signaling,fmd_sender_total_signaling,sender,362,false,not_applicable,unclear,gamma=8;p=2^-8;curve=P-256,364136,269,measured,ok,unavailable,gc,go1.18.1,Release,JerryZ
2026-08-19T13:47:46.42948621Z,FMD,sender_signaling,fmd_flag_generation,sender,363,false,not_applicable,unclear,gamma=8;p=2^-8;curve=P-256,372328,269,measured,ok,unavailable,gc,go1.18.1,Release,JerryZ
2026-08-19T13:47:46.430709562Z,FMD,sender_signaling,fmd_sender_preparation,sender,363,false,not_applicable,unclear,gamma=8;p=2^-8;curve=P-256,-1,,not_applicable,not_applicable,unavailable,gc,go1.18.1,Release,JerryZ
2026-08-19T13:47:46.431877865Z,FMD,sender_signaling,message_encryption,sender,363,false,not_applicable,unclear,gamma=8;p=2^-8;curve=P-256,-1,,not_applicable,not_applicable,unavailable,gc,go1.18.1,Release,JerryZ
2026-08-19T13:47:46.43490557Z,FMD,sender_signaling,fmd_sender_total_signaling,sender,363,false,not_applicable,unclear,gamma=8;p=2^-8;curve=P-256,603364,269,measured,ok,unavailable,gc,go1.18.1,Release,JerryZ
2026-08-19T13:47:46.438186619Z,FMD,sender_signaling,fmd_flag_generation,sender,364,false,not_applicable,unclear,gamma=8;p=2^-8;curve=P-256,405509,269,measured,ok,unavailable,gc,go1.18.1,Release,JerryZ
2026-08-19T13:47:46.439288221Z,FMD,sender_signaling,fmd_sender_preparation,sender,364,false,not_applicable,unclear,gamma=8;p=2^-8;curve=P-256,-1,,not_applicable,not_applicable,unavailable,gc,go1.18.1,Release,JerryZ
2026-08-19T13:47:46.440574793Z,FMD,sender_signaling,message_encryption,sender,364,false,not_applicable,unclear,gamma=8;p=2^-8;curve=P-256,-1,,not_applicable,not_applicable,unavailable,gc,go1.18.1,Release,JerryZ
2026-08-19T13:47:46.44271057Z,FMD,sender_signaling,fmd_sender_total_signaling,sender,364,false,not_applicable,unclear,gamma=8;p=2^-8;curve=P-256,403507,269,measured,ok,unavailable,gc,go1.18.1,Release,JerryZ
2026-08-19T13:47:46.444660009Z,FMD,sender_signaling,fmd_flag_generation,sender,365,false,not_applicable,unclear,gamma=8;p=2^-8;curve=P-256,369969,268,measured,ok,unavailable,gc,go1.18.1,Release,JerryZ
2026-08-19T13:47:46.445873112Z,FMD,sender_signaling,fmd_sender_preparation,sender,365,false,not_applicable,unclear,gamma=8;p=2^-8;curve=P-256,-1,,not_applicable,not_applicable,unavailable,gc,go1.18.1,Release,JerryZ
2026-08-19T13:47:46.447388791Z,FMD,sender_signaling,message_encryption,sender,365,false,not_applicable,unclear,gamma=8;p=2^-8;curve=P-256,-1,,not_applicable,not_applicable,unavailable,gc,go1.18.1,Release,JerryZ
2026-08-19T13:47:46.449657393Z,FMD,sender_signaling,fmd_sender_total_signaling,sender,365,false,not_applicable,unclear,gamma=8;p=2^-8;curve=P-256,400624,269,measured,ok,unavailable,gc,go1.18.1,Release,JerryZ
2026-08-19T13:47:46.452109552Z,FMD,sender_signaling,fmd_flag_generation,sender,366,false,not_applicable,unclear,gamma=8;p=2^-8;curve=P-256,406180,269,measured,ok,unavailable,gc,go1.18.1,Release,JerryZ
2026-08-19T13:47:46.453262206Z,FMD,sender_signaling,fmd_sender_preparation,sender,366,false,not_applicable,unclear,gamma=8;p=2^-8;curve=P-256,-1,,not_applicable,not_applicable,unavailable,gc,go1.18.1,Release,JerryZ
2026-08-19T13:47:46.454343476Z,FMD,sender_signaling,message_encryption,sender,366,false,not_applicable,unclear,gamma=8;p=2^-8;curve=P-256,-1,,not_applicable,not_applicable,unavailable,gc,go1.18.1,Release,JerryZ
2026-08-19T13:47:46.456815388Z,FMD,sender_signaling,fmd_sender_total_signaling,sender,366,false,not_applicable,unclear,gamma=8;p=2^-8;curve=P-256,512987,270,measured,ok,unavailable,gc,go1.18.1,Release,JerryZ
2026-08-19T13:47:46.459021798Z,FMD,sender_signaling,fmd_flag_generation,sender,367,false,not_applicable,unclear,gamma=8;p=2^-8;curve=P-256,357102,268,measured,ok,unavailable,gc,go1.18.1,Release,JerryZ
2026-08-19T13:47:46.460093451Z,FMD,sender_signaling,fmd_sender_preparation,sender,367,false,not_applicable,unclear,gamma=8;p=2^-8;curve=P-256,-1,,not_applicable,not_applicable,unavailable,gc,go1.18.1,Release,JerryZ
2026-08-19T13:47:46.461174647Z,FMD,sender_signaling,message_encryption,sender,367,false,not_applicable,unclear,gamma=8;p=2^-8;curve=P-256,-1,,not_applicable,not_applicable,unavailable,gc,go1.18.1,Release,JerryZ
2026-08-19T13:47:46.463572869Z,FMD,sender_signaling,fmd_sender_total_signaling,sender,367,false,not_applicable,unclear,gamma=8;p=2^-8;curve=P-256,427826,268,measured,ok,unavailable,gc,go1.18.1,Release,JerryZ
2026-08-19T13:47:46.466186863Z,FMD,sender_signaling,fmd_flag_generation,sender,368,false,not_applicable,unclear,gamma=8;p=2^-8;curve=P-256,419092,271,measured,ok,unavailable,gc,go1.18.1,Release,JerryZ
2026-08-19T13:47:46.467611459Z,FMD,sender_signaling,fmd_sender_preparation,sender,368,false,not_applicable,unclear,gamma=8;p=2^-8;curve=P-256,-1,,not_applicable,not_applicable,unavailable,gc,go1.18.1,Release,JerryZ
2026-08-19T13:47:46.46870036Z,FMD,sender_signaling,message_encryption,sender,368,false,not_applicable,unclear,gamma=8;p=2^-8;curve=P-256,-1,,not_applicable,not_applicable,unavailable,gc,go1.18.1,Release,JerryZ
2026-08-19T13:47:46.471866354Z,FMD,sender_signaling,fmd_sender_total_signaling,sender,368,false,not_applicable,unclear,gamma=8;p=2^-8;curve=P-256,793037,269,measured,ok,unavailable,gc,go1.18.1,Release,JerryZ
2026-08-19T13:47:46.473961172Z,FMD,sender_signaling,fmd_flag_generation,sender,369,false,not_applicable,unclear,gamma=8;p=2^-8;curve=P-256,574693,269,measured,ok,unavailable,gc,go1.18.1,Release,JerryZ
2026-08-19T13:47:46.475151443Z,FMD,sender_signaling,fmd_sender_preparation,sender,369,false,not_applicable,unclear,gamma=8;p=2^-8;curve=P-256,-1,,not_applicable,not_applicable,unavailable,gc,go1.18.1,Release,JerryZ
2026-08-19T13:47:46.476504818Z,FMD,sender_signaling,message_encryption,sender,369,false,not_applicable,unclear,gamma=8;p=2^-8;curve=P-256,-1,,not_applicable,not_applicable,unavailable,gc,go1.18.1,Release,JerryZ
2026-08-19T13:47:46.478763254Z,FMD,sender_signaling,fmd_sender_total_signaling,sender,369,false,not_applicable,unclear,gamma=8;p=2^-8;curve=P-256,654904,271,measured,ok,unavailable,gc,go1.18.1,Release,JerryZ
2026-08-19T13:47:46.481246853Z,FMD,sender_signaling,fmd_flag_generation,sender,370,false,not_applicable,unclear,gamma=8;p=2^-8;curve=P-256,515324,269,measured,ok,unavailable,gc,go1.18.1,Release,JerryZ
2026-08-19T13:47:46.482759718Z,FMD,sender_signaling,fmd_sender_preparation,sender,370,false,not_applicable,unclear,gamma=8;p=2^-8;curve=P-256,-1,,not_applicable,not_applicable,unavailable,gc,go1.18.1,Release,JerryZ
2026-08-19T13:47:46.483917451Z,FMD,sender_signaling,message_encryption,sender,370,false,not_applicable,unclear,gamma=8;p=2^-8;curve=P-256,-1,,not_applicable,not_applicable,unavailable,gc,go1.18.1,Release,JerryZ
2026-08-19T13:47:46.486440664Z,FMD,sender_signaling,fmd_sender_total_signaling,sender,370,false,not_applicable,unclear,gamma=8;p=2^-8;curve=P-256,638754,271,measured,ok,unavailable,gc,go1.18.1,Release,JerryZ
2026-08-19T13:47:46.48834344Z,FMD,sender_signaling,fmd_flag_generation,sender,371,false,not_applicable,unclear,gamma=8;p=2^-8;curve=P-256,356532,271,measured,ok,unavailable,gc,go1.18.1,Release,JerryZ
2026-08-19T13:47:46.489508144Z,FMD,sender_signaling,fmd_sender_preparation,sender,371,false,not_applicable,unclear,gamma=8;p=2^-8;curve=P-256,-1,,not_applicable,not_applicable,unavailable,gc,go1.18.1,Release,JerryZ
2026-08-19T13:47:46.490773299Z,FMD,sender_signaling,message_encryption,sender,371,false,not_applicable,unclear,gamma=8;p=2^-8;curve=P-256,-1,,not_applicable,not_applicable,unavailable,gc,go1.18.1,Release,JerryZ
2026-08-19T13:47:46.492841567Z,FMD,sender_signaling,fmd_sender_total_signaling,sender,371,false,not_applicable,unclear,gamma=8;p=2^-8;curve=P-256,369114,270,measured,ok,unavailable,gc,go1.18.1,Release,JerryZ
2026-08-19T13:47:46.495506274Z,FMD,sender_signaling,fmd_flag_generation,sender,372,false,not_applicable,unclear,gamma=8;p=2^-8;curve=P-256,646822,271,measured,ok,unavailable,gc,go1.18.1,Release,JerryZ
2026-08-19T13:47:46.497194269Z,FMD,sender_signaling,fmd_sender_preparation,sender,372,false,not_applicable,unclear,gamma=8;p=2^-8;curve=P-256,-1,,not_applicable,not_applicable,unavailable,gc,go1.18.1,Release,JerryZ
2026-08-19T13:47:46.498305046Z,FMD,sender_signaling,message_encryption,sender,372,false,not_applicable,unclear,gamma=8;p=2^-8;curve=P-256,-1,,not_applicable,not_applicable,unavailable,gc,go1.18.1,Release,JerryZ
2026-08-19T13:47:46.501370827Z,FMD,sender_signaling,fmd_sender_total_signaling,sender,372,false,not_applicable,unclear,gamma=8;p=2^-8;curve=P-256,826806,269,measured,ok,unavailable,gc,go1.18.1,Release,JerryZ
2026-08-19T13:47:46.503252273Z,FMD,sender_signaling,fmd_flag_generation,sender,373,false,not_applicable,unclear,gamma=8;p=2^-8;curve=P-256,390242,269,measured,ok,unavailable,gc,go1.18.1,Release,JerryZ
2026-08-19T13:47:46.504416504Z,FMD,sender_signaling,fmd_sender_preparation,sender,373,false,not_applicable,unclear,gamma=8;p=2^-8;curve=P-256,-1,,not_applicable,not_applicable,unavailable,gc,go1.18.1,Release,JerryZ
2026-08-19T13:47:46.505587003Z,FMD,sender_signaling,message_encryption,sender,373,false,not_applicable,unclear,gamma=8;p=2^-8;curve=P-256,-1,,not_applicable,not_applicable,unavailable,gc,go1.18.1,Release,JerryZ
2026-08-19T13:47:46.508146088Z,FMD,sender_signaling,fmd_sender_total_signaling,sender,373,false,not_applicable,unclear,gamma=8;p=2^-8;curve=P-256,394645,269,measured,ok,unavailable,gc,go1.18.1,Release,JerryZ
2026-08-19T13:47:46.510481162Z,FMD,sender_signaling,fmd_flag_generation,sender,374,false,not_applicable,unclear,gamma=8;p=2^-8;curve=P-256,444054,269,measured,ok,unavailable,gc,go1.18.1,Release,JerryZ
2026-08-19T13:47:46.512009267Z,FMD,sender_signaling,fmd_sender_preparation,sender,374,false,not_applicable,unclear,gamma=8;p=2^-8;curve=P-256,-1,,not_applicable,not_applicable,unavailable,gc,go1.18.1,Release,JerryZ
2026-08-19T13:47:46.513612817Z,FMD,sender_signaling,message_encryption,sender,374,false,not_applicable,unclear,gamma=8;p=2^-8;curve=P-256,-1,,not_applicable,not_applicable,unavailable,gc,go1.18.1,Release,JerryZ
2026-08-19T13:47:46.515436361Z,FMD,sender_signaling,fmd_sender_total_signaling,sender,374,false,not_applicable,unclear,gamma=8;p=2^-8;curve=P-256,364063,268,measured,ok,unavailable,gc,go1.18.1,Release,JerryZ
2026-08-19T13:47:46.517757452Z,FMD,sender_signaling,fmd_flag_generation,sender,375,false,not_applicable,unclear,gamma=8;p=2^-8;curve=P-256,392826,269,measured,ok,unavailable,gc,go1.18.1,Release,JerryZ
2026-08-19T13:47:46.519345428Z,FMD,sender_signaling,fmd_sender_preparation,sender,375,false,not_applicable,unclear,gamma=8;p=2^-8;curve=P-256,-1,,not_applicable,not_applicable,unavailable,gc,go1.18.1,Release,JerryZ
2026-08-19T13:47:46.520540622Z,FMD,sender_signaling,message_encryption,sender,375,false,not_applicable,unclear,gamma=8;p=2^-8;curve=P-256,-1,,not_applicable,not_applicable,unavailable,gc,go1.18.1,Release,JerryZ
2026-08-19T13:47:46.522834141Z,FMD,sender_signaling,fmd_sender_total_signaling,sender,375,false,not_applicable,unclear,gamma=8;p=2^-8;curve=P-256,374532,269,measured,ok,unavailable,gc,go1.18.1,Release,JerryZ
2026-08-19T13:47:46.525222875Z,FMD,sender_signaling,fmd_flag_generation,sender,376,false,not_applicable,unclear,gamma=8;p=2^-8;curve=P-256,530685,271,measured,ok,unavailable,gc,go1.18.1,Release,JerryZ
2026-08-19T13:47:46.526995499Z,FMD,sender_signaling,fmd_sender_preparation,sender,376,false,not_applicable,unclear,gamma=8;p=2^-8;curve=P-256,-1,,not_applicable,not_applicable,unavailable,gc,go1.18.1,Release,JerryZ
2026-08-19T13:47:46.528281089Z,FMD,sender_signaling,message_encryption,sender,376,false,not_applicable,unclear,gamma=8;p=2^-8;curve=P-256,-1,,not_applicable,not_applicable,unavailable,gc,go1.18.1,Release,JerryZ
2026-08-19T13:47:46.530399123Z,FMD,sender_signaling,fmd_sender_total_signaling,sender,376,false,not_applicable,unclear,gamma=8;p=2^-8;curve=P-256,369840,270,measured,ok,unavailable,gc,go1.18.1,Release,JerryZ
2026-08-19T13:47:46.532795177Z,FMD,sender_signaling,fmd_flag_generation,sender,377,false,not_applicable,unclear,gamma=8;p=2^-8;curve=P-256,459400,269,measured,ok,unavailable,gc,go1.18.1,Release,JerryZ
2026-08-19T13:47:46.533960772Z,FMD,sender_signaling,fmd_sender_preparation,sender,377,false,not_applicable,unclear,gamma=8;p=2^-8;curve=P-256,-1,,not_applicable,not_applicable,unavailable,gc,go1.18.1,Release,JerryZ
2026-08-19T13:47:46.535049177Z,FMD,sender_signaling,message_encryption,sender,377,false,not_applicable,unclear,gamma=8;p=2^-8;curve=P-256,-1,,not_applicable,not_applicable,unavailable,gc,go1.18.1,Release,JerryZ
2026-08-19T13:47:46.537199768Z,FMD,sender_signaling,fmd_sender_total_signaling,sender,377,false,not_applicable,unclear,gamma=8;p=2^-8;curve=P-256,394066,270,measured,ok,unavailable,gc,go1.18.1,Release,JerryZ
2026-08-19T13:47:46.539988731Z,FMD,sender_signaling,fmd_flag_generation,sender,378,false,not_applicable,unclear,gamma=8;p=2^-8;curve=P-256,893773,270,measured,ok,unavailable,gc,go1.18.1,Release,JerryZ
2026-08-19T13:47:46.541499158Z,FMD,sender_signaling,fmd_sender_preparation,sender,378,false,not_applicable,unclear,gamma=8;p=2^-8;curve=P-256,-1,,not_applicable,not_applicable,unavailable,gc,go1.18.1,Release,JerryZ
2026-08-19T13:47:46.543041839Z,FMD,sender_signaling,message_encryption,sender,378,false,not_applicable,unclear,gamma=8;p=2^-8;curve=P-256,-1,,not_applicable,not_applicable,unavailable,gc,go1.18.1,Release,JerryZ
2026-08-19T13:47:46.545844133Z,FMD,sender_signaling,fmd_sender_total_signaling,sender,378,false,not_applicable,unclear,gamma=8;p=2^-8;curve=P-256,441275,269,measured,ok,unavailable,gc,go1.18.1,Release,JerryZ
2026-08-19T13:47:46.547813807Z,FMD,sender_signaling,fmd_flag_generation,sender,379,false,not_applicable,unclear,gamma=8;p=2^-8;curve=P-256,358534,269,measured,ok,unavailable,gc,go1.18.1,Release,JerryZ
2026-08-19T13:47:46.548905179Z,FMD,sender_signaling,fmd_sender_preparation,sender,379,false,not_applicable,unclear,gamma=8;p=2^-8;curve=P-256,-1,,not_applicable,not_applicable,unavailable,gc,go1.18.1,Release,JerryZ
2026-08-19T13:47:46.550333677Z,FMD,sender_signaling,message_encryption,sender,379,false,not_applicable,unclear,gamma=8;p=2^-8;curve=P-256,-1,,not_applicable,not_applicable,unavailable,gc,go1.18.1,Release,JerryZ
2026-08-19T13:47:46.553131457Z,FMD,sender_signaling,fmd_sender_total_signaling,sender,379,false,not_applicable,unclear,gamma=8;p=2^-8;curve=P-256,799952,268,measured,ok,unavailable,gc,go1.18.1,Release,JerryZ
2026-08-19T13:47:46.555782324Z,FMD,sender_signaling,fmd_flag_generation,sender,380,false,not_applicable,unclear,gamma=8;p=2^-8;curve=P-256,443429,268,measured,ok,unavailable,gc,go1.18.1,Release,JerryZ
2026-08-19T13:47:46.557509057Z,FMD,sender_signaling,fmd_sender_preparation,sender,380,false,not_applicable,unclear,gamma=8;p=2^-8;curve=P-256,-1,,not_applicable,not_applicable,unavailable,gc,go1.18.1,Release,JerryZ
2026-08-19T13:47:46.559172173Z,FMD,sender_signaling,message_encryption,sender,380,false,not_applicable,unclear,gamma=8;p=2^-8;curve=P-256,-1,,not_applicable,not_applicable,unavailable,gc,go1.18.1,Release,JerryZ
2026-08-19T13:47:46.561498192Z,FMD,sender_signaling,fmd_sender_total_signaling,sender,380,false,not_applicable,unclear,gamma=8;p=2^-8;curve=P-256,434273,270,measured,ok,unavailable,gc,go1.18.1,Release,JerryZ
2026-08-19T13:47:46.563527089Z,FMD,sender_signaling,fmd_flag_generation,sender,381,false,not_applicable,unclear,gamma=8;p=2^-8;curve=P-256,388308,271,measured,ok,unavailable,gc,go1.18.1,Release,JerryZ
2026-08-19T13:47:46.564805975Z,FMD,sender_signaling,fmd_sender_preparation,sender,381,false,not_applicable,unclear,gamma=8;p=2^-8;curve=P-256,-1,,not_applicable,not_applicable,unavailable,gc,go1.18.1,Release,JerryZ
2026-08-19T13:47:46.565931906Z,FMD,sender_signaling,message_encryption,sender,381,false,not_applicable,unclear,gamma=8;p=2^-8;curve=P-256,-1,,not_applicable,not_applicable,unavailable,gc,go1.18.1,Release,JerryZ
2026-08-19T13:47:46.568075003Z,FMD,sender_signaling,fmd_sender_total_signaling,sender,381,false,not_applicable,unclear,gamma=8;p=2^-8;curve=P-256,374147,270,measured,ok,unavailable,gc,go1.18.1,Release,JerryZ
2026-08-19T13:47:46.570897404Z,FMD,sender_signaling,fmd_flag_generation,sender,382,false,not_applicable,unclear,gamma=8;p=2^-8;curve=P-256,999157,268,measured,ok,unavailable,gc,go1.18.1,Release,JerryZ
2026-08-19T13:47:46.572580908Z,FMD,sender_signaling,fmd_sender_preparation,sender,382,false,not_applicable,unclear,gamma=8;p=2^-8;curve=P-256,-1,,not_applicable,not_applicable,unavailable,gc,go1.18.1,Release,JerryZ
2026-08-19T13:47:46.573735143Z,FMD,sender_signaling,message_encryption,sender,382,false,not_applicable,unclear,gamma=8;p=2^-8;curve=P-256,-1,,not_applicable,not_applicable,unavailable,gc,go1.18.1,Release,JerryZ
2026-08-19T13:47:46.575869901Z,FMD,sender_signaling,fmd_sender_total_signaling,sender,382,false,not_applicable,unclear,gamma=8;p=2^-8;curve=P-256,397988,269,measured,ok,unavailable,gc,go1.18.1,Release,JerryZ
2026-08-19T13:47:46.577771758Z,FMD,sender_signaling,fmd_flag_generation,sender,383,false,not_applicable,unclear,gamma=8;p=2^-8;curve=P-256,384386,269,measured,ok,unavailable,gc,go1.18.1,Release,JerryZ
2026-08-19T13:47:46.578908121Z,FMD,sender_signaling,fmd_sender_preparation,sender,383,false,not_applicable,unclear,gamma=8;p=2^-8;curve=P-256,-1,,not_applicable,not_applicable,unavailable,gc,go1.18.1,Release,JerryZ
2026-08-19T13:47:46.580805992Z,FMD,sender_signaling,message_encryption,sender,383,false,not_applicable,unclear,gamma=8;p=2^-8;curve=P-256,-1,,not_applicable,not_applicable,unavailable,gc,go1.18.1,Release,JerryZ
2026-08-19T13:47:46.582891452Z,FMD,sender_signaling,fmd_sender_total_signaling,sender,383,false,not_applicable,unclear,gamma=8;p=2^-8;curve=P-256,360316,268,measured,ok,unavailable,gc,go1.18.1,Release,JerryZ
2026-08-19T13:47:46.58549753Z,FMD,sender_signaling,fmd_flag_generation,sender,384,false,not_applicable,unclear,gamma=8;p=2^-8;curve=P-256,757606,268,measured,ok,unavailable,gc,go1.18.1,Release,JerryZ
2026-08-19T13:47:46.587634289Z,FMD,sender_signaling,fmd_sender_preparation,sender,384,false,not_applicable,unclear,gamma=8;p=2^-8;curve=P-256,-1,,not_applicable,not_applicable,unavailable,gc,go1.18.1,Release,JerryZ
2026-08-19T13:47:46.589883798Z,FMD,sender_signaling,message_encryption,sender,384,false,not_applicable,unclear,gamma=8;p=2^-8;curve=P-256,-1,,not_applicable,not_applicable,unavailable,gc,go1.18.1,Release,JerryZ
2026-08-19T13:47:46.591910891Z,FMD,sender_signaling,fmd_sender_total_signaling,sender,384,false,not_applicable,unclear,gamma=8;p=2^-8;curve=P-256,386021,270,measured,ok,unavailable,gc,go1.18.1,Release,JerryZ
2026-08-19T13:47:46.594006062Z,FMD,sender_signaling,fmd_flag_generation,sender,385,false,not_applicable,unclear,gamma=8;p=2^-8;curve=P-256,435651,270,measured,ok,unavailable,gc,go1.18.1,Release,JerryZ
2026-08-19T13:47:46.595287712Z,FMD,sender_signaling,fmd_sender_preparation,sender,385,false,not_applicable,unclear,gamma=8;p=2^-8;curve=P-256,-1,,not_applicable,not_applicable,unavailable,gc,go1.18.1,Release,JerryZ
2026-08-19T13:47:46.596401776Z,FMD,sender_signaling,message_encryption,sender,385,false,not_applicable,unclear,gamma=8;p=2^-8;curve=P-256,-1,,not_applicable,not_applicable,unavailable,gc,go1.18.1,Release,JerryZ
2026-08-19T13:47:46.598659275Z,FMD,sender_signaling,fmd_sender_total_signaling,sender,385,false,not_applicable,unclear,gamma=8;p=2^-8;curve=P-256,509617,269,measured,ok,unavailable,gc,go1.18.1,Release,JerryZ
2026-08-19T13:47:46.600777098Z,FMD,sender_signaling,fmd_flag_generation,sender,386,false,not_applicable,unclear,gamma=8;p=2^-8;curve=P-256,358314,268,measured,ok,unavailable,gc,go1.18.1,Release,JerryZ
2026-08-19T13:47:46.602293549Z,FMD,sender_signaling,fmd_sender_preparation,sender,386,false,not_applicable,unclear,gamma=8;p=2^-8;curve=P-256,-1,,not_applicable,not_applicable,unavailable,gc,go1.18.1,Release,JerryZ
2026-08-19T13:47:46.60372585Z,FMD,sender_signaling,message_encryption,sender,386,false,not_applicable,unclear,gamma=8;p=2^-8;curve=P-256,-1,,not_applicable,not_applicable,unavailable,gc,go1.18.1,Release,JerryZ
2026-08-19T13:47:46.605958255Z,FMD,sender_signaling,fmd_sender_total_signaling,sender,386,false,not_applicable,unclear,gamma=8;p=2^-8;curve=P-256,424070,268,measured,ok,unavailable,gc,go1.18.1,Release,JerryZ
2026-08-19T13:47:46.60777019Z,FMD,sender_signaling,fmd_flag_generation,sender,387,false,not_applicable,unclear,gamma=8;p=2^-8;curve=P-256,352758,268,measured,ok,unavailable,gc,go1.18.1,Release,JerryZ
2026-08-19T13:47:46.608925903Z,FMD,sender_signaling,fmd_sender_preparation,sender,387,false,not_applicable,unclear,gamma=8;p=2^-8;curve=P-256,-1,,not_applicable,not_applicable,unavailable,gc,go1.18.1,Release,JerryZ
2026-08-19T13:47:46.610100517Z,FMD,sender_signaling,message_encryption,sender,387,false,not_applicable,unclear,gamma=8;p=2^-8;curve=P-256,-1,,not_applicable,not_applicable,unavailable,gc,go1.18.1,Release,JerryZ
2026-08-19T13:47:46.612338698Z,FMD,sender_signaling,fmd_sender_total_signaling,sender,387,false,not_applicable,unclear,gamma=8;p=2^-8;curve=P-256,360132,269,measured,ok,unavailable,gc,go1.18.1,Release,JerryZ
2026-08-19T13:47:46.614923456Z,FMD,sender_signaling,fmd_flag_generation,sender,388,false,not_applicable,unclear,gamma=8;p=2^-8;curve=P-256,830451,270,measured,ok,unavailable,gc,go1.18.1,Release,JerryZ
2026-08-19T13:47:46.616122029Z,FMD,sender_signaling,fmd_sender_preparation,sender,388,false,not_applicable,unclear,gamma=8;p=2^-8;curve=P-256,-1,,not_applicable,not_applicable,unavailable,gc,go1.18.1,Release,JerryZ
2026-08-19T13:47:46.619736604Z,FMD,sender_signaling,message_encryption,sender,388,false,not_applicable,unclear,gamma=8;p=2^-8;curve=P-256,-1,,not_applicable,not_applicable,unavailable,gc,go1.18.1,Release,JerryZ
2026-08-19T13:47:46.622458444Z,FMD,sender_signaling,fmd_sender_total_signaling,sender,388,false,not_applicable,unclear,gamma=8;p=2^-8;curve=P-256,413628,269,measured,ok,unavailable,gc,go1.18.1,Release,JerryZ
2026-08-19T13:47:46.624802394Z,FMD,sender_signaling,fmd_flag_generation,sender,389,false,not_applicable,unclear,gamma=8;p=2^-8;curve=P-256,376341,269,measured,ok,unavailable,gc,go1.18.1,Release,JerryZ
2026-08-19T13:47:46.626047415Z,FMD,sender_signaling,fmd_sender_preparation,sender,389,false,not_applicable,unclear,gamma=8;p=2^-8;curve=P-256,-1,,not_applicable,not_applicable,unavailable,gc,go1.18.1,Release,JerryZ
2026-08-19T13:47:46.62732686Z,FMD,sender_signaling,message_encryption,sender,389,false,not_applicable,unclear,gamma=8;p=2^-8;curve=P-256,-1,,not_applicable,not_applicable,unavailable,gc,go1.18.1,Release,JerryZ
2026-08-19T13:47:46.629558544Z,FMD,sender_signaling,fmd_sender_total_signaling,sender,389,false,not_applicable,unclear,gamma=8;p=2^-8;curve=P-256,509433,270,measured,ok,unavailable,gc,go1.18.1,Release,JerryZ
2026-08-19T13:47:46.632446205Z,FMD,sender_signaling,fmd_flag_generation,sender,390,false,not_applicable,unclear,gamma=8;p=2^-8;curve=P-256,912517,269,measured,ok,unavailable,gc,go1.18.1,Release,JerryZ
2026-08-19T13:47:46.634088906Z,FMD,sender_signaling,fmd_sender_preparation,sender,390,false,not_applicable,unclear,gamma=8;p=2^-8;curve=P-256,-1,,not_applicable,not_applicable,unavailable,gc,go1.18.1,Release,JerryZ
2026-08-19T13:47:46.635563149Z,FMD,sender_signaling,message_encryption,sender,390,false,not_applicable,unclear,gamma=8;p=2^-8;curve=P-256,-1,,not_applicable,not_applicable,unavailable,gc,go1.18.1,Release,JerryZ
2026-08-19T13:47:46.637448981Z,FMD,sender_signaling,fmd_sender_total_signaling,sender,390,false,not_applicable,unclear,gamma=8;p=2^-8;curve=P-256,394755,268,measured,ok,unavailable,gc,go1.18.1,Release,JerryZ
2026-08-19T13:47:46.63935999Z,FMD,sender_signaling,fmd_flag_generation,sender,391,false,not_applicable,unclear,gamma=8;p=2^-8;curve=P-256,367764,269,measured,ok,unavailable,gc,go1.18.1,Release,JerryZ
2026-08-19T13:47:46.640483353Z,FMD,sender_signaling,fmd_sender_preparation,sender,391,false,not_applicable,unclear,gamma=8;p=2^-8;curve=P-256,-1,,not_applicable,not_applicable,unavailable,gc,go1.18.1,Release,JerryZ
2026-08-19T13:47:46.641643621Z,FMD,sender_signaling,message_encryption,sender,391,false,not_applicable,unclear,gamma=8;p=2^-8;curve=P-256,-1,,not_applicable,not_applicable,unavailable,gc,go1.18.1,Release,JerryZ
2026-08-19T13:47:46.644030124Z,FMD,sender_signaling,fmd_sender_total_signaling,sender,391,false,not_applicable,unclear,gamma=8;p=2^-8;curve=P-256,558740,270,measured,ok,unavailable,gc,go1.18.1,Release,JerryZ
2026-08-19T13:47:46.646278504Z,FMD,sender_signaling,fmd_flag_generation,sender,392,false,not_applicable,unclear,gamma=8;p=2^-8;curve=P-256,413729,270,measured,ok,unavailable,gc,go1.18.1,Release,JerryZ
2026-08-19T13:47:46.64778337Z,FMD,sender_signaling,fmd_sender_preparation,sender,392,false,not_applicable,unclear,gamma=8;p=2^-8;curve=P-256,-1,,not_applicable,not_applicable,unavailable,gc,go1.18.1,Release,JerryZ
2026-08-19T13:47:46.649195884Z,FMD,sender_signaling,message_encryption,sender,392,false,not_applicable,unclear,gamma=8;p=2^-8;curve=P-256,-1,,not_applicable,not_applicable,unavailable,gc,go1.18.1,Release,JerryZ
2026-08-19T13:47:46.65188126Z,FMD,sender_signaling,fmd_sender_total_signaling,sender,392,false,not_applicable,unclear,gamma=8;p=2^-8;curve=P-256,423620,269,measured,ok,unavailable,gc,go1.18.1,Release,JerryZ
2026-08-19T13:47:46.653889577Z,FMD,sender_signaling,fmd_flag_generation,sender,393,false,not_applicable,unclear,gamma=8;p=2^-8;curve=P-256,417457,268,measured,ok,unavailable,gc,go1.18.1,Release,JerryZ
2026-08-19T13:47:46.655052476Z,FMD,sender_signaling,fmd_sender_preparation,sender,393,false,not_applicable,unclear,gamma=8;p=2^-8;curve=P-256,-1,,not_applicable,not_applicable,unavailable,gc,go1.18.1,Release,JerryZ
2026-08-19T13:47:46.657052122Z,FMD,sender_signaling,message_encryption,sender,393,false,not_applicable,unclear,gamma=8;p=2^-8;curve=P-256,-1,,not_applicable,not_applicable,unavailable,gc,go1.18.1,Release,JerryZ
2026-08-19T13:47:46.659147436Z,FMD,sender_signaling,fmd_sender_total_signaling,sender,393,false,not_applicable,unclear,gamma=8;p=2^-8;curve=P-256,369527,270,measured,ok,unavailable,gc,go1.18.1,Release,JerryZ
2026-08-19T13:47:46.661281073Z,FMD,sender_signaling,fmd_flag_generation,sender,394,false,not_applicable,unclear,gamma=8;p=2^-8;curve=P-256,359820,269,measured,ok,unavailable,gc,go1.18.1,Release,JerryZ
2026-08-19T13:47:46.662761102Z,FMD,sender_signaling,fmd_sender_preparation,sender,394,false,not_applicable,unclear,gamma=8;p=2^-8;curve=P-256,-1,,not_applicable,not_applicable,unavailable,gc,go1.18.1,Release,JerryZ
2026-08-19T13:47:46.664435014Z,FMD,sender_signaling,message_encryption,sender,394,false,not_applicable,unclear,gamma=8;p=2^-8;curve=P-256,-1,,not_applicable,not_applicable,unavailable,gc,go1.18.1,Release,JerryZ
2026-08-19T13:47:46.66706434Z,FMD,sender_signaling,fmd_sender_total_signaling,sender,394,false,not_applicable,unclear,gamma=8;p=2^-8;curve=P-256,380685,269,measured,ok,unavailable,gc,go1.18.1,Release,JerryZ
2026-08-19T13:47:46.669813611Z,FMD,sender_signaling,fmd_flag_generation,sender,395,false,not_applicable,unclear,gamma=8;p=2^-8;curve=P-256,818889,267,measured,ok,unavailable,gc,go1.18.1,Release,JerryZ
2026-08-19T13:47:46.671109689Z,FMD,sender_signaling,fmd_sender_preparation,sender,395,false,not_applicable,unclear,gamma=8;p=2^-8;curve=P-256,-1,,not_applicable,not_applicable,unavailable,gc,go1.18.1,Release,JerryZ
2026-08-19T13:47:46.672201419Z,FMD,sender_signaling,message_encryption,sender,395,false,not_applicable,unclear,gamma=8;p=2^-8;curve=P-256,-1,,not_applicable,not_applicable,unavailable,gc,go1.18.1,Release,JerryZ
2026-08-19T13:47:46.675219269Z,FMD,sender_signaling,fmd_sender_total_signaling,sender,395,false,not_applicable,unclear,gamma=8;p=2^-8;curve=P-256,796077,269,measured,ok,unavailable,gc,go1.18.1,Release,JerryZ
2026-08-19T13:47:46.678084072Z,FMD,sender_signaling,fmd_flag_generation,sender,396,false,not_applicable,unclear,gamma=8;p=2^-8;curve=P-256,356348,267,measured,ok,unavailable,gc,go1.18.1,Release,JerryZ
2026-08-19T13:47:46.679713144Z,FMD,sender_signaling,fmd_sender_preparation,sender,396,false,not_applicable,unclear,gamma=8;p=2^-8;curve=P-256,-1,,not_applicable,not_applicable,unavailable,gc,go1.18.1,Release,JerryZ
2026-08-19T13:47:46.681269113Z,FMD,sender_signaling,message_encryption,sender,396,false,not_applicable,unclear,gamma=8;p=2^-8;curve=P-256,-1,,not_applicable,not_applicable,unavailable,gc,go1.18.1,Release,JerryZ
2026-08-19T13:47:46.683737104Z,FMD,sender_signaling,fmd_sender_total_signaling,sender,396,false,not_applicable,unclear,gamma=8;p=2^-8;curve=P-256,372347,269,measured,ok,unavailable,gc,go1.18.1,Release,JerryZ
2026-08-19T13:47:46.686045417Z,FMD,sender_signaling,fmd_flag_generation,sender,397,false,not_applicable,unclear,gamma=8;p=2^-8;curve=P-256,454872,267,measured,ok,unavailable,gc,go1.18.1,Release,JerryZ
2026-08-19T13:47:46.687501017Z,FMD,sender_signaling,fmd_sender_preparation,sender,397,false,not_applicable,unclear,gamma=8;p=2^-8;curve=P-256,-1,,not_applicable,not_applicable,unavailable,gc,go1.18.1,Release,JerryZ
2026-08-19T13:47:46.688660559Z,FMD,sender_signaling,message_encryption,sender,397,false,not_applicable,unclear,gamma=8;p=2^-8;curve=P-256,-1,,not_applicable,not_applicable,unavailable,gc,go1.18.1,Release,JerryZ
2026-08-19T13:47:46.691163742Z,FMD,sender_signaling,fmd_sender_total_signaling,sender,397,false,not_applicable,unclear,gamma=8;p=2^-8;curve=P-256,457508,269,measured,ok,unavailable,gc,go1.18.1,Release,JerryZ
2026-08-19T13:47:46.694137263Z,FMD,sender_signaling,fmd_flag_generation,sender,398,false,not_applicable,unclear,gamma=8;p=2^-8;curve=P-256,944128,268,measured,ok,unavailable,gc,go1.18.1,Release,JerryZ
2026-08-19T13:47:46.696326076Z,FMD,sender_signaling,fmd_sender_preparation,sender,398,false,not_applicable,unclear,gamma=8;p=2^-8;curve=P-256,-1,,not_applicable,not_applicable,unavailable,gc,go1.18.1,Release,JerryZ
2026-08-19T13:47:46.697772116Z,FMD,sender_signaling,message_encryption,sender,398,false,not_applicable,unclear,gamma=8;p=2^-8;curve=P-256,-1,,not_applicable,not_applicable,unavailable,gc,go1.18.1,Release,JerryZ
2026-08-19T13:47:46.699653541Z,FMD,sender_signaling,fmd_sender_total_signaling,sender,398,false,not_applicable,unclear,gamma=8;p=2^-8;curve=P-256,379078,269,measured,ok,unavailable,gc,go1.18.1,Release,JerryZ
2026-08-19T13:47:46.701774221Z,FMD,sender_signaling,fmd_flag_generation,sender,399,false,not_applicable,unclear,gamma=8;p=2^-8;curve=P-256,412921,269,measured,ok,unavailable,gc,go1.18.1,Release,JerryZ
2026-08-19T13:47:46.702937997Z,FMD,sender_signaling,fmd_sender_preparation,sender,399,false,not_applicable,unclear,gamma=8;p=2^-8;curve=P-256,-1,,not_applicable,not_applicable,unavailable,gc,go1.18.1,Release,JerryZ
2026-08-19T13:47:46.70408381Z,FMD,sender_signaling,message_encryption,sender,399,false,not_applicable,unclear,gamma=8;p=2^-8;curve=P-256,-1,,not_applicable,not_applicable,unavailable,gc,go1.18.1,Release,JerryZ
2026-08-19T13:47:46.706496882Z,FMD,sender_signaling,fmd_sender_total_signaling,sender,399,false,not_applicable,unclear,gamma=8;p=2^-8;curve=P-256,592243,269,measured,ok,unavailable,gc,go1.18.1,Release,JerryZ
2026-08-19T13:47:46.709459979Z,FMD,sender_signaling,fmd_flag_generation,sender,400,false,not_applicable,unclear,gamma=8;p=2^-8;curve=P-256,823013,268,measured,ok,unavailable,gc,go1.18.1,Release,JerryZ
2026-08-19T13:47:46.711064291Z,FMD,sender_signaling,fmd_sender_preparation,sender,400,false,not_applicable,unclear,gamma=8;p=2^-8;curve=P-256,-1,,not_applicable,not_applicable,unavailable,gc,go1.18.1,Release,JerryZ
2026-08-19T13:47:46.712154698Z,FMD,sender_signaling,message_encryption,sender,400,false,not_applicable,unclear,gamma=8;p=2^-8;curve=P-256,-1,,not_applicable,not_applicable,unavailable,gc,go1.18.1,Release,JerryZ
2026-08-19T13:47:46.714685548Z,FMD,sender_signaling,fmd_sender_total_signaling,sender,400,false,not_applicable,unclear,gamma=8;p=2^-8;curve=P-256,609825,269,measured,ok,unavailable,gc,go1.18.1,Release,JerryZ
2026-08-19T13:47:46.717077308Z,FMD,sender_signaling,fmd_flag_generation,sender,401,false,not_applicable,unclear,gamma=8;p=2^-8;curve=P-256,410450,270,measured,ok,unavailable,gc,go1.18.1,Release,JerryZ
2026-08-19T13:47:46.718281943Z,FMD,sender_signaling,fmd_sender_preparation,sender,401,false,not_applicable,unclear,gamma=8;p=2^-8;curve=P-256,-1,,not_applicable,not_applicable,unavailable,gc,go1.18.1,Release,JerryZ
2026-08-19T13:47:46.71936471Z,FMD,sender_signaling,message_encryption,sender,401,false,not_applicable,unclear,gamma=8;p=2^-8;curve=P-256,-1,,not_applicable,not_applicable,unavailable,gc,go1.18.1,Release,JerryZ
2026-08-19T13:47:46.721417025Z,FMD,sender_signaling,fmd_sender_total_signaling,sender,401,false,not_applicable,unclear,gamma=8;p=2^-8;curve=P-256,363246,270,measured,ok,unavailable,gc,go1.18.1,Release,JerryZ
2026-08-19T13:47:46.723444829Z,FMD,sender_signaling,fmd_flag_generation,sender,402,false,not_applicable,unclear,gamma=8;p=2^-8;curve=P-256,380071,269,measured,ok,unavailable,gc,go1.18.1,Release,JerryZ
2026-08-19T13:47:46.725305024Z,FMD,sender_signaling,fmd_sender_preparation,sender,402,false,not_applicable,unclear,gamma=8;p=2^-8;curve=P-256,-1,,not_applicable,not_applicable,unavailable,gc,go1.18.1,Release,JerryZ
2026-08-19T13:47:46.7264512Z,FMD,sender_signaling,message_encryption,sender,402,false,not_applicable,unclear,gamma=8;p=2^-8;curve=P-256,-1,,not_applicable,not_applicable,unavailable,gc,go1.18.1,Release,JerryZ
2026-08-19T13:47:46.728513415Z,FMD,sender_signaling,fmd_sender_total_signaling,sender,402,false,not_applicable,unclear,gamma=8;p=2^-8;curve=P-256,375938,269,measured,ok,unavailable,gc,go1.18.1,Release,JerryZ
2026-08-19T13:47:46.730350605Z,FMD,sender_signaling,fmd_flag_generation,sender,403,false,not_applicable,unclear,gamma=8;p=2^-8;curve=P-256,356450,269,measured,ok,unavailable,gc,go1.18.1,Release,JerryZ
2026-08-19T13:47:46.732363599Z,FMD,sender_signaling,fmd_sender_preparation,sender,403,false,not_applicable,unclear,gamma=8;p=2^-8;curve=P-256,-1,,not_applicable,not_applicable,unavailable,gc,go1.18.1,Release,JerryZ
2026-08-19T13:47:46.733561411Z,FMD,sender_signaling,message_encryption,sender,403,false,not_applicable,unclear,gamma=8;p=2^-8;curve=P-256,-1,,not_applicable,not_applicable,unavailable,gc,go1.18.1,Release,JerryZ
2026-08-19T13:47:46.735460059Z,FMD,sender_signaling,fmd_sender_total_signaling,sender,403,false,not_applicable,unclear,gamma=8;p=2^-8;curve=P-256,393392,268,measured,ok,unavailable,gc,go1.18.1,Release,JerryZ
2026-08-19T13:47:46.737478242Z,FMD,sender_signaling,fmd_flag_generation,sender,404,false,not_applicable,unclear,gamma=8;p=2^-8;curve=P-256,378206,270,measured,ok,unavailable,gc,go1.18.1,Release,JerryZ
2026-08-19T13:47:46.738809677Z,FMD,sender_signaling,fmd_sender_preparation,sender,404,false,not_applicable,unclear,gamma=8;p=2^-8;curve=P-256,-1,,not_applicable,not_applicable,unavailable,gc,go1.18.1,Release,JerryZ
2026-08-19T13:47:46.74063609Z,FMD,sender_signaling,message_encryption,sender,404,false,not_applicable,unclear,gamma=8;p=2^-8;curve=P-256,-1,,not_applicable,not_applicable,unavailable,gc,go1.18.1,Release,JerryZ
2026-08-19T13:47:46.742657723Z,FMD,sender_signaling,fmd_sender_total_signaling,sender,404,false,not_applicable,unclear,gamma=8;p=2^-8;curve=P-256,381384,269,measured,ok,unavailable,gc,go1.18.1,Release,JerryZ
2026-08-19T13:47:46.744412503Z,FMD,sender_signaling,fmd_flag_generation,sender,405,false,not_applicable,unclear,gamma=8;p=2^-8;curve=P-256,352693,270,measured,ok,unavailable,gc,go1.18.1,Release,JerryZ
2026-08-19T13:47:46.745719005Z,FMD,sender_signaling,fmd_sender_preparation,sender,405,false,not_applicable,unclear,gamma=8;p=2^-8;curve=P-256,-1,,not_applicable,not_applicable,unavailable,gc,go1.18.1,Release,JerryZ
2026-08-19T13:47:46.746986209Z,FMD,sender_signaling,message_encryption,sender,405,false,not_applicable,unclear,gamma=8;p=2^-8;curve=P-256,-1,,not_applicable,not_applicable,unavailable,gc,go1.18.1,Release,JerryZ
2026-08-19T13:47:46.749582924Z,FMD,sender_signaling,fmd_sender_total_signaling,sender,405,false,not_applicable,unclear,gamma=8;p=2^-8;curve=P-256,382899,271,measured,ok,unavailable,gc,go1.18.1,Release,JerryZ
2026-08-19T13:47:46.751756423Z,FMD,sender_signaling,fmd_flag_generation,sender,406,false,not_applicable,unclear,gamma=8;p=2^-8;curve=P-256,352207,269,measured,ok,unavailable,gc,go1.18.1,Release,JerryZ
2026-08-19T13:47:46.752808929Z,FMD,sender_signaling,fmd_sender_preparation,sender,406,false,not_applicable,unclear,gamma=8;p=2^-8;curve=P-256,-1,,not_applicable,not_applicable,unavailable,gc,go1.18.1,Release,JerryZ
2026-08-19T13:47:46.754086263Z,FMD,sender_signaling,message_encryption,sender,406,false,not_applicable,unclear,gamma=8;p=2^-8;curve=P-256,-1,,not_applicable,not_applicable,unavailable,gc,go1.18.1,Release,JerryZ
2026-08-19T13:47:46.756516242Z,FMD,sender_signaling,fmd_sender_total_signaling,sender,406,false,not_applicable,unclear,gamma=8;p=2^-8;curve=P-256,461512,268,measured,ok,unavailable,gc,go1.18.1,Release,JerryZ
2026-08-19T13:47:46.758667044Z,FMD,sender_signaling,fmd_flag_generation,sender,407,false,not_applicable,unclear,gamma=8;p=2^-8;curve=P-256,363227,269,measured,ok,unavailable,gc,go1.18.1,Release,JerryZ
2026-08-19T13:47:46.75991397Z,FMD,sender_signaling,fmd_sender_preparation,sender,407,false,not_applicable,unclear,gamma=8;p=2^-8;curve=P-256,-1,,not_applicable,not_applicable,unavailable,gc,go1.18.1,Release,JerryZ
2026-08-19T13:47:46.761195657Z,FMD,sender_signaling,message_encryption,sender,407,false,not_applicable,unclear,gamma=8;p=2^-8;curve=P-256,-1,,not_applicable,not_applicable,unavailable,gc,go1.18.1,Release,JerryZ
2026-08-19T13:47:46.763561506Z,FMD,sender_signaling,fmd_sender_total_signaling,sender,407,false,not_applicable,unclear,gamma=8;p=2^-8;curve=P-256,375965,270,measured,ok,unavailable,gc,go1.18.1,Release,JerryZ
2026-08-19T13:47:46.766049173Z,FMD,sender_signaling,fmd_flag_generation,sender,408,false,not_applicable,unclear,gamma=8;p=2^-8;curve=P-256,425099,269,measured,ok,unavailable,gc,go1.18.1,Release,JerryZ
2026-08-19T13:47:46.767193659Z,FMD,sender_signaling,fmd_sender_preparation,sender,408,false,not_applicable,unclear,gamma=8;p=2^-8;curve=P-256,-1,,not_applicable,not_applicable,unavailable,gc,go1.18.1,Release,JerryZ
2026-08-19T13:47:46.768778033Z,FMD,sender_signaling,message_encryption,sender,408,false,not_applicable,unclear,gamma=8;p=2^-8;curve=P-256,-1,,not_applicable,not_applicable,unavailable,gc,go1.18.1,Release,JerryZ
2026-08-19T13:47:46.771773889Z,FMD,sender_signaling,fmd_sender_total_signaling,sender,408,false,not_applicable,unclear,gamma=8;p=2^-8;curve=P-256,517809,270,measured,ok,unavailable,gc,go1.18.1,Release,JerryZ
2026-08-19T13:47:46.773862379Z,FMD,sender_signaling,fmd_flag_generation,sender,409,false,not_applicable,unclear,gamma=8;p=2^-8;curve=P-256,413067,269,measured,ok,unavailable,gc,go1.18.1,Release,JerryZ
2026-08-19T13:47:46.77501789Z,FMD,sender_signaling,fmd_sender_preparation,sender,409,false,not_applicable,unclear,gamma=8;p=2^-8;curve=P-256,-1,,not_applicable,not_applicable,unavailable,gc,go1.18.1,Release,JerryZ
2026-08-19T13:47:46.77663685Z,FMD,sender_signaling,message_encryption,sender,409,false,not_applicable,unclear,gamma=8;p=2^-8;curve=P-256,-1,,not_applicable,not_applicable,unavailable,gc,go1.18.1,Release,JerryZ
2026-08-19T13:47:46.779052815Z,FMD,sender_signaling,fmd_sender_total_signaling,sender,409,false,not_applicable,unclear,gamma=8;p=2^-8;curve=P-256,395711,269,measured,ok,unavailable,gc,go1.18.1,Release,JerryZ
2026-08-19T13:47:46.78153426Z,FMD,sender_signaling,fmd_flag_generation,sender,410,false,not_applicable,unclear,gamma=8;p=2^-8;curve=P-256,562359,270,measured,ok,unavailable,gc,go1.18.1,Release,JerryZ
2026-08-19T13:47:46.782727296Z,FMD,sender_signaling,fmd_sender_preparation,sender,410,false,not_applicable,unclear,gamma=8;p=2^-8;curve=P-256,-1,,not_applicable,not_applicable,unavailable,gc,go1.18.1,Release,JerryZ
2026-08-19T13:47:46.78422774Z,FMD,sender_signaling,message_encryption,sender,410,false,not_applicable,unclear,gamma=8;p=2^-8;curve=P-256,-1,,not_applicable,not_applicable,unavailable,gc,go1.18.1,Release,JerryZ
2026-08-19T13:47:46.786877478Z,FMD,sender_signaling,fmd_sender_total_signaling,sender,410,false,not_applicable,unclear,gamma=8;p=2^-8;curve=P-256,572810,269,measured,ok,unavailable,gc,go1.18.1,Release,JerryZ
2026-08-19T13:47:46.789095753Z,FMD,sender_signaling,fmd_flag_generation,sender,411,false,not_applicable,unclear,gamma=8;p=2^-8;curve=P-256,384571,269,measured,ok,unavailable,gc,go1.18.1,Release,JerryZ
2026-08-19T13:47:46.790242641Z,FMD,sender_signaling,fmd_sender_preparation,sender,411,false,not_applicable,unclear,gamma=8;p=2^-8;curve=P-256,-1,,not_applicable,not_applicable,unavailable,gc,go1.18.1,Release,JerryZ
2026-08-19T13:47:46.791373888Z,FMD,sender_signaling,message_encryption,sender,411,false,not_applicable,unclear,gamma=8;p=2^-8;curve=P-256,-1,,not_applicable,not_applicable,unavailable,gc,go1.18.1,Release,JerryZ
2026-08-19T13:47:46.793756848Z,FMD,sender_signaling,fmd_sender_total_signaling,sender,411,false,not_applicable,unclear,gamma=8;p=2^-8;curve=P-256,390540,269,measured,ok,unavailable,gc,go1.18.1,Release,JerryZ
2026-08-19T13:47:46.796431115Z,FMD,sender_signaling,fmd_flag_generation,sender,412,false,not_applicable,unclear,gamma=8;p=2^-8;curve=P-256,834474,268,measured,ok,unavailable,gc,go1.18.1,Release,JerryZ
2026-08-19T13:47:46.797657341Z,FMD,sender_signaling,fmd_sender_preparation,sender,412,false,not_applicable,unclear,gamma=8;p=2^-8;curve=P-256,-1,,not_applicable,not_applicable,unavailable,gc,go1.18.1,Release,JerryZ
2026-08-19T13:47:46.798806341Z,FMD,sender_signaling,message_encryption,sender,412,false,not_applicable,unclear,gamma=8;p=2^-8;curve=P-256,-1,,not_applicable,not_applicable,unavailable,gc,go1.18.1,Release,JerryZ
2026-08-19T13:47:46.801104551Z,FMD,sender_signaling,fmd_sender_total_signaling,sender,412,false,not_applicable,unclear,gamma=8;p=2^-8;curve=P-256,394470,268,measured,ok,unavailable,gc,go1.18.1,Release,JerryZ
2026-08-19T13:47:46.804204634Z,FMD,sender_signaling,fmd_flag_generation,sender,413,false,not_applicable,unclear,gamma=8;p=2^-8;curve=P-256,498780,269,measured,ok,unavailable,gc,go1.18.1,Release,JerryZ
2026-08-19T13:47:46.805481058Z,FMD,sender_signaling,fmd_sender_preparation,sender,413,false,not_applicable,unclear,gamma=8;p=2^-8;curve=P-256,-1,,not_applicable,not_applicable,unavailable,gc,go1.18.1,Release,JerryZ
2026-08-19T13:47:46.806986085Z,FMD,sender_signaling,message_encryption,sender,413,false,not_applicable,unclear,gamma=8;p=2^-8;curve=P-256,-1,,not_applicable,not_applicable,unavailable,gc,go1.18.1,Release,JerryZ
2026-08-19T13:47:46.809080682Z,FMD,sender_signaling,fmd_sender_total_signaling,sender,413,false,not_applicable,unclear,gamma=8;p=2^-8;curve=P-256,428745,270,measured,ok,unavailable,gc,go1.18.1,Release,JerryZ
2026-08-19T13:47:46.811173048Z,FMD,sender_signaling,fmd_flag_generation,sender,414,false,not_applicable,unclear,gamma=8;p=2^-8;curve=P-256,361684,268,measured,ok,unavailable,gc,go1.18.1,Release,JerryZ
2026-08-19T13:47:46.812288728Z,FMD,sender_signaling,fmd_sender_preparation,sender,414,false,not_applicable,unclear,gamma=8;p=2^-8;curve=P-256,-1,,not_applicable,not_applicable,unavailable,gc,go1.18.1,Release,JerryZ
2026-08-19T13:47:46.813549173Z,FMD,sender_signaling,message_encryption,sender,414,false,not_applicable,unclear,gamma=8;p=2^-8;curve=P-256,-1,,not_applicable,not_applicable,unavailable,gc,go1.18.1,Release,JerryZ
2026-08-19T13:47:46.816409936Z,FMD,sender_signaling,fmd_sender_total_signaling,sender,414,false,not_applicable,unclear,gamma=8;p=2^-8;curve=P-256,780868,269,measured,ok,unavailable,gc,go1.18.1,Release,JerryZ
2026-08-19T13:47:46.819236084Z,FMD,sender_signaling,fmd_flag_generation,sender,415,false,not_applicable,unclear,gamma=8;p=2^-8;curve=P-256,409366,269,measured,ok,unavailable,gc,go1.18.1,Release,JerryZ
2026-08-19T13:47:46.820462172Z,FMD,sender_signaling,fmd_sender_preparation,sender,415,false,not_applicable,unclear,gamma=8;p=2^-8;curve=P-256,-1,,not_applicable,not_applicable,unavailable,gc,go1.18.1,Release,JerryZ
2026-08-19T13:47:46.821701889Z,FMD,sender_signaling,message_encryption,sender,415,false,not_applicable,unclear,gamma=8;p=2^-8;curve=P-256,-1,,not_applicable,not_applicable,unavailable,gc,go1.18.1,Release,JerryZ
2026-08-19T13:47:46.82415041Z,FMD,sender_signaling,fmd_sender_total_signaling,sender,415,false,not_applicable,unclear,gamma=8;p=2^-8;curve=P-256,376112,268,measured,ok,unavailable,gc,go1.18.1,Release,JerryZ
2026-08-19T13:47:46.826984843Z,FMD,sender_signaling,fmd_flag_generation,sender,416,false,not_applicable,unclear,gamma=8;p=2^-8;curve=P-256,594962,270,measured,ok,unavailable,gc,go1.18.1,Release,JerryZ
2026-08-19T13:47:46.828227572Z,FMD,sender_signaling,fmd_sender_preparation,sender,416,false,not_applicable,unclear,gamma=8;p=2^-8;curve=P-256,-1,,not_applicable,not_applicable,unavailable,gc,go1.18.1,Release,JerryZ
2026-08-19T13:47:46.829668175Z,FMD,sender_signaling,message_encryption,sender,416,false,not_applicable,unclear,gamma=8;p=2^-8;curve=P-256,-1,,not_applicable,not_applicable,unavailable,gc,go1.18.1,Release,JerryZ
2026-08-19T13:47:46.832447229Z,FMD,sender_signaling,fmd_sender_total_signaling,sender,416,false,not_applicable,unclear,gamma=8;p=2^-8;curve=P-256,395049,270,measured,ok,unavailable,gc,go1.18.1,Release,JerryZ
2026-08-19T13:47:46.834645594Z,FMD,sender_signaling,fmd_flag_generation,sender,417,false,not_applicable,unclear,gamma=8;p=2^-8;curve=P-256,371052,269,measured,ok,unavailable,gc,go1.18.1,Release,JerryZ
2026-08-19T13:47:46.83573434Z,FMD,sender_signaling,fmd_sender_preparation,sender,417,false,not_applicable,unclear,gamma=8;p=2^-8;curve=P-256,-1,,not_applicable,not_applicable,unavailable,gc,go1.18.1,Release,JerryZ
2026-08-19T13:47:46.836948784Z,FMD,sender_signaling,message_encryption,sender,417,false,not_applicable,unclear,gamma=8;p=2^-8;curve=P-256,-1,,not_applicable,not_applicable,unavailable,gc,go1.18.1,Release,JerryZ
2026-08-19T13:47:46.839345922Z,FMD,sender_signaling,fmd_sender_total_signaling,sender,417,false,not_applicable,unclear,gamma=8;p=2^-8;curve=P-256,394268,269,measured,ok,unavailable,gc,go1.18.1,Release,JerryZ
2026-08-19T13:47:46.841976989Z,FMD,sender_signaling,fmd_flag_generation,sender,418,false,not_applicable,unclear,gamma=8;p=2^-8;curve=P-256,453991,269,measured,ok,unavailable,gc,go1.18.1,Release,JerryZ
2026-08-19T13:47:46.843149095Z,FMD,sender_signaling,fmd_sender_preparation,sender,418,false,not_applicable,unclear,gamma=8;p=2^-8;curve=P-256,-1,,not_applicable,not_applicable,unavailable,gc,go1.18.1,Release,JerryZ
2026-08-19T13:47:46.844693318Z,FMD,sender_signaling,message_encryption,sender,418,false,not_applicable,unclear,gamma=8;p=2^-8;curve=P-256,-1,,not_applicable,not_applicable,unavailable,gc,go1.18.1,Release,JerryZ
2026-08-19T13:47:46.846864958Z,FMD,sender_signaling,fmd_sender_total_signaling,sender,418,false,not_applicable,unclear,gamma=8;p=2^-8;curve=P-256,421452,269,measured,ok,unavailable,gc,go1.18.1,Release,JerryZ
2026-08-19T13:47:46.84926655Z,FMD,sender_signaling,fmd_flag_generation,sender,419,false,not_applicable,unclear,gamma=8;p=2^-8;curve=P-256,368260,269,measured,ok,unavailable,gc,go1.18.1,Release,JerryZ
2026-08-19T13:47:46.850460945Z,FMD,sender_signaling,fmd_sender_preparation,sender,419,false,not_applicable,unclear,gamma=8;p=2^-8;curve=P-256,-1,,not_applicable,not_applicable,unavailable,gc,go1.18.1,Release,JerryZ
2026-08-19T13:47:46.851631591Z,FMD,sender_signaling,message_encryption,sender,419,false,not_applicable,unclear,gamma=8;p=2^-8;curve=P-256,-1,,not_applicable,not_applicable,unavailable,gc,go1.18.1,Release,JerryZ
2026-08-19T13:47:46.853977938Z,FMD,sender_signaling,fmd_sender_total_signaling,sender,419,false,not_applicable,unclear,gamma=8;p=2^-8;curve=P-256,440100,270,measured,ok,unavailable,gc,go1.18.1,Release,JerryZ
2026-08-19T13:47:46.855852993Z,FMD,sender_signaling,fmd_flag_generation,sender,420,false,not_applicable,unclear,gamma=8;p=2^-8;curve=P-256,377269,269,measured,ok,unavailable,gc,go1.18.1,Release,JerryZ
2026-08-19T13:47:46.857055414Z,FMD,sender_signaling,fmd_sender_preparation,sender,420,false,not_applicable,unclear,gamma=8;p=2^-8;curve=P-256,-1,,not_applicable,not_applicable,unavailable,gc,go1.18.1,Release,JerryZ
2026-08-19T13:47:46.858405511Z,FMD,sender_signaling,message_encryption,sender,420,false,not_applicable,unclear,gamma=8;p=2^-8;curve=P-256,-1,,not_applicable,not_applicable,unavailable,gc,go1.18.1,Release,JerryZ
2026-08-19T13:47:46.861133632Z,FMD,sender_signaling,fmd_sender_total_signaling,sender,420,false,not_applicable,unclear,gamma=8;p=2^-8;curve=P-256,559273,270,measured,ok,unavailable,gc,go1.18.1,Release,JerryZ
2026-08-19T13:47:46.864077944Z,FMD,sender_signaling,fmd_flag_generation,sender,421,false,not_applicable,unclear,gamma=8;p=2^-8;curve=P-256,402672,270,measured,ok,unavailable,gc,go1.18.1,Release,JerryZ
2026-08-19T13:47:46.865524272Z,FMD,sender_signaling,fmd_sender_preparation,sender,421,false,not_applicable,unclear,gamma=8;p=2^-8;curve=P-256,-1,,not_applicable,not_applicable,unavailable,gc,go1.18.1,Release,JerryZ
2026-08-19T13:47:46.866665052Z,FMD,sender_signaling,message_encryption,sender,421,false,not_applicable,unclear,gamma=8;p=2^-8;curve=P-256,-1,,not_applicable,not_applicable,unavailable,gc,go1.18.1,Release,JerryZ
2026-08-19T13:47:46.869471125Z,FMD,sender_signaling,fmd_sender_total_signaling,sender,421,false,not_applicable,unclear,gamma=8;p=2^-8;curve=P-256,439278,268,measured,ok,unavailable,gc,go1.18.1,Release,JerryZ
2026-08-19T13:47:46.871457583Z,FMD,sender_signaling,fmd_flag_generation,sender,422,false,not_applicable,unclear,gamma=8;p=2^-8;curve=P-256,366579,270,measured,ok,unavailable,gc,go1.18.1,Release,JerryZ
2026-08-19T13:47:46.87285944Z,FMD,sender_signaling,fmd_sender_preparation,sender,422,false,not_applicable,unclear,gamma=8;p=2^-8;curve=P-256,-1,,not_applicable,not_applicable,unavailable,gc,go1.18.1,Release,JerryZ
2026-08-19T13:47:46.874064176Z,FMD,sender_signaling,message_encryption,sender,422,false,not_applicable,unclear,gamma=8;p=2^-8;curve=P-256,-1,,not_applicable,not_applicable,unavailable,gc,go1.18.1,Release,JerryZ
2026-08-19T13:47:46.877647168Z,FMD,sender_signaling,fmd_sender_total_signaling,sender,422,false,not_applicable,unclear,gamma=8;p=2^-8;curve=P-256,452851,270,measured,ok,unavailable,gc,go1.18.1,Release,JerryZ
2026-08-19T13:47:46.880115867Z,FMD,sender_signaling,fmd_flag_generation,sender,423,false,not_applicable,unclear,gamma=8;p=2^-8;curve=P-256,383561,269,measured,ok,unavailable,gc,go1.18.1,Release,JerryZ
2026-08-19T13:47:46.881235544Z,FMD,sender_signaling,fmd_sender_preparation,sender,423,false,not_applicable,unclear,gamma=8;p=2^-8;curve=P-256,-1,,not_applicable,not_applicable,unavailable,gc,go1.18.1,Release,JerryZ
2026-08-19T13:47:46.882556285Z,FMD,sender_signaling,message_encryption,sender,423,false,not_applicable,unclear,gamma=8;p=2^-8;curve=P-256,-1,,not_applicable,not_applicable,unavailable,gc,go1.18.1,Release,JerryZ
2026-08-19T13:47:46.884682295Z,FMD,sender_signaling,fmd_sender_total_signaling,sender,423,false,not_applicable,unclear,gamma=8;p=2^-8;curve=P-256,364532,269,measured,ok,unavailable,gc,go1.18.1,Release,JerryZ
2026-08-19T13:47:46.886626067Z,FMD,sender_signaling,fmd_flag_generation,sender,424,false,not_applicable,unclear,gamma=8;p=2^-8;curve=P-256,359067,270,measured,ok,unavailable,gc,go1.18.1,Release,JerryZ
2026-08-19T13:47:46.887852256Z,FMD,sender_signaling,fmd_sender_preparation,sender,424,false,not_applicable,unclear,gamma=8;p=2^-8;curve=P-256,-1,,not_applicable,not_applicable,unavailable,gc,go1.18.1,Release,JerryZ
2026-08-19T13:47:46.889052538Z,FMD,sender_signaling,message_encryption,sender,424,false,not_applicable,unclear,gamma=8;p=2^-8;curve=P-256,-1,,not_applicable,not_applicable,unavailable,gc,go1.18.1,Release,JerryZ
2026-08-19T13:47:46.892170666Z,FMD,sender_signaling,fmd_sender_total_signaling,sender,424,false,not_applicable,unclear,gamma=8;p=2^-8;curve=P-256,883772,268,measured,ok,unavailable,gc,go1.18.1,Release,JerryZ
2026-08-19T13:47:46.895096936Z,FMD,sender_signaling,fmd_flag_generation,sender,425,false,not_applicable,unclear,gamma=8;p=2^-8;curve=P-256,432528,269,measured,ok,unavailable,gc,go1.18.1,Release,JerryZ
2026-08-19T13:47:46.896658719Z,FMD,sender_signaling,fmd_sender_preparation,sender,425,false,not_applicable,unclear,gamma=8;p=2^-8;curve=P-256,-1,,not_applicable,not_applicable,unavailable,gc,go1.18.1,Release,JerryZ
2026-08-19T13:47:46.898088292Z,FMD,sender_signaling,message_encryption,sender,425,false,not_applicable,unclear,gamma=8;p=2^-8;curve=P-256,-1,,not_applicable,not_applicable,unavailable,gc,go1.18.1,Release,JerryZ
2026-08-19T13:47:46.900914684Z,FMD,sender_signaling,fmd_sender_total_signaling,sender,425,false,not_applicable,unclear,gamma=8;p=2^-8;curve=P-256,407636,270,measured,ok,unavailable,gc,go1.18.1,Release,JerryZ
2026-08-19T13:47:46.902925511Z,FMD,sender_signaling,fmd_flag_generation,sender,426,false,not_applicable,unclear,gamma=8;p=2^-8;curve=P-256,359838,269,measured,ok,unavailable,gc,go1.18.1,Release,JerryZ
2026-08-19T13:47:46.904091042Z,FMD,sender_signaling,fmd_sender_preparation,sender,426,false,not_applicable,unclear,gamma=8;p=2^-8;curve=P-256,-1,,not_applicable,not_applicable,unavailable,gc,go1.18.1,Release,JerryZ
2026-08-19T13:47:46.905236808Z,FMD,sender_signaling,message_encryption,sender,426,false,not_applicable,unclear,gamma=8;p=2^-8;curve=P-256,-1,,not_applicable,not_applicable,unavailable,gc,go1.18.1,Release,JerryZ
2026-08-19T13:47:46.907818834Z,FMD,sender_signaling,fmd_sender_total_signaling,sender,426,false,not_applicable,unclear,gamma=8;p=2^-8;curve=P-256,394737,270,measured,ok,unavailable,gc,go1.18.1,Release,JerryZ
2026-08-19T13:47:46.910248681Z,FMD,sender_signaling,fmd_flag_generation,sender,427,false,not_applicable,unclear,gamma=8;p=2^-8;curve=P-256,386425,270,measured,ok,unavailable,gc,go1.18.1,Release,JerryZ
2026-08-19T13:47:46.911393892Z,FMD,sender_signaling,fmd_sender_preparation,sender,427,false,not_applicable,unclear,gamma=8;p=2^-8;curve=P-256,-1,,not_applicable,not_applicable,unavailable,gc,go1.18.1,Release,JerryZ
2026-08-19T13:47:46.912479308Z,FMD,sender_signaling,message_encryption,sender,427,false,not_applicable,unclear,gamma=8;p=2^-8;curve=P-256,-1,,not_applicable,not_applicable,unavailable,gc,go1.18.1,Release,JerryZ
2026-08-19T13:47:46.915371125Z,FMD,sender_signaling,fmd_sender_total_signaling,sender,427,false,not_applicable,unclear,gamma=8;p=2^-8;curve=P-256,398328,269,measured,ok,unavailable,gc,go1.18.1,Release,JerryZ
2026-08-19T13:47:46.917649678Z,FMD,sender_signaling,fmd_flag_generation,sender,428,false,not_applicable,unclear,gamma=8;p=2^-8;curve=P-256,378868,269,measured,ok,unavailable,gc,go1.18.1,Release,JerryZ
2026-08-19T13:47:46.918774739Z,FMD,sender_signaling,fmd_sender_preparation,sender,428,false,not_applicable,unclear,gamma=8;p=2^-8;curve=P-256,-1,,not_applicable,not_applicable,unavailable,gc,go1.18.1,Release,JerryZ
2026-08-19T13:47:46.920140733Z,FMD,sender_signaling,message_encryption,sender,428,false,not_applicable,unclear,gamma=8;p=2^-8;curve=P-256,-1,,not_applicable,not_applicable,unavailable,gc,go1.18.1,Release,JerryZ
2026-08-19T13:47:46.92246948Z,FMD,sender_signaling,fmd_sender_total_signaling,sender,428,false,not_applicable,unclear,gamma=8;p=2^-8;curve=P-256,465351,269,measured,ok,unavailable,gc,go1.18.1,Release,JerryZ
2026-08-19T13:47:46.925175817Z,FMD,sender_signaling,fmd_flag_generation,sender,429,false,not_applicable,unclear,gamma=8;p=2^-8;curve=P-256,398539,270,measured,ok,unavailable,gc,go1.18.1,Release,JerryZ
2026-08-19T13:47:46.926756638Z,FMD,sender_signaling,fmd_sender_preparation,sender,429,false,not_applicable,unclear,gamma=8;p=2^-8;curve=P-256,-1,,not_applicable,not_applicable,unavailable,gc,go1.18.1,Release,JerryZ
2026-08-19T13:47:46.927860674Z,FMD,sender_signaling,message_encryption,sender,429,false,not_applicable,unclear,gamma=8;p=2^-8;curve=P-256,-1,,not_applicable,not_applicable,unavailable,gc,go1.18.1,Release,JerryZ
2026-08-19T13:47:46.93015186Z,FMD,sender_signaling,fmd_sender_total_signaling,sender,429,false,not_applicable,unclear,gamma=8;p=2^-8;curve=P-256,417769,270,measured,ok,unavailable,gc,go1.18.1,Release,JerryZ
2026-08-19T13:47:46.932688555Z,FMD,sender_signaling,fmd_flag_generation,sender,430,false,not_applicable,unclear,gamma=8;p=2^-8;curve=P-256,792183,269,measured,ok,unavailable,gc,go1.18.1,Release,JerryZ
2026-08-19T13:47:46.934164272Z,FMD,sender_signaling,fmd_sender_preparation,sender,430,false,not_applicable,unclear,gamma=8;p=2^-8;curve=P-256,-1,,not_applicable,not_applicable,unavailable,gc,go1.18.1,Release,JerryZ
2026-08-19T13:47:46.935296809Z,FMD,sender_signaling,message_encryption,sender,430,false,not_applicable,unclear,gamma=8;p=2^-8;curve=P-256,-1,,not_applicable,not_applicable,unavailable,gc,go1.18.1,Release,JerryZ
2026-08-19T13:47:46.938364372Z,FMD,sender_signaling,fmd_sender_total_signaling,sender,430,false,not_applicable,unclear,gamma=8;p=2^-8;curve=P-256,1067595,269,measured,ok,unavailable,gc,go1.18.1,Release,JerryZ
2026-08-19T13:47:46.940917175Z,FMD,sender_signaling,fmd_flag_generation,sender,431,false,not_applicable,unclear,gamma=8;p=2^-8;curve=P-256,585934,269,measured,ok,unavailable,gc,go1.18.1,Release,JerryZ
2026-08-19T13:47:46.942081672Z,FMD,sender_signaling,fmd_sender_preparation,sender,431,false,not_applicable,unclear,gamma=8;p=2^-8;curve=P-256,-1,,not_applicable,not_applicable,unavailable,gc,go1.18.1,Release,JerryZ
2026-08-19T13:47:46.943188697Z,FMD,sender_signaling,message_encryption,sender,431,false,not_applicable,unclear,gamma=8;p=2^-8;curve=P-256,-1,,not_applicable,not_applicable,unavailable,gc,go1.18.1,Release,JerryZ
2026-08-19T13:47:46.945557559Z,FMD,sender_signaling,fmd_sender_total_signaling,sender,431,false,not_applicable,unclear,gamma=8;p=2^-8;curve=P-256,374891,270,measured,ok,unavailable,gc,go1.18.1,Release,JerryZ
2026-08-19T13:47:46.947440355Z,FMD,sender_signaling,fmd_flag_generation,sender,432,false,not_applicable,unclear,gamma=8;p=2^-8;curve=P-256,352702,269,measured,ok,unavailable,gc,go1.18.1,Release,JerryZ
2026-08-19T13:47:46.948619491Z,FMD,sender_signaling,fmd_sender_preparation,sender,432,false,not_applicable,unclear,gamma=8;p=2^-8;curve=P-256,-1,,not_applicable,not_applicable,unavailable,gc,go1.18.1,Release,JerryZ
2026-08-19T13:47:46.950045198Z,FMD,sender_signaling,message_encryption,sender,432,false,not_applicable,unclear,gamma=8;p=2^-8;curve=P-256,-1,,not_applicable,not_applicable,unavailable,gc,go1.18.1,Release,JerryZ
2026-08-19T13:47:46.953893252Z,FMD,sender_signaling,fmd_sender_total_signaling,sender,432,false,not_applicable,unclear,gamma=8;p=2^-8;curve=P-256,1191006,268,measured,ok,unavailable,gc,go1.18.1,Release,JerryZ
2026-08-19T13:47:46.956161973Z,FMD,sender_signaling,fmd_flag_generation,sender,433,false,not_applicable,unclear,gamma=8;p=2^-8;curve=P-256,398291,270,measured,ok,unavailable,gc,go1.18.1,Release,JerryZ
2026-08-19T13:47:46.957293909Z,FMD,sender_signaling,fmd_sender_preparation,sender,433,false,not_applicable,unclear,gamma=8;p=2^-8;curve=P-256,-1,,not_applicable,not_applicable,unavailable,gc,go1.18.1,Release,JerryZ
2026-08-19T13:47:46.958839143Z,FMD,sender_signaling,message_encryption,sender,433,false,not_applicable,unclear,gamma=8;p=2^-8;curve=P-256,-1,,not_applicable,not_applicable,unavailable,gc,go1.18.1,Release,JerryZ
2026-08-19T13:47:46.960834968Z,FMD,sender_signaling,fmd_sender_total_signaling,sender,433,false,not_applicable,unclear,gamma=8;p=2^-8;curve=P-256,388988,267,measured,ok,unavailable,gc,go1.18.1,Release,JerryZ
2026-08-19T13:47:46.962738544Z,FMD,sender_signaling,fmd_flag_generation,sender,434,false,not_applicable,unclear,gamma=8;p=2^-8;curve=P-256,354190,269,measured,ok,unavailable,gc,go1.18.1,Release,JerryZ
2026-08-19T13:47:46.963867596Z,FMD,sender_signaling,fmd_sender_preparation,sender,434,false,not_applicable,unclear,gamma=8;p=2^-8;curve=P-256,-1,,not_applicable,not_applicable,unavailable,gc,go1.18.1,Release,JerryZ
2026-08-19T13:47:46.965104089Z,FMD,sender_signaling,message_encryption,sender,434,false,not_applicable,unclear,gamma=8;p=2^-8;curve=P-256,-1,,not_applicable,not_applicable,unavailable,gc,go1.18.1,Release,JerryZ
2026-08-19T13:47:46.96802478Z,FMD,sender_signaling,fmd_sender_total_signaling,sender,434,false,not_applicable,unclear,gamma=8;p=2^-8;curve=P-256,810486,266,measured,ok,unavailable,gc,go1.18.1,Release,JerryZ
2026-08-19T13:47:46.970379228Z,FMD,sender_signaling,fmd_flag_generation,sender,435,false,not_applicable,unclear,gamma=8;p=2^-8;curve=P-256,400652,269,measured,ok,unavailable,gc,go1.18.1,Release,JerryZ
2026-08-19T13:47:46.971749869Z,FMD,sender_signaling,fmd_sender_preparation,sender,435,false,not_applicable,unclear,gamma=8;p=2^-8;curve=P-256,-1,,not_applicable,not_applicable,unavailable,gc,go1.18.1,Release,JerryZ
2026-08-19T13:47:46.97287524Z,FMD,sender_signaling,message_encryption,sender,435,false,not_applicable,unclear,gamma=8;p=2^-8;curve=P-256,-1,,not_applicable,not_applicable,unavailable,gc,go1.18.1,Release,JerryZ
2026-08-19T13:47:46.97472385Z,FMD,sender_signaling,fmd_sender_total_signaling,sender,435,false,not_applicable,unclear,gamma=8;p=2^-8;curve=P-256,363034,270,measured,ok,unavailable,gc,go1.18.1,Release,JerryZ
2026-08-19T13:47:46.977062598Z,FMD,sender_signaling,fmd_flag_generation,sender,436,false,not_applicable,unclear,gamma=8;p=2^-8;curve=P-256,388281,269,measured,ok,unavailable,gc,go1.18.1,Release,JerryZ
2026-08-19T13:47:46.978245256Z,FMD,sender_signaling,fmd_sender_preparation,sender,436,false,not_applicable,unclear,gamma=8;p=2^-8;curve=P-256,-1,,not_applicable,not_applicable,unavailable,gc,go1.18.1,Release,JerryZ
2026-08-19T13:47:46.979336802Z,FMD,sender_signaling,message_encryption,sender,436,false,not_applicable,unclear,gamma=8;p=2^-8;curve=P-256,-1,,not_applicable,not_applicable,unavailable,gc,go1.18.1,Release,JerryZ
2026-08-19T13:47:46.981169382Z,FMD,sender_signaling,fmd_sender_total_signaling,sender,436,false,not_applicable,unclear,gamma=8;p=2^-8;curve=P-256,356542,270,measured,ok,unavailable,gc,go1.18.1,Release,JerryZ
2026-08-19T13:47:46.983949924Z,FMD,sender_signaling,fmd_flag_generation,sender,437,false,not_applicable,unclear,gamma=8;p=2^-8;curve=P-256,550952,269,measured,ok,unavailable,gc,go1.18.1,Release,JerryZ
2026-08-19T13:47:46.985809255Z,FMD,sender_signaling,fmd_sender_preparation,sender,437,false,not_applicable,unclear,gamma=8;p=2^-8;curve=P-256,-1,,not_applicable,not_applicable,unavailable,gc,go1.18.1,Release,JerryZ
2026-08-19T13:47:46.988249217Z,FMD,sender_signaling,message_encryption,sender,437,false,not_applicable,unclear,gamma=8;p=2^-8;curve=P-256,-1,,not_applicable,not_applicable,unavailable,gc,go1.18.1,Release,JerryZ
2026-08-19T13:47:46.990479147Z,FMD,sender_signaling,fmd_sender_total_signaling,sender,437,false,not_applicable,unclear,gamma=8;p=2^-8;curve=P-256,368306,269,measured,ok,unavailable,gc,go1.18.1,Release,JerryZ
2026-08-19T13:47:46.992353628Z,FMD,sender_signaling,fmd_flag_generation,sender,438,false,not_applicable,unclear,gamma=8;p=2^-8;curve=P-256,355926,268,measured,ok,unavailable,gc,go1.18.1,Release,JerryZ
2026-08-19T13:47:46.99352752Z,FMD,sender_signaling,fmd_sender_preparation,sender,438,false,not_applicable,unclear,gamma=8;p=2^-8;curve=P-256,-1,,not_applicable,not_applicable,unavailable,gc,go1.18.1,Release,JerryZ
2026-08-19T13:47:46.994612228Z,FMD,sender_signaling,message_encryption,sender,438,false,not_applicable,unclear,gamma=8;p=2^-8;curve=P-256,-1,,not_applicable,not_applicable,unavailable,gc,go1.18.1,Release,JerryZ
2026-08-19T13:47:46.996826334Z,FMD,sender_signaling,fmd_sender_total_signaling,sender,438,false,not_applicable,unclear,gamma=8;p=2^-8;curve=P-256,636665,270,measured,ok,unavailable,gc,go1.18.1,Release,JerryZ
2026-08-19T13:47:46.999688162Z,FMD,sender_signaling,fmd_flag_generation,sender,439,false,not_applicable,unclear,gamma=8;p=2^-8;curve=P-256,419937,269,measured,ok,unavailable,gc,go1.18.1,Release,JerryZ
2026-08-19T13:47:47.001285301Z,FMD,sender_signaling,fmd_sender_preparation,sender,439,false,not_applicable,unclear,gamma=8;p=2^-8;curve=P-256,-1,,not_applicable,not_applicable,unavailable,gc,go1.18.1,Release,JerryZ
2026-08-19T13:47:47.002820034Z,FMD,sender_signaling,message_encryption,sender,439,false,not_applicable,unclear,gamma=8;p=2^-8;curve=P-256,-1,,not_applicable,not_applicable,unavailable,gc,go1.18.1,Release,JerryZ
2026-08-19T13:47:47.004824413Z,FMD,sender_signaling,fmd_sender_total_signaling,sender,439,false,not_applicable,unclear,gamma=8;p=2^-8;curve=P-256,376213,270,measured,ok,unavailable,gc,go1.18.1,Release,JerryZ
2026-08-19T13:47:47.00730962Z,FMD,sender_signaling,fmd_flag_generation,sender,440,false,not_applicable,unclear,gamma=8;p=2^-8;curve=P-256,376011,269,measured,ok,unavailable,gc,go1.18.1,Release,JerryZ
2026-08-19T13:47:47.008448567Z,FMD,sender_signaling,fmd_sender_preparation,sender,440,false,not_applicable,unclear,gamma=8;p=2^-8;curve=P-256,-1,,not_applicable,not_applicable,unavailable,gc,go1.18.1,Release,JerryZ
2026-08-19T13:47:47.009593443Z,FMD,sender_signaling,message_encryption,sender,440,false,not_applicable,unclear,gamma=8;p=2^-8;curve=P-256,-1,,not_applicable,not_applicable,unavailable,gc,go1.18.1,Release,JerryZ
2026-08-19T13:47:47.011448344Z,FMD,sender_signaling,fmd_sender_total_signaling,sender,440,false,not_applicable,unclear,gamma=8;p=2^-8;curve=P-256,369105,269,measured,ok,unavailable,gc,go1.18.1,Release,JerryZ
2026-08-19T13:47:47.014462554Z,FMD,sender_signaling,fmd_flag_generation,sender,441,false,not_applicable,unclear,gamma=8;p=2^-8;curve=P-256,821663,269,measured,ok,unavailable,gc,go1.18.1,Release,JerryZ
2026-08-19T13:47:47.016351053Z,FMD,sender_signaling,fmd_sender_preparation,sender,441,false,not_applicable,unclear,gamma=8;p=2^-8;curve=P-256,-1,,not_applicable,not_applicable,unavailable,gc,go1.18.1,Release,JerryZ
2026-08-19T13:47:47.017651043Z,FMD,sender_signaling,message_encryption,sender,441,false,not_applicable,unclear,gamma=8;p=2^-8;curve=P-256,-1,,not_applicable,not_applicable,unavailable,gc,go1.18.1,Release,JerryZ
2026-08-19T13:47:47.019503135Z,FMD,sender_signaling,fmd_sender_total_signaling,sender,441,false,not_applicable,unclear,gamma=8;p=2^-8;curve=P-256,368885,270,measured,ok,unavailable,gc,go1.18.1,Release,JerryZ
2026-08-19T13:47:47.022283164Z,FMD,sender_signaling,fmd_flag_generation,sender,442,false,not_applicable,unclear,gamma=8;p=2^-8;curve=P-256,911402,268,measured,ok,unavailable,gc,go1.18.1,Release,JerryZ
2026-08-19T13:47:47.023622947Z,FMD,sender_signaling,fmd_sender_preparation,sender,442,false,not_applicable,unclear,gamma=8;p=2^-8;curve=P-256,-1,,not_applicable,not_applicable,unavailable,gc,go1.18.1,Release,JerryZ
2026-08-19T13:47:47.025461895Z,FMD,sender_signaling,message_encryption,sender,442,false,not_applicable,unclear,gamma=8;p=2^-8;curve=P-256,-1,,not_applicable,not_applicable,unavailable,gc,go1.18.1,Release,JerryZ
2026-08-19T13:47:47.027476535Z,FMD,sender_signaling,fmd_sender_total_signaling,sender,442,false,not_applicable,unclear,gamma=8;p=2^-8;curve=P-256,376117,268,measured,ok,unavailable,gc,go1.18.1,Release,JerryZ
2026-08-19T13:47:47.03007245Z,FMD,sender_signaling,fmd_flag_generation,sender,443,false,not_applicable,unclear,gamma=8;p=2^-8;curve=P-256,477813,269,measured,ok,unavailable,gc,go1.18.1,Release,JerryZ
2026-08-19T13:47:47.031846185Z,FMD,sender_signaling,fmd_sender_preparation,sender,443,false,not_applicable,unclear,gamma=8;p=2^-8;curve=P-256,-1,,not_applicable,not_applicable,unavailable,gc,go1.18.1,Release,JerryZ
2026-08-19T13:47:47.033015527Z,FMD,sender_signaling,message_encryption,sender,443,false,not_applicable,unclear,gamma=8;p=2^-8;curve=P-256,-1,,not_applicable,not_applicable,unavailable,gc,go1.18.1,Release,JerryZ
2026-08-19T13:47:47.035748277Z,FMD,sender_signaling,fmd_sender_total_signaling,sender,443,false,not_applicable,unclear,gamma=8;p=2^-8;curve=P-256,840507,269,measured,ok,unavailable,gc,go1.18.1,Release,JerryZ
2026-08-19T13:47:47.037927273Z,FMD,sender_signaling,fmd_flag_generation,sender,444,false,not_applicable,unclear,gamma=8;p=2^-8;curve=P-256,403112,270,measured,ok,unavailable,gc,go1.18.1,Release,JerryZ
2026-08-19T13:47:47.039052863Z,FMD,sender_signaling,fmd_sender_preparation,sender,444,false,not_applicable,unclear,gamma=8;p=2^-8;curve=P-256,-1,,not_applicable,not_applicable,unavailable,gc,go1.18.1,Release,JerryZ
2026-08-19T13:47:47.040192238Z,FMD,sender_signaling,message_encryption,sender,444,false,not_applicable,unclear,gamma=8;p=2^-8;curve=P-256,-1,,not_applicable,not_applicable,unavailable,gc,go1.18.1,Release,JerryZ
2026-08-19T13:47:47.042804386Z,FMD,sender_signaling,fmd_sender_total_signaling,sender,444,false,not_applicable,unclear,gamma=8;p=2^-8;curve=P-256,813470,270,measured,ok,unavailable,gc,go1.18.1,Release,JerryZ
2026-08-19T13:47:47.046067365Z,FMD,sender_signaling,fmd_flag_generation,sender,445,false,not_applicable,unclear,gamma=8;p=2^-8;curve=P-256,485307,269,measured,ok,unavailable,gc,go1.18.1,Release,JerryZ
2026-08-19T13:47:47.047467812Z,FMD,sender_signaling,fmd_sender_preparation,sender,445,false,not_applicable,unclear,gamma=8;p=2^-8;curve=P-256,-1,,not_applicable,not_applicable,unavailable,gc,go1.18.1,Release,JerryZ
2026-08-19T13:47:47.048664549Z,FMD,sender_signaling,message_encryption,sender,445,false,not_applicable,unclear,gamma=8;p=2^-8;curve=P-256,-1,,not_applicable,not_applicable,unavailable,gc,go1.18.1,Release,JerryZ
2026-08-19T13:47:47.050560602Z,FMD,sender_signaling,fmd_sender_total_signaling,sender,445,false,not_applicable,unclear,gamma=8;p=2^-8;curve=P-256,362658,268,measured,ok,unavailable,gc,go1.18.1,Release,JerryZ
2026-08-19T13:47:47.052865994Z,FMD,sender_signaling,fmd_flag_generation,sender,446,false,not_applicable,unclear,gamma=8;p=2^-8;curve=P-256,374201,270,measured,ok,unavailable,gc,go1.18.1,Release,JerryZ
2026-08-19T13:47:47.054041168Z,FMD,sender_signaling,fmd_sender_preparation,sender,446,false,not_applicable,unclear,gamma=8;p=2^-8;curve=P-256,-1,,not_applicable,not_applicable,unavailable,gc,go1.18.1,Release,JerryZ
2026-08-19T13:47:47.055126028Z,FMD,sender_signaling,message_encryption,sender,446,false,not_applicable,unclear,gamma=8;p=2^-8;curve=P-256,-1,,not_applicable,not_applicable,unavailable,gc,go1.18.1,Release,JerryZ
2026-08-19T13:47:47.05694761Z,FMD,sender_signaling,fmd_sender_total_signaling,sender,446,false,not_applicable,unclear,gamma=8;p=2^-8;curve=P-256,347798,269,measured,ok,unavailable,gc,go1.18.1,Release,JerryZ
2026-08-19T13:47:47.05958967Z,FMD,sender_signaling,fmd_flag_generation,sender,447,false,not_applicable,unclear,gamma=8;p=2^-8;curve=P-256,699004,269,measured,ok,unavailable,gc,go1.18.1,Release,JerryZ
2026-08-19T13:47:47.061207946Z,FMD,sender_signaling,fmd_sender_preparation,sender,447,false,not_applicable,unclear,gamma=8;p=2^-8;curve=P-256,-1,,not_applicable,not_applicable,unavailable,gc,go1.18.1,Release,JerryZ
2026-08-19T13:47:47.062989401Z,FMD,sender_signaling,message_encryption,sender,447,false,not_applicable,unclear,gamma=8;p=2^-8;curve=P-256,-1,,not_applicable,not_applicable,unavailable,gc,go1.18.1,Release,JerryZ
2026-08-19T13:47:47.065678933Z,FMD,sender_signaling,fmd_sender_total_signaling,sender,447,false,not_applicable,unclear,gamma=8;p=2^-8;curve=P-256,535855,269,measured,ok,unavailable,gc,go1.18.1,Release,JerryZ
2026-08-19T13:47:47.067717472Z,FMD,sender_signaling,fmd_flag_generation,sender,448,false,not_applicable,unclear,gamma=8;p=2^-8;curve=P-256,353373,268,measured,ok,unavailable,gc,go1.18.1,Release,JerryZ
2026-08-19T13:47:47.0689079Z,FMD,sender_signaling,fmd_sender_preparation,sender,448,false,not_applicable,unclear,gamma=8;p=2^-8;curve=P-256,-1,,not_applicable,not_applicable,unavailable,gc,go1.18.1,Release,JerryZ
2026-08-19T13:47:47.070291536Z,FMD,sender_signaling,message_encryption,sender,448,false,not_applicable,unclear,gamma=8;p=2^-8;curve=P-256,-1,,not_applicable,not_applicable,unavailable,gc,go1.18.1,Release,JerryZ
2026-08-19T13:47:47.07263313Z,FMD,sender_signaling,fmd_sender_total_signaling,sender,448,false,not_applicable,unclear,gamma=8;p=2^-8;curve=P-256,521482,269,measured,ok,unavailable,gc,go1.18.1,Release,JerryZ
2026-08-19T13:47:47.07564233Z,FMD,sender_signaling,fmd_flag_generation,sender,449,false,not_applicable,unclear,gamma=8;p=2^-8;curve=P-256,427614,270,measured,ok,unavailable,gc,go1.18.1,Release,JerryZ
2026-08-19T13:47:47.077123686Z,FMD,sender_signaling,fmd_sender_preparation,sender,449,false,not_applicable,unclear,gamma=8;p=2^-8;curve=P-256,-1,,not_applicable,not_applicable,unavailable,gc,go1.18.1,Release,JerryZ
2026-08-19T13:47:47.07826526Z,FMD,sender_signaling,message_encryption,sender,449,false,not_applicable,unclear,gamma=8;p=2^-8;curve=P-256,-1,,not_applicable,not_applicable,unavailable,gc,go1.18.1,Release,JerryZ
2026-08-19T13:47:47.080147616Z,FMD,sender_signaling,fmd_sender_total_signaling,sender,449,false,not_applicable,unclear,gamma=8;p=2^-8;curve=P-256,395697,270,measured,ok,unavailable,gc,go1.18.1,Release,JerryZ
2026-08-19T13:47:47.082487911Z,FMD,sender_signaling,fmd_flag_generation,sender,450,false,not_applicable,unclear,gamma=8;p=2^-8;curve=P-256,393552,269,measured,ok,unavailable,gc,go1.18.1,Release,JerryZ
2026-08-19T13:47:47.083791515Z,FMD,sender_signaling,fmd_sender_preparation,sender,450,false,not_applicable,unclear,gamma=8;p=2^-8;curve=P-256,-1,,not_applicable,not_applicable,unavailable,gc,go1.18.1,Release,JerryZ
2026-08-19T13:47:47.08487637Z,FMD,sender_signaling,message_encryption,sender,450,false,not_applicable,unclear,gamma=8;p=2^-8;curve=P-256,-1,,not_applicable,not_applicable,unavailable,gc,go1.18.1,Release,JerryZ
2026-08-19T13:47:47.086828601Z,FMD,sender_signaling,fmd_sender_total_signaling,sender,450,false,not_applicable,unclear,gamma=8;p=2^-8;curve=P-256,359784,269,measured,ok,unavailable,gc,go1.18.1,Release,JerryZ
2026-08-19T13:47:47.088903728Z,FMD,sender_signaling,fmd_flag_generation,sender,451,false,not_applicable,unclear,gamma=8;p=2^-8;curve=P-256,355164,269,measured,ok,unavailable,gc,go1.18.1,Release,JerryZ
2026-08-19T13:47:47.090428087Z,FMD,sender_signaling,fmd_sender_preparation,sender,451,false,not_applicable,unclear,gamma=8;p=2^-8;curve=P-256,-1,,not_applicable,not_applicable,unavailable,gc,go1.18.1,Release,JerryZ
2026-08-19T13:47:47.09172444Z,FMD,sender_signaling,message_encryption,sender,451,false,not_applicable,unclear,gamma=8;p=2^-8;curve=P-256,-1,,not_applicable,not_applicable,unavailable,gc,go1.18.1,Release,JerryZ
2026-08-19T13:47:47.093912262Z,FMD,sender_signaling,fmd_sender_total_signaling,sender,451,false,not_applicable,unclear,gamma=8;p=2^-8;curve=P-256,437047,269,measured,ok,unavailable,gc,go1.18.1,Release,JerryZ
2026-08-19T13:47:47.096628885Z,FMD,sender_signaling,fmd_flag_generation,sender,452,false,not_applicable,unclear,gamma=8;p=2^-8;curve=P-256,803423,269,measured,ok,unavailable,gc,go1.18.1,Release,JerryZ
2026-08-19T13:47:47.098373277Z,FMD,sender_signaling,fmd_sender_preparation,sender,452,false,not_applicable,unclear,gamma=8;p=2^-8;curve=P-256,-1,,not_applicable,not_applicable,unavailable,gc,go1.18.1,Release,JerryZ
2026-08-19T13:47:47.09948872Z,FMD,sender_signaling,message_encryption,sender,452,false,not_applicable,unclear,gamma=8;p=2^-8;curve=P-256,-1,,not_applicable,not_applicable,unavailable,gc,go1.18.1,Release,JerryZ
2026-08-19T13:47:47.101849697Z,FMD,sender_signaling,fmd_sender_total_signaling,sender,452,false,not_applicable,unclear,gamma=8;p=2^-8;curve=P-256,492264,269,measured,ok,unavailable,gc,go1.18.1,Release,JerryZ
2026-08-19T13:47:47.103938797Z,FMD,sender_signaling,fmd_flag_generation,sender,453,false,not_applicable,unclear,gamma=8;p=2^-8;curve=P-256,378445,269,measured,ok,unavailable,gc,go1.18.1,Release,JerryZ
2026-08-19T13:47:47.105520775Z,FMD,sender_signaling,fmd_sender_preparation,sender,453,false,not_applicable,unclear,gamma=8;p=2^-8;curve=P-256,-1,,not_applicable,not_applicable,unavailable,gc,go1.18.1,Release,JerryZ
2026-08-19T13:47:47.107179461Z,FMD,sender_signaling,message_encryption,sender,453,false,not_applicable,unclear,gamma=8;p=2^-8;curve=P-256,-1,,not_applicable,not_applicable,unavailable,gc,go1.18.1,Release,JerryZ
2026-08-19T13:47:47.109482209Z,FMD,sender_signaling,fmd_sender_total_signaling,sender,453,false,not_applicable,unclear,gamma=8;p=2^-8;curve=P-256,403654,267,measured,ok,unavailable,gc,go1.18.1,Release,JerryZ
2026-08-19T13:47:47.111692366Z,FMD,sender_signaling,fmd_flag_generation,sender,454,false,not_applicable,unclear,gamma=8;p=2^-8;curve=P-256,381985,267,measured,ok,unavailable,gc,go1.18.1,Release,JerryZ
2026-08-19T13:47:47.112966738Z,FMD,sender_signaling,fmd_sender_preparation,sender,454,false,not_applicable,unclear,gamma=8;p=2^-8;curve=P-256,-1,,not_applicable,not_applicable,unavailable,gc,go1.18.1,Release,JerryZ
2026-08-19T13:47:47.114162776Z,FMD,sender_signaling,message_encryption,sender,454,false,not_applicable,unclear,gamma=8;p=2^-8;curve=P-256,-1,,not_applicable,not_applicable,unavailable,gc,go1.18.1,Release,JerryZ
2026-08-19T13:47:47.116057333Z,FMD,sender_signaling,fmd_sender_total_signaling,sender,454,false,not_applicable,unclear,gamma=8;p=2^-8;curve=P-256,368453,268,measured,ok,unavailable,gc,go1.18.1,Release,JerryZ
2026-08-19T13:47:47.118708485Z,FMD,sender_signaling,fmd_flag_generation,sender,455,false,not_applicable,unclear,gamma=8;p=2^-8;curve=P-256,877022,270,measured,ok,unavailable,gc,go1.18.1,Release,JerryZ
2026-08-19T13:47:47.120258659Z,FMD,sender_signaling,fmd_sender_preparation,sender,455,false,not_applicable,unclear,gamma=8;p=2^-8;curve=P-256,-1,,not_applicable,not_applicable,unavailable,gc,go1.18.1,Release,JerryZ
2026-08-19T13:47:47.121868693Z,FMD,sender_signaling,message_encryption,sender,455,false,not_applicable,unclear,gamma=8;p=2^-8;curve=P-256,-1,,not_applicable,not_applicable,unavailable,gc,go1.18.1,Release,JerryZ
2026-08-19T13:47:47.123873041Z,FMD,sender_signaling,fmd_sender_total_signaling,sender,455,false,not_applicable,unclear,gamma=8;p=2^-8;curve=P-256,376682,270,measured,ok,unavailable,gc,go1.18.1,Release,JerryZ
2026-08-19T13:47:47.126017346Z,FMD,sender_signaling,fmd_flag_generation,sender,456,false,not_applicable,unclear,gamma=8;p=2^-8;curve=P-256,400890,269,measured,ok,unavailable,gc,go1.18.1,Release,JerryZ
2026-08-19T13:47:47.127229971Z,FMD,sender_signaling,fmd_sender_preparation,sender,456,false,not_applicable,unclear,gamma=8;p=2^-8;curve=P-256,-1,,not_applicable,not_applicable,unavailable,gc,go1.18.1,Release,JerryZ
2026-08-19T13:47:47.128331522Z,FMD,sender_signaling,message_encryption,sender,456,false,not_applicable,unclear,gamma=8;p=2^-8;curve=P-256,-1,,not_applicable,not_applicable,unavailable,gc,go1.18.1,Release,JerryZ
2026-08-19T13:47:47.132247812Z,FMD,sender_signaling,fmd_sender_total_signaling,sender,456,false,not_applicable,unclear,gamma=8;p=2^-8;curve=P-256,469649,269,measured,ok,unavailable,gc,go1.18.1,Release,JerryZ
2026-08-19T13:47:47.134596064Z,FMD,sender_signaling,fmd_flag_generation,sender,457,false,not_applicable,unclear,gamma=8;p=2^-8;curve=P-256,376773,270,measured,ok,unavailable,gc,go1.18.1,Release,JerryZ
2026-08-19T13:47:47.136995196Z,FMD,sender_signaling,fmd_sender_preparation,sender,457,false,not_applicable,unclear,gamma=8;p=2^-8;curve=P-256,-1,,not_applicable,not_applicable,unavailable,gc,go1.18.1,Release,JerryZ
2026-08-19T13:47:47.138745319Z,FMD,sender_signaling,message_encryption,sender,457,false,not_applicable,unclear,gamma=8;p=2^-8;curve=P-256,-1,,not_applicable,not_applicable,unavailable,gc,go1.18.1,Release,JerryZ
2026-08-19T13:47:47.140967612Z,FMD,sender_signaling,fmd_sender_total_signaling,sender,457,false,not_applicable,unclear,gamma=8;p=2^-8;curve=P-256,391054,270,measured,ok,unavailable,gc,go1.18.1,Release,JerryZ
2026-08-19T13:47:47.143118983Z,FMD,sender_signaling,fmd_flag_generation,sender,458,false,not_applicable,unclear,gamma=8;p=2^-8;curve=P-256,372898,268,measured,ok,unavailable,gc,go1.18.1,Release,JerryZ
2026-08-19T13:47:47.144374225Z,FMD,sender_signaling,fmd_sender_preparation,sender,458,false,not_applicable,unclear,gamma=8;p=2^-8;curve=P-256,-1,,not_applicable,not_applicable,unavailable,gc,go1.18.1,Release,JerryZ
2026-08-19T13:47:47.145563807Z,FMD,sender_signaling,message_encryption,sender,458,false,not_applicable,unclear,gamma=8;p=2^-8;curve=P-256,-1,,not_applicable,not_applicable,unavailable,gc,go1.18.1,Release,JerryZ
2026-08-19T13:47:47.147462396Z,FMD,sender_signaling,fmd_sender_total_signaling,sender,458,false,not_applicable,unclear,gamma=8;p=2^-8;curve=P-256,365743,269,measured,ok,unavailable,gc,go1.18.1,Release,JerryZ
2026-08-19T13:47:47.150448452Z,FMD,sender_signaling,fmd_flag_generation,sender,459,false,not_applicable,unclear,gamma=8;p=2^-8;curve=P-256,845834,269,measured,ok,unavailable,gc,go1.18.1,Release,JerryZ
2026-08-19T13:47:47.152138247Z,FMD,sender_signaling,fmd_sender_preparation,sender,459,false,not_applicable,unclear,gamma=8;p=2^-8;curve=P-256,-1,,not_applicable,not_applicable,unavailable,gc,go1.18.1,Release,JerryZ
2026-08-19T13:47:47.153487425Z,FMD,sender_signaling,message_encryption,sender,459,false,not_applicable,unclear,gamma=8;p=2^-8;curve=P-256,-1,,not_applicable,not_applicable,unavailable,gc,go1.18.1,Release,JerryZ
2026-08-19T13:47:47.155347571Z,FMD,sender_signaling,fmd_sender_total_signaling,sender,459,false,not_applicable,unclear,gamma=8;p=2^-8;curve=P-256,369996,269,measured,ok,unavailable,gc,go1.18.1,Release,JerryZ
2026-08-19T13:47:47.158165134Z,FMD,sender_signaling,fmd_flag_generation,sender,460,false,not_applicable,unclear,gamma=8;p=2^-8;curve=P-256,733985,270,measured,ok,unavailable,gc,go1.18.1,Release,JerryZ
2026-08-19T13:47:47.159253824Z,FMD,sender_signaling,fmd_sender_preparation,sender,460,false,not_applicable,unclear,gamma=8;p=2^-8;curve=P-256,-1,,not_applicable,not_applicable,unavailable,gc,go1.18.1,Release,JerryZ
2026-08-19T13:47:47.160374923Z,FMD,sender_signaling,message_encryption,sender,460,false,not_applicable,unclear,gamma=8;p=2^-8;curve=P-256,-1,,not_applicable,not_applicable,unavailable,gc,go1.18.1,Release,JerryZ
2026-08-19T13:47:47.162270535Z,FMD,sender_signaling,fmd_sender_total_signaling,sender,460,false,not_applicable,unclear,gamma=8;p=2^-8;curve=P-256,356550,270,measured,ok,unavailable,gc,go1.18.1,Release,JerryZ
2026-08-19T13:47:47.164451594Z,FMD,sender_signaling,fmd_flag_generation,sender,461,false,not_applicable,unclear,gamma=8;p=2^-8;curve=P-256,387665,268,measured,ok,unavailable,gc,go1.18.1,Release,JerryZ
2026-08-19T13:47:47.165851861Z,FMD,sender_signaling,fmd_sender_preparation,sender,461,false,not_applicable,unclear,gamma=8;p=2^-8;curve=P-256,-1,,not_applicable,not_applicable,unavailable,gc,go1.18.1,Release,JerryZ
2026-08-19T13:47:47.167630344Z,FMD,sender_signaling,message_encryption,sender,461,false,not_applicable,unclear,gamma=8;p=2^-8;curve=P-256,-1,,not_applicable,not_applicable,unavailable,gc,go1.18.1,Release,JerryZ
2026-08-19T13:47:47.170582369Z,FMD,sender_signaling,fmd_sender_total_signaling,sender,461,false,not_applicable,unclear,gamma=8;p=2^-8;curve=P-256,505190,269,measured,ok,unavailable,gc,go1.18.1,Release,JerryZ
2026-08-19T13:47:47.174121307Z,FMD,sender_signaling,fmd_flag_generation,sender,462,false,not_applicable,unclear,gamma=8;p=2^-8;curve=P-256,465571,269,measured,ok,unavailable,gc,go1.18.1,Release,JerryZ
2026-08-19T13:47:47.17542667Z,FMD,sender_signaling,fmd_sender_preparation,sender,462,false,not_applicable,unclear,gamma=8;p=2^-8;curve=P-256,-1,,not_applicable,not_applicable,unavailable,gc,go1.18.1,Release,JerryZ
2026-08-19T13:47:47.176637173Z,FMD,sender_signaling,message_encryption,sender,462,false,not_applicable,unclear,gamma=8;p=2^-8;curve=P-256,-1,,not_applicable,not_applicable,unavailable,gc,go1.18.1,Release,JerryZ
2026-08-19T13:47:47.178914803Z,FMD,sender_signaling,fmd_sender_total_signaling,sender,462,false,not_applicable,unclear,gamma=8;p=2^-8;curve=P-256,372788,268,measured,ok,unavailable,gc,go1.18.1,Release,JerryZ
2026-08-19T13:47:47.181174919Z,FMD,sender_signaling,fmd_flag_generation,sender,463,false,not_applicable,unclear,gamma=8;p=2^-8;curve=P-256,361464,268,measured,ok,unavailable,gc,go1.18.1,Release,JerryZ
2026-08-19T13:47:47.182687017Z,FMD,sender_signaling,fmd_sender_preparation,sender,463,false,not_applicable,unclear,gamma=8;p=2^-8;curve=P-256,-1,,not_applicable,not_applicable,unavailable,gc,go1.18.1,Release,JerryZ
2026-08-19T13:47:47.184018462Z,FMD,sender_signaling,message_encryption,sender,463,false,not_applicable,unclear,gamma=8;p=2^-8;curve=P-256,-1,,not_applicable,not_applicable,unavailable,gc,go1.18.1,Release,JerryZ
2026-08-19T13:47:47.186061556Z,FMD,sender_signaling,fmd_sender_total_signaling,sender,463,false,not_applicable,unclear,gamma=8;p=2^-8;curve=P-256,424740,269,measured,ok,unavailable,gc,go1.18.1,Release,JerryZ
2026-08-19T13:47:47.188684339Z,FMD,sender_signaling,fmd_flag_generation,sender,464,false,not_applicable,unclear,gamma=8;p=2^-8;curve=P-256,429975,271,measured,ok,unavailable,gc,go1.18.1,Release,JerryZ
2026-08-19T13:47:47.189949477Z,FMD,sender_signaling,fmd_sender_preparation,sender,464,false,not_applicable,unclear,gamma=8;p=2^-8;curve=P-256,-1,,not_applicable,not_applicable,unavailable,gc,go1.18.1,Release,JerryZ
2026-08-19T13:47:47.191079944Z,FMD,sender_signaling,message_encryption,sender,464,false,not_applicable,unclear,gamma=8;p=2^-8;curve=P-256,-1,,not_applicable,not_applicable,unavailable,gc,go1.18.1,Release,JerryZ
2026-08-19T13:47:47.192919884Z,FMD,sender_signaling,fmd_sender_total_signaling,sender,464,false,not_applicable,unclear,gamma=8;p=2^-8;curve=P-256,357359,268,measured,ok,unavailable,gc,go1.18.1,Release,JerryZ
2026-08-19T13:47:47.195275245Z,FMD,sender_signaling,fmd_flag_generation,sender,465,false,not_applicable,unclear,gamma=8;p=2^-8;curve=P-256,349929,268,measured,ok,unavailable,gc,go1.18.1,Release,JerryZ
2026-08-19T13:47:47.196656062Z,FMD,sender_signaling,fmd_sender_preparation,sender,465,false,not_applicable,unclear,gamma=8;p=2^-8;curve=P-256,-1,,not_applicable,not_applicable,unavailable,gc,go1.18.1,Release,JerryZ
2026-08-19T13:47:47.198286751Z,FMD,sender_signaling,message_encryption,sender,465,false,not_applicable,unclear,gamma=8;p=2^-8;curve=P-256,-1,,not_applicable,not_applicable,unavailable,gc,go1.18.1,Release,JerryZ
2026-08-19T13:47:47.200404161Z,FMD,sender_signaling,fmd_sender_total_signaling,sender,465,false,not_applicable,unclear,gamma=8;p=2^-8;curve=P-256,407833,269,measured,ok,unavailable,gc,go1.18.1,Release,JerryZ
2026-08-19T13:47:47.202792079Z,FMD,sender_signaling,fmd_flag_generation,sender,466,false,not_applicable,unclear,gamma=8;p=2^-8;curve=P-256,365128,269,measured,ok,unavailable,gc,go1.18.1,Release,JerryZ
2026-08-19T13:47:47.203917826Z,FMD,sender_signaling,fmd_sender_preparation,sender,466,false,not_applicable,unclear,gamma=8;p=2^-8;curve=P-256,-1,,not_applicable,not_applicable,unavailable,gc,go1.18.1,Release,JerryZ
2026-08-19T13:47:47.204993741Z,FMD,sender_signaling,message_encryption,sender,466,false,not_applicable,unclear,gamma=8;p=2^-8;curve=P-256,-1,,not_applicable,not_applicable,unavailable,gc,go1.18.1,Release,JerryZ
2026-08-19T13:47:47.207006804Z,FMD,sender_signaling,fmd_sender_total_signaling,sender,466,false,not_applicable,unclear,gamma=8;p=2^-8;curve=P-256,366193,269,measured,ok,unavailable,gc,go1.18.1,Release,JerryZ
2026-08-19T13:47:47.209726252Z,FMD,sender_signaling,fmd_flag_generation,sender,467,false,not_applicable,unclear,gamma=8;p=2^-8;curve=P-256,418100,270,measured,ok,unavailable,gc,go1.18.1,Release,JerryZ
2026-08-19T13:47:47.210944116Z,FMD,sender_signaling,fmd_sender_preparation,sender,467,false,not_applicable,unclear,gamma=8;p=2^-8;curve=P-256,-1,,not_applicable,not_applicable,unavailable,gc,go1.18.1,Release,JerryZ
2026-08-19T13:47:47.212613564Z,FMD,sender_signaling,message_encryption,sender,467,false,not_applicable,unclear,gamma=8;p=2^-8;curve=P-256,-1,,not_applicable,not_applicable,unavailable,gc,go1.18.1,Release,JerryZ
2026-08-19T13:47:47.215347475Z,FMD,sender_signaling,fmd_sender_total_signaling,sender,467,false,not_applicable,unclear,gamma=8;p=2^-8;curve=P-256,514952,268,measured,ok,unavailable,gc,go1.18.1,Release,JerryZ
2026-08-19T13:47:47.217428361Z,FMD,sender_signaling,fmd_flag_generation,sender,468,false,not_applicable,unclear,gamma=8;p=2^-8;curve=P-256,364008,268,measured,ok,unavailable,gc,go1.18.1,Release,JerryZ
2026-08-19T13:47:47.218585994Z,FMD,sender_signaling,fmd_sender_preparation,sender,468,false,not_applicable,unclear,gamma=8;p=2^-8;curve=P-256,-1,,not_applicable,not_applicable,unavailable,gc,go1.18.1,Release,JerryZ
2026-08-19T13:47:47.219855677Z,FMD,sender_signaling,message_encryption,sender,468,false,not_applicable,unclear,gamma=8;p=2^-8;curve=P-256,-1,,not_applicable,not_applicable,unavailable,gc,go1.18.1,Release,JerryZ
2026-08-19T13:47:47.221764735Z,FMD,sender_signaling,fmd_sender_total_signaling,sender,468,false,not_applicable,unclear,gamma=8;p=2^-8;curve=P-256,392064,268,measured,ok,unavailable,gc,go1.18.1,Release,JerryZ
2026-08-19T13:47:47.223812182Z,FMD,sender_signaling,fmd_flag_generation,sender,469,false,not_applicable,unclear,gamma=8;p=2^-8;curve=P-256,352327,269,measured,ok,unavailable,gc,go1.18.1,Release,JerryZ
2026-08-19T13:47:47.225231414Z,FMD,sender_signaling,fmd_sender_preparation,sender,469,false,not_applicable,unclear,gamma=8;p=2^-8;curve=P-256,-1,,not_applicable,not_applicable,unavailable,gc,go1.18.1,Release,JerryZ
2026-08-19T13:47:47.226842413Z,FMD,sender_signaling,message_encryption,sender,469,false,not_applicable,unclear,gamma=8;p=2^-8;curve=P-256,-1,,not_applicable,not_applicable,unavailable,gc,go1.18.1,Release,JerryZ
2026-08-19T13:47:47.230182146Z,FMD,sender_signaling,fmd_sender_total_signaling,sender,469,false,not_applicable,unclear,gamma=8;p=2^-8;curve=P-256,818145,270,measured,ok,unavailable,gc,go1.18.1,Release,JerryZ
2026-08-19T13:47:47.232662103Z,FMD,sender_signaling,fmd_flag_generation,sender,470,false,not_applicable,unclear,gamma=8;p=2^-8;curve=P-256,384515,268,measured,ok,unavailable,gc,go1.18.1,Release,JerryZ
2026-08-19T13:47:47.234117941Z,FMD,sender_signaling,fmd_sender_preparation,sender,470,false,not_applicable,unclear,gamma=8;p=2^-8;curve=P-256,-1,,not_applicable,not_applicable,unavailable,gc,go1.18.1,Release,JerryZ
2026-08-19T13:47:47.23523331Z,FMD,sender_signaling,message_encryption,sender,470,false,not_applicable,unclear,gamma=8;p=2^-8;curve=P-256,-1,,not_applicable,not_applicable,unavailable,gc,go1.18.1,Release,JerryZ
2026-08-19T13:47:47.237597588Z,FMD,sender_signaling,fmd_sender_total_signaling,sender,470,false,not_applicable,unclear,gamma=8;p=2^-8;curve=P-256,805472,269,measured,ok,unavailable,gc,go1.18.1,Release,JerryZ
2026-08-19T13:47:47.239460305Z,FMD,sender_signaling,fmd_flag_generation,sender,471,false,not_applicable,unclear,gamma=8;p=2^-8;curve=P-256,355375,269,measured,ok,unavailable,gc,go1.18.1,Release,JerryZ
2026-08-19T13:47:47.240540555Z,FMD,sender_signaling,fmd_sender_preparation,sender,471,false,not_applicable,unclear,gamma=8;p=2^-8;curve=P-256,-1,,not_applicable,not_applicable,unavailable,gc,go1.18.1,Release,JerryZ
2026-08-19T13:47:47.241801707Z,FMD,sender_signaling,message_encryption,sender,471,false,not_applicable,unclear,gamma=8;p=2^-8;curve=P-256,-1,,not_applicable,not_applicable,unavailable,gc,go1.18.1,Release,JerryZ
2026-08-19T13:47:47.244437119Z,FMD,sender_signaling,fmd_sender_total_signaling,sender,471,false,not_applicable,unclear,gamma=8;p=2^-8;curve=P-256,400550,271,measured,ok,unavailable,gc,go1.18.1,Release,JerryZ
2026-08-19T13:47:47.247837005Z,FMD,sender_signaling,fmd_flag_generation,sender,472,false,not_applicable,unclear,gamma=8;p=2^-8;curve=P-256,416392,268,measured,ok,unavailable,gc,go1.18.1,Release,JerryZ
2026-08-19T13:47:47.249050843Z,FMD,sender_signaling,fmd_sender_preparation,sender,472,false,not_applicable,unclear,gamma=8;p=2^-8;curve=P-256,-1,,not_applicable,not_applicable,unavailable,gc,go1.18.1,Release,JerryZ
2026-08-19T13:47:47.250424367Z,FMD,sender_signaling,message_encryption,sender,472,false,not_applicable,unclear,gamma=8;p=2^-8;curve=P-256,-1,,not_applicable,not_applicable,unavailable,gc,go1.18.1,Release,JerryZ
2026-08-19T13:47:47.252524066Z,FMD,sender_signaling,fmd_sender_total_signaling,sender,472,false,not_applicable,unclear,gamma=8;p=2^-8;curve=P-256,365891,269,measured,ok,unavailable,gc,go1.18.1,Release,JerryZ
2026-08-19T13:47:47.255027905Z,FMD,sender_signaling,fmd_flag_generation,sender,473,false,not_applicable,unclear,gamma=8;p=2^-8;curve=P-256,789684,269,measured,ok,unavailable,gc,go1.18.1,Release,JerryZ
2026-08-19T13:47:47.25612363Z,FMD,sender_signaling,fmd_sender_preparation,sender,473,false,not_applicable,unclear,gamma=8;p=2^-8;curve=P-256,-1,,not_applicable,not_applicable,unavailable,gc,go1.18.1,Release,JerryZ
2026-08-19T13:47:47.257423896Z,FMD,sender_signaling,message_encryption,sender,473,false,not_applicable,unclear,gamma=8;p=2^-8;curve=P-256,-1,,not_applicable,not_applicable,unavailable,gc,go1.18.1,Release,JerryZ
2026-08-19T13:47:47.260341891Z,FMD,sender_signaling,fmd_sender_total_signaling,sender,473,false,not_applicable,unclear,gamma=8;p=2^-8;curve=P-256,409908,269,measured,ok,unavailable,gc,go1.18.1,Release,JerryZ
2026-08-19T13:47:47.262884928Z,FMD,sender_signaling,fmd_flag_generation,sender,474,false,not_applicable,unclear,gamma=8;p=2^-8;curve=P-256,372475,270,measured,ok,unavailable,gc,go1.18.1,Release,JerryZ
2026-08-19T13:47:47.264041848Z,FMD,sender_signaling,fmd_sender_preparation,sender,474,false,not_applicable,unclear,gamma=8;p=2^-8;curve=P-256,-1,,not_applicable,not_applicable,unavailable,gc,go1.18.1,Release,JerryZ
2026-08-19T13:47:47.265243632Z,FMD,sender_signaling,message_encryption,sender,474,false,not_applicable,unclear,gamma=8;p=2^-8;curve=P-256,-1,,not_applicable,not_applicable,unavailable,gc,go1.18.1,Release,JerryZ
2026-08-19T13:47:47.267210551Z,FMD,sender_signaling,fmd_sender_total_signaling,sender,474,false,not_applicable,unclear,gamma=8;p=2^-8;curve=P-256,394112,270,measured,ok,unavailable,gc,go1.18.1,Release,JerryZ
2026-08-19T13:47:47.270174208Z,FMD,sender_signaling,fmd_flag_generation,sender,475,false,not_applicable,unclear,gamma=8;p=2^-8;curve=P-256,436854,269,measured,ok,unavailable,gc,go1.18.1,Release,JerryZ
2026-08-19T13:47:47.271442542Z,FMD,sender_signaling,fmd_sender_preparation,sender,475,false,not_applicable,unclear,gamma=8;p=2^-8;curve=P-256,-1,,not_applicable,not_applicable,unavailable,gc,go1.18.1,Release,JerryZ
2026-08-19T13:47:47.272581356Z,FMD,sender_signaling,message_encryption,sender,475,false,not_applicable,unclear,gamma=8;p=2^-8;curve=P-256,-1,,not_applicable,not_applicable,unavailable,gc,go1.18.1,Release,JerryZ
2026-08-19T13:47:47.275182999Z,FMD,sender_signaling,fmd_sender_total_signaling,sender,475,false,not_applicable,unclear,gamma=8;p=2^-8;curve=P-256,650449,269,measured,ok,unavailable,gc,go1.18.1,Release,JerryZ
2026-08-19T13:47:47.277996097Z,FMD,sender_signaling,fmd_flag_generation,sender,476,false,not_applicable,unclear,gamma=8;p=2^-8;curve=P-256,435982,270,measured,ok,unavailable,gc,go1.18.1,Release,JerryZ
2026-08-19T13:47:47.27930484Z,FMD,sender_signaling,fmd_sender_preparation,sender,476,false,not_applicable,unclear,gamma=8;p=2^-8;curve=P-256,-1,,not_applicable,not_applicable,unavailable,gc,go1.18.1,Release,JerryZ
2026-08-19T13:47:47.280672358Z,FMD,sender_signaling,message_encryption,sender,476,false,not_applicable,unclear,gamma=8;p=2^-8;curve=P-256,-1,,not_applicable,not_applicable,unavailable,gc,go1.18.1,Release,JerryZ
2026-08-19T13:47:47.283808908Z,FMD,sender_signaling,fmd_sender_total_signaling,sender,476,false,not_applicable,unclear,gamma=8;p=2^-8;curve=P-256,896979,269,measured,ok,unavailable,gc,go1.18.1,Release,JerryZ
2026-08-19T13:47:47.286287525Z,FMD,sender_signaling,fmd_flag_generation,sender,477,false,not_applicable,unclear,gamma=8;p=2^-8;curve=P-256,472735,270,measured,ok,unavailable,gc,go1.18.1,Release,JerryZ
2026-08-19T13:47:47.287687232Z,FMD,sender_signaling,fmd_sender_preparation,sender,477,false,not_applicable,unclear,gamma=8;p=2^-8;curve=P-256,-1,,not_applicable,not_applicable,unavailable,gc,go1.18.1,Release,JerryZ
2026-08-19T13:47:47.289048717Z,FMD,sender_signaling,message_encryption,sender,477,false,not_applicable,unclear,gamma=8;p=2^-8;curve=P-256,-1,,not_applicable,not_applicable,unavailable,gc,go1.18.1,Release,JerryZ
2026-08-19T13:47:47.291672934Z,FMD,sender_signaling,fmd_sender_total_signaling,sender,477,false,not_applicable,unclear,gamma=8;p=2^-8;curve=P-256,435384,268,measured,ok,unavailable,gc,go1.18.1,Release,JerryZ
2026-08-19T13:47:47.293777652Z,FMD,sender_signaling,fmd_flag_generation,sender,478,false,not_applicable,unclear,gamma=8;p=2^-8;curve=P-256,405905,270,measured,ok,unavailable,gc,go1.18.1,Release,JerryZ
2026-08-19T13:47:47.294875361Z,FMD,sender_signaling,fmd_sender_preparation,sender,478,false,not_applicable,unclear,gamma=8;p=2^-8;curve=P-256,-1,,not_applicable,not_applicable,unavailable,gc,go1.18.1,Release,JerryZ
2026-08-19T13:47:47.296097555Z,FMD,sender_signaling,message_encryption,sender,478,false,not_applicable,unclear,gamma=8;p=2^-8;curve=P-256,-1,,not_applicable,not_applicable,unavailable,gc,go1.18.1,Release,JerryZ
2026-08-19T13:47:47.29850654Z,FMD,sender_signaling,fmd_sender_total_signaling,sender,478,false,not_applicable,unclear,gamma=8;p=2^-8;curve=P-256,398438,268,measured,ok,unavailable,gc,go1.18.1,Release,JerryZ
2026-08-19T13:47:47.300691193Z,FMD,sender_signaling,fmd_flag_generation,sender,479,false,not_applicable,unclear,gamma=8;p=2^-8;curve=P-256,353097,270,measured,ok,unavailable,gc,go1.18.1,Release,JerryZ
2026-08-19T13:47:47.302033649Z,FMD,sender_signaling,fmd_sender_preparation,sender,479,false,not_applicable,unclear,gamma=8;p=2^-8;curve=P-256,-1,,not_applicable,not_applicable,unavailable,gc,go1.18.1,Release,JerryZ
2026-08-19T13:47:47.303125255Z,FMD,sender_signaling,message_encryption,sender,479,false,not_applicable,unclear,gamma=8;p=2^-8;curve=P-256,-1,,not_applicable,not_applicable,unavailable,gc,go1.18.1,Release,JerryZ
2026-08-19T13:47:47.30594621Z,FMD,sender_signaling,fmd_sender_total_signaling,sender,479,false,not_applicable,unclear,gamma=8;p=2^-8;curve=P-256,728943,269,measured,ok,unavailable,gc,go1.18.1,Release,JerryZ
2026-08-19T13:47:47.308460772Z,FMD,sender_signaling,fmd_flag_generation,sender,480,false,not_applicable,unclear,gamma=8;p=2^-8;curve=P-256,383128,269,measured,ok,unavailable,gc,go1.18.1,Release,JerryZ
2026-08-19T13:47:47.309644119Z,FMD,sender_signaling,fmd_sender_preparation,sender,480,false,not_applicable,unclear,gamma=8;p=2^-8;curve=P-256,-1,,not_applicable,not_applicable,unavailable,gc,go1.18.1,Release,JerryZ
2026-08-19T13:47:47.310916497Z,FMD,sender_signaling,message_encryption,sender,480,false,not_applicable,unclear,gamma=8;p=2^-8;curve=P-256,-1,,not_applicable,not_applicable,unavailable,gc,go1.18.1,Release,JerryZ
2026-08-19T13:47:47.312807532Z,FMD,sender_signaling,fmd_sender_total_signaling,sender,480,false,not_applicable,unclear,gamma=8;p=2^-8;curve=P-256,372595,271,measured,ok,unavailable,gc,go1.18.1,Release,JerryZ
2026-08-19T13:47:47.315077603Z,FMD,sender_signaling,fmd_flag_generation,sender,481,false,not_applicable,unclear,gamma=8;p=2^-8;curve=P-256,368582,267,measured,ok,unavailable,gc,go1.18.1,Release,JerryZ
2026-08-19T13:47:47.316210403Z,FMD,sender_signaling,fmd_sender_preparation,sender,481,false,not_applicable,unclear,gamma=8;p=2^-8;curve=P-256,-1,,not_applicable,not_applicable,unavailable,gc,go1.18.1,Release,JerryZ
2026-08-19T13:47:47.317388368Z,FMD,sender_signaling,message_encryption,sender,481,false,not_applicable,unclear,gamma=8;p=2^-8;curve=P-256,-1,,not_applicable,not_applicable,unavailable,gc,go1.18.1,Release,JerryZ
2026-08-19T13:47:47.320749884Z,FMD,sender_signaling,fmd_sender_total_signaling,sender,481,false,not_applicable,unclear,gamma=8;p=2^-8;curve=P-256,462963,268,measured,ok,unavailable,gc,go1.18.1,Release,JerryZ
2026-08-19T13:47:47.323275255Z,FMD,sender_signaling,fmd_flag_generation,sender,482,false,not_applicable,unclear,gamma=8;p=2^-8;curve=P-256,381173,269,measured,ok,unavailable,gc,go1.18.1,Release,JerryZ
2026-08-19T13:47:47.32448991Z,FMD,sender_signaling,fmd_sender_preparation,sender,482,false,not_applicable,unclear,gamma=8;p=2^-8;curve=P-256,-1,,not_applicable,not_applicable,unavailable,gc,go1.18.1,Release,JerryZ
2026-08-19T13:47:47.325746117Z,FMD,sender_signaling,message_encryption,sender,482,false,not_applicable,unclear,gamma=8;p=2^-8;curve=P-256,-1,,not_applicable,not_applicable,unavailable,gc,go1.18.1,Release,JerryZ
2026-08-19T13:47:47.328139053Z,FMD,sender_signaling,fmd_sender_total_signaling,sender,482,false,not_applicable,unclear,gamma=8;p=2^-8;curve=P-256,420314,269,measured,ok,unavailable,gc,go1.18.1,Release,JerryZ
2026-08-19T13:47:47.330735277Z,FMD,sender_signaling,fmd_flag_generation,sender,483,false,not_applicable,unclear,gamma=8;p=2^-8;curve=P-256,593749,269,measured,ok,unavailable,gc,go1.18.1,Release,JerryZ
2026-08-19T13:47:47.332053625Z,FMD,sender_signaling,fmd_sender_preparation,sender,483,false,not_applicable,unclear,gamma=8;p=2^-8;curve=P-256,-1,,not_applicable,not_applicable,unavailable,gc,go1.18.1,Release,JerryZ
2026-08-19T13:47:47.333221911Z,FMD,sender_signaling,message_encryption,sender,483,false,not_applicable,unclear,gamma=8;p=2^-8;curve=P-256,-1,,not_applicable,not_applicable,unavailable,gc,go1.18.1,Release,JerryZ
2026-08-19T13:47:47.3359872Z,FMD,sender_signaling,fmd_sender_total_signaling,sender,483,false,not_applicable,unclear,gamma=8;p=2^-8;curve=P-256,418660,270,measured,ok,unavailable,gc,go1.18.1,Release,JerryZ
2026-08-19T13:47:47.338448046Z,FMD,sender_signaling,fmd_flag_generation,sender,484,false,not_applicable,unclear,gamma=8;p=2^-8;curve=P-256,377453,269,measured,ok,unavailable,gc,go1.18.1,Release,JerryZ
2026-08-19T13:47:47.339560494Z,FMD,sender_signaling,fmd_sender_preparation,sender,484,false,not_applicable,unclear,gamma=8;p=2^-8;curve=P-256,-1,,not_applicable,not_applicable,unavailable,gc,go1.18.1,Release,JerryZ
2026-08-19T13:47:47.340668957Z,FMD,sender_signaling,message_encryption,sender,484,false,not_applicable,unclear,gamma=8;p=2^-8;curve=P-256,-1,,not_applicable,not_applicable,unavailable,gc,go1.18.1,Release,JerryZ
2026-08-19T13:47:47.342658225Z,FMD,sender_signaling,fmd_sender_total_signaling,sender,484,false,not_applicable,unclear,gamma=8;p=2^-8;curve=P-256,373283,271,measured,ok,unavailable,gc,go1.18.1,Release,JerryZ
2026-08-19T13:47:47.34485051Z,FMD,sender_signaling,fmd_flag_generation,sender,485,false,not_applicable,unclear,gamma=8;p=2^-8;curve=P-256,358782,269,measured,ok,unavailable,gc,go1.18.1,Release,JerryZ
2026-08-19T13:47:47.34604913Z,FMD,sender_signaling,fmd_sender_preparation,sender,485,false,not_applicable,unclear,gamma=8;p=2^-8;curve=P-256,-1,,not_applicable,not_applicable,unavailable,gc,go1.18.1,Release,JerryZ
2026-08-19T13:47:47.347255069Z,FMD,sender_signaling,message_encryption,sender,485,false,not_applicable,unclear,gamma=8;p=2^-8;curve=P-256,-1,,not_applicable,not_applicable,unavailable,gc,go1.18.1,Release,JerryZ
2026-08-19T13:47:47.349279107Z,FMD,sender_signaling,fmd_sender_total_signaling,sender,485,false,not_applicable,unclear,gamma=8;p=2^-8;curve=P-256,428763,267,measured,ok,unavailable,gc,go1.18.1,Release,JerryZ
2026-08-19T13:47:47.35308409Z,FMD,sender_signaling,fmd_flag_generation,sender,486,false,not_applicable,unclear,gamma=8;p=2^-8;curve=P-256,857287,269,measured,ok,unavailable,gc,go1.18.1,Release,JerryZ
2026-08-19T13:47:47.354451332Z,FMD,sender_signaling,fmd_sender_preparation,sender,486,false,not_applicable,unclear,gamma=8;p=2^-8;curve=P-256,-1,,not_applicable,not_applicable,unavailable,gc,go1.18.1,Release,JerryZ
2026-08-19T13:47:47.355515106Z,FMD,sender_signaling,message_encryption,sender,486,false,not_applicable,unclear,gamma=8;p=2^-8;curve=P-256,-1,,not_applicable,not_applicable,unavailable,gc,go1.18.1,Release,JerryZ
2026-08-19T13:47:47.358262073Z,FMD,sender_signaling,fmd_sender_total_signaling,sender,486,false,not_applicable,unclear,gamma=8;p=2^-8;curve=P-256,517689,269,measured,ok,unavailable,gc,go1.18.1,Release,JerryZ
2026-08-19T13:47:47.36027183Z,FMD,sender_signaling,fmd_flag_generation,sender,487,false,not_applicable,unclear,gamma=8;p=2^-8;curve=P-256,355017,269,measured,ok,unavailable,gc,go1.18.1,Release,JerryZ
2026-08-19T13:47:47.361500403Z,FMD,sender_signaling,fmd_sender_preparation,sender,487,false,not_applicable,unclear,gamma=8;p=2^-8;curve=P-256,-1,,not_applicable,not_applicable,unavailable,gc,go1.18.1,Release,JerryZ
2026-08-19T13:47:47.362591861Z,FMD,sender_signaling,message_encryption,sender,487,false,not_applicable,unclear,gamma=8;p=2^-8;curve=P-256,-1,,not_applicable,not_applicable,unavailable,gc,go1.18.1,Release,JerryZ
2026-08-19T13:47:47.365314022Z,FMD,sender_signaling,fmd_sender_total_signaling,sender,487,false,not_applicable,unclear,gamma=8;p=2^-8;curve=P-256,829736,269,measured,ok,unavailable,gc,go1.18.1,Release,JerryZ
2026-08-19T13:47:47.368284668Z,FMD,sender_signaling,fmd_flag_generation,sender,488,false,not_applicable,unclear,gamma=8;p=2^-8;curve=P-256,737521,270,measured,ok,unavailable,gc,go1.18.1,Release,JerryZ
2026-08-19T13:47:47.369444027Z,FMD,sender_signaling,fmd_sender_preparation,sender,488,false,not_applicable,unclear,gamma=8;p=2^-8;curve=P-256,-1,,not_applicable,not_applicable,unavailable,gc,go1.18.1,Release,JerryZ
2026-08-19T13:47:47.370543343Z,FMD,sender_signaling,message_encryption,sender,488,false,not_applicable,unclear,gamma=8;p=2^-8;curve=P-256,-1,,not_applicable,not_applicable,unavailable,gc,go1.18.1,Release,JerryZ
2026-08-19T13:47:47.372941978Z,FMD,sender_signaling,fmd_sender_total_signaling,sender,488,false,not_applicable,unclear,gamma=8;p=2^-8;curve=P-256,755677,269,measured,ok,unavailable,gc,go1.18.1,Release,JerryZ
2026-08-19T13:47:47.375268107Z,FMD,sender_signaling,fmd_flag_generation,sender,489,false,not_applicable,unclear,gamma=8;p=2^-8;curve=P-256,364357,269,measured,ok,unavailable,gc,go1.18.1,Release,JerryZ
2026-08-19T13:47:47.376688211Z,FMD,sender_signaling,fmd_sender_preparation,sender,489,false,not_applicable,unclear,gamma=8;p=2^-8;curve=P-256,-1,,not_applicable,not_applicable,unavailable,gc,go1.18.1,Release,JerryZ
2026-08-19T13:47:47.377981708Z,FMD,sender_signaling,message_encryption,sender,489,false,not_applicable,unclear,gamma=8;p=2^-8;curve=P-256,-1,,not_applicable,not_applicable,unavailable,gc,go1.18.1,Release,JerryZ
2026-08-19T13:47:47.380571154Z,FMD,sender_signaling,fmd_sender_total_signaling,sender,489,false,not_applicable,unclear,gamma=8;p=2^-8;curve=P-256,820956,270,measured,ok,unavailable,gc,go1.18.1,Release,JerryZ
2026-08-19T13:47:47.384537043Z,FMD,sender_signaling,fmd_flag_generation,sender,490,false,not_applicable,unclear,gamma=8;p=2^-8;curve=P-256,416411,268,measured,ok,unavailable,gc,go1.18.1,Release,JerryZ
2026-08-19T13:47:47.386273368Z,FMD,sender_signaling,fmd_sender_preparation,sender,490,false,not_applicable,unclear,gamma=8;p=2^-8;curve=P-256,-1,,not_applicable,not_applicable,unavailable,gc,go1.18.1,Release,JerryZ
2026-08-19T13:47:47.387464254Z,FMD,sender_signaling,message_encryption,sender,490,false,not_applicable,unclear,gamma=8;p=2^-8;curve=P-256,-1,,not_applicable,not_applicable,unavailable,gc,go1.18.1,Release,JerryZ
2026-08-19T13:47:47.389529436Z,FMD,sender_signaling,fmd_sender_total_signaling,sender,490,false,not_applicable,unclear,gamma=8;p=2^-8;curve=P-256,381668,268,measured,ok,unavailable,gc,go1.18.1,Release,JerryZ
2026-08-19T13:47:47.391595012Z,FMD,sender_signaling,fmd_flag_generation,sender,491,false,not_applicable,unclear,gamma=8;p=2^-8;curve=P-256,351463,269,measured,ok,unavailable,gc,go1.18.1,Release,JerryZ
2026-08-19T13:47:47.392994343Z,FMD,sender_signaling,fmd_sender_preparation,sender,491,false,not_applicable,unclear,gamma=8;p=2^-8;curve=P-256,-1,,not_applicable,not_applicable,unavailable,gc,go1.18.1,Release,JerryZ
2026-08-19T13:47:47.395291452Z,FMD,sender_signaling,message_encryption,sender,491,false,not_applicable,unclear,gamma=8;p=2^-8;curve=P-256,-1,,not_applicable,not_applicable,unavailable,gc,go1.18.1,Release,JerryZ
2026-08-19T13:47:47.397458371Z,FMD,sender_signaling,fmd_sender_total_signaling,sender,491,false,not_applicable,unclear,gamma=8;p=2^-8;curve=P-256,411231,268,measured,ok,unavailable,gc,go1.18.1,Release,JerryZ
2026-08-19T13:47:47.399571037Z,FMD,sender_signaling,fmd_flag_generation,sender,492,false,not_applicable,unclear,gamma=8;p=2^-8;curve=P-256,363779,269,measured,ok,unavailable,gc,go1.18.1,Release,JerryZ
2026-08-19T13:47:47.400871757Z,FMD,sender_signaling,fmd_sender_preparation,sender,492,false,not_applicable,unclear,gamma=8;p=2^-8;curve=P-256,-1,,not_applicable,not_applicable,unavailable,gc,go1.18.1,Release,JerryZ
2026-08-19T13:47:47.402223719Z,FMD,sender_signaling,message_encryption,sender,492,false,not_applicable,unclear,gamma=8;p=2^-8;curve=P-256,-1,,not_applicable,not_applicable,unavailable,gc,go1.18.1,Release,JerryZ
2026-08-19T13:47:47.404200745Z,FMD,sender_signaling,fmd_sender_total_signaling,sender,492,false,not_applicable,unclear,gamma=8;p=2^-8;curve=P-256,384772,270,measured,ok,unavailable,gc,go1.18.1,Release,JerryZ
2026-08-19T13:47:47.406101202Z,FMD,sender_signaling,fmd_flag_generation,sender,493,false,not_applicable,unclear,gamma=8;p=2^-8;curve=P-256,399687,269,measured,ok,unavailable,gc,go1.18.1,Release,JerryZ
2026-08-19T13:47:47.407208296Z,FMD,sender_signaling,fmd_sender_preparation,sender,493,false,not_applicable,unclear,gamma=8;p=2^-8;curve=P-256,-1,,not_applicable,not_applicable,unavailable,gc,go1.18.1,Release,JerryZ
2026-08-19T13:47:47.408707441Z,FMD,sender_signaling,message_encryption,sender,493,false,not_applicable,unclear,gamma=8;p=2^-8;curve=P-256,-1,,not_applicable,not_applicable,unavailable,gc,go1.18.1,Release,JerryZ
2026-08-19T13:47:47.411127207Z,FMD,sender_signaling,fmd_sender_total_signaling,sender,493,false,not_applicable,unclear,gamma=8;p=2^-8;curve=P-256,435026,268,measured,ok,unavailable,gc,go1.18.1,Release,JerryZ
2026-08-19T13:47:47.414155381Z,FMD,sender_signaling,fmd_flag_generation,sender,494,false,not_applicable,unclear,gamma=8;p=2^-8;curve=P-256,611832,270,measured,ok,unavailable,gc,go1.18.1,Release,JerryZ
2026-08-19T13:47:47.415852826Z,FMD,sender_signaling,fmd_sender_preparation,sender,494,false,not_applicable,unclear,gamma=8;p=2^-8;curve=P-256,-1,,not_applicable,not_applicable,unavailable,gc,go1.18.1,Release,JerryZ
2026-08-19T13:47:47.417124589Z,FMD,sender_signaling,message_encryption,sender,494,false,not_applicable,unclear,gamma=8;p=2^-8;curve=P-256,-1,,not_applicable,not_applicable,unavailable,gc,go1.18.1,Release,JerryZ
2026-08-19T13:47:47.419311222Z,FMD,sender_signaling,fmd_sender_total_signaling,sender,494,false,not_applicable,unclear,gamma=8;p=2^-8;curve=P-256,463386,268,measured,ok,unavailable,gc,go1.18.1,Release,JerryZ
2026-08-19T13:47:47.42163702Z,FMD,sender_signaling,fmd_flag_generation,sender,495,false,not_applicable,unclear,gamma=8;p=2^-8;curve=P-256,402497,270,measured,ok,unavailable,gc,go1.18.1,Release,JerryZ
2026-08-19T13:47:47.422749533Z,FMD,sender_signaling,fmd_sender_preparation,sender,495,false,not_applicable,unclear,gamma=8;p=2^-8;curve=P-256,-1,,not_applicable,not_applicable,unavailable,gc,go1.18.1,Release,JerryZ
2026-08-19T13:47:47.423849225Z,FMD,sender_signaling,message_encryption,sender,495,false,not_applicable,unclear,gamma=8;p=2^-8;curve=P-256,-1,,not_applicable,not_applicable,unavailable,gc,go1.18.1,Release,JerryZ
2026-08-19T13:47:47.426790566Z,FMD,sender_signaling,fmd_sender_total_signaling,sender,495,false,not_applicable,unclear,gamma=8;p=2^-8;curve=P-256,992977,268,measured,ok,unavailable,gc,go1.18.1,Release,JerryZ
2026-08-19T13:47:47.429399024Z,FMD,sender_signaling,fmd_flag_generation,sender,496,false,not_applicable,unclear,gamma=8;p=2^-8;curve=P-256,363228,267,measured,ok,unavailable,gc,go1.18.1,Release,JerryZ
2026-08-19T13:47:47.430507238Z,FMD,sender_signaling,fmd_sender_preparation,sender,496,false,not_applicable,unclear,gamma=8;p=2^-8;curve=P-256,-1,,not_applicable,not_applicable,unavailable,gc,go1.18.1,Release,JerryZ
2026-08-19T13:47:47.431989875Z,FMD,sender_signaling,message_encryption,sender,496,false,not_applicable,unclear,gamma=8;p=2^-8;curve=P-256,-1,,not_applicable,not_applicable,unavailable,gc,go1.18.1,Release,JerryZ
2026-08-19T13:47:47.434623459Z,FMD,sender_signaling,fmd_sender_total_signaling,sender,496,false,not_applicable,unclear,gamma=8;p=2^-8;curve=P-256,728217,269,measured,ok,unavailable,gc,go1.18.1,Release,JerryZ
2026-08-19T13:47:47.436669176Z,FMD,sender_signaling,fmd_flag_generation,sender,497,false,not_applicable,unclear,gamma=8;p=2^-8;curve=P-256,352519,268,measured,ok,unavailable,gc,go1.18.1,Release,JerryZ
2026-08-19T13:47:47.437760946Z,FMD,sender_signaling,fmd_sender_preparation,sender,497,false,not_applicable,unclear,gamma=8;p=2^-8;curve=P-256,-1,,not_applicable,not_applicable,unavailable,gc,go1.18.1,Release,JerryZ
2026-08-19T13:47:47.438873734Z,FMD,sender_signaling,message_encryption,sender,497,false,not_applicable,unclear,gamma=8;p=2^-8;curve=P-256,-1,,not_applicable,not_applicable,unavailable,gc,go1.18.1,Release,JerryZ
2026-08-19T13:47:47.441217974Z,FMD,sender_signaling,fmd_sender_total_signaling,sender,497,false,not_applicable,unclear,gamma=8;p=2^-8;curve=P-256,693081,270,measured,ok,unavailable,gc,go1.18.1,Release,JerryZ
2026-08-19T13:47:47.443866784Z,FMD,sender_signaling,fmd_flag_generation,sender,498,false,not_applicable,unclear,gamma=8;p=2^-8;curve=P-256,367975,270,measured,ok,unavailable,gc,go1.18.1,Release,JerryZ
2026-08-19T13:47:47.445030854Z,FMD,sender_signaling,fmd_sender_preparation,sender,498,false,not_applicable,unclear,gamma=8;p=2^-8;curve=P-256,-1,,not_applicable,not_applicable,unavailable,gc,go1.18.1,Release,JerryZ
2026-08-19T13:47:47.446198484Z,FMD,sender_signaling,message_encryption,sender,498,false,not_applicable,unclear,gamma=8;p=2^-8;curve=P-256,-1,,not_applicable,not_applicable,unavailable,gc,go1.18.1,Release,JerryZ
2026-08-19T13:47:47.448650085Z,FMD,sender_signaling,fmd_sender_total_signaling,sender,498,false,not_applicable,unclear,gamma=8;p=2^-8;curve=P-256,753914,269,measured,ok,unavailable,gc,go1.18.1,Release,JerryZ
2026-08-19T13:47:47.45114762Z,FMD,sender_signaling,fmd_flag_generation,sender,499,false,not_applicable,unclear,gamma=8;p=2^-8;curve=P-256,380649,269,measured,ok,unavailable,gc,go1.18.1,Release,JerryZ
2026-08-19T13:47:47.45239169Z,FMD,sender_signaling,fmd_sender_preparation,sender,499,false,not_applicable,unclear,gamma=8;p=2^-8;curve=P-256,-1,,not_applicable,not_applicable,unavailable,gc,go1.18.1,Release,JerryZ
2026-08-19T13:47:47.453705732Z,FMD,sender_signaling,message_encryption,sender,499,false,not_applicable,unclear,gamma=8;p=2^-8;curve=P-256,-1,,not_applicable,not_applicable,unavailable,gc,go1.18.1,Release,JerryZ
2026-08-19T13:47:47.455625461Z,FMD,sender_signaling,fmd_sender_total_signaling,sender,499,false,not_applicable,unclear,gamma=8;p=2^-8;curve=P-256,372245,271,measured,ok,unavailable,gc,go1.18.1,Release,JerryZ
2026-08-19T13:47:47.458372298Z,FMD,sender_signaling,fmd_flag_generation,sender,500,false,not_applicable,unclear,gamma=8;p=2^-8;curve=P-256,411672,270,measured,ok,unavailable,gc,go1.18.1,Release,JerryZ
2026-08-19T13:47:47.459746796Z,FMD,sender_signaling,fmd_sender_preparation,sender,500,false,not_applicable,unclear,gamma=8;p=2^-8;curve=P-256,-1,,not_applicable,not_applicable,unavailable,gc,go1.18.1,Release,JerryZ
2026-08-19T13:47:47.460807632Z,FMD,sender_signaling,message_encryption,sender,500,false,not_applicable,unclear,gamma=8;p=2^-8;curve=P-256,-1,,not_applicable,not_applicable,unavailable,gc,go1.18.1,Release,JerryZ
2026-08-19T13:47:47.462668622Z,FMD,sender_signaling,fmd_sender_total_signaling,sender,500,false,not_applicable,unclear,gamma=8;p=2^-8;curve=P-256,389622,269,measured,ok,unavailable,gc,go1.18.1,Release,JerryZ
2026-08-19T13:47:47.464966327Z,FMD,sender_signaling,fmd_flag_generation,sender,501,false,not_applicable,unclear,gamma=8;p=2^-8;curve=P-256,389943,269,measured,ok,unavailable,gc,go1.18.1,Release,JerryZ
2026-08-19T13:47:47.466767154Z,FMD,sender_signaling,fmd_sender_preparation,sender,501,false,not_applicable,unclear,gamma=8;p=2^-8;curve=P-256,-1,,not_applicable,not_applicable,unavailable,gc,go1.18.1,Release,JerryZ
2026-08-19T13:47:47.467941611Z,FMD,sender_signaling,message_encryption,sender,501,false,not_applicable,unclear,gamma=8;p=2^-8;curve=P-256,-1,,not_applicable,not_applicable,unavailable,gc,go1.18.1,Release,JerryZ
2026-08-19T13:47:47.470009043Z,FMD,sender_signaling,fmd_sender_total_signaling,sender,501,false,not_applicable,unclear,gamma=8;p=2^-8;curve=P-256,395628,268,measured,ok,unavailable,gc,go1.18.1,Release,JerryZ
2026-08-19T13:47:47.473005065Z,FMD,sender_signaling,fmd_flag_generation,sender,502,false,not_applicable,unclear,gamma=8;p=2^-8;curve=P-256,825585,269,measured,ok,unavailable,gc,go1.18.1,Release,JerryZ
2026-08-19T13:47:47.475541347Z,FMD,sender_signaling,fmd_sender_preparation,sender,502,false,not_applicable,unclear,gamma=8;p=2^-8;curve=P-256,-1,,not_applicable,not_applicable,unavailable,gc,go1.18.1,Release,JerryZ
2026-08-19T13:47:47.476950605Z,FMD,sender_signaling,message_encryption,sender,502,false,not_applicable,unclear,gamma=8;p=2^-8;curve=P-256,-1,,not_applicable,not_applicable,unavailable,gc,go1.18.1,Release,JerryZ
2026-08-19T13:47:47.479186563Z,FMD,sender_signaling,fmd_sender_total_signaling,sender,502,false,not_applicable,unclear,gamma=8;p=2^-8;curve=P-256,380107,269,measured,ok,unavailable,gc,go1.18.1,Release,JerryZ
2026-08-19T13:47:47.481747177Z,FMD,sender_signaling,fmd_flag_generation,sender,503,false,not_applicable,unclear,gamma=8;p=2^-8;curve=P-256,856616,270,measured,ok,unavailable,gc,go1.18.1,Release,JerryZ
2026-08-19T13:47:47.482868708Z,FMD,sender_signaling,fmd_sender_preparation,sender,503,false,not_applicable,unclear,gamma=8;p=2^-8;curve=P-256,-1,,not_applicable,not_applicable,unavailable,gc,go1.18.1,Release,JerryZ
2026-08-19T13:47:47.484059641Z,FMD,sender_signaling,message_encryption,sender,503,false,not_applicable,unclear,gamma=8;p=2^-8;curve=P-256,-1,,not_applicable,not_applicable,unavailable,gc,go1.18.1,Release,JerryZ
2026-08-19T13:47:47.486001043Z,FMD,sender_signaling,fmd_sender_total_signaling,sender,503,false,not_applicable,unclear,gamma=8;p=2^-8;curve=P-256,405344,268,measured,ok,unavailable,gc,go1.18.1,Release,JerryZ
2026-08-19T13:47:47.489004779Z,FMD,sender_signaling,fmd_flag_generation,sender,504,false,not_applicable,unclear,gamma=8;p=2^-8;curve=P-256,450785,268,measured,ok,unavailable,gc,go1.18.1,Release,JerryZ
2026-08-19T13:47:47.49062767Z,FMD,sender_signaling,fmd_sender_preparation,sender,504,false,not_applicable,unclear,gamma=8;p=2^-8;curve=P-256,-1,,not_applicable,not_applicable,unavailable,gc,go1.18.1,Release,JerryZ
2026-08-19T13:47:47.491716093Z,FMD,sender_signaling,message_encryption,sender,504,false,not_applicable,unclear,gamma=8;p=2^-8;curve=P-256,-1,,not_applicable,not_applicable,unavailable,gc,go1.18.1,Release,JerryZ
2026-08-19T13:47:47.493763748Z,FMD,sender_signaling,fmd_sender_total_signaling,sender,504,false,not_applicable,unclear,gamma=8;p=2^-8;curve=P-256,522810,269,measured,ok,unavailable,gc,go1.18.1,Release,JerryZ
2026-08-19T13:47:47.496041033Z,FMD,sender_signaling,fmd_flag_generation,sender,505,false,not_applicable,unclear,gamma=8;p=2^-8;curve=P-256,370694,270,measured,ok,unavailable,gc,go1.18.1,Release,JerryZ
2026-08-19T13:47:47.49724992Z,FMD,sender_signaling,fmd_sender_preparation,sender,505,false,not_applicable,unclear,gamma=8;p=2^-8;curve=P-256,-1,,not_applicable,not_applicable,unavailable,gc,go1.18.1,Release,JerryZ
2026-08-19T13:47:47.498397863Z,FMD,sender_signaling,message_encryption,sender,505,false,not_applicable,unclear,gamma=8;p=2^-8;curve=P-256,-1,,not_applicable,not_applicable,unavailable,gc,go1.18.1,Release,JerryZ
2026-08-19T13:47:47.501304278Z,FMD,sender_signaling,fmd_sender_total_signaling,sender,505,false,not_applicable,unclear,gamma=8;p=2^-8;curve=P-256,835448,269,measured,ok,unavailable,gc,go1.18.1,Release,JerryZ
2026-08-19T13:47:47.504454247Z,FMD,sender_signaling,fmd_flag_generation,sender,506,false,not_applicable,unclear,gamma=8;p=2^-8;curve=P-256,521684,269,measured,ok,unavailable,gc,go1.18.1,Release,JerryZ
2026-08-19T13:47:47.506273211Z,FMD,sender_signaling,fmd_sender_preparation,sender,506,false,not_applicable,unclear,gamma=8;p=2^-8;curve=P-256,-1,,not_applicable,not_applicable,unavailable,gc,go1.18.1,Release,JerryZ
2026-08-19T13:47:47.507452334Z,FMD,sender_signaling,message_encryption,sender,506,false,not_applicable,unclear,gamma=8;p=2^-8;curve=P-256,-1,,not_applicable,not_applicable,unavailable,gc,go1.18.1,Release,JerryZ
2026-08-19T13:47:47.509591178Z,FMD,sender_signaling,fmd_sender_total_signaling,sender,506,false,not_applicable,unclear,gamma=8;p=2^-8;curve=P-256,395499,269,measured,ok,unavailable,gc,go1.18.1,Release,JerryZ
2026-08-19T13:47:47.511460158Z,FMD,sender_signaling,fmd_flag_generation,sender,507,false,not_applicable,unclear,gamma=8;p=2^-8;curve=P-256,356707,269,measured,ok,unavailable,gc,go1.18.1,Release,JerryZ
2026-08-19T13:47:47.512616615Z,FMD,sender_signaling,fmd_sender_preparation,sender,507,false,not_applicable,unclear,gamma=8;p=2^-8;curve=P-256,-1,,not_applicable,not_applicable,unavailable,gc,go1.18.1,Release,JerryZ
2026-08-19T13:47:47.5137912Z,FMD,sender_signaling,message_encryption,sender,507,false,not_applicable,unclear,gamma=8;p=2^-8;curve=P-256,-1,,not_applicable,not_applicable,unavailable,gc,go1.18.1,Release,JerryZ
2026-08-19T13:47:47.515707109Z,FMD,sender_signaling,fmd_sender_total_signaling,sender,507,false,not_applicable,unclear,gamma=8;p=2^-8;curve=P-256,379933,269,measured,ok,unavailable,gc,go1.18.1,Release,JerryZ
2026-08-19T13:47:47.518311222Z,FMD,sender_signaling,fmd_flag_generation,sender,508,false,not_applicable,unclear,gamma=8;p=2^-8;curve=P-256,724654,268,measured,ok,unavailable,gc,go1.18.1,Release,JerryZ
2026-08-19T13:47:47.52034405Z,FMD,sender_signaling,fmd_sender_preparation,sender,508,false,not_applicable,unclear,gamma=8;p=2^-8;curve=P-256,-1,,not_applicable,not_applicable,unavailable,gc,go1.18.1,Release,JerryZ
2026-08-19T13:47:47.521758801Z,FMD,sender_signaling,message_encryption,sender,508,false,not_applicable,unclear,gamma=8;p=2^-8;curve=P-256,-1,,not_applicable,not_applicable,unavailable,gc,go1.18.1,Release,JerryZ
2026-08-19T13:47:47.524024506Z,FMD,sender_signaling,fmd_sender_total_signaling,sender,508,false,not_applicable,unclear,gamma=8;p=2^-8;curve=P-256,415896,270,measured,ok,unavailable,gc,go1.18.1,Release,JerryZ
2026-08-19T13:47:47.526493149Z,FMD,sender_signaling,fmd_flag_generation,sender,509,false,not_applicable,unclear,gamma=8;p=2^-8;curve=P-256,409693,269,measured,ok,unavailable,gc,go1.18.1,Release,JerryZ
2026-08-19T13:47:47.527895239Z,FMD,sender_signaling,fmd_sender_preparation,sender,509,false,not_applicable,unclear,gamma=8;p=2^-8;curve=P-256,-1,,not_applicable,not_applicable,unavailable,gc,go1.18.1,Release,JerryZ
2026-08-19T13:47:47.529178248Z,FMD,sender_signaling,message_encryption,sender,509,false,not_applicable,unclear,gamma=8;p=2^-8;curve=P-256,-1,,not_applicable,not_applicable,unavailable,gc,go1.18.1,Release,JerryZ
2026-08-19T13:47:47.531200955Z,FMD,sender_signaling,fmd_sender_total_signaling,sender,509,false,not_applicable,unclear,gamma=8;p=2^-8;curve=P-256,385470,269,measured,ok,unavailable,gc,go1.18.1,Release,JerryZ
2026-08-19T13:47:47.534026525Z,FMD,sender_signaling,fmd_flag_generation,sender,510,false,not_applicable,unclear,gamma=8;p=2^-8;curve=P-256,600398,270,measured,ok,unavailable,gc,go1.18.1,Release,JerryZ
2026-08-19T13:47:47.53570046Z,FMD,sender_signaling,fmd_sender_preparation,sender,510,false,not_applicable,unclear,gamma=8;p=2^-8;curve=P-256,-1,,not_applicable,not_applicable,unavailable,gc,go1.18.1,Release,JerryZ
2026-08-19T13:47:47.537152028Z,FMD,sender_signaling,message_encryption,sender,510,false,not_applicable,unclear,gamma=8;p=2^-8;curve=P-256,-1,,not_applicable,not_applicable,unavailable,gc,go1.18.1,Release,JerryZ
2026-08-19T13:47:47.539031394Z,FMD,sender_signaling,fmd_sender_total_signaling,sender,510,false,not_applicable,unclear,gamma=8;p=2^-8;curve=P-256,373917,269,measured,ok,unavailable,gc,go1.18.1,Release,JerryZ
2026-08-19T13:47:47.54091319Z,FMD,sender_signaling,fmd_flag_generation,sender,511,false,not_applicable,unclear,gamma=8;p=2^-8;curve=P-256,379910,267,measured,ok,unavailable,gc,go1.18.1,Release,JerryZ
2026-08-19T13:47:47.54308589Z,FMD,sender_signaling,fmd_sender_preparation,sender,511,false,not_applicable,unclear,gamma=8;p=2^-8;curve=P-256,-1,,not_applicable,not_applicable,unavailable,gc,go1.18.1,Release,JerryZ
2026-08-19T13:47:47.544527999Z,FMD,sender_signaling,message_encryption,sender,511,false,not_applicable,unclear,gamma=8;p=2^-8;curve=P-256,-1,,not_applicable,not_applicable,unavailable,gc,go1.18.1,Release,JerryZ
2026-08-19T13:47:47.546783138Z,FMD,sender_signaling,fmd_sender_total_signaling,sender,511,false,not_applicable,unclear,gamma=8;p=2^-8;curve=P-256,701879,272,measured,ok,unavailable,gc,go1.18.1,Release,JerryZ
2026-08-19T13:47:47.550014979Z,FMD,sender_signaling,fmd_flag_generation,sender,512,false,not_applicable,unclear,gamma=8;p=2^-8;curve=P-256,981571,269,measured,ok,unavailable,gc,go1.18.1,Release,JerryZ
2026-08-19T13:47:47.55133409Z,FMD,sender_signaling,fmd_sender_preparation,sender,512,false,not_applicable,unclear,gamma=8;p=2^-8;curve=P-256,-1,,not_applicable,not_applicable,unavailable,gc,go1.18.1,Release,JerryZ
2026-08-19T13:47:47.552508685Z,FMD,sender_signaling,message_encryption,sender,512,false,not_applicable,unclear,gamma=8;p=2^-8;curve=P-256,-1,,not_applicable,not_applicable,unavailable,gc,go1.18.1,Release,JerryZ
2026-08-19T13:47:47.554632247Z,FMD,sender_signaling,fmd_sender_total_signaling,sender,512,false,not_applicable,unclear,gamma=8;p=2^-8;curve=P-256,546930,267,measured,ok,unavailable,gc,go1.18.1,Release,JerryZ
2026-08-19T13:47:47.556914364Z,FMD,sender_signaling,fmd_flag_generation,sender,513,false,not_applicable,unclear,gamma=8;p=2^-8;curve=P-256,432542,268,measured,ok,unavailable,gc,go1.18.1,Release,JerryZ
2026-08-19T13:47:47.558258045Z,FMD,sender_signaling,fmd_sender_preparation,sender,513,false,not_applicable,unclear,gamma=8;p=2^-8;curve=P-256,-1,,not_applicable,not_applicable,unavailable,gc,go1.18.1,Release,JerryZ
2026-08-19T13:47:47.559701495Z,FMD,sender_signaling,message_encryption,sender,513,false,not_applicable,unclear,gamma=8;p=2^-8;curve=P-256,-1,,not_applicable,not_applicable,unavailable,gc,go1.18.1,Release,JerryZ
2026-08-19T13:47:47.562058867Z,FMD,sender_signaling,fmd_sender_total_signaling,sender,513,false,not_applicable,unclear,gamma=8;p=2^-8;curve=P-256,825970,268,measured,ok,unavailable,gc,go1.18.1,Release,JerryZ
2026-08-19T13:47:47.564601933Z,FMD,sender_signaling,fmd_flag_generation,sender,514,false,not_applicable,unclear,gamma=8;p=2^-8;curve=P-256,662452,268,measured,ok,unavailable,gc,go1.18.1,Release,JerryZ
2026-08-19T13:47:47.566196681Z,FMD,sender_signaling,fmd_sender_preparation,sender,514,false,not_applicable,unclear,gamma=8;p=2^-8;curve=P-256,-1,,not_applicable,not_applicable,unavailable,gc,go1.18.1,Release,JerryZ
2026-08-19T13:47:47.567493401Z,FMD,sender_signaling,message_encryption,sender,514,false,not_applicable,unclear,gamma=8;p=2^-8;curve=P-256,-1,,not_applicable,not_applicable,unavailable,gc,go1.18.1,Release,JerryZ
2026-08-19T13:47:47.5696277Z,FMD,sender_signaling,fmd_sender_total_signaling,sender,514,false,not_applicable,unclear,gamma=8;p=2^-8;curve=P-256,390531,269,measured,ok,unavailable,gc,go1.18.1,Release,JerryZ
2026-08-19T13:47:47.571841897Z,FMD,sender_signaling,fmd_flag_generation,sender,515,false,not_applicable,unclear,gamma=8;p=2^-8;curve=P-256,647024,268,measured,ok,unavailable,gc,go1.18.1,Release,JerryZ
2026-08-19T13:47:47.573150207Z,FMD,sender_signaling,fmd_sender_preparation,sender,515,false,not_applicable,unclear,gamma=8;p=2^-8;curve=P-256,-1,,not_applicable,not_applicable,unavailable,gc,go1.18.1,Release,JerryZ
2026-08-19T13:47:47.574248329Z,FMD,sender_signaling,message_encryption,sender,515,false,not_applicable,unclear,gamma=8;p=2^-8;curve=P-256,-1,,not_applicable,not_applicable,unavailable,gc,go1.18.1,Release,JerryZ
2026-08-19T13:47:47.576465814Z,FMD,sender_signaling,fmd_sender_total_signaling,sender,515,false,not_applicable,unclear,gamma=8;p=2^-8;curve=P-256,356945,268,measured,ok,unavailable,gc,go1.18.1,Release,JerryZ
2026-08-19T13:47:47.579571471Z,FMD,sender_signaling,fmd_flag_generation,sender,516,false,not_applicable,unclear,gamma=8;p=2^-8;curve=P-256,878492,268,measured,ok,unavailable,gc,go1.18.1,Release,JerryZ
2026-08-19T13:47:47.58139747Z,FMD,sender_signaling,fmd_sender_preparation,sender,516,false,not_applicable,unclear,gamma=8;p=2^-8;curve=P-256,-1,,not_applicable,not_applicable,unavailable,gc,go1.18.1,Release,JerryZ
2026-08-19T13:47:47.582936945Z,FMD,sender_signaling,message_encryption,sender,516,false,not_applicable,unclear,gamma=8;p=2^-8;curve=P-256,-1,,not_applicable,not_applicable,unavailable,gc,go1.18.1,Release,JerryZ
2026-08-19T13:47:47.584781661Z,FMD,sender_signaling,fmd_sender_total_signaling,sender,516,false,not_applicable,unclear,gamma=8;p=2^-8;curve=P-256,373091,269,measured,ok,unavailable,gc,go1.18.1,Release,JerryZ
2026-08-19T13:47:47.586744922Z,FMD,sender_signaling,fmd_flag_generation,sender,517,false,not_applicable,unclear,gamma=8;p=2^-8;curve=P-256,355164,268,measured,ok,unavailable,gc,go1.18.1,Release,JerryZ
2026-08-19T13:47:47.58794648Z,FMD,sender_signaling,fmd_sender_preparation,sender,517,false,not_applicable,unclear,gamma=8;p=2^-8;curve=P-256,-1,,not_applicable,not_applicable,unavailable,gc,go1.18.1,Release,JerryZ
2026-08-19T13:47:47.58915353Z,FMD,sender_signaling,message_encryption,sender,517,false,not_applicable,unclear,gamma=8;p=2^-8;curve=P-256,-1,,not_applicable,not_applicable,unavailable,gc,go1.18.1,Release,JerryZ
2026-08-19T13:47:47.591887497Z,FMD,sender_signaling,fmd_sender_total_signaling,sender,517,false,not_applicable,unclear,gamma=8;p=2^-8;curve=P-256,624120,270,measured,ok,unavailable,gc,go1.18.1,Release,JerryZ
2026-08-19T13:47:47.594206605Z,FMD,sender_signaling,fmd_flag_generation,sender,518,false,not_applicable,unclear,gamma=8;p=2^-8;curve=P-256,438498,268,measured,ok,unavailable,gc,go1.18.1,Release,JerryZ
2026-08-19T13:47:47.596166807Z,FMD,sender_signaling,fmd_sender_preparation,sender,518,false,not_applicable,unclear,gamma=8;p=2^-8;curve=P-256,-1,,not_applicable,not_applicable,unavailable,gc,go1.18.1,Release,JerryZ
2026-08-19T13:47:47.597390728Z,FMD,sender_signaling,message_encryption,sender,518,false,not_applicable,unclear,gamma=8;p=2^-8;curve=P-256,-1,,not_applicable,not_applicable,unavailable,gc,go1.18.1,Release,JerryZ
2026-08-19T13:47:47.599542315Z,FMD,sender_signaling,fmd_sender_total_signaling,sender,518,false,not_applicable,unclear,gamma=8;p=2^-8;curve=P-256,380740,270,measured,ok,unavailable,gc,go1.18.1,Release,JerryZ
2026-08-19T13:47:47.601867452Z,FMD,sender_signaling,fmd_flag_generation,sender,519,false,not_applicable,unclear,gamma=8;p=2^-8;curve=P-256,677005,267,measured,ok,unavailable,gc,go1.18.1,Release,JerryZ
2026-08-19T13:47:47.603229676Z,FMD,sender_signaling,fmd_sender_preparation,sender,519,false,not_applicable,unclear,gamma=8;p=2^-8;curve=P-256,-1,,not_applicable,not_applicable,unavailable,gc,go1.18.1,Release,JerryZ
2026-08-19T13:47:47.604307575Z,FMD,sender_signaling,message_encryption,sender,519,false,not_applicable,unclear,gamma=8;p=2^-8;curve=P-256,-1,,not_applicable,not_applicable,unavailable,gc,go1.18.1,Release,JerryZ
2026-08-19T13:47:47.606466403Z,FMD,sender_signaling,fmd_sender_total_signaling,sender,519,false,not_applicable,unclear,gamma=8;p=2^-8;curve=P-256,382431,269,measured,ok,unavailable,gc,go1.18.1,Release,JerryZ
2026-08-19T13:47:47.608696213Z,FMD,sender_signaling,fmd_flag_generation,sender,520,false,not_applicable,unclear,gamma=8;p=2^-8;curve=P-256,371052,269,measured,ok,unavailable,gc,go1.18.1,Release,JerryZ
2026-08-19T13:47:47.610483513Z,FMD,sender_signaling,fmd_sender_preparation,sender,520,false,not_applicable,unclear,gamma=8;p=2^-8;curve=P-256,-1,,not_applicable,not_applicable,unavailable,gc,go1.18.1,Release,JerryZ
2026-08-19T13:47:47.611791475Z,FMD,sender_signaling,message_encryption,sender,520,false,not_applicable,unclear,gamma=8;p=2^-8;curve=P-256,-1,,not_applicable,not_applicable,unavailable,gc,go1.18.1,Release,JerryZ
2026-08-19T13:47:47.614162064Z,FMD,sender_signaling,fmd_sender_total_signaling,sender,520,false,not_applicable,unclear,gamma=8;p=2^-8;curve=P-256,379823,270,measured,ok,unavailable,gc,go1.18.1,Release,JerryZ
2026-08-19T13:47:47.617121698Z,FMD,sender_signaling,fmd_flag_generation,sender,521,false,not_applicable,unclear,gamma=8;p=2^-8;curve=P-256,393552,269,measured,ok,unavailable,gc,go1.18.1,Release,JerryZ
2026-08-19T13:47:47.618257271Z,FMD,sender_signaling,fmd_sender_preparation,sender,521,false,not_applicable,unclear,gamma=8;p=2^-8;curve=P-256,-1,,not_applicable,not_applicable,unavailable,gc,go1.18.1,Release,JerryZ
2026-08-19T13:47:47.619570706Z,FMD,sender_signaling,message_encryption,sender,521,false,not_applicable,unclear,gamma=8;p=2^-8;curve=P-256,-1,,not_applicable,not_applicable,unavailable,gc,go1.18.1,Release,JerryZ
2026-08-19T13:47:47.62189516Z,FMD,sender_signaling,fmd_sender_total_signaling,sender,521,false,not_applicable,unclear,gamma=8;p=2^-8;curve=P-256,538325,268,measured,ok,unavailable,gc,go1.18.1,Release,JerryZ
2026-08-19T13:47:47.624819753Z,FMD,sender_signaling,fmd_flag_generation,sender,522,false,not_applicable,unclear,gamma=8;p=2^-8;curve=P-256,934788,269,measured,ok,unavailable,gc,go1.18.1,Release,JerryZ
2026-08-19T13:47:47.626918148Z,FMD,sender_signaling,fmd_sender_preparation,sender,522,false,not_applicable,unclear,gamma=8;p=2^-8;curve=P-256,-1,,not_applicable,not_applicable,unavailable,gc,go1.18.1,Release,JerryZ
2026-08-19T13:47:47.628772677Z,FMD,sender_signaling,message_encryption,sender,522,false,not_applicable,unclear,gamma=8;p=2^-8;curve=P-256,-1,,not_applicable,not_applicable,unavailable,gc,go1.18.1,Release,JerryZ
2026-08-19T13:47:47.630743651Z,FMD,sender_signaling,fmd_sender_total_signaling,sender,522,false,not_applicable,unclear,gamma=8;p=2^-8;curve=P-256,393332,270,measured,ok,unavailable,gc,go1.18.1,Release,JerryZ
2026-08-19T13:47:47.632740845Z,FMD,sender_signaling,fmd_flag_generation,sender,523,false,not_applicable,unclear,gamma=8;p=2^-8;curve=P-256,380318,269,measured,ok,unavailable,gc,go1.18.1,Release,JerryZ
2026-08-19T13:47:47.63397687Z,FMD,sender_signaling,fmd_sender_preparation,sender,523,false,not_applicable,unclear,gamma=8;p=2^-8;curve=P-256,-1,,not_applicable,not_applicable,unavailable,gc,go1.18.1,Release,JerryZ
2026-08-19T13:47:47.635057561Z,FMD,sender_signaling,message_encryption,sender,523,false,not_applicable,unclear,gamma=8;p=2^-8;curve=P-256,-1,,not_applicable,not_applicable,unavailable,gc,go1.18.1,Release,JerryZ
2026-08-19T13:47:47.637192824Z,FMD,sender_signaling,fmd_sender_total_signaling,sender,523,false,not_applicable,unclear,gamma=8;p=2^-8;curve=P-256,415804,268,measured,ok,unavailable,gc,go1.18.1,Release,JerryZ
2026-08-19T13:47:47.639185959Z,FMD,sender_signaling,fmd_flag_generation,sender,524,false,not_applicable,unclear,gamma=8;p=2^-8;curve=P-256,364054,269,measured,ok,unavailable,gc,go1.18.1,Release,JerryZ
2026-08-19T13:47:47.640782236Z,FMD,sender_signaling,fmd_sender_preparation,sender,524,false,not_applicable,unclear,gamma=8;p=2^-8;curve=P-256,-1,,not_applicable,not_applicable,unavailable,gc,go1.18.1,Release,JerryZ
2026-08-19T13:47:47.642275471Z,FMD,sender_signaling,message_encryption,sender,524,false,not_applicable,unclear,gamma=8;p=2^-8;curve=P-256,-1,,not_applicable,not_applicable,unavailable,gc,go1.18.1,Release,JerryZ
2026-08-19T13:47:47.644476453Z,FMD,sender_signaling,fmd_sender_total_signaling,sender,524,false,not_applicable,unclear,gamma=8;p=2^-8;curve=P-256,374349,268,measured,ok,unavailable,gc,go1.18.1,Release,JerryZ
2026-08-19T13:47:47.64640352Z,FMD,sender_signaling,fmd_flag_generation,sender,525,false,not_applicable,unclear,gamma=8;p=2^-8;curve=P-256,352666,268,measured,ok,unavailable,gc,go1.18.1,Release,JerryZ
2026-08-19T13:47:47.647467615Z,FMD,sender_signaling,fmd_sender_preparation,sender,525,false,not_applicable,unclear,gamma=8;p=2^-8;curve=P-256,-1,,not_applicable,not_applicable,unavailable,gc,go1.18.1,Release,JerryZ
2026-08-19T13:47:47.648541712Z,FMD,sender_signaling,message_encryption,sender,525,false,not_applicable,unclear,gamma=8;p=2^-8;curve=P-256,-1,,not_applicable,not_applicable,unavailable,gc,go1.18.1,Release,JerryZ
2026-08-19T13:47:47.650789169Z,FMD,sender_signaling,fmd_sender_total_signaling,sender,525,false,not_applicable,unclear,gamma=8;p=2^-8;curve=P-256,356514,269,measured,ok,unavailable,gc,go1.18.1,Release,JerryZ
2026-08-19T13:47:47.653594415Z,FMD,sender_signaling,fmd_flag_generation,sender,526,false,not_applicable,unclear,gamma=8;p=2^-8;curve=P-256,415924,270,measured,ok,unavailable,gc,go1.18.1,Release,JerryZ
2026-08-19T13:47:47.654939994Z,FMD,sender_signaling,fmd_sender_preparation,sender,526,false,not_applicable,unclear,gamma=8;p=2^-8;curve=P-256,-1,,not_applicable,not_applicable,unavailable,gc,go1.18.1,Release,JerryZ
2026-08-19T13:47:47.657312746Z,FMD,sender_signaling,message_encryption,sender,526,false,not_applicable,unclear,gamma=8;p=2^-8;curve=P-256,-1,,not_applicable,not_applicable,unavailable,gc,go1.18.1,Release,JerryZ
2026-08-19T13:47:47.660030921Z,FMD,sender_signaling,fmd_sender_total_signaling,sender,526,false,not_applicable,unclear,gamma=8;p=2^-8;curve=P-256,449481,270,measured,ok,unavailable,gc,go1.18.1,Release,JerryZ
2026-08-19T13:47:47.662648185Z,FMD,sender_signaling,fmd_flag_generation,sender,527,false,not_applicable,unclear,gamma=8;p=2^-8;curve=P-256,425677,271,measured,ok,unavailable,gc,go1.18.1,Release,JerryZ
2026-08-19T13:47:47.664774613Z,FMD,sender_signaling,fmd_sender_preparation,sender,527,false,not_applicable,unclear,gamma=8;p=2^-8;curve=P-256,-1,,not_applicable,not_applicable,unavailable,gc,go1.18.1,Release,JerryZ
2026-08-19T13:47:47.666212236Z,FMD,sender_signaling,message_encryption,sender,527,false,not_applicable,unclear,gamma=8;p=2^-8;curve=P-256,-1,,not_applicable,not_applicable,unavailable,gc,go1.18.1,Release,JerryZ
2026-08-19T13:47:47.668964376Z,FMD,sender_signaling,fmd_sender_total_signaling,sender,527,false,not_applicable,unclear,gamma=8;p=2^-8;curve=P-256,498835,269,measured,ok,unavailable,gc,go1.18.1,Release,JerryZ
2026-08-19T13:47:47.671792775Z,FMD,sender_signaling,fmd_flag_generation,sender,528,false,not_applicable,unclear,gamma=8;p=2^-8;curve=P-256,440693,269,measured,ok,unavailable,gc,go1.18.1,Release,JerryZ
2026-08-19T13:47:47.673902953Z,FMD,sender_signaling,fmd_sender_preparation,sender,528,false,not_applicable,unclear,gamma=8;p=2^-8;curve=P-256,-1,,not_applicable,not_applicable,unavailable,gc,go1.18.1,Release,JerryZ
2026-08-19T13:47:47.675169362Z,FMD,sender_signaling,message_encryption,sender,528,false,not_applicable,unclear,gamma=8;p=2^-8;curve=P-256,-1,,not_applicable,not_applicable,unavailable,gc,go1.18.1,Release,JerryZ
2026-08-19T13:47:47.677442124Z,FMD,sender_signaling,fmd_sender_total_signaling,sender,528,false,not_applicable,unclear,gamma=8;p=2^-8;curve=P-256,392468,269,measured,ok,unavailable,gc,go1.18.1,Release,JerryZ
2026-08-19T13:47:47.680025197Z,FMD,sender_signaling,fmd_flag_generation,sender,529,false,not_applicable,unclear,gamma=8;p=2^-8;curve=P-256,440527,269,measured,ok,unavailable,gc,go1.18.1,Release,JerryZ
2026-08-19T13:47:47.68201233Z,FMD,sender_signaling,fmd_sender_preparation,sender,529,false,not_applicable,unclear,gamma=8;p=2^-8;curve=P-256,-1,,not_applicable,not_applicable,unavailable,gc,go1.18.1,Release,JerryZ
2026-08-19T13:47:47.683354184Z,FMD,sender_signaling,message_encryption,sender,529,false,not_applicable,unclear,gamma=8;p=2^-8;curve=P-256,-1,,not_applicable,not_applicable,unavailable,gc,go1.18.1,Release,JerryZ
2026-08-19T13:47:47.685699756Z,FMD,sender_signaling,fmd_sender_total_signaling,sender,529,false,not_applicable,unclear,gamma=8;p=2^-8;curve=P-256,398263,270,measured,ok,unavailable,gc,go1.18.1,Release,JerryZ
2026-08-19T13:47:47.688127503Z,FMD,sender_signaling,fmd_flag_generation,sender,530,false,not_applicable,unclear,gamma=8;p=2^-8;curve=P-256,366873,269,measured,ok,unavailable,gc,go1.18.1,Release,JerryZ
2026-08-19T13:47:47.689482614Z,FMD,sender_signaling,fmd_sender_preparation,sender,530,false,not_applicable,unclear,gamma=8;p=2^-8;curve=P-256,-1,,not_applicable,not_applicable,unavailable,gc,go1.18.1,Release,JerryZ
2026-08-19T13:47:47.690678024Z,FMD,sender_signaling,message_encryption,sender,530,false,not_applicable,unclear,gamma=8;p=2^-8;curve=P-256,-1,,not_applicable,not_applicable,unavailable,gc,go1.18.1,Release,JerryZ
2026-08-19T13:47:47.693127119Z,FMD,sender_signaling,fmd_sender_total_signaling,sender,530,false,not_applicable,unclear,gamma=8;p=2^-8;curve=P-256,399448,270,measured,ok,unavailable,gc,go1.18.1,Release,JerryZ
2026-08-19T13:47:47.695789879Z,FMD,sender_signaling,fmd_flag_generation,sender,531,false,not_applicable,unclear,gamma=8;p=2^-8;curve=P-256,376121,270,measured,ok,unavailable,gc,go1.18.1,Release,JerryZ
2026-08-19T13:47:47.696925425Z,FMD,sender_signaling,fmd_sender_preparation,sender,531,false,not_applicable,unclear,gamma=8;p=2^-8;curve=P-256,-1,,not_applicable,not_applicable,unavailable,gc,go1.18.1,Release,JerryZ
2026-08-19T13:47:47.69807234Z,FMD,sender_signaling,message_encryption,sender,531,false,not_applicable,unclear,gamma=8;p=2^-8;curve=P-256,-1,,not_applicable,not_applicable,unavailable,gc,go1.18.1,Release,JerryZ
2026-08-19T13:47:47.700494165Z,FMD,sender_signaling,fmd_sender_total_signaling,sender,531,false,not_applicable,unclear,gamma=8;p=2^-8;curve=P-256,681803,269,measured,ok,unavailable,gc,go1.18.1,Release,JerryZ
2026-08-19T13:47:47.703323547Z,FMD,sender_signaling,fmd_flag_generation,sender,532,false,not_applicable,unclear,gamma=8;p=2^-8;curve=P-256,394590,268,measured,ok,unavailable,gc,go1.18.1,Release,JerryZ
2026-08-19T13:47:47.704915535Z,FMD,sender_signaling,fmd_sender_preparation,sender,532,false,not_applicable,unclear,gamma=8;p=2^-8;curve=P-256,-1,,not_applicable,not_applicable,unavailable,gc,go1.18.1,Release,JerryZ
2026-08-19T13:47:47.706438338Z,FMD,sender_signaling,message_encryption,sender,532,false,not_applicable,unclear,gamma=8;p=2^-8;curve=P-256,-1,,not_applicable,not_applicable,unavailable,gc,go1.18.1,Release,JerryZ
2026-08-19T13:47:47.709207294Z,FMD,sender_signaling,fmd_sender_total_signaling,sender,532,false,not_applicable,unclear,gamma=8;p=2^-8;curve=P-256,812368,269,measured,ok,unavailable,gc,go1.18.1,Release,JerryZ
2026-08-19T13:47:47.711188766Z,FMD,sender_signaling,fmd_flag_generation,sender,533,false,not_applicable,unclear,gamma=8;p=2^-8;curve=P-256,358654,270,measured,ok,unavailable,gc,go1.18.1,Release,JerryZ
2026-08-19T13:47:47.71226728Z,FMD,sender_signaling,fmd_sender_preparation,sender,533,false,not_applicable,unclear,gamma=8;p=2^-8;curve=P-256,-1,,not_applicable,not_applicable,unavailable,gc,go1.18.1,Release,JerryZ
2026-08-19T13:47:47.713391369Z,FMD,sender_signaling,message_encryption,sender,533,false,not_applicable,unclear,gamma=8;p=2^-8;curve=P-256,-1,,not_applicable,not_applicable,unavailable,gc,go1.18.1,Release,JerryZ
2026-08-19T13:47:47.715672061Z,FMD,sender_signaling,fmd_sender_total_signaling,sender,533,false,not_applicable,unclear,gamma=8;p=2^-8;curve=P-256,357230,270,measured,ok,unavailable,gc,go1.18.1,Release,JerryZ
2026-08-19T13:47:47.718136135Z,FMD,sender_signaling,fmd_flag_generation,sender,534,false,not_applicable,unclear,gamma=8;p=2^-8;curve=P-256,425318,270,measured,ok,unavailable,gc,go1.18.1,Release,JerryZ
2026-08-19T13:47:47.719527756Z,FMD,sender_signaling,fmd_sender_preparation,sender,534,false,not_applicable,unclear,gamma=8;p=2^-8;curve=P-256,-1,,not_applicable,not_applicable,unavailable,gc,go1.18.1,Release,JerryZ
2026-08-19T13:47:47.720628531Z,FMD,sender_signaling,message_encryption,sender,534,false,not_applicable,unclear,gamma=8;p=2^-8;curve=P-256,-1,,not_applicable,not_applicable,unavailable,gc,go1.18.1,Release,JerryZ
2026-08-19T13:47:47.723048004Z,FMD,sender_signaling,fmd_sender_total_signaling,sender,534,false,not_applicable,unclear,gamma=8;p=2^-8;curve=P-256,493334,269,measured,ok,unavailable,gc,go1.18.1,Release,JerryZ
2026-08-19T13:47:47.725086985Z,FMD,sender_signaling,fmd_flag_generation,sender,535,false,not_applicable,unclear,gamma=8;p=2^-8;curve=P-256,382615,269,measured,ok,unavailable,gc,go1.18.1,Release,JerryZ
2026-08-19T13:47:47.726479354Z,FMD,sender_signaling,fmd_sender_preparation,sender,535,false,not_applicable,unclear,gamma=8;p=2^-8;curve=P-256,-1,,not_applicable,not_applicable,unavailable,gc,go1.18.1,Release,JerryZ
2026-08-19T13:47:47.727646299Z,FMD,sender_signaling,message_encryption,sender,535,false,not_applicable,unclear,gamma=8;p=2^-8;curve=P-256,-1,,not_applicable,not_applicable,unavailable,gc,go1.18.1,Release,JerryZ
2026-08-19T13:47:47.730405241Z,FMD,sender_signaling,fmd_sender_total_signaling,sender,535,false,not_applicable,unclear,gamma=8;p=2^-8;curve=P-256,403002,270,measured,ok,unavailable,gc,go1.18.1,Release,JerryZ
2026-08-19T13:47:47.733667297Z,FMD,sender_signaling,fmd_flag_generation,sender,536,false,not_applicable,unclear,gamma=8;p=2^-8;curve=P-256,815041,269,measured,ok,unavailable,gc,go1.18.1,Release,JerryZ
2026-08-19T13:47:47.735120417Z,FMD,sender_signaling,fmd_sender_preparation,sender,536,false,not_applicable,unclear,gamma=8;p=2^-8;curve=P-256,-1,,not_applicable,not_applicable,unavailable,gc,go1.18.1,Release,JerryZ
2026-08-19T13:47:47.736440804Z,FMD,sender_signaling,message_encryption,sender,536,false,not_applicable,unclear,gamma=8;p=2^-8;curve=P-256,-1,,not_applicable,not_applicable,unavailable,gc,go1.18.1,Release,JerryZ
2026-08-19T13:47:47.738321392Z,FMD,sender_signaling,fmd_sender_total_signaling,sender,536,false,not_applicable,unclear,gamma=8;p=2^-8;curve=P-256,363649,269,measured,ok,unavailable,gc,go1.18.1,Release,JerryZ
2026-08-19T13:47:47.740329722Z,FMD,sender_signaling,fmd_flag_generation,sender,537,false,not_applicable,unclear,gamma=8;p=2^-8;curve=P-256,394291,269,measured,ok,unavailable,gc,go1.18.1,Release,JerryZ
2026-08-19T13:47:47.74147902Z,FMD,sender_signaling,fmd_sender_preparation,sender,537,false,not_applicable,unclear,gamma=8;p=2^-8;curve=P-256,-1,,not_applicable,not_applicable,unavailable,gc,go1.18.1,Release,JerryZ
2026-08-19T13:47:47.742919843Z,FMD,sender_signaling,message_encryption,sender,537,false,not_applicable,unclear,gamma=8;p=2^-8;curve=P-256,-1,,not_applicable,not_applicable,unavailable,gc,go1.18.1,Release,JerryZ
2026-08-19T13:47:47.744959604Z,FMD,sender_signaling,fmd_sender_total_signaling,sender,537,false,not_applicable,unclear,gamma=8;p=2^-8;curve=P-256,526276,268,measured,ok,unavailable,gc,go1.18.1,Release,JerryZ
2026-08-19T13:47:47.748021749Z,FMD,sender_signaling,fmd_flag_generation,sender,538,false,not_applicable,unclear,gamma=8;p=2^-8;curve=P-256,912886,270,measured,ok,unavailable,gc,go1.18.1,Release,JerryZ
2026-08-19T13:47:47.7505783Z,FMD,sender_signaling,fmd_sender_preparation,sender,538,false,not_applicable,unclear,gamma=8;p=2^-8;curve=P-256,-1,,not_applicable,not_applicable,unavailable,gc,go1.18.1,Release,JerryZ
2026-08-19T13:47:47.751947205Z,FMD,sender_signaling,message_encryption,sender,538,false,not_applicable,unclear,gamma=8;p=2^-8;curve=P-256,-1,,not_applicable,not_applicable,unavailable,gc,go1.18.1,Release,JerryZ
2026-08-19T13:47:47.754137327Z,FMD,sender_signaling,fmd_sender_total_signaling,sender,538,false,not_applicable,unclear,gamma=8;p=2^-8;curve=P-256,372227,269,measured,ok,unavailable,gc,go1.18.1,Release,JerryZ
2026-08-19T13:47:47.756044672Z,FMD,sender_signaling,fmd_flag_generation,sender,539,false,not_applicable,unclear,gamma=8;p=2^-8;curve=P-256,351986,268,measured,ok,unavailable,gc,go1.18.1,Release,JerryZ
2026-08-19T13:47:47.757218504Z,FMD,sender_signaling,fmd_sender_preparation,sender,539,false,not_applicable,unclear,gamma=8;p=2^-8;curve=P-256,-1,,not_applicable,not_applicable,unavailable,gc,go1.18.1,Release,JerryZ
2026-08-19T13:47:47.758471078Z,FMD,sender_signaling,message_encryption,sender,539,false,not_applicable,unclear,gamma=8;p=2^-8;curve=P-256,-1,,not_applicable,not_applicable,unavailable,gc,go1.18.1,Release,JerryZ
2026-08-19T13:47:47.761432375Z,FMD,sender_signaling,fmd_sender_total_signaling,sender,539,false,not_applicable,unclear,gamma=8;p=2^-8;curve=P-256,854660,271,measured,ok,unavailable,gc,go1.18.1,Release,JerryZ
2026-08-19T13:47:47.764556918Z,FMD,sender_signaling,fmd_flag_generation,sender,540,false,not_applicable,unclear,gamma=8;p=2^-8;curve=P-256,962908,268,measured,ok,unavailable,gc,go1.18.1,Release,JerryZ
2026-08-19T13:47:47.766004193Z,FMD,sender_signaling,fmd_sender_preparation,sender,540,false,not_applicable,unclear,gamma=8;p=2^-8;curve=P-256,-1,,not_applicable,not_applicable,unavailable,gc,go1.18.1,Release,JerryZ
2026-08-19T13:47:47.767171477Z,FMD,sender_signaling,message_encryption,sender,540,false,not_applicable,unclear,gamma=8;p=2^-8;curve=P-256,-1,,not_applicable,not_applicable,unavailable,gc,go1.18.1,Release,JerryZ
2026-08-19T13:47:47.7703317Z,FMD,sender_signaling,fmd_sender_total_signaling,sender,540,false,not_applicable,unclear,gamma=8;p=2^-8;curve=P-256,405527,269,measured,ok,unavailable,gc,go1.18.1,Release,JerryZ
2026-08-19T13:47:47.773076475Z,FMD,sender_signaling,fmd_flag_generation,sender,541,false,not_applicable,unclear,gamma=8;p=2^-8;curve=P-256,695304,270,measured,ok,unavailable,gc,go1.18.1,Release,JerryZ
2026-08-19T13:47:47.774403943Z,FMD,sender_signaling,fmd_sender_preparation,sender,541,false,not_applicable,unclear,gamma=8;p=2^-8;curve=P-256,-1,,not_applicable,not_applicable,unavailable,gc,go1.18.1,Release,JerryZ
2026-08-19T13:47:47.77573749Z,FMD,sender_signaling,message_encryption,sender,541,false,not_applicable,unclear,gamma=8;p=2^-8;curve=P-256,-1,,not_applicable,not_applicable,unavailable,gc,go1.18.1,Release,JerryZ
2026-08-19T13:47:47.778872159Z,FMD,sender_signaling,fmd_sender_total_signaling,sender,541,false,not_applicable,unclear,gamma=8;p=2^-8;curve=P-256,860620,270,measured,ok,unavailable,gc,go1.18.1,Release,JerryZ
2026-08-19T13:47:47.781301008Z,FMD,sender_signaling,fmd_flag_generation,sender,542,false,not_applicable,unclear,gamma=8;p=2^-8;curve=P-256,376094,269,measured,ok,unavailable,gc,go1.18.1,Release,JerryZ
2026-08-19T13:47:47.782408617Z,FMD,sender_signaling,fmd_sender_preparation,sender,542,false,not_applicable,unclear,gamma=8;p=2^-8;curve=P-256,-1,,not_applicable,not_applicable,unavailable,gc,go1.18.1,Release,JerryZ
2026-08-19T13:47:47.783472079Z,FMD,sender_signaling,message_encryption,sender,542,false,not_applicable,unclear,gamma=8;p=2^-8;curve=P-256,-1,,not_applicable,not_applicable,unavailable,gc,go1.18.1,Release,JerryZ
2026-08-19T13:47:47.785755118Z,FMD,sender_signaling,fmd_sender_total_signaling,sender,542,false,not_applicable,unclear,gamma=8;p=2^-8;curve=P-256,408218,270,measured,ok,unavailable,gc,go1.18.1,Release,JerryZ
2026-08-19T13:47:47.787650363Z,FMD,sender_signaling,fmd_flag_generation,sender,543,false,not_applicable,unclear,gamma=8;p=2^-8;curve=P-256,377315,268,measured,ok,unavailable,gc,go1.18.1,Release,JerryZ
2026-08-19T13:47:47.788777698Z,FMD,sender_signaling,fmd_sender_preparation,sender,543,false,not_applicable,unclear,gamma=8;p=2^-8;curve=P-256,-1,,not_applicable,not_applicable,unavailable,gc,go1.18.1,Release,JerryZ
2026-08-19T13:47:47.789917477Z,FMD,sender_signaling,message_encryption,sender,543,false,not_applicable,unclear,gamma=8;p=2^-8;curve=P-256,-1,,not_applicable,not_applicable,unavailable,gc,go1.18.1,Release,JerryZ
2026-08-19T13:47:47.792844684Z,FMD,sender_signaling,fmd_sender_total_signaling,sender,543,false,not_applicable,unclear,gamma=8;p=2^-8;curve=P-256,798703,269,measured,ok,unavailable,gc,go1.18.1,Release,JerryZ
2026-08-19T13:47:47.795605807Z,FMD,sender_signaling,fmd_flag_generation,sender,544,false,not_applicable,unclear,gamma=8;p=2^-8;curve=P-256,428294,270,measured,ok,unavailable,gc,go1.18.1,Release,JerryZ
2026-08-19T13:47:47.796911018Z,FMD,sender_signaling,fmd_sender_preparation,sender,544,false,not_applicable,unclear,gamma=8;p=2^-8;curve=P-256,-1,,not_applicable,not_applicable,unavailable,gc,go1.18.1,Release,JerryZ
2026-08-19T13:47:47.798196066Z,FMD,sender_signaling,message_encryption,sender,544,false,not_applicable,unclear,gamma=8;p=2^-8;curve=P-256,-1,,not_applicable,not_applicable,unavailable,gc,go1.18.1,Release,JerryZ
2026-08-19T13:47:47.800609831Z,FMD,sender_signaling,fmd_sender_total_signaling,sender,544,false,not_applicable,unclear,gamma=8;p=2^-8;curve=P-256,380631,268,measured,ok,unavailable,gc,go1.18.1,Release,JerryZ
2026-08-19T13:47:47.802590609Z,FMD,sender_signaling,fmd_flag_generation,sender,545,false,not_applicable,unclear,gamma=8;p=2^-8;curve=P-256,392653,270,measured,ok,unavailable,gc,go1.18.1,Release,JerryZ
2026-08-19T13:47:47.803663053Z,FMD,sender_signaling,fmd_sender_preparation,sender,545,false,not_applicable,unclear,gamma=8;p=2^-8;curve=P-256,-1,,not_applicable,not_applicable,unavailable,gc,go1.18.1,Release,JerryZ
2026-08-19T13:47:47.805701905Z,FMD,sender_signaling,message_encryption,sender,545,false,not_applicable,unclear,gamma=8;p=2^-8;curve=P-256,-1,,not_applicable,not_applicable,unavailable,gc,go1.18.1,Release,JerryZ
2026-08-19T13:47:47.808417572Z,FMD,sender_signaling,fmd_sender_total_signaling,sender,545,false,not_applicable,unclear,gamma=8;p=2^-8;curve=P-256,843290,268,measured,ok,unavailable,gc,go1.18.1,Release,JerryZ
2026-08-19T13:47:47.811242096Z,FMD,sender_signaling,fmd_flag_generation,sender,546,false,not_applicable,unclear,gamma=8;p=2^-8;curve=P-256,386793,269,measured,ok,unavailable,gc,go1.18.1,Release,JerryZ
2026-08-19T13:47:47.812629745Z,FMD,sender_signaling,fmd_sender_preparation,sender,546,false,not_applicable,unclear,gamma=8;p=2^-8;curve=P-256,-1,,not_applicable,not_applicable,unavailable,gc,go1.18.1,Release,JerryZ
2026-08-19T13:47:47.814033759Z,FMD,sender_signaling,message_encryption,sender,546,false,not_applicable,unclear,gamma=8;p=2^-8;curve=P-256,-1,,not_applicable,not_applicable,unavailable,gc,go1.18.1,Release,JerryZ
2026-08-19T13:47:47.816061995Z,FMD,sender_signaling,fmd_sender_total_signaling,sender,546,false,not_applicable,unclear,gamma=8;p=2^-8;curve=P-256,365312,270,measured,ok,unavailable,gc,go1.18.1,Release,JerryZ
2026-08-19T13:47:47.8179236Z,FMD,sender_signaling,fmd_flag_generation,sender,547,false,not_applicable,unclear,gamma=8;p=2^-8;curve=P-256,398282,270,measured,ok,unavailable,gc,go1.18.1,Release,JerryZ
2026-08-19T13:47:47.819022713Z,FMD,sender_signaling,fmd_sender_preparation,sender,547,false,not_applicable,unclear,gamma=8;p=2^-8;curve=P-256,-1,,not_applicable,not_applicable,unavailable,gc,go1.18.1,Release,JerryZ
2026-08-19T13:47:47.820089545Z,FMD,sender_signaling,message_encryption,sender,547,false,not_applicable,unclear,gamma=8;p=2^-8;curve=P-256,-1,,not_applicable,not_applicable,unavailable,gc,go1.18.1,Release,JerryZ
2026-08-19T13:47:47.822308197Z,FMD,sender_signaling,fmd_sender_total_signaling,sender,547,false,not_applicable,unclear,gamma=8;p=2^-8;curve=P-256,354374,270,measured,ok,unavailable,gc,go1.18.1,Release,JerryZ
2026-08-19T13:47:47.824984145Z,FMD,sender_signaling,fmd_flag_generation,sender,548,false,not_applicable,unclear,gamma=8;p=2^-8;curve=P-256,846588,269,measured,ok,unavailable,gc,go1.18.1,Release,JerryZ
2026-08-19T13:47:47.826299435Z,FMD,sender_signaling,fmd_sender_preparation,sender,548,false,not_applicable,unclear,gamma=8;p=2^-8;curve=P-256,-1,,not_applicable,not_applicable,unavailable,gc,go1.18.1,Release,JerryZ
2026-08-19T13:47:47.82736961Z,FMD,sender_signaling,message_encryption,sender,548,false,not_applicable,unclear,gamma=8;p=2^-8;curve=P-256,-1,,not_applicable,not_applicable,unavailable,gc,go1.18.1,Release,JerryZ
2026-08-19T13:47:47.82961765Z,FMD,sender_signaling,fmd_sender_total_signaling,sender,548,false,not_applicable,unclear,gamma=8;p=2^-8;curve=P-256,372448,269,measured,ok,unavailable,gc,go1.18.1,Release,JerryZ
2026-08-19T13:47:47.831725578Z,FMD,sender_signaling,fmd_flag_generation,sender,549,false,not_applicable,unclear,gamma=8;p=2^-8;curve=P-256,385067,269,measured,ok,unavailable,gc,go1.18.1,Release,JerryZ
2026-08-19T13:47:47.832869622Z,FMD,sender_signaling,fmd_sender_preparation,sender,549,false,not_applicable,unclear,gamma=8;p=2^-8;curve=P-256,-1,,not_applicable,not_applicable,unavailable,gc,go1.18.1,Release,JerryZ
2026-08-19T13:47:47.833996296Z,FMD,sender_signaling,message_encryption,sender,549,false,not_applicable,unclear,gamma=8;p=2^-8;curve=P-256,-1,,not_applicable,not_applicable,unavailable,gc,go1.18.1,Release,JerryZ
2026-08-19T13:47:47.836074822Z,FMD,sender_signaling,fmd_sender_total_signaling,sender,549,false,not_applicable,unclear,gamma=8;p=2^-8;curve=P-256,382523,269,measured,ok,unavailable,gc,go1.18.1,Release,JerryZ
2026-08-19T13:47:47.838528152Z,FMD,sender_signaling,fmd_flag_generation,sender,550,false,not_applicable,unclear,gamma=8;p=2^-8;curve=P-256,524798,270,measured,ok,unavailable,gc,go1.18.1,Release,JerryZ
2026-08-19T13:47:47.840827424Z,FMD,sender_signaling,fmd_sender_preparation,sender,550,false,not_applicable,unclear,gamma=8;p=2^-8;curve=P-256,-1,,not_applicable,not_applicable,unavailable,gc,go1.18.1,Release,JerryZ
2026-08-19T13:47:47.843581994Z,FMD,sender_signaling,message_encryption,sender,550,false,not_applicable,unclear,gamma=8;p=2^-8;curve=P-256,-1,,not_applicable,not_applicable,unavailable,gc,go1.18.1,Release,JerryZ
2026-08-19T13:47:47.846626451Z,FMD,sender_signaling,fmd_sender_total_signaling,sender,550,false,not_applicable,unclear,gamma=8;p=2^-8;curve=P-256,919452,268,measured,ok,unavailable,gc,go1.18.1,Release,JerryZ
2026-08-19T13:47:47.848890121Z,FMD,sender_signaling,fmd_flag_generation,sender,551,false,not_applicable,unclear,gamma=8;p=2^-8;curve=P-256,510297,267,measured,ok,unavailable,gc,go1.18.1,Release,JerryZ
2026-08-19T13:47:47.850014508Z,FMD,sender_signaling,fmd_sender_preparation,sender,551,false,not_applicable,unclear,gamma=8;p=2^-8;curve=P-256,-1,,not_applicable,not_applicable,unavailable,gc,go1.18.1,Release,JerryZ
2026-08-19T13:47:47.851509644Z,FMD,sender_signaling,message_encryption,sender,551,false,not_applicable,unclear,gamma=8;p=2^-8;curve=P-256,-1,,not_applicable,not_applicable,unavailable,gc,go1.18.1,Release,JerryZ
2026-08-19T13:47:47.854459553Z,FMD,sender_signaling,fmd_sender_total_signaling,sender,551,false,not_applicable,unclear,gamma=8;p=2^-8;curve=P-256,979219,270,measured,ok,unavailable,gc,go1.18.1,Release,JerryZ
2026-08-19T13:47:47.85687088Z,FMD,sender_signaling,fmd_flag_generation,sender,552,false,not_applicable,unclear,gamma=8;p=2^-8;curve=P-256,413178,270,measured,ok,unavailable,gc,go1.18.1,Release,JerryZ
2026-08-19T13:47:47.858086434Z,FMD,sender_signaling,fmd_sender_preparation,sender,552,false,not_applicable,unclear,gamma=8;p=2^-8;curve=P-256,-1,,not_applicable,not_applicable,unavailable,gc,go1.18.1,Release,JerryZ
2026-08-19T13:47:47.859163865Z,FMD,sender_signaling,message_encryption,sender,552,false,not_applicable,unclear,gamma=8;p=2^-8;curve=P-256,-1,,not_applicable,not_applicable,unavailable,gc,go1.18.1,Release,JerryZ
2026-08-19T13:47:47.861281693Z,FMD,sender_signaling,fmd_sender_total_signaling,sender,552,false,not_applicable,unclear,gamma=8;p=2^-8;curve=P-256,365974,270,measured,ok,unavailable,gc,go1.18.1,Release,JerryZ
2026-08-19T13:47:47.863204273Z,FMD,sender_signaling,fmd_flag_generation,sender,553,false,not_applicable,unclear,gamma=8;p=2^-8;curve=P-256,364026,268,measured,ok,unavailable,gc,go1.18.1,Release,JerryZ
2026-08-19T13:47:47.864617995Z,FMD,sender_signaling,fmd_sender_preparation,sender,553,false,not_applicable,unclear,gamma=8;p=2^-8;curve=P-256,-1,,not_applicable,not_applicable,unavailable,gc,go1.18.1,Release,JerryZ
2026-08-19T13:47:47.866016637Z,FMD,sender_signaling,message_encryption,sender,553,false,not_applicable,unclear,gamma=8;p=2^-8;curve=P-256,-1,,not_applicable,not_applicable,unavailable,gc,go1.18.1,Release,JerryZ
2026-08-19T13:47:47.86908363Z,FMD,sender_signaling,fmd_sender_total_signaling,sender,553,false,not_applicable,unclear,gamma=8;p=2^-8;curve=P-256,892773,268,measured,ok,unavailable,gc,go1.18.1,Release,JerryZ
2026-08-19T13:47:47.871927099Z,FMD,sender_signaling,fmd_flag_generation,sender,554,false,not_applicable,unclear,gamma=8;p=2^-8;curve=P-256,567226,270,measured,ok,unavailable,gc,go1.18.1,Release,JerryZ
2026-08-19T13:47:47.873322908Z,FMD,sender_signaling,fmd_sender_preparation,sender,554,false,not_applicable,unclear,gamma=8;p=2^-8;curve=P-256,-1,,not_applicable,not_applicable,unavailable,gc,go1.18.1,Release,JerryZ
2026-08-19T13:47:47.874461167Z,FMD,sender_signaling,message_encryption,sender,554,false,not_applicable,unclear,gamma=8;p=2^-8;curve=P-256,-1,,not_applicable,not_applicable,unavailable,gc,go1.18.1,Release,JerryZ
2026-08-19T13:47:47.87661488Z,FMD,sender_signaling,fmd_sender_total_signaling,sender,554,false,not_applicable,unclear,gamma=8;p=2^-8;curve=P-256,387546,270,measured,ok,unavailable,gc,go1.18.1,Release,JerryZ
2026-08-19T13:47:47.87861336Z,FMD,sender_signaling,fmd_flag_generation,sender,555,false,not_applicable,unclear,gamma=8;p=2^-8;curve=P-256,357983,269,measured,ok,unavailable,gc,go1.18.1,Release,JerryZ
2026-08-19T13:47:47.880406206Z,FMD,sender_signaling,fmd_sender_preparation,sender,555,false,not_applicable,unclear,gamma=8;p=2^-8;curve=P-256,-1,,not_applicable,not_applicable,unavailable,gc,go1.18.1,Release,JerryZ
2026-08-19T13:47:47.881930776Z,FMD,sender_signaling,message_encryption,sender,555,false,not_applicable,unclear,gamma=8;p=2^-8;curve=P-256,-1,,not_applicable,not_applicable,unavailable,gc,go1.18.1,Release,JerryZ
2026-08-19T13:47:47.883766291Z,FMD,sender_signaling,fmd_sender_total_signaling,sender,555,false,not_applicable,unclear,gamma=8;p=2^-8;curve=P-256,353685,269,measured,ok,unavailable,gc,go1.18.1,Release,JerryZ
2026-08-19T13:47:47.886238801Z,FMD,sender_signaling,fmd_flag_generation,sender,556,false,not_applicable,unclear,gamma=8;p=2^-8;curve=P-256,399365,269,measured,ok,unavailable,gc,go1.18.1,Release,JerryZ
2026-08-19T13:47:47.887749311Z,FMD,sender_signaling,fmd_sender_preparation,sender,556,false,not_applicable,unclear,gamma=8;p=2^-8;curve=P-256,-1,,not_applicable,not_applicable,unavailable,gc,go1.18.1,Release,JerryZ
2026-08-19T13:47:47.88881696Z,FMD,sender_signaling,message_encryption,sender,556,false,not_applicable,unclear,gamma=8;p=2^-8;curve=P-256,-1,,not_applicable,not_applicable,unavailable,gc,go1.18.1,Release,JerryZ
2026-08-19T13:47:47.890942016Z,FMD,sender_signaling,fmd_sender_total_signaling,sender,556,false,not_applicable,unclear,gamma=8;p=2^-8;curve=P-256,368856,269,measured,ok,unavailable,gc,go1.18.1,Release,JerryZ
2026-08-19T13:47:47.892795378Z,FMD,sender_signaling,fmd_flag_generation,sender,557,false,not_applicable,unclear,gamma=8;p=2^-8;curve=P-256,353933,268,measured,ok,unavailable,gc,go1.18.1,Release,JerryZ
2026-08-19T13:47:47.893953218Z,FMD,sender_signaling,fmd_sender_preparation,sender,557,false,not_applicable,unclear,gamma=8;p=2^-8;curve=P-256,-1,,not_applicable,not_applicable,unavailable,gc,go1.18.1,Release,JerryZ
2026-08-19T13:47:47.895062685Z,FMD,sender_signaling,message_encryption,sender,557,false,not_applicable,unclear,gamma=8;p=2^-8;curve=P-256,-1,,not_applicable,not_applicable,unavailable,gc,go1.18.1,Release,JerryZ
2026-08-19T13:47:47.897391189Z,FMD,sender_signaling,fmd_sender_total_signaling,sender,557,false,not_applicable,unclear,gamma=8;p=2^-8;curve=P-256,391853,270,measured,ok,unavailable,gc,go1.18.1,Release,JerryZ
2026-08-19T13:47:47.899558333Z,FMD,sender_signaling,fmd_flag_generation,sender,558,false,not_applicable,unclear,gamma=8;p=2^-8;curve=P-256,408264,269,measured,ok,unavailable,gc,go1.18.1,Release,JerryZ
2026-08-19T13:47:47.901659497Z,FMD,sender_signaling,fmd_sender_preparation,sender,558,false,not_applicable,unclear,gamma=8;p=2^-8;curve=P-256,-1,,not_applicable,not_applicable,unavailable,gc,go1.18.1,Release,JerryZ
2026-08-19T13:47:47.903167467Z,FMD,sender_signaling,message_encryption,sender,558,false,not_applicable,unclear,gamma=8;p=2^-8;curve=P-256,-1,,not_applicable,not_applicable,unavailable,gc,go1.18.1,Release,JerryZ
2026-08-19T13:47:47.905736277Z,FMD,sender_signaling,fmd_sender_total_signaling,sender,558,false,not_applicable,unclear,gamma=8;p=2^-8;curve=P-256,428079,269,measured,ok,unavailable,gc,go1.18.1,Release,JerryZ
2026-08-19T13:47:47.908158409Z,FMD,sender_signaling,fmd_flag_generation,sender,559,false,not_applicable,unclear,gamma=8;p=2^-8;curve=P-256,386388,269,measured,ok,unavailable,gc,go1.18.1,Release,JerryZ
2026-08-19T13:47:47.909291658Z,FMD,sender_signaling,fmd_sender_preparation,sender,559,false,not_applicable,unclear,gamma=8;p=2^-8;curve=P-256,-1,,not_applicable,not_applicable,unavailable,gc,go1.18.1,Release,JerryZ
2026-08-19T13:47:47.910438527Z,FMD,sender_signaling,message_encryption,sender,559,false,not_applicable,unclear,gamma=8;p=2^-8;curve=P-256,-1,,not_applicable,not_applicable,unavailable,gc,go1.18.1,Release,JerryZ
2026-08-19T13:47:47.912516235Z,FMD,sender_signaling,fmd_sender_total_signaling,sender,559,false,not_applicable,unclear,gamma=8;p=2^-8;curve=P-256,356735,270,measured,ok,unavailable,gc,go1.18.1,Release,JerryZ
2026-08-19T13:47:47.915045895Z,FMD,sender_signaling,fmd_flag_generation,sender,560,false,not_applicable,unclear,gamma=8;p=2^-8;curve=P-256,771088,269,measured,ok,unavailable,gc,go1.18.1,Release,JerryZ
2026-08-19T13:47:47.917929323Z,FMD,sender_signaling,fmd_sender_preparation,sender,560,false,not_applicable,unclear,gamma=8;p=2^-8;curve=P-256,-1,,not_applicable,not_applicable,unavailable,gc,go1.18.1,Release,JerryZ
2026-08-19T13:47:47.919116757Z,FMD,sender_signaling,message_encryption,sender,560,false,not_applicable,unclear,gamma=8;p=2^-8;curve=P-256,-1,,not_applicable,not_applicable,unavailable,gc,go1.18.1,Release,JerryZ
2026-08-19T13:47:47.921696101Z,FMD,sender_signaling,fmd_sender_total_signaling,sender,560,false,not_applicable,unclear,gamma=8;p=2^-8;curve=P-256,795801,271,measured,ok,unavailable,gc,go1.18.1,Release,JerryZ
2026-08-19T13:47:47.924306982Z,FMD,sender_signaling,fmd_flag_generation,sender,561,false,not_applicable,unclear,gamma=8;p=2^-8;curve=P-256,357249,269,measured,ok,unavailable,gc,go1.18.1,Release,JerryZ
2026-08-19T13:47:47.925482881Z,FMD,sender_signaling,fmd_sender_preparation,sender,561,false,not_applicable,unclear,gamma=8;p=2^-8;curve=P-256,-1,,not_applicable,not_applicable,unavailable,gc,go1.18.1,Release,JerryZ
2026-08-19T13:47:47.926898054Z,FMD,sender_signaling,message_encryption,sender,561,false,not_applicable,unclear,gamma=8;p=2^-8;curve=P-256,-1,,not_applicable,not_applicable,unavailable,gc,go1.18.1,Release,JerryZ
2026-08-19T13:47:47.928815957Z,FMD,sender_signaling,fmd_sender_total_signaling,sender,561,false,not_applicable,unclear,gamma=8;p=2^-8;curve=P-256,356596,271,measured,ok,unavailable,gc,go1.18.1,Release,JerryZ
2026-08-19T13:47:47.931089619Z,FMD,sender_signaling,fmd_flag_generation,sender,562,false,not_applicable,unclear,gamma=8;p=2^-8;curve=P-256,448131,269,measured,ok,unavailable,gc,go1.18.1,Release,JerryZ
2026-08-19T13:47:47.933288517Z,FMD,sender_signaling,fmd_sender_preparation,sender,562,false,not_applicable,unclear,gamma=8;p=2^-8;curve=P-256,-1,,not_applicable,not_applicable,unavailable,gc,go1.18.1,Release,JerryZ
2026-08-19T13:47:47.934916964Z,FMD,sender_signaling,message_encryption,sender,562,false,not_applicable,unclear,gamma=8;p=2^-8;curve=P-256,-1,,not_applicable,not_applicable,unavailable,gc,go1.18.1,Release,JerryZ
2026-08-19T13:47:47.937276274Z,FMD,sender_signaling,fmd_sender_total_signaling,sender,562,false,not_applicable,unclear,gamma=8;p=2^-8;curve=P-256,375230,269,measured,ok,unavailable,gc,go1.18.1,Release,JerryZ
2026-08-19T13:47:47.939520558Z,FMD,sender_signaling,fmd_flag_generation,sender,563,false,not_applicable,unclear,gamma=8;p=2^-8;curve=P-256,381044,270,measured,ok,unavailable,gc,go1.18.1,Release,JerryZ
2026-08-19T13:47:47.940790972Z,FMD,sender_signaling,fmd_sender_preparation,sender,563,false,not_applicable,unclear,gamma=8;p=2^-8;curve=P-256,-1,,not_applicable,not_applicable,unavailable,gc,go1.18.1,Release,JerryZ
2026-08-19T13:47:47.942017202Z,FMD,sender_signaling,message_encryption,sender,563,false,not_applicable,unclear,gamma=8;p=2^-8;curve=P-256,-1,,not_applicable,not_applicable,unavailable,gc,go1.18.1,Release,JerryZ
2026-08-19T13:47:47.94417783Z,FMD,sender_signaling,fmd_sender_total_signaling,sender,563,false,not_applicable,unclear,gamma=8;p=2^-8;curve=P-256,351472,269,measured,ok,unavailable,gc,go1.18.1,Release,JerryZ
2026-08-19T13:47:47.946371419Z,FMD,sender_signaling,fmd_flag_generation,sender,564,false,not_applicable,unclear,gamma=8;p=2^-8;curve=P-256,411533,269,measured,ok,unavailable,gc,go1.18.1,Release,JerryZ
2026-08-19T13:47:47.947788668Z,FMD,sender_signaling,fmd_sender_preparation,sender,564,false,not_applicable,unclear,gamma=8;p=2^-8;curve=P-256,-1,,not_applicable,not_applicable,unavailable,gc,go1.18.1,Release,JerryZ
2026-08-19T13:47:47.949259357Z,FMD,sender_signaling,message_encryption,sender,564,false,not_applicable,unclear,gamma=8;p=2^-8;curve=P-256,-1,,not_applicable,not_applicable,unavailable,gc,go1.18.1,Release,JerryZ
2026-08-19T13:47:47.951405309Z,FMD,sender_signaling,fmd_sender_total_signaling,sender,564,false,not_applicable,unclear,gamma=8;p=2^-8;curve=P-256,362906,269,measured,ok,unavailable,gc,go1.18.1,Release,JerryZ
2026-08-19T13:47:47.953320988Z,FMD,sender_signaling,fmd_flag_generation,sender,565,false,not_applicable,unclear,gamma=8;p=2^-8;curve=P-256,351996,269,measured,ok,unavailable,gc,go1.18.1,Release,JerryZ
2026-08-19T13:47:47.954909541Z,FMD,sender_signaling,fmd_sender_preparation,sender,565,false,not_applicable,unclear,gamma=8;p=2^-8;curve=P-256,-1,,not_applicable,not_applicable,unavailable,gc,go1.18.1,Release,JerryZ
2026-08-19T13:47:47.9563997Z,FMD,sender_signaling,message_encryption,sender,565,false,not_applicable,unclear,gamma=8;p=2^-8;curve=P-256,-1,,not_applicable,not_applicable,unavailable,gc,go1.18.1,Release,JerryZ
2026-08-19T13:47:47.958520668Z,FMD,sender_signaling,fmd_sender_total_signaling,sender,565,false,not_applicable,unclear,gamma=8;p=2^-8;curve=P-256,412443,269,measured,ok,unavailable,gc,go1.18.1,Release,JerryZ
2026-08-19T13:47:47.96084548Z,FMD,sender_signaling,fmd_flag_generation,sender,566,false,not_applicable,unclear,gamma=8;p=2^-8;curve=P-256,430333,270,measured,ok,unavailable,gc,go1.18.1,Release,JerryZ
2026-08-19T13:47:47.962640915Z,FMD,sender_signaling,fmd_sender_preparation,sender,566,false,not_applicable,unclear,gamma=8;p=2^-8;curve=P-256,-1,,not_applicable,not_applicable,unavailable,gc,go1.18.1,Release,JerryZ
2026-08-19T13:47:47.964120273Z,FMD,sender_signaling,message_encryption,sender,566,false,not_applicable,unclear,gamma=8;p=2^-8;curve=P-256,-1,,not_applicable,not_applicable,unavailable,gc,go1.18.1,Release,JerryZ
2026-08-19T13:47:47.966294632Z,FMD,sender_signaling,fmd_sender_total_signaling,sender,566,false,not_applicable,unclear,gamma=8;p=2^-8;curve=P-256,380612,267,measured,ok,unavailable,gc,go1.18.1,Release,JerryZ
2026-08-19T13:47:47.968383884Z,FMD,sender_signaling,fmd_flag_generation,sender,567,false,not_applicable,unclear,gamma=8;p=2^-8;curve=P-256,372420,269,measured,ok,unavailable,gc,go1.18.1,Release,JerryZ
2026-08-19T13:47:47.969702747Z,FMD,sender_signaling,fmd_sender_preparation,sender,567,false,not_applicable,unclear,gamma=8;p=2^-8;curve=P-256,-1,,not_applicable,not_applicable,unavailable,gc,go1.18.1,Release,JerryZ
2026-08-19T13:47:47.970893533Z,FMD,sender_signaling,message_encryption,sender,567,false,not_applicable,unclear,gamma=8;p=2^-8;curve=P-256,-1,,not_applicable,not_applicable,unavailable,gc,go1.18.1,Release,JerryZ
2026-08-19T13:47:47.972762945Z,FMD,sender_signaling,fmd_sender_total_signaling,sender,567,false,not_applicable,unclear,gamma=8;p=2^-8;curve=P-256,368490,270,measured,ok,unavailable,gc,go1.18.1,Release,JerryZ
2026-08-19T13:47:47.975599242Z,FMD,sender_signaling,fmd_flag_generation,sender,568,false,not_applicable,unclear,gamma=8;p=2^-8;curve=P-256,790153,270,measured,ok,unavailable,gc,go1.18.1,Release,JerryZ
2026-08-19T13:47:47.977106087Z,FMD,sender_signaling,fmd_sender_preparation,sender,568,false,not_applicable,unclear,gamma=8;p=2^-8;curve=P-256,-1,,not_applicable,not_applicable,unavailable,gc,go1.18.1,Release,JerryZ
2026-08-19T13:47:47.978381098Z,FMD,sender_signaling,message_encryption,sender,568,false,not_applicable,unclear,gamma=8;p=2^-8;curve=P-256,-1,,not_applicable,not_applicable,unavailable,gc,go1.18.1,Release,JerryZ
2026-08-19T13:47:47.98050185Z,FMD,sender_signaling,fmd_sender_total_signaling,sender,568,false,not_applicable,unclear,gamma=8;p=2^-8;curve=P-256,406510,270,measured,ok,unavailable,gc,go1.18.1,Release,JerryZ
2026-08-19T13:47:47.982606586Z,FMD,sender_signaling,fmd_flag_generation,sender,569,false,not_applicable,unclear,gamma=8;p=2^-8;curve=P-256,355844,268,measured,ok,unavailable,gc,go1.18.1,Release,JerryZ
2026-08-19T13:47:47.983878134Z,FMD,sender_signaling,fmd_sender_preparation,sender,569,false,not_applicable,unclear,gamma=8;p=2^-8;curve=P-256,-1,,not_applicable,not_applicable,unavailable,gc,go1.18.1,Release,JerryZ
2026-08-19T13:47:47.985003458Z,FMD,sender_signaling,message_encryption,sender,569,false,not_applicable,unclear,gamma=8;p=2^-8;curve=P-256,-1,,not_applicable,not_applicable,unavailable,gc,go1.18.1,Release,JerryZ
2026-08-19T13:47:47.986911698Z,FMD,sender_signaling,fmd_sender_total_signaling,sender,569,false,not_applicable,unclear,gamma=8;p=2^-8;curve=P-256,370032,270,measured,ok,unavailable,gc,go1.18.1,Release,JerryZ
2026-08-19T13:47:47.98989522Z,FMD,sender_signaling,fmd_flag_generation,sender,570,false,not_applicable,unclear,gamma=8;p=2^-8;curve=P-256,452548,269,measured,ok,unavailable,gc,go1.18.1,Release,JerryZ
2026-08-19T13:47:47.991574251Z,FMD,sender_signaling,fmd_sender_preparation,sender,570,false,not_applicable,unclear,gamma=8;p=2^-8;curve=P-256,-1,,not_applicable,not_applicable,unavailable,gc,go1.18.1,Release,JerryZ
2026-08-19T13:47:47.993571276Z,FMD,sender_signaling,message_encryption,sender,570,false,not_applicable,unclear,gamma=8;p=2^-8;curve=P-256,-1,,not_applicable,not_applicable,unavailable,gc,go1.18.1,Release,JerryZ
2026-08-19T13:47:47.996047151Z,FMD,sender_signaling,fmd_sender_total_signaling,sender,570,false,not_applicable,unclear,gamma=8;p=2^-8;curve=P-256,415281,268,measured,ok,unavailable,gc,go1.18.1,Release,JerryZ
2026-08-19T13:47:47.997949766Z,FMD,sender_signaling,fmd_flag_generation,sender,571,false,not_applicable,unclear,gamma=8;p=2^-8;curve=P-256,408016,269,measured,ok,unavailable,gc,go1.18.1,Release,JerryZ
2026-08-19T13:47:47.999046634Z,FMD,sender_signaling,fmd_sender_preparation,sender,571,false,not_applicable,unclear,gamma=8;p=2^-8;curve=P-256,-1,,not_applicable,not_applicable,unavailable,gc,go1.18.1,Release,JerryZ
2026-08-19T13:47:48.000310651Z,FMD,sender_signaling,message_encryption,sender,571,false,not_applicable,unclear,gamma=8;p=2^-8;curve=P-256,-1,,not_applicable,not_applicable,unavailable,gc,go1.18.1,Release,JerryZ
2026-08-19T13:47:48.003127648Z,FMD,sender_signaling,fmd_sender_total_signaling,sender,571,false,not_applicable,unclear,gamma=8;p=2^-8;curve=P-256,886656,270,measured,ok,unavailable,gc,go1.18.1,Release,JerryZ
2026-08-19T13:47:48.006439815Z,FMD,sender_signaling,fmd_flag_generation,sender,572,false,not_applicable,unclear,gamma=8;p=2^-8;curve=P-256,890605,268,measured,ok,unavailable,gc,go1.18.1,Release,JerryZ
2026-08-19T13:47:48.008143836Z,FMD,sender_signaling,fmd_sender_preparation,sender,572,false,not_applicable,unclear,gamma=8;p=2^-8;curve=P-256,-1,,not_applicable,not_applicable,unavailable,gc,go1.18.1,Release,JerryZ
2026-08-19T13:47:48.009381083Z,FMD,sender_signaling,message_encryption,sender,572,false,not_applicable,unclear,gamma=8;p=2^-8;curve=P-256,-1,,not_applicable,not_applicable,unavailable,gc,go1.18.1,Release,JerryZ
2026-08-19T13:47:48.011252624Z,FMD,sender_signaling,fmd_sender_total_signaling,sender,572,false,not_applicable,unclear,gamma=8;p=2^-8;curve=P-256,393038,269,measured,ok,unavailable,gc,go1.18.1,Release,JerryZ
2026-08-19T13:47:48.013780168Z,FMD,sender_signaling,fmd_flag_generation,sender,573,false,not_applicable,unclear,gamma=8;p=2^-8;curve=P-256,417559,271,measured,ok,unavailable,gc,go1.18.1,Release,JerryZ
2026-08-19T13:47:48.015076875Z,FMD,sender_signaling,fmd_sender_preparation,sender,573,false,not_applicable,unclear,gamma=8;p=2^-8;curve=P-256,-1,,not_applicable,not_applicable,unavailable,gc,go1.18.1,Release,JerryZ
2026-08-19T13:47:48.016156767Z,FMD,sender_signaling,message_encryption,sender,573,false,not_applicable,unclear,gamma=8;p=2^-8;curve=P-256,-1,,not_applicable,not_applicable,unavailable,gc,go1.18.1,Release,JerryZ
2026-08-19T13:47:48.018072713Z,FMD,sender_signaling,fmd_sender_total_signaling,sender,573,false,not_applicable,unclear,gamma=8;p=2^-8;curve=P-256,416475,270,measured,ok,unavailable,gc,go1.18.1,Release,JerryZ
2026-08-19T13:47:48.02071695Z,FMD,sender_signaling,fmd_flag_generation,sender,574,false,not_applicable,unclear,gamma=8;p=2^-8;curve=P-256,809429,269,measured,ok,unavailable,gc,go1.18.1,Release,JerryZ
2026-08-19T13:47:48.022221462Z,FMD,sender_signaling,fmd_sender_preparation,sender,574,false,not_applicable,unclear,gamma=8;p=2^-8;curve=P-256,-1,,not_applicable,not_applicable,unavailable,gc,go1.18.1,Release,JerryZ
2026-08-19T13:47:48.023862951Z,FMD,sender_signaling,message_encryption,sender,574,false,not_applicable,unclear,gamma=8;p=2^-8;curve=P-256,-1,,not_applicable,not_applicable,unavailable,gc,go1.18.1,Release,JerryZ
2026-08-19T13:47:48.026109048Z,FMD,sender_signaling,fmd_sender_total_signaling,sender,574,false,not_applicable,unclear,gamma=8;p=2^-8;curve=P-256,490973,269,measured,ok,unavailable,gc,go1.18.1,Release,JerryZ
2026-08-19T13:47:48.029514477Z,FMD,sender_signaling,fmd_flag_generation,sender,575,false,not_applicable,unclear,gamma=8;p=2^-8;curve=P-256,811469,268,measured,ok,unavailable,gc,go1.18.1,Release,JerryZ
2026-08-19T13:47:48.030742098Z,FMD,sender_signaling,fmd_sender_preparation,sender,575,false,not_applicable,unclear,gamma=8;p=2^-8;curve=P-256,-1,,not_applicable,not_applicable,unavailable,gc,go1.18.1,Release,JerryZ
2026-08-19T13:47:48.031835784Z,FMD,sender_signaling,message_encryption,sender,575,false,not_applicable,unclear,gamma=8;p=2^-8;curve=P-256,-1,,not_applicable,not_applicable,unavailable,gc,go1.18.1,Release,JerryZ
2026-08-19T13:47:48.034048127Z,FMD,sender_signaling,fmd_sender_total_signaling,sender,575,false,not_applicable,unclear,gamma=8;p=2^-8;curve=P-256,408623,268,measured,ok,unavailable,gc,go1.18.1,Release,JerryZ
2026-08-19T13:47:48.035928852Z,FMD,sender_signaling,fmd_flag_generation,sender,576,false,not_applicable,unclear,gamma=8;p=2^-8;curve=P-256,364136,269,measured,ok,unavailable,gc,go1.18.1,Release,JerryZ
2026-08-19T13:47:48.0376072Z,FMD,sender_signaling,fmd_sender_preparation,sender,576,false,not_applicable,unclear,gamma=8;p=2^-8;curve=P-256,-1,,not_applicable,not_applicable,unavailable,gc,go1.18.1,Release,JerryZ
2026-08-19T13:47:48.039094791Z,FMD,sender_signaling,message_encryption,sender,576,false,not_applicable,unclear,gamma=8;p=2^-8;curve=P-256,-1,,not_applicable,not_applicable,unavailable,gc,go1.18.1,Release,JerryZ
2026-08-19T13:47:48.04125722Z,FMD,sender_signaling,fmd_sender_total_signaling,sender,576,false,not_applicable,unclear,gamma=8;p=2^-8;curve=P-256,421480,270,measured,ok,unavailable,gc,go1.18.1,Release,JerryZ
2026-08-19T13:47:48.043339813Z,FMD,sender_signaling,fmd_flag_generation,sender,577,false,not_applicable,unclear,gamma=8;p=2^-8;curve=P-256,366083,268,measured,ok,unavailable,gc,go1.18.1,Release,JerryZ
2026-08-19T13:47:48.044649869Z,FMD,sender_signaling,fmd_sender_preparation,sender,577,false,not_applicable,unclear,gamma=8;p=2^-8;curve=P-256,-1,,not_applicable,not_applicable,unavailable,gc,go1.18.1,Release,JerryZ
2026-08-19T13:47:48.055831805Z,FMD,sender_signaling,message_encryption,sender,577,false,not_applicable,unclear,gamma=8;p=2^-8;curve=P-256,-1,,not_applicable,not_applicable,unavailable,gc,go1.18.1,Release,JerryZ
2026-08-19T13:47:48.058036452Z,FMD,sender_signaling,fmd_sender_total_signaling,sender,577,false,not_applicable,unclear,gamma=8;p=2^-8;curve=P-256,420966,268,measured,ok,unavailable,gc,go1.18.1,Release,JerryZ
2026-08-19T13:47:48.060432516Z,FMD,sender_signaling,fmd_flag_generation,sender,578,false,not_applicable,unclear,gamma=8;p=2^-8;curve=P-256,376654,268,measured,ok,unavailable,gc,go1.18.1,Release,JerryZ
2026-08-19T13:47:48.061694413Z,FMD,sender_signaling,fmd_sender_preparation,sender,578,false,not_applicable,unclear,gamma=8;p=2^-8;curve=P-256,-1,,not_applicable,not_applicable,unavailable,gc,go1.18.1,Release,JerryZ
2026-08-19T13:47:48.062956602Z,FMD,sender_signaling,message_encryption,sender,578,false,not_applicable,unclear,gamma=8;p=2^-8;curve=P-256,-1,,not_applicable,not_applicable,unavailable,gc,go1.18.1,Release,JerryZ
2026-08-19T13:47:48.075724961Z,FMD,sender_signaling,fmd_sender_total_signaling,sender,578,false,not_applicable,unclear,gamma=8;p=2^-8;curve=P-256,389906,269,measured,ok,unavailable,gc,go1.18.1,Release,JerryZ
2026-08-19T13:47:48.078731497Z,FMD,sender_signaling,fmd_flag_generation,sender,579,false,not_applicable,unclear,gamma=8;p=2^-8;curve=P-256,518810,270,measured,ok,unavailable,gc,go1.18.1,Release,JerryZ
2026-08-19T13:47:48.080020678Z,FMD,sender_signaling,fmd_sender_preparation,sender,579,false,not_applicable,unclear,gamma=8;p=2^-8;curve=P-256,-1,,not_applicable,not_applicable,unavailable,gc,go1.18.1,Release,JerryZ
2026-08-19T13:47:48.081201242Z,FMD,sender_signaling,message_encryption,sender,579,false,not_applicable,unclear,gamma=8;p=2^-8;curve=P-256,-1,,not_applicable,not_applicable,unavailable,gc,go1.18.1,Release,JerryZ
2026-08-19T13:47:48.094459261Z,FMD,sender_signaling,fmd_sender_total_signaling,sender,579,false,not_applicable,unclear,gamma=8;p=2^-8;curve=P-256,869455,270,measured,ok,unavailable,gc,go1.18.1,Release,JerryZ
2026-08-19T13:47:48.098927467Z,FMD,sender_signaling,fmd_flag_generation,sender,580,false,not_applicable,unclear,gamma=8;p=2^-8;curve=P-256,506971,270,measured,ok,unavailable,gc,go1.18.1,Release,JerryZ
2026-08-19T13:47:48.100706106Z,FMD,sender_signaling,fmd_sender_preparation,sender,580,false,not_applicable,unclear,gamma=8;p=2^-8;curve=P-256,-1,,not_applicable,not_applicable,unavailable,gc,go1.18.1,Release,JerryZ
2026-08-19T13:47:48.111827027Z,FMD,sender_signaling,message_encryption,sender,580,false,not_applicable,unclear,gamma=8;p=2^-8;curve=P-256,-1,,not_applicable,not_applicable,unavailable,gc,go1.18.1,Release,JerryZ
2026-08-19T13:47:48.114844304Z,FMD,sender_signaling,fmd_sender_total_signaling,sender,580,false,not_applicable,unclear,gamma=8;p=2^-8;curve=P-256,598189,270,measured,ok,unavailable,gc,go1.18.1,Release,JerryZ
2026-08-19T13:47:48.117647727Z,FMD,sender_signaling,fmd_flag_generation,sender,581,false,not_applicable,unclear,gamma=8;p=2^-8;curve=P-256,476454,271,measured,ok,unavailable,gc,go1.18.1,Release,JerryZ
2026-08-19T13:47:48.118816784Z,FMD,sender_signaling,fmd_sender_preparation,sender,581,false,not_applicable,unclear,gamma=8;p=2^-8;curve=P-256,-1,,not_applicable,not_applicable,unavailable,gc,go1.18.1,Release,JerryZ
2026-08-19T13:47:48.130195648Z,FMD,sender_signaling,message_encryption,sender,581,false,not_applicable,unclear,gamma=8;p=2^-8;curve=P-256,-1,,not_applicable,not_applicable,unavailable,gc,go1.18.1,Release,JerryZ
2026-08-19T13:47:48.134047647Z,FMD,sender_signaling,fmd_sender_total_signaling,sender,581,false,not_applicable,unclear,gamma=8;p=2^-8;curve=P-256,812635,268,measured,ok,unavailable,gc,go1.18.1,Release,JerryZ
2026-08-19T13:47:48.137786308Z,FMD,sender_signaling,fmd_flag_generation,sender,582,false,not_applicable,unclear,gamma=8;p=2^-8;curve=P-256,665446,268,measured,ok,unavailable,gc,go1.18.1,Release,JerryZ
2026-08-19T13:47:48.149469274Z,FMD,sender_signaling,fmd_sender_preparation,sender,582,false,not_applicable,unclear,gamma=8;p=2^-8;curve=P-256,-1,,not_applicable,not_applicable,unavailable,gc,go1.18.1,Release,JerryZ
2026-08-19T13:47:48.151426804Z,FMD,sender_signaling,message_encryption,sender,582,false,not_applicable,unclear,gamma=8;p=2^-8;curve=P-256,-1,,not_applicable,not_applicable,unavailable,gc,go1.18.1,Release,JerryZ
2026-08-19T13:47:48.154914452Z,FMD,sender_signaling,fmd_sender_total_signaling,sender,582,false,not_applicable,unclear,gamma=8;p=2^-8;curve=P-256,870254,270,measured,ok,unavailable,gc,go1.18.1,Release,JerryZ
2026-08-19T13:47:48.167376284Z,FMD,sender_signaling,fmd_flag_generation,sender,583,false,not_applicable,unclear,gamma=8;p=2^-8;curve=P-256,501930,271,measured,ok,unavailable,gc,go1.18.1,Release,JerryZ
2026-08-19T13:47:48.16912738Z,FMD,sender_signaling,fmd_sender_preparation,sender,583,false,not_applicable,unclear,gamma=8;p=2^-8;curve=P-256,-1,,not_applicable,not_applicable,unavailable,gc,go1.18.1,Release,JerryZ
2026-08-19T13:47:48.170523139Z,FMD,sender_signaling,message_encryption,sender,583,false,not_applicable,unclear,gamma=8;p=2^-8;curve=P-256,-1,,not_applicable,not_applicable,unavailable,gc,go1.18.1,Release,JerryZ
2026-08-19T13:47:48.17296823Z,FMD,sender_signaling,fmd_sender_total_signaling,sender,583,false,not_applicable,unclear,gamma=8;p=2^-8;curve=P-256,504023,270,measured,ok,unavailable,gc,go1.18.1,Release,JerryZ
2026-08-19T13:47:48.185551981Z,FMD,sender_signaling,fmd_flag_generation,sender,584,false,not_applicable,unclear,gamma=8;p=2^-8;curve=P-256,484095,269,measured,ok,unavailable,gc,go1.18.1,Release,JerryZ
2026-08-19T13:47:48.187104313Z,FMD,sender_signaling,fmd_sender_preparation,sender,584,false,not_applicable,unclear,gamma=8;p=2^-8;curve=P-256,-1,,not_applicable,not_applicable,unavailable,gc,go1.18.1,Release,JerryZ
2026-08-19T13:47:48.188552548Z,FMD,sender_signaling,message_encryption,sender,584,false,not_applicable,unclear,gamma=8;p=2^-8;curve=P-256,-1,,not_applicable,not_applicable,unavailable,gc,go1.18.1,Release,JerryZ
2026-08-19T13:47:48.191786125Z,FMD,sender_signaling,fmd_sender_total_signaling,sender,584,false,not_applicable,unclear,gamma=8;p=2^-8;curve=P-256,500965,271,measured,ok,unavailable,gc,go1.18.1,Release,JerryZ
2026-08-19T13:47:48.206569009Z,FMD,sender_signaling,fmd_flag_generation,sender,585,false,not_applicable,unclear,gamma=8;p=2^-8;curve=P-256,1018324,270,measured,ok,unavailable,gc,go1.18.1,Release,JerryZ
2026-08-19T13:47:48.209634826Z,FMD,sender_signaling,fmd_sender_preparation,sender,585,false,not_applicable,unclear,gamma=8;p=2^-8;curve=P-256,-1,,not_applicable,not_applicable,unavailable,gc,go1.18.1,Release,JerryZ
2026-08-19T13:47:48.221596979Z,FMD,sender_signaling,message_encryption,sender,585,false,not_applicable,unclear,gamma=8;p=2^-8;curve=P-256,-1,,not_applicable,not_applicable,unavailable,gc,go1.18.1,Release,JerryZ
2026-08-19T13:47:48.225189338Z,FMD,sender_signaling,fmd_sender_total_signaling,sender,585,false,not_applicable,unclear,gamma=8;p=2^-8;curve=P-256,628721,267,measured,ok,unavailable,gc,go1.18.1,Release,JerryZ
2026-08-19T13:47:48.228165283Z,FMD,sender_signaling,fmd_flag_generation,sender,586,false,not_applicable,unclear,gamma=8;p=2^-8;curve=P-256,559328,269,measured,ok,unavailable,gc,go1.18.1,Release,JerryZ
2026-08-19T13:47:48.239465236Z,FMD,sender_signaling,fmd_sender_preparation,sender,586,false,not_applicable,unclear,gamma=8;p=2^-8;curve=P-256,-1,,not_applicable,not_applicable,unavailable,gc,go1.18.1,Release,JerryZ
2026-08-19T13:47:48.240822105Z,FMD,sender_signaling,message_encryption,sender,586,false,not_applicable,unclear,gamma=8;p=2^-8;curve=P-256,-1,,not_applicable,not_applicable,unavailable,gc,go1.18.1,Release,JerryZ
2026-08-19T13:47:48.243263428Z,FMD,sender_signaling,fmd_sender_total_signaling,sender,586,false,not_applicable,unclear,gamma=8;p=2^-8;curve=P-256,374395,269,measured,ok,unavailable,gc,go1.18.1,Release,JerryZ
2026-08-19T13:47:48.245583175Z,FMD,sender_signaling,fmd_flag_generation,sender,587,false,not_applicable,unclear,gamma=8;p=2^-8;curve=P-256,454239,269,measured,ok,unavailable,gc,go1.18.1,Release,JerryZ
2026-08-19T13:47:48.246737832Z,FMD,sender_signaling,fmd_sender_preparation,sender,587,false,not_applicable,unclear,gamma=8;p=2^-8;curve=P-256,-1,,not_applicable,not_applicable,unavailable,gc,go1.18.1,Release,JerryZ
2026-08-19T13:47:48.257403447Z,FMD,sender_signaling,message_encryption,sender,587,false,not_applicable,unclear,gamma=8;p=2^-8;curve=P-256,-1,,not_applicable,not_applicable,unavailable,gc,go1.18.1,Release,JerryZ
2026-08-19T13:47:48.259811018Z,FMD,sender_signaling,fmd_sender_total_signaling,sender,587,false,not_applicable,unclear,gamma=8;p=2^-8;curve=P-256,376057,270,measured,ok,unavailable,gc,go1.18.1,Release,JerryZ
2026-08-19T13:47:48.261774948Z,FMD,sender_signaling,fmd_flag_generation,sender,588,false,not_applicable,unclear,gamma=8;p=2^-8;curve=P-256,368949,269,measured,ok,unavailable,gc,go1.18.1,Release,JerryZ
2026-08-19T13:47:48.262878645Z,FMD,sender_signaling,fmd_sender_preparation,sender,588,false,not_applicable,unclear,gamma=8;p=2^-8;curve=P-256,-1,,not_applicable,not_applicable,unavailable,gc,go1.18.1,Release,JerryZ
2026-08-19T13:47:48.263984187Z,FMD,sender_signaling,message_encryption,sender,588,false,not_applicable,unclear,gamma=8;p=2^-8;curve=P-256,-1,,not_applicable,not_applicable,unavailable,gc,go1.18.1,Release,JerryZ
2026-08-19T13:47:48.276638566Z,FMD,sender_signaling,fmd_sender_total_signaling,sender,588,false,not_applicable,unclear,gamma=8;p=2^-8;curve=P-256,502196,269,measured,ok,unavailable,gc,go1.18.1,Release,JerryZ
2026-08-19T13:47:48.279443959Z,FMD,sender_signaling,fmd_flag_generation,sender,589,false,not_applicable,unclear,gamma=8;p=2^-8;curve=P-256,710493,270,measured,ok,unavailable,gc,go1.18.1,Release,JerryZ
2026-08-19T13:47:48.280869298Z,FMD,sender_signaling,fmd_sender_preparation,sender,589,false,not_applicable,unclear,gamma=8;p=2^-8;curve=P-256,-1,,not_applicable,not_applicable,unavailable,gc,go1.18.1,Release,JerryZ
2026-08-19T13:47:48.282504009Z,FMD,sender_signaling,message_encryption,sender,589,false,not_applicable,unclear,gamma=8;p=2^-8;curve=P-256,-1,,not_applicable,not_applicable,unavailable,gc,go1.18.1,Release,JerryZ
2026-08-19T13:47:48.295499596Z,FMD,sender_signaling,fmd_sender_total_signaling,sender,589,false,not_applicable,unclear,gamma=8;p=2^-8;curve=P-256,758194,269,measured,ok,unavailable,gc,go1.18.1,Release,JerryZ
2026-08-19T13:47:48.300231303Z,FMD,sender_signaling,fmd_flag_generation,sender,590,false,not_applicable,unclear,gamma=8;p=2^-8;curve=P-256,852786,269,measured,ok,unavailable,gc,go1.18.1,Release,JerryZ
2026-08-19T13:47:48.302304502Z,FMD,sender_signaling,fmd_sender_preparation,sender,590,false,not_applicable,unclear,gamma=8;p=2^-8;curve=P-256,-1,,not_applicable,not_applicable,unavailable,gc,go1.18.1,Release,JerryZ
2026-08-19T13:47:48.314481486Z,FMD,sender_signaling,message_encryption,sender,590,false,not_applicable,unclear,gamma=8;p=2^-8;curve=P-256,-1,,not_applicable,not_applicable,unavailable,gc,go1.18.1,Release,JerryZ
2026-08-19T13:47:48.31857702Z,FMD,sender_signaling,fmd_sender_total_signaling,sender,590,false,not_applicable,unclear,gamma=8;p=2^-8;curve=P-256,970981,269,measured,ok,unavailable,gc,go1.18.1,Release,JerryZ
2026-08-19T13:47:48.322055519Z,FMD,sender_signaling,fmd_flag_generation,sender,591,false,not_applicable,unclear,gamma=8;p=2^-8;curve=P-256,728676,269,measured,ok,unavailable,gc,go1.18.1,Release,JerryZ
2026-08-19T13:47:48.331950175Z,FMD,sender_signaling,fmd_sender_preparation,sender,591,false,not_applicable,unclear,gamma=8;p=2^-8;curve=P-256,-1,,not_applicable,not_applicable,unavailable,gc,go1.18.1,Release,JerryZ
2026-08-19T13:47:48.333891689Z,FMD,sender_signaling,message_encryption,sender,591,false,not_applicable,unclear,gamma=8;p=2^-8;curve=P-256,-1,,not_applicable,not_applicable,unavailable,gc,go1.18.1,Release,JerryZ
2026-08-19T13:47:48.336680294Z,FMD,sender_signaling,fmd_sender_total_signaling,sender,591,false,not_applicable,unclear,gamma=8;p=2^-8;curve=P-256,561441,268,measured,ok,unavailable,gc,go1.18.1,Release,JerryZ
2026-08-19T13:47:48.339352968Z,FMD,sender_signaling,fmd_flag_generation,sender,592,false,not_applicable,unclear,gamma=8;p=2^-8;curve=P-256,547096,270,measured,ok,unavailable,gc,go1.18.1,Release,JerryZ
2026-08-19T13:47:48.349486352Z,FMD,sender_signaling,fmd_sender_preparation,sender,592,false,not_applicable,unclear,gamma=8;p=2^-8;curve=P-256,-1,,not_applicable,not_applicable,unavailable,gc,go1.18.1,Release,JerryZ
2026-08-19T13:47:48.351085365Z,FMD,sender_signaling,message_encryption,sender,592,false,not_applicable,unclear,gamma=8;p=2^-8;curve=P-256,-1,,not_applicable,not_applicable,unavailable,gc,go1.18.1,Release,JerryZ
2026-08-19T13:47:48.353195057Z,FMD,sender_signaling,fmd_sender_total_signaling,sender,592,false,not_applicable,unclear,gamma=8;p=2^-8;curve=P-256,438847,269,measured,ok,unavailable,gc,go1.18.1,Release,JerryZ
2026-08-19T13:47:48.355223737Z,FMD,sender_signaling,fmd_flag_generation,sender,593,false,not_applicable,unclear,gamma=8;p=2^-8;curve=P-256,379565,270,measured,ok,unavailable,gc,go1.18.1,Release,JerryZ
2026-08-19T13:47:48.356520154Z,FMD,sender_signaling,fmd_sender_preparation,sender,593,false,not_applicable,unclear,gamma=8;p=2^-8;curve=P-256,-1,,not_applicable,not_applicable,unavailable,gc,go1.18.1,Release,JerryZ
2026-08-19T13:47:48.367709327Z,FMD,sender_signaling,message_encryption,sender,593,false,not_applicable,unclear,gamma=8;p=2^-8;curve=P-256,-1,,not_applicable,not_applicable,unavailable,gc,go1.18.1,Release,JerryZ
2026-08-19T13:47:48.369805293Z,FMD,sender_signaling,fmd_sender_total_signaling,sender,593,false,not_applicable,unclear,gamma=8;p=2^-8;curve=P-256,498320,268,measured,ok,unavailable,gc,go1.18.1,Release,JerryZ
2026-08-19T13:47:48.371953896Z,FMD,sender_signaling,fmd_flag_generation,sender,594,false,not_applicable,unclear,gamma=8;p=2^-8;curve=P-256,360508,270,measured,ok,unavailable,gc,go1.18.1,Release,JerryZ
2026-08-19T13:47:48.373791856Z,FMD,sender_signaling,fmd_sender_preparation,sender,594,false,not_applicable,unclear,gamma=8;p=2^-8;curve=P-256,-1,,not_applicable,not_applicable,unavailable,gc,go1.18.1,Release,JerryZ
2026-08-19T13:47:48.375817649Z,FMD,sender_signaling,message_encryption,sender,594,false,not_applicable,unclear,gamma=8;p=2^-8;curve=P-256,-1,,not_applicable,not_applicable,unavailable,gc,go1.18.1,Release,JerryZ
2026-08-19T13:47:48.387061302Z,FMD,sender_signaling,fmd_sender_total_signaling,sender,594,false,not_applicable,unclear,gamma=8;p=2^-8;curve=P-256,433079,269,measured,ok,unavailable,gc,go1.18.1,Release,JerryZ
2026-08-19T13:47:48.389614977Z,FMD,sender_signaling,fmd_flag_generation,sender,595,false,not_applicable,unclear,gamma=8;p=2^-8;curve=P-256,448361,270,measured,ok,unavailable,gc,go1.18.1,Release,JerryZ
2026-08-19T13:47:48.391740827Z,FMD,sender_signaling,fmd_sender_preparation,sender,595,false,not_applicable,unclear,gamma=8;p=2^-8;curve=P-256,-1,,not_applicable,not_applicable,unavailable,gc,go1.18.1,Release,JerryZ
2026-08-19T13:47:48.39300416Z,FMD,sender_signaling,message_encryption,sender,595,false,not_applicable,unclear,gamma=8;p=2^-8;curve=P-256,-1,,not_applicable,not_applicable,unavailable,gc,go1.18.1,Release,JerryZ
2026-08-19T13:47:48.404330598Z,FMD,sender_signaling,fmd_sender_total_signaling,sender,595,false,not_applicable,unclear,gamma=8;p=2^-8;curve=P-256,429166,270,measured,ok,unavailable,gc,go1.18.1,Release,JerryZ
2026-08-19T13:47:48.406988133Z,FMD,sender_signaling,fmd_flag_generation,sender,596,false,not_applicable,unclear,gamma=8;p=2^-8;curve=P-256,826943,271,measured,ok,unavailable,gc,go1.18.1,Release,JerryZ
2026-08-19T13:47:48.408475352Z,FMD,sender_signaling,fmd_sender_preparation,sender,596,false,not_applicable,unclear,gamma=8;p=2^-8;curve=P-256,-1,,not_applicable,not_applicable,unavailable,gc,go1.18.1,Release,JerryZ
2026-08-19T13:47:48.409594606Z,FMD,sender_signaling,message_encryption,sender,596,false,not_applicable,unclear,gamma=8;p=2^-8;curve=P-256,-1,,not_applicable,not_applicable,unavailable,gc,go1.18.1,Release,JerryZ
2026-08-19T13:47:48.412192739Z,FMD,sender_signaling,fmd_sender_total_signaling,sender,596,false,not_applicable,unclear,gamma=8;p=2^-8;curve=P-256,839259,270,measured,ok,unavailable,gc,go1.18.1,Release,JerryZ
2026-08-19T13:47:48.42343167Z,FMD,sender_signaling,fmd_flag_generation,sender,597,false,not_applicable,unclear,gamma=8;p=2^-8;curve=P-256,385782,270,measured,ok,unavailable,gc,go1.18.1,Release,JerryZ
2026-08-19T13:47:48.424727041Z,FMD,sender_signaling,fmd_sender_preparation,sender,597,false,not_applicable,unclear,gamma=8;p=2^-8;curve=P-256,-1,,not_applicable,not_applicable,unavailable,gc,go1.18.1,Release,JerryZ
2026-08-19T13:47:48.426029162Z,FMD,sender_signaling,message_encryption,sender,597,false,not_applicable,unclear,gamma=8;p=2^-8;curve=P-256,-1,,not_applicable,not_applicable,unavailable,gc,go1.18.1,Release,JerryZ
2026-08-19T13:47:48.428058638Z,FMD,sender_signaling,fmd_sender_total_signaling,sender,597,false,not_applicable,unclear,gamma=8;p=2^-8;curve=P-256,433392,269,measured,ok,unavailable,gc,go1.18.1,Release,JerryZ
2026-08-19T13:47:48.429979993Z,FMD,sender_signaling,fmd_flag_generation,sender,598,false,not_applicable,unclear,gamma=8;p=2^-8;curve=P-256,414602,269,measured,ok,unavailable,gc,go1.18.1,Release,JerryZ
2026-08-19T13:47:48.44107258Z,FMD,sender_signaling,fmd_sender_preparation,sender,598,false,not_applicable,unclear,gamma=8;p=2^-8;curve=P-256,-1,,not_applicable,not_applicable,unavailable,gc,go1.18.1,Release,JerryZ
2026-08-19T13:47:48.44254134Z,FMD,sender_signaling,message_encryption,sender,598,false,not_applicable,unclear,gamma=8;p=2^-8;curve=P-256,-1,,not_applicable,not_applicable,unavailable,gc,go1.18.1,Release,JerryZ
2026-08-19T13:47:48.444479593Z,FMD,sender_signaling,fmd_sender_total_signaling,sender,598,false,not_applicable,unclear,gamma=8;p=2^-8;curve=P-256,405160,265,measured,ok,unavailable,gc,go1.18.1,Release,JerryZ
2026-08-19T13:47:48.446675028Z,FMD,sender_signaling,fmd_flag_generation,sender,599,false,not_applicable,unclear,gamma=8;p=2^-8;curve=P-256,404737,269,measured,ok,unavailable,gc,go1.18.1,Release,JerryZ
2026-08-19T13:47:48.44806422Z,FMD,sender_signaling,fmd_sender_preparation,sender,599,false,not_applicable,unclear,gamma=8;p=2^-8;curve=P-256,-1,,not_applicable,not_applicable,unavailable,gc,go1.18.1,Release,JerryZ
2026-08-19T13:47:48.459039145Z,FMD,sender_signaling,message_encryption,sender,599,false,not_applicable,unclear,gamma=8;p=2^-8;curve=P-256,-1,,not_applicable,not_applicable,unavailable,gc,go1.18.1,Release,JerryZ
2026-08-19T13:47:48.461455752Z,FMD,sender_signaling,fmd_sender_total_signaling,sender,599,false,not_applicable,unclear,gamma=8;p=2^-8;curve=P-256,433125,269,measured,ok,unavailable,gc,go1.18.1,Release,JerryZ
2026-08-19T13:47:48.464097757Z,FMD,sender_signaling,fmd_flag_generation,sender,600,false,not_applicable,unclear,gamma=8;p=2^-8;curve=P-256,351775,270,measured,ok,unavailable,gc,go1.18.1,Release,JerryZ
2026-08-19T13:47:48.465951501Z,FMD,sender_signaling,fmd_sender_preparation,sender,600,false,not_applicable,unclear,gamma=8;p=2^-8;curve=P-256,-1,,not_applicable,not_applicable,unavailable,gc,go1.18.1,Release,JerryZ
2026-08-19T13:47:48.467214324Z,FMD,sender_signaling,message_encryption,sender,600,false,not_applicable,unclear,gamma=8;p=2^-8;curve=P-256,-1,,not_applicable,not_applicable,unavailable,gc,go1.18.1,Release,JerryZ
2026-08-19T13:47:48.479083612Z,FMD,sender_signaling,fmd_sender_total_signaling,sender,600,false,not_applicable,unclear,gamma=8;p=2^-8;curve=P-256,449903,270,measured,ok,unavailable,gc,go1.18.1,Release,JerryZ
2026-08-19T13:47:48.482885936Z,FMD,sender_signaling,fmd_flag_generation,sender,601,false,not_applicable,unclear,gamma=8;p=2^-8;curve=P-256,624064,270,measured,ok,unavailable,gc,go1.18.1,Release,JerryZ
2026-08-19T13:47:48.484825681Z,FMD,sender_signaling,fmd_sender_preparation,sender,601,false,not_applicable,unclear,gamma=8;p=2^-8;curve=P-256,-1,,not_applicable,not_applicable,unavailable,gc,go1.18.1,Release,JerryZ
2026-08-19T13:47:48.495723572Z,FMD,sender_signaling,message_encryption,sender,601,false,not_applicable,unclear,gamma=8;p=2^-8;curve=P-256,-1,,not_applicable,not_applicable,unavailable,gc,go1.18.1,Release,JerryZ
2026-08-19T13:47:48.498756429Z,FMD,sender_signaling,fmd_sender_total_signaling,sender,601,false,not_applicable,unclear,gamma=8;p=2^-8;curve=P-256,570202,269,measured,ok,unavailable,gc,go1.18.1,Release,JerryZ
2026-08-19T13:47:48.501678677Z,FMD,sender_signaling,fmd_flag_generation,sender,602,false,not_applicable,unclear,gamma=8;p=2^-8;curve=P-256,515622,269,measured,ok,unavailable,gc,go1.18.1,Release,JerryZ
2026-08-19T13:47:48.503134561Z,FMD,sender_signaling,fmd_sender_preparation,sender,602,false,not_applicable,unclear,gamma=8;p=2^-8;curve=P-256,-1,,not_applicable,not_applicable,unavailable,gc,go1.18.1,Release,JerryZ
2026-08-19T13:47:48.513824349Z,FMD,sender_signaling,message_encryption,sender,602,false,not_applicable,unclear,gamma=8;p=2^-8;curve=P-256,-1,,not_applicable,not_applicable,unavailable,gc,go1.18.1,Release,JerryZ
2026-08-19T13:47:48.516899319Z,FMD,sender_signaling,fmd_sender_total_signaling,sender,602,false,not_applicable,unclear,gamma=8;p=2^-8;curve=P-256,592877,269,measured,ok,unavailable,gc,go1.18.1,Release,JerryZ
2026-08-19T13:47:48.520008287Z,FMD,sender_signaling,fmd_flag_generation,sender,603,false,not_applicable,unclear,gamma=8;p=2^-8;curve=P-256,499514,267,measured,ok,unavailable,gc,go1.18.1,Release,JerryZ
2026-08-19T13:47:48.521756711Z,FMD,sender_signaling,fmd_sender_preparation,sender,603,false,not_applicable,unclear,gamma=8;p=2^-8;curve=P-256,-1,,not_applicable,not_applicable,unavailable,gc,go1.18.1,Release,JerryZ
2026-08-19T13:47:48.532348384Z,FMD,sender_signaling,message_encryption,sender,603,false,not_applicable,unclear,gamma=8;p=2^-8;curve=P-256,-1,,not_applicable,not_applicable,unavailable,gc,go1.18.1,Release,JerryZ
2026-08-19T13:47:48.534491705Z,FMD,sender_signaling,fmd_sender_total_signaling,sender,603,false,not_applicable,unclear,gamma=8;p=2^-8;curve=P-256,403544,269,measured,ok,unavailable,gc,go1.18.1,Release,JerryZ
2026-08-19T13:47:48.537271889Z,FMD,sender_signaling,fmd_flag_generation,sender,604,false,not_applicable,unclear,gamma=8;p=2^-8;curve=P-256,390843,271,measured,ok,unavailable,gc,go1.18.1,Release,JerryZ
2026-08-19T13:47:48.5387646Z,FMD,sender_signaling,fmd_sender_preparation,sender,604,false,not_applicable,unclear,gamma=8;p=2^-8;curve=P-256,-1,,not_applicable,not_applicable,unavailable,gc,go1.18.1,Release,JerryZ
2026-08-19T13:47:48.539842036Z,FMD,sender_signaling,message_encryption,sender,604,false,not_applicable,unclear,gamma=8;p=2^-8;curve=P-256,-1,,not_applicable,not_applicable,unavailable,gc,go1.18.1,Release,JerryZ
2026-08-19T13:47:48.552063262Z,FMD,sender_signaling,fmd_sender_total_signaling,sender,604,false,not_applicable,unclear,gamma=8;p=2^-8;curve=P-256,650602,269,measured,ok,unavailable,gc,go1.18.1,Release,JerryZ
2026-08-19T13:47:48.554059744Z,FMD,sender_signaling,fmd_flag_generation,sender,605,false,not_applicable,unclear,gamma=8;p=2^-8;curve=P-256,472707,269,measured,ok,unavailable,gc,go1.18.1,Release,JerryZ
2026-08-19T13:47:48.555300618Z,FMD,sender_signaling,fmd_sender_preparation,sender,605,false,not_applicable,unclear,gamma=8;p=2^-8;curve=P-256,-1,,not_applicable,not_applicable,unavailable,gc,go1.18.1,Release,JerryZ
2026-08-19T13:47:48.556763473Z,FMD,sender_signaling,message_encryption,sender,605,false,not_applicable,unclear,gamma=8;p=2^-8;curve=P-256,-1,,not_applicable,not_applicable,unavailable,gc,go1.18.1,Release,JerryZ
2026-08-19T13:47:48.559438769Z,FMD,sender_signaling,fmd_sender_total_signaling,sender,605,false,not_applicable,unclear,gamma=8;p=2^-8;curve=P-256,445642,270,measured,ok,unavailable,gc,go1.18.1,Release,JerryZ
2026-08-19T13:47:48.570991273Z,FMD,sender_signaling,fmd_flag_generation,sender,606,false,not_applicable,unclear,gamma=8;p=2^-8;curve=P-256,656245,269,measured,ok,unavailable,gc,go1.18.1,Release,JerryZ
2026-08-19T13:47:48.573157448Z,FMD,sender_signaling,fmd_sender_preparation,sender,606,false,not_applicable,unclear,gamma=8;p=2^-8;curve=P-256,-1,,not_applicable,not_applicable,unavailable,gc,go1.18.1,Release,JerryZ
2026-08-19T13:47:48.575014131Z,FMD,sender_signaling,message_encryption,sender,606,false,not_applicable,unclear,gamma=8;p=2^-8;curve=P-256,-1,,not_applicable,not_applicable,unavailable,gc,go1.18.1,Release,JerryZ
2026-08-19T13:47:48.579258005Z,FMD,sender_signaling,fmd_sender_total_signaling,sender,606,false,not_applicable,unclear,gamma=8;p=2^-8;curve=P-256,1239699,269,measured,ok,unavailable,gc,go1.18.1,Release,JerryZ
2026-08-19T13:47:48.589768268Z,FMD,sender_signaling,fmd_flag_generation,sender,607,false,not_applicable,unclear,gamma=8;p=2^-8;curve=P-256,760628,270,measured,ok,unavailable,gc,go1.18.1,Release,JerryZ
2026-08-19T13:47:48.591652805Z,FMD,sender_signaling,fmd_sender_preparation,sender,607,false,not_applicable,unclear,gamma=8;p=2^-8;curve=P-256,-1,,not_applicable,not_applicable,unavailable,gc,go1.18.1,Release,JerryZ
2026-08-19T13:47:48.593400467Z,FMD,sender_signaling,message_encryption,sender,607,false,not_applicable,unclear,gamma=8;p=2^-8;curve=P-256,-1,,not_applicable,not_applicable,unavailable,gc,go1.18.1,Release,JerryZ
2026-08-19T13:47:48.596797102Z,FMD,sender_signaling,fmd_sender_total_signaling,sender,607,false,not_applicable,unclear,gamma=8;p=2^-8;curve=P-256,710585,271,measured,ok,unavailable,gc,go1.18.1,Release,JerryZ
2026-08-19T13:47:48.607942084Z,FMD,sender_signaling,fmd_flag_generation,sender,608,false,not_applicable,unclear,gamma=8;p=2^-8;curve=P-256,645573,269,measured,ok,unavailable,gc,go1.18.1,Release,JerryZ
2026-08-19T13:47:48.609478805Z,FMD,sender_signaling,fmd_sender_preparation,sender,608,false,not_applicable,unclear,gamma=8;p=2^-8;curve=P-256,-1,,not_applicable,not_applicable,unavailable,gc,go1.18.1,Release,JerryZ
2026-08-19T13:47:48.610838571Z,FMD,sender_signaling,message_encryption,sender,608,false,not_applicable,unclear,gamma=8;p=2^-8;curve=P-256,-1,,not_applicable,not_applicable,unavailable,gc,go1.18.1,Release,JerryZ
2026-08-19T13:47:48.613729879Z,FMD,sender_signaling,fmd_sender_total_signaling,sender,608,false,not_applicable,unclear,gamma=8;p=2^-8;curve=P-256,573692,267,measured,ok,unavailable,gc,go1.18.1,Release,JerryZ
2026-08-19T13:47:48.625513177Z,FMD,sender_signaling,fmd_flag_generation,sender,609,false,not_applicable,unclear,gamma=8;p=2^-8;curve=P-256,480963,268,measured,ok,unavailable,gc,go1.18.1,Release,JerryZ
2026-08-19T13:47:48.627576756Z,FMD,sender_signaling,fmd_sender_preparation,sender,609,false,not_applicable,unclear,gamma=8;p=2^-8;curve=P-256,-1,,not_applicable,not_applicable,unavailable,gc,go1.18.1,Release,JerryZ
2026-08-19T13:47:48.629000117Z,FMD,sender_signaling,message_encryption,sender,609,false,not_applicable,unclear,gamma=8;p=2^-8;curve=P-256,-1,,not_applicable,not_applicable,unavailable,gc,go1.18.1,Release,JerryZ
2026-08-19T13:47:48.63143961Z,FMD,sender_signaling,fmd_sender_total_signaling,sender,609,false,not_applicable,unclear,gamma=8;p=2^-8;curve=P-256,687331,270,measured,ok,unavailable,gc,go1.18.1,Release,JerryZ
2026-08-19T13:47:48.642593628Z,FMD,sender_signaling,fmd_flag_generation,sender,610,false,not_applicable,unclear,gamma=8;p=2^-8;curve=P-256,383211,269,measured,ok,unavailable,gc,go1.18.1,Release,JerryZ
2026-08-19T13:47:48.643966656Z,FMD,sender_signaling,fmd_sender_preparation,sender,610,false,not_applicable,unclear,gamma=8;p=2^-8;curve=P-256,-1,,not_applicable,not_applicable,unavailable,gc,go1.18.1,Release,JerryZ
2026-08-19T13:47:48.64510756Z,FMD,sender_signaling,message_encryption,sender,610,false,not_applicable,unclear,gamma=8;p=2^-8;curve=P-256,-1,,not_applicable,not_applicable,unavailable,gc,go1.18.1,Release,JerryZ
2026-08-19T13:47:48.647057297Z,FMD,sender_signaling,fmd_sender_total_signaling,sender,610,false,not_applicable,unclear,gamma=8;p=2^-8;curve=P-256,383211,270,measured,ok,unavailable,gc,go1.18.1,Release,JerryZ
2026-08-19T13:47:48.649466549Z,FMD,sender_signaling,fmd_flag_generation,sender,611,false,not_applicable,unclear,gamma=8;p=2^-8;curve=P-256,463477,269,measured,ok,unavailable,gc,go1.18.1,Release,JerryZ
2026-08-19T13:47:48.66039254Z,FMD,sender_signaling,fmd_sender_preparation,sender,611,false,not_applicable,unclear,gamma=8;p=2^-8;curve=P-256,-1,,not_applicable,not_applicable,unavailable,gc,go1.18.1,Release,JerryZ
2026-08-19T13:47:48.663317152Z,FMD,sender_signaling,message_encryption,sender,611,false,not_applicable,unclear,gamma=8;p=2^-8;curve=P-256,-1,,not_applicable,not_applicable,unavailable,gc,go1.18.1,Release,JerryZ
2026-08-19T13:47:48.667005395Z,FMD,sender_signaling,fmd_sender_total_signaling,sender,611,false,not_applicable,unclear,gamma=8;p=2^-8;curve=P-256,849471,269,measured,ok,unavailable,gc,go1.18.1,Release,JerryZ
2026-08-19T13:47:48.670804463Z,FMD,sender_signaling,fmd_flag_generation,sender,612,false,not_applicable,unclear,gamma=8;p=2^-8;curve=P-256,731092,267,measured,ok,unavailable,gc,go1.18.1,Release,JerryZ
2026-08-19T13:47:48.680280923Z,FMD,sender_signaling,fmd_sender_preparation,sender,612,false,not_applicable,unclear,gamma=8;p=2^-8;curve=P-256,-1,,not_applicable,not_applicable,unavailable,gc,go1.18.1,Release,JerryZ
2026-08-19T13:47:48.683292666Z,FMD,sender_signaling,message_encryption,sender,612,false,not_applicable,unclear,gamma=8;p=2^-8;curve=P-256,-1,,not_applicable,not_applicable,unavailable,gc,go1.18.1,Release,JerryZ
2026-08-19T13:47:48.686703784Z,FMD,sender_signaling,fmd_sender_total_signaling,sender,612,false,not_applicable,unclear,gamma=8;p=2^-8;curve=P-256,826906,268,measured,ok,unavailable,gc,go1.18.1,Release,JerryZ
2026-08-19T13:47:48.700162543Z,FMD,sender_signaling,fmd_flag_generation,sender,613,false,not_applicable,unclear,gamma=8;p=2^-8;curve=P-256,959484,269,measured,ok,unavailable,gc,go1.18.1,Release,JerryZ
2026-08-19T13:47:48.702740387Z,FMD,sender_signaling,fmd_sender_preparation,sender,613,false,not_applicable,unclear,gamma=8;p=2^-8;curve=P-256,-1,,not_applicable,not_applicable,unavailable,gc,go1.18.1,Release,JerryZ
2026-08-19T13:47:48.70466743Z,FMD,sender_signaling,message_encryption,sender,613,false,not_applicable,unclear,gamma=8;p=2^-8;curve=P-256,-1,,not_applicable,not_applicable,unavailable,gc,go1.18.1,Release,JerryZ
2026-08-19T13:47:48.716773153Z,FMD,sender_signaling,fmd_sender_total_signaling,sender,613,false,not_applicable,unclear,gamma=8;p=2^-8;curve=P-256,716059,269,measured,ok,unavailable,gc,go1.18.1,Release,JerryZ
2026-08-19T13:47:48.718793995Z,FMD,sender_signaling,fmd_flag_generation,sender,614,false,not_applicable,unclear,gamma=8;p=2^-8;curve=P-256,349645,269,measured,ok,unavailable,gc,go1.18.1,Release,JerryZ
2026-08-19T13:47:48.720439184Z,FMD,sender_signaling,fmd_sender_preparation,sender,614,false,not_applicable,unclear,gamma=8;p=2^-8;curve=P-256,-1,,not_applicable,not_applicable,unavailable,gc,go1.18.1,Release,JerryZ
2026-08-19T13:47:48.722052212Z,FMD,sender_signaling,message_encryption,sender,614,false,not_applicable,unclear,gamma=8;p=2^-8;curve=P-256,-1,,not_applicable,not_applicable,unavailable,gc,go1.18.1,Release,JerryZ
2026-08-19T13:47:48.724214953Z,FMD,sender_signaling,fmd_sender_total_signaling,sender,614,false,not_applicable,unclear,gamma=8;p=2^-8;curve=P-256,431463,269,measured,ok,unavailable,gc,go1.18.1,Release,JerryZ
2026-08-19T13:47:48.736858495Z,FMD,sender_signaling,fmd_flag_generation,sender,615,false,not_applicable,unclear,gamma=8;p=2^-8;curve=P-256,880788,269,measured,ok,unavailable,gc,go1.18.1,Release,JerryZ
2026-08-19T13:47:48.73834059Z,FMD,sender_signaling,fmd_sender_preparation,sender,615,false,not_applicable,unclear,gamma=8;p=2^-8;curve=P-256,-1,,not_applicable,not_applicable,unavailable,gc,go1.18.1,Release,JerryZ
2026-08-19T13:47:48.739810672Z,FMD,sender_signaling,message_encryption,sender,615,false,not_applicable,unclear,gamma=8;p=2^-8;curve=P-256,-1,,not_applicable,not_applicable,unavailable,gc,go1.18.1,Release,JerryZ
2026-08-19T13:47:48.742363306Z,FMD,sender_signaling,fmd_sender_total_signaling,sender,615,false,not_applicable,unclear,gamma=8;p=2^-8;curve=P-256,432905,269,measured,ok,unavailable,gc,go1.18.1,Release,JerryZ
2026-08-19T13:47:48.75513691Z,FMD,sender_signaling,fmd_flag_generation,sender,616,false,not_applicable,unclear,gamma=8;p=2^-8;curve=P-256,635333,270,measured,ok,unavailable,gc,go1.18.1,Release,JerryZ
2026-08-19T13:47:48.758525468Z,FMD,sender_signaling,fmd_sender_preparation,sender,616,false,not_applicable,unclear,gamma=8;p=2^-8;curve=P-256,-1,,not_applicable,not_applicable,unavailable,gc,go1.18.1,Release,JerryZ
2026-08-19T13:47:48.760520183Z,FMD,sender_signaling,message_encryption,sender,616,false,not_applicable,unclear,gamma=8;p=2^-8;curve=P-256,-1,,not_applicable,not_applicable,unavailable,gc,go1.18.1,Release,JerryZ
2026-08-19T13:47:48.774124825Z,FMD,sender_signaling,fmd_sender_total_signaling,sender,616,false,not_applicable,unclear,gamma=8;p=2^-8;curve=P-256,760755,269,measured,ok,unavailable,gc,go1.18.1,Release,JerryZ
2026-08-19T13:47:48.777717717Z,FMD,sender_signaling,fmd_flag_generation,sender,617,false,not_applicable,unclear,gamma=8;p=2^-8;curve=P-256,724113,270,measured,ok,unavailable,gc,go1.18.1,Release,JerryZ
2026-08-19T13:47:48.789805063Z,FMD,sender_signaling,fmd_sender_preparation,sender,617,false,not_applicable,unclear,gamma=8;p=2^-8;curve=P-256,-1,,not_applicable,not_applicable,unavailable,gc,go1.18.1,Release,JerryZ
2026-08-19T13:47:48.791726951Z,FMD,sender_signaling,message_encryption,sender,617,false,not_applicable,unclear,gamma=8;p=2^-8;curve=P-256,-1,,not_applicable,not_applicable,unavailable,gc,go1.18.1,Release,JerryZ
2026-08-19T13:47:48.795019773Z,FMD,sender_signaling,fmd_sender_total_signaling,sender,617,false,not_applicable,unclear,gamma=8;p=2^-8;curve=P-256,689884,268,measured,ok,unavailable,gc,go1.18.1,Release,JerryZ
2026-08-19T13:47:48.798254407Z,FMD,sender_signaling,fmd_flag_generation,sender,618,false,not_applicable,unclear,gamma=8;p=2^-8;curve=P-256,864036,269,measured,ok,unavailable,gc,go1.18.1,Release,JerryZ
2026-08-19T13:47:48.809119861Z,FMD,sender_signaling,fmd_sender_preparation,sender,618,false,not_applicable,unclear,gamma=8;p=2^-8;curve=P-256,-1,,not_applicable,not_applicable,unavailable,gc,go1.18.1,Release,JerryZ
2026-08-19T13:47:48.810634265Z,FMD,sender_signaling,message_encryption,sender,618,false,not_applicable,unclear,gamma=8;p=2^-8;curve=P-256,-1,,not_applicable,not_applicable,unavailable,gc,go1.18.1,Release,JerryZ
2026-08-19T13:47:48.812775658Z,FMD,sender_signaling,fmd_sender_total_signaling,sender,618,false,not_applicable,unclear,gamma=8;p=2^-8;curve=P-256,420139,270,measured,ok,unavailable,gc,go1.18.1,Release,JerryZ
2026-08-19T13:47:48.814729417Z,FMD,sender_signaling,fmd_flag_generation,sender,619,false,not_applicable,unclear,gamma=8;p=2^-8;curve=P-256,395205,269,measured,ok,unavailable,gc,go1.18.1,Release,JerryZ
2026-08-19T13:47:48.826127126Z,FMD,sender_signaling,fmd_sender_preparation,sender,619,false,not_applicable,unclear,gamma=8;p=2^-8;curve=P-256,-1,,not_applicable,not_applicable,unavailable,gc,go1.18.1,Release,JerryZ
2026-08-19T13:47:48.827368597Z,FMD,sender_signaling,message_encryption,sender,619,false,not_applicable,unclear,gamma=8;p=2^-8;curve=P-256,-1,,not_applicable,not_applicable,unavailable,gc,go1.18.1,Release,JerryZ
2026-08-19T13:47:48.829702688Z,FMD,sender_signaling,fmd_sender_total_signaling,sender,619,false,not_applicable,unclear,gamma=8;p=2^-8;curve=P-256,542890,270,measured,ok,unavailable,gc,go1.18.1,Release,JerryZ
2026-08-19T13:47:48.832253948Z,FMD,sender_signaling,fmd_flag_generation,sender,620,false,not_applicable,unclear,gamma=8;p=2^-8;curve=P-256,466049,268,measured,ok,unavailable,gc,go1.18.1,Release,JerryZ
2026-08-19T13:47:48.834062113Z,FMD,sender_signaling,fmd_sender_preparation,sender,620,false,not_applicable,unclear,gamma=8;p=2^-8;curve=P-256,-1,,not_applicable,not_applicable,unavailable,gc,go1.18.1,Release,JerryZ
2026-08-19T13:47:48.845087606Z,FMD,sender_signaling,message_encryption,sender,620,false,not_applicable,unclear,gamma=8;p=2^-8;curve=P-256,-1,,not_applicable,not_applicable,unavailable,gc,go1.18.1,Release,JerryZ
2026-08-19T13:47:48.848682215Z,FMD,sender_signaling,fmd_sender_total_signaling,sender,620,false,not_applicable,unclear,gamma=8;p=2^-8;curve=P-256,772217,269,measured,ok,unavailable,gc,go1.18.1,Release,JerryZ
2026-08-19T13:47:48.853113962Z,FMD,sender_signaling,fmd_flag_generation,sender,621,false,not_applicable,unclear,gamma=8;p=2^-8;curve=P-256,684953,269,measured,ok,unavailable,gc,go1.18.1,Release,JerryZ
2026-08-19T13:47:48.863399342Z,FMD,sender_signaling,fmd_sender_preparation,sender,621,false,not_applicable,unclear,gamma=8;p=2^-8;curve=P-256,-1,,not_applicable,not_applicable,unavailable,gc,go1.18.1,Release,JerryZ
2026-08-19T13:47:48.86497209Z,FMD,sender_signaling,message_encryption,sender,621,false,not_applicable,unclear,gamma=8;p=2^-8;curve=P-256,-1,,not_applicable,not_applicable,unavailable,gc,go1.18.1,Release,JerryZ
2026-08-19T13:47:48.867756489Z,FMD,sender_signaling,fmd_sender_total_signaling,sender,621,false,not_applicable,unclear,gamma=8;p=2^-8;curve=P-256,559016,270,measured,ok,unavailable,gc,go1.18.1,Release,JerryZ
2026-08-19T13:47:48.870765946Z,FMD,sender_signaling,fmd_flag_generation,sender,622,false,not_applicable,unclear,gamma=8;p=2^-8;curve=P-256,498495,270,measured,ok,unavailable,gc,go1.18.1,Release,JerryZ
2026-08-19T13:47:48.88261434Z,FMD,sender_signaling,fmd_sender_preparation,sender,622,false,not_applicable,unclear,gamma=8;p=2^-8;curve=P-256,-1,,not_applicable,not_applicable,unavailable,gc,go1.18.1,Release,JerryZ
2026-08-19T13:47:48.884646681Z,FMD,sender_signaling,message_encryption,sender,622,false,not_applicable,unclear,gamma=8;p=2^-8;curve=P-256,-1,,not_applicable,not_applicable,unavailable,gc,go1.18.1,Release,JerryZ
2026-08-19T13:47:48.888057432Z,FMD,sender_signaling,fmd_sender_total_signaling,sender,622,false,not_applicable,unclear,gamma=8;p=2^-8;curve=P-256,700768,268,measured,ok,unavailable,gc,go1.18.1,Release,JerryZ
2026-08-19T13:47:48.901782326Z,FMD,sender_signaling,fmd_flag_generation,sender,623,false,not_applicable,unclear,gamma=8;p=2^-8;curve=P-256,750029,269,measured,ok,unavailable,gc,go1.18.1,Release,JerryZ
2026-08-19T13:47:48.903692889Z,FMD,sender_signaling,fmd_sender_preparation,sender,623,false,not_applicable,unclear,gamma=8;p=2^-8;curve=P-256,-1,,not_applicable,not_applicable,unavailable,gc,go1.18.1,Release,JerryZ
2026-08-19T13:47:48.905820934Z,FMD,sender_signaling,message_encryption,sender,623,false,not_applicable,unclear,gamma=8;p=2^-8;curve=P-256,-1,,not_applicable,not_applicable,unavailable,gc,go1.18.1,Release,JerryZ
2026-08-19T13:47:48.918395791Z,FMD,sender_signaling,fmd_sender_total_signaling,sender,623,false,not_applicable,unclear,gamma=8;p=2^-8;curve=P-256,818862,268,measured,ok,unavailable,gc,go1.18.1,Release,JerryZ
2026-08-19T13:47:48.921400205Z,FMD,sender_signaling,fmd_flag_generation,sender,624,false,not_applicable,unclear,gamma=8;p=2^-8;curve=P-256,424042,270,measured,ok,unavailable,gc,go1.18.1,Release,JerryZ
2026-08-19T13:47:48.923084036Z,FMD,sender_signaling,fmd_sender_preparation,sender,624,false,not_applicable,unclear,gamma=8;p=2^-8;curve=P-256,-1,,not_applicable,not_applicable,unavailable,gc,go1.18.1,Release,JerryZ
2026-08-19T13:47:48.924611209Z,FMD,sender_signaling,message_encryption,sender,624,false,not_applicable,unclear,gamma=8;p=2^-8;curve=P-256,-1,,not_applicable,not_applicable,unavailable,gc,go1.18.1,Release,JerryZ
2026-08-19T13:47:48.937205078Z,FMD,sender_signaling,fmd_sender_total_signaling,sender,624,false,not_applicable,unclear,gamma=8;p=2^-8;curve=P-256,694357,269,measured,ok,unavailable,gc,go1.18.1,Release,JerryZ
2026-08-19T13:47:48.942572027Z,FMD,sender_signaling,fmd_flag_generation,sender,625,false,not_applicable,unclear,gamma=8;p=2^-8;curve=P-256,953734,270,measured,ok,unavailable,gc,go1.18.1,Release,JerryZ
2026-08-19T13:47:48.955165908Z,FMD,sender_signaling,fmd_sender_preparation,sender,625,false,not_applicable,unclear,gamma=8;p=2^-8;curve=P-256,-1,,not_applicable,not_applicable,unavailable,gc,go1.18.1,Release,JerryZ
2026-08-19T13:47:48.957261924Z,FMD,sender_signaling,message_encryption,sender,625,false,not_applicable,unclear,gamma=8;p=2^-8;curve=P-256,-1,,not_applicable,not_applicable,unavailable,gc,go1.18.1,Release,JerryZ
2026-08-19T13:47:48.960762087Z,FMD,sender_signaling,fmd_sender_total_signaling,sender,625,false,not_applicable,unclear,gamma=8;p=2^-8;curve=P-256,706195,269,measured,ok,unavailable,gc,go1.18.1,Release,JerryZ
2026-08-19T13:47:48.963685474Z,FMD,sender_signaling,fmd_flag_generation,sender,626,false,not_applicable,unclear,gamma=8;p=2^-8;curve=P-256,579432,269,measured,ok,unavailable,gc,go1.18.1,Release,JerryZ
2026-08-19T13:47:48.974248389Z,FMD,sender_signaling,fmd_sender_preparation,sender,626,false,not_applicable,unclear,gamma=8;p=2^-8;curve=P-256,-1,,not_applicable,not_applicable,unavailable,gc,go1.18.1,Release,JerryZ
2026-08-19T13:47:48.975933087Z,FMD,sender_signaling,message_encryption,sender,626,false,not_applicable,unclear,gamma=8;p=2^-8;curve=P-256,-1,,not_applicable,not_applicable,unavailable,gc,go1.18.1,Release,JerryZ
2026-08-19T13:47:48.978860918Z,FMD,sender_signaling,fmd_sender_total_signaling,sender,626,false,not_applicable,unclear,gamma=8;p=2^-8;curve=P-256,529132,268,measured,ok,unavailable,gc,go1.18.1,Release,JerryZ
2026-08-19T13:47:48.981132473Z,FMD,sender_signaling,fmd_flag_generation,sender,627,false,not_applicable,unclear,gamma=8;p=2^-8;curve=P-256,479940,270,measured,ok,unavailable,gc,go1.18.1,Release,JerryZ
2026-08-19T13:47:48.992257722Z,FMD,sender_signaling,fmd_sender_preparation,sender,627,false,not_applicable,unclear,gamma=8;p=2^-8;curve=P-256,-1,,not_applicable,not_applicable,unavailable,gc,go1.18.1,Release,JerryZ
2026-08-19T13:47:48.993494583Z,FMD,sender_signaling,message_encryption,sender,627,false,not_applicable,unclear,gamma=8;p=2^-8;curve=P-256,-1,,not_applicable,not_applicable,unavailable,gc,go1.18.1,Release,JerryZ
2026-08-19T13:47:48.995765334Z,FMD,sender_signaling,fmd_sender_total_signaling,sender,627,false,not_applicable,unclear,gamma=8;p=2^-8;curve=P-256,537921,269,measured,ok,unavailable,gc,go1.18.1,Release,JerryZ
2026-08-19T13:47:48.998353926Z,FMD,sender_signaling,fmd_flag_generation,sender,628,false,not_applicable,unclear,gamma=8;p=2^-8;curve=P-256,385379,269,measured,ok,unavailable,gc,go1.18.1,Release,JerryZ
2026-08-19T13:47:49.009551782Z,FMD,sender_signaling,fmd_sender_preparation,sender,628,false,not_applicable,unclear,gamma=8;p=2^-8;curve=P-256,-1,,not_applicable,not_applicable,unavailable,gc,go1.18.1,Release,JerryZ
2026-08-19T13:47:49.011129733Z,FMD,sender_signaling,message_encryption,sender,628,false,not_applicable,unclear,gamma=8;p=2^-8;curve=P-256,-1,,not_applicable,not_applicable,unavailable,gc,go1.18.1,Release,JerryZ
2026-08-19T13:47:49.013074359Z,FMD,sender_signaling,fmd_sender_total_signaling,sender,628,false,not_applicable,unclear,gamma=8;p=2^-8;curve=P-256,376745,268,measured,ok,unavailable,gc,go1.18.1,Release,JerryZ
2026-08-19T13:47:49.016074962Z,FMD,sender_signaling,fmd_flag_generation,sender,629,false,not_applicable,unclear,gamma=8;p=2^-8;curve=P-256,711329,269,measured,ok,unavailable,gc,go1.18.1,Release,JerryZ
2026-08-19T13:47:49.027415828Z,FMD,sender_signaling,fmd_sender_preparation,sender,629,false,not_applicable,unclear,gamma=8;p=2^-8;curve=P-256,-1,,not_applicable,not_applicable,unavailable,gc,go1.18.1,Release,JerryZ
2026-08-19T13:47:49.029306647Z,FMD,sender_signaling,message_encryption,sender,629,false,not_applicable,unclear,gamma=8;p=2^-8;curve=P-256,-1,,not_applicable,not_applicable,unavailable,gc,go1.18.1,Release,JerryZ
2026-08-19T13:47:49.033124661Z,FMD,sender_signaling,fmd_sender_total_signaling,sender,629,false,not_applicable,unclear,gamma=8;p=2^-8;curve=P-256,774834,269,measured,ok,unavailable,gc,go1.18.1,Release,JerryZ
2026-08-19T13:47:49.036620618Z,FMD,sender_signaling,fmd_flag_generation,sender,630,false,not_applicable,unclear,gamma=8;p=2^-8;curve=P-256,560192,272,measured,ok,unavailable,gc,go1.18.1,Release,JerryZ
2026-08-19T13:47:49.047076908Z,FMD,sender_signaling,fmd_sender_preparation,sender,630,false,not_applicable,unclear,gamma=8;p=2^-8;curve=P-256,-1,,not_applicable,not_applicable,unavailable,gc,go1.18.1,Release,JerryZ
2026-08-19T13:47:49.048900015Z,FMD,sender_signaling,message_encryption,sender,630,false,not_applicable,unclear,gamma=8;p=2^-8;curve=P-256,-1,,not_applicable,not_applicable,unavailable,gc,go1.18.1,Release,JerryZ
2026-08-19T13:47:49.051531454Z,FMD,sender_signaling,fmd_sender_total_signaling,sender,630,false,not_applicable,unclear,gamma=8;p=2^-8;curve=P-256,574046,269,measured,ok,unavailable,gc,go1.18.1,Release,JerryZ
2026-08-19T13:47:49.054329679Z,FMD,sender_signaling,fmd_flag_generation,sender,631,false,not_applicable,unclear,gamma=8;p=2^-8;curve=P-256,595467,270,measured,ok,unavailable,gc,go1.18.1,Release,JerryZ
2026-08-19T13:47:49.066373113Z,FMD,sender_signaling,fmd_sender_preparation,sender,631,false,not_applicable,unclear,gamma=8;p=2^-8;curve=P-256,-1,,not_applicable,not_applicable,unavailable,gc,go1.18.1,Release,JerryZ
2026-08-19T13:47:49.068739646Z,FMD,sender_signaling,message_encryption,sender,631,false,not_applicable,unclear,gamma=8;p=2^-8;curve=P-256,-1,,not_applicable,not_applicable,unavailable,gc,go1.18.1,Release,JerryZ
2026-08-19T13:47:49.071497091Z,FMD,sender_signaling,fmd_sender_total_signaling,sender,631,false,not_applicable,unclear,gamma=8;p=2^-8;curve=P-256,598911,270,measured,ok,unavailable,gc,go1.18.1,Release,JerryZ
2026-08-19T13:47:49.083557179Z,FMD,sender_signaling,fmd_flag_generation,sender,632,false,not_applicable,unclear,gamma=8;p=2^-8;curve=P-256,766542,270,measured,ok,unavailable,gc,go1.18.1,Release,JerryZ
2026-08-19T13:47:49.085144226Z,FMD,sender_signaling,fmd_sender_preparation,sender,632,false,not_applicable,unclear,gamma=8;p=2^-8;curve=P-256,-1,,not_applicable,not_applicable,unavailable,gc,go1.18.1,Release,JerryZ
2026-08-19T13:47:49.086511597Z,FMD,sender_signaling,message_encryption,sender,632,false,not_applicable,unclear,gamma=8;p=2^-8;curve=P-256,-1,,not_applicable,not_applicable,unavailable,gc,go1.18.1,Release,JerryZ
2026-08-19T13:47:49.089383343Z,FMD,sender_signaling,fmd_sender_total_signaling,sender,632,false,not_applicable,unclear,gamma=8;p=2^-8;curve=P-256,665667,269,measured,ok,unavailable,gc,go1.18.1,Release,JerryZ
2026-08-19T13:47:49.092360996Z,FMD,sender_signaling,fmd_flag_generation,sender,633,false,not_applicable,unclear,gamma=8;p=2^-8;curve=P-256,653627,270,measured,ok,unavailable,gc,go1.18.1,Release,JerryZ
2026-08-19T13:47:49.102815945Z,FMD,sender_signaling,fmd_sender_preparation,sender,633,false,not_applicable,unclear,gamma=8;p=2^-8;curve=P-256,-1,,not_applicable,not_applicable,unavailable,gc,go1.18.1,Release,JerryZ
2026-08-19T13:47:49.104674327Z,FMD,sender_signaling,message_encryption,sender,633,false,not_applicable,unclear,gamma=8;p=2^-8;curve=P-256,-1,,not_applicable,not_applicable,unavailable,gc,go1.18.1,Release,JerryZ
2026-08-19T13:47:49.108951713Z,FMD,sender_signaling,fmd_sender_total_signaling,sender,633,false,not_applicable,unclear,gamma=8;p=2^-8;curve=P-256,813333,269,measured,ok,unavailable,gc,go1.18.1,Release,JerryZ
2026-08-19T13:47:49.122005815Z,FMD,sender_signaling,fmd_flag_generation,sender,634,false,not_applicable,unclear,gamma=8;p=2^-8;curve=P-256,886647,270,measured,ok,unavailable,gc,go1.18.1,Release,JerryZ
2026-08-19T13:47:49.125257227Z,FMD,sender_signaling,fmd_sender_preparation,sender,634,false,not_applicable,unclear,gamma=8;p=2^-8;curve=P-256,-1,,not_applicable,not_applicable,unavailable,gc,go1.18.1,Release,JerryZ
2026-08-19T13:47:49.127660748Z,FMD,sender_signaling,message_encryption,sender,634,false,not_applicable,unclear,gamma=8;p=2^-8;curve=P-256,-1,,not_applicable,not_applicable,unavailable,gc,go1.18.1,Release,JerryZ
2026-08-19T13:47:49.140733016Z,FMD,sender_signaling,fmd_sender_total_signaling,sender,634,false,not_applicable,unclear,gamma=8;p=2^-8;curve=P-256,647125,270,measured,ok,unavailable,gc,go1.18.1,Release,JerryZ
2026-08-19T13:47:49.144127263Z,FMD,sender_signaling,fmd_flag_generation,sender,635,false,not_applicable,unclear,gamma=8;p=2^-8;curve=P-256,654398,271,measured,ok,unavailable,gc,go1.18.1,Release,JerryZ
2026-08-19T13:47:49.146091865Z,FMD,sender_signaling,fmd_sender_preparation,sender,635,false,not_applicable,unclear,gamma=8;p=2^-8;curve=P-256,-1,,not_applicable,not_applicable,unavailable,gc,go1.18.1,Release,JerryZ
2026-08-19T13:47:49.158046727Z,FMD,sender_signaling,message_encryption,sender,635,false,not_applicable,unclear,gamma=8;p=2^-8;curve=P-256,-1,,not_applicable,not_applicable,unavailable,gc,go1.18.1,Release,JerryZ
2026-08-19T13:47:49.16097206Z,FMD,sender_signaling,fmd_sender_total_signaling,sender,635,false,not_applicable,unclear,gamma=8;p=2^-8;curve=P-256,674493,268,measured,ok,unavailable,gc,go1.18.1,Release,JerryZ
2026-08-19T13:47:49.163753021Z,FMD,sender_signaling,fmd_flag_generation,sender,636,false,not_applicable,unclear,gamma=8;p=2^-8;curve=P-256,482249,269,measured,ok,unavailable,gc,go1.18.1,Release,JerryZ
2026-08-19T13:47:49.174524483Z,FMD,sender_signaling,fmd_sender_preparation,sender,636,false,not_applicable,unclear,gamma=8;p=2^-8;curve=P-256,-1,,not_applicable,not_applicable,unavailable,gc,go1.18.1,Release,JerryZ
2026-08-19T13:47:49.176117059Z,FMD,sender_signaling,message_encryption,sender,636,false,not_applicable,unclear,gamma=8;p=2^-8;curve=P-256,-1,,not_applicable,not_applicable,unavailable,gc,go1.18.1,Release,JerryZ
2026-08-19T13:47:49.178644735Z,FMD,sender_signaling,fmd_sender_total_signaling,sender,636,false,not_applicable,unclear,gamma=8;p=2^-8;curve=P-256,466967,268,measured,ok,unavailable,gc,go1.18.1,Release,JerryZ
2026-08-19T13:47:49.181407286Z,FMD,sender_signaling,fmd_flag_generation,sender,637,false,not_applicable,unclear,gamma=8;p=2^-8;curve=P-256,799796,268,measured,ok,unavailable,gc,go1.18.1,Release,JerryZ
2026-08-19T13:47:49.192303497Z,FMD,sender_signaling,fmd_sender_preparation,sender,637,false,not_applicable,unclear,gamma=8;p=2^-8;curve=P-256,-1,,not_applicable,not_applicable,unavailable,gc,go1.18.1,Release,JerryZ
2026-08-19T13:47:49.193880175Z,FMD,sender_signaling,message_encryption,sender,637,false,not_applicable,unclear,gamma=8;p=2^-8;curve=P-256,-1,,not_applicable,not_applicable,unavailable,gc,go1.18.1,Release,JerryZ
2026-08-19T13:47:49.195802191Z,FMD,sender_signaling,fmd_sender_total_signaling,sender,637,false,not_applicable,unclear,gamma=8;p=2^-8;curve=P-256,405922,270,measured,ok,unavailable,gc,go1.18.1,Release,JerryZ
2026-08-19T13:47:49.198068543Z,FMD,sender_signaling,fmd_flag_generation,sender,638,false,not_applicable,unclear,gamma=8;p=2^-8;curve=P-256,668845,269,measured,ok,unavailable,gc,go1.18.1,Release,JerryZ
2026-08-19T13:47:49.199670541Z,FMD,sender_signaling,fmd_sender_preparation,sender,638,false,not_applicable,unclear,gamma=8;p=2^-8;curve=P-256,-1,,not_applicable,not_applicable,unavailable,gc,go1.18.1,Release,JerryZ
2026-08-19T13:47:49.210568837Z,FMD,sender_signaling,message_encryption,sender,638,false,not_applicable,unclear,gamma=8;p=2^-8;curve=P-256,-1,,not_applicable,not_applicable,unavailable,gc,go1.18.1,Release,JerryZ
2026-08-19T13:47:49.216323524Z,FMD,sender_signaling,fmd_sender_total_signaling,sender,638,false,not_applicable,unclear,gamma=8;p=2^-8;curve=P-256,897705,269,measured,ok,unavailable,gc,go1.18.1,Release,JerryZ
2026-08-19T13:47:49.220234404Z,FMD,sender_signaling,fmd_flag_generation,sender,639,false,not_applicable,unclear,gamma=8;p=2^-8;curve=P-256,766469,270,measured,ok,unavailable,gc,go1.18.1,Release,JerryZ
2026-08-19T13:47:49.231047566Z,FMD,sender_signaling,fmd_sender_preparation,sender,639,false,not_applicable,unclear,gamma=8;p=2^-8;curve=P-256,-1,,not_applicable,not_applicable,unavailable,gc,go1.18.1,Release,JerryZ
2026-08-19T13:47:49.23309134Z,FMD,sender_signaling,message_encryption,sender,639,false,not_applicable,unclear,gamma=8;p=2^-8;curve=P-256,-1,,not_applicable,not_applicable,unavailable,gc,go1.18.1,Release,JerryZ
2026-08-19T13:47:49.236416048Z,FMD,sender_signaling,fmd_sender_total_signaling,sender,639,false,not_applicable,unclear,gamma=8;p=2^-8;curve=P-256,744905,269,measured,ok,unavailable,gc,go1.18.1,Release,JerryZ
2026-08-19T13:47:49.24949618Z,FMD,sender_signaling,fmd_flag_generation,sender,640,false,not_applicable,unclear,gamma=8;p=2^-8;curve=P-256,806372,269,measured,ok,unavailable,gc,go1.18.1,Release,JerryZ
2026-08-19T13:47:49.252042067Z,FMD,sender_signaling,fmd_sender_preparation,sender,640,false,not_applicable,unclear,gamma=8;p=2^-8;curve=P-256,-1,,not_applicable,not_applicable,unavailable,gc,go1.18.1,Release,JerryZ
2026-08-19T13:47:49.253860793Z,FMD,sender_signaling,message_encryption,sender,640,false,not_applicable,unclear,gamma=8;p=2^-8;curve=P-256,-1,,not_applicable,not_applicable,unavailable,gc,go1.18.1,Release,JerryZ
2026-08-19T13:47:49.256855707Z,FMD,sender_signaling,fmd_sender_total_signaling,sender,640,false,not_applicable,unclear,gamma=8;p=2^-8;curve=P-256,677836,269,measured,ok,unavailable,gc,go1.18.1,Release,JerryZ
2026-08-19T13:47:49.268054739Z,FMD,sender_signaling,fmd_flag_generation,sender,641,false,not_applicable,unclear,gamma=8;p=2^-8;curve=P-256,535331,270,measured,ok,unavailable,gc,go1.18.1,Release,JerryZ
2026-08-19T13:47:49.269873658Z,FMD,sender_signaling,fmd_sender_preparation,sender,641,false,not_applicable,unclear,gamma=8;p=2^-8;curve=P-256,-1,,not_applicable,not_applicable,unavailable,gc,go1.18.1,Release,JerryZ
2026-08-19T13:47:49.271206397Z,FMD,sender_signaling,message_encryption,sender,641,false,not_applicable,unclear,gamma=8;p=2^-8;curve=P-256,-1,,not_applicable,not_applicable,unavailable,gc,go1.18.1,Release,JerryZ
2026-08-19T13:47:49.27407592Z,FMD,sender_signaling,fmd_sender_total_signaling,sender,641,false,not_applicable,unclear,gamma=8;p=2^-8;curve=P-256,928378,269,measured,ok,unavailable,gc,go1.18.1,Release,JerryZ
2026-08-19T13:47:49.287191664Z,FMD,sender_signaling,fmd_flag_generation,sender,642,false,not_applicable,unclear,gamma=8;p=2^-8;curve=P-256,378334,270,measured,ok,unavailable,gc,go1.18.1,Release,JerryZ
2026-08-19T13:47:49.288877823Z,FMD,sender_signaling,fmd_sender_preparation,sender,642,false,not_applicable,unclear,gamma=8;p=2^-8;curve=P-256,-1,,not_applicable,not_applicable,unavailable,gc,go1.18.1,Release,JerryZ
2026-08-19T13:47:49.290337014Z,FMD,sender_signaling,message_encryption,sender,642,false,not_applicable,unclear,gamma=8;p=2^-8;curve=P-256,-1,,not_applicable,not_applicable,unavailable,gc,go1.18.1,Release,JerryZ
2026-08-19T13:47:49.292463672Z,FMD,sender_signaling,fmd_sender_total_signaling,sender,642,false,not_applicable,unclear,gamma=8;p=2^-8;curve=P-256,395701,270,measured,ok,unavailable,gc,go1.18.1,Release,JerryZ
2026-08-19T13:47:49.306364216Z,FMD,sender_signaling,fmd_flag_generation,sender,643,false,not_applicable,unclear,gamma=8;p=2^-8;curve=P-256,1533685,270,measured,ok,unavailable,gc,go1.18.1,Release,JerryZ
2026-08-19T13:47:49.309471388Z,FMD,sender_signaling,fmd_sender_preparation,sender,643,false,not_applicable,unclear,gamma=8;p=2^-8;curve=P-256,-1,,not_applicable,not_applicable,unavailable,gc,go1.18.1,Release,JerryZ
2026-08-19T13:47:49.322008527Z,FMD,sender_signaling,message_encryption,sender,643,false,not_applicable,unclear,gamma=8;p=2^-8;curve=P-256,-1,,not_applicable,not_applicable,unavailable,gc,go1.18.1,Release,JerryZ
2026-08-19T13:47:49.326215919Z,FMD,sender_signaling,fmd_sender_total_signaling,sender,643,false,not_applicable,unclear,gamma=8;p=2^-8;curve=P-256,834786,270,measured,ok,unavailable,gc,go1.18.1,Release,JerryZ
2026-08-19T13:47:49.330165936Z,FMD,sender_signaling,fmd_flag_generation,sender,644,false,not_applicable,unclear,gamma=8;p=2^-8;curve=P-256,777718,270,measured,ok,unavailable,gc,go1.18.1,Release,JerryZ
2026-08-19T13:47:49.340848668Z,FMD,sender_signaling,fmd_sender_preparation,sender,644,false,not_applicable,unclear,gamma=8;p=2^-8;curve=P-256,-1,,not_applicable,not_applicable,unavailable,gc,go1.18.1,Release,JerryZ
2026-08-19T13:47:49.342674479Z,FMD,sender_signaling,message_encryption,sender,644,false,not_applicable,unclear,gamma=8;p=2^-8;curve=P-256,-1,,not_applicable,not_applicable,unavailable,gc,go1.18.1,Release,JerryZ
2026-08-19T13:47:49.345543126Z,FMD,sender_signaling,fmd_sender_total_signaling,sender,644,false,not_applicable,unclear,gamma=8;p=2^-8;curve=P-256,584905,269,measured,ok,unavailable,gc,go1.18.1,Release,JerryZ
2026-08-19T13:47:49.348606835Z,FMD,sender_signaling,fmd_flag_generation,sender,645,false,not_applicable,unclear,gamma=8;p=2^-8;curve=P-256,828496,269,measured,ok,unavailable,gc,go1.18.1,Release,JerryZ
2026-08-19T13:47:49.358195038Z,FMD,sender_signaling,fmd_sender_preparation,sender,645,false,not_applicable,unclear,gamma=8;p=2^-8;curve=P-256,-1,,not_applicable,not_applicable,unavailable,gc,go1.18.1,Release,JerryZ
2026-08-19T13:47:49.35961518Z,FMD,sender_signaling,message_encryption,sender,645,false,not_applicable,unclear,gamma=8;p=2^-8;curve=P-256,-1,,not_applicable,not_applicable,unavailable,gc,go1.18.1,Release,JerryZ
2026-08-19T13:47:49.362629871Z,FMD,sender_signaling,fmd_sender_total_signaling,sender,645,false,not_applicable,unclear,gamma=8;p=2^-8;curve=P-256,943540,270,measured,ok,unavailable,gc,go1.18.1,Release,JerryZ
2026-08-19T13:47:49.364877222Z,FMD,sender_signaling,fmd_flag_generation,sender,646,false,not_applicable,unclear,gamma=8;p=2^-8;curve=P-256,357607,269,measured,ok,unavailable,gc,go1.18.1,Release,JerryZ
2026-08-19T13:47:49.376252164Z,FMD,sender_signaling,fmd_sender_preparation,sender,646,false,not_applicable,unclear,gamma=8;p=2^-8;curve=P-256,-1,,not_applicable,not_applicable,unavailable,gc,go1.18.1,Release,JerryZ
2026-08-19T13:47:49.378043817Z,FMD,sender_signaling,message_encryption,sender,646,false,not_applicable,unclear,gamma=8;p=2^-8;curve=P-256,-1,,not_applicable,not_applicable,unavailable,gc,go1.18.1,Release,JerryZ
2026-08-19T13:47:49.380836253Z,FMD,sender_signaling,fmd_sender_total_signaling,sender,646,false,not_applicable,unclear,gamma=8;p=2^-8;curve=P-256,577292,269,measured,ok,unavailable,gc,go1.18.1,Release,JerryZ
2026-08-19T13:47:49.385475801Z,FMD,sender_signaling,fmd_flag_generation,sender,647,false,not_applicable,unclear,gamma=8;p=2^-8;curve=P-256,754768,269,measured,ok,unavailable,gc,go1.18.1,Release,JerryZ
2026-08-19T13:47:49.395390377Z,FMD,sender_signaling,fmd_sender_preparation,sender,647,false,not_applicable,unclear,gamma=8;p=2^-8;curve=P-256,-1,,not_applicable,not_applicable,unavailable,gc,go1.18.1,Release,JerryZ
2026-08-19T13:47:49.39745768Z,FMD,sender_signaling,message_encryption,sender,647,false,not_applicable,unclear,gamma=8;p=2^-8;curve=P-256,-1,,not_applicable,not_applicable,unavailable,gc,go1.18.1,Release,JerryZ
2026-08-19T13:47:49.400413421Z,FMD,sender_signaling,fmd_sender_total_signaling,sender,647,false,not_applicable,unclear,gamma=8;p=2^-8;curve=P-256,687525,268,measured,ok,unavailable,gc,go1.18.1,Release,JerryZ
2026-08-19T13:47:49.403085475Z,FMD,sender_signaling,fmd_flag_generation,sender,648,false,not_applicable,unclear,gamma=8;p=2^-8;curve=P-256,441262,269,measured,ok,unavailable,gc,go1.18.1,Release,JerryZ
2026-08-19T13:47:49.41395396Z,FMD,sender_signaling,fmd_sender_preparation,sender,648,false,not_applicable,unclear,gamma=8;p=2^-8;curve=P-256,-1,,not_applicable,not_applicable,unavailable,gc,go1.18.1,Release,JerryZ
2026-08-19T13:47:49.415974885Z,FMD,sender_signaling,message_encryption,sender,648,false,not_applicable,unclear,gamma=8;p=2^-8;curve=P-256,-1,,not_applicable,not_applicable,unavailable,gc,go1.18.1,Release,JerryZ
2026-08-19T13:47:49.4194423Z,FMD,sender_signaling,fmd_sender_total_signaling,sender,648,false,not_applicable,unclear,gamma=8;p=2^-8;curve=P-256,632027,269,measured,ok,unavailable,gc,go1.18.1,Release,JerryZ
2026-08-19T13:47:49.422382769Z,FMD,sender_signaling,fmd_flag_generation,sender,649,false,not_applicable,unclear,gamma=8;p=2^-8;curve=P-256,876371,268,measured,ok,unavailable,gc,go1.18.1,Release,JerryZ
2026-08-19T13:47:49.43216689Z,FMD,sender_signaling,fmd_sender_preparation,sender,649,false,not_applicable,unclear,gamma=8;p=2^-8;curve=P-256,-1,,not_applicable,not_applicable,unavailable,gc,go1.18.1,Release,JerryZ
2026-08-19T13:47:49.433522635Z,FMD,sender_signaling,message_encryption,sender,649,false,not_applicable,unclear,gamma=8;p=2^-8;curve=P-256,-1,,not_applicable,not_applicable,unavailable,gc,go1.18.1,Release,JerryZ
2026-08-19T13:47:49.436109179Z,FMD,sender_signaling,fmd_sender_total_signaling,sender,649,false,not_applicable,unclear,gamma=8;p=2^-8;curve=P-256,453752,269,measured,ok,unavailable,gc,go1.18.1,Release,JerryZ
2026-08-19T13:47:49.43856682Z,FMD,sender_signaling,fmd_flag_generation,sender,650,false,not_applicable,unclear,gamma=8;p=2^-8;curve=P-256,388887,271,measured,ok,unavailable,gc,go1.18.1,Release,JerryZ
2026-08-19T13:47:49.449430979Z,FMD,sender_signaling,fmd_sender_preparation,sender,650,false,not_applicable,unclear,gamma=8;p=2^-8;curve=P-256,-1,,not_applicable,not_applicable,unavailable,gc,go1.18.1,Release,JerryZ
2026-08-19T13:47:49.451259155Z,FMD,sender_signaling,message_encryption,sender,650,false,not_applicable,unclear,gamma=8;p=2^-8;curve=P-256,-1,,not_applicable,not_applicable,unavailable,gc,go1.18.1,Release,JerryZ
2026-08-19T13:47:49.454125382Z,FMD,sender_signaling,fmd_sender_total_signaling,sender,650,false,not_applicable,unclear,gamma=8;p=2^-8;curve=P-256,1002813,269,measured,ok,unavailable,gc,go1.18.1,Release,JerryZ
2026-08-19T13:47:49.456357841Z,FMD,sender_signaling,fmd_flag_generation,sender,651,false,not_applicable,unclear,gamma=8;p=2^-8;curve=P-256,416245,268,measured,ok,unavailable,gc,go1.18.1,Release,JerryZ
2026-08-19T13:47:49.457969818Z,FMD,sender_signaling,fmd_sender_preparation,sender,651,false,not_applicable,unclear,gamma=8;p=2^-8;curve=P-256,-1,,not_applicable,not_applicable,unavailable,gc,go1.18.1,Release,JerryZ
2026-08-19T13:47:49.468375891Z,FMD,sender_signaling,message_encryption,sender,651,false,not_applicable,unclear,gamma=8;p=2^-8;curve=P-256,-1,,not_applicable,not_applicable,unavailable,gc,go1.18.1,Release,JerryZ
2026-08-19T13:47:49.471053461Z,FMD,sender_signaling,fmd_sender_total_signaling,sender,651,false,not_applicable,unclear,gamma=8;p=2^-8;curve=P-256,465333,269,measured,ok,unavailable,gc,go1.18.1,Release,JerryZ
2026-08-19T13:47:49.473991152Z,FMD,sender_signaling,fmd_flag_generation,sender,652,false,not_applicable,unclear,gamma=8;p=2^-8;curve=P-256,907237,271,measured,ok,unavailable,gc,go1.18.1,Release,JerryZ
2026-08-19T13:47:49.475681186Z,FMD,sender_signaling,fmd_sender_preparation,sender,652,false,not_applicable,unclear,gamma=8;p=2^-8;curve=P-256,-1,,not_applicable,not_applicable,unavailable,gc,go1.18.1,Release,JerryZ
2026-08-19T13:47:49.486988306Z,FMD,sender_signaling,message_encryption,sender,652,false,not_applicable,unclear,gamma=8;p=2^-8;curve=P-256,-1,,not_applicable,not_applicable,unavailable,gc,go1.18.1,Release,JerryZ
2026-08-19T13:47:49.492433353Z,FMD,sender_signaling,fmd_sender_total_signaling,sender,652,false,not_applicable,unclear,gamma=8;p=2^-8;curve=P-256,1248469,269,measured,ok,unavailable,gc,go1.18.1,Release,JerryZ
2026-08-19T13:47:49.505913472Z,FMD,sender_signaling,fmd_flag_generation,sender,653,false,not_applicable,unclear,gamma=8;p=2^-8;curve=P-256,853264,269,measured,ok,unavailable,gc,go1.18.1,Release,JerryZ
2026-08-19T13:47:49.507771261Z,FMD,sender_signaling,fmd_sender_preparation,sender,653,false,not_applicable,unclear,gamma=8;p=2^-8;curve=P-256,-1,,not_applicable,not_applicable,unavailable,gc,go1.18.1,Release,JerryZ
2026-08-19T13:47:49.509267072Z,FMD,sender_signaling,message_encryption,sender,653,false,not_applicable,unclear,gamma=8;p=2^-8;curve=P-256,-1,,not_applicable,not_applicable,unavailable,gc,go1.18.1,Release,JerryZ
2026-08-19T13:47:49.511657203Z,FMD,sender_signaling,fmd_sender_total_signaling,sender,653,false,not_applicable,unclear,gamma=8;p=2^-8;curve=P-256,398887,270,measured,ok,unavailable,gc,go1.18.1,Release,JerryZ
2026-08-19T13:47:49.514167237Z,FMD,sender_signaling,fmd_flag_generation,sender,654,false,not_applicable,unclear,gamma=8;p=2^-8;curve=P-256,416456,270,measured,ok,unavailable,gc,go1.18.1,Release,JerryZ
2026-08-19T13:47:49.524590844Z,FMD,sender_signaling,fmd_sender_preparation,sender,654,false,not_applicable,unclear,gamma=8;p=2^-8;curve=P-256,-1,,not_applicable,not_applicable,unavailable,gc,go1.18.1,Release,JerryZ
2026-08-19T13:47:49.526362411Z,FMD,sender_signaling,message_encryption,sender,654,false,not_applicable,unclear,gamma=8;p=2^-8;curve=P-256,-1,,not_applicable,not_applicable,unavailable,gc,go1.18.1,Release,JerryZ
2026-08-19T13:47:49.52832557Z,FMD,sender_signaling,fmd_sender_total_signaling,sender,654,false,not_applicable,unclear,gamma=8;p=2^-8;curve=P-256,385369,268,measured,ok,unavailable,gc,go1.18.1,Release,JerryZ
2026-08-19T13:47:49.530372536Z,FMD,sender_signaling,fmd_flag_generation,sender,655,false,not_applicable,unclear,gamma=8;p=2^-8;curve=P-256,401799,269,measured,ok,unavailable,gc,go1.18.1,Release,JerryZ
2026-08-19T13:47:49.540849374Z,FMD,sender_signaling,fmd_sender_preparation,sender,655,false,not_applicable,unclear,gamma=8;p=2^-8;curve=P-256,-1,,not_applicable,not_applicable,unavailable,gc,go1.18.1,Release,JerryZ
2026-08-19T13:47:49.542866805Z,FMD,sender_signaling,message_encryption,sender,655,false,not_applicable,unclear,gamma=8;p=2^-8;curve=P-256,-1,,not_applicable,not_applicable,unavailable,gc,go1.18.1,Release,JerryZ
2026-08-19T13:47:49.544913816Z,FMD,sender_signaling,fmd_sender_total_signaling,sender,655,false,not_applicable,unclear,gamma=8;p=2^-8;curve=P-256,417099,269,measured,ok,unavailable,gc,go1.18.1,Release,JerryZ
2026-08-19T13:47:49.546891862Z,FMD,sender_signaling,fmd_flag_generation,sender,656,false,not_applicable,unclear,gamma=8;p=2^-8;curve=P-256,354126,269,measured,ok,unavailable,gc,go1.18.1,Release,JerryZ
2026-08-19T13:47:49.548127379Z,FMD,sender_signaling,fmd_sender_preparation,sender,656,false,not_applicable,unclear,gamma=8;p=2^-8;curve=P-256,-1,,not_applicable,not_applicable,unavailable,gc,go1.18.1,Release,JerryZ
2026-08-19T13:47:49.5593708Z,FMD,sender_signaling,message_encryption,sender,656,false,not_applicable,unclear,gamma=8;p=2^-8;curve=P-256,-1,,not_applicable,not_applicable,unavailable,gc,go1.18.1,Release,JerryZ
2026-08-19T13:47:49.561449047Z,FMD,sender_signaling,fmd_sender_total_signaling,sender,656,false,not_applicable,unclear,gamma=8;p=2^-8;curve=P-256,374671,269,measured,ok,unavailable,gc,go1.18.1,Release,JerryZ
2026-08-19T13:47:49.56325655Z,FMD,sender_signaling,fmd_flag_generation,sender,657,false,not_applicable,unclear,gamma=8;p=2^-8;curve=P-256,349956,270,measured,ok,unavailable,gc,go1.18.1,Release,JerryZ
2026-08-19T13:47:49.564699798Z,FMD,sender_signaling,fmd_sender_preparation,sender,657,false,not_applicable,unclear,gamma=8;p=2^-8;curve=P-256,-1,,not_applicable,not_applicable,unavailable,gc,go1.18.1,Release,JerryZ
2026-08-19T13:47:49.566770154Z,FMD,sender_signaling,message_encryption,sender,657,false,not_applicable,unclear,gamma=8;p=2^-8;curve=P-256,-1,,not_applicable,not_applicable,unavailable,gc,go1.18.1,Release,JerryZ
2026-08-19T13:47:49.578840129Z,FMD,sender_signaling,fmd_sender_total_signaling,sender,657,false,not_applicable,unclear,gamma=8;p=2^-8;curve=P-256,564361,269,measured,ok,unavailable,gc,go1.18.1,Release,JerryZ
2026-08-19T13:47:49.582777458Z,FMD,sender_signaling,fmd_flag_generation,sender,658,false,not_applicable,unclear,gamma=8;p=2^-8;curve=P-256,1165641,268,measured,ok,unavailable,gc,go1.18.1,Release,JerryZ
2026-08-19T13:47:49.584493023Z,FMD,sender_signaling,fmd_sender_preparation,sender,658,false,not_applicable,unclear,gamma=8;p=2^-8;curve=P-256,-1,,not_applicable,not_applicable,unavailable,gc,go1.18.1,Release,JerryZ
2026-08-19T13:47:49.596490312Z,FMD,sender_signaling,message_encryption,sender,658,false,not_applicable,unclear,gamma=8;p=2^-8;curve=P-256,-1,,not_applicable,not_applicable,unavailable,gc,go1.18.1,Release,JerryZ
2026-08-19T13:47:49.599657675Z,FMD,sender_signaling,fmd_sender_total_signaling,sender,658,false,not_applicable,unclear,gamma=8;p=2^-8;curve=P-256,563296,270,measured,ok,unavailable,gc,go1.18.1,Release,JerryZ
2026-08-19T13:47:49.602590713Z,FMD,sender_signaling,fmd_flag_generation,sender,659,false,not_applicable,unclear,gamma=8;p=2^-8;curve=P-256,502509,269,measured,ok,unavailable,gc,go1.18.1,Release,JerryZ
2026-08-19T13:47:49.604420515Z,FMD,sender_signaling,fmd_sender_preparation,sender,659,false,not_applicable,unclear,gamma=8;p=2^-8;curve=P-256,-1,,not_applicable,not_applicable,unavailable,gc,go1.18.1,Release,JerryZ
2026-08-19T13:47:49.61528204Z,FMD,sender_signaling,message_encryption,sender,659,false,not_applicable,unclear,gamma=8;p=2^-8;curve=P-256,-1,,not_applicable,not_applicable,unavailable,gc,go1.18.1,Release,JerryZ
2026-08-19T13:47:49.617848986Z,FMD,sender_signaling,fmd_sender_total_signaling,sender,659,false,not_applicable,unclear,gamma=8;p=2^-8;curve=P-256,549373,269,measured,ok,unavailable,gc,go1.18.1,Release,JerryZ
2026-08-19T13:47:49.62065213Z,FMD,sender_signaling,fmd_flag_generation,sender,660,false,not_applicable,unclear,gamma=8;p=2^-8;curve=P-256,529537,269,measured,ok,unavailable,gc,go1.18.1,Release,JerryZ
2026-08-19T13:47:49.622451808Z,FMD,sender_signaling,fmd_sender_preparation,sender,660,false,not_applicable,unclear,gamma=8;p=2^-8;curve=P-256,-1,,not_applicable,not_applicable,unavailable,gc,go1.18.1,Release,JerryZ
2026-08-19T13:47:49.633462293Z,FMD,sender_signaling,message_encryption,sender,660,false,not_applicable,unclear,gamma=8;p=2^-8;curve=P-256,-1,,not_applicable,not_applicable,unavailable,gc,go1.18.1,Release,JerryZ
2026-08-19T13:47:49.635757959Z,FMD,sender_signaling,fmd_sender_total_signaling,sender,660,false,not_applicable,unclear,gamma=8;p=2^-8;curve=P-256,433290,269,measured,ok,unavailable,gc,go1.18.1,Release,JerryZ
2026-08-19T13:47:49.637879364Z,FMD,sender_signaling,fmd_flag_generation,sender,661,false,not_applicable,unclear,gamma=8;p=2^-8;curve=P-256,445339,269,measured,ok,unavailable,gc,go1.18.1,Release,JerryZ
2026-08-19T13:47:49.639476816Z,FMD,sender_signaling,fmd_sender_preparation,sender,661,false,not_applicable,unclear,gamma=8;p=2^-8;curve=P-256,-1,,not_applicable,not_applicable,unavailable,gc,go1.18.1,Release,JerryZ
2026-08-19T13:47:49.640853335Z,FMD,sender_signaling,message_encryption,sender,661,false,not_applicable,unclear,gamma=8;p=2^-8;curve=P-256,-1,,not_applicable,not_applicable,unavailable,gc,go1.18.1,Release,JerryZ
2026-08-19T13:47:49.65245857Z,FMD,sender_signaling,fmd_sender_total_signaling,sender,661,false,not_applicable,unclear,gamma=8;p=2^-8;curve=P-256,443889,269,measured,ok,unavailable,gc,go1.18.1,Release,JerryZ
2026-08-19T13:47:49.654755082Z,FMD,sender_signaling,fmd_flag_generation,sender,662,false,not_applicable,unclear,gamma=8;p=2^-8;curve=P-256,355219,270,measured,ok,unavailable,gc,go1.18.1,Release,JerryZ
2026-08-19T13:47:49.656270812Z,FMD,sender_signaling,fmd_sender_preparation,sender,662,false,not_applicable,unclear,gamma=8;p=2^-8;curve=P-256,-1,,not_applicable,not_applicable,unavailable,gc,go1.18.1,Release,JerryZ
2026-08-19T13:47:49.657640778Z,FMD,sender_signaling,message_encryption,sender,662,false,not_applicable,unclear,gamma=8;p=2^-8;curve=P-256,-1,,not_applicable,not_applicable,unavailable,gc,go1.18.1,Release,JerryZ
2026-08-19T13:47:49.659584605Z,FMD,sender_signaling,fmd_sender_total_signaling,sender,662,false,not_applicable,unclear,gamma=8;p=2^-8;curve=P-256,370942,270,measured,ok,unavailable,gc,go1.18.1,Release,JerryZ
2026-08-19T13:47:49.67117032Z,FMD,sender_signaling,fmd_flag_generation,sender,663,false,not_applicable,unclear,gamma=8;p=2^-8;curve=P-256,535156,268,measured,ok,unavailable,gc,go1.18.1,Release,JerryZ
2026-08-19T13:47:49.673320428Z,FMD,sender_signaling,fmd_sender_preparation,sender,663,false,not_applicable,unclear,gamma=8;p=2^-8;curve=P-256,-1,,not_applicable,not_applicable,unavailable,gc,go1.18.1,Release,JerryZ
2026-08-19T13:47:49.67508711Z,FMD,sender_signaling,message_encryption,sender,663,false,not_applicable,unclear,gamma=8;p=2^-8;curve=P-256,-1,,not_applicable,not_applicable,unavailable,gc,go1.18.1,Release,JerryZ
2026-08-19T13:47:49.677015784Z,FMD,sender_signaling,fmd_sender_total_signaling,sender,663,false,not_applicable,unclear,gamma=8;p=2^-8;curve=P-256,380346,269,measured,ok,unavailable,gc,go1.18.1,Release,JerryZ
2026-08-19T13:47:49.690670229Z,FMD,sender_signaling,fmd_flag_generation,sender,664,false,not_applicable,unclear,gamma=8;p=2^-8;curve=P-256,593262,268,measured,ok,unavailable,gc,go1.18.1,Release,JerryZ
2026-08-19T13:47:49.692321866Z,FMD,sender_signaling,fmd_sender_preparation,sender,664,false,not_applicable,unclear,gamma=8;p=2^-8;curve=P-256,-1,,not_applicable,not_applicable,unavailable,gc,go1.18.1,Release,JerryZ
2026-08-19T13:47:49.69392233Z,FMD,sender_signaling,message_encryption,sender,664,false,not_applicable,unclear,gamma=8;p=2^-8;curve=P-256,-1,,not_applicable,not_applicable,unavailable,gc,go1.18.1,Release,JerryZ
2026-08-19T13:47:49.696353439Z,FMD,sender_signaling,fmd_sender_total_signaling,sender,664,false,not_applicable,unclear,gamma=8;p=2^-8;curve=P-256,510599,269,measured,ok,unavailable,gc,go1.18.1,Release,JerryZ
2026-08-19T13:47:49.708930897Z,FMD,sender_signaling,fmd_flag_generation,sender,665,false,not_applicable,unclear,gamma=8;p=2^-8;curve=P-256,398796,269,measured,ok,unavailable,gc,go1.18.1,Release,JerryZ
2026-08-19T13:47:49.710542079Z,FMD,sender_signaling,fmd_sender_preparation,sender,665,false,not_applicable,unclear,gamma=8;p=2^-8;curve=P-256,-1,,not_applicable,not_applicable,unavailable,gc,go1.18.1,Release,JerryZ
2026-08-19T13:47:49.711666011Z,FMD,sender_signaling,message_encryption,sender,665,false,not_applicable,unclear,gamma=8;p=2^-8;curve=P-256,-1,,not_applicable,not_applicable,unavailable,gc,go1.18.1,Release,JerryZ
2026-08-19T13:47:49.71359705Z,FMD,sender_signaling,fmd_sender_total_signaling,sender,665,false,not_applicable,unclear,gamma=8;p=2^-8;curve=P-256,367700,270,measured,ok,unavailable,gc,go1.18.1,Release,JerryZ
2026-08-19T13:47:49.725947566Z,FMD,sender_signaling,fmd_flag_generation,sender,666,false,not_applicable,unclear,gamma=8;p=2^-8;curve=P-256,798987,269,measured,ok,unavailable,gc,go1.18.1,Release,JerryZ
2026-08-19T13:47:49.727513453Z,FMD,sender_signaling,fmd_sender_preparation,sender,666,false,not_applicable,unclear,gamma=8;p=2^-8;curve=P-256,-1,,not_applicable,not_applicable,unavailable,gc,go1.18.1,Release,JerryZ
2026-08-19T13:47:49.728720021Z,FMD,sender_signaling,message_encryption,sender,666,false,not_applicable,unclear,gamma=8;p=2^-8;curve=P-256,-1,,not_applicable,not_applicable,unavailable,gc,go1.18.1,Release,JerryZ
2026-08-19T13:47:49.731178828Z,FMD,sender_signaling,fmd_sender_total_signaling,sender,666,false,not_applicable,unclear,gamma=8;p=2^-8;curve=P-256,477914,267,measured,ok,unavailable,gc,go1.18.1,Release,JerryZ
2026-08-19T13:47:49.734199958Z,FMD,sender_signaling,fmd_flag_generation,sender,667,false,not_applicable,unclear,gamma=8;p=2^-8;curve=P-256,547904,268,measured,ok,unavailable,gc,go1.18.1,Release,JerryZ
2026-08-19T13:47:49.743423332Z,FMD,sender_signaling,fmd_sender_preparation,sender,667,false,not_applicable,unclear,gamma=8;p=2^-8;curve=P-256,-1,,not_applicable,not_applicable,unavailable,gc,go1.18.1,Release,JerryZ
2026-08-19T13:47:49.744595953Z,FMD,sender_signaling,message_encryption,sender,667,false,not_applicable,unclear,gamma=8;p=2^-8;curve=P-256,-1,,not_applicable,not_applicable,unavailable,gc,go1.18.1,Release,JerryZ
2026-08-19T13:47:49.746584772Z,FMD,sender_signaling,fmd_sender_total_signaling,sender,667,false,not_applicable,unclear,gamma=8;p=2^-8;curve=P-256,375708,269,measured,ok,unavailable,gc,go1.18.1,Release,JerryZ
2026-08-19T13:47:49.749370843Z,FMD,sender_signaling,fmd_flag_generation,sender,668,false,not_applicable,unclear,gamma=8;p=2^-8;curve=P-256,588968,271,measured,ok,unavailable,gc,go1.18.1,Release,JerryZ
2026-08-19T13:47:49.751011527Z,FMD,sender_signaling,fmd_sender_preparation,sender,668,false,not_applicable,unclear,gamma=8;p=2^-8;curve=P-256,-1,,not_applicable,not_applicable,unavailable,gc,go1.18.1,Release,JerryZ
2026-08-19T13:47:49.763117828Z,FMD,sender_signaling,message_encryption,sender,668,false,not_applicable,unclear,gamma=8;p=2^-8;curve=P-256,-1,,not_applicable,not_applicable,unavailable,gc,go1.18.1,Release,JerryZ
2026-08-19T13:47:49.768308214Z,FMD,sender_signaling,fmd_sender_total_signaling,sender,668,false,not_applicable,unclear,gamma=8;p=2^-8;curve=P-256,956581,270,measured,ok,unavailable,gc,go1.18.1,Release,JerryZ
2026-08-19T13:47:49.782149664Z,FMD,sender_signaling,fmd_flag_generation,sender,669,false,not_applicable,unclear,gamma=8;p=2^-8;curve=P-256,779261,269,measured,ok,unavailable,gc,go1.18.1,Release,JerryZ
2026-08-19T13:47:49.784587702Z,FMD,sender_signaling,fmd_sender_preparation,sender,669,false,not_applicable,unclear,gamma=8;p=2^-8;curve=P-256,-1,,not_applicable,not_applicable,unavailable,gc,go1.18.1,Release,JerryZ
2026-08-19T13:47:49.786492099Z,FMD,sender_signaling,message_encryption,sender,669,false,not_applicable,unclear,gamma=8;p=2^-8;curve=P-256,-1,,not_applicable,not_applicable,unavailable,gc,go1.18.1,Release,JerryZ
2026-08-19T13:47:49.799522853Z,FMD,sender_signaling,fmd_sender_total_signaling,sender,669,false,not_applicable,unclear,gamma=8;p=2^-8;curve=P-256,741755,270,measured,ok,unavailable,gc,go1.18.1,Release,JerryZ
2026-08-19T13:47:49.802887488Z,FMD,sender_signaling,fmd_flag_generation,sender,670,false,not_applicable,unclear,gamma=8;p=2^-8;curve=P-256,640458,269,measured,ok,unavailable,gc,go1.18.1,Release,JerryZ
2026-08-19T13:47:49.804374262Z,FMD,sender_signaling,fmd_sender_preparation,sender,670,false,not_applicable,unclear,gamma=8;p=2^-8;curve=P-256,-1,,not_applicable,not_applicable,unavailable,gc,go1.18.1,Release,JerryZ
2026-08-19T13:47:49.80579387Z,FMD,sender_signaling,message_encryption,sender,670,false,not_applicable,unclear,gamma=8;p=2^-8;curve=P-256,-1,,not_applicable,not_applicable,unavailable,gc,go1.18.1,Release,JerryZ
2026-08-19T13:47:49.817654074Z,FMD,sender_signaling,fmd_sender_total_signaling,sender,670,false,not_applicable,unclear,gamma=8;p=2^-8;curve=P-256,414390,269,measured,ok,unavailable,gc,go1.18.1,Release,JerryZ
2026-08-19T13:47:49.819778803Z,FMD,sender_signaling,fmd_flag_generation,sender,671,false,not_applicable,unclear,gamma=8;p=2^-8;curve=P-256,364908,269,measured,ok,unavailable,gc,go1.18.1,Release,JerryZ
2026-08-19T13:47:49.820921039Z,FMD,sender_signaling,fmd_sender_preparation,sender,671,false,not_applicable,unclear,gamma=8;p=2^-8;curve=P-256,-1,,not_applicable,not_applicable,unavailable,gc,go1.18.1,Release,JerryZ
2026-08-19T13:47:49.822086477Z,FMD,sender_signaling,message_encryption,sender,671,false,not_applicable,unclear,gamma=8;p=2^-8;curve=P-256,-1,,not_applicable,not_applicable,unavailable,gc,go1.18.1,Release,JerryZ
2026-08-19T13:47:49.824884895Z,FMD,sender_signaling,fmd_sender_total_signaling,sender,671,false,not_applicable,unclear,gamma=8;p=2^-8;curve=P-256,802799,269,measured,ok,unavailable,gc,go1.18.1,Release,JerryZ
2026-08-19T13:47:49.835856754Z,FMD,sender_signaling,fmd_flag_generation,sender,672,false,not_applicable,unclear,gamma=8;p=2^-8;curve=P-256,380235,269,measured,ok,unavailable,gc,go1.18.1,Release,JerryZ
2026-08-19T13:47:49.837413293Z,FMD,sender_signaling,fmd_sender_preparation,sender,672,false,not_applicable,unclear,gamma=8;p=2^-8;curve=P-256,-1,,not_applicable,not_applicable,unavailable,gc,go1.18.1,Release,JerryZ
2026-08-19T13:47:49.838650737Z,FMD,sender_signaling,message_encryption,sender,672,false,not_applicable,unclear,gamma=8;p=2^-8;curve=P-256,-1,,not_applicable,not_applicable,unavailable,gc,go1.18.1,Release,JerryZ
2026-08-19T13:47:49.841101752Z,FMD,sender_signaling,fmd_sender_total_signaling,sender,672,false,not_applicable,unclear,gamma=8;p=2^-8;curve=P-256,393194,269,measured,ok,unavailable,gc,go1.18.1,Release,JerryZ
2026-08-19T13:47:49.843445716Z,FMD,sender_signaling,fmd_flag_generation,sender,673,false,not_applicable,unclear,gamma=8;p=2^-8;curve=P-256,426531,269,measured,ok,unavailable,gc,go1.18.1,Release,JerryZ
2026-08-19T13:47:49.85386517Z,FMD,sender_signaling,fmd_sender_preparation,sender,673,false,not_applicable,unclear,gamma=8;p=2^-8;curve=P-256,-1,,not_applicable,not_applicable,unavailable,gc,go1.18.1,Release,JerryZ
2026-08-19T13:47:49.855702768Z,FMD,sender_signaling,message_encryption,sender,673,false,not_applicable,unclear,gamma=8;p=2^-8;curve=P-256,-1,,not_applicable,not_applicable,unavailable,gc,go1.18.1,Release,JerryZ
2026-08-19T13:47:49.858550673Z,FMD,sender_signaling,fmd_sender_total_signaling,sender,673,false,not_applicable,unclear,gamma=8;p=2^-8;curve=P-256,628528,268,measured,ok,unavailable,gc,go1.18.1,Release,JerryZ
2026-08-19T13:47:49.860533339Z,FMD,sender_signaling,fmd_flag_generation,sender,674,false,not_applicable,unclear,gamma=8;p=2^-8;curve=P-256,361372,269,measured,ok,unavailable,gc,go1.18.1,Release,JerryZ
2026-08-19T13:47:49.871397034Z,FMD,sender_signaling,fmd_sender_preparation,sender,674,false,not_applicable,unclear,gamma=8;p=2^-8;curve=P-256,-1,,not_applicable,not_applicable,unavailable,gc,go1.18.1,Release,JerryZ
2026-08-19T13:47:49.873733096Z,FMD,sender_signaling,message_encryption,sender,674,false,not_applicable,unclear,gamma=8;p=2^-8;curve=P-256,-1,,not_applicable,not_applicable,unavailable,gc,go1.18.1,Release,JerryZ
2026-08-19T13:47:49.876141723Z,FMD,sender_signaling,fmd_sender_total_signaling,sender,674,false,not_applicable,unclear,gamma=8;p=2^-8;curve=P-256,530197,270,measured,ok,unavailable,gc,go1.18.1,Release,JerryZ
2026-08-19T13:47:49.878784325Z,FMD,sender_signaling,fmd_flag_generation,sender,675,false,not_applicable,unclear,gamma=8;p=2^-8;curve=P-256,521492,269,measured,ok,unavailable,gc,go1.18.1,Release,JerryZ
2026-08-19T13:47:49.88975071Z,FMD,sender_signaling,fmd_sender_preparation,sender,675,false,not_applicable,unclear,gamma=8;p=2^-8;curve=P-256,-1,,not_applicable,not_applicable,unavailable,gc,go1.18.1,Release,JerryZ
2026-08-19T13:47:49.891614428Z,FMD,sender_signaling,message_encryption,sender,675,false,not_applicable,unclear,gamma=8;p=2^-8;curve=P-256,-1,,not_applicable,not_applicable,unavailable,gc,go1.18.1,Release,JerryZ
2026-08-19T13:47:49.894589124Z,FMD,sender_signaling,fmd_sender_total_signaling,sender,675,false,not_applicable,unclear,gamma=8;p=2^-8;curve=P-256,750544,269,measured,ok,unavailable,gc,go1.18.1,Release,JerryZ
2026-08-19T13:47:49.897534716Z,FMD,sender_signaling,fmd_flag_generation,sender,676,false,not_applicable,unclear,gamma=8;p=2^-8;curve=P-256,791292,268,measured,ok,unavailable,gc,go1.18.1,Release,JerryZ
2026-08-19T13:47:49.908795642Z,FMD,sender_signaling,fmd_sender_preparation,sender,676,false,not_applicable,unclear,gamma=8;p=2^-8;curve=P-256,-1,,not_applicable,not_applicable,unavailable,gc,go1.18.1,Release,JerryZ
2026-08-19T13:47:49.910399399Z,FMD,sender_signaling,message_encryption,sender,676,false,not_applicable,unclear,gamma=8;p=2^-8;curve=P-256,-1,,not_applicable,not_applicable,unavailable,gc,go1.18.1,Release,JerryZ
2026-08-19T13:47:49.912540246Z,FMD,sender_signaling,fmd_sender_total_signaling,sender,676,false,not_applicable,unclear,gamma=8;p=2^-8;curve=P-256,433271,270,measured,ok,unavailable,gc,go1.18.1,Release,JerryZ
2026-08-19T13:47:49.915091143Z,FMD,sender_signaling,fmd_flag_generation,sender,677,false,not_applicable,unclear,gamma=8;p=2^-8;curve=P-256,495713,270,measured,ok,unavailable,gc,go1.18.1,Release,JerryZ
2026-08-19T13:47:49.926776333Z,FMD,sender_signaling,fmd_sender_preparation,sender,677,false,not_applicable,unclear,gamma=8;p=2^-8;curve=P-256,-1,,not_applicable,not_applicable,unavailable,gc,go1.18.1,Release,JerryZ
2026-08-19T13:47:49.928775269Z,FMD,sender_signaling,message_encryption,sender,677,false,not_applicable,unclear,gamma=8;p=2^-8;curve=P-256,-1,,not_applicable,not_applicable,unavailable,gc,go1.18.1,Release,JerryZ
2026-08-19T13:47:49.931301874Z,FMD,sender_signaling,fmd_sender_total_signaling,sender,677,false,not_applicable,unclear,gamma=8;p=2^-8;curve=P-256,496015,270,measured,ok,unavailable,gc,go1.18.1,Release,JerryZ
2026-08-19T13:47:49.935002722Z,FMD,sender_signaling,fmd_flag_generation,sender,678,false,not_applicable,unclear,gamma=8;p=2^-8;curve=P-256,838000,269,measured,ok,unavailable,gc,go1.18.1,Release,JerryZ
2026-08-19T13:47:49.946686486Z,FMD,sender_signaling,fmd_sender_preparation,sender,678,false,not_applicable,unclear,gamma=8;p=2^-8;curve=P-256,-1,,not_applicable,not_applicable,unavailable,gc,go1.18.1,Release,JerryZ
2026-08-19T13:47:49.950222265Z,FMD,sender_signaling,message_encryption,sender,678,false,not_applicable,unclear,gamma=8;p=2^-8;curve=P-256,-1,,not_applicable,not_applicable,unavailable,gc,go1.18.1,Release,JerryZ
2026-08-19T13:47:49.954677908Z,FMD,sender_signaling,fmd_sender_total_signaling,sender,678,false,not_applicable,unclear,gamma=8;p=2^-8;curve=P-256,908688,269,measured,ok,unavailable,gc,go1.18.1,Release,JerryZ
2026-08-19T13:47:49.966493662Z,FMD,sender_signaling,fmd_flag_generation,sender,679,false,not_applicable,unclear,gamma=8;p=2^-8;curve=P-256,693934,270,measured,ok,unavailable,gc,go1.18.1,Release,JerryZ
2026-08-19T13:47:49.968133277Z,FMD,sender_signaling,fmd_sender_preparation,sender,679,false,not_applicable,unclear,gamma=8;p=2^-8;curve=P-256,-1,,not_applicable,not_applicable,unavailable,gc,go1.18.1,Release,JerryZ
2026-08-19T13:47:49.96962743Z,FMD,sender_signaling,message_encryption,sender,679,false,not_applicable,unclear,gamma=8;p=2^-8;curve=P-256,-1,,not_applicable,not_applicable,unavailable,gc,go1.18.1,Release,JerryZ
2026-08-19T13:47:49.971898329Z,FMD,sender_signaling,fmd_sender_total_signaling,sender,679,false,not_applicable,unclear,gamma=8;p=2^-8;curve=P-256,474498,267,measured,ok,unavailable,gc,go1.18.1,Release,JerryZ
2026-08-19T13:47:49.98384026Z,FMD,sender_signaling,fmd_flag_generation,sender,680,false,not_applicable,unclear,gamma=8;p=2^-8;curve=P-256,513603,270,measured,ok,unavailable,gc,go1.18.1,Release,JerryZ
2026-08-19T13:47:49.985474888Z,FMD,sender_signaling,fmd_sender_preparation,sender,680,false,not_applicable,unclear,gamma=8;p=2^-8;curve=P-256,-1,,not_applicable,not_applicable,unavailable,gc,go1.18.1,Release,JerryZ
2026-08-19T13:47:49.987112152Z,FMD,sender_signaling,message_encryption,sender,680,false,not_applicable,unclear,gamma=8;p=2^-8;curve=P-256,-1,,not_applicable,not_applicable,unavailable,gc,go1.18.1,Release,JerryZ
2026-08-19T13:47:49.989196353Z,FMD,sender_signaling,fmd_sender_total_signaling,sender,680,false,not_applicable,unclear,gamma=8;p=2^-8;curve=P-256,454679,270,measured,ok,unavailable,gc,go1.18.1,Release,JerryZ
2026-08-19T13:47:50.000977943Z,FMD,sender_signaling,fmd_flag_generation,sender,681,false,not_applicable,unclear,gamma=8;p=2^-8;curve=P-256,760131,269,measured,ok,unavailable,gc,go1.18.1,Release,JerryZ
2026-08-19T13:47:50.002408242Z,FMD,sender_signaling,fmd_sender_preparation,sender,681,false,not_applicable,unclear,gamma=8;p=2^-8;curve=P-256,-1,,not_applicable,not_applicable,unavailable,gc,go1.18.1,Release,JerryZ
2026-08-19T13:47:50.003545312Z,FMD,sender_signaling,message_encryption,sender,681,false,not_applicable,unclear,gamma=8;p=2^-8;curve=P-256,-1,,not_applicable,not_applicable,unavailable,gc,go1.18.1,Release,JerryZ
2026-08-19T13:47:50.006349235Z,FMD,sender_signaling,fmd_sender_total_signaling,sender,681,false,not_applicable,unclear,gamma=8;p=2^-8;curve=P-256,836219,270,measured,ok,unavailable,gc,go1.18.1,Release,JerryZ
2026-08-19T13:47:50.008895178Z,FMD,sender_signaling,fmd_flag_generation,sender,682,false,not_applicable,unclear,gamma=8;p=2^-8;curve=P-256,469750,270,measured,ok,unavailable,gc,go1.18.1,Release,JerryZ
2026-08-19T13:47:50.018620575Z,FMD,sender_signaling,fmd_sender_preparation,sender,682,false,not_applicable,unclear,gamma=8;p=2^-8;curve=P-256,-1,,not_applicable,not_applicable,unavailable,gc,go1.18.1,Release,JerryZ
2026-08-19T13:47:50.019865518Z,FMD,sender_signaling,message_encryption,sender,682,false,not_applicable,unclear,gamma=8;p=2^-8;curve=P-256,-1,,not_applicable,not_applicable,unavailable,gc,go1.18.1,Release,JerryZ
2026-08-19T13:47:50.02214081Z,FMD,sender_signaling,fmd_sender_total_signaling,sender,682,false,not_applicable,unclear,gamma=8;p=2^-8;curve=P-256,411258,271,measured,ok,unavailable,gc,go1.18.1,Release,JerryZ
2026-08-19T13:47:50.024561725Z,FMD,sender_signaling,fmd_flag_generation,sender,683,false,not_applicable,unclear,gamma=8;p=2^-8;curve=P-256,414013,269,measured,ok,unavailable,gc,go1.18.1,Release,JerryZ
2026-08-19T13:47:50.026040633Z,FMD,sender_signaling,fmd_sender_preparation,sender,683,false,not_applicable,unclear,gamma=8;p=2^-8;curve=P-256,-1,,not_applicable,not_applicable,unavailable,gc,go1.18.1,Release,JerryZ
2026-08-19T13:47:50.037658913Z,FMD,sender_signaling,message_encryption,sender,683,false,not_applicable,unclear,gamma=8;p=2^-8;curve=P-256,-1,,not_applicable,not_applicable,unavailable,gc,go1.18.1,Release,JerryZ
2026-08-19T13:47:50.042197518Z,FMD,sender_signaling,fmd_sender_total_signaling,sender,683,false,not_applicable,unclear,gamma=8;p=2^-8;curve=P-256,823416,269,measured,ok,unavailable,gc,go1.18.1,Release,JerryZ
2026-08-19T13:47:50.045644461Z,FMD,sender_signaling,fmd_flag_generation,sender,684,false,not_applicable,unclear,gamma=8;p=2^-8;curve=P-256,619951,267,measured,ok,unavailable,gc,go1.18.1,Release,JerryZ
2026-08-19T13:47:50.056300452Z,FMD,sender_signaling,fmd_sender_preparation,sender,684,false,not_applicable,unclear,gamma=8;p=2^-8;curve=P-256,-1,,not_applicable,not_applicable,unavailable,gc,go1.18.1,Release,JerryZ
2026-08-19T13:47:50.058462532Z,FMD,sender_signaling,message_encryption,sender,684,false,not_applicable,unclear,gamma=8;p=2^-8;curve=P-256,-1,,not_applicable,not_applicable,unavailable,gc,go1.18.1,Release,JerryZ
2026-08-19T13:47:50.06140716Z,FMD,sender_signaling,fmd_sender_total_signaling,sender,684,false,not_applicable,unclear,gamma=8;p=2^-8;curve=P-256,642028,268,measured,ok,unavailable,gc,go1.18.1,Release,JerryZ
2026-08-19T13:47:50.064413487Z,FMD,sender_signaling,fmd_flag_generation,sender,685,false,not_applicable,unclear,gamma=8;p=2^-8;curve=P-256,628556,268,measured,ok,unavailable,gc,go1.18.1,Release,JerryZ
2026-08-19T13:47:50.074308814Z,FMD,sender_signaling,fmd_sender_preparation,sender,685,false,not_applicable,unclear,gamma=8;p=2^-8;curve=P-256,-1,,not_applicable,not_applicable,unavailable,gc,go1.18.1,Release,JerryZ
2026-08-19T13:47:50.076936997Z,FMD,sender_signaling,message_encryption,sender,685,false,not_applicable,unclear,gamma=8;p=2^-8;curve=P-256,-1,,not_applicable,not_applicable,unavailable,gc,go1.18.1,Release,JerryZ
2026-08-19T13:47:50.080237212Z,FMD,sender_signaling,fmd_sender_total_signaling,sender,685,false,not_applicable,unclear,gamma=8;p=2^-8;curve=P-256,689609,270,measured,ok,unavailable,gc,go1.18.1,Release,JerryZ
2026-08-19T13:47:50.093092941Z,FMD,sender_signaling,fmd_flag_generation,sender,686,false,not_applicable,unclear,gamma=8;p=2^-8;curve=P-256,479301,270,measured,ok,unavailable,gc,go1.18.1,Release,JerryZ
2026-08-19T13:47:50.094856991Z,FMD,sender_signaling,fmd_sender_preparation,sender,686,false,not_applicable,unclear,gamma=8;p=2^-8;curve=P-256,-1,,not_applicable,not_applicable,unavailable,gc,go1.18.1,Release,JerryZ
2026-08-19T13:47:50.096532919Z,FMD,sender_signaling,message_encryption,sender,686,false,not_applicable,unclear,gamma=8;p=2^-8;curve=P-256,-1,,not_applicable,not_applicable,unavailable,gc,go1.18.1,Release,JerryZ
2026-08-19T13:47:50.098660559Z,FMD,sender_signaling,fmd_sender_total_signaling,sender,686,false,not_applicable,unclear,gamma=8;p=2^-8;curve=P-256,421140,270,measured,ok,unavailable,gc,go1.18.1,Release,JerryZ
2026-08-19T13:47:50.112186365Z,FMD,sender_signaling,fmd_flag_generation,sender,687,false,not_applicable,unclear,gamma=8;p=2^-8;curve=P-256,764577,270,measured,ok,unavailable,gc,go1.18.1,Release,JerryZ
2026-08-19T13:47:50.113835003Z,FMD,sender_signaling,fmd_sender_preparation,sender,687,false,not_applicable,unclear,gamma=8;p=2^-8;curve=P-256,-1,,not_applicable,not_applicable,unavailable,gc,go1.18.1,Release,JerryZ
2026-08-19T13:47:50.115844179Z,FMD,sender_signaling,message_encryption,sender,687,false,not_applicable,unclear,gamma=8;p=2^-8;curve=P-256,-1,,not_applicable,not_applicable,unavailable,gc,go1.18.1,Release,JerryZ
2026-08-19T13:47:50.118430116Z,FMD,sender_signaling,fmd_sender_total_signaling,sender,687,false,not_applicable,unclear,gamma=8;p=2^-8;curve=P-256,409146,270,measured,ok,unavailable,gc,go1.18.1,Release,JerryZ
2026-08-19T13:47:50.129903159Z,FMD,sender_signaling,fmd_flag_generation,sender,688,false,not_applicable,unclear,gamma=8;p=2^-8;curve=P-256,733461,268,measured,ok,unavailable,gc,go1.18.1,Release,JerryZ
2026-08-19T13:47:50.132111828Z,FMD,sender_signaling,fmd_sender_preparation,sender,688,false,not_applicable,unclear,gamma=8;p=2^-8;curve=P-256,-1,,not_applicable,not_applicable,unavailable,gc,go1.18.1,Release,JerryZ
2026-08-19T13:47:50.133459862Z,FMD,sender_signaling,message_encryption,sender,688,false,not_applicable,unclear,gamma=8;p=2^-8;curve=P-256,-1,,not_applicable,not_applicable,unavailable,gc,go1.18.1,Release,JerryZ
2026-08-19T13:47:50.135456726Z,FMD,sender_signaling,fmd_sender_total_signaling,sender,688,false,not_applicable,unclear,gamma=8;p=2^-8;curve=P-256,418679,270,measured,ok,unavailable,gc,go1.18.1,Release,JerryZ
2026-08-19T13:47:50.137648322Z,FMD,sender_signaling,fmd_flag_generation,sender,689,false,not_applicable,unclear,gamma=8;p=2^-8;curve=P-256,419157,268,measured,ok,unavailable,gc,go1.18.1,Release,JerryZ
2026-08-19T13:47:50.149062984Z,FMD,sender_signaling,fmd_sender_preparation,sender,689,false,not_applicable,unclear,gamma=8;p=2^-8;curve=P-256,-1,,not_applicable,not_applicable,unavailable,gc,go1.18.1,Release,JerryZ
2026-08-19T13:47:50.150800108Z,FMD,sender_signaling,message_encryption,sender,689,false,not_applicable,unclear,gamma=8;p=2^-8;curve=P-256,-1,,not_applicable,not_applicable,unavailable,gc,go1.18.1,Release,JerryZ
2026-08-19T13:47:50.15386111Z,FMD,sender_signaling,fmd_sender_total_signaling,sender,689,false,not_applicable,unclear,gamma=8;p=2^-8;curve=P-256,695450,270,measured,ok,unavailable,gc,go1.18.1,Release,JerryZ
2026-08-19T13:47:50.167072177Z,FMD,sender_signaling,fmd_flag_generation,sender,690,false,not_applicable,unclear,gamma=8;p=2^-8;curve=P-256,600618,268,measured,ok,unavailable,gc,go1.18.1,Release,JerryZ
2026-08-19T13:47:50.169236901Z,FMD,sender_signaling,fmd_sender_preparation,sender,690,false,not_applicable,unclear,gamma=8;p=2^-8;curve=P-256,-1,,not_applicable,not_applicable,unavailable,gc,go1.18.1,Release,JerryZ
2026-08-19T13:47:50.170629781Z,FMD,sender_signaling,message_encryption,sender,690,false,not_applicable,unclear,gamma=8;p=2^-8;curve=P-256,-1,,not_applicable,not_applicable,unavailable,gc,go1.18.1,Release,JerryZ
2026-08-19T13:47:50.172732065Z,FMD,sender_signaling,fmd_sender_total_signaling,sender,690,false,not_applicable,unclear,gamma=8;p=2^-8;curve=P-256,431591,271,measured,ok,unavailable,gc,go1.18.1,Release,JerryZ
2026-08-19T13:47:50.185814077Z,FMD,sender_signaling,fmd_flag_generation,sender,691,false,not_applicable,unclear,gamma=8;p=2^-8;curve=P-256,484453,269,measured,ok,unavailable,gc,go1.18.1,Release,JerryZ
2026-08-19T13:47:50.187444398Z,FMD,sender_signaling,fmd_sender_preparation,sender,691,false,not_applicable,unclear,gamma=8;p=2^-8;curve=P-256,-1,,not_applicable,not_applicable,unavailable,gc,go1.18.1,Release,JerryZ
2026-08-19T13:47:50.188716147Z,FMD,sender_signaling,message_encryption,sender,691,false,not_applicable,unclear,gamma=8;p=2^-8;curve=P-256,-1,,not_applicable,not_applicable,unavailable,gc,go1.18.1,Release,JerryZ
2026-08-19T13:47:50.191363461Z,FMD,sender_signaling,fmd_sender_total_signaling,sender,691,false,not_applicable,unclear,gamma=8;p=2^-8;curve=P-256,726005,269,measured,ok,unavailable,gc,go1.18.1,Release,JerryZ
2026-08-19T13:47:50.204329162Z,FMD,sender_signaling,fmd_flag_generation,sender,692,false,not_applicable,unclear,gamma=8;p=2^-8;curve=P-256,428037,269,measured,ok,unavailable,gc,go1.18.1,Release,JerryZ
2026-08-19T13:47:50.206157035Z,FMD,sender_signaling,fmd_sender_preparation,sender,692,false,not_applicable,unclear,gamma=8;p=2^-8;curve=P-256,-1,,not_applicable,not_applicable,unavailable,gc,go1.18.1,Release,JerryZ
2026-08-19T13:47:50.207941561Z,FMD,sender_signaling,message_encryption,sender,692,false,not_applicable,unclear,gamma=8;p=2^-8;curve=P-256,-1,,not_applicable,not_applicable,unavailable,gc,go1.18.1,Release,JerryZ
2026-08-19T13:47:50.21087178Z,FMD,sender_signaling,fmd_sender_total_signaling,sender,692,false,not_applicable,unclear,gamma=8;p=2^-8;curve=P-256,798014,269,measured,ok,unavailable,gc,go1.18.1,Release,JerryZ
2026-08-19T13:47:50.222653278Z,FMD,sender_signaling,fmd_flag_generation,sender,693,false,not_applicable,unclear,gamma=8;p=2^-8;curve=P-256,446561,267,measured,ok,unavailable,gc,go1.18.1,Release,JerryZ
2026-08-19T13:47:50.224220902Z,FMD,sender_signaling,fmd_sender_preparation,sender,693,false,not_applicable,unclear,gamma=8;p=2^-8;curve=P-256,-1,,not_applicable,not_applicable,unavailable,gc,go1.18.1,Release,JerryZ
2026-08-19T13:47:50.225894239Z,FMD,sender_signaling,message_encryption,sender,693,false,not_applicable,unclear,gamma=8;p=2^-8;curve=P-256,-1,,not_applicable,not_applicable,unavailable,gc,go1.18.1,Release,JerryZ
2026-08-19T13:47:50.228329922Z,FMD,sender_signaling,fmd_sender_total_signaling,sender,693,false,not_applicable,unclear,gamma=8;p=2^-8;curve=P-256,689572,270,measured,ok,unavailable,gc,go1.18.1,Release,JerryZ
2026-08-19T13:47:50.241369449Z,FMD,sender_signaling,fmd_flag_generation,sender,694,false,not_applicable,unclear,gamma=8;p=2^-8;curve=P-256,393892,270,measured,ok,unavailable,gc,go1.18.1,Release,JerryZ
2026-08-19T13:47:50.242479667Z,FMD,sender_signaling,fmd_sender_preparation,sender,694,false,not_applicable,unclear,gamma=8;p=2^-8;curve=P-256,-1,,not_applicable,not_applicable,unavailable,gc,go1.18.1,Release,JerryZ
2026-08-19T13:47:50.243666633Z,FMD,sender_signaling,message_encryption,sender,694,false,not_applicable,unclear,gamma=8;p=2^-8;curve=P-256,-1,,not_applicable,not_applicable,unavailable,gc,go1.18.1,Release,JerryZ
2026-08-19T13:47:50.24564602Z,FMD,sender_signaling,fmd_sender_total_signaling,sender,694,false,not_applicable,unclear,gamma=8;p=2^-8;curve=P-256,366616,269,measured,ok,unavailable,gc,go1.18.1,Release,JerryZ
2026-08-19T13:47:50.257562915Z,FMD,sender_signaling,fmd_flag_generation,sender,695,false,not_applicable,unclear,gamma=8;p=2^-8;curve=P-256,509432,269,measured,ok,unavailable,gc,go1.18.1,Release,JerryZ
2026-08-19T13:47:50.258958958Z,FMD,sender_signaling,fmd_sender_preparation,sender,695,false,not_applicable,unclear,gamma=8;p=2^-8;curve=P-256,-1,,not_applicable,not_applicable,unavailable,gc,go1.18.1,Release,JerryZ
2026-08-19T13:47:50.260304867Z,FMD,sender_signaling,message_encryption,sender,695,false,not_applicable,unclear,gamma=8;p=2^-8;curve=P-256,-1,,not_applicable,not_applicable,unavailable,gc,go1.18.1,Release,JerryZ
2026-08-19T13:47:50.262964785Z,FMD,sender_signaling,fmd_sender_total_signaling,sender,695,false,not_applicable,unclear,gamma=8;p=2^-8;curve=P-256,698389,268,measured,ok,unavailable,gc,go1.18.1,Release,JerryZ
2026-08-19T13:47:50.265756866Z,FMD,sender_signaling,fmd_flag_generation,sender,696,false,not_applicable,unclear,gamma=8;p=2^-8;curve=P-256,489504,269,measured,ok,unavailable,gc,go1.18.1,Release,JerryZ
2026-08-19T13:47:50.276362925Z,FMD,sender_signaling,fmd_sender_preparation,sender,696,false,not_applicable,unclear,gamma=8;p=2^-8;curve=P-256,-1,,not_applicable,not_applicable,unavailable,gc,go1.18.1,Release,JerryZ
2026-08-19T13:47:50.27772643Z,FMD,sender_signaling,message_encryption,sender,696,false,not_applicable,unclear,gamma=8;p=2^-8;curve=P-256,-1,,not_applicable,not_applicable,unavailable,gc,go1.18.1,Release,JerryZ
2026-08-19T13:47:50.279842893Z,FMD,sender_signaling,fmd_sender_total_signaling,sender,696,false,not_applicable,unclear,gamma=8;p=2^-8;curve=P-256,454091,269,measured,ok,unavailable,gc,go1.18.1,Release,JerryZ
2026-08-19T13:47:50.28275351Z,FMD,sender_signaling,fmd_flag_generation,sender,697,false,not_applicable,unclear,gamma=8;p=2^-8;curve=P-256,599159,269,measured,ok,unavailable,gc,go1.18.1,Release,JerryZ
2026-08-19T13:47:50.294317819Z,FMD,sender_signaling,fmd_sender_preparation,sender,697,false,not_applicable,unclear,gamma=8;p=2^-8;curve=P-256,-1,,not_applicable,not_applicable,unavailable,gc,go1.18.1,Release,JerryZ
2026-08-19T13:47:50.295614787Z,FMD,sender_signaling,message_encryption,sender,697,false,not_applicable,unclear,gamma=8;p=2^-8;curve=P-256,-1,,not_applicable,not_applicable,unavailable,gc,go1.18.1,Release,JerryZ
2026-08-19T13:47:50.299482546Z,FMD,sender_signaling,fmd_sender_total_signaling,sender,697,false,not_applicable,unclear,gamma=8;p=2^-8;curve=P-256,732414,268,measured,ok,unavailable,gc,go1.18.1,Release,JerryZ
2026-08-19T13:47:50.303038578Z,FMD,sender_signaling,fmd_flag_generation,sender,698,false,not_applicable,unclear,gamma=8;p=2^-8;curve=P-256,523907,269,measured,ok,unavailable,gc,go1.18.1,Release,JerryZ
2026-08-19T13:47:50.31250962Z,FMD,sender_signaling,fmd_sender_preparation,sender,698,false,not_applicable,unclear,gamma=8;p=2^-8;curve=P-256,-1,,not_applicable,not_applicable,unavailable,gc,go1.18.1,Release,JerryZ
2026-08-19T13:47:50.315224842Z,FMD,sender_signaling,message_encryption,sender,698,false,not_applicable,unclear,gamma=8;p=2^-8;curve=P-256,-1,,not_applicable,not_applicable,unavailable,gc,go1.18.1,Release,JerryZ
2026-08-19T13:47:50.319389461Z,FMD,sender_signaling,fmd_sender_total_signaling,sender,698,false,not_applicable,unclear,gamma=8;p=2^-8;curve=P-256,1169480,267,measured,ok,unavailable,gc,go1.18.1,Release,JerryZ
2026-08-19T13:47:50.332080887Z,FMD,sender_signaling,fmd_flag_generation,sender,699,false,not_applicable,unclear,gamma=8;p=2^-8;curve=P-256,621833,269,measured,ok,unavailable,gc,go1.18.1,Release,JerryZ
2026-08-19T13:47:50.333507062Z,FMD,sender_signaling,fmd_sender_preparation,sender,699,false,not_applicable,unclear,gamma=8;p=2^-8;curve=P-256,-1,,not_applicable,not_applicable,unavailable,gc,go1.18.1,Release,JerryZ
2026-08-19T13:47:50.334746835Z,FMD,sender_signaling,message_encryption,sender,699,false,not_applicable,unclear,gamma=8;p=2^-8;curve=P-256,-1,,not_applicable,not_applicable,unavailable,gc,go1.18.1,Release,JerryZ
2026-08-19T13:47:50.337226766Z,FMD,sender_signaling,fmd_sender_total_signaling,sender,699,false,not_applicable,unclear,gamma=8;p=2^-8;curve=P-256,419194,269,measured,ok,unavailable,gc,go1.18.1,Release,JerryZ
2026-08-19T13:47:50.33965736Z,FMD,sender_signaling,fmd_flag_generation,sender,700,false,not_applicable,unclear,gamma=8;p=2^-8;curve=P-256,793762,268,measured,ok,unavailable,gc,go1.18.1,Release,JerryZ
2026-08-19T13:47:50.349443428Z,FMD,sender_signaling,fmd_sender_preparation,sender,700,false,not_applicable,unclear,gamma=8;p=2^-8;curve=P-256,-1,,not_applicable,not_applicable,unavailable,gc,go1.18.1,Release,JerryZ
2026-08-19T13:47:50.350934459Z,FMD,sender_signaling,message_encryption,sender,700,false,not_applicable,unclear,gamma=8;p=2^-8;curve=P-256,-1,,not_applicable,not_applicable,unavailable,gc,go1.18.1,Release,JerryZ
2026-08-19T13:47:50.353165182Z,FMD,sender_signaling,fmd_sender_total_signaling,sender,700,false,not_applicable,unclear,gamma=8;p=2^-8;curve=P-256,375800,268,measured,ok,unavailable,gc,go1.18.1,Release,JerryZ
2026-08-19T13:47:50.355130146Z,FMD,sender_signaling,fmd_flag_generation,sender,701,false,not_applicable,unclear,gamma=8;p=2^-8;curve=P-256,369206,269,measured,ok,unavailable,gc,go1.18.1,Release,JerryZ
2026-08-19T13:47:50.356306421Z,FMD,sender_signaling,fmd_sender_preparation,sender,701,false,not_applicable,unclear,gamma=8;p=2^-8;curve=P-256,-1,,not_applicable,not_applicable,unavailable,gc,go1.18.1,Release,JerryZ
2026-08-19T13:47:50.367178433Z,FMD,sender_signaling,message_encryption,sender,701,false,not_applicable,unclear,gamma=8;p=2^-8;curve=P-256,-1,,not_applicable,not_applicable,unavailable,gc,go1.18.1,Release,JerryZ
2026-08-19T13:47:50.369778192Z,FMD,sender_signaling,fmd_sender_total_signaling,sender,701,false,not_applicable,unclear,gamma=8;p=2^-8;curve=P-256,373752,269,measured,ok,unavailable,gc,go1.18.1,Release,JerryZ
2026-08-19T13:47:50.371684385Z,FMD,sender_signaling,fmd_flag_generation,sender,702,false,not_applicable,unclear,gamma=8;p=2^-8;curve=P-256,369334,268,measured,ok,unavailable,gc,go1.18.1,Release,JerryZ
2026-08-19T13:47:50.372888032Z,FMD,sender_signaling,fmd_sender_preparation,sender,702,false,not_applicable,unclear,gamma=8;p=2^-8;curve=P-256,-1,,not_applicable,not_applicable,unavailable,gc,go1.18.1,Release,JerryZ
2026-08-19T13:47:50.374395979Z,FMD,sender_signaling,message_encryption,sender,702,false,not_applicable,unclear,gamma=8;p=2^-8;curve=P-256,-1,,not_applicable,not_applicable,unavailable,gc,go1.18.1,Release,JerryZ
2026-08-19T13:47:50.386904262Z,FMD,sender_signaling,fmd_sender_total_signaling,sender,702,false,not_applicable,unclear,gamma=8;p=2^-8;curve=P-256,807832,270,measured,ok,unavailable,gc,go1.18.1,Release,JerryZ
2026-08-19T13:47:50.389485613Z,FMD,sender_signaling,fmd_flag_generation,sender,703,false,not_applicable,unclear,gamma=8;p=2^-8;curve=P-256,369279,269,measured,ok,unavailable,gc,go1.18.1,Release,JerryZ
2026-08-19T13:47:50.391453671Z,FMD,sender_signaling,fmd_sender_preparation,sender,703,false,not_applicable,unclear,gamma=8;p=2^-8;curve=P-256,-1,,not_applicable,not_applicable,unavailable,gc,go1.18.1,Release,JerryZ
2026-08-19T13:47:50.393321705Z,FMD,sender_signaling,message_encryption,sender,703,false,not_applicable,unclear,gamma=8;p=2^-8;curve=P-256,-1,,not_applicable,not_applicable,unavailable,gc,go1.18.1,Release,JerryZ
2026-08-19T13:47:50.405640527Z,FMD,sender_signaling,fmd_sender_total_signaling,sender,703,false,not_applicable,unclear,gamma=8;p=2^-8;curve=P-256,824326,270,measured,ok,unavailable,gc,go1.18.1,Release,JerryZ
2026-08-19T13:47:50.408266814Z,FMD,sender_signaling,fmd_flag_generation,sender,704,false,not_applicable,unclear,gamma=8;p=2^-8;curve=P-256,433116,269,measured,ok,unavailable,gc,go1.18.1,Release,JerryZ
2026-08-19T13:47:50.409492659Z,FMD,sender_signaling,fmd_sender_preparation,sender,704,false,not_applicable,unclear,gamma=8;p=2^-8;curve=P-256,-1,,not_applicable,not_applicable,unavailable,gc,go1.18.1,Release,JerryZ
2026-08-19T13:47:50.410855457Z,FMD,sender_signaling,message_encryption,sender,704,false,not_applicable,unclear,gamma=8;p=2^-8;curve=P-256,-1,,not_applicable,not_applicable,unavailable,gc,go1.18.1,Release,JerryZ
2026-08-19T13:47:50.423654521Z,FMD,sender_signaling,fmd_sender_total_signaling,sender,704,false,not_applicable,unclear,gamma=8;p=2^-8;curve=P-256,1128777,269,measured,ok,unavailable,gc,go1.18.1,Release,JerryZ
2026-08-19T13:47:50.425891269Z,FMD,sender_signaling,fmd_flag_generation,sender,705,false,not_applicable,unclear,gamma=8;p=2^-8;curve=P-256,418274,270,measured,ok,unavailable,gc,go1.18.1,Release,JerryZ
2026-08-19T13:47:50.427217108Z,FMD,sender_signaling,fmd_sender_preparation,sender,705,false,not_applicable,unclear,gamma=8;p=2^-8;curve=P-256,-1,,not_applicable,not_applicable,unavailable,gc,go1.18.1,Release,JerryZ
2026-08-19T13:47:50.428844825Z,FMD,sender_signaling,message_encryption,sender,705,false,not_applicable,unclear,gamma=8;p=2^-8;curve=P-256,-1,,not_applicable,not_applicable,unavailable,gc,go1.18.1,Release,JerryZ
2026-08-19T13:47:50.430825121Z,FMD,sender_signaling,fmd_sender_total_signaling,sender,705,false,not_applicable,unclear,gamma=8;p=2^-8;curve=P-256,379078,270,measured,ok,unavailable,gc,go1.18.1,Release,JerryZ
2026-08-19T13:47:50.441314261Z,FMD,sender_signaling,fmd_flag_generation,sender,706,false,not_applicable,unclear,gamma=8;p=2^-8;curve=P-256,405804,269,measured,ok,unavailable,gc,go1.18.1,Release,JerryZ
2026-08-19T13:47:50.442637329Z,FMD,sender_signaling,fmd_sender_preparation,sender,706,false,not_applicable,unclear,gamma=8;p=2^-8;curve=P-256,-1,,not_applicable,not_applicable,unavailable,gc,go1.18.1,Release,JerryZ
2026-08-19T13:47:50.444346906Z,FMD,sender_signaling,message_encryption,sender,706,false,not_applicable,unclear,gamma=8;p=2^-8;curve=P-256,-1,,not_applicable,not_applicable,unavailable,gc,go1.18.1,Release,JerryZ
2026-08-19T13:47:50.446888836Z,FMD,sender_signaling,fmd_sender_total_signaling,sender,706,false,not_applicable,unclear,gamma=8;p=2^-8;curve=P-256,417650,268,measured,ok,unavailable,gc,go1.18.1,Release,JerryZ
2026-08-19T13:47:50.44898515Z,FMD,sender_signaling,fmd_flag_generation,sender,707,false,not_applicable,unclear,gamma=8;p=2^-8;curve=P-256,375184,269,measured,ok,unavailable,gc,go1.18.1,Release,JerryZ
2026-08-19T13:47:50.459013458Z,FMD,sender_signaling,fmd_sender_preparation,sender,707,false,not_applicable,unclear,gamma=8;p=2^-8;curve=P-256,-1,,not_applicable,not_applicable,unavailable,gc,go1.18.1,Release,JerryZ
2026-08-19T13:47:50.460571448Z,FMD,sender_signaling,message_encryption,sender,707,false,not_applicable,unclear,gamma=8;p=2^-8;curve=P-256,-1,,not_applicable,not_applicable,unavailable,gc,go1.18.1,Release,JerryZ
2026-08-19T13:47:50.462533491Z,FMD,sender_signaling,fmd_sender_total_signaling,sender,707,false,not_applicable,unclear,gamma=8;p=2^-8;curve=P-256,379905,270,measured,ok,unavailable,gc,go1.18.1,Release,JerryZ
2026-08-19T13:47:50.464466844Z,FMD,sender_signaling,fmd_flag_generation,sender,708,false,not_applicable,unclear,gamma=8;p=2^-8;curve=P-256,365119,270,measured,ok,unavailable,gc,go1.18.1,Release,JerryZ
2026-08-19T13:47:50.466251393Z,FMD,sender_signaling,fmd_sender_preparation,sender,708,false,not_applicable,unclear,gamma=8;p=2^-8;curve=P-256,-1,,not_applicable,not_applicable,unavailable,gc,go1.18.1,Release,JerryZ
2026-08-19T13:47:50.479632334Z,FMD,sender_signaling,message_encryption,sender,708,false,not_applicable,unclear,gamma=8;p=2^-8;curve=P-256,-1,,not_applicable,not_applicable,unavailable,gc,go1.18.1,Release,JerryZ
2026-08-19T13:47:50.482512621Z,FMD,sender_signaling,fmd_sender_total_signaling,sender,708,false,not_applicable,unclear,gamma=8;p=2^-8;curve=P-256,939270,270,measured,ok,unavailable,gc,go1.18.1,Release,JerryZ
2026-08-19T13:47:50.485127423Z,FMD,sender_signaling,fmd_flag_generation,sender,709,false,not_applicable,unclear,gamma=8;p=2^-8;curve=P-256,599655,268,measured,ok,unavailable,gc,go1.18.1,Release,JerryZ
2026-08-19T13:47:50.496141003Z,FMD,sender_signaling,fmd_sender_preparation,sender,709,false,not_applicable,unclear,gamma=8;p=2^-8;curve=P-256,-1,,not_applicable,not_applicable,unavailable,gc,go1.18.1,Release,JerryZ
2026-08-19T13:47:50.497656829Z,FMD,sender_signaling,message_encryption,sender,709,false,not_applicable,unclear,gamma=8;p=2^-8;curve=P-256,-1,,not_applicable,not_applicable,unavailable,gc,go1.18.1,Release,JerryZ
2026-08-19T13:47:50.499971589Z,FMD,sender_signaling,fmd_sender_total_signaling,sender,709,false,not_applicable,unclear,gamma=8;p=2^-8;curve=P-256,468226,268,measured,ok,unavailable,gc,go1.18.1,Release,JerryZ
2026-08-19T13:47:50.5022968Z,FMD,sender_signaling,fmd_flag_generation,sender,710,false,not_applicable,unclear,gamma=8;p=2^-8;curve=P-256,428202,269,measured,ok,unavailable,gc,go1.18.1,Release,JerryZ
2026-08-19T13:47:50.514335563Z,FMD,sender_signaling,fmd_sender_preparation,sender,710,false,not_applicable,unclear,gamma=8;p=2^-8;curve=P-256,-1,,not_applicable,not_applicable,unavailable,gc,go1.18.1,Release,JerryZ
2026-08-19T13:47:50.515763419Z,FMD,sender_signaling,message_encryption,sender,710,false,not_applicable,unclear,gamma=8;p=2^-8;curve=P-256,-1,,not_applicable,not_applicable,unavailable,gc,go1.18.1,Release,JerryZ
2026-08-19T13:47:50.517778558Z,FMD,sender_signaling,fmd_sender_total_signaling,sender,710,false,not_applicable,unclear,gamma=8;p=2^-8;curve=P-256,370574,269,measured,ok,unavailable,gc,go1.18.1,Release,JerryZ
2026-08-19T13:47:50.519804728Z,FMD,sender_signaling,fmd_flag_generation,sender,711,false,not_applicable,unclear,gamma=8;p=2^-8;curve=P-256,360187,270,measured,ok,unavailable,gc,go1.18.1,Release,JerryZ
2026-08-19T13:47:50.521213831Z,FMD,sender_signaling,fmd_sender_preparation,sender,711,false,not_applicable,unclear,gamma=8;p=2^-8;curve=P-256,-1,,not_applicable,not_applicable,unavailable,gc,go1.18.1,Release,JerryZ
2026-08-19T13:47:50.532022365Z,FMD,sender_signaling,message_encryption,sender,711,false,not_applicable,unclear,gamma=8;p=2^-8;curve=P-256,-1,,not_applicable,not_applicable,unavailable,gc,go1.18.1,Release,JerryZ
2026-08-19T13:47:50.534401851Z,FMD,sender_signaling,fmd_sender_total_signaling,sender,711,false,not_applicable,unclear,gamma=8;p=2^-8;curve=P-256,501011,269,measured,ok,unavailable,gc,go1.18.1,Release,JerryZ
2026-08-19T13:47:50.536714398Z,FMD,sender_signaling,fmd_flag_generation,sender,712,false,not_applicable,unclear,gamma=8;p=2^-8;curve=P-256,436881,270,measured,ok,unavailable,gc,go1.18.1,Release,JerryZ
2026-08-19T13:47:50.538344292Z,FMD,sender_signaling,fmd_sender_preparation,sender,712,false,not_applicable,unclear,gamma=8;p=2^-8;curve=P-256,-1,,not_applicable,not_applicable,unavailable,gc,go1.18.1,Release,JerryZ
2026-08-19T13:47:50.539685521Z,FMD,sender_signaling,message_encryption,sender,712,false,not_applicable,unclear,gamma=8;p=2^-8;curve=P-256,-1,,not_applicable,not_applicable,unavailable,gc,go1.18.1,Release,JerryZ
2026-08-19T13:47:50.551698276Z,FMD,sender_signaling,fmd_sender_total_signaling,sender,712,false,not_applicable,unclear,gamma=8;p=2^-8;curve=P-256,391155,268,measured,ok,unavailable,gc,go1.18.1,Release,JerryZ
2026-08-19T13:47:50.553980259Z,FMD,sender_signaling,fmd_flag_generation,sender,713,false,not_applicable,unclear,gamma=8;p=2^-8;curve=P-256,395150,269,measured,ok,unavailable,gc,go1.18.1,Release,JerryZ
2026-08-19T13:47:50.55506039Z,FMD,sender_signaling,fmd_sender_preparation,sender,713,false,not_applicable,unclear,gamma=8;p=2^-8;curve=P-256,-1,,not_applicable,not_applicable,unavailable,gc,go1.18.1,Release,JerryZ
2026-08-19T13:47:50.556169192Z,FMD,sender_signaling,message_encryption,sender,713,false,not_applicable,unclear,gamma=8;p=2^-8;curve=P-256,-1,,not_applicable,not_applicable,unavailable,gc,go1.18.1,Release,JerryZ
2026-08-19T13:47:50.558987176Z,FMD,sender_signaling,fmd_sender_total_signaling,sender,713,false,not_applicable,unclear,gamma=8;p=2^-8;curve=P-256,800761,270,measured,ok,unavailable,gc,go1.18.1,Release,JerryZ
2026-08-19T13:47:50.571711343Z,FMD,sender_signaling,fmd_flag_generation,sender,714,false,not_applicable,unclear,gamma=8;p=2^-8;curve=P-256,827357,269,measured,ok,unavailable,gc,go1.18.1,Release,JerryZ
2026-08-19T13:47:50.57366856Z,FMD,sender_signaling,fmd_sender_preparation,sender,714,false,not_applicable,unclear,gamma=8;p=2^-8;curve=P-256,-1,,not_applicable,not_applicable,unavailable,gc,go1.18.1,Release,JerryZ
2026-08-19T13:47:50.575300947Z,FMD,sender_signaling,message_encryption,sender,714,false,not_applicable,unclear,gamma=8;p=2^-8;curve=P-256,-1,,not_applicable,not_applicable,unavailable,gc,go1.18.1,Release,JerryZ
2026-08-19T13:47:50.577457351Z,FMD,sender_signaling,fmd_sender_total_signaling,sender,714,false,not_applicable,unclear,gamma=8;p=2^-8;curve=P-256,389383,268,measured,ok,unavailable,gc,go1.18.1,Release,JerryZ
2026-08-19T13:47:50.590815932Z,FMD,sender_signaling,fmd_flag_generation,sender,715,false,not_applicable,unclear,gamma=8;p=2^-8;curve=P-256,967621,271,measured,ok,unavailable,gc,go1.18.1,Release,JerryZ
2026-08-19T13:47:50.592805458Z,FMD,sender_signaling,fmd_sender_preparation,sender,715,false,not_applicable,unclear,gamma=8;p=2^-8;curve=P-256,-1,,not_applicable,not_applicable,unavailable,gc,go1.18.1,Release,JerryZ
2026-08-19T13:47:50.594047498Z,FMD,sender_signaling,message_encryption,sender,715,false,not_applicable,unclear,gamma=8;p=2^-8;curve=P-256,-1,,not_applicable,not_applicable,unavailable,gc,go1.18.1,Release,JerryZ
2026-08-19T13:47:50.59636921Z,FMD,sender_signaling,fmd_sender_total_signaling,sender,715,false,not_applicable,unclear,gamma=8;p=2^-8;curve=P-256,578228,269,measured,ok,unavailable,gc,go1.18.1,Release,JerryZ
2026-08-19T13:47:50.607641709Z,FMD,sender_signaling,fmd_flag_generation,sender,716,false,not_applicable,unclear,gamma=8;p=2^-8;curve=P-256,439481,269,measured,ok,unavailable,gc,go1.18.1,Release,JerryZ
2026-08-19T13:47:50.608934628Z,FMD,sender_signaling,fmd_sender_preparation,sender,716,false,not_applicable,unclear,gamma=8;p=2^-8;curve=P-256,-1,,not_applicable,not_applicable,unavailable,gc,go1.18.1,Release,JerryZ
2026-08-19T13:47:50.610251277Z,FMD,sender_signaling,message_encryption,sender,716,false,not_applicable,unclear,gamma=8;p=2^-8;curve=P-256,-1,,not_applicable,not_applicable,unavailable,gc,go1.18.1,Release,JerryZ
2026-08-19T13:47:50.612334606Z,FMD,sender_signaling,fmd_sender_total_signaling,sender,716,false,not_applicable,unclear,gamma=8;p=2^-8;curve=P-256,377223,269,measured,ok,unavailable,gc,go1.18.1,Release,JerryZ
2026-08-19T13:47:50.624318974Z,FMD,sender_signaling,fmd_flag_generation,sender,717,false,not_applicable,unclear,gamma=8;p=2^-8;curve=P-256,375965,270,measured,ok,unavailable,gc,go1.18.1,Release,JerryZ
2026-08-19T13:47:50.626122914Z,FMD,sender_signaling,fmd_sender_preparation,sender,717,false,not_applicable,unclear,gamma=8;p=2^-8;curve=P-256,-1,,not_applicable,not_applicable,unavailable,gc,go1.18.1,Release,JerryZ
2026-08-19T13:47:50.627449408Z,FMD,sender_signaling,message_encryption,sender,717,false,not_applicable,unclear,gamma=8;p=2^-8;curve=P-256,-1,,not_applicable,not_applicable,unavailable,gc,go1.18.1,Release,JerryZ
2026-08-19T13:47:50.629646735Z,FMD,sender_signaling,fmd_sender_total_signaling,sender,717,false,not_applicable,unclear,gamma=8;p=2^-8;curve=P-256,375644,270,measured,ok,unavailable,gc,go1.18.1,Release,JerryZ
2026-08-19T13:47:50.631643525Z,FMD,sender_signaling,fmd_flag_generation,sender,718,false,not_applicable,unclear,gamma=8;p=2^-8;curve=P-256,360683,268,measured,ok,unavailable,gc,go1.18.1,Release,JerryZ
2026-08-19T13:47:50.642486837Z,FMD,sender_signaling,fmd_sender_preparation,sender,718,false,not_applicable,unclear,gamma=8;p=2^-8;curve=P-256,-1,,not_applicable,not_applicable,unavailable,gc,go1.18.1,Release,JerryZ
2026-08-19T13:47:50.644801358Z,FMD,sender_signaling,message_encryption,sender,718,false,not_applicable,unclear,gamma=8;p=2^-8;curve=P-256,-1,,not_applicable,not_applicable,unavailable,gc,go1.18.1,Release,JerryZ
2026-08-19T13:47:50.646949818Z,FMD,sender_signaling,fmd_sender_total_signaling,sender,718,false,not_applicable,unclear,gamma=8;p=2^-8;curve=P-256,370555,266,measured,ok,unavailable,gc,go1.18.1,Release,JerryZ
2026-08-19T13:47:50.649632131Z,FMD,sender_signaling,fmd_flag_generation,sender,719,false,not_applicable,unclear,gamma=8;p=2^-8;curve=P-256,788215,270,measured,ok,unavailable,gc,go1.18.1,Release,JerryZ
2026-08-19T13:47:50.661904217Z,FMD,sender_signaling,fmd_sender_preparation,sender,719,false,not_applicable,unclear,gamma=8;p=2^-8;curve=P-256,-1,,not_applicable,not_applicable,unavailable,gc,go1.18.1,Release,JerryZ
2026-08-19T13:47:50.663470385Z,FMD,sender_signaling,message_encryption,sender,719,false,not_applicable,unclear,gamma=8;p=2^-8;curve=P-256,-1,,not_applicable,not_applicable,unavailable,gc,go1.18.1,Release,JerryZ
2026-08-19T13:47:50.667067662Z,FMD,sender_signaling,fmd_sender_total_signaling,sender,719,false,not_applicable,unclear,gamma=8;p=2^-8;curve=P-256,714414,269,measured,ok,unavailable,gc,go1.18.1,Release,JerryZ
2026-08-19T13:47:50.681004508Z,FMD,sender_signaling,fmd_flag_generation,sender,720,false,not_applicable,unclear,gamma=8;p=2^-8;curve=P-256,839148,270,measured,ok,unavailable,gc,go1.18.1,Release,JerryZ
2026-08-19T13:47:50.684515432Z,FMD,sender_signaling,fmd_sender_preparation,sender,720,false,not_applicable,unclear,gamma=8;p=2^-8;curve=P-256,-1,,not_applicable,not_applicable,unavailable,gc,go1.18.1,Release,JerryZ
2026-08-19T13:47:50.686930693Z,FMD,sender_signaling,message_encryption,sender,720,false,not_applicable,unclear,gamma=8;p=2^-8;curve=P-256,-1,,not_applicable,not_applicable,unavailable,gc,go1.18.1,Release,JerryZ
2026-08-19T13:47:50.699826202Z,FMD,sender_signaling,fmd_sender_total_signaling,sender,720,false,not_applicable,unclear,gamma=8;p=2^-8;curve=P-256,458573,269,measured,ok,unavailable,gc,go1.18.1,Release,JerryZ
2026-08-19T13:47:50.701902194Z,FMD,sender_signaling,fmd_flag_generation,sender,721,false,not_applicable,unclear,gamma=8;p=2^-8;curve=P-256,422564,269,measured,ok,unavailable,gc,go1.18.1,Release,JerryZ
2026-08-19T13:47:50.703235273Z,FMD,sender_signaling,fmd_sender_preparation,sender,721,false,not_applicable,unclear,gamma=8;p=2^-8;curve=P-256,-1,,not_applicable,not_applicable,unavailable,gc,go1.18.1,Release,JerryZ
2026-08-19T13:47:50.704353962Z,FMD,sender_signaling,message_encryption,sender,721,false,not_applicable,unclear,gamma=8;p=2^-8;curve=P-256,-1,,not_applicable,not_applicable,unavailable,gc,go1.18.1,Release,JerryZ
2026-08-19T13:47:50.715703543Z,FMD,sender_signaling,fmd_sender_total_signaling,sender,721,false,not_applicable,unclear,gamma=8;p=2^-8;curve=P-256,374229,269,measured,ok,unavailable,gc,go1.18.1,Release,JerryZ
2026-08-19T13:47:50.720698429Z,FMD,sender_signaling,fmd_flag_generation,sender,722,false,not_applicable,unclear,gamma=8;p=2^-8;curve=P-256,375176,269,measured,ok,unavailable,gc,go1.18.1,Release,JerryZ
2026-08-19T13:47:50.7223849Z,FMD,sender_signaling,fmd_sender_preparation,sender,722,false,not_applicable,unclear,gamma=8;p=2^-8;curve=P-256,-1,,not_applicable,not_applicable,unavailable,gc,go1.18.1,Release,JerryZ
2026-08-19T13:47:50.733373637Z,FMD,sender_signaling,message_encryption,sender,722,false,not_applicable,unclear,gamma=8;p=2^-8;curve=P-256,-1,,not_applicable,not_applicable,unavailable,gc,go1.18.1,Release,JerryZ
2026-08-19T13:47:50.735519516Z,FMD,sender_signaling,fmd_sender_total_signaling,sender,722,false,not_applicable,unclear,gamma=8;p=2^-8;curve=P-256,398952,268,measured,ok,unavailable,gc,go1.18.1,Release,JerryZ
2026-08-19T13:47:50.737693365Z,FMD,sender_signaling,fmd_flag_generation,sender,723,false,not_applicable,unclear,gamma=8;p=2^-8;curve=P-256,401707,269,measured,ok,unavailable,gc,go1.18.1,Release,JerryZ
2026-08-19T13:47:50.739318295Z,FMD,sender_signaling,fmd_sender_preparation,sender,723,false,not_applicable,unclear,gamma=8;p=2^-8;curve=P-256,-1,,not_applicable,not_applicable,unavailable,gc,go1.18.1,Release,JerryZ
2026-08-19T13:47:50.74116938Z,FMD,sender_signaling,message_encryption,sender,723,false,not_applicable,unclear,gamma=8;p=2^-8;curve=P-256,-1,,not_applicable,not_applicable,unavailable,gc,go1.18.1,Release,JerryZ
2026-08-19T13:47:50.753474066Z,FMD,sender_signaling,fmd_sender_total_signaling,sender,723,false,not_applicable,unclear,gamma=8;p=2^-8;curve=P-256,687837,270,measured,ok,unavailable,gc,go1.18.1,Release,JerryZ
2026-08-19T13:47:50.756263985Z,FMD,sender_signaling,fmd_flag_generation,sender,724,false,not_applicable,unclear,gamma=8;p=2^-8;curve=P-256,584923,269,measured,ok,unavailable,gc,go1.18.1,Release,JerryZ
2026-08-19T13:47:50.757998105Z,FMD,sender_signaling,fmd_sender_preparation,sender,724,false,not_applicable,unclear,gamma=8;p=2^-8;curve=P-256,-1,,not_applicable,not_applicable,unavailable,gc,go1.18.1,Release,JerryZ
2026-08-19T13:47:50.759704706Z,FMD,sender_signaling,message_encryption,sender,724,false,not_applicable,unclear,gamma=8;p=2^-8;curve=P-256,-1,,not_applicable,not_applicable,unavailable,gc,go1.18.1,Release,JerryZ
2026-08-19T13:47:50.774949115Z,FMD,sender_signaling,fmd_sender_total_signaling,sender,724,false,not_applicable,unclear,gamma=8;p=2^-8;curve=P-256,1195892,269,measured,ok,unavailable,gc,go1.18.1,Release,JerryZ
2026-08-19T13:47:50.778946125Z,FMD,sender_signaling,fmd_flag_generation,sender,725,false,not_applicable,unclear,gamma=8;p=2^-8;curve=P-256,851638,269,measured,ok,unavailable,gc,go1.18.1,Release,JerryZ
2026-08-19T13:47:50.790658297Z,FMD,sender_signaling,fmd_sender_preparation,sender,725,false,not_applicable,unclear,gamma=8;p=2^-8;curve=P-256,-1,,not_applicable,not_applicable,unavailable,gc,go1.18.1,Release,JerryZ
2026-08-19T13:47:50.793184169Z,FMD,sender_signaling,message_encryption,sender,725,false,not_applicable,unclear,gamma=8;p=2^-8;curve=P-256,-1,,not_applicable,not_applicable,unavailable,gc,go1.18.1,Release,JerryZ
2026-08-19T13:47:50.796628141Z,FMD,sender_signaling,fmd_sender_total_signaling,sender,725,false,not_applicable,unclear,gamma=8;p=2^-8;curve=P-256,756091,269,measured,ok,unavailable,gc,go1.18.1,Release,JerryZ
2026-08-19T13:47:50.81262274Z,FMD,sender_signaling,fmd_flag_generation,sender,726,false,not_applicable,unclear,gamma=8;p=2^-8;curve=P-256,2826672,268,measured,ok,unavailable,gc,go1.18.1,Release,JerryZ
2026-08-19T13:47:50.814613299Z,FMD,sender_signaling,fmd_sender_preparation,sender,726,false,not_applicable,unclear,gamma=8;p=2^-8;curve=P-256,-1,,not_applicable,not_applicable,unavailable,gc,go1.18.1,Release,JerryZ
2026-08-19T13:47:50.826027423Z,FMD,sender_signaling,message_encryption,sender,726,false,not_applicable,unclear,gamma=8;p=2^-8;curve=P-256,-1,,not_applicable,not_applicable,unavailable,gc,go1.18.1,Release,JerryZ
2026-08-19T13:47:50.828203572Z,FMD,sender_signaling,fmd_sender_total_signaling,sender,726,false,not_applicable,unclear,gamma=8;p=2^-8;curve=P-256,410854,269,measured,ok,unavailable,gc,go1.18.1,Release,JerryZ
2026-08-19T13:47:50.830661048Z,FMD,sender_signaling,fmd_flag_generation,sender,727,false,not_applicable,unclear,gamma=8;p=2^-8;curve=P-256,453733,270,measured,ok,unavailable,gc,go1.18.1,Release,JerryZ
2026-08-19T13:47:50.832593103Z,FMD,sender_signaling,fmd_sender_preparation,sender,727,false,not_applicable,unclear,gamma=8;p=2^-8;curve=P-256,-1,,not_applicable,not_applicable,unavailable,gc,go1.18.1,Release,JerryZ
2026-08-19T13:47:50.84336143Z,FMD,sender_signaling,message_encryption,sender,727,false,not_applicable,unclear,gamma=8;p=2^-8;curve=P-256,-1,,not_applicable,not_applicable,unavailable,gc,go1.18.1,Release,JerryZ
2026-08-19T13:47:50.846830897Z,FMD,sender_signaling,fmd_sender_total_signaling,sender,727,false,not_applicable,unclear,gamma=8;p=2^-8;curve=P-256,373164,270,measured,ok,unavailable,gc,go1.18.1,Release,JerryZ
2026-08-19T13:47:50.849328951Z,FMD,sender_signaling,fmd_flag_generation,sender,728,false,not_applicable,unclear,gamma=8;p=2^-8;curve=P-256,611217,268,measured,ok,unavailable,gc,go1.18.1,Release,JerryZ
2026-08-19T13:47:50.851318817Z,FMD,sender_signaling,fmd_sender_preparation,sender,728,false,not_applicable,unclear,gamma=8;p=2^-8;curve=P-256,-1,,not_applicable,not_applicable,unavailable,gc,go1.18.1,Release,JerryZ
2026-08-19T13:47:50.863122581Z,FMD,sender_signaling,message_encryption,sender,728,false,not_applicable,unclear,gamma=8;p=2^-8;curve=P-256,-1,,not_applicable,not_applicable,unavailable,gc,go1.18.1,Release,JerryZ
2026-08-19T13:47:50.866097833Z,FMD,sender_signaling,fmd_sender_total_signaling,sender,728,false,not_applicable,unclear,gamma=8;p=2^-8;curve=P-256,733370,269,measured,ok,unavailable,gc,go1.18.1,Release,JerryZ
2026-08-19T13:47:50.868943841Z,FMD,sender_signaling,fmd_flag_generation,sender,729,false,not_applicable,unclear,gamma=8;p=2^-8;curve=P-256,529821,270,measured,ok,unavailable,gc,go1.18.1,Release,JerryZ
2026-08-19T13:47:50.880507906Z,FMD,sender_signaling,fmd_sender_preparation,sender,729,false,not_applicable,unclear,gamma=8;p=2^-8;curve=P-256,-1,,not_applicable,not_applicable,unavailable,gc,go1.18.1,Release,JerryZ
2026-08-19T13:47:50.883035923Z,FMD,sender_signaling,message_encryption,sender,729,false,not_applicable,unclear,gamma=8;p=2^-8;curve=P-256,-1,,not_applicable,not_applicable,unavailable,gc,go1.18.1,Release,JerryZ
2026-08-19T13:47:50.88665312Z,FMD,sender_signaling,fmd_sender_total_signaling,sender,729,false,not_applicable,unclear,gamma=8;p=2^-8;curve=P-256,938544,270,measured,ok,unavailable,gc,go1.18.1,Release,JerryZ
2026-08-19T13:47:50.890203574Z,FMD,sender_signaling,fmd_flag_generation,sender,730,false,not_applicable,unclear,gamma=8;p=2^-8;curve=P-256,760756,270,measured,ok,unavailable,gc,go1.18.1,Release,JerryZ
2026-08-19T13:47:50.899907874Z,FMD,sender_signaling,fmd_sender_preparation,sender,730,false,not_applicable,unclear,gamma=8;p=2^-8;curve=P-256,-1,,not_applicable,not_applicable,unavailable,gc,go1.18.1,Release,JerryZ
2026-08-19T13:47:50.901749614Z,FMD,sender_signaling,message_encryption,sender,730,false,not_applicable,unclear,gamma=8;p=2^-8;curve=P-256,-1,,not_applicable,not_applicable,unavailable,gc,go1.18.1,Release,JerryZ
2026-08-19T13:47:50.904114963Z,FMD,sender_signaling,fmd_sender_total_signaling,sender,730,false,not_applicable,unclear,gamma=8;p=2^-8;curve=P-256,502848,270,measured,ok,unavailable,gc,go1.18.1,Release,JerryZ
2026-08-19T13:47:50.907365099Z,FMD,sender_signaling,fmd_flag_generation,sender,731,false,not_applicable,unclear,gamma=8;p=2^-8;curve=P-256,892386,269,measured,ok,unavailable,gc,go1.18.1,Release,JerryZ
2026-08-19T13:47:50.917960881Z,FMD,sender_signaling,fmd_sender_preparation,sender,731,false,not_applicable,unclear,gamma=8;p=2^-8;curve=P-256,-1,,not_applicable,not_applicable,unavailable,gc,go1.18.1,Release,JerryZ
2026-08-19T13:47:50.919249634Z,FMD,sender_signaling,message_encryption,sender,731,false,not_applicable,unclear,gamma=8;p=2^-8;curve=P-256,-1,,not_applicable,not_applicable,unavailable,gc,go1.18.1,Release,JerryZ
2026-08-19T13:47:50.921525042Z,FMD,sender_signaling,fmd_sender_total_signaling,sender,731,false,not_applicable,unclear,gamma=8;p=2^-8;curve=P-256,445973,269,measured,ok,unavailable,gc,go1.18.1,Release,JerryZ
2026-08-19T13:47:50.924967106Z,FMD,sender_signaling,fmd_flag_generation,sender,732,false,not_applicable,unclear,gamma=8;p=2^-8;curve=P-256,865920,269,measured,ok,unavailable,gc,go1.18.1,Release,JerryZ
2026-08-19T13:47:50.936900973Z,FMD,sender_signaling,fmd_sender_preparation,sender,732,false,not_applicable,unclear,gamma=8;p=2^-8;curve=P-256,-1,,not_applicable,not_applicable,unavailable,gc,go1.18.1,Release,JerryZ
2026-08-19T13:47:50.938518377Z,FMD,sender_signaling,message_encryption,sender,732,false,not_applicable,unclear,gamma=8;p=2^-8;curve=P-256,-1,,not_applicable,not_applicable,unavailable,gc,go1.18.1,Release,JerryZ
2026-08-19T13:47:50.941145352Z,FMD,sender_signaling,fmd_sender_total_signaling,sender,732,false,not_applicable,unclear,gamma=8;p=2^-8;curve=P-256,517689,269,measured,ok,unavailable,gc,go1.18.1,Release,JerryZ
2026-08-19T13:47:50.944089035Z,FMD,sender_signaling,fmd_flag_generation,sender,733,false,not_applicable,unclear,gamma=8;p=2^-8;curve=P-256,481836,269,measured,ok,unavailable,gc,go1.18.1,Release,JerryZ
2026-08-19T13:47:50.956180565Z,FMD,sender_signaling,fmd_sender_preparation,sender,733,false,not_applicable,unclear,gamma=8;p=2^-8;curve=P-256,-1,,not_applicable,not_applicable,unavailable,gc,go1.18.1,Release,JerryZ
2026-08-19T13:47:50.959069405Z,FMD,sender_signaling,message_encryption,sender,733,false,not_applicable,unclear,gamma=8;p=2^-8;curve=P-256,-1,,not_applicable,not_applicable,unavailable,gc,go1.18.1,Release,JerryZ
2026-08-19T13:47:50.963221727Z,FMD,sender_signaling,fmd_sender_total_signaling,sender,733,false,not_applicable,unclear,gamma=8;p=2^-8;curve=P-256,835549,269,measured,ok,unavailable,gc,go1.18.1,Release,JerryZ
2026-08-19T13:47:50.975145488Z,FMD,sender_signaling,fmd_flag_generation,sender,734,false,not_applicable,unclear,gamma=8;p=2^-8;curve=P-256,618132,269,measured,ok,unavailable,gc,go1.18.1,Release,JerryZ
2026-08-19T13:47:50.97669844Z,FMD,sender_signaling,fmd_sender_preparation,sender,734,false,not_applicable,unclear,gamma=8;p=2^-8;curve=P-256,-1,,not_applicable,not_applicable,unavailable,gc,go1.18.1,Release,JerryZ
2026-08-19T13:47:50.978215948Z,FMD,sender_signaling,message_encryption,sender,734,false,not_applicable,unclear,gamma=8;p=2^-8;curve=P-256,-1,,not_applicable,not_applicable,unavailable,gc,go1.18.1,Release,JerryZ
2026-08-19T13:47:50.980671743Z,FMD,sender_signaling,fmd_sender_total_signaling,sender,734,false,not_applicable,unclear,gamma=8;p=2^-8;curve=P-256,517854,270,measured,ok,unavailable,gc,go1.18.1,Release,JerryZ
2026-08-19T13:47:50.99250704Z,FMD,sender_signaling,fmd_flag_generation,sender,735,false,not_applicable,unclear,gamma=8;p=2^-8;curve=P-256,699969,269,measured,ok,unavailable,gc,go1.18.1,Release,JerryZ
2026-08-19T13:47:50.994535376Z,FMD,sender_signaling,fmd_sender_preparation,sender,735,false,not_applicable,unclear,gamma=8;p=2^-8;curve=P-256,-1,,not_applicable,not_applicable,unavailable,gc,go1.18.1,Release,JerryZ
2026-08-19T13:47:50.99598496Z,FMD,sender_signaling,message_encryption,sender,735,false,not_applicable,unclear,gamma=8;p=2^-8;curve=P-256,-1,,not_applicable,not_applicable,unavailable,gc,go1.18.1,Release,JerryZ
2026-08-19T13:47:50.998117918Z,FMD,sender_signaling,fmd_sender_total_signaling,sender,735,false,not_applicable,unclear,gamma=8;p=2^-8;curve=P-256,466195,268,measured,ok,unavailable,gc,go1.18.1,Release,JerryZ
2026-08-19T13:47:51.01011844Z,FMD,sender_signaling,fmd_flag_generation,sender,736,false,not_applicable,unclear,gamma=8;p=2^-8;curve=P-256,434392,270,measured,ok,unavailable,gc,go1.18.1,Release,JerryZ
2026-08-19T13:47:51.012330149Z,FMD,sender_signaling,fmd_sender_preparation,sender,736,false,not_applicable,unclear,gamma=8;p=2^-8;curve=P-256,-1,,not_applicable,not_applicable,unavailable,gc,go1.18.1,Release,JerryZ
2026-08-19T13:47:51.013691285Z,FMD,sender_signaling,message_encryption,sender,736,false,not_applicable,unclear,gamma=8;p=2^-8;curve=P-256,-1,,not_applicable,not_applicable,unavailable,gc,go1.18.1,Release,JerryZ
2026-08-19T13:47:51.016500491Z,FMD,sender_signaling,fmd_sender_total_signaling,sender,736,false,not_applicable,unclear,gamma=8;p=2^-8;curve=P-256,844466,268,measured,ok,unavailable,gc,go1.18.1,Release,JerryZ
2026-08-19T13:47:51.029071233Z,FMD,sender_signaling,fmd_flag_generation,sender,737,false,not_applicable,unclear,gamma=8;p=2^-8;curve=P-256,411415,268,measured,ok,unavailable,gc,go1.18.1,Release,JerryZ
2026-08-19T13:47:51.030442724Z,FMD,sender_signaling,fmd_sender_preparation,sender,737,false,not_applicable,unclear,gamma=8;p=2^-8;curve=P-256,-1,,not_applicable,not_applicable,unavailable,gc,go1.18.1,Release,JerryZ
2026-08-19T13:47:51.031903554Z,FMD,sender_signaling,message_encryption,sender,737,false,not_applicable,unclear,gamma=8;p=2^-8;curve=P-256,-1,,not_applicable,not_applicable,unavailable,gc,go1.18.1,Release,JerryZ
2026-08-19T13:47:51.034504553Z,FMD,sender_signaling,fmd_sender_total_signaling,sender,737,false,not_applicable,unclear,gamma=8;p=2^-8;curve=P-256,376240,269,measured,ok,unavailable,gc,go1.18.1,Release,JerryZ
2026-08-19T13:47:51.047371821Z,FMD,sender_signaling,fmd_flag_generation,sender,738,false,not_applicable,unclear,gamma=8;p=2^-8;curve=P-256,1194376,268,measured,ok,unavailable,gc,go1.18.1,Release,JerryZ
2026-08-19T13:47:51.049866748Z,FMD,sender_signaling,fmd_sender_preparation,sender,738,false,not_applicable,unclear,gamma=8;p=2^-8;curve=P-256,-1,,not_applicable,not_applicable,unavailable,gc,go1.18.1,Release,JerryZ
2026-08-19T13:47:51.051627533Z,FMD,sender_signaling,message_encryption,sender,738,false,not_applicable,unclear,gamma=8;p=2^-8;curve=P-256,-1,,not_applicable,not_applicable,unavailable,gc,go1.18.1,Release,JerryZ
2026-08-19T13:47:51.054981941Z,FMD,sender_signaling,fmd_sender_total_signaling,sender,738,false,not_applicable,unclear,gamma=8;p=2^-8;curve=P-256,700565,269,measured,ok,unavailable,gc,go1.18.1,Release,JerryZ
2026-08-19T13:47:51.067793558Z,FMD,sender_signaling,fmd_flag_generation,sender,739,false,not_applicable,unclear,gamma=8;p=2^-8;curve=P-256,746622,269,measured,ok,unavailable,gc,go1.18.1,Release,JerryZ
2026-08-19T13:47:51.069891075Z,FMD,sender_signaling,fmd_sender_preparation,sender,739,false,not_applicable,unclear,gamma=8;p=2^-8;curve=P-256,-1,,not_applicable,not_applicable,unavailable,gc,go1.18.1,Release,JerryZ
2026-08-19T13:47:51.071793493Z,FMD,sender_signaling,message_encryption,sender,739,false,not_applicable,unclear,gamma=8;p=2^-8;curve=P-256,-1,,not_applicable,not_applicable,unavailable,gc,go1.18.1,Release,JerryZ
2026-08-19T13:47:51.085536539Z,FMD,sender_signaling,fmd_sender_total_signaling,sender,739,false,not_applicable,unclear,gamma=8;p=2^-8;curve=P-256,815160,269,measured,ok,unavailable,gc,go1.18.1,Release,JerryZ
2026-08-19T13:47:51.089064281Z,FMD,sender_signaling,fmd_flag_generation,sender,740,false,not_applicable,unclear,gamma=8;p=2^-8;curve=P-256,657897,270,measured,ok,unavailable,gc,go1.18.1,Release,JerryZ
2026-08-19T13:47:51.09059556Z,FMD,sender_signaling,fmd_sender_preparation,sender,740,false,not_applicable,unclear,gamma=8;p=2^-8;curve=P-256,-1,,not_applicable,not_applicable,unavailable,gc,go1.18.1,Release,JerryZ
2026-08-19T13:47:51.101131243Z,FMD,sender_signaling,message_encryption,sender,740,false,not_applicable,unclear,gamma=8;p=2^-8;curve=P-256,-1,,not_applicable,not_applicable,unavailable,gc,go1.18.1,Release,JerryZ
2026-08-19T13:47:51.103410517Z,FMD,sender_signaling,fmd_sender_total_signaling,sender,740,false,not_applicable,unclear,gamma=8;p=2^-8;curve=P-256,415436,270,measured,ok,unavailable,gc,go1.18.1,Release,JerryZ
2026-08-19T13:47:51.106329909Z,FMD,sender_signaling,fmd_flag_generation,sender,741,false,not_applicable,unclear,gamma=8;p=2^-8;curve=P-256,871108,269,measured,ok,unavailable,gc,go1.18.1,Release,JerryZ
2026-08-19T13:47:51.107522509Z,FMD,sender_signaling,fmd_sender_preparation,sender,741,false,not_applicable,unclear,gamma=8;p=2^-8;curve=P-256,-1,,not_applicable,not_applicable,unavailable,gc,go1.18.1,Release,JerryZ
2026-08-19T13:47:51.108640105Z,FMD,sender_signaling,message_encryption,sender,741,false,not_applicable,unclear,gamma=8;p=2^-8;curve=P-256,-1,,not_applicable,not_applicable,unavailable,gc,go1.18.1,Release,JerryZ
2026-08-19T13:47:51.121569419Z,FMD,sender_signaling,fmd_sender_total_signaling,sender,741,false,not_applicable,unclear,gamma=8;p=2^-8;curve=P-256,733406,270,measured,ok,unavailable,gc,go1.18.1,Release,JerryZ
2026-08-19T13:47:51.126740308Z,FMD,sender_signaling,fmd_flag_generation,sender,742,false,not_applicable,unclear,gamma=8;p=2^-8;curve=P-256,846275,269,measured,ok,unavailable,gc,go1.18.1,Release,JerryZ
2026-08-19T13:47:51.138767642Z,FMD,sender_signaling,fmd_sender_preparation,sender,742,false,not_applicable,unclear,gamma=8;p=2^-8;curve=P-256,-1,,not_applicable,not_applicable,unavailable,gc,go1.18.1,Release,JerryZ
2026-08-19T13:47:51.141548156Z,FMD,sender_signaling,message_encryption,sender,742,false,not_applicable,unclear,gamma=8;p=2^-8;curve=P-256,-1,,not_applicable,not_applicable,unavailable,gc,go1.18.1,Release,JerryZ
2026-08-19T13:47:51.14567975Z,FMD,sender_signaling,fmd_sender_total_signaling,sender,742,false,not_applicable,unclear,gamma=8;p=2^-8;curve=P-256,734536,269,measured,ok,unavailable,gc,go1.18.1,Release,JerryZ
2026-08-19T13:47:51.158185869Z,FMD,sender_signaling,fmd_flag_generation,sender,743,false,not_applicable,unclear,gamma=8;p=2^-8;curve=P-256,749919,267,measured,ok,unavailable,gc,go1.18.1,Release,JerryZ
2026-08-19T13:47:51.160139688Z,FMD,sender_signaling,fmd_sender_preparation,sender,743,false,not_applicable,unclear,gamma=8;p=2^-8;curve=P-256,-1,,not_applicable,not_applicable,unavailable,gc,go1.18.1,Release,JerryZ
2026-08-19T13:47:51.162285531Z,FMD,sender_signaling,message_encryption,sender,743,false,not_applicable,unclear,gamma=8;p=2^-8;curve=P-256,-1,,not_applicable,not_applicable,unavailable,gc,go1.18.1,Release,JerryZ
2026-08-19T13:47:51.17560408Z,FMD,sender_signaling,fmd_sender_total_signaling,sender,743,false,not_applicable,unclear,gamma=8;p=2^-8;curve=P-256,812699,267,measured,ok,unavailable,gc,go1.18.1,Release,JerryZ
2026-08-19T13:47:51.179002933Z,FMD,sender_signaling,fmd_flag_generation,sender,744,false,not_applicable,unclear,gamma=8;p=2^-8;curve=P-256,603970,269,measured,ok,unavailable,gc,go1.18.1,Release,JerryZ
2026-08-19T13:47:51.180601281Z,FMD,sender_signaling,fmd_sender_preparation,sender,744,false,not_applicable,unclear,gamma=8;p=2^-8;curve=P-256,-1,,not_applicable,not_applicable,unavailable,gc,go1.18.1,Release,JerryZ
2026-08-19T13:47:51.181929208Z,FMD,sender_signaling,message_encryption,sender,744,false,not_applicable,unclear,gamma=8;p=2^-8;curve=P-256,-1,,not_applicable,not_applicable,unavailable,gc,go1.18.1,Release,JerryZ
2026-08-19T13:47:51.194308019Z,FMD,sender_signaling,fmd_sender_total_signaling,sender,744,false,not_applicable,unclear,gamma=8;p=2^-8;curve=P-256,463597,269,measured,ok,unavailable,gc,go1.18.1,Release,JerryZ
2026-08-19T13:47:51.19665113Z,FMD,sender_signaling,fmd_flag_generation,sender,745,false,not_applicable,unclear,gamma=8;p=2^-8;curve=P-256,473993,271,measured,ok,unavailable,gc,go1.18.1,Release,JerryZ
2026-08-19T13:47:51.197885204Z,FMD,sender_signaling,fmd_sender_preparation,sender,745,false,not_applicable,unclear,gamma=8;p=2^-8;curve=P-256,-1,,not_applicable,not_applicable,unavailable,gc,go1.18.1,Release,JerryZ
2026-08-19T13:47:51.199079319Z,FMD,sender_signaling,message_encryption,sender,745,false,not_applicable,unclear,gamma=8;p=2^-8;curve=P-256,-1,,not_applicable,not_applicable,unavailable,gc,go1.18.1,Release,JerryZ
2026-08-19T13:47:51.211834067Z,FMD,sender_signaling,fmd_sender_total_signaling,sender,745,false,not_applicable,unclear,gamma=8;p=2^-8;curve=P-256,801724,268,measured,ok,unavailable,gc,go1.18.1,Release,JerryZ
2026-08-19T13:47:51.215255177Z,FMD,sender_signaling,fmd_flag_generation,sender,746,false,not_applicable,unclear,gamma=8;p=2^-8;curve=P-256,853576,268,measured,ok,unavailable,gc,go1.18.1,Release,JerryZ
2026-08-19T13:47:51.217472846Z,FMD,sender_signaling,fmd_sender_preparation,sender,746,false,not_applicable,unclear,gamma=8;p=2^-8;curve=P-256,-1,,not_applicable,not_applicable,unavailable,gc,go1.18.1,Release,JerryZ
2026-08-19T13:47:51.228909742Z,FMD,sender_signaling,message_encryption,sender,746,false,not_applicable,unclear,gamma=8;p=2^-8;curve=P-256,-1,,not_applicable,not_applicable,unavailable,gc,go1.18.1,Release,JerryZ
2026-08-19T13:47:51.233698012Z,FMD,sender_signaling,fmd_sender_total_signaling,sender,746,false,not_applicable,unclear,gamma=8;p=2^-8;curve=P-256,777085,269,measured,ok,unavailable,gc,go1.18.1,Release,JerryZ
2026-08-19T13:47:51.23756841Z,FMD,sender_signaling,fmd_flag_generation,sender,747,false,not_applicable,unclear,gamma=8;p=2^-8;curve=P-256,761600,270,measured,ok,unavailable,gc,go1.18.1,Release,JerryZ
2026-08-19T13:47:51.249867801Z,FMD,sender_signaling,fmd_sender_preparation,sender,747,false,not_applicable,unclear,gamma=8;p=2^-8;curve=P-256,-1,,not_applicable,not_applicable,unavailable,gc,go1.18.1,Release,JerryZ
2026-08-19T13:47:51.2525964Z,FMD,sender_signaling,message_encryption,sender,747,false,not_applicable,unclear,gamma=8;p=2^-8;curve=P-256,-1,,not_applicable,not_applicable,unavailable,gc,go1.18.1,Release,JerryZ
2026-08-19T13:47:51.256188328Z,FMD,sender_signaling,fmd_sender_total_signaling,sender,747,false,not_applicable,unclear,gamma=8;p=2^-8;curve=P-256,745924,268,measured,ok,unavailable,gc,go1.18.1,Release,JerryZ
2026-08-19T13:47:51.268344373Z,FMD,sender_signaling,fmd_flag_generation,sender,748,false,not_applicable,unclear,gamma=8;p=2^-8;curve=P-256,693273,269,measured,ok,unavailable,gc,go1.18.1,Release,JerryZ
2026-08-19T13:47:51.270106325Z,FMD,sender_signaling,fmd_sender_preparation,sender,748,false,not_applicable,unclear,gamma=8;p=2^-8;curve=P-256,-1,,not_applicable,not_applicable,unavailable,gc,go1.18.1,Release,JerryZ
2026-08-19T13:47:51.27178273Z,FMD,sender_signaling,message_encryption,sender,748,false,not_applicable,unclear,gamma=8;p=2^-8;curve=P-256,-1,,not_applicable,not_applicable,unavailable,gc,go1.18.1,Release,JerryZ
2026-08-19T13:47:51.274275237Z,FMD,sender_signaling,fmd_sender_total_signaling,sender,748,false,not_applicable,unclear,gamma=8;p=2^-8;curve=P-256,496254,270,measured,ok,unavailable,gc,go1.18.1,Release,JerryZ
2026-08-19T13:47:51.28531971Z,FMD,sender_signaling,fmd_flag_generation,sender,749,false,not_applicable,unclear,gamma=8;p=2^-8;curve=P-256,409449,268,measured,ok,unavailable,gc,go1.18.1,Release,JerryZ
2026-08-19T13:47:51.286877324Z,FMD,sender_signaling,fmd_sender_preparation,sender,749,false,not_applicable,unclear,gamma=8;p=2^-8;curve=P-256,-1,,not_applicable,not_applicable,unavailable,gc,go1.18.1,Release,JerryZ
2026-08-19T13:47:51.288493686Z,FMD,sender_signaling,message_encryption,sender,749,false,not_applicable,unclear,gamma=8;p=2^-8;curve=P-256,-1,,not_applicable,not_applicable,unavailable,gc,go1.18.1,Release,JerryZ
2026-08-19T13:47:51.291314027Z,FMD,sender_signaling,fmd_sender_total_signaling,sender,749,false,not_applicable,unclear,gamma=8;p=2^-8;curve=P-256,812543,270,measured,ok,unavailable,gc,go1.18.1,Release,JerryZ
2026-08-19T13:47:51.304206026Z,FMD,sender_signaling,fmd_flag_generation,sender,750,false,not_applicable,unclear,gamma=8;p=2^-8;curve=P-256,797243,270,measured,ok,unavailable,gc,go1.18.1,Release,JerryZ
2026-08-19T13:47:51.305860836Z,FMD,sender_signaling,fmd_sender_preparation,sender,750,false,not_applicable,unclear,gamma=8;p=2^-8;curve=P-256,-1,,not_applicable,not_applicable,unavailable,gc,go1.18.1,Release,JerryZ
2026-08-19T13:47:51.308163822Z,FMD,sender_signaling,message_encryption,sender,750,false,not_applicable,unclear,gamma=8;p=2^-8;curve=P-256,-1,,not_applicable,not_applicable,unavailable,gc,go1.18.1,Release,JerryZ
2026-08-19T13:47:51.310643522Z,FMD,sender_signaling,fmd_sender_total_signaling,sender,750,false,not_applicable,unclear,gamma=8;p=2^-8;curve=P-256,432849,269,measured,ok,unavailable,gc,go1.18.1,Release,JerryZ
2026-08-19T13:47:51.32340019Z,FMD,sender_signaling,fmd_flag_generation,sender,751,false,not_applicable,unclear,gamma=8;p=2^-8;curve=P-256,534072,270,measured,ok,unavailable,gc,go1.18.1,Release,JerryZ
2026-08-19T13:47:51.324852539Z,FMD,sender_signaling,fmd_sender_preparation,sender,751,false,not_applicable,unclear,gamma=8;p=2^-8;curve=P-256,-1,,not_applicable,not_applicable,unavailable,gc,go1.18.1,Release,JerryZ
2026-08-19T13:47:51.326582678Z,FMD,sender_signaling,message_encryption,sender,751,false,not_applicable,unclear,gamma=8;p=2^-8;curve=P-256,-1,,not_applicable,not_applicable,unavailable,gc,go1.18.1,Release,JerryZ
2026-08-19T13:47:51.329540099Z,FMD,sender_signaling,fmd_sender_total_signaling,sender,751,false,not_applicable,unclear,gamma=8;p=2^-8;curve=P-256,480982,269,measured,ok,unavailable,gc,go1.18.1,Release,JerryZ
2026-08-19T13:47:51.341503898Z,FMD,sender_signaling,fmd_flag_generation,sender,752,false,not_applicable,unclear,gamma=8;p=2^-8;curve=P-256,569109,269,measured,ok,unavailable,gc,go1.18.1,Release,JerryZ
2026-08-19T13:47:51.343125485Z,FMD,sender_signaling,fmd_sender_preparation,sender,752,false,not_applicable,unclear,gamma=8;p=2^-8;curve=P-256,-1,,not_applicable,not_applicable,unavailable,gc,go1.18.1,Release,JerryZ
2026-08-19T13:47:51.344707068Z,FMD,sender_signaling,message_encryption,sender,752,false,not_applicable,unclear,gamma=8;p=2^-8;curve=P-256,-1,,not_applicable,not_applicable,unavailable,gc,go1.18.1,Release,JerryZ
2026-08-19T13:47:51.34732322Z,FMD,sender_signaling,fmd_sender_total_signaling,sender,752,false,not_applicable,unclear,gamma=8;p=2^-8;curve=P-256,509102,267,measured,ok,unavailable,gc,go1.18.1,Release,JerryZ
2026-08-19T13:47:51.359210553Z,FMD,sender_signaling,fmd_flag_generation,sender,753,false,not_applicable,unclear,gamma=8;p=2^-8;curve=P-256,513593,270,measured,ok,unavailable,gc,go1.18.1,Release,JerryZ
2026-08-19T13:47:51.361399201Z,FMD,sender_signaling,fmd_sender_preparation,sender,753,false,not_applicable,unclear,gamma=8;p=2^-8;curve=P-256,-1,,not_applicable,not_applicable,unavailable,gc,go1.18.1,Release,JerryZ
2026-08-19T13:47:51.362740371Z,FMD,sender_signaling,message_encryption,sender,753,false,not_applicable,unclear,gamma=8;p=2^-8;curve=P-256,-1,,not_applicable,not_applicable,unavailable,gc,go1.18.1,Release,JerryZ
2026-08-19T13:47:51.365213495Z,FMD,sender_signaling,fmd_sender_total_signaling,sender,753,false,not_applicable,unclear,gamma=8;p=2^-8;curve=P-256,436064,268,measured,ok,unavailable,gc,go1.18.1,Release,JerryZ
2026-08-19T13:47:51.378113494Z,FMD,sender_signaling,fmd_flag_generation,sender,754,false,not_applicable,unclear,gamma=8;p=2^-8;curve=P-256,452943,269,measured,ok,unavailable,gc,go1.18.1,Release,JerryZ
2026-08-19T13:47:51.379431164Z,FMD,sender_signaling,fmd_sender_preparation,sender,754,false,not_applicable,unclear,gamma=8;p=2^-8;curve=P-256,-1,,not_applicable,not_applicable,unavailable,gc,go1.18.1,Release,JerryZ
2026-08-19T13:47:51.381022308Z,FMD,sender_signaling,message_encryption,sender,754,false,not_applicable,unclear,gamma=8;p=2^-8;curve=P-256,-1,,not_applicable,not_applicable,unavailable,gc,go1.18.1,Release,JerryZ
2026-08-19T13:47:51.383559654Z,FMD,sender_signaling,fmd_sender_total_signaling,sender,754,false,not_applicable,unclear,gamma=8;p=2^-8;curve=P-256,543909,270,measured,ok,unavailable,gc,go1.18.1,Release,JerryZ
2026-08-19T13:47:51.395914339Z,FMD,sender_signaling,fmd_flag_generation,sender,755,false,not_applicable,unclear,gamma=8;p=2^-8;curve=P-256,631880,270,measured,ok,unavailable,gc,go1.18.1,Release,JerryZ
2026-08-19T13:47:51.397288222Z,FMD,sender_signaling,fmd_sender_preparation,sender,755,false,not_applicable,unclear,gamma=8;p=2^-8;curve=P-256,-1,,not_applicable,not_applicable,unavailable,gc,go1.18.1,Release,JerryZ
2026-08-19T13:47:51.399313523Z,FMD,sender_signaling,message_encryption,sender,755,false,not_applicable,unclear,gamma=8;p=2^-8;curve=P-256,-1,,not_applicable,not_applicable,unavailable,gc,go1.18.1,Release,JerryZ
2026-08-19T13:47:51.401803817Z,FMD,sender_signaling,fmd_sender_total_signaling,sender,755,false,not_applicable,unclear,gamma=8;p=2^-8;curve=P-256,489463,270,measured,ok,unavailable,gc,go1.18.1,Release,JerryZ
2026-08-19T13:47:51.413285199Z,FMD,sender_signaling,fmd_flag_generation,sender,756,false,not_applicable,unclear,gamma=8;p=2^-8;curve=P-256,512757,269,measured,ok,unavailable,gc,go1.18.1,Release,JerryZ
2026-08-19T13:47:51.415365616Z,FMD,sender_signaling,fmd_sender_preparation,sender,756,false,not_applicable,unclear,gamma=8;p=2^-8;curve=P-256,-1,,not_applicable,not_applicable,unavailable,gc,go1.18.1,Release,JerryZ
2026-08-19T13:47:51.418024115Z,FMD,sender_signaling,message_encryption,sender,756,false,not_applicable,unclear,gamma=8;p=2^-8;curve=P-256,-1,,not_applicable,not_applicable,unavailable,gc,go1.18.1,Release,JerryZ
2026-08-19T13:47:51.42011322Z,FMD,sender_signaling,fmd_sender_total_signaling,sender,756,false,not_applicable,unclear,gamma=8;p=2^-8;curve=P-256,433805,268,measured,ok,unavailable,gc,go1.18.1,Release,JerryZ
2026-08-19T13:47:51.432520799Z,FMD,sender_signaling,fmd_flag_generation,sender,757,false,not_applicable,unclear,gamma=8;p=2^-8;curve=P-256,461723,268,measured,ok,unavailable,gc,go1.18.1,Release,JerryZ
2026-08-19T13:47:51.434182432Z,FMD,sender_signaling,fmd_sender_preparation,sender,757,false,not_applicable,unclear,gamma=8;p=2^-8;curve=P-256,-1,,not_applicable,not_applicable,unavailable,gc,go1.18.1,Release,JerryZ
2026-08-19T13:47:51.435475906Z,FMD,sender_signaling,message_encryption,sender,757,false,not_applicable,unclear,gamma=8;p=2^-8;curve=P-256,-1,,not_applicable,not_applicable,unavailable,gc,go1.18.1,Release,JerryZ
2026-08-19T13:47:51.437593564Z,FMD,sender_signaling,fmd_sender_total_signaling,sender,757,false,not_applicable,unclear,gamma=8;p=2^-8;curve=P-256,437515,267,measured,ok,unavailable,gc,go1.18.1,Release,JerryZ
2026-08-19T13:47:51.439593752Z,FMD,sender_signaling,fmd_flag_generation,sender,758,false,not_applicable,unclear,gamma=8;p=2^-8;curve=P-256,391311,269,measured,ok,unavailable,gc,go1.18.1,Release,JerryZ
2026-08-19T13:47:51.451612238Z,FMD,sender_signaling,fmd_sender_preparation,sender,758,false,not_applicable,unclear,gamma=8;p=2^-8;curve=P-256,-1,,not_applicable,not_applicable,unavailable,gc,go1.18.1,Release,JerryZ
2026-08-19T13:47:51.45285442Z,FMD,sender_signaling,message_encryption,sender,758,false,not_applicable,unclear,gamma=8;p=2^-8;curve=P-256,-1,,not_applicable,not_applicable,unavailable,gc,go1.18.1,Release,JerryZ
2026-08-19T13:47:51.454755355Z,FMD,sender_signaling,fmd_sender_total_signaling,sender,758,false,not_applicable,unclear,gamma=8;p=2^-8;curve=P-256,378812,270,measured,ok,unavailable,gc,go1.18.1,Release,JerryZ
2026-08-19T13:47:51.456568773Z,FMD,sender_signaling,fmd_flag_generation,sender,759,false,not_applicable,unclear,gamma=8;p=2^-8;curve=P-256,351876,271,measured,ok,unavailable,gc,go1.18.1,Release,JerryZ
2026-08-19T13:47:51.467551577Z,FMD,sender_signaling,fmd_sender_preparation,sender,759,false,not_applicable,unclear,gamma=8;p=2^-8;curve=P-256,-1,,not_applicable,not_applicable,unavailable,gc,go1.18.1,Release,JerryZ
2026-08-19T13:47:51.4688575Z,FMD,sender_signaling,message_encryption,sender,759,false,not_applicable,unclear,gamma=8;p=2^-8;curve=P-256,-1,,not_applicable,not_applicable,unavailable,gc,go1.18.1,Release,JerryZ
2026-08-19T13:47:51.470981806Z,FMD,sender_signaling,fmd_sender_total_signaling,sender,759,false,not_applicable,unclear,gamma=8;p=2^-8;curve=P-256,409256,270,measured,ok,unavailable,gc,go1.18.1,Release,JerryZ
2026-08-19T13:47:51.473020566Z,FMD,sender_signaling,fmd_flag_generation,sender,760,false,not_applicable,unclear,gamma=8;p=2^-8;curve=P-256,374763,269,measured,ok,unavailable,gc,go1.18.1,Release,JerryZ
2026-08-19T13:47:51.475126542Z,FMD,sender_signaling,fmd_sender_preparation,sender,760,false,not_applicable,unclear,gamma=8;p=2^-8;curve=P-256,-1,,not_applicable,not_applicable,unavailable,gc,go1.18.1,Release,JerryZ
2026-08-19T13:47:51.485929785Z,FMD,sender_signaling,message_encryption,sender,760,false,not_applicable,unclear,gamma=8;p=2^-8;curve=P-256,-1,,not_applicable,not_applicable,unavailable,gc,go1.18.1,Release,JerryZ
2026-08-19T13:47:51.488253334Z,FMD,sender_signaling,fmd_sender_total_signaling,sender,760,false,not_applicable,unclear,gamma=8;p=2^-8;curve=P-256,386416,269,measured,ok,unavailable,gc,go1.18.1,Release,JerryZ
2026-08-19T13:47:51.491571861Z,FMD,sender_signaling,fmd_flag_generation,sender,761,false,not_applicable,unclear,gamma=8;p=2^-8;curve=P-256,993683,270,measured,ok,unavailable,gc,go1.18.1,Release,JerryZ
2026-08-19T13:47:51.493245236Z,FMD,sender_signaling,fmd_sender_preparation,sender,761,false,not_applicable,unclear,gamma=8;p=2^-8;curve=P-256,-1,,not_applicable,not_applicable,unavailable,gc,go1.18.1,Release,JerryZ
2026-08-19T13:47:51.504550464Z,FMD,sender_signaling,message_encryption,sender,761,false,not_applicable,unclear,gamma=8;p=2^-8;curve=P-256,-1,,not_applicable,not_applicable,unavailable,gc,go1.18.1,Release,JerryZ
2026-08-19T13:47:51.508875275Z,FMD,sender_signaling,fmd_sender_total_signaling,sender,761,false,not_applicable,unclear,gamma=8;p=2^-8;curve=P-256,980956,269,measured,ok,unavailable,gc,go1.18.1,Release,JerryZ
2026-08-19T13:47:51.512967718Z,FMD,sender_signaling,fmd_flag_generation,sender,762,false,not_applicable,unclear,gamma=8;p=2^-8;curve=P-256,863651,270,measured,ok,unavailable,gc,go1.18.1,Release,JerryZ
2026-08-19T13:47:51.524330944Z,FMD,sender_signaling,fmd_sender_preparation,sender,762,false,not_applicable,unclear,gamma=8;p=2^-8;curve=P-256,-1,,not_applicable,not_applicable,unavailable,gc,go1.18.1,Release,JerryZ
2026-08-19T13:47:51.526161912Z,FMD,sender_signaling,message_encryption,sender,762,false,not_applicable,unclear,gamma=8;p=2^-8;curve=P-256,-1,,not_applicable,not_applicable,unavailable,gc,go1.18.1,Release,JerryZ
2026-08-19T13:47:51.529617167Z,FMD,sender_signaling,fmd_sender_total_signaling,sender,762,false,not_applicable,unclear,gamma=8;p=2^-8;curve=P-256,744491,269,measured,ok,unavailable,gc,go1.18.1,Release,JerryZ
2026-08-19T13:47:51.542894403Z,FMD,sender_signaling,fmd_flag_generation,sender,763,false,not_applicable,unclear,gamma=8;p=2^-8;curve=P-256,687277,269,measured,ok,unavailable,gc,go1.18.1,Release,JerryZ
2026-08-19T13:47:51.544883483Z,FMD,sender_signaling,fmd_sender_preparation,sender,763,false,not_applicable,unclear,gamma=8;p=2^-8;curve=P-256,-1,,not_applicable,not_applicable,unavailable,gc,go1.18.1,Release,JerryZ
2026-08-19T13:47:51.546402277Z,FMD,sender_signaling,message_encryption,sender,763,false,not_applicable,unclear,gamma=8;p=2^-8;curve=P-256,-1,,not_applicable,not_applicable,unavailable,gc,go1.18.1,Release,JerryZ
2026-08-19T13:47:51.548768649Z,FMD,sender_signaling,fmd_sender_total_signaling,sender,763,false,not_applicable,unclear,gamma=8;p=2^-8;curve=P-256,509901,267,measured,ok,unavailable,gc,go1.18.1,Release,JerryZ
2026-08-19T13:47:51.561617646Z,FMD,sender_signaling,fmd_flag_generation,sender,764,false,not_applicable,unclear,gamma=8;p=2^-8;curve=P-256,780069,269,measured,ok,unavailable,gc,go1.18.1,Release,JerryZ
2026-08-19T13:47:51.562996144Z,FMD,sender_signaling,fmd_sender_preparation,sender,764,false,not_applicable,unclear,gamma=8;p=2^-8;curve=P-256,-1,,not_applicable,not_applicable,unavailable,gc,go1.18.1,Release,JerryZ
2026-08-19T13:47:51.564316155Z,FMD,sender_signaling,message_encryption,sender,764,false,not_applicable,unclear,gamma=8;p=2^-8;curve=P-256,-1,,not_applicable,not_applicable,unavailable,gc,go1.18.1,Release,JerryZ
2026-08-19T13:47:51.567422464Z,FMD,sender_signaling,fmd_sender_total_signaling,sender,764,false,not_applicable,unclear,gamma=8;p=2^-8;curve=P-256,853200,270,measured,ok,unavailable,gc,go1.18.1,Release,JerryZ
2026-08-19T13:47:51.579262932Z,FMD,sender_signaling,fmd_flag_generation,sender,765,false,not_applicable,unclear,gamma=8;p=2^-8;curve=P-256,375046,270,measured,ok,unavailable,gc,go1.18.1,Release,JerryZ
2026-08-19T13:47:51.580646462Z,FMD,sender_signaling,fmd_sender_preparation,sender,765,false,not_applicable,unclear,gamma=8;p=2^-8;curve=P-256,-1,,not_applicable,not_applicable,unavailable,gc,go1.18.1,Release,JerryZ
2026-08-19T13:47:51.582339972Z,FMD,sender_signaling,message_encryption,sender,765,false,not_applicable,unclear,gamma=8;p=2^-8;curve=P-256,-1,,not_applicable,not_applicable,unavailable,gc,go1.18.1,Release,JerryZ
2026-08-19T13:47:51.584593164Z,FMD,sender_signaling,fmd_sender_total_signaling,sender,765,false,not_applicable,unclear,gamma=8;p=2^-8;curve=P-256,414877,269,measured,ok,unavailable,gc,go1.18.1,Release,JerryZ
2026-08-19T13:47:51.597164797Z,FMD,sender_signaling,fmd_flag_generation,sender,766,false,not_applicable,unclear,gamma=8;p=2^-8;curve=P-256,656189,270,measured,ok,unavailable,gc,go1.18.1,Release,JerryZ
2026-08-19T13:47:51.599895572Z,FMD,sender_signaling,fmd_sender_preparation,sender,766,false,not_applicable,unclear,gamma=8;p=2^-8;curve=P-256,-1,,not_applicable,not_applicable,unavailable,gc,go1.18.1,Release,JerryZ
2026-08-19T13:47:51.602284243Z,FMD,sender_signaling,message_encryption,sender,766,false,not_applicable,unclear,gamma=8;p=2^-8;curve=P-256,-1,,not_applicable,not_applicable,unavailable,gc,go1.18.1,Release,JerryZ
2026-08-19T13:47:51.605954867Z,FMD,sender_signaling,fmd_sender_total_signaling,sender,766,false,not_applicable,unclear,gamma=8;p=2^-8;curve=P-256,903600,269,measured,ok,unavailable,gc,go1.18.1,Release,JerryZ
2026-08-19T13:47:51.616652017Z,FMD,sender_signaling,fmd_flag_generation,sender,767,false,not_applicable,unclear,gamma=8;p=2^-8;curve=P-256,592675,269,measured,ok,unavailable,gc,go1.18.1,Release,JerryZ
2026-08-19T13:47:51.61835279Z,FMD,sender_signaling,fmd_sender_preparation,sender,767,false,not_applicable,unclear,gamma=8;p=2^-8;curve=P-256,-1,,not_applicable,not_applicable,unavailable,gc,go1.18.1,Release,JerryZ
2026-08-19T13:47:51.619912089Z,FMD,sender_signaling,message_encryption,sender,767,false,not_applicable,unclear,gamma=8;p=2^-8;curve=P-256,-1,,not_applicable,not_applicable,unavailable,gc,go1.18.1,Release,JerryZ
2026-08-19T13:47:51.622612916Z,FMD,sender_signaling,fmd_sender_total_signaling,sender,767,false,not_applicable,unclear,gamma=8;p=2^-8;curve=P-256,439994,269,measured,ok,unavailable,gc,go1.18.1,Release,JerryZ
2026-08-19T13:47:51.634813722Z,FMD,sender_signaling,fmd_flag_generation,sender,768,false,not_applicable,unclear,gamma=8;p=2^-8;curve=P-256,1067567,270,measured,ok,unavailable,gc,go1.18.1,Release,JerryZ
2026-08-19T13:47:51.636614567Z,FMD,sender_signaling,fmd_sender_preparation,sender,768,false,not_applicable,unclear,gamma=8;p=2^-8;curve=P-256,-1,,not_applicable,not_applicable,unavailable,gc,go1.18.1,Release,JerryZ
2026-08-19T13:47:51.638120016Z,FMD,sender_signaling,message_encryption,sender,768,false,not_applicable,unclear,gamma=8;p=2^-8;curve=P-256,-1,,not_applicable,not_applicable,unavailable,gc,go1.18.1,Release,JerryZ
2026-08-19T13:47:51.641156538Z,FMD,sender_signaling,fmd_sender_total_signaling,sender,768,false,not_applicable,unclear,gamma=8;p=2^-8;curve=P-256,567088,270,measured,ok,unavailable,gc,go1.18.1,Release,JerryZ
2026-08-19T13:47:51.654114332Z,FMD,sender_signaling,fmd_flag_generation,sender,769,false,not_applicable,unclear,gamma=8;p=2^-8;curve=P-256,751104,271,measured,ok,unavailable,gc,go1.18.1,Release,JerryZ
2026-08-19T13:47:51.656195337Z,FMD,sender_signaling,fmd_sender_preparation,sender,769,false,not_applicable,unclear,gamma=8;p=2^-8;curve=P-256,-1,,not_applicable,not_applicable,unavailable,gc,go1.18.1,Release,JerryZ
2026-08-19T13:47:51.658063609Z,FMD,sender_signaling,message_encryption,sender,769,false,not_applicable,unclear,gamma=8;p=2^-8;curve=P-256,-1,,not_applicable,not_applicable,unavailable,gc,go1.18.1,Release,JerryZ
2026-08-19T13:47:51.670557383Z,FMD,sender_signaling,fmd_sender_total_signaling,sender,769,false,not_applicable,unclear,gamma=8;p=2^-8;curve=P-256,838735,268,measured,ok,unavailable,gc,go1.18.1,Release,JerryZ
2026-08-19T13:47:51.673680837Z,FMD,sender_signaling,fmd_flag_generation,sender,770,false,not_applicable,unclear,gamma=8;p=2^-8;curve=P-256,803956,269,measured,ok,unavailable,gc,go1.18.1,Release,JerryZ
2026-08-19T13:47:51.675600521Z,FMD,sender_signaling,fmd_sender_preparation,sender,770,false,not_applicable,unclear,gamma=8;p=2^-8;curve=P-256,-1,,not_applicable,not_applicable,unavailable,gc,go1.18.1,Release,JerryZ
2026-08-19T13:47:51.676831219Z,FMD,sender_signaling,message_encryption,sender,770,false,not_applicable,unclear,gamma=8;p=2^-8;curve=P-256,-1,,not_applicable,not_applicable,unavailable,gc,go1.18.1,Release,JerryZ
2026-08-19T13:47:51.691270436Z,FMD,sender_signaling,fmd_sender_total_signaling,sender,770,false,not_applicable,unclear,gamma=8;p=2^-8;curve=P-256,820248,269,measured,ok,unavailable,gc,go1.18.1,Release,JerryZ
2026-08-19T13:47:51.695190968Z,FMD,sender_signaling,fmd_flag_generation,sender,771,false,not_applicable,unclear,gamma=8;p=2^-8;curve=P-256,779040,269,measured,ok,unavailable,gc,go1.18.1,Release,JerryZ
2026-08-19T13:47:51.707542213Z,FMD,sender_signaling,fmd_sender_preparation,sender,771,false,not_applicable,unclear,gamma=8;p=2^-8;curve=P-256,-1,,not_applicable,not_applicable,unavailable,gc,go1.18.1,Release,JerryZ
2026-08-19T13:47:51.709843955Z,FMD,sender_signaling,message_encryption,sender,771,false,not_applicable,unclear,gamma=8;p=2^-8;curve=P-256,-1,,not_applicable,not_applicable,unavailable,gc,go1.18.1,Release,JerryZ
2026-08-19T13:47:51.713212097Z,FMD,sender_signaling,fmd_sender_total_signaling,sender,771,false,not_applicable,unclear,gamma=8;p=2^-8;curve=P-256,733480,270,measured,ok,unavailable,gc,go1.18.1,Release,JerryZ
2026-08-19T13:47:51.726008485Z,FMD,sender_signaling,fmd_flag_generation,sender,772,false,not_applicable,unclear,gamma=8;p=2^-8;curve=P-256,790392,271,measured,ok,unavailable,gc,go1.18.1,Release,JerryZ
2026-08-19T13:47:51.728403336Z,FMD,sender_signaling,fmd_sender_preparation,sender,772,false,not_applicable,unclear,gamma=8;p=2^-8;curve=P-256,-1,,not_applicable,not_applicable,unavailable,gc,go1.18.1,Release,JerryZ
2026-08-19T13:47:51.730491073Z,FMD,sender_signaling,message_encryption,sender,772,false,not_applicable,unclear,gamma=8;p=2^-8;curve=P-256,-1,,not_applicable,not_applicable,unavailable,gc,go1.18.1,Release,JerryZ
2026-08-19T13:47:51.733030936Z,FMD,sender_signaling,fmd_sender_total_signaling,sender,772,false,not_applicable,unclear,gamma=8;p=2^-8;curve=P-256,551963,269,measured,ok,unavailable,gc,go1.18.1,Release,JerryZ
2026-08-19T13:47:51.744620062Z,FMD,sender_signaling,fmd_flag_generation,sender,773,false,not_applicable,unclear,gamma=8;p=2^-8;curve=P-256,487685,269,measured,ok,unavailable,gc,go1.18.1,Release,JerryZ
2026-08-19T13:47:51.74636349Z,FMD,sender_signaling,fmd_sender_preparation,sender,773,false,not_applicable,unclear,gamma=8;p=2^-8;curve=P-256,-1,,not_applicable,not_applicable,unavailable,gc,go1.18.1,Release,JerryZ
2026-08-19T13:47:51.748304416Z,FMD,sender_signaling,message_encryption,sender,773,false,not_applicable,unclear,gamma=8;p=2^-8;curve=P-256,-1,,not_applicable,not_applicable,unavailable,gc,go1.18.1,Release,JerryZ
2026-08-19T13:47:51.751422626Z,FMD,sender_signaling,fmd_sender_total_signaling,sender,773,false,not_applicable,unclear,gamma=8;p=2^-8;curve=P-256,591398,269,measured,ok,unavailable,gc,go1.18.1,Release,JerryZ
2026-08-19T13:47:51.763091679Z,FMD,sender_signaling,fmd_flag_generation,sender,774,false,not_applicable,unclear,gamma=8;p=2^-8;curve=P-256,738705,269,measured,ok,unavailable,gc,go1.18.1,Release,JerryZ
2026-08-19T13:47:51.764683832Z,FMD,sender_signaling,fmd_sender_preparation,sender,774,false,not_applicable,unclear,gamma=8;p=2^-8;curve=P-256,-1,,not_applicable,not_applicable,unavailable,gc,go1.18.1,Release,JerryZ
2026-08-19T13:47:51.767013951Z,FMD,sender_signaling,message_encryption,sender,774,false,not_applicable,unclear,gamma=8;p=2^-8;curve=P-256,-1,,not_applicable,not_applicable,unavailable,gc,go1.18.1,Release,JerryZ
2026-08-19T13:47:51.769585847Z,FMD,sender_signaling,fmd_sender_total_signaling,sender,774,false,not_applicable,unclear,gamma=8;p=2^-8;curve=P-256,464883,269,measured,ok,unavailable,gc,go1.18.1,Release,JerryZ
2026-08-19T13:47:51.782853349Z,FMD,sender_signaling,fmd_flag_generation,sender,775,false,not_applicable,unclear,gamma=8;p=2^-8;curve=P-256,925412,269,measured,ok,unavailable,gc,go1.18.1,Release,JerryZ
2026-08-19T13:47:51.785749799Z,FMD,sender_signaling,fmd_sender_preparation,sender,775,false,not_applicable,unclear,gamma=8;p=2^-8;curve=P-256,-1,,not_applicable,not_applicable,unavailable,gc,go1.18.1,Release,JerryZ
2026-08-19T13:47:51.797442524Z,FMD,sender_signaling,message_encryption,sender,775,false,not_applicable,unclear,gamma=8;p=2^-8;curve=P-256,-1,,not_applicable,not_applicable,unavailable,gc,go1.18.1,Release,JerryZ
2026-08-19T13:47:51.801295258Z,FMD,sender_signaling,fmd_sender_total_signaling,sender,775,false,not_applicable,unclear,gamma=8;p=2^-8;curve=P-256,709565,270,measured,ok,unavailable,gc,go1.18.1,Release,JerryZ
2026-08-19T13:47:51.804431377Z,FMD,sender_signaling,fmd_flag_generation,sender,776,false,not_applicable,unclear,gamma=8;p=2^-8;curve=P-256,605954,268,measured,ok,unavailable,gc,go1.18.1,Release,JerryZ
2026-08-19T13:47:51.815913535Z,FMD,sender_signaling,fmd_sender_preparation,sender,776,false,not_applicable,unclear,gamma=8;p=2^-8;curve=P-256,-1,,not_applicable,not_applicable,unavailable,gc,go1.18.1,Release,JerryZ
2026-08-19T13:47:51.818348134Z,FMD,sender_signaling,message_encryption,sender,776,false,not_applicable,unclear,gamma=8;p=2^-8;curve=P-256,-1,,not_applicable,not_applicable,unavailable,gc,go1.18.1,Release,JerryZ
2026-08-19T13:47:51.821513847Z,FMD,sender_signaling,fmd_sender_total_signaling,sender,776,false,not_applicable,unclear,gamma=8;p=2^-8;curve=P-256,650339,269,measured,ok,unavailable,gc,go1.18.1,Release,JerryZ
2026-08-19T13:47:51.825182267Z,FMD,sender_signaling,fmd_flag_generation,sender,777,false,not_applicable,unclear,gamma=8;p=2^-8;curve=P-256,649182,268,measured,ok,unavailable,gc,go1.18.1,Release,JerryZ
2026-08-19T13:47:51.836829069Z,FMD,sender_signaling,fmd_sender_preparation,sender,777,false,not_applicable,unclear,gamma=8;p=2^-8;curve=P-256,-1,,not_applicable,not_applicable,unavailable,gc,go1.18.1,Release,JerryZ
2026-08-19T13:47:51.838026945Z,FMD,sender_signaling,message_encryption,sender,777,false,not_applicable,unclear,gamma=8;p=2^-8;curve=P-256,-1,,not_applicable,not_applicable,unavailable,gc,go1.18.1,Release,JerryZ
2026-08-19T13:47:51.840360421Z,FMD,sender_signaling,fmd_sender_total_signaling,sender,777,false,not_applicable,unclear,gamma=8;p=2^-8;curve=P-256,413453,269,measured,ok,unavailable,gc,go1.18.1,Release,JerryZ
2026-08-19T13:47:51.84378773Z,FMD,sender_signaling,fmd_flag_generation,sender,778,false,not_applicable,unclear,gamma=8;p=2^-8;curve=P-256,434530,269,measured,ok,unavailable,gc,go1.18.1,Release,JerryZ
2026-08-19T13:47:51.854732119Z,FMD,sender_signaling,fmd_sender_preparation,sender,778,false,not_applicable,unclear,gamma=8;p=2^-8;curve=P-256,-1,,not_applicable,not_applicable,unavailable,gc,go1.18.1,Release,JerryZ
2026-08-19T13:47:51.856548347Z,FMD,sender_signaling,message_encryption,sender,778,false,not_applicable,unclear,gamma=8;p=2^-8;curve=P-256,-1,,not_applicable,not_applicable,unavailable,gc,go1.18.1,Release,JerryZ
2026-08-19T13:47:51.859623339Z,FMD,sender_signaling,fmd_sender_total_signaling,sender,778,false,not_applicable,unclear,gamma=8;p=2^-8;curve=P-256,570753,269,measured,ok,unavailable,gc,go1.18.1,Release,JerryZ
2026-08-19T13:47:51.862245185Z,FMD,sender_signaling,fmd_flag_generation,sender,779,false,not_applicable,unclear,gamma=8;p=2^-8;curve=P-256,523466,269,measured,ok,unavailable,gc,go1.18.1,Release,JerryZ
2026-08-19T13:47:51.874344883Z,FMD,sender_signaling,fmd_sender_preparation,sender,779,false,not_applicable,unclear,gamma=8;p=2^-8;curve=P-256,-1,,not_applicable,not_applicable,unavailable,gc,go1.18.1,Release,JerryZ
2026-08-19T13:47:51.876970238Z,FMD,sender_signaling,message_encryption,sender,779,false,not_applicable,unclear,gamma=8;p=2^-8;curve=P-256,-1,,not_applicable,not_applicable,unavailable,gc,go1.18.1,Release,JerryZ
2026-08-19T13:47:51.880299952Z,FMD,sender_signaling,fmd_sender_total_signaling,sender,779,false,not_applicable,unclear,gamma=8;p=2^-8;curve=P-256,754098,269,measured,ok,unavailable,gc,go1.18.1,Release,JerryZ
2026-08-19T13:47:51.892752941Z,FMD,sender_signaling,fmd_flag_generation,sender,780,false,not_applicable,unclear,gamma=8;p=2^-8;curve=P-256,742360,269,measured,ok,unavailable,gc,go1.18.1,Release,JerryZ
2026-08-19T13:47:51.895029005Z,FMD,sender_signaling,fmd_sender_preparation,sender,780,false,not_applicable,unclear,gamma=8;p=2^-8;curve=P-256,-1,,not_applicable,not_applicable,unavailable,gc,go1.18.1,Release,JerryZ
2026-08-19T13:47:51.896805398Z,FMD,sender_signaling,message_encryption,sender,780,false,not_applicable,unclear,gamma=8;p=2^-8;curve=P-256,-1,,not_applicable,not_applicable,unavailable,gc,go1.18.1,Release,JerryZ
2026-08-19T13:47:51.909711532Z,FMD,sender_signaling,fmd_sender_total_signaling,sender,780,false,not_applicable,unclear,gamma=8;p=2^-8;curve=P-256,825979,269,measured,ok,unavailable,gc,go1.18.1,Release,JerryZ
2026-08-19T13:47:51.913236262Z,FMD,sender_signaling,fmd_flag_generation,sender,781,false,not_applicable,unclear,gamma=8;p=2^-8;curve=P-256,434668,269,measured,ok,unavailable,gc,go1.18.1,Release,JerryZ
2026-08-19T13:47:51.914824484Z,FMD,sender_signaling,fmd_sender_preparation,sender,781,false,not_applicable,unclear,gamma=8;p=2^-8;curve=P-256,-1,,not_applicable,not_applicable,unavailable,gc,go1.18.1,Release,JerryZ
2026-08-19T13:47:51.916144146Z,FMD,sender_signaling,message_encryption,sender,781,false,not_applicable,unclear,gamma=8;p=2^-8;curve=P-256,-1,,not_applicable,not_applicable,unavailable,gc,go1.18.1,Release,JerryZ
2026-08-19T13:47:51.928995959Z,FMD,sender_signaling,fmd_sender_total_signaling,sender,781,false,not_applicable,unclear,gamma=8;p=2^-8;curve=P-256,441840,268,measured,ok,unavailable,gc,go1.18.1,Release,JerryZ
2026-08-19T13:47:51.932137534Z,FMD,sender_signaling,fmd_flag_generation,sender,782,false,not_applicable,unclear,gamma=8;p=2^-8;curve=P-256,556646,269,measured,ok,unavailable,gc,go1.18.1,Release,JerryZ
2026-08-19T13:47:51.934013704Z,FMD,sender_signaling,fmd_sender_preparation,sender,782,false,not_applicable,unclear,gamma=8;p=2^-8;curve=P-256,-1,,not_applicable,not_applicable,unavailable,gc,go1.18.1,Release,JerryZ
2026-08-19T13:47:51.94544126Z,FMD,sender_signaling,message_encryption,sender,782,false,not_applicable,unclear,gamma=8;p=2^-8;curve=P-256,-1,,not_applicable,not_applicable,unavailable,gc,go1.18.1,Release,JerryZ
2026-08-19T13:47:51.947976858Z,FMD,sender_signaling,fmd_sender_total_signaling,sender,782,false,not_applicable,unclear,gamma=8;p=2^-8;curve=P-256,795425,269,measured,ok,unavailable,gc,go1.18.1,Release,JerryZ
2026-08-19T13:47:51.951251583Z,FMD,sender_signaling,fmd_flag_generation,sender,783,false,not_applicable,unclear,gamma=8;p=2^-8;curve=P-256,429277,269,measured,ok,unavailable,gc,go1.18.1,Release,JerryZ
2026-08-19T13:47:51.952609403Z,FMD,sender_signaling,fmd_sender_preparation,sender,783,false,not_applicable,unclear,gamma=8;p=2^-8;curve=P-256,-1,,not_applicable,not_applicable,unavailable,gc,go1.18.1,Release,JerryZ
2026-08-19T13:47:51.964192069Z,FMD,sender_signaling,message_encryption,sender,783,false,not_applicable,unclear,gamma=8;p=2^-8;curve=P-256,-1,,not_applicable,not_applicable,unavailable,gc,go1.18.1,Release,JerryZ
2026-08-19T13:47:51.967860617Z,FMD,sender_signaling,fmd_sender_total_signaling,sender,783,false,not_applicable,unclear,gamma=8;p=2^-8;curve=P-256,750479,271,measured,ok,unavailable,gc,go1.18.1,Release,JerryZ
2026-08-19T13:47:51.970996327Z,FMD,sender_signaling,fmd_flag_generation,sender,784,false,not_applicable,unclear,gamma=8;p=2^-8;curve=P-256,547132,268,measured,ok,unavailable,gc,go1.18.1,Release,JerryZ
2026-08-19T13:47:51.984632138Z,FMD,sender_signaling,fmd_sender_preparation,sender,784,false,not_applicable,unclear,gamma=8;p=2^-8;curve=P-256,-1,,not_applicable,not_applicable,unavailable,gc,go1.18.1,Release,JerryZ
2026-08-19T13:47:51.986855368Z,FMD,sender_signaling,message_encryption,sender,784,false,not_applicable,unclear,gamma=8;p=2^-8;curve=P-256,-1,,not_applicable,not_applicable,unavailable,gc,go1.18.1,Release,JerryZ
2026-08-19T13:47:51.989819544Z,FMD,sender_signaling,fmd_sender_total_signaling,sender,784,false,not_applicable,unclear,gamma=8;p=2^-8;curve=P-256,613494,269,measured,ok,unavailable,gc,go1.18.1,Release,JerryZ
2026-08-19T13:47:52.001174251Z,FMD,sender_signaling,fmd_flag_generation,sender,785,false,not_applicable,unclear,gamma=8;p=2^-8;curve=P-256,629382,270,measured,ok,unavailable,gc,go1.18.1,Release,JerryZ
2026-08-19T13:47:52.00302291Z,FMD,sender_signaling,fmd_sender_preparation,sender,785,false,not_applicable,unclear,gamma=8;p=2^-8;curve=P-256,-1,,not_applicable,not_applicable,unavailable,gc,go1.18.1,Release,JerryZ
2026-08-19T13:47:52.004312817Z,FMD,sender_signaling,message_encryption,sender,785,false,not_applicable,unclear,gamma=8;p=2^-8;curve=P-256,-1,,not_applicable,not_applicable,unavailable,gc,go1.18.1,Release,JerryZ
2026-08-19T13:47:52.006403373Z,FMD,sender_signaling,fmd_sender_total_signaling,sender,785,false,not_applicable,unclear,gamma=8;p=2^-8;curve=P-256,491561,268,measured,ok,unavailable,gc,go1.18.1,Release,JerryZ
2026-08-19T13:47:52.009198591Z,FMD,sender_signaling,fmd_flag_generation,sender,786,false,not_applicable,unclear,gamma=8;p=2^-8;curve=P-256,613577,269,measured,ok,unavailable,gc,go1.18.1,Release,JerryZ
2026-08-19T13:47:52.018578021Z,FMD,sender_signaling,fmd_sender_preparation,sender,786,false,not_applicable,unclear,gamma=8;p=2^-8;curve=P-256,-1,,not_applicable,not_applicable,unavailable,gc,go1.18.1,Release,JerryZ
2026-08-19T13:47:52.020127461Z,FMD,sender_signaling,message_encryption,sender,786,false,not_applicable,unclear,gamma=8;p=2^-8;curve=P-256,-1,,not_applicable,not_applicable,unavailable,gc,go1.18.1,Release,JerryZ
2026-08-19T13:47:52.023062258Z,FMD,sender_signaling,fmd_sender_total_signaling,sender,786,false,not_applicable,unclear,gamma=8;p=2^-8;curve=P-256,727245,269,measured,ok,unavailable,gc,go1.18.1,Release,JerryZ
2026-08-19T13:47:52.02739623Z,FMD,sender_signaling,fmd_flag_generation,sender,787,false,not_applicable,unclear,gamma=8;p=2^-8;curve=P-256,1371338,269,measured,ok,unavailable,gc,go1.18.1,Release,JerryZ
2026-08-19T13:47:52.03654617Z,FMD,sender_signaling,fmd_sender_preparation,sender,787,false,not_applicable,unclear,gamma=8;p=2^-8;curve=P-256,-1,,not_applicable,not_applicable,unavailable,gc,go1.18.1,Release,JerryZ
2026-08-19T13:47:52.038085328Z,FMD,sender_signaling,message_encryption,sender,787,false,not_applicable,unclear,gamma=8;p=2^-8;curve=P-256,-1,,not_applicable,not_applicable,unavailable,gc,go1.18.1,Release,JerryZ
2026-08-19T13:47:52.04044923Z,FMD,sender_signaling,fmd_sender_total_signaling,sender,787,false,not_applicable,unclear,gamma=8;p=2^-8;curve=P-256,477060,270,measured,ok,unavailable,gc,go1.18.1,Release,JerryZ
2026-08-19T13:47:52.043508922Z,FMD,sender_signaling,fmd_flag_generation,sender,788,false,not_applicable,unclear,gamma=8;p=2^-8;curve=P-256,455708,271,measured,ok,unavailable,gc,go1.18.1,Release,JerryZ
2026-08-19T13:47:52.054447121Z,FMD,sender_signaling,fmd_sender_preparation,sender,788,false,not_applicable,unclear,gamma=8;p=2^-8;curve=P-256,-1,,not_applicable,not_applicable,unavailable,gc,go1.18.1,Release,JerryZ
2026-08-19T13:47:52.056121253Z,FMD,sender_signaling,message_encryption,sender,788,false,not_applicable,unclear,gamma=8;p=2^-8;curve=P-256,-1,,not_applicable,not_applicable,unavailable,gc,go1.18.1,Release,JerryZ
2026-08-19T13:47:52.058877169Z,FMD,sender_signaling,fmd_sender_total_signaling,sender,788,false,not_applicable,unclear,gamma=8;p=2^-8;curve=P-256,590222,268,measured,ok,unavailable,gc,go1.18.1,Release,JerryZ
2026-08-19T13:47:52.061934097Z,FMD,sender_signaling,fmd_flag_generation,sender,789,false,not_applicable,unclear,gamma=8;p=2^-8;curve=P-256,566657,270,measured,ok,unavailable,gc,go1.18.1,Release,JerryZ
2026-08-19T13:47:52.072755092Z,FMD,sender_signaling,fmd_sender_preparation,sender,789,false,not_applicable,unclear,gamma=8;p=2^-8;curve=P-256,-1,,not_applicable,not_applicable,unavailable,gc,go1.18.1,Release,JerryZ
2026-08-19T13:47:52.074683151Z,FMD,sender_signaling,message_encryption,sender,789,false,not_applicable,unclear,gamma=8;p=2^-8;curve=P-256,-1,,not_applicable,not_applicable,unavailable,gc,go1.18.1,Release,JerryZ
2026-08-19T13:47:52.076594752Z,FMD,sender_signaling,fmd_sender_total_signaling,sender,789,false,not_applicable,unclear,gamma=8;p=2^-8;curve=P-256,380676,269,measured,ok,unavailable,gc,go1.18.1,Release,JerryZ
2026-08-19T13:47:52.079165611Z,FMD,sender_signaling,fmd_flag_generation,sender,790,false,not_applicable,unclear,gamma=8;p=2^-8;curve=P-256,432482,269,measured,ok,unavailable,gc,go1.18.1,Release,JerryZ
2026-08-19T13:47:52.080276516Z,FMD,sender_signaling,fmd_sender_preparation,sender,790,false,not_applicable,unclear,gamma=8;p=2^-8;curve=P-256,-1,,not_applicable,not_applicable,unavailable,gc,go1.18.1,Release,JerryZ
2026-08-19T13:47:52.090922138Z,FMD,sender_signaling,message_encryption,sender,790,false,not_applicable,unclear,gamma=8;p=2^-8;curve=P-256,-1,,not_applicable,not_applicable,unavailable,gc,go1.18.1,Release,JerryZ
2026-08-19T13:47:52.093318528Z,FMD,sender_signaling,fmd_sender_total_signaling,sender,790,false,not_applicable,unclear,gamma=8;p=2^-8;curve=P-256,380226,269,measured,ok,unavailable,gc,go1.18.1,Release,JerryZ
2026-08-19T13:47:52.095728014Z,FMD,sender_signaling,fmd_flag_generation,sender,791,false,not_applicable,unclear,gamma=8;p=2^-8;curve=P-256,361877,269,measured,ok,unavailable,gc,go1.18.1,Release,JerryZ
2026-08-19T13:47:52.096947177Z,FMD,sender_signaling,fmd_sender_preparation,sender,791,false,not_applicable,unclear,gamma=8;p=2^-8;curve=P-256,-1,,not_applicable,not_applicable,unavailable,gc,go1.18.1,Release,JerryZ
2026-08-19T13:47:52.098351913Z,FMD,sender_signaling,message_encryption,sender,791,false,not_applicable,unclear,gamma=8;p=2^-8;curve=P-256,-1,,not_applicable,not_applicable,unavailable,gc,go1.18.1,Release,JerryZ
2026-08-19T13:47:52.11052078Z,FMD,sender_signaling,fmd_sender_total_signaling,sender,791,false,not_applicable,unclear,gamma=8;p=2^-8;curve=P-256,887464,269,measured,ok,unavailable,gc,go1.18.1,Release,JerryZ
2026-08-19T13:47:52.113188316Z,FMD,sender_signaling,fmd_flag_generation,sender,792,false,not_applicable,unclear,gamma=8;p=2^-8;curve=P-256,354355,270,measured,ok,unavailable,gc,go1.18.1,Release,JerryZ
2026-08-19T13:47:52.114831223Z,FMD,sender_signaling,fmd_sender_preparation,sender,792,false,not_applicable,unclear,gamma=8;p=2^-8;curve=P-256,-1,,not_applicable,not_applicable,unavailable,gc,go1.18.1,Release,JerryZ
2026-08-19T13:47:52.1166015Z,FMD,sender_signaling,message_encryption,sender,792,false,not_applicable,unclear,gamma=8;p=2^-8;curve=P-256,-1,,not_applicable,not_applicable,unavailable,gc,go1.18.1,Release,JerryZ
2026-08-19T13:47:52.12958924Z,FMD,sender_signaling,fmd_sender_total_signaling,sender,792,false,not_applicable,unclear,gamma=8;p=2^-8;curve=P-256,1005604,269,measured,ok,unavailable,gc,go1.18.1,Release,JerryZ
2026-08-19T13:47:52.133074269Z,FMD,sender_signaling,fmd_flag_generation,sender,793,false,not_applicable,unclear,gamma=8;p=2^-8;curve=P-256,827945,270,measured,ok,unavailable,gc,go1.18.1,Release,JerryZ
2026-08-19T13:47:52.135008982Z,FMD,sender_signaling,fmd_sender_preparation,sender,793,false,not_applicable,unclear,gamma=8;p=2^-8;curve=P-256,-1,,not_applicable,not_applicable,unavailable,gc,go1.18.1,Release,JerryZ
2026-08-19T13:47:52.14582826Z,FMD,sender_signaling,message_encryption,sender,793,false,not_applicable,unclear,gamma=8;p=2^-8;curve=P-256,-1,,not_applicable,not_applicable,unavailable,gc,go1.18.1,Release,JerryZ
2026-08-19T13:47:52.149020869Z,FMD,sender_signaling,fmd_sender_total_signaling,sender,793,false,not_applicable,unclear,gamma=8;p=2^-8;curve=P-256,374982,269,measured,ok,unavailable,gc,go1.18.1,Release,JerryZ
2026-08-19T13:47:52.151343587Z,FMD,sender_signaling,fmd_flag_generation,sender,794,false,not_applicable,unclear,gamma=8;p=2^-8;curve=P-256,375285,268,measured,ok,unavailable,gc,go1.18.1,Release,JerryZ
2026-08-19T13:47:52.152431919Z,FMD,sender_signaling,fmd_sender_preparation,sender,794,false,not_applicable,unclear,gamma=8;p=2^-8;curve=P-256,-1,,not_applicable,not_applicable,unavailable,gc,go1.18.1,Release,JerryZ
2026-08-19T13:47:52.153594208Z,FMD,sender_signaling,message_encryption,sender,794,false,not_applicable,unclear,gamma=8;p=2^-8;curve=P-256,-1,,not_applicable,not_applicable,unavailable,gc,go1.18.1,Release,JerryZ
2026-08-19T13:47:52.165915593Z,FMD,sender_signaling,fmd_sender_total_signaling,sender,794,false,not_applicable,unclear,gamma=8;p=2^-8;curve=P-256,597900,269,measured,ok,unavailable,gc,go1.18.1,Release,JerryZ
2026-08-19T13:47:52.168913258Z,FMD,sender_signaling,fmd_flag_generation,sender,795,false,not_applicable,unclear,gamma=8;p=2^-8;curve=P-256,785240,269,measured,ok,unavailable,gc,go1.18.1,Release,JerryZ
2026-08-19T13:47:52.170423464Z,FMD,sender_signaling,fmd_sender_preparation,sender,795,false,not_applicable,unclear,gamma=8;p=2^-8;curve=P-256,-1,,not_applicable,not_applicable,unavailable,gc,go1.18.1,Release,JerryZ
2026-08-19T13:47:52.17181418Z,FMD,sender_signaling,message_encryption,sender,795,false,not_applicable,unclear,gamma=8;p=2^-8;curve=P-256,-1,,not_applicable,not_applicable,unavailable,gc,go1.18.1,Release,JerryZ
2026-08-19T13:47:52.185797345Z,FMD,sender_signaling,fmd_sender_total_signaling,sender,795,false,not_applicable,unclear,gamma=8;p=2^-8;curve=P-256,766165,269,measured,ok,unavailable,gc,go1.18.1,Release,JerryZ
2026-08-19T13:47:52.188224059Z,FMD,sender_signaling,fmd_flag_generation,sender,796,false,not_applicable,unclear,gamma=8;p=2^-8;curve=P-256,481322,269,measured,ok,unavailable,gc,go1.18.1,Release,JerryZ
2026-08-19T13:47:52.189834176Z,FMD,sender_signaling,fmd_sender_preparation,sender,796,false,not_applicable,unclear,gamma=8;p=2^-8;curve=P-256,-1,,not_applicable,not_applicable,unavailable,gc,go1.18.1,Release,JerryZ
2026-08-19T13:47:52.191316147Z,FMD,sender_signaling,message_encryption,sender,796,false,not_applicable,unclear,gamma=8;p=2^-8;curve=P-256,-1,,not_applicable,not_applicable,unavailable,gc,go1.18.1,Release,JerryZ
2026-08-19T13:47:52.203132808Z,FMD,sender_signaling,fmd_sender_total_signaling,sender,796,false,not_applicable,unclear,gamma=8;p=2^-8;curve=P-256,790006,269,measured,ok,unavailable,gc,go1.18.1,Release,JerryZ
2026-08-19T13:47:52.205183636Z,FMD,sender_signaling,fmd_flag_generation,sender,797,false,not_applicable,unclear,gamma=8;p=2^-8;curve=P-256,400063,269,measured,ok,unavailable,gc,go1.18.1,Release,JerryZ
2026-08-19T13:47:52.206458853Z,FMD,sender_signaling,fmd_sender_preparation,sender,797,false,not_applicable,unclear,gamma=8;p=2^-8;curve=P-256,-1,,not_applicable,not_applicable,unavailable,gc,go1.18.1,Release,JerryZ
2026-08-19T13:47:52.208192551Z,FMD,sender_signaling,message_encryption,sender,797,false,not_applicable,unclear,gamma=8;p=2^-8;curve=P-256,-1,,not_applicable,not_applicable,unavailable,gc,go1.18.1,Release,JerryZ
2026-08-19T13:47:52.220495412Z,FMD,sender_signaling,fmd_sender_total_signaling,sender,797,false,not_applicable,unclear,gamma=8;p=2^-8;curve=P-256,637942,270,measured,ok,unavailable,gc,go1.18.1,Release,JerryZ
2026-08-19T13:47:52.223068772Z,FMD,sender_signaling,fmd_flag_generation,sender,798,false,not_applicable,unclear,gamma=8;p=2^-8;curve=P-256,379574,268,measured,ok,unavailable,gc,go1.18.1,Release,JerryZ
2026-08-19T13:47:52.224939612Z,FMD,sender_signaling,fmd_sender_preparation,sender,798,false,not_applicable,unclear,gamma=8;p=2^-8;curve=P-256,-1,,not_applicable,not_applicable,unavailable,gc,go1.18.1,Release,JerryZ
2026-08-19T13:47:52.226540342Z,FMD,sender_signaling,message_encryption,sender,798,false,not_applicable,unclear,gamma=8;p=2^-8;curve=P-256,-1,,not_applicable,not_applicable,unavailable,gc,go1.18.1,Release,JerryZ
2026-08-19T13:47:52.228382083Z,FMD,sender_signaling,fmd_sender_total_signaling,sender,798,false,not_applicable,unclear,gamma=8;p=2^-8;curve=P-256,368655,269,measured,ok,unavailable,gc,go1.18.1,Release,JerryZ
2026-08-19T13:47:52.242030662Z,FMD,sender_signaling,fmd_flag_generation,sender,799,false,not_applicable,unclear,gamma=8;p=2^-8;curve=P-256,919204,269,measured,ok,unavailable,gc,go1.18.1,Release,JerryZ
2026-08-19T13:47:52.244204951Z,FMD,sender_signaling,fmd_sender_preparation,sender,799,false,not_applicable,unclear,gamma=8;p=2^-8;curve=P-256,-1,,not_applicable,not_applicable,unavailable,gc,go1.18.1,Release,JerryZ
2026-08-19T13:47:52.246465159Z,FMD,sender_signaling,message_encryption,sender,799,false,not_applicable,unclear,gamma=8;p=2^-8;curve=P-256,-1,,not_applicable,not_applicable,unavailable,gc,go1.18.1,Release,JerryZ
2026-08-19T13:47:52.259997814Z,FMD,sender_signaling,fmd_sender_total_signaling,sender,799,false,not_applicable,unclear,gamma=8;p=2^-8;curve=P-256,699059,268,measured,ok,unavailable,gc,go1.18.1,Release,JerryZ
2026-08-19T13:47:52.262921145Z,FMD,sender_signaling,fmd_flag_generation,sender,800,false,not_applicable,unclear,gamma=8;p=2^-8;curve=P-256,573251,269,measured,ok,unavailable,gc,go1.18.1,Release,JerryZ
2026-08-19T13:47:52.264525375Z,FMD,sender_signaling,fmd_sender_preparation,sender,800,false,not_applicable,unclear,gamma=8;p=2^-8;curve=P-256,-1,,not_applicable,not_applicable,unavailable,gc,go1.18.1,Release,JerryZ
2026-08-19T13:47:52.277128298Z,FMD,sender_signaling,message_encryption,sender,800,false,not_applicable,unclear,gamma=8;p=2^-8;curve=P-256,-1,,not_applicable,not_applicable,unavailable,gc,go1.18.1,Release,JerryZ
2026-08-19T13:47:52.279417866Z,FMD,sender_signaling,fmd_sender_total_signaling,sender,800,false,not_applicable,unclear,gamma=8;p=2^-8;curve=P-256,436697,269,measured,ok,unavailable,gc,go1.18.1,Release,JerryZ
2026-08-19T13:47:52.281602813Z,FMD,sender_signaling,fmd_flag_generation,sender,801,false,not_applicable,unclear,gamma=8;p=2^-8;curve=P-256,379942,271,measured,ok,unavailable,gc,go1.18.1,Release,JerryZ
2026-08-19T13:47:52.283053931Z,FMD,sender_signaling,fmd_sender_preparation,sender,801,false,not_applicable,unclear,gamma=8;p=2^-8;curve=P-256,-1,,not_applicable,not_applicable,unavailable,gc,go1.18.1,Release,JerryZ
2026-08-19T13:47:52.293784588Z,FMD,sender_signaling,message_encryption,sender,801,false,not_applicable,unclear,gamma=8;p=2^-8;curve=P-256,-1,,not_applicable,not_applicable,unavailable,gc,go1.18.1,Release,JerryZ
2026-08-19T13:47:52.296208047Z,FMD,sender_signaling,fmd_sender_total_signaling,sender,801,false,not_applicable,unclear,gamma=8;p=2^-8;curve=P-256,524366,269,measured,ok,unavailable,gc,go1.18.1,Release,JerryZ
2026-08-19T13:47:52.298810259Z,FMD,sender_signaling,fmd_flag_generation,sender,802,false,not_applicable,unclear,gamma=8;p=2^-8;curve=P-256,510829,269,measured,ok,unavailable,gc,go1.18.1,Release,JerryZ
2026-08-19T13:47:52.301880595Z,FMD,sender_signaling,fmd_sender_preparation,sender,802,false,not_applicable,unclear,gamma=8;p=2^-8;curve=P-256,-1,,not_applicable,not_applicable,unavailable,gc,go1.18.1,Release,JerryZ
2026-08-19T13:47:52.312358604Z,FMD,sender_signaling,message_encryption,sender,802,false,not_applicable,unclear,gamma=8;p=2^-8;curve=P-256,-1,,not_applicable,not_applicable,unavailable,gc,go1.18.1,Release,JerryZ
2026-08-19T13:47:52.315712412Z,FMD,sender_signaling,fmd_sender_total_signaling,sender,802,false,not_applicable,unclear,gamma=8;p=2^-8;curve=P-256,697259,267,measured,ok,unavailable,gc,go1.18.1,Release,JerryZ
2026-08-19T13:47:52.318884076Z,FMD,sender_signaling,fmd_flag_generation,sender,803,false,not_applicable,unclear,gamma=8;p=2^-8;curve=P-256,587293,270,measured,ok,unavailable,gc,go1.18.1,Release,JerryZ
2026-08-19T13:47:52.331637769Z,FMD,sender_signaling,fmd_sender_preparation,sender,803,false,not_applicable,unclear,gamma=8;p=2^-8;curve=P-256,-1,,not_applicable,not_applicable,unavailable,gc,go1.18.1,Release,JerryZ
2026-08-19T13:47:52.333566508Z,FMD,sender_signaling,message_encryption,sender,803,false,not_applicable,unclear,gamma=8;p=2^-8;curve=P-256,-1,,not_applicable,not_applicable,unavailable,gc,go1.18.1,Release,JerryZ
2026-08-19T13:47:52.335906881Z,FMD,sender_signaling,fmd_sender_total_signaling,sender,803,false,not_applicable,unclear,gamma=8;p=2^-8;curve=P-256,449886,269,measured,ok,unavailable,gc,go1.18.1,Release,JerryZ
2026-08-19T13:47:52.338353061Z,FMD,sender_signaling,fmd_flag_generation,sender,804,false,not_applicable,unclear,gamma=8;p=2^-8;curve=P-256,419919,269,measured,ok,unavailable,gc,go1.18.1,Release,JerryZ
2026-08-19T13:47:52.349280331Z,FMD,sender_signaling,fmd_sender_preparation,sender,804,false,not_applicable,unclear,gamma=8;p=2^-8;curve=P-256,-1,,not_applicable,not_applicable,unavailable,gc,go1.18.1,Release,JerryZ
2026-08-19T13:47:52.350487969Z,FMD,sender_signaling,message_encryption,sender,804,false,not_applicable,unclear,gamma=8;p=2^-8;curve=P-256,-1,,not_applicable,not_applicable,unavailable,gc,go1.18.1,Release,JerryZ
2026-08-19T13:47:52.35236211Z,FMD,sender_signaling,fmd_sender_total_signaling,sender,804,false,not_applicable,unclear,gamma=8;p=2^-8;curve=P-256,375570,269,measured,ok,unavailable,gc,go1.18.1,Release,JerryZ
2026-08-19T13:47:52.354435042Z,FMD,sender_signaling,fmd_flag_generation,sender,805,false,not_applicable,unclear,gamma=8;p=2^-8;curve=P-256,373072,269,measured,ok,unavailable,gc,go1.18.1,Release,JerryZ
2026-08-19T13:47:52.355876508Z,FMD,sender_signaling,fmd_sender_preparation,sender,805,false,not_applicable,unclear,gamma=8;p=2^-8;curve=P-256,-1,,not_applicable,not_applicable,unavailable,gc,go1.18.1,Release,JerryZ
2026-08-19T13:47:52.366280414Z,FMD,sender_signaling,message_encryption,sender,805,false,not_applicable,unclear,gamma=8;p=2^-8;curve=P-256,-1,,not_applicable,not_applicable,unavailable,gc,go1.18.1,Release,JerryZ
2026-08-19T13:47:52.368772526Z,FMD,sender_signaling,fmd_sender_total_signaling,sender,805,false,not_applicable,unclear,gamma=8;p=2^-8;curve=P-256,488576,269,measured,ok,unavailable,gc,go1.18.1,Release,JerryZ
2026-08-19T13:47:52.371276329Z,FMD,sender_signaling,fmd_flag_generation,sender,806,false,not_applicable,unclear,gamma=8;p=2^-8;curve=P-256,399421,270,measured,ok,unavailable,gc,go1.18.1,Release,JerryZ
2026-08-19T13:47:52.372598296Z,FMD,sender_signaling,fmd_sender_preparation,sender,806,false,not_applicable,unclear,gamma=8;p=2^-8;curve=P-256,-1,,not_applicable,not_applicable,unavailable,gc,go1.18.1,Release,JerryZ
2026-08-19T13:47:52.373959688Z,FMD,sender_signaling,message_encryption,sender,806,false,not_applicable,unclear,gamma=8;p=2^-8;curve=P-256,-1,,not_applicable,not_applicable,unavailable,gc,go1.18.1,Release,JerryZ
2026-08-19T13:47:52.385827645Z,FMD,sender_signaling,fmd_sender_total_signaling,sender,806,false,not_applicable,unclear,gamma=8;p=2^-8;curve=P-256,452631,269,measured,ok,unavailable,gc,go1.18.1,Release,JerryZ
2026-08-19T13:47:52.389679877Z,FMD,sender_signaling,fmd_flag_generation,sender,807,false,not_applicable,unclear,gamma=8;p=2^-8;curve=P-256,646400,270,measured,ok,unavailable,gc,go1.18.1,Release,JerryZ
2026-08-19T13:47:52.391396875Z,FMD,sender_signaling,fmd_sender_preparation,sender,807,false,not_applicable,unclear,gamma=8;p=2^-8;curve=P-256,-1,,not_applicable,not_applicable,unavailable,gc,go1.18.1,Release,JerryZ
2026-08-19T13:47:52.392914557Z,FMD,sender_signaling,message_encryption,sender,807,false,not_applicable,unclear,gamma=8;p=2^-8;curve=P-256,-1,,not_applicable,not_applicable,unavailable,gc,go1.18.1,Release,JerryZ
2026-08-19T13:47:52.40599374Z,FMD,sender_signaling,fmd_sender_total_signaling,sender,807,false,not_applicable,unclear,gamma=8;p=2^-8;curve=P-256,650991,270,measured,ok,unavailable,gc,go1.18.1,Release,JerryZ
2026-08-19T13:47:52.410320163Z,FMD,sender_signaling,fmd_flag_generation,sender,808,false,not_applicable,unclear,gamma=8;p=2^-8;curve=P-256,865387,270,measured,ok,unavailable,gc,go1.18.1,Release,JerryZ
2026-08-19T13:47:52.422088567Z,FMD,sender_signaling,fmd_sender_preparation,sender,808,false,not_applicable,unclear,gamma=8;p=2^-8;curve=P-256,-1,,not_applicable,not_applicable,unavailable,gc,go1.18.1,Release,JerryZ
2026-08-19T13:47:52.424811982Z,FMD,sender_signaling,message_encryption,sender,808,false,not_applicable,unclear,gamma=8;p=2^-8;curve=P-256,-1,,not_applicable,not_applicable,unavailable,gc,go1.18.1,Release,JerryZ
2026-08-19T13:47:52.428657203Z,FMD,sender_signaling,fmd_sender_total_signaling,sender,808,false,not_applicable,unclear,gamma=8;p=2^-8;curve=P-256,772575,270,measured,ok,unavailable,gc,go1.18.1,Release,JerryZ
2026-08-19T13:47:52.443139156Z,FMD,sender_signaling,fmd_flag_generation,sender,809,false,not_applicable,unclear,gamma=8;p=2^-8;curve=P-256,747228,269,measured,ok,unavailable,gc,go1.18.1,Release,JerryZ
2026-08-19T13:47:52.445080476Z,FMD,sender_signaling,fmd_sender_preparation,sender,809,false,not_applicable,unclear,gamma=8;p=2^-8;curve=P-256,-1,,not_applicable,not_applicable,unavailable,gc,go1.18.1,Release,JerryZ
2026-08-19T13:47:52.447025631Z,FMD,sender_signaling,message_encryption,sender,809,false,not_applicable,unclear,gamma=8;p=2^-8;curve=P-256,-1,,not_applicable,not_applicable,unavailable,gc,go1.18.1,Release,JerryZ
2026-08-19T13:47:52.459285195Z,FMD,sender_signaling,fmd_sender_total_signaling,sender,809,false,not_applicable,unclear,gamma=8;p=2^-8;curve=P-256,537067,269,measured,ok,unavailable,gc,go1.18.1,Release,JerryZ
2026-08-19T13:47:52.462529425Z,FMD,sender_signaling,fmd_flag_generation,sender,810,false,not_applicable,unclear,gamma=8;p=2^-8;curve=P-256,471155,269,measured,ok,unavailable,gc,go1.18.1,Release,JerryZ
2026-08-19T13:47:52.463908423Z,FMD,sender_signaling,fmd_sender_preparation,sender,810,false,not_applicable,unclear,gamma=8;p=2^-8;curve=P-256,-1,,not_applicable,not_applicable,unavailable,gc,go1.18.1,Release,JerryZ
2026-08-19T13:47:52.465335223Z,FMD,sender_signaling,message_encryption,sender,810,false,not_applicable,unclear,gamma=8;p=2^-8;curve=P-256,-1,,not_applicable,not_applicable,unavailable,gc,go1.18.1,Release,JerryZ
2026-08-19T13:47:52.47770284Z,FMD,sender_signaling,fmd_sender_total_signaling,sender,810,false,not_applicable,unclear,gamma=8;p=2^-8;curve=P-256,580846,270,measured,ok,unavailable,gc,go1.18.1,Release,JerryZ
2026-08-19T13:47:52.480408131Z,FMD,sender_signaling,fmd_flag_generation,sender,811,false,not_applicable,unclear,gamma=8;p=2^-8;curve=P-256,498321,268,measured,ok,unavailable,gc,go1.18.1,Release,JerryZ
2026-08-19T13:47:52.482712513Z,FMD,sender_signaling,fmd_sender_preparation,sender,811,false,not_applicable,unclear,gamma=8;p=2^-8;curve=P-256,-1,,not_applicable,not_applicable,unavailable,gc,go1.18.1,Release,JerryZ
2026-08-19T13:47:52.484739315Z,FMD,sender_signaling,message_encryption,sender,811,false,not_applicable,unclear,gamma=8;p=2^-8;curve=P-256,-1,,not_applicable,not_applicable,unavailable,gc,go1.18.1,Release,JerryZ
2026-08-19T13:47:52.582106092Z,FMD,sender_signaling,fmd_sender_total_signaling,sender,811,false,not_applicable,unclear,gamma=8;p=2^-8;curve=P-256,1227998,268,measured,ok,unavailable,gc,go1.18.1,Release,JerryZ
2026-08-19T13:47:52.609501928Z,FMD,sender_signaling,fmd_flag_generation,sender,812,false,not_applicable,unclear,gamma=8;p=2^-8;curve=P-256,799383,269,measured,ok,unavailable,gc,go1.18.1,Release,JerryZ
2026-08-19T13:47:52.6173725Z,FMD,sender_signaling,fmd_sender_preparation,sender,812,false,not_applicable,unclear,gamma=8;p=2^-8;curve=P-256,-1,,not_applicable,not_applicable,unavailable,gc,go1.18.1,Release,JerryZ
2026-08-19T13:47:52.637296157Z,FMD,sender_signaling,message_encryption,sender,812,false,not_applicable,unclear,gamma=8;p=2^-8;curve=P-256,-1,,not_applicable,not_applicable,unavailable,gc,go1.18.1,Release,JerryZ
2026-08-19T13:47:52.664008238Z,FMD,sender_signaling,fmd_sender_total_signaling,sender,812,false,not_applicable,unclear,gamma=8;p=2^-8;curve=P-256,774054,269,measured,ok,unavailable,gc,go1.18.1,Release,JerryZ
2026-08-19T13:47:52.668165665Z,FMD,sender_signaling,fmd_flag_generation,sender,813,false,not_applicable,unclear,gamma=8;p=2^-8;curve=P-256,799612,269,measured,ok,unavailable,gc,go1.18.1,Release,JerryZ
2026-08-19T13:47:52.688790233Z,FMD,sender_signaling,fmd_sender_preparation,sender,813,false,not_applicable,unclear,gamma=8;p=2^-8;curve=P-256,-1,,not_applicable,not_applicable,unavailable,gc,go1.18.1,Release,JerryZ
2026-08-19T13:47:52.692739129Z,FMD,sender_signaling,message_encryption,sender,813,false,not_applicable,unclear,gamma=8;p=2^-8;curve=P-256,-1,,not_applicable,not_applicable,unavailable,gc,go1.18.1,Release,JerryZ
2026-08-19T13:47:52.716076263Z,FMD,sender_signaling,fmd_sender_total_signaling,sender,813,false,not_applicable,unclear,gamma=8;p=2^-8;curve=P-256,558997,268,measured,ok,unavailable,gc,go1.18.1,Release,JerryZ
2026-08-19T13:47:52.719533001Z,FMD,sender_signaling,fmd_flag_generation,sender,814,false,not_applicable,unclear,gamma=8;p=2^-8;curve=P-256,414960,269,measured,ok,unavailable,gc,go1.18.1,Release,JerryZ
2026-08-19T13:47:52.747995751Z,FMD,sender_signaling,fmd_sender_preparation,sender,814,false,not_applicable,unclear,gamma=8;p=2^-8;curve=P-256,-1,,not_applicable,not_applicable,unavailable,gc,go1.18.1,Release,JerryZ
2026-08-19T13:47:52.778303533Z,FMD,sender_signaling,message_encryption,sender,814,false,not_applicable,unclear,gamma=8;p=2^-8;curve=P-256,-1,,not_applicable,not_applicable,unavailable,gc,go1.18.1,Release,JerryZ
2026-08-19T13:47:52.82856838Z,FMD,sender_signaling,fmd_sender_total_signaling,sender,814,false,not_applicable,unclear,gamma=8;p=2^-8;curve=P-256,744785,270,measured,ok,unavailable,gc,go1.18.1,Release,JerryZ
2026-08-19T13:47:52.835994699Z,FMD,sender_signaling,fmd_flag_generation,sender,815,false,not_applicable,unclear,gamma=8;p=2^-8;curve=P-256,1104890,270,measured,ok,unavailable,gc,go1.18.1,Release,JerryZ
2026-08-19T13:47:52.861090237Z,FMD,sender_signaling,fmd_sender_preparation,sender,815,false,not_applicable,unclear,gamma=8;p=2^-8;curve=P-256,-1,,not_applicable,not_applicable,unavailable,gc,go1.18.1,Release,JerryZ
2026-08-19T13:47:52.884563547Z,FMD,sender_signaling,message_encryption,sender,815,false,not_applicable,unclear,gamma=8;p=2^-8;curve=P-256,-1,,not_applicable,not_applicable,unavailable,gc,go1.18.1,Release,JerryZ
2026-08-19T13:47:52.890115172Z,FMD,sender_signaling,fmd_sender_total_signaling,sender,815,false,not_applicable,unclear,gamma=8;p=2^-8;curve=P-256,1304040,268,measured,ok,unavailable,gc,go1.18.1,Release,JerryZ
2026-08-19T13:47:52.912255116Z,FMD,sender_signaling,fmd_flag_generation,sender,816,false,not_applicable,unclear,gamma=8;p=2^-8;curve=P-256,1352577,269,measured,ok,unavailable,gc,go1.18.1,Release,JerryZ
2026-08-19T13:47:52.938000753Z,FMD,sender_signaling,fmd_sender_preparation,sender,816,false,not_applicable,unclear,gamma=8;p=2^-8;curve=P-256,-1,,not_applicable,not_applicable,unavailable,gc,go1.18.1,Release,JerryZ
2026-08-19T13:47:52.94116333Z,FMD,sender_signaling,message_encryption,sender,816,false,not_applicable,unclear,gamma=8;p=2^-8;curve=P-256,-1,,not_applicable,not_applicable,unavailable,gc,go1.18.1,Release,JerryZ
2026-08-19T13:47:52.946052994Z,FMD,sender_signaling,fmd_sender_total_signaling,sender,816,false,not_applicable,unclear,gamma=8;p=2^-8;curve=P-256,724416,269,measured,ok,unavailable,gc,go1.18.1,Release,JerryZ
2026-08-19T13:47:52.970857273Z,FMD,sender_signaling,fmd_flag_generation,sender,817,false,not_applicable,unclear,gamma=8;p=2^-8;curve=P-256,872256,269,measured,ok,unavailable,gc,go1.18.1,Release,JerryZ
2026-08-19T13:47:52.993707242Z,FMD,sender_signaling,fmd_sender_preparation,sender,817,false,not_applicable,unclear,gamma=8;p=2^-8;curve=P-256,-1,,not_applicable,not_applicable,unavailable,gc,go1.18.1,Release,JerryZ
2026-08-19T13:47:53.000900113Z,FMD,sender_signaling,message_encryption,sender,817,false,not_applicable,unclear,gamma=8;p=2^-8;curve=P-256,-1,,not_applicable,not_applicable,unavailable,gc,go1.18.1,Release,JerryZ
2026-08-19T13:47:53.027727576Z,FMD,sender_signaling,fmd_sender_total_signaling,sender,817,false,not_applicable,unclear,gamma=8;p=2^-8;curve=P-256,742673,269,measured,ok,unavailable,gc,go1.18.1,Release,JerryZ
2026-08-19T13:47:53.052371236Z,FMD,sender_signaling,fmd_flag_generation,sender,818,false,not_applicable,unclear,gamma=8;p=2^-8;curve=P-256,831471,269,measured,ok,unavailable,gc,go1.18.1,Release,JerryZ
2026-08-19T13:47:53.075137192Z,FMD,sender_signaling,fmd_sender_preparation,sender,818,false,not_applicable,unclear,gamma=8;p=2^-8;curve=P-256,-1,,not_applicable,not_applicable,unavailable,gc,go1.18.1,Release,JerryZ
2026-08-19T13:47:53.080199056Z,FMD,sender_signaling,message_encryption,sender,818,false,not_applicable,unclear,gamma=8;p=2^-8;curve=P-256,-1,,not_applicable,not_applicable,unavailable,gc,go1.18.1,Release,JerryZ
2026-08-19T13:47:53.106957683Z,FMD,sender_signaling,fmd_sender_total_signaling,sender,818,false,not_applicable,unclear,gamma=8;p=2^-8;curve=P-256,627545,269,measured,ok,unavailable,gc,go1.18.1,Release,JerryZ
2026-08-19T13:47:53.112070353Z,FMD,sender_signaling,fmd_flag_generation,sender,819,false,not_applicable,unclear,gamma=8;p=2^-8;curve=P-256,712854,269,measured,ok,unavailable,gc,go1.18.1,Release,JerryZ
2026-08-19T13:47:53.131535607Z,FMD,sender_signaling,fmd_sender_preparation,sender,819,false,not_applicable,unclear,gamma=8;p=2^-8;curve=P-256,-1,,not_applicable,not_applicable,unavailable,gc,go1.18.1,Release,JerryZ
2026-08-19T13:47:53.134095818Z,FMD,sender_signaling,message_encryption,sender,819,false,not_applicable,unclear,gamma=8;p=2^-8;curve=P-256,-1,,not_applicable,not_applicable,unavailable,gc,go1.18.1,Release,JerryZ
2026-08-19T13:47:53.139088054Z,FMD,sender_signaling,fmd_sender_total_signaling,sender,819,false,not_applicable,unclear,gamma=8;p=2^-8;curve=P-256,784542,269,measured,ok,unavailable,gc,go1.18.1,Release,JerryZ
2026-08-19T13:47:53.162010716Z,FMD,sender_signaling,fmd_flag_generation,sender,820,false,not_applicable,unclear,gamma=8;p=2^-8;curve=P-256,852878,269,measured,ok,unavailable,gc,go1.18.1,Release,JerryZ
2026-08-19T13:47:53.164728156Z,FMD,sender_signaling,fmd_sender_preparation,sender,820,false,not_applicable,unclear,gamma=8;p=2^-8;curve=P-256,-1,,not_applicable,not_applicable,unavailable,gc,go1.18.1,Release,JerryZ
2026-08-19T13:47:53.188969604Z,FMD,sender_signaling,message_encryption,sender,820,false,not_applicable,unclear,gamma=8;p=2^-8;curve=P-256,-1,,not_applicable,not_applicable,unavailable,gc,go1.18.1,Release,JerryZ
2026-08-19T13:47:53.194451588Z,FMD,sender_signaling,fmd_sender_total_signaling,sender,820,false,not_applicable,unclear,gamma=8;p=2^-8;curve=P-256,942144,270,measured,ok,unavailable,gc,go1.18.1,Release,JerryZ
2026-08-19T13:47:53.215950269Z,FMD,sender_signaling,fmd_flag_generation,sender,821,false,not_applicable,unclear,gamma=8;p=2^-8;curve=P-256,730643,269,measured,ok,unavailable,gc,go1.18.1,Release,JerryZ
2026-08-19T13:47:53.219673524Z,FMD,sender_signaling,fmd_sender_preparation,sender,821,false,not_applicable,unclear,gamma=8;p=2^-8;curve=P-256,-1,,not_applicable,not_applicable,unavailable,gc,go1.18.1,Release,JerryZ
2026-08-19T13:47:53.247682308Z,FMD,sender_signaling,message_encryption,sender,821,false,not_applicable,unclear,gamma=8;p=2^-8;curve=P-256,-1,,not_applicable,not_applicable,unavailable,gc,go1.18.1,Release,JerryZ
2026-08-19T13:47:53.273177142Z,FMD,sender_signaling,fmd_sender_total_signaling,sender,821,false,not_applicable,unclear,gamma=8;p=2^-8;curve=P-256,634938,270,measured,ok,unavailable,gc,go1.18.1,Release,JerryZ
2026-08-19T13:47:53.281169087Z,FMD,sender_signaling,fmd_flag_generation,sender,822,false,not_applicable,unclear,gamma=8;p=2^-8;curve=P-256,974416,270,measured,ok,unavailable,gc,go1.18.1,Release,JerryZ
2026-08-19T13:47:53.297771801Z,FMD,sender_signaling,fmd_sender_preparation,sender,822,false,not_applicable,unclear,gamma=8;p=2^-8;curve=P-256,-1,,not_applicable,not_applicable,unavailable,gc,go1.18.1,Release,JerryZ
2026-08-19T13:47:53.300748935Z,FMD,sender_signaling,message_encryption,sender,822,false,not_applicable,unclear,gamma=8;p=2^-8;curve=P-256,-1,,not_applicable,not_applicable,unavailable,gc,go1.18.1,Release,JerryZ
2026-08-19T13:47:53.30629735Z,FMD,sender_signaling,fmd_sender_total_signaling,sender,822,false,not_applicable,unclear,gamma=8;p=2^-8;curve=P-256,945901,269,measured,ok,unavailable,gc,go1.18.1,Release,JerryZ
2026-08-19T13:47:53.328449463Z,FMD,sender_signaling,fmd_flag_generation,sender,823,false,not_applicable,unclear,gamma=8;p=2^-8;curve=P-256,876967,269,measured,ok,unavailable,gc,go1.18.1,Release,JerryZ
2026-08-19T13:47:53.331692931Z,FMD,sender_signaling,fmd_sender_preparation,sender,823,false,not_applicable,unclear,gamma=8;p=2^-8;curve=P-256,-1,,not_applicable,not_applicable,unavailable,gc,go1.18.1,Release,JerryZ
2026-08-19T13:47:53.354184963Z,FMD,sender_signaling,message_encryption,sender,823,false,not_applicable,unclear,gamma=8;p=2^-8;curve=P-256,-1,,not_applicable,not_applicable,unavailable,gc,go1.18.1,Release,JerryZ
2026-08-19T13:47:53.359801035Z,FMD,sender_signaling,fmd_sender_total_signaling,sender,823,false,not_applicable,unclear,gamma=8;p=2^-8;curve=P-256,797243,270,measured,ok,unavailable,gc,go1.18.1,Release,JerryZ
2026-08-19T13:47:53.384566102Z,FMD,sender_signaling,fmd_flag_generation,sender,824,false,not_applicable,unclear,gamma=8;p=2^-8;curve=P-256,758707,269,measured,ok,unavailable,gc,go1.18.1,Release,JerryZ
2026-08-19T13:47:53.407340186Z,FMD,sender_signaling,fmd_sender_preparation,sender,824,false,not_applicable,unclear,gamma=8;p=2^-8;curve=P-256,-1,,not_applicable,not_applicable,unavailable,gc,go1.18.1,Release,JerryZ
2026-08-19T13:47:53.413309543Z,FMD,sender_signaling,message_encryption,sender,824,false,not_applicable,unclear,gamma=8;p=2^-8;curve=P-256,-1,,not_applicable,not_applicable,unavailable,gc,go1.18.1,Release,JerryZ
2026-08-19T13:47:53.437908221Z,FMD,sender_signaling,fmd_sender_total_signaling,sender,824,false,not_applicable,unclear,gamma=8;p=2^-8;curve=P-256,834180,269,measured,ok,unavailable,gc,go1.18.1,Release,JerryZ
2026-08-19T13:47:53.442524994Z,FMD,sender_signaling,fmd_flag_generation,sender,825,false,not_applicable,unclear,gamma=8;p=2^-8;curve=P-256,672013,268,measured,ok,unavailable,gc,go1.18.1,Release,JerryZ
2026-08-19T13:47:53.467457906Z,FMD,sender_signaling,fmd_sender_preparation,sender,825,false,not_applicable,unclear,gamma=8;p=2^-8;curve=P-256,-1,,not_applicable,not_applicable,unavailable,gc,go1.18.1,Release,JerryZ
2026-08-19T13:47:53.490738513Z,FMD,sender_signaling,message_encryption,sender,825,false,not_applicable,unclear,gamma=8;p=2^-8;curve=P-256,-1,,not_applicable,not_applicable,unavailable,gc,go1.18.1,Release,JerryZ
2026-08-19T13:47:53.500113478Z,FMD,sender_signaling,fmd_sender_total_signaling,sender,825,false,not_applicable,unclear,gamma=8;p=2^-8;curve=P-256,830782,268,measured,ok,unavailable,gc,go1.18.1,Release,JerryZ
2026-08-19T13:47:53.520046822Z,FMD,sender_signaling,fmd_flag_generation,sender,826,false,not_applicable,unclear,gamma=8;p=2^-8;curve=P-256,742315,268,measured,ok,unavailable,gc,go1.18.1,Release,JerryZ
2026-08-19T13:47:53.525295525Z,FMD,sender_signaling,fmd_sender_preparation,sender,826,false,not_applicable,unclear,gamma=8;p=2^-8;curve=P-256,-1,,not_applicable,not_applicable,unavailable,gc,go1.18.1,Release,JerryZ
2026-08-19T13:47:53.549689841Z,FMD,sender_signaling,message_encryption,sender,826,false,not_applicable,unclear,gamma=8;p=2^-8;curve=P-256,-1,,not_applicable,not_applicable,unavailable,gc,go1.18.1,Release,JerryZ
2026-08-19T13:47:53.554170382Z,FMD,sender_signaling,fmd_sender_total_signaling,sender,826,false,not_applicable,unclear,gamma=8;p=2^-8;curve=P-256,488388,268,measured,ok,unavailable,gc,go1.18.1,Release,JerryZ
2026-08-19T13:47:53.577879715Z,FMD,sender_signaling,fmd_flag_generation,sender,827,false,not_applicable,unclear,gamma=8;p=2^-8;curve=P-256,749083,269,measured,ok,unavailable,gc,go1.18.1,Release,JerryZ
2026-08-19T13:47:53.600078927Z,FMD,sender_signaling,fmd_sender_preparation,sender,827,false,not_applicable,unclear,gamma=8;p=2^-8;curve=P-256,-1,,not_applicable,not_applicable,unavailable,gc,go1.18.1,Release,JerryZ
2026-08-19T13:47:53.603646624Z,FMD,sender_signaling,message_encryption,sender,827,false,not_applicable,unclear,gamma=8;p=2^-8;curve=P-256,-1,,not_applicable,not_applicable,unavailable,gc,go1.18.1,Release,JerryZ
2026-08-19T13:47:53.609073204Z,FMD,sender_signaling,fmd_sender_total_signaling,sender,827,false,not_applicable,unclear,gamma=8;p=2^-8;curve=P-256,805573,270,measured,ok,unavailable,gc,go1.18.1,Release,JerryZ
2026-08-19T13:47:53.629673113Z,FMD,sender_signaling,fmd_flag_generation,sender,828,false,not_applicable,unclear,gamma=8;p=2^-8;curve=P-256,537553,269,measured,ok,unavailable,gc,go1.18.1,Release,JerryZ
2026-08-19T13:47:53.632406285Z,FMD,sender_signaling,fmd_sender_preparation,sender,828,false,not_applicable,unclear,gamma=8;p=2^-8;curve=P-256,-1,,not_applicable,not_applicable,unavailable,gc,go1.18.1,Release,JerryZ
2026-08-19T13:47:53.633887324Z,FMD,sender_signaling,message_encryption,sender,828,false,not_applicable,unclear,gamma=8;p=2^-8;curve=P-256,-1,,not_applicable,not_applicable,unavailable,gc,go1.18.1,Release,JerryZ
2026-08-19T13:47:53.65164326Z,FMD,sender_signaling,fmd_sender_total_signaling,sender,828,false,not_applicable,unclear,gamma=8;p=2^-8;curve=P-256,1394918,271,measured,ok,unavailable,gc,go1.18.1,Release,JerryZ
2026-08-19T13:47:53.665172531Z,FMD,sender_signaling,fmd_flag_generation,sender,829,false,not_applicable,unclear,gamma=8;p=2^-8;curve=P-256,738108,269,measured,ok,unavailable,gc,go1.18.1,Release,JerryZ
2026-08-19T13:47:53.667580745Z,FMD,sender_signaling,fmd_sender_preparation,sender,829,false,not_applicable,unclear,gamma=8;p=2^-8;curve=P-256,-1,,not_applicable,not_applicable,unavailable,gc,go1.18.1,Release,JerryZ
2026-08-19T13:47:53.669081841Z,FMD,sender_signaling,message_encryption,sender,829,false,not_applicable,unclear,gamma=8;p=2^-8;curve=P-256,-1,,not_applicable,not_applicable,unavailable,gc,go1.18.1,Release,JerryZ
2026-08-19T13:47:53.671572534Z,FMD,sender_signaling,fmd_sender_total_signaling,sender,829,false,not_applicable,unclear,gamma=8;p=2^-8;curve=P-256,527745,270,measured,ok,unavailable,gc,go1.18.1,Release,JerryZ
2026-08-19T13:47:53.674829613Z,FMD,sender_signaling,fmd_flag_generation,sender,830,false,not_applicable,unclear,gamma=8;p=2^-8;curve=P-256,1134535,269,measured,ok,unavailable,gc,go1.18.1,Release,JerryZ
2026-08-19T13:47:53.67709484Z,FMD,sender_signaling,fmd_sender_preparation,sender,830,false,not_applicable,unclear,gamma=8;p=2^-8;curve=P-256,-1,,not_applicable,not_applicable,unavailable,gc,go1.18.1,Release,JerryZ
2026-08-19T13:47:53.678336343Z,FMD,sender_signaling,message_encryption,sender,830,false,not_applicable,unclear,gamma=8;p=2^-8;curve=P-256,-1,,not_applicable,not_applicable,unavailable,gc,go1.18.1,Release,JerryZ
2026-08-19T13:47:53.680330286Z,FMD,sender_signaling,fmd_sender_total_signaling,sender,830,false,not_applicable,unclear,gamma=8;p=2^-8;curve=P-256,396114,269,measured,ok,unavailable,gc,go1.18.1,Release,JerryZ
2026-08-19T13:47:53.682868647Z,FMD,sender_signaling,fmd_flag_generation,sender,831,false,not_applicable,unclear,gamma=8;p=2^-8;curve=P-256,566308,269,measured,ok,unavailable,gc,go1.18.1,Release,JerryZ
2026-08-19T13:47:53.68400991Z,FMD,sender_signaling,fmd_sender_preparation,sender,831,false,not_applicable,unclear,gamma=8;p=2^-8;curve=P-256,-1,,not_applicable,not_applicable,unavailable,gc,go1.18.1,Release,JerryZ
2026-08-19T13:47:53.685211156Z,FMD,sender_signaling,message_encryption,sender,831,false,not_applicable,unclear,gamma=8;p=2^-8;curve=P-256,-1,,not_applicable,not_applicable,unavailable,gc,go1.18.1,Release,JerryZ
2026-08-19T13:47:53.687113129Z,FMD,sender_signaling,fmd_sender_total_signaling,sender,831,false,not_applicable,unclear,gamma=8;p=2^-8;curve=P-256,359040,269,measured,ok,unavailable,gc,go1.18.1,Release,JerryZ
2026-08-19T13:47:53.689455967Z,FMD,sender_signaling,fmd_flag_generation,sender,832,false,not_applicable,unclear,gamma=8;p=2^-8;curve=P-256,390227,269,measured,ok,unavailable,gc,go1.18.1,Release,JerryZ
2026-08-19T13:47:53.691559041Z,FMD,sender_signaling,fmd_sender_preparation,sender,832,false,not_applicable,unclear,gamma=8;p=2^-8;curve=P-256,-1,,not_applicable,not_applicable,unavailable,gc,go1.18.1,Release,JerryZ
2026-08-19T13:47:53.693240304Z,FMD,sender_signaling,message_encryption,sender,832,false,not_applicable,unclear,gamma=8;p=2^-8;curve=P-256,-1,,not_applicable,not_applicable,unavailable,gc,go1.18.1,Release,JerryZ
2026-08-19T13:47:53.695251748Z,FMD,sender_signaling,fmd_sender_total_signaling,sender,832,false,not_applicable,unclear,gamma=8;p=2^-8;curve=P-256,376792,269,measured,ok,unavailable,gc,go1.18.1,Release,JerryZ
2026-08-19T13:47:53.697539123Z,FMD,sender_signaling,fmd_flag_generation,sender,833,false,not_applicable,unclear,gamma=8;p=2^-8;curve=P-256,361474,269,measured,ok,unavailable,gc,go1.18.1,Release,JerryZ
2026-08-19T13:47:53.698688306Z,FMD,sender_signaling,fmd_sender_preparation,sender,833,false,not_applicable,unclear,gamma=8;p=2^-8;curve=P-256,-1,,not_applicable,not_applicable,unavailable,gc,go1.18.1,Release,JerryZ
2026-08-19T13:47:53.699753462Z,FMD,sender_signaling,message_encryption,sender,833,false,not_applicable,unclear,gamma=8;p=2^-8;curve=P-256,-1,,not_applicable,not_applicable,unavailable,gc,go1.18.1,Release,JerryZ
2026-08-19T13:47:53.702220599Z,FMD,sender_signaling,fmd_sender_total_signaling,sender,833,false,not_applicable,unclear,gamma=8;p=2^-8;curve=P-256,691381,269,measured,ok,unavailable,gc,go1.18.1,Release,JerryZ
2026-08-19T13:47:53.705247409Z,FMD,sender_signaling,fmd_flag_generation,sender,834,false,not_applicable,unclear,gamma=8;p=2^-8;curve=P-256,745841,269,measured,ok,unavailable,gc,go1.18.1,Release,JerryZ
2026-08-19T13:47:53.707220748Z,FMD,sender_signaling,fmd_sender_preparation,sender,834,false,not_applicable,unclear,gamma=8;p=2^-8;curve=P-256,-1,,not_applicable,not_applicable,unavailable,gc,go1.18.1,Release,JerryZ
2026-08-19T13:47:53.708697585Z,FMD,sender_signaling,message_encryption,sender,834,false,not_applicable,unclear,gamma=8;p=2^-8;curve=P-256,-1,,not_applicable,not_applicable,unavailable,gc,go1.18.1,Release,JerryZ
2026-08-19T13:47:53.710627816Z,FMD,sender_signaling,fmd_sender_total_signaling,sender,834,false,not_applicable,unclear,gamma=8;p=2^-8;curve=P-256,382816,271,measured,ok,unavailable,gc,go1.18.1,Release,JerryZ
2026-08-19T13:47:53.713273604Z,FMD,sender_signaling,fmd_flag_generation,sender,835,false,not_applicable,unclear,gamma=8;p=2^-8;curve=P-256,376874,269,measured,ok,unavailable,gc,go1.18.1,Release,JerryZ
2026-08-19T13:47:53.714352514Z,FMD,sender_signaling,fmd_sender_preparation,sender,835,false,not_applicable,unclear,gamma=8;p=2^-8;curve=P-256,-1,,not_applicable,not_applicable,unavailable,gc,go1.18.1,Release,JerryZ
2026-08-19T13:47:53.71577271Z,FMD,sender_signaling,message_encryption,sender,835,false,not_applicable,unclear,gamma=8;p=2^-8;curve=P-256,-1,,not_applicable,not_applicable,unavailable,gc,go1.18.1,Release,JerryZ
2026-08-19T13:47:53.7179907Z,FMD,sender_signaling,fmd_sender_total_signaling,sender,835,false,not_applicable,unclear,gamma=8;p=2^-8;curve=P-256,401817,269,measured,ok,unavailable,gc,go1.18.1,Release,JerryZ
2026-08-19T13:47:53.720103412Z,FMD,sender_signaling,fmd_flag_generation,sender,836,false,not_applicable,unclear,gamma=8;p=2^-8;curve=P-256,351169,270,measured,ok,unavailable,gc,go1.18.1,Release,JerryZ
2026-08-19T13:47:53.721858564Z,FMD,sender_signaling,fmd_sender_preparation,sender,836,false,not_applicable,unclear,gamma=8;p=2^-8;curve=P-256,-1,,not_applicable,not_applicable,unavailable,gc,go1.18.1,Release,JerryZ
2026-08-19T13:47:53.723358815Z,FMD,sender_signaling,message_encryption,sender,836,false,not_applicable,unclear,gamma=8;p=2^-8;curve=P-256,-1,,not_applicable,not_applicable,unavailable,gc,go1.18.1,Release,JerryZ
2026-08-19T13:47:53.725687043Z,FMD,sender_signaling,fmd_sender_total_signaling,sender,836,false,not_applicable,unclear,gamma=8;p=2^-8;curve=P-256,395434,270,measured,ok,unavailable,gc,go1.18.1,Release,JerryZ
2026-08-19T13:47:53.728096243Z,FMD,sender_signaling,fmd_flag_generation,sender,837,false,not_applicable,unclear,gamma=8;p=2^-8;curve=P-256,520839,269,measured,ok,unavailable,gc,go1.18.1,Release,JerryZ
2026-08-19T13:47:53.729382972Z,FMD,sender_signaling,fmd_sender_preparation,sender,837,false,not_applicable,unclear,gamma=8;p=2^-8;curve=P-256,-1,,not_applicable,not_applicable,unavailable,gc,go1.18.1,Release,JerryZ
2026-08-19T13:47:53.730472029Z,FMD,sender_signaling,message_encryption,sender,837,false,not_applicable,unclear,gamma=8;p=2^-8;curve=P-256,-1,,not_applicable,not_applicable,unavailable,gc,go1.18.1,Release,JerryZ
2026-08-19T13:47:53.732636818Z,FMD,sender_signaling,fmd_sender_total_signaling,sender,837,false,not_applicable,unclear,gamma=8;p=2^-8;curve=P-256,366570,269,measured,ok,unavailable,gc,go1.18.1,Release,JerryZ
2026-08-19T13:47:53.734557052Z,FMD,sender_signaling,fmd_flag_generation,sender,838,false,not_applicable,unclear,gamma=8;p=2^-8;curve=P-256,360473,268,measured,ok,unavailable,gc,go1.18.1,Release,JerryZ
2026-08-19T13:47:53.740361903Z,FMD,sender_signaling,fmd_sender_preparation,sender,838,false,not_applicable,unclear,gamma=8;p=2^-8;curve=P-256,-1,,not_applicable,not_applicable,unavailable,gc,go1.18.1,Release,JerryZ
2026-08-19T13:47:53.741557946Z,FMD,sender_signaling,message_encryption,sender,838,false,not_applicable,unclear,gamma=8;p=2^-8;curve=P-256,-1,,not_applicable,not_applicable,unavailable,gc,go1.18.1,Release,JerryZ
2026-08-19T13:47:53.744297855Z,FMD,sender_signaling,fmd_sender_total_signaling,sender,838,false,not_applicable,unclear,gamma=8;p=2^-8;curve=P-256,580304,270,measured,ok,unavailable,gc,go1.18.1,Release,JerryZ
2026-08-19T13:47:53.746535397Z,FMD,sender_signaling,fmd_flag_generation,sender,839,false,not_applicable,unclear,gamma=8;p=2^-8;curve=P-256,355623,268,measured,ok,unavailable,gc,go1.18.1,Release,JerryZ
2026-08-19T13:47:53.74767975Z,FMD,sender_signaling,fmd_sender_preparation,sender,839,false,not_applicable,unclear,gamma=8;p=2^-8;curve=P-256,-1,,not_applicable,not_applicable,unavailable,gc,go1.18.1,Release,JerryZ
2026-08-19T13:47:53.748760211Z,FMD,sender_signaling,message_encryption,sender,839,false,not_applicable,unclear,gamma=8;p=2^-8;curve=P-256,-1,,not_applicable,not_applicable,unavailable,gc,go1.18.1,Release,JerryZ
2026-08-19T13:47:53.751222765Z,FMD,sender_signaling,fmd_sender_total_signaling,sender,839,false,not_applicable,unclear,gamma=8;p=2^-8;curve=P-256,393461,269,measured,ok,unavailable,gc,go1.18.1,Release,JerryZ
2026-08-19T13:47:53.753656033Z,FMD,sender_signaling,fmd_flag_generation,sender,840,false,not_applicable,unclear,gamma=8;p=2^-8;curve=P-256,397170,270,measured,ok,unavailable,gc,go1.18.1,Release,JerryZ
2026-08-19T13:47:53.754845725Z,FMD,sender_signaling,fmd_sender_preparation,sender,840,false,not_applicable,unclear,gamma=8;p=2^-8;curve=P-256,-1,,not_applicable,not_applicable,unavailable,gc,go1.18.1,Release,JerryZ
2026-08-19T13:47:53.756142327Z,FMD,sender_signaling,message_encryption,sender,840,false,not_applicable,unclear,gamma=8;p=2^-8;curve=P-256,-1,,not_applicable,not_applicable,unavailable,gc,go1.18.1,Release,JerryZ
2026-08-19T13:47:53.758086668Z,FMD,sender_signaling,fmd_sender_total_signaling,sender,840,false,not_applicable,unclear,gamma=8;p=2^-8;curve=P-256,396684,269,measured,ok,unavailable,gc,go1.18.1,Release,JerryZ
2026-08-19T13:47:53.760327393Z,FMD,sender_signaling,fmd_flag_generation,sender,841,false,not_applicable,unclear,gamma=8;p=2^-8;curve=P-256,372742,269,measured,ok,unavailable,gc,go1.18.1,Release,JerryZ
2026-08-19T13:47:53.761549298Z,FMD,sender_signaling,fmd_sender_preparation,sender,841,false,not_applicable,unclear,gamma=8;p=2^-8;curve=P-256,-1,,not_applicable,not_applicable,unavailable,gc,go1.18.1,Release,JerryZ
2026-08-19T13:47:53.763087643Z,FMD,sender_signaling,message_encryption,sender,841,false,not_applicable,unclear,gamma=8;p=2^-8;curve=P-256,-1,,not_applicable,not_applicable,unavailable,gc,go1.18.1,Release,JerryZ
2026-08-19T13:47:53.765068417Z,FMD,sender_signaling,fmd_sender_total_signaling,sender,841,false,not_applicable,unclear,gamma=8;p=2^-8;curve=P-256,414684,269,measured,ok,unavailable,gc,go1.18.1,Release,JerryZ
2026-08-19T13:47:53.768421443Z,FMD,sender_signaling,fmd_flag_generation,sender,842,false,not_applicable,unclear,gamma=8;p=2^-8;curve=P-256,865350,270,measured,ok,unavailable,gc,go1.18.1,Release,JerryZ
2026-08-19T13:47:53.770481881Z,FMD,sender_signaling,fmd_sender_preparation,sender,842,false,not_applicable,unclear,gamma=8;p=2^-8;curve=P-256,-1,,not_applicable,not_applicable,unavailable,gc,go1.18.1,Release,JerryZ
2026-08-19T13:47:53.772340786Z,FMD,sender_signaling,message_encryption,sender,842,false,not_applicable,unclear,gamma=8;p=2^-8;curve=P-256,-1,,not_applicable,not_applicable,unavailable,gc,go1.18.1,Release,JerryZ
2026-08-19T13:47:53.774342788Z,FMD,sender_signaling,fmd_sender_total_signaling,sender,842,false,not_applicable,unclear,gamma=8;p=2^-8;curve=P-256,444935,269,measured,ok,unavailable,gc,go1.18.1,Release,JerryZ
2026-08-19T13:47:53.776257158Z,FMD,sender_signaling,fmd_flag_generation,sender,843,false,not_applicable,unclear,gamma=8;p=2^-8;curve=P-256,354814,269,measured,ok,unavailable,gc,go1.18.1,Release,JerryZ
2026-08-19T13:47:53.777447797Z,FMD,sender_signaling,fmd_sender_preparation,sender,843,false,not_applicable,unclear,gamma=8;p=2^-8;curve=P-256,-1,,not_applicable,not_applicable,unavailable,gc,go1.18.1,Release,JerryZ
2026-08-19T13:47:53.77887804Z,FMD,sender_signaling,message_encryption,sender,843,false,not_applicable,unclear,gamma=8;p=2^-8;curve=P-256,-1,,not_applicable,not_applicable,unavailable,gc,go1.18.1,Release,JerryZ
2026-08-19T13:47:53.781464314Z,FMD,sender_signaling,fmd_sender_total_signaling,sender,843,false,not_applicable,unclear,gamma=8;p=2^-8;curve=P-256,797876,268,measured,ok,unavailable,gc,go1.18.1,Release,JerryZ
2026-08-19T13:47:53.784794702Z,FMD,sender_signaling,fmd_flag_generation,sender,844,false,not_applicable,unclear,gamma=8;p=2^-8;curve=P-256,807556,269,measured,ok,unavailable,gc,go1.18.1,Release,JerryZ
2026-08-19T13:47:53.785959507Z,FMD,sender_signaling,fmd_sender_preparation,sender,844,false,not_applicable,unclear,gamma=8;p=2^-8;curve=P-256,-1,,not_applicable,not_applicable,unavailable,gc,go1.18.1,Release,JerryZ
2026-08-19T13:47:53.787270325Z,FMD,sender_signaling,message_encryption,sender,844,false,not_applicable,unclear,gamma=8;p=2^-8;curve=P-256,-1,,not_applicable,not_applicable,unavailable,gc,go1.18.1,Release,JerryZ
2026-08-19T13:47:53.789404322Z,FMD,sender_signaling,fmd_sender_total_signaling,sender,844,false,not_applicable,unclear,gamma=8;p=2^-8;curve=P-256,370207,270,measured,ok,unavailable,gc,go1.18.1,Release,JerryZ
2026-08-19T13:47:53.791436423Z,FMD,sender_signaling,fmd_flag_generation,sender,845,false,not_applicable,unclear,gamma=8;p=2^-8;curve=P-256,357873,268,measured,ok,unavailable,gc,go1.18.1,Release,JerryZ
2026-08-19T13:47:53.793054374Z,FMD,sender_signaling,fmd_sender_preparation,sender,845,false,not_applicable,unclear,gamma=8;p=2^-8;curve=P-256,-1,,not_applicable,not_applicable,unavailable,gc,go1.18.1,Release,JerryZ
2026-08-19T13:47:53.794227518Z,FMD,sender_signaling,message_encryption,sender,845,false,not_applicable,unclear,gamma=8;p=2^-8;curve=P-256,-1,,not_applicable,not_applicable,unavailable,gc,go1.18.1,Release,JerryZ
2026-08-19T13:47:53.796490178Z,FMD,sender_signaling,fmd_sender_total_signaling,sender,845,false,not_applicable,unclear,gamma=8;p=2^-8;curve=P-256,499221,269,measured,ok,unavailable,gc,go1.18.1,Release,JerryZ
2026-08-19T13:47:53.798774062Z,FMD,sender_signaling,fmd_flag_generation,sender,846,false,not_applicable,unclear,gamma=8;p=2^-8;curve=P-256,409661,269,measured,ok,unavailable,gc,go1.18.1,Release,JerryZ
2026-08-19T13:47:53.8001921Z,FMD,sender_signaling,fmd_sender_preparation,sender,846,false,not_applicable,unclear,gamma=8;p=2^-8;curve=P-256,-1,,not_applicable,not_applicable,unavailable,gc,go1.18.1,Release,JerryZ
2026-08-19T13:47:53.801506536Z,FMD,sender_signaling,message_encryption,sender,846,false,not_applicable,unclear,gamma=8;p=2^-8;curve=P-256,-1,,not_applicable,not_applicable,unavailable,gc,go1.18.1,Release,JerryZ
2026-08-19T13:47:53.803400651Z,FMD,sender_signaling,fmd_sender_total_signaling,sender,846,false,not_applicable,unclear,gamma=8;p=2^-8;curve=P-256,359443,269,measured,ok,unavailable,gc,go1.18.1,Release,JerryZ
2026-08-19T13:47:53.805531662Z,FMD,sender_signaling,fmd_flag_generation,sender,847,false,not_applicable,unclear,gamma=8;p=2^-8;curve=P-256,361418,269,measured,ok,unavailable,gc,go1.18.1,Release,JerryZ
2026-08-19T13:47:53.806968453Z,FMD,sender_signaling,fmd_sender_preparation,sender,847,false,not_applicable,unclear,gamma=8;p=2^-8;curve=P-256,-1,,not_applicable,not_applicable,unavailable,gc,go1.18.1,Release,JerryZ
2026-08-19T13:47:53.808043836Z,FMD,sender_signaling,message_encryption,sender,847,false,not_applicable,unclear,gamma=8;p=2^-8;curve=P-256,-1,,not_applicable,not_applicable,unavailable,gc,go1.18.1,Release,JerryZ
2026-08-19T13:47:53.810329125Z,FMD,sender_signaling,fmd_sender_total_signaling,sender,847,false,not_applicable,unclear,gamma=8;p=2^-8;curve=P-256,771014,270,measured,ok,unavailable,gc,go1.18.1,Release,JerryZ
2026-08-19T13:47:53.813406275Z,FMD,sender_signaling,fmd_flag_generation,sender,848,false,not_applicable,unclear,gamma=8;p=2^-8;curve=P-256,834107,268,measured,ok,unavailable,gc,go1.18.1,Release,JerryZ
2026-08-19T13:47:53.815156784Z,FMD,sender_signaling,fmd_sender_preparation,sender,848,false,not_applicable,unclear,gamma=8;p=2^-8;curve=P-256,-1,,not_applicable,not_applicable,unavailable,gc,go1.18.1,Release,JerryZ
2026-08-19T13:47:53.816250837Z,FMD,sender_signaling,message_encryption,sender,848,false,not_applicable,unclear,gamma=8;p=2^-8;curve=P-256,-1,,not_applicable,not_applicable,unavailable,gc,go1.18.1,Release,JerryZ
2026-08-19T13:47:53.818120552Z,FMD,sender_signaling,fmd_sender_total_signaling,sender,848,false,not_applicable,unclear,gamma=8;p=2^-8;curve=P-256,389502,269,measured,ok,unavailable,gc,go1.18.1,Release,JerryZ
2026-08-19T13:47:53.820366199Z,FMD,sender_signaling,fmd_flag_generation,sender,849,false,not_applicable,unclear,gamma=8;p=2^-8;curve=P-256,373890,269,measured,ok,unavailable,gc,go1.18.1,Release,JerryZ
2026-08-19T13:47:53.821810911Z,FMD,sender_signaling,fmd_sender_preparation,sender,849,false,not_applicable,unclear,gamma=8;p=2^-8;curve=P-256,-1,,not_applicable,not_applicable,unavailable,gc,go1.18.1,Release,JerryZ
2026-08-19T13:47:53.822885981Z,FMD,sender_signaling,message_encryption,sender,849,false,not_applicable,unclear,gamma=8;p=2^-8;curve=P-256,-1,,not_applicable,not_applicable,unavailable,gc,go1.18.1,Release,JerryZ
2026-08-19T13:47:53.824904969Z,FMD,sender_signaling,fmd_sender_total_signaling,sender,849,false,not_applicable,unclear,gamma=8;p=2^-8;curve=P-256,408072,269,measured,ok,unavailable,gc,go1.18.1,Release,JerryZ
2026-08-19T13:47:53.827385183Z,FMD,sender_signaling,fmd_flag_generation,sender,850,false,not_applicable,unclear,gamma=8;p=2^-8;curve=P-256,437258,269,measured,ok,unavailable,gc,go1.18.1,Release,JerryZ
2026-08-19T13:47:53.82916902Z,FMD,sender_signaling,fmd_sender_preparation,sender,850,false,not_applicable,unclear,gamma=8;p=2^-8;curve=P-256,-1,,not_applicable,not_applicable,unavailable,gc,go1.18.1,Release,JerryZ
2026-08-19T13:47:53.830766037Z,FMD,sender_signaling,message_encryption,sender,850,false,not_applicable,unclear,gamma=8;p=2^-8;curve=P-256,-1,,not_applicable,not_applicable,unavailable,gc,go1.18.1,Release,JerryZ
2026-08-19T13:47:53.832676936Z,FMD,sender_signaling,fmd_sender_total_signaling,sender,850,false,not_applicable,unclear,gamma=8;p=2^-8;curve=P-256,402625,269,measured,ok,unavailable,gc,go1.18.1,Release,JerryZ
2026-08-19T13:47:53.835242074Z,FMD,sender_signaling,fmd_flag_generation,sender,851,false,not_applicable,unclear,gamma=8;p=2^-8;curve=P-256,672527,268,measured,ok,unavailable,gc,go1.18.1,Release,JerryZ
2026-08-19T13:47:53.836667734Z,FMD,sender_signaling,fmd_sender_preparation,sender,851,false,not_applicable,unclear,gamma=8;p=2^-8;curve=P-256,-1,,not_applicable,not_applicable,unavailable,gc,go1.18.1,Release,JerryZ
2026-08-19T13:47:53.837778153Z,FMD,sender_signaling,message_encryption,sender,851,false,not_applicable,unclear,gamma=8;p=2^-8;curve=P-256,-1,,not_applicable,not_applicable,unavailable,gc,go1.18.1,Release,JerryZ
2026-08-19T13:47:53.839629812Z,FMD,sender_signaling,fmd_sender_total_signaling,sender,851,false,not_applicable,unclear,gamma=8;p=2^-8;curve=P-256,363880,270,measured,ok,unavailable,gc,go1.18.1,Release,JerryZ
2026-08-19T13:47:53.842213908Z,FMD,sender_signaling,fmd_flag_generation,sender,852,false,not_applicable,unclear,gamma=8;p=2^-8;curve=P-256,771170,269,measured,ok,unavailable,gc,go1.18.1,Release,JerryZ
2026-08-19T13:47:53.843726898Z,FMD,sender_signaling,fmd_sender_preparation,sender,852,false,not_applicable,unclear,gamma=8;p=2^-8;curve=P-256,-1,,not_applicable,not_applicable,unavailable,gc,go1.18.1,Release,JerryZ
2026-08-19T13:47:53.845201788Z,FMD,sender_signaling,message_encryption,sender,852,false,not_applicable,unclear,gamma=8;p=2^-8;curve=P-256,-1,,not_applicable,not_applicable,unavailable,gc,go1.18.1,Release,JerryZ
2026-08-19T13:47:53.847178649Z,FMD,sender_signaling,fmd_sender_total_signaling,sender,852,false,not_applicable,unclear,gamma=8;p=2^-8;curve=P-256,379235,270,measured,ok,unavailable,gc,go1.18.1,Release,JerryZ
2026-08-19T13:47:53.849228365Z,FMD,sender_signaling,fmd_flag_generation,sender,853,false,not_applicable,unclear,gamma=8;p=2^-8;curve=P-256,357303,268,measured,ok,unavailable,gc,go1.18.1,Release,JerryZ
2026-08-19T13:47:53.850590805Z,FMD,sender_signaling,fmd_sender_preparation,sender,853,false,not_applicable,unclear,gamma=8;p=2^-8;curve=P-256,-1,,not_applicable,not_applicable,unavailable,gc,go1.18.1,Release,JerryZ
2026-08-19T13:47:53.851710187Z,FMD,sender_signaling,message_encryption,sender,853,false,not_applicable,unclear,gamma=8;p=2^-8;curve=P-256,-1,,not_applicable,not_applicable,unavailable,gc,go1.18.1,Release,JerryZ
2026-08-19T13:47:53.853632239Z,FMD,sender_signaling,fmd_sender_total_signaling,sender,853,false,not_applicable,unclear,gamma=8;p=2^-8;curve=P-256,383689,269,measured,ok,unavailable,gc,go1.18.1,Release,JerryZ
2026-08-19T13:47:53.855877285Z,FMD,sender_signaling,fmd_flag_generation,sender,854,false,not_applicable,unclear,gamma=8;p=2^-8;curve=P-256,381788,269,measured,ok,unavailable,gc,go1.18.1,Release,JerryZ
2026-08-19T13:47:53.857115546Z,FMD,sender_signaling,fmd_sender_preparation,sender,854,false,not_applicable,unclear,gamma=8;p=2^-8;curve=P-256,-1,,not_applicable,not_applicable,unavailable,gc,go1.18.1,Release,JerryZ
2026-08-19T13:47:53.858682807Z,FMD,sender_signaling,message_encryption,sender,854,false,not_applicable,unclear,gamma=8;p=2^-8;curve=P-256,-1,,not_applicable,not_applicable,unavailable,gc,go1.18.1,Release,JerryZ
2026-08-19T13:47:53.863810573Z,FMD,sender_signaling,fmd_sender_total_signaling,sender,854,false,not_applicable,unclear,gamma=8;p=2^-8;curve=P-256,387592,269,measured,ok,unavailable,gc,go1.18.1,Release,JerryZ
2026-08-19T13:47:53.866467176Z,FMD,sender_signaling,fmd_flag_generation,sender,855,false,not_applicable,unclear,gamma=8;p=2^-8;curve=P-256,752335,270,measured,ok,unavailable,gc,go1.18.1,Release,JerryZ
2026-08-19T13:47:53.867605683Z,FMD,sender_signaling,fmd_sender_preparation,sender,855,false,not_applicable,unclear,gamma=8;p=2^-8;curve=P-256,-1,,not_applicable,not_applicable,unavailable,gc,go1.18.1,Release,JerryZ
2026-08-19T13:47:53.868859469Z,FMD,sender_signaling,message_encryption,sender,855,false,not_applicable,unclear,gamma=8;p=2^-8;curve=P-256,-1,,not_applicable,not_applicable,unavailable,gc,go1.18.1,Release,JerryZ
2026-08-19T13:47:53.871075081Z,FMD,sender_signaling,fmd_sender_total_signaling,sender,855,false,not_applicable,unclear,gamma=8;p=2^-8;curve=P-256,355807,269,measured,ok,unavailable,gc,go1.18.1,Release,JerryZ
2026-08-19T13:47:53.873049867Z,FMD,sender_signaling,fmd_flag_generation,sender,856,false,not_applicable,unclear,gamma=8;p=2^-8;curve=P-256,374256,269,measured,ok,unavailable,gc,go1.18.1,Release,JerryZ
2026-08-19T13:47:53.874698271Z,FMD,sender_signaling,fmd_sender_preparation,sender,856,false,not_applicable,unclear,gamma=8;p=2^-8;curve=P-256,-1,,not_applicable,not_applicable,unavailable,gc,go1.18.1,Release,JerryZ
2026-08-19T13:47:53.87597764Z,FMD,sender_signaling,message_encryption,sender,856,false,not_applicable,unclear,gamma=8;p=2^-8;curve=P-256,-1,,not_applicable,not_applicable,unavailable,gc,go1.18.1,Release,JerryZ
2026-08-19T13:47:53.879050112Z,FMD,sender_signaling,fmd_sender_total_signaling,sender,856,false,not_applicable,unclear,gamma=8;p=2^-8;curve=P-256,805628,270,measured,ok,unavailable,gc,go1.18.1,Release,JerryZ
2026-08-19T13:47:53.881419845Z,FMD,sender_signaling,fmd_flag_generation,sender,857,false,not_applicable,unclear,gamma=8;p=2^-8;curve=P-256,360022,270,measured,ok,unavailable,gc,go1.18.1,Release,JerryZ
2026-08-19T13:47:53.882627511Z,FMD,sender_signaling,fmd_sender_preparation,sender,857,false,not_applicable,unclear,gamma=8;p=2^-8;curve=P-256,-1,,not_applicable,not_applicable,unavailable,gc,go1.18.1,Release,JerryZ
2026-08-19T13:47:53.883692644Z,FMD,sender_signaling,message_encryption,sender,857,false,not_applicable,unclear,gamma=8;p=2^-8;curve=P-256,-1,,not_applicable,not_applicable,unavailable,gc,go1.18.1,Release,JerryZ
2026-08-19T13:47:53.886218621Z,FMD,sender_signaling,fmd_sender_total_signaling,sender,857,false,not_applicable,unclear,gamma=8;p=2^-8;curve=P-256,813306,270,measured,ok,unavailable,gc,go1.18.1,Release,JerryZ
2026-08-19T13:47:53.888380003Z,FMD,sender_signaling,fmd_flag_generation,sender,858,false,not_applicable,unclear,gamma=8;p=2^-8;curve=P-256,378968,269,measured,ok,unavailable,gc,go1.18.1,Release,JerryZ
2026-08-19T13:47:53.889909872Z,FMD,sender_signaling,fmd_sender_preparation,sender,858,false,not_applicable,unclear,gamma=8;p=2^-8;curve=P-256,-1,,not_applicable,not_applicable,unavailable,gc,go1.18.1,Release,JerryZ
2026-08-19T13:47:53.891218779Z,FMD,sender_signaling,message_encryption,sender,858,false,not_applicable,unclear,gamma=8;p=2^-8;curve=P-256,-1,,not_applicable,not_applicable,unavailable,gc,go1.18.1,Release,JerryZ
2026-08-19T13:47:53.893756631Z,FMD,sender_signaling,fmd_sender_total_signaling,sender,858,false,not_applicable,unclear,gamma=8;p=2^-8;curve=P-256,425116,268,measured,ok,unavailable,gc,go1.18.1,Release,JerryZ
2026-08-19T13:47:53.895831327Z,FMD,sender_signaling,fmd_flag_generation,sender,859,false,not_applicable,unclear,gamma=8;p=2^-8;curve=P-256,398732,270,measured,ok,unavailable,gc,go1.18.1,Release,JerryZ
2026-08-19T13:47:53.89746624Z,FMD,sender_signaling,fmd_sender_preparation,sender,859,false,not_applicable,unclear,gamma=8;p=2^-8;curve=P-256,-1,,not_applicable,not_applicable,unavailable,gc,go1.18.1,Release,JerryZ
2026-08-19T13:47:53.899007667Z,FMD,sender_signaling,message_encryption,sender,859,false,not_applicable,unclear,gamma=8;p=2^-8;curve=P-256,-1,,not_applicable,not_applicable,unavailable,gc,go1.18.1,Release,JerryZ
2026-08-19T13:47:53.901128672Z,FMD,sender_signaling,fmd_sender_total_signaling,sender,859,false,not_applicable,unclear,gamma=8;p=2^-8;curve=P-256,380364,269,measured,ok,unavailable,gc,go1.18.1,Release,JerryZ
2026-08-19T13:47:53.903270281Z,FMD,sender_signaling,fmd_flag_generation,sender,860,false,not_applicable,unclear,gamma=8;p=2^-8;curve=P-256,367066,269,measured,ok,unavailable,gc,go1.18.1,Release,JerryZ
2026-08-19T13:47:53.905023903Z,FMD,sender_signaling,fmd_sender_preparation,sender,860,false,not_applicable,unclear,gamma=8;p=2^-8;curve=P-256,-1,,not_applicable,not_applicable,unavailable,gc,go1.18.1,Release,JerryZ
2026-08-19T13:47:53.906731096Z,FMD,sender_signaling,message_encryption,sender,860,false,not_applicable,unclear,gamma=8;p=2^-8;curve=P-256,-1,,not_applicable,not_applicable,unavailable,gc,go1.18.1,Release,JerryZ
2026-08-19T13:47:53.908738099Z,FMD,sender_signaling,fmd_sender_total_signaling,sender,860,false,not_applicable,unclear,gamma=8;p=2^-8;curve=P-256,383404,270,measured,ok,unavailable,gc,go1.18.1,Release,JerryZ
2026-08-19T13:47:53.910776051Z,FMD,sender_signaling,fmd_flag_generation,sender,861,false,not_applicable,unclear,gamma=8;p=2^-8;curve=P-256,394425,269,measured,ok,unavailable,gc,go1.18.1,Release,JerryZ
2026-08-19T13:47:53.912057981Z,FMD,sender_signaling,fmd_sender_preparation,sender,861,false,not_applicable,unclear,gamma=8;p=2^-8;curve=P-256,-1,,not_applicable,not_applicable,unavailable,gc,go1.18.1,Release,JerryZ
2026-08-19T13:47:53.913462151Z,FMD,sender_signaling,message_encryption,sender,861,false,not_applicable,unclear,gamma=8;p=2^-8;curve=P-256,-1,,not_applicable,not_applicable,unavailable,gc,go1.18.1,Release,JerryZ
2026-08-19T13:47:53.915332481Z,FMD,sender_signaling,fmd_sender_total_signaling,sender,861,false,not_applicable,unclear,gamma=8;p=2^-8;curve=P-256,380823,268,measured,ok,unavailable,gc,go1.18.1,Release,JerryZ
2026-08-19T13:47:53.917250052Z,FMD,sender_signaling,fmd_flag_generation,sender,862,false,not_applicable,unclear,gamma=8;p=2^-8;curve=P-256,376268,269,measured,ok,unavailable,gc,go1.18.1,Release,JerryZ
2026-08-19T13:47:53.918894819Z,FMD,sender_signaling,fmd_sender_preparation,sender,862,false,not_applicable,unclear,gamma=8;p=2^-8;curve=P-256,-1,,not_applicable,not_applicable,unavailable,gc,go1.18.1,Release,JerryZ
2026-08-19T13:47:53.920874693Z,FMD,sender_signaling,message_encryption,sender,862,false,not_applicable,unclear,gamma=8;p=2^-8;curve=P-256,-1,,not_applicable,not_applicable,unavailable,gc,go1.18.1,Release,JerryZ
2026-08-19T13:47:53.923263965Z,FMD,sender_signaling,fmd_sender_total_signaling,sender,862,false,not_applicable,unclear,gamma=8;p=2^-8;curve=P-256,399806,269,measured,ok,unavailable,gc,go1.18.1,Release,JerryZ
2026-08-19T13:47:53.925698469Z,FMD,sender_signaling,fmd_flag_generation,sender,863,false,not_applicable,unclear,gamma=8;p=2^-8;curve=P-256,819688,268,measured,ok,unavailable,gc,go1.18.1,Release,JerryZ
2026-08-19T13:47:53.926965011Z,FMD,sender_signaling,fmd_sender_preparation,sender,863,false,not_applicable,unclear,gamma=8;p=2^-8;curve=P-256,-1,,not_applicable,not_applicable,unavailable,gc,go1.18.1,Release,JerryZ
2026-08-19T13:47:53.928454876Z,FMD,sender_signaling,message_encryption,sender,863,false,not_applicable,unclear,gamma=8;p=2^-8;curve=P-256,-1,,not_applicable,not_applicable,unavailable,gc,go1.18.1,Release,JerryZ
2026-08-19T13:47:53.930580937Z,FMD,sender_signaling,fmd_sender_total_signaling,sender,863,false,not_applicable,unclear,gamma=8;p=2^-8;curve=P-256,370152,270,measured,ok,unavailable,gc,go1.18.1,Release,JerryZ
2026-08-19T13:47:53.932544031Z,FMD,sender_signaling,fmd_flag_generation,sender,864,false,not_applicable,unclear,gamma=8;p=2^-8;curve=P-256,369023,268,measured,ok,unavailable,gc,go1.18.1,Release,JerryZ
2026-08-19T13:47:53.933918713Z,FMD,sender_signaling,fmd_sender_preparation,sender,864,false,not_applicable,unclear,gamma=8;p=2^-8;curve=P-256,-1,,not_applicable,not_applicable,unavailable,gc,go1.18.1,Release,JerryZ
2026-08-19T13:47:53.935661664Z,FMD,sender_signaling,message_encryption,sender,864,false,not_applicable,unclear,gamma=8;p=2^-8;curve=P-256,-1,,not_applicable,not_applicable,unavailable,gc,go1.18.1,Release,JerryZ
2026-08-19T13:47:53.938732477Z,FMD,sender_signaling,fmd_sender_total_signaling,sender,864,false,not_applicable,unclear,gamma=8;p=2^-8;curve=P-256,953661,269,measured,ok,unavailable,gc,go1.18.1,Release,JerryZ
2026-08-19T13:47:53.941117584Z,FMD,sender_signaling,fmd_flag_generation,sender,865,false,not_applicable,unclear,gamma=8;p=2^-8;curve=P-256,843915,270,measured,ok,unavailable,gc,go1.18.1,Release,JerryZ
2026-08-19T13:47:53.942821587Z,FMD,sender_signaling,fmd_sender_preparation,sender,865,false,not_applicable,unclear,gamma=8;p=2^-8;curve=P-256,-1,,not_applicable,not_applicable,unavailable,gc,go1.18.1,Release,JerryZ
2026-08-19T13:47:53.944009094Z,FMD,sender_signaling,message_encryption,sender,865,false,not_applicable,unclear,gamma=8;p=2^-8;curve=P-256,-1,,not_applicable,not_applicable,unavailable,gc,go1.18.1,Release,JerryZ
2026-08-19T13:47:53.946216302Z,FMD,sender_signaling,fmd_sender_total_signaling,sender,865,false,not_applicable,unclear,gamma=8;p=2^-8;curve=P-256,519471,270,measured,ok,unavailable,gc,go1.18.1,Release,JerryZ
2026-08-19T13:47:53.948751101Z,FMD,sender_signaling,fmd_flag_generation,sender,866,false,not_applicable,unclear,gamma=8;p=2^-8;curve=P-256,807685,271,measured,ok,unavailable,gc,go1.18.1,Release,JerryZ
2026-08-19T13:47:53.95089186Z,FMD,sender_signaling,fmd_sender_preparation,sender,866,false,not_applicable,unclear,gamma=8;p=2^-8;curve=P-256,-1,,not_applicable,not_applicable,unavailable,gc,go1.18.1,Release,JerryZ
2026-08-19T13:47:53.952310459Z,FMD,sender_signaling,message_encryption,sender,866,false,not_applicable,unclear,gamma=8;p=2^-8;curve=P-256,-1,,not_applicable,not_applicable,unavailable,gc,go1.18.1,Release,JerryZ
2026-08-19T13:47:53.954202273Z,FMD,sender_signaling,fmd_sender_total_signaling,sender,866,false,not_applicable,unclear,gamma=8;p=2^-8;curve=P-256,397510,269,measured,ok,unavailable,gc,go1.18.1,Release,JerryZ
2026-08-19T13:47:53.956567429Z,FMD,sender_signaling,fmd_flag_generation,sender,867,false,not_applicable,unclear,gamma=8;p=2^-8;curve=P-256,796178,268,measured,ok,unavailable,gc,go1.18.1,Release,JerryZ
2026-08-19T13:47:53.95836332Z,FMD,sender_signaling,fmd_sender_preparation,sender,867,false,not_applicable,unclear,gamma=8;p=2^-8;curve=P-256,-1,,not_applicable,not_applicable,unavailable,gc,go1.18.1,Release,JerryZ
2026-08-19T13:47:53.959526807Z,FMD,sender_signaling,message_encryption,sender,867,false,not_applicable,unclear,gamma=8;p=2^-8;curve=P-256,-1,,not_applicable,not_applicable,unavailable,gc,go1.18.1,Release,JerryZ
2026-08-19T13:47:53.961982082Z,FMD,sender_signaling,fmd_sender_total_signaling,sender,867,false,not_applicable,unclear,gamma=8;p=2^-8;curve=P-256,867104,270,measured,ok,unavailable,gc,go1.18.1,Release,JerryZ
2026-08-19T13:47:53.96406779Z,FMD,sender_signaling,fmd_flag_generation,sender,868,false,not_applicable,unclear,gamma=8;p=2^-8;curve=P-256,381714,269,measured,ok,unavailable,gc,go1.18.1,Release,JerryZ
2026-08-19T13:47:53.966116216Z,FMD,sender_signaling,fmd_sender_preparation,sender,868,false,not_applicable,unclear,gamma=8;p=2^-8;curve=P-256,-1,,not_applicable,not_applicable,unavailable,gc,go1.18.1,Release,JerryZ
2026-08-19T13:47:53.967674271Z,FMD,sender_signaling,message_encryption,sender,868,false,not_applicable,unclear,gamma=8;p=2^-8;curve=P-256,-1,,not_applicable,not_applicable,unavailable,gc,go1.18.1,Release,JerryZ
2026-08-19T13:47:53.969765709Z,FMD,sender_signaling,fmd_sender_total_signaling,sender,868,false,not_applicable,unclear,gamma=8;p=2^-8;curve=P-256,413123,269,measured,ok,unavailable,gc,go1.18.1,Release,JerryZ
2026-08-19T13:47:53.971589532Z,FMD,sender_signaling,fmd_flag_generation,sender,869,false,not_applicable,unclear,gamma=8;p=2^-8;curve=P-256,358754,268,measured,ok,unavailable,gc,go1.18.1,Release,JerryZ
2026-08-19T13:47:53.973112743Z,FMD,sender_signaling,fmd_sender_preparation,sender,869,false,not_applicable,unclear,gamma=8;p=2^-8;curve=P-256,-1,,not_applicable,not_applicable,unavailable,gc,go1.18.1,Release,JerryZ
2026-08-19T13:47:53.974571888Z,FMD,sender_signaling,message_encryption,sender,869,false,not_applicable,unclear,gamma=8;p=2^-8;curve=P-256,-1,,not_applicable,not_applicable,unavailable,gc,go1.18.1,Release,JerryZ
2026-08-19T13:47:53.976972167Z,FMD,sender_signaling,fmd_sender_total_signaling,sender,869,false,not_applicable,unclear,gamma=8;p=2^-8;curve=P-256,446368,269,measured,ok,unavailable,gc,go1.18.1,Release,JerryZ
2026-08-19T13:47:53.979312425Z,FMD,sender_signaling,fmd_flag_generation,sender,870,false,not_applicable,unclear,gamma=8;p=2^-8;curve=P-256,362382,268,measured,ok,unavailable,gc,go1.18.1,Release,JerryZ
2026-08-19T13:47:53.981286471Z,FMD,sender_signaling,fmd_sender_preparation,sender,870,false,not_applicable,unclear,gamma=8;p=2^-8;curve=P-256,-1,,not_applicable,not_applicable,unavailable,gc,go1.18.1,Release,JerryZ
2026-08-19T13:47:53.982703729Z,FMD,sender_signaling,message_encryption,sender,870,false,not_applicable,unclear,gamma=8;p=2^-8;curve=P-256,-1,,not_applicable,not_applicable,unavailable,gc,go1.18.1,Release,JerryZ
2026-08-19T13:47:53.984966463Z,FMD,sender_signaling,fmd_sender_total_signaling,sender,870,false,not_applicable,unclear,gamma=8;p=2^-8;curve=P-256,420974,270,measured,ok,unavailable,gc,go1.18.1,Release,JerryZ
2026-08-19T13:47:53.986821088Z,FMD,sender_signaling,fmd_flag_generation,sender,871,false,not_applicable,unclear,gamma=8;p=2^-8;curve=P-256,372769,268,measured,ok,unavailable,gc,go1.18.1,Release,JerryZ
2026-08-19T13:47:53.988196068Z,FMD,sender_signaling,fmd_sender_preparation,sender,871,false,not_applicable,unclear,gamma=8;p=2^-8;curve=P-256,-1,,not_applicable,not_applicable,unavailable,gc,go1.18.1,Release,JerryZ
2026-08-19T13:47:53.989331623Z,FMD,sender_signaling,message_encryption,sender,871,false,not_applicable,unclear,gamma=8;p=2^-8;curve=P-256,-1,,not_applicable,not_applicable,unavailable,gc,go1.18.1,Release,JerryZ
2026-08-19T13:47:53.991313099Z,FMD,sender_signaling,fmd_sender_total_signaling,sender,871,false,not_applicable,unclear,gamma=8;p=2^-8;curve=P-256,362290,268,measured,ok,unavailable,gc,go1.18.1,Release,JerryZ
2026-08-19T13:47:53.99322493Z,FMD,sender_signaling,fmd_flag_generation,sender,872,false,not_applicable,unclear,gamma=8;p=2^-8;curve=P-256,418734,269,measured,ok,unavailable,gc,go1.18.1,Release,JerryZ
2026-08-19T13:47:53.994749702Z,FMD,sender_signaling,fmd_sender_preparation,sender,872,false,not_applicable,unclear,gamma=8;p=2^-8;curve=P-256,-1,,not_applicable,not_applicable,unavailable,gc,go1.18.1,Release,JerryZ
2026-08-19T13:47:53.996441333Z,FMD,sender_signaling,message_encryption,sender,872,false,not_applicable,unclear,gamma=8;p=2^-8;curve=P-256,-1,,not_applicable,not_applicable,unavailable,gc,go1.18.1,Release,JerryZ
2026-08-19T13:47:53.999168307Z,FMD,sender_signaling,fmd_sender_total_signaling,sender,872,false,not_applicable,unclear,gamma=8;p=2^-8;curve=P-256,466150,269,measured,ok,unavailable,gc,go1.18.1,Release,JerryZ
2026-08-19T13:47:54.001403627Z,FMD,sender_signaling,fmd_flag_generation,sender,873,false,not_applicable,unclear,gamma=8;p=2^-8;curve=P-256,379712,269,measured,ok,unavailable,gc,go1.18.1,Release,JerryZ
2026-08-19T13:47:56.93919754Z,FMD,sender_signaling,fmd_sender_preparation,sender,873,false,not_applicable,unclear,gamma=8;p=2^-8;curve=P-256,-1,,not_applicable,not_applicable,unavailable,gc,go1.18.1,Release,JerryZ
2026-08-19T13:47:56.940671952Z,FMD,sender_signaling,message_encryption,sender,873,false,not_applicable,unclear,gamma=8;p=2^-8;curve=P-256,-1,,not_applicable,not_applicable,unavailable,gc,go1.18.1,Release,JerryZ
2026-08-19T13:47:56.94264817Z,FMD,sender_signaling,fmd_sender_total_signaling,sender,873,false,not_applicable,unclear,gamma=8;p=2^-8;curve=P-256,419230,270,measured,ok,unavailable,gc,go1.18.1,Release,JerryZ
2026-08-19T13:47:56.944479349Z,FMD,sender_signaling,fmd_flag_generation,sender,874,false,not_applicable,unclear,gamma=8;p=2^-8;curve=P-256,359085,268,measured,ok,unavailable,gc,go1.18.1,Release,JerryZ
2026-08-19T13:47:56.946260771Z,FMD,sender_signaling,fmd_sender_preparation,sender,874,false,not_applicable,unclear,gamma=8;p=2^-8;curve=P-256,-1,,not_applicable,not_applicable,unavailable,gc,go1.18.1,Release,JerryZ
2026-08-19T13:47:56.947977347Z,FMD,sender_signaling,message_encryption,sender,874,false,not_applicable,unclear,gamma=8;p=2^-8;curve=P-256,-1,,not_applicable,not_applicable,unavailable,gc,go1.18.1,Release,JerryZ
2026-08-19T13:47:56.950655096Z,FMD,sender_signaling,fmd_sender_total_signaling,sender,874,false,not_applicable,unclear,gamma=8;p=2^-8;curve=P-256,399292,269,measured,ok,unavailable,gc,go1.18.1,Release,JerryZ
2026-08-19T13:47:56.953045222Z,FMD,sender_signaling,fmd_flag_generation,sender,875,false,not_applicable,unclear,gamma=8;p=2^-8;curve=P-256,365073,269,measured,ok,unavailable,gc,go1.18.1,Release,JerryZ
2026-08-19T13:47:56.954360567Z,FMD,sender_signaling,fmd_sender_preparation,sender,875,false,not_applicable,unclear,gamma=8;p=2^-8;curve=P-256,-1,,not_applicable,not_applicable,unavailable,gc,go1.18.1,Release,JerryZ
2026-08-19T13:47:56.955515174Z,FMD,sender_signaling,message_encryption,sender,875,false,not_applicable,unclear,gamma=8;p=2^-8;curve=P-256,-1,,not_applicable,not_applicable,unavailable,gc,go1.18.1,Release,JerryZ
2026-08-19T13:47:56.958413608Z,FMD,sender_signaling,fmd_sender_total_signaling,sender,875,false,not_applicable,unclear,gamma=8;p=2^-8;curve=P-256,845623,270,measured,ok,unavailable,gc,go1.18.1,Release,JerryZ
2026-08-19T13:47:56.960353302Z,FMD,sender_signaling,fmd_flag_generation,sender,876,false,not_applicable,unclear,gamma=8;p=2^-8;curve=P-256,352941,270,measured,ok,unavailable,gc,go1.18.1,Release,JerryZ
2026-08-19T13:47:56.961650253Z,FMD,sender_signaling,fmd_sender_preparation,sender,876,false,not_applicable,unclear,gamma=8;p=2^-8;curve=P-256,-1,,not_applicable,not_applicable,unavailable,gc,go1.18.1,Release,JerryZ
2026-08-19T13:47:56.963305622Z,FMD,sender_signaling,message_encryption,sender,876,false,not_applicable,unclear,gamma=8;p=2^-8;curve=P-256,-1,,not_applicable,not_applicable,unavailable,gc,go1.18.1,Release,JerryZ
2026-08-19T13:47:56.9654136Z,FMD,sender_signaling,fmd_sender_total_signaling,sender,876,false,not_applicable,unclear,gamma=8;p=2^-8;curve=P-256,379951,269,measured,ok,unavailable,gc,go1.18.1,Release,JerryZ
2026-08-19T13:47:56.967372264Z,FMD,sender_signaling,fmd_flag_generation,sender,877,false,not_applicable,unclear,gamma=8;p=2^-8;curve=P-256,372971,269,measured,ok,unavailable,gc,go1.18.1,Release,JerryZ
2026-08-19T13:47:56.968599959Z,FMD,sender_signaling,fmd_sender_preparation,sender,877,false,not_applicable,unclear,gamma=8;p=2^-8;curve=P-256,-1,,not_applicable,not_applicable,unavailable,gc,go1.18.1,Release,JerryZ
2026-08-19T13:47:56.970008171Z,FMD,sender_signaling,message_encryption,sender,877,false,not_applicable,unclear,gamma=8;p=2^-8;curve=P-256,-1,,not_applicable,not_applicable,unavailable,gc,go1.18.1,Release,JerryZ
2026-08-19T13:47:56.972897384Z,FMD,sender_signaling,fmd_sender_total_signaling,sender,877,false,not_applicable,unclear,gamma=8;p=2^-8;curve=P-256,722753,268,measured,ok,unavailable,gc,go1.18.1,Release,JerryZ
2026-08-19T13:47:56.974813146Z,FMD,sender_signaling,fmd_flag_generation,sender,878,false,not_applicable,unclear,gamma=8;p=2^-8;curve=P-256,358093,270,measured,ok,unavailable,gc,go1.18.1,Release,JerryZ
2026-08-19T13:47:56.975955593Z,FMD,sender_signaling,fmd_sender_preparation,sender,878,false,not_applicable,unclear,gamma=8;p=2^-8;curve=P-256,-1,,not_applicable,not_applicable,unavailable,gc,go1.18.1,Release,JerryZ
2026-08-19T13:47:56.977467678Z,FMD,sender_signaling,message_encryption,sender,878,false,not_applicable,unclear,gamma=8;p=2^-8;curve=P-256,-1,,not_applicable,not_applicable,unavailable,gc,go1.18.1,Release,JerryZ
2026-08-19T13:47:56.980780419Z,FMD,sender_signaling,fmd_sender_total_signaling,sender,878,false,not_applicable,unclear,gamma=8;p=2^-8;curve=P-256,908779,269,measured,ok,unavailable,gc,go1.18.1,Release,JerryZ
2026-08-19T13:47:56.982949304Z,FMD,sender_signaling,fmd_flag_generation,sender,879,false,not_applicable,unclear,gamma=8;p=2^-8;curve=P-256,374615,270,measured,ok,unavailable,gc,go1.18.1,Release,JerryZ
2026-08-19T13:47:56.98428871Z,FMD,sender_signaling,fmd_sender_preparation,sender,879,false,not_applicable,unclear,gamma=8;p=2^-8;curve=P-256,-1,,not_applicable,not_applicable,unavailable,gc,go1.18.1,Release,JerryZ
2026-08-19T13:47:56.985968541Z,FMD,sender_signaling,message_encryption,sender,879,false,not_applicable,unclear,gamma=8;p=2^-8;curve=P-256,-1,,not_applicable,not_applicable,unavailable,gc,go1.18.1,Release,JerryZ
2026-08-19T13:47:56.98781638Z,FMD,sender_signaling,fmd_sender_total_signaling,sender,879,false,not_applicable,unclear,gamma=8;p=2^-8;curve=P-256,371116,270,measured,ok,unavailable,gc,go1.18.1,Release,JerryZ
2026-08-19T13:47:56.989827726Z,FMD,sender_signaling,fmd_flag_generation,sender,880,false,not_applicable,unclear,gamma=8;p=2^-8;curve=P-256,376296,269,measured,ok,unavailable,gc,go1.18.1,Release,JerryZ
2026-08-19T13:47:56.991068389Z,FMD,sender_signaling,fmd_sender_preparation,sender,880,false,not_applicable,unclear,gamma=8;p=2^-8;curve=P-256,-1,,not_applicable,not_applicable,unavailable,gc,go1.18.1,Release,JerryZ
2026-08-19T13:47:56.992937331Z,FMD,sender_signaling,message_encryption,sender,880,false,not_applicable,unclear,gamma=8;p=2^-8;curve=P-256,-1,,not_applicable,not_applicable,unavailable,gc,go1.18.1,Release,JerryZ
2026-08-19T13:47:56.995354844Z,FMD,sender_signaling,fmd_sender_total_signaling,sender,880,false,not_applicable,unclear,gamma=8;p=2^-8;curve=P-256,437708,269,measured,ok,unavailable,gc,go1.18.1,Release,JerryZ
2026-08-19T13:47:56.997409827Z,FMD,sender_signaling,fmd_flag_generation,sender,881,false,not_applicable,unclear,gamma=8;p=2^-8;curve=P-256,374046,269,measured,ok,unavailable,gc,go1.18.1,Release,JerryZ
2026-08-19T13:47:56.998549927Z,FMD,sender_signaling,fmd_sender_preparation,sender,881,false,not_applicable,unclear,gamma=8;p=2^-8;curve=P-256,-1,,not_applicable,not_applicable,unavailable,gc,go1.18.1,Release,JerryZ
2026-08-19T13:47:56.99994519Z,FMD,sender_signaling,message_encryption,sender,881,false,not_applicable,unclear,gamma=8;p=2^-8;curve=P-256,-1,,not_applicable,not_applicable,unavailable,gc,go1.18.1,Release,JerryZ
2026-08-19T13:47:57.001825217Z,FMD,sender_signaling,fmd_sender_total_signaling,sender,881,false,not_applicable,unclear,gamma=8;p=2^-8;curve=P-256,365495,270,measured,ok,unavailable,gc,go1.18.1,Release,JerryZ
2026-08-19T13:47:57.004764161Z,FMD,sender_signaling,fmd_flag_generation,sender,882,false,not_applicable,unclear,gamma=8;p=2^-8;curve=P-256,834464,268,measured,ok,unavailable,gc,go1.18.1,Release,JerryZ
2026-08-19T13:47:57.006440727Z,FMD,sender_signaling,fmd_sender_preparation,sender,882,false,not_applicable,unclear,gamma=8;p=2^-8;curve=P-256,-1,,not_applicable,not_applicable,unavailable,gc,go1.18.1,Release,JerryZ
2026-08-19T13:47:57.008052813Z,FMD,sender_signaling,message_encryption,sender,882,false,not_applicable,unclear,gamma=8;p=2^-8;curve=P-256,-1,,not_applicable,not_applicable,unavailable,gc,go1.18.1,Release,JerryZ
2026-08-19T13:47:57.01051613Z,FMD,sender_signaling,fmd_sender_total_signaling,sender,882,false,not_applicable,unclear,gamma=8;p=2^-8;curve=P-256,492222,268,measured,ok,unavailable,gc,go1.18.1,Release,JerryZ
2026-08-19T13:47:57.012521176Z,FMD,sender_signaling,fmd_flag_generation,sender,883,false,not_applicable,unclear,gamma=8;p=2^-8;curve=P-256,369279,269,measured,ok,unavailable,gc,go1.18.1,Release,JerryZ
2026-08-19T13:47:57.013742342Z,FMD,sender_signaling,fmd_sender_preparation,sender,883,false,not_applicable,unclear,gamma=8;p=2^-8;curve=P-256,-1,,not_applicable,not_applicable,unavailable,gc,go1.18.1,Release,JerryZ
2026-08-19T13:47:57.015491381Z,FMD,sender_signaling,message_encryption,sender,883,false,not_applicable,unclear,gamma=8;p=2^-8;curve=P-256,-1,,not_applicable,not_applicable,unavailable,gc,go1.18.1,Release,JerryZ
2026-08-19T13:47:57.017597463Z,FMD,sender_signaling,fmd_sender_total_signaling,sender,883,false,not_applicable,unclear,gamma=8;p=2^-8;curve=P-256,414307,268,measured,ok,unavailable,gc,go1.18.1,Release,JerryZ
2026-08-19T13:47:57.019567753Z,FMD,sender_signaling,fmd_flag_generation,sender,884,false,not_applicable,unclear,gamma=8;p=2^-8;curve=P-256,360775,269,measured,ok,unavailable,gc,go1.18.1,Release,JerryZ
2026-08-19T13:47:57.020920669Z,FMD,sender_signaling,fmd_sender_preparation,sender,884,false,not_applicable,unclear,gamma=8;p=2^-8;curve=P-256,-1,,not_applicable,not_applicable,unavailable,gc,go1.18.1,Release,JerryZ
2026-08-19T13:47:57.022358342Z,FMD,sender_signaling,message_encryption,sender,884,false,not_applicable,unclear,gamma=8;p=2^-8;curve=P-256,-1,,not_applicable,not_applicable,unavailable,gc,go1.18.1,Release,JerryZ
2026-08-19T13:47:57.025016685Z,FMD,sender_signaling,fmd_sender_total_signaling,sender,884,false,not_applicable,unclear,gamma=8;p=2^-8;curve=P-256,671958,270,measured,ok,unavailable,gc,go1.18.1,Release,JerryZ
2026-08-19T13:47:57.027243923Z,FMD,sender_signaling,fmd_flag_generation,sender,885,false,not_applicable,unclear,gamma=8;p=2^-8;curve=P-256,363972,271,measured,ok,unavailable,gc,go1.18.1,Release,JerryZ
2026-08-19T13:47:57.028517354Z,FMD,sender_signaling,fmd_sender_preparation,sender,885,false,not_applicable,unclear,gamma=8;p=2^-8;curve=P-256,-1,,not_applicable,not_applicable,unavailable,gc,go1.18.1,Release,JerryZ
2026-08-19T13:47:57.029657261Z,FMD,sender_signaling,message_encryption,sender,885,false,not_applicable,unclear,gamma=8;p=2^-8;curve=P-256,-1,,not_applicable,not_applicable,unavailable,gc,go1.18.1,Release,JerryZ
2026-08-19T13:47:57.031585752Z,FMD,sender_signaling,fmd_sender_total_signaling,sender,885,false,not_applicable,unclear,gamma=8;p=2^-8;curve=P-256,359994,269,measured,ok,unavailable,gc,go1.18.1,Release,JerryZ
2026-08-19T13:47:57.034410459Z,FMD,sender_signaling,fmd_flag_generation,sender,886,false,not_applicable,unclear,gamma=8;p=2^-8;curve=P-256,580984,268,measured,ok,unavailable,gc,go1.18.1,Release,JerryZ
2026-08-19T13:47:57.035999077Z,FMD,sender_signaling,fmd_sender_preparation,sender,886,false,not_applicable,unclear,gamma=8;p=2^-8;curve=P-256,-1,,not_applicable,not_applicable,unavailable,gc,go1.18.1,Release,JerryZ
2026-08-19T13:47:57.037270635Z,FMD,sender_signaling,message_encryption,sender,886,false,not_applicable,unclear,gamma=8;p=2^-8;curve=P-256,-1,,not_applicable,not_applicable,unavailable,gc,go1.18.1,Release,JerryZ
2026-08-19T13:47:57.039861735Z,FMD,sender_signaling,fmd_sender_total_signaling,sender,886,false,not_applicable,unclear,gamma=8;p=2^-8;curve=P-256,387013,271,measured,ok,unavailable,gc,go1.18.1,Release,JerryZ
2026-08-19T13:47:57.042880761Z,FMD,sender_signaling,fmd_flag_generation,sender,887,false,not_applicable,unclear,gamma=8;p=2^-8;curve=P-256,536158,269,measured,ok,unavailable,gc,go1.18.1,Release,JerryZ
2026-08-19T13:47:57.044557487Z,FMD,sender_signaling,fmd_sender_preparation,sender,887,false,not_applicable,unclear,gamma=8;p=2^-8;curve=P-256,-1,,not_applicable,not_applicable,unavailable,gc,go1.18.1,Release,JerryZ
2026-08-19T13:47:57.046019584Z,FMD,sender_signaling,message_encryption,sender,887,false,not_applicable,unclear,gamma=8;p=2^-8;curve=P-256,-1,,not_applicable,not_applicable,unavailable,gc,go1.18.1,Release,JerryZ
2026-08-19T13:47:57.048131902Z,FMD,sender_signaling,fmd_sender_total_signaling,sender,887,false,not_applicable,unclear,gamma=8;p=2^-8;curve=P-256,380933,269,measured,ok,unavailable,gc,go1.18.1,Release,JerryZ
2026-08-19T13:47:57.050509993Z,FMD,sender_signaling,fmd_flag_generation,sender,888,false,not_applicable,unclear,gamma=8;p=2^-8;curve=P-256,405904,269,measured,ok,unavailable,gc,go1.18.1,Release,JerryZ
2026-08-19T13:47:57.052167479Z,FMD,sender_signaling,fmd_sender_preparation,sender,888,false,not_applicable,unclear,gamma=8;p=2^-8;curve=P-256,-1,,not_applicable,not_applicable,unavailable,gc,go1.18.1,Release,JerryZ
2026-08-19T13:47:57.05376742Z,FMD,sender_signaling,message_encryption,sender,888,false,not_applicable,unclear,gamma=8;p=2^-8;curve=P-256,-1,,not_applicable,not_applicable,unavailable,gc,go1.18.1,Release,JerryZ
2026-08-19T13:47:57.056208622Z,FMD,sender_signaling,fmd_sender_total_signaling,sender,888,false,not_applicable,unclear,gamma=8;p=2^-8;curve=P-256,418421,269,measured,ok,unavailable,gc,go1.18.1,Release,JerryZ
2026-08-19T13:47:57.058606182Z,FMD,sender_signaling,fmd_flag_generation,sender,889,false,not_applicable,unclear,gamma=8;p=2^-8;curve=P-256,432464,269,measured,ok,unavailable,gc,go1.18.1,Release,JerryZ
2026-08-19T13:47:57.060091382Z,FMD,sender_signaling,fmd_sender_preparation,sender,889,false,not_applicable,unclear,gamma=8;p=2^-8;curve=P-256,-1,,not_applicable,not_applicable,unavailable,gc,go1.18.1,Release,JerryZ
2026-08-19T13:47:57.061222133Z,FMD,sender_signaling,message_encryption,sender,889,false,not_applicable,unclear,gamma=8;p=2^-8;curve=P-256,-1,,not_applicable,not_applicable,unavailable,gc,go1.18.1,Release,JerryZ
2026-08-19T13:47:57.063312207Z,FMD,sender_signaling,fmd_sender_total_signaling,sender,889,false,not_applicable,unclear,gamma=8;p=2^-8;curve=P-256,374698,270,measured,ok,unavailable,gc,go1.18.1,Release,JerryZ
2026-08-19T13:47:57.065961279Z,FMD,sender_signaling,fmd_flag_generation,sender,890,false,not_applicable,unclear,gamma=8;p=2^-8;curve=P-256,363769,269,measured,ok,unavailable,gc,go1.18.1,Release,JerryZ
2026-08-19T13:47:57.067259203Z,FMD,sender_signaling,fmd_sender_preparation,sender,890,false,not_applicable,unclear,gamma=8;p=2^-8;curve=P-256,-1,,not_applicable,not_applicable,unavailable,gc,go1.18.1,Release,JerryZ
2026-08-19T13:47:57.068523844Z,FMD,sender_signaling,message_encryption,sender,890,false,not_applicable,unclear,gamma=8;p=2^-8;curve=P-256,-1,,not_applicable,not_applicable,unavailable,gc,go1.18.1,Release,JerryZ
2026-08-19T13:47:57.071157414Z,FMD,sender_signaling,fmd_sender_total_signaling,sender,890,false,not_applicable,unclear,gamma=8;p=2^-8;curve=P-256,450657,269,measured,ok,unavailable,gc,go1.18.1,Release,JerryZ
2026-08-19T13:47:57.073575381Z,FMD,sender_signaling,fmd_flag_generation,sender,891,false,not_applicable,unclear,gamma=8;p=2^-8;curve=P-256,375166,268,measured,ok,unavailable,gc,go1.18.1,Release,JerryZ
2026-08-19T13:47:57.07473637Z,FMD,sender_signaling,fmd_sender_preparation,sender,891,false,not_applicable,unclear,gamma=8;p=2^-8;curve=P-256,-1,,not_applicable,not_applicable,unavailable,gc,go1.18.1,Release,JerryZ
2026-08-19T13:47:57.076053276Z,FMD,sender_signaling,message_encryption,sender,891,false,not_applicable,unclear,gamma=8;p=2^-8;curve=P-256,-1,,not_applicable,not_applicable,unavailable,gc,go1.18.1,Release,JerryZ
2026-08-19T13:47:57.078082595Z,FMD,sender_signaling,fmd_sender_total_signaling,sender,891,false,not_applicable,unclear,gamma=8;p=2^-8;curve=P-256,383285,269,measured,ok,unavailable,gc,go1.18.1,Release,JerryZ
2026-08-19T13:47:57.080190693Z,FMD,sender_signaling,fmd_flag_generation,sender,892,false,not_applicable,unclear,gamma=8;p=2^-8;curve=P-256,366561,269,measured,ok,unavailable,gc,go1.18.1,Release,JerryZ
2026-08-19T13:47:57.081448244Z,FMD,sender_signaling,fmd_sender_preparation,sender,892,false,not_applicable,unclear,gamma=8;p=2^-8;curve=P-256,-1,,not_applicable,not_applicable,unavailable,gc,go1.18.1,Release,JerryZ
2026-08-19T13:47:57.082657522Z,FMD,sender_signaling,message_encryption,sender,892,false,not_applicable,unclear,gamma=8;p=2^-8;curve=P-256,-1,,not_applicable,not_applicable,unavailable,gc,go1.18.1,Release,JerryZ
2026-08-19T13:47:57.085075567Z,FMD,sender_signaling,fmd_sender_total_signaling,sender,892,false,not_applicable,unclear,gamma=8;p=2^-8;curve=P-256,397410,269,measured,ok,unavailable,gc,go1.18.1,Release,JerryZ
2026-08-19T13:47:57.087547378Z,FMD,sender_signaling,fmd_flag_generation,sender,893,false,not_applicable,unclear,gamma=8;p=2^-8;curve=P-256,395921,269,measured,ok,unavailable,gc,go1.18.1,Release,JerryZ
2026-08-19T13:47:57.088917091Z,FMD,sender_signaling,fmd_sender_preparation,sender,893,false,not_applicable,unclear,gamma=8;p=2^-8;curve=P-256,-1,,not_applicable,not_applicable,unavailable,gc,go1.18.1,Release,JerryZ
2026-08-19T13:47:57.090077974Z,FMD,sender_signaling,message_encryption,sender,893,false,not_applicable,unclear,gamma=8;p=2^-8;curve=P-256,-1,,not_applicable,not_applicable,unavailable,gc,go1.18.1,Release,JerryZ
2026-08-19T13:47:57.092385208Z,FMD,sender_signaling,fmd_sender_total_signaling,sender,893,false,not_applicable,unclear,gamma=8;p=2^-8;curve=P-256,369270,269,measured,ok,unavailable,gc,go1.18.1,Release,JerryZ
2026-08-19T13:47:57.095114032Z,FMD,sender_signaling,fmd_flag_generation,sender,894,false,not_applicable,unclear,gamma=8;p=2^-8;curve=P-256,409559,268,measured,ok,unavailable,gc,go1.18.1,Release,JerryZ
2026-08-19T13:47:57.096235719Z,FMD,sender_signaling,fmd_sender_preparation,sender,894,false,not_applicable,unclear,gamma=8;p=2^-8;curve=P-256,-1,,not_applicable,not_applicable,unavailable,gc,go1.18.1,Release,JerryZ
2026-08-19T13:47:57.097343107Z,FMD,sender_signaling,message_encryption,sender,894,false,not_applicable,unclear,gamma=8;p=2^-8;curve=P-256,-1,,not_applicable,not_applicable,unavailable,gc,go1.18.1,Release,JerryZ
2026-08-19T13:47:57.099693165Z,FMD,sender_signaling,fmd_sender_total_signaling,sender,894,false,not_applicable,unclear,gamma=8;p=2^-8;curve=P-256,453081,269,measured,ok,unavailable,gc,go1.18.1,Release,JerryZ
2026-08-19T13:47:57.102863415Z,FMD,sender_signaling,fmd_flag_generation,sender,895,false,not_applicable,unclear,gamma=8;p=2^-8;curve=P-256,861364,270,measured,ok,unavailable,gc,go1.18.1,Release,JerryZ
2026-08-19T13:47:57.104069978Z,FMD,sender_signaling,fmd_sender_preparation,sender,895,false,not_applicable,unclear,gamma=8;p=2^-8;curve=P-256,-1,,not_applicable,not_applicable,unavailable,gc,go1.18.1,Release,JerryZ
2026-08-19T13:47:57.105441689Z,FMD,sender_signaling,message_encryption,sender,895,false,not_applicable,unclear,gamma=8;p=2^-8;curve=P-256,-1,,not_applicable,not_applicable,unavailable,gc,go1.18.1,Release,JerryZ
2026-08-19T13:47:57.108053034Z,FMD,sender_signaling,fmd_sender_total_signaling,sender,895,false,not_applicable,unclear,gamma=8;p=2^-8;curve=P-256,375497,267,measured,ok,unavailable,gc,go1.18.1,Release,JerryZ
2026-08-19T13:47:57.110134553Z,FMD,sender_signaling,fmd_flag_generation,sender,896,false,not_applicable,unclear,gamma=8;p=2^-8;curve=P-256,431279,270,measured,ok,unavailable,gc,go1.18.1,Release,JerryZ
2026-08-19T13:47:57.111327295Z,FMD,sender_signaling,fmd_sender_preparation,sender,896,false,not_applicable,unclear,gamma=8;p=2^-8;curve=P-256,-1,,not_applicable,not_applicable,unavailable,gc,go1.18.1,Release,JerryZ
2026-08-19T13:47:57.112462281Z,FMD,sender_signaling,message_encryption,sender,896,false,not_applicable,unclear,gamma=8;p=2^-8;curve=P-256,-1,,not_applicable,not_applicable,unavailable,gc,go1.18.1,Release,JerryZ
2026-08-19T13:47:57.11471673Z,FMD,sender_signaling,fmd_sender_total_signaling,sender,896,false,not_applicable,unclear,gamma=8;p=2^-8;curve=P-256,387114,269,measured,ok,unavailable,gc,go1.18.1,Release,JerryZ
2026-08-19T13:47:57.117039999Z,FMD,sender_signaling,fmd_flag_generation,sender,897,false,not_applicable,unclear,gamma=8;p=2^-8;curve=P-256,396675,269,measured,ok,unavailable,gc,go1.18.1,Release,JerryZ
2026-08-19T13:47:57.118510857Z,FMD,sender_signaling,fmd_sender_preparation,sender,897,false,not_applicable,unclear,gamma=8;p=2^-8;curve=P-256,-1,,not_applicable,not_applicable,unavailable,gc,go1.18.1,Release,JerryZ
2026-08-19T13:47:57.119627953Z,FMD,sender_signaling,message_encryption,sender,897,false,not_applicable,unclear,gamma=8;p=2^-8;curve=P-256,-1,,not_applicable,not_applicable,unavailable,gc,go1.18.1,Release,JerryZ
2026-08-19T13:47:57.121862419Z,FMD,sender_signaling,fmd_sender_total_signaling,sender,897,false,not_applicable,unclear,gamma=8;p=2^-8;curve=P-256,410055,270,measured,ok,unavailable,gc,go1.18.1,Release,JerryZ
2026-08-19T13:47:57.124039312Z,FMD,sender_signaling,fmd_flag_generation,sender,898,false,not_applicable,unclear,gamma=8;p=2^-8;curve=P-256,401036,269,measured,ok,unavailable,gc,go1.18.1,Release,JerryZ
2026-08-19T13:47:57.125255155Z,FMD,sender_signaling,fmd_sender_preparation,sender,898,false,not_applicable,unclear,gamma=8;p=2^-8;curve=P-256,-1,,not_applicable,not_applicable,unavailable,gc,go1.18.1,Release,JerryZ
2026-08-19T13:47:57.126552781Z,FMD,sender_signaling,message_encryption,sender,898,false,not_applicable,unclear,gamma=8;p=2^-8;curve=P-256,-1,,not_applicable,not_applicable,unavailable,gc,go1.18.1,Release,JerryZ
2026-08-19T13:47:57.128705751Z,FMD,sender_signaling,fmd_sender_total_signaling,sender,898,false,not_applicable,unclear,gamma=8;p=2^-8;curve=P-256,367370,269,measured,ok,unavailable,gc,go1.18.1,Release,JerryZ
2026-08-19T13:47:57.131693452Z,FMD,sender_signaling,fmd_flag_generation,sender,899,false,not_applicable,unclear,gamma=8;p=2^-8;curve=P-256,896795,268,measured,ok,unavailable,gc,go1.18.1,Release,JerryZ
2026-08-19T13:47:57.133405233Z,FMD,sender_signaling,fmd_sender_preparation,sender,899,false,not_applicable,unclear,gamma=8;p=2^-8;curve=P-256,-1,,not_applicable,not_applicable,unavailable,gc,go1.18.1,Release,JerryZ
2026-08-19T13:47:57.134963636Z,FMD,sender_signaling,message_encryption,sender,899,false,not_applicable,unclear,gamma=8;p=2^-8;curve=P-256,-1,,not_applicable,not_applicable,unavailable,gc,go1.18.1,Release,JerryZ
2026-08-19T13:47:57.137831988Z,FMD,sender_signaling,fmd_sender_total_signaling,sender,899,false,not_applicable,unclear,gamma=8;p=2^-8;curve=P-256,867820,269,measured,ok,unavailable,gc,go1.18.1,Release,JerryZ
2026-08-19T13:47:57.140112396Z,FMD,sender_signaling,fmd_flag_generation,sender,900,false,not_applicable,unclear,gamma=8;p=2^-8;curve=P-256,406648,269,measured,ok,unavailable,gc,go1.18.1,Release,JerryZ
2026-08-19T13:47:57.141476838Z,FMD,sender_signaling,fmd_sender_preparation,sender,900,false,not_applicable,unclear,gamma=8;p=2^-8;curve=P-256,-1,,not_applicable,not_applicable,unavailable,gc,go1.18.1,Release,JerryZ
2026-08-19T13:47:57.143043644Z,FMD,sender_signaling,message_encryption,sender,900,false,not_applicable,unclear,gamma=8;p=2^-8;curve=P-256,-1,,not_applicable,not_applicable,unavailable,gc,go1.18.1,Release,JerryZ
2026-08-19T13:47:57.144948302Z,FMD,sender_signaling,fmd_sender_total_signaling,sender,900,false,not_applicable,unclear,gamma=8;p=2^-8;curve=P-256,384938,269,measured,ok,unavailable,gc,go1.18.1,Release,JerryZ
2026-08-19T13:47:57.147483753Z,FMD,sender_signaling,fmd_flag_generation,sender,901,false,not_applicable,unclear,gamma=8;p=2^-8;curve=P-256,425824,269,measured,ok,unavailable,gc,go1.18.1,Release,JerryZ
2026-08-19T13:47:57.148906424Z,FMD,sender_signaling,fmd_sender_preparation,sender,901,false,not_applicable,unclear,gamma=8;p=2^-8;curve=P-256,-1,,not_applicable,not_applicable,unavailable,gc,go1.18.1,Release,JerryZ
2026-08-19T13:47:57.150335001Z,FMD,sender_signaling,message_encryption,sender,901,false,not_applicable,unclear,gamma=8;p=2^-8;curve=P-256,-1,,not_applicable,not_applicable,unavailable,gc,go1.18.1,Release,JerryZ
2026-08-19T13:47:57.152352569Z,FMD,sender_signaling,fmd_sender_total_signaling,sender,901,false,not_applicable,unclear,gamma=8;p=2^-8;curve=P-256,372603,269,measured,ok,unavailable,gc,go1.18.1,Release,JerryZ
2026-08-19T13:47:57.154470575Z,FMD,sender_signaling,fmd_flag_generation,sender,902,false,not_applicable,unclear,gamma=8;p=2^-8;curve=P-256,373862,269,measured,ok,unavailable,gc,go1.18.1,Release,JerryZ
2026-08-19T13:47:57.155647356Z,FMD,sender_signaling,fmd_sender_preparation,sender,902,false,not_applicable,unclear,gamma=8;p=2^-8;curve=P-256,-1,,not_applicable,not_applicable,unavailable,gc,go1.18.1,Release,JerryZ
2026-08-19T13:47:57.15697217Z,FMD,sender_signaling,message_encryption,sender,902,false,not_applicable,unclear,gamma=8;p=2^-8;curve=P-256,-1,,not_applicable,not_applicable,unavailable,gc,go1.18.1,Release,JerryZ
2026-08-19T13:47:57.158918027Z,FMD,sender_signaling,fmd_sender_total_signaling,sender,902,false,not_applicable,unclear,gamma=8;p=2^-8;curve=P-256,369133,268,measured,ok,unavailable,gc,go1.18.1,Release,JerryZ
2026-08-19T13:47:57.161312414Z,FMD,sender_signaling,fmd_flag_generation,sender,903,false,not_applicable,unclear,gamma=8;p=2^-8;curve=P-256,767938,269,measured,ok,unavailable,gc,go1.18.1,Release,JerryZ
2026-08-19T13:47:57.163628666Z,FMD,sender_signaling,fmd_sender_preparation,sender,903,false,not_applicable,unclear,gamma=8;p=2^-8;curve=P-256,-1,,not_applicable,not_applicable,unavailable,gc,go1.18.1,Release,JerryZ
2026-08-19T13:47:57.165691451Z,FMD,sender_signaling,message_encryption,sender,903,false,not_applicable,unclear,gamma=8;p=2^-8;curve=P-256,-1,,not_applicable,not_applicable,unavailable,gc,go1.18.1,Release,JerryZ
2026-08-19T13:47:57.167941686Z,FMD,sender_signaling,fmd_sender_total_signaling,sender,903,false,not_applicable,unclear,gamma=8;p=2^-8;curve=P-256,391541,269,measured,ok,unavailable,gc,go1.18.1,Release,JerryZ
2026-08-19T13:47:57.170260633Z,FMD,sender_signaling,fmd_flag_generation,sender,904,false,not_applicable,unclear,gamma=8;p=2^-8;curve=P-256,421921,269,measured,ok,unavailable,gc,go1.18.1,Release,JerryZ
2026-08-19T13:47:57.171798731Z,FMD,sender_signaling,fmd_sender_preparation,sender,904,false,not_applicable,unclear,gamma=8;p=2^-8;curve=P-256,-1,,not_applicable,not_applicable,unavailable,gc,go1.18.1,Release,JerryZ
2026-08-19T13:47:57.172901647Z,FMD,sender_signaling,message_encryption,sender,904,false,not_applicable,unclear,gamma=8;p=2^-8;curve=P-256,-1,,not_applicable,not_applicable,unavailable,gc,go1.18.1,Release,JerryZ
2026-08-19T13:47:57.174804387Z,FMD,sender_signaling,fmd_sender_total_signaling,sender,904,false,not_applicable,unclear,gamma=8;p=2^-8;curve=P-256,356743,268,measured,ok,unavailable,gc,go1.18.1,Release,JerryZ
2026-08-19T13:47:57.177024751Z,FMD,sender_signaling,fmd_flag_generation,sender,905,false,not_applicable,unclear,gamma=8;p=2^-8;curve=P-256,384754,270,measured,ok,unavailable,gc,go1.18.1,Release,JerryZ
2026-08-19T13:47:57.179053891Z,FMD,sender_signaling,fmd_sender_preparation,sender,905,false,not_applicable,unclear,gamma=8;p=2^-8;curve=P-256,-1,,not_applicable,not_applicable,unavailable,gc,go1.18.1,Release,JerryZ
2026-08-19T13:47:57.180170702Z,FMD,sender_signaling,message_encryption,sender,905,false,not_applicable,unclear,gamma=8;p=2^-8;curve=P-256,-1,,not_applicable,not_applicable,unavailable,gc,go1.18.1,Release,JerryZ
2026-08-19T13:47:57.182446568Z,FMD,sender_signaling,fmd_sender_total_signaling,sender,905,false,not_applicable,unclear,gamma=8;p=2^-8;curve=P-256,413232,269,measured,ok,unavailable,gc,go1.18.1,Release,JerryZ
2026-08-19T13:47:57.184895622Z,FMD,sender_signaling,fmd_flag_generation,sender,906,false,not_applicable,unclear,gamma=8;p=2^-8;curve=P-256,387371,269,measured,ok,unavailable,gc,go1.18.1,Release,JerryZ
2026-08-19T13:47:57.186545821Z,FMD,sender_signaling,fmd_sender_preparation,sender,906,false,not_applicable,unclear,gamma=8;p=2^-8;curve=P-256,-1,,not_applicable,not_applicable,unavailable,gc,go1.18.1,Release,JerryZ
2026-08-19T13:47:57.187644659Z,FMD,sender_signaling,message_encryption,sender,906,false,not_applicable,unclear,gamma=8;p=2^-8;curve=P-256,-1,,not_applicable,not_applicable,unavailable,gc,go1.18.1,Release,JerryZ
2026-08-19T13:47:57.190444042Z,FMD,sender_signaling,fmd_sender_total_signaling,sender,906,false,not_applicable,unclear,gamma=8;p=2^-8;curve=P-256,813635,270,measured,ok,unavailable,gc,go1.18.1,Release,JerryZ
2026-08-19T13:47:57.193175855Z,FMD,sender_signaling,fmd_flag_generation,sender,907,false,not_applicable,unclear,gamma=8;p=2^-8;curve=P-256,717913,269,measured,ok,unavailable,gc,go1.18.1,Release,JerryZ
2026-08-19T13:47:57.194899129Z,FMD,sender_signaling,fmd_sender_preparation,sender,907,false,not_applicable,unclear,gamma=8;p=2^-8;curve=P-256,-1,,not_applicable,not_applicable,unavailable,gc,go1.18.1,Release,JerryZ
2026-08-19T13:47:57.196029435Z,FMD,sender_signaling,message_encryption,sender,907,false,not_applicable,unclear,gamma=8;p=2^-8;curve=P-256,-1,,not_applicable,not_applicable,unavailable,gc,go1.18.1,Release,JerryZ
2026-08-19T13:47:57.197975517Z,FMD,sender_signaling,fmd_sender_total_signaling,sender,907,false,not_applicable,unclear,gamma=8;p=2^-8;curve=P-256,382688,271,measured,ok,unavailable,gc,go1.18.1,Release,JerryZ
2026-08-19T13:47:57.200564513Z,FMD,sender_signaling,fmd_flag_generation,sender,908,false,not_applicable,unclear,gamma=8;p=2^-8;curve=P-256,376939,270,measured,ok,unavailable,gc,go1.18.1,Release,JerryZ
2026-08-19T13:47:57.201968854Z,FMD,sender_signaling,fmd_sender_preparation,sender,908,false,not_applicable,unclear,gamma=8;p=2^-8;curve=P-256,-1,,not_applicable,not_applicable,unavailable,gc,go1.18.1,Release,JerryZ
2026-08-19T13:47:57.203210458Z,FMD,sender_signaling,message_encryption,sender,908,false,not_applicable,unclear,gamma=8;p=2^-8;curve=P-256,-1,,not_applicable,not_applicable,unavailable,gc,go1.18.1,Release,JerryZ
2026-08-19T13:47:57.205468967Z,FMD,sender_signaling,fmd_sender_total_signaling,sender,908,false,not_applicable,unclear,gamma=8;p=2^-8;curve=P-256,570496,268,measured,ok,unavailable,gc,go1.18.1,Release,JerryZ
2026-08-19T13:47:57.208130919Z,FMD,sender_signaling,fmd_flag_generation,sender,909,false,not_applicable,unclear,gamma=8;p=2^-8;curve=P-256,419836,270,measured,ok,unavailable,gc,go1.18.1,Release,JerryZ
2026-08-19T13:47:57.21053528Z,FMD,sender_signaling,fmd_sender_preparation,sender,909,false,not_applicable,unclear,gamma=8;p=2^-8;curve=P-256,-1,,not_applicable,not_applicable,unavailable,gc,go1.18.1,Release,JerryZ
2026-08-19T13:47:57.211826073Z,FMD,sender_signaling,message_encryption,sender,909,false,not_applicable,unclear,gamma=8;p=2^-8;curve=P-256,-1,,not_applicable,not_applicable,unavailable,gc,go1.18.1,Release,JerryZ
2026-08-19T13:47:57.213968935Z,FMD,sender_signaling,fmd_sender_total_signaling,sender,909,false,not_applicable,unclear,gamma=8;p=2^-8;curve=P-256,453100,269,measured,ok,unavailable,gc,go1.18.1,Release,JerryZ
2026-08-19T13:47:57.216141196Z,FMD,sender_signaling,fmd_flag_generation,sender,910,false,not_applicable,unclear,gamma=8;p=2^-8;curve=P-256,374441,270,measured,ok,unavailable,gc,go1.18.1,Release,JerryZ
2026-08-19T13:47:57.217323051Z,FMD,sender_signaling,fmd_sender_preparation,sender,910,false,not_applicable,unclear,gamma=8;p=2^-8;curve=P-256,-1,,not_applicable,not_applicable,unavailable,gc,go1.18.1,Release,JerryZ
2026-08-19T13:47:57.218820805Z,FMD,sender_signaling,message_encryption,sender,910,false,not_applicable,unclear,gamma=8;p=2^-8;curve=P-256,-1,,not_applicable,not_applicable,unavailable,gc,go1.18.1,Release,JerryZ
2026-08-19T13:47:57.220920857Z,FMD,sender_signaling,fmd_sender_total_signaling,sender,910,false,not_applicable,unclear,gamma=8;p=2^-8;curve=P-256,395958,270,measured,ok,unavailable,gc,go1.18.1,Release,JerryZ
2026-08-19T13:47:57.223516943Z,FMD,sender_signaling,fmd_flag_generation,sender,911,false,not_applicable,unclear,gamma=8;p=2^-8;curve=P-256,527635,269,measured,ok,unavailable,gc,go1.18.1,Release,JerryZ
2026-08-19T13:47:57.224947508Z,FMD,sender_signaling,fmd_sender_preparation,sender,911,false,not_applicable,unclear,gamma=8;p=2^-8;curve=P-256,-1,,not_applicable,not_applicable,unavailable,gc,go1.18.1,Release,JerryZ
2026-08-19T13:47:57.226317946Z,FMD,sender_signaling,message_encryption,sender,911,false,not_applicable,unclear,gamma=8;p=2^-8;curve=P-256,-1,,not_applicable,not_applicable,unavailable,gc,go1.18.1,Release,JerryZ
2026-08-19T13:47:57.228158172Z,FMD,sender_signaling,fmd_sender_total_signaling,sender,911,false,not_applicable,unclear,gamma=8;p=2^-8;curve=P-256,371694,269,measured,ok,unavailable,gc,go1.18.1,Release,JerryZ
2026-08-19T13:47:57.230343739Z,FMD,sender_signaling,fmd_flag_generation,sender,912,false,not_applicable,unclear,gamma=8;p=2^-8;curve=P-256,427146,269,measured,ok,unavailable,gc,go1.18.1,Release,JerryZ
2026-08-19T13:47:57.231541077Z,FMD,sender_signaling,fmd_sender_preparation,sender,912,false,not_applicable,unclear,gamma=8;p=2^-8;curve=P-256,-1,,not_applicable,not_applicable,unavailable,gc,go1.18.1,Release,JerryZ
2026-08-19T13:47:57.232882624Z,FMD,sender_signaling,message_encryption,sender,912,false,not_applicable,unclear,gamma=8;p=2^-8;curve=P-256,-1,,not_applicable,not_applicable,unavailable,gc,go1.18.1,Release,JerryZ
2026-08-19T13:47:57.23482601Z,FMD,sender_signaling,fmd_sender_total_signaling,sender,912,false,not_applicable,unclear,gamma=8;p=2^-8;curve=P-256,368957,270,measured,ok,unavailable,gc,go1.18.1,Release,JerryZ
2026-08-19T13:47:57.236880098Z,FMD,sender_signaling,fmd_flag_generation,sender,913,false,not_applicable,unclear,gamma=8;p=2^-8;curve=P-256,369316,269,measured,ok,unavailable,gc,go1.18.1,Release,JerryZ
2026-08-19T13:47:57.238835634Z,FMD,sender_signaling,fmd_sender_preparation,sender,913,false,not_applicable,unclear,gamma=8;p=2^-8;curve=P-256,-1,,not_applicable,not_applicable,unavailable,gc,go1.18.1,Release,JerryZ
2026-08-19T13:47:57.240859167Z,FMD,sender_signaling,message_encryption,sender,913,false,not_applicable,unclear,gamma=8;p=2^-8;curve=P-256,-1,,not_applicable,not_applicable,unavailable,gc,go1.18.1,Release,JerryZ
2026-08-19T13:47:57.242869499Z,FMD,sender_signaling,fmd_sender_total_signaling,sender,913,false,not_applicable,unclear,gamma=8;p=2^-8;curve=P-256,378196,268,measured,ok,unavailable,gc,go1.18.1,Release,JerryZ
2026-08-19T13:47:57.245234113Z,FMD,sender_signaling,fmd_flag_generation,sender,914,false,not_applicable,unclear,gamma=8;p=2^-8;curve=P-256,387693,270,measured,ok,unavailable,gc,go1.18.1,Release,JerryZ
2026-08-19T13:47:57.246969537Z,FMD,sender_signaling,fmd_sender_preparation,sender,914,false,not_applicable,unclear,gamma=8;p=2^-8;curve=P-256,-1,,not_applicable,not_applicable,unavailable,gc,go1.18.1,Release,JerryZ
2026-08-19T13:47:57.248073385Z,FMD,sender_signaling,message_encryption,sender,914,false,not_applicable,unclear,gamma=8;p=2^-8;curve=P-256,-1,,not_applicable,not_applicable,unavailable,gc,go1.18.1,Release,JerryZ
2026-08-19T13:47:57.250365543Z,FMD,sender_signaling,fmd_sender_total_signaling,sender,914,false,not_applicable,unclear,gamma=8;p=2^-8;curve=P-256,798281,270,measured,ok,unavailable,gc,go1.18.1,Release,JerryZ
2026-08-19T13:47:57.252689216Z,FMD,sender_signaling,fmd_flag_generation,sender,915,false,not_applicable,unclear,gamma=8;p=2^-8;curve=P-256,358736,269,measured,ok,unavailable,gc,go1.18.1,Release,JerryZ
2026-08-19T13:47:57.254691833Z,FMD,sender_signaling,fmd_sender_preparation,sender,915,false,not_applicable,unclear,gamma=8;p=2^-8;curve=P-256,-1,,not_applicable,not_applicable,unavailable,gc,go1.18.1,Release,JerryZ
2026-08-19T13:47:57.256046062Z,FMD,sender_signaling,message_encryption,sender,915,false,not_applicable,unclear,gamma=8;p=2^-8;curve=P-256,-1,,not_applicable,not_applicable,unavailable,gc,go1.18.1,Release,JerryZ
2026-08-19T13:47:57.258270004Z,FMD,sender_signaling,fmd_sender_total_signaling,sender,915,false,not_applicable,unclear,gamma=8;p=2^-8;curve=P-256,373587,269,measured,ok,unavailable,gc,go1.18.1,Release,JerryZ
2026-08-19T13:47:57.260531008Z,FMD,sender_signaling,fmd_flag_generation,sender,916,false,not_applicable,unclear,gamma=8;p=2^-8;curve=P-256,448297,269,measured,ok,unavailable,gc,go1.18.1,Release,JerryZ
2026-08-19T13:47:57.261972446Z,FMD,sender_signaling,fmd_sender_preparation,sender,916,false,not_applicable,unclear,gamma=8;p=2^-8;curve=P-256,-1,,not_applicable,not_applicable,unavailable,gc,go1.18.1,Release,JerryZ
2026-08-19T13:47:57.263137467Z,FMD,sender_signaling,message_encryption,sender,916,false,not_applicable,unclear,gamma=8;p=2^-8;curve=P-256,-1,,not_applicable,not_applicable,unavailable,gc,go1.18.1,Release,JerryZ
2026-08-19T13:47:57.264970033Z,FMD,sender_signaling,fmd_sender_total_signaling,sender,916,false,not_applicable,unclear,gamma=8;p=2^-8;curve=P-256,365413,269,measured,ok,unavailable,gc,go1.18.1,Release,JerryZ
2026-08-19T13:47:57.267140543Z,FMD,sender_signaling,fmd_flag_generation,sender,917,false,not_applicable,unclear,gamma=8;p=2^-8;curve=P-256,459712,270,measured,ok,unavailable,gc,go1.18.1,Release,JerryZ
2026-08-19T13:47:57.269312667Z,FMD,sender_signaling,fmd_sender_preparation,sender,917,false,not_applicable,unclear,gamma=8;p=2^-8;curve=P-256,-1,,not_applicable,not_applicable,unavailable,gc,go1.18.1,Release,JerryZ
2026-08-19T13:47:57.270883048Z,FMD,sender_signaling,message_encryption,sender,917,false,not_applicable,unclear,gamma=8;p=2^-8;curve=P-256,-1,,not_applicable,not_applicable,unavailable,gc,go1.18.1,Release,JerryZ
2026-08-19T13:47:57.272830581Z,FMD,sender_signaling,fmd_sender_total_signaling,sender,917,false,not_applicable,unclear,gamma=8;p=2^-8;curve=P-256,378702,270,measured,ok,unavailable,gc,go1.18.1,Release,JerryZ
2026-08-19T13:47:57.274736829Z,FMD,sender_signaling,fmd_flag_generation,sender,918,false,not_applicable,unclear,gamma=8;p=2^-8;curve=P-256,359646,268,measured,ok,unavailable,gc,go1.18.1,Release,JerryZ
2026-08-19T13:47:57.276209Z,FMD,sender_signaling,fmd_sender_preparation,sender,918,false,not_applicable,unclear,gamma=8;p=2^-8;curve=P-256,-1,,not_applicable,not_applicable,unavailable,gc,go1.18.1,Release,JerryZ
2026-08-19T13:47:57.277492161Z,FMD,sender_signaling,message_encryption,sender,918,false,not_applicable,unclear,gamma=8;p=2^-8;curve=P-256,-1,,not_applicable,not_applicable,unavailable,gc,go1.18.1,Release,JerryZ
2026-08-19T13:47:57.280054125Z,FMD,sender_signaling,fmd_sender_total_signaling,sender,918,false,not_applicable,unclear,gamma=8;p=2^-8;curve=P-256,791989,268,measured,ok,unavailable,gc,go1.18.1,Release,JerryZ
2026-08-19T13:47:57.282430875Z,FMD,sender_signaling,fmd_flag_generation,sender,919,false,not_applicable,unclear,gamma=8;p=2^-8;curve=P-256,376122,270,measured,ok,unavailable,gc,go1.18.1,Release,JerryZ
2026-08-19T13:47:57.28393846Z,FMD,sender_signaling,fmd_sender_preparation,sender,919,false,not_applicable,unclear,gamma=8;p=2^-8;curve=P-256,-1,,not_applicable,not_applicable,unavailable,gc,go1.18.1,Release,JerryZ
2026-08-19T13:47:57.285351589Z,FMD,sender_signaling,message_encryption,sender,919,false,not_applicable,unclear,gamma=8;p=2^-8;curve=P-256,-1,,not_applicable,not_applicable,unavailable,gc,go1.18.1,Release,JerryZ
2026-08-19T13:47:57.287304701Z,FMD,sender_signaling,fmd_sender_total_signaling,sender,919,false,not_applicable,unclear,gamma=8;p=2^-8;curve=P-256,376930,268,measured,ok,unavailable,gc,go1.18.1,Release,JerryZ
2026-08-19T13:47:57.289331026Z,FMD,sender_signaling,fmd_flag_generation,sender,920,false,not_applicable,unclear,gamma=8;p=2^-8;curve=P-256,350746,267,measured,ok,unavailable,gc,go1.18.1,Release,JerryZ
2026-08-19T13:47:57.29078106Z,FMD,sender_signaling,fmd_sender_preparation,sender,920,false,not_applicable,unclear,gamma=8;p=2^-8;curve=P-256,-1,,not_applicable,not_applicable,unavailable,gc,go1.18.1,Release,JerryZ
2026-08-19T13:47:57.291976181Z,FMD,sender_signaling,message_encryption,sender,920,false,not_applicable,unclear,gamma=8;p=2^-8;curve=P-256,-1,,not_applicable,not_applicable,unavailable,gc,go1.18.1,Release,JerryZ
2026-08-19T13:47:57.293907693Z,FMD,sender_signaling,fmd_sender_total_signaling,sender,920,false,not_applicable,unclear,gamma=8;p=2^-8;curve=P-256,376213,269,measured,ok,unavailable,gc,go1.18.1,Release,JerryZ
2026-08-19T13:47:57.29601152Z,FMD,sender_signaling,fmd_flag_generation,sender,921,false,not_applicable,unclear,gamma=8;p=2^-8;curve=P-256,357239,269,measured,ok,unavailable,gc,go1.18.1,Release,JerryZ
2026-08-19T13:47:57.297191377Z,FMD,sender_signaling,fmd_sender_preparation,sender,921,false,not_applicable,unclear,gamma=8;p=2^-8;curve=P-256,-1,,not_applicable,not_applicable,unavailable,gc,go1.18.1,Release,JerryZ
2026-08-19T13:47:57.298653029Z,FMD,sender_signaling,message_encryption,sender,921,false,not_applicable,unclear,gamma=8;p=2^-8;curve=P-256,-1,,not_applicable,not_applicable,unavailable,gc,go1.18.1,Release,JerryZ
2026-08-19T13:47:57.300816105Z,FMD,sender_signaling,fmd_sender_total_signaling,sender,921,false,not_applicable,unclear,gamma=8;p=2^-8;curve=P-256,417668,269,measured,ok,unavailable,gc,go1.18.1,Release,JerryZ
2026-08-19T13:47:57.303160413Z,FMD,sender_signaling,fmd_flag_generation,sender,922,false,not_applicable,unclear,gamma=8;p=2^-8;curve=P-256,368453,269,measured,ok,unavailable,gc,go1.18.1,Release,JerryZ
2026-08-19T13:47:57.30427569Z,FMD,sender_signaling,fmd_sender_preparation,sender,922,false,not_applicable,unclear,gamma=8;p=2^-8;curve=P-256,-1,,not_applicable,not_applicable,unavailable,gc,go1.18.1,Release,JerryZ
2026-08-19T13:47:57.305498481Z,FMD,sender_signaling,message_encryption,sender,922,false,not_applicable,unclear,gamma=8;p=2^-8;curve=P-256,-1,,not_applicable,not_applicable,unavailable,gc,go1.18.1,Release,JerryZ
2026-08-19T13:47:57.307756826Z,FMD,sender_signaling,fmd_sender_total_signaling,sender,922,false,not_applicable,unclear,gamma=8;p=2^-8;curve=P-256,357772,269,measured,ok,unavailable,gc,go1.18.1,Release,JerryZ
2026-08-19T13:47:57.309994728Z,FMD,sender_signaling,fmd_flag_generation,sender,923,false,not_applicable,unclear,gamma=8;p=2^-8;curve=P-256,384340,269,measured,ok,unavailable,gc,go1.18.1,Release,JerryZ
2026-08-19T13:47:57.311123362Z,FMD,sender_signaling,fmd_sender_preparation,sender,923,false,not_applicable,unclear,gamma=8;p=2^-8;curve=P-256,-1,,not_applicable,not_applicable,unavailable,gc,go1.18.1,Release,JerryZ
2026-08-19T13:47:57.312887504Z,FMD,sender_signaling,message_encryption,sender,923,false,not_applicable,unclear,gamma=8;p=2^-8;curve=P-256,-1,,not_applicable,not_applicable,unavailable,gc,go1.18.1,Release,JerryZ
2026-08-19T13:47:57.31565901Z,FMD,sender_signaling,fmd_sender_total_signaling,sender,923,false,not_applicable,unclear,gamma=8;p=2^-8;curve=P-256,440445,269,measured,ok,unavailable,gc,go1.18.1,Release,JerryZ
2026-08-19T13:47:57.318045375Z,FMD,sender_signaling,fmd_flag_generation,sender,924,false,not_applicable,unclear,gamma=8;p=2^-8;curve=P-256,412636,268,measured,ok,unavailable,gc,go1.18.1,Release,JerryZ
2026-08-19T13:47:57.31913795Z,FMD,sender_signaling,fmd_sender_preparation,sender,924,false,not_applicable,unclear,gamma=8;p=2^-8;curve=P-256,-1,,not_applicable,not_applicable,unavailable,gc,go1.18.1,Release,JerryZ
2026-08-19T13:47:57.320272209Z,FMD,sender_signaling,message_encryption,sender,924,false,not_applicable,unclear,gamma=8;p=2^-8;curve=P-256,-1,,not_applicable,not_applicable,unavailable,gc,go1.18.1,Release,JerryZ
2026-08-19T13:47:57.322822345Z,FMD,sender_signaling,fmd_sender_total_signaling,sender,924,false,not_applicable,unclear,gamma=8;p=2^-8;curve=P-256,429231,268,measured,ok,unavailable,gc,go1.18.1,Release,JerryZ
2026-08-19T13:47:57.324760161Z,FMD,sender_signaling,fmd_flag_generation,sender,925,false,not_applicable,unclear,gamma=8;p=2^-8;curve=P-256,366937,270,measured,ok,unavailable,gc,go1.18.1,Release,JerryZ
2026-08-19T13:47:57.325881866Z,FMD,sender_signaling,fmd_sender_preparation,sender,925,false,not_applicable,unclear,gamma=8;p=2^-8;curve=P-256,-1,,not_applicable,not_applicable,unavailable,gc,go1.18.1,Release,JerryZ
2026-08-19T13:47:57.326943984Z,FMD,sender_signaling,message_encryption,sender,925,false,not_applicable,unclear,gamma=8;p=2^-8;curve=P-256,-1,,not_applicable,not_applicable,unavailable,gc,go1.18.1,Release,JerryZ
2026-08-19T13:47:57.329704243Z,FMD,sender_signaling,fmd_sender_total_signaling,sender,925,false,not_applicable,unclear,gamma=8;p=2^-8;curve=P-256,736052,266,measured,ok,unavailable,gc,go1.18.1,Release,JerryZ
2026-08-19T13:47:57.332201153Z,FMD,sender_signaling,fmd_flag_generation,sender,926,false,not_applicable,unclear,gamma=8;p=2^-8;curve=P-256,393139,269,measured,ok,unavailable,gc,go1.18.1,Release,JerryZ
2026-08-19T13:47:57.333299431Z,FMD,sender_signaling,fmd_sender_preparation,sender,926,false,not_applicable,unclear,gamma=8;p=2^-8;curve=P-256,-1,,not_applicable,not_applicable,unavailable,gc,go1.18.1,Release,JerryZ
2026-08-19T13:47:57.33438914Z,FMD,sender_signaling,message_encryption,sender,926,false,not_applicable,unclear,gamma=8;p=2^-8;curve=P-256,-1,,not_applicable,not_applicable,unavailable,gc,go1.18.1,Release,JerryZ
2026-08-19T13:47:57.337122482Z,FMD,sender_signaling,fmd_sender_total_signaling,sender,926,false,not_applicable,unclear,gamma=8;p=2^-8;curve=P-256,796848,269,measured,ok,unavailable,gc,go1.18.1,Release,JerryZ
2026-08-19T13:47:57.339041316Z,FMD,sender_signaling,fmd_flag_generation,sender,927,false,not_applicable,unclear,gamma=8;p=2^-8;curve=P-256,362263,268,measured,ok,unavailable,gc,go1.18.1,Release,JerryZ
2026-08-19T13:47:57.340183832Z,FMD,sender_signaling,fmd_sender_preparation,sender,927,false,not_applicable,unclear,gamma=8;p=2^-8;curve=P-256,-1,,not_applicable,not_applicable,unavailable,gc,go1.18.1,Release,JerryZ
2026-08-19T13:47:57.341301432Z,FMD,sender_signaling,message_encryption,sender,927,false,not_applicable,unclear,gamma=8;p=2^-8;curve=P-256,-1,,not_applicable,not_applicable,unavailable,gc,go1.18.1,Release,JerryZ
2026-08-19T13:47:57.343441549Z,FMD,sender_signaling,fmd_sender_total_signaling,sender,927,false,not_applicable,unclear,gamma=8;p=2^-8;curve=P-256,353428,269,measured,ok,unavailable,gc,go1.18.1,Release,JerryZ
2026-08-19T13:47:57.346487185Z,FMD,sender_signaling,fmd_flag_generation,sender,928,false,not_applicable,unclear,gamma=8;p=2^-8;curve=P-256,964121,269,measured,ok,unavailable,gc,go1.18.1,Release,JerryZ
2026-08-19T13:47:57.34847132Z,FMD,sender_signaling,fmd_sender_preparation,sender,928,false,not_applicable,unclear,gamma=8;p=2^-8;curve=P-256,-1,,not_applicable,not_applicable,unavailable,gc,go1.18.1,Release,JerryZ
2026-08-19T13:47:57.350201703Z,FMD,sender_signaling,message_encryption,sender,928,false,not_applicable,unclear,gamma=8;p=2^-8;curve=P-256,-1,,not_applicable,not_applicable,unavailable,gc,go1.18.1,Release,JerryZ
2026-08-19T13:47:57.352452572Z,FMD,sender_signaling,fmd_sender_total_signaling,sender,928,false,not_applicable,unclear,gamma=8;p=2^-8;curve=P-256,438975,269,measured,ok,unavailable,gc,go1.18.1,Release,JerryZ
2026-08-19T13:47:57.354500539Z,FMD,sender_signaling,fmd_flag_generation,sender,929,false,not_applicable,unclear,gamma=8;p=2^-8;curve=P-256,368021,269,measured,ok,unavailable,gc,go1.18.1,Release,JerryZ
2026-08-19T13:47:57.355599708Z,FMD,sender_signaling,fmd_sender_preparation,sender,929,false,not_applicable,unclear,gamma=8;p=2^-8;curve=P-256,-1,,not_applicable,not_applicable,unavailable,gc,go1.18.1,Release,JerryZ
2026-08-19T13:47:57.356949483Z,FMD,sender_signaling,message_encryption,sender,929,false,not_applicable,unclear,gamma=8;p=2^-8;curve=P-256,-1,,not_applicable,not_applicable,unavailable,gc,go1.18.1,Release,JerryZ
2026-08-19T13:47:57.359286637Z,FMD,sender_signaling,fmd_sender_total_signaling,sender,929,false,not_applicable,unclear,gamma=8;p=2^-8;curve=P-256,777406,270,measured,ok,unavailable,gc,go1.18.1,Release,JerryZ
2026-08-19T13:47:57.361803729Z,FMD,sender_signaling,fmd_flag_generation,sender,930,false,not_applicable,unclear,gamma=8;p=2^-8;curve=P-256,405261,269,measured,ok,unavailable,gc,go1.18.1,Release,JerryZ
2026-08-19T13:47:57.362990795Z,FMD,sender_signaling,fmd_sender_preparation,sender,930,false,not_applicable,unclear,gamma=8;p=2^-8;curve=P-256,-1,,not_applicable,not_applicable,unavailable,gc,go1.18.1,Release,JerryZ
2026-08-19T13:47:57.364354328Z,FMD,sender_signaling,message_encryption,sender,930,false,not_applicable,unclear,gamma=8;p=2^-8;curve=P-256,-1,,not_applicable,not_applicable,unavailable,gc,go1.18.1,Release,JerryZ
2026-08-19T13:47:57.366414908Z,FMD,sender_signaling,fmd_sender_total_signaling,sender,930,false,not_applicable,unclear,gamma=8;p=2^-8;curve=P-256,362502,269,measured,ok,unavailable,gc,go1.18.1,Release,JerryZ
2026-08-19T13:47:57.368241468Z,FMD,sender_signaling,fmd_flag_generation,sender,931,false,not_applicable,unclear,gamma=8;p=2^-8;curve=P-256,356064,269,measured,ok,unavailable,gc,go1.18.1,Release,JerryZ
2026-08-19T13:47:57.369505807Z,FMD,sender_signaling,fmd_sender_preparation,sender,931,false,not_applicable,unclear,gamma=8;p=2^-8;curve=P-256,-1,,not_applicable,not_applicable,unavailable,gc,go1.18.1,Release,JerryZ
2026-08-19T13:47:57.370976036Z,FMD,sender_signaling,message_encryption,sender,931,false,not_applicable,unclear,gamma=8;p=2^-8;curve=P-256,-1,,not_applicable,not_applicable,unavailable,gc,go1.18.1,Release,JerryZ
2026-08-19T13:47:57.372899439Z,FMD,sender_signaling,fmd_sender_total_signaling,sender,931,false,not_applicable,unclear,gamma=8;p=2^-8;curve=P-256,374468,270,measured,ok,unavailable,gc,go1.18.1,Release,JerryZ
2026-08-19T13:47:57.375228961Z,FMD,sender_signaling,fmd_flag_generation,sender,932,false,not_applicable,unclear,gamma=8;p=2^-8;curve=P-256,415023,269,measured,ok,unavailable,gc,go1.18.1,Release,JerryZ
2026-08-19T13:47:57.376985366Z,FMD,sender_signaling,fmd_sender_preparation,sender,932,false,not_applicable,unclear,gamma=8;p=2^-8;curve=P-256,-1,,not_applicable,not_applicable,unavailable,gc,go1.18.1,Release,JerryZ
2026-08-19T13:47:57.37881835Z,FMD,sender_signaling,message_encryption,sender,932,false,not_applicable,unclear,gamma=8;p=2^-8;curve=P-256,-1,,not_applicable,not_applicable,unavailable,gc,go1.18.1,Release,JerryZ
2026-08-19T13:47:57.380719289Z,FMD,sender_signaling,fmd_sender_total_signaling,sender,932,false,not_applicable,unclear,gamma=8;p=2^-8;curve=P-256,376966,268,measured,ok,unavailable,gc,go1.18.1,Release,JerryZ
2026-08-19T13:47:57.382787758Z,FMD,sender_signaling,fmd_flag_generation,sender,933,false,not_applicable,unclear,gamma=8;p=2^-8;curve=P-256,391284,270,measured,ok,unavailable,gc,go1.18.1,Release,JerryZ
2026-08-19T13:47:57.384437604Z,FMD,sender_signaling,fmd_sender_preparation,sender,933,false,not_applicable,unclear,gamma=8;p=2^-8;curve=P-256,-1,,not_applicable,not_applicable,unavailable,gc,go1.18.1,Release,JerryZ
2026-08-19T13:47:57.38564976Z,FMD,sender_signaling,message_encryption,sender,933,false,not_applicable,unclear,gamma=8;p=2^-8;curve=P-256,-1,,not_applicable,not_applicable,unavailable,gc,go1.18.1,Release,JerryZ
2026-08-19T13:47:57.387698521Z,FMD,sender_signaling,fmd_sender_total_signaling,sender,933,false,not_applicable,unclear,gamma=8;p=2^-8;curve=P-256,363503,270,measured,ok,unavailable,gc,go1.18.1,Release,JerryZ
2026-08-19T13:47:57.390122876Z,FMD,sender_signaling,fmd_flag_generation,sender,934,false,not_applicable,unclear,gamma=8;p=2^-8;curve=P-256,752968,269,measured,ok,unavailable,gc,go1.18.1,Release,JerryZ
2026-08-19T13:47:57.39239162Z,FMD,sender_signaling,fmd_sender_preparation,sender,934,false,not_applicable,unclear,gamma=8;p=2^-8;curve=P-256,-1,,not_applicable,not_applicable,unavailable,gc,go1.18.1,Release,JerryZ
2026-08-19T13:47:57.394079872Z,FMD,sender_signaling,message_encryption,sender,934,false,not_applicable,unclear,gamma=8;p=2^-8;curve=P-256,-1,,not_applicable,not_applicable,unavailable,gc,go1.18.1,Release,JerryZ
2026-08-19T13:47:57.395954143Z,FMD,sender_signaling,fmd_sender_total_signaling,sender,934,false,not_applicable,unclear,gamma=8;p=2^-8;curve=P-256,372072,270,measured,ok,unavailable,gc,go1.18.1,Release,JerryZ
2026-08-19T13:47:57.398100367Z,FMD,sender_signaling,fmd_flag_generation,sender,935,false,not_applicable,unclear,gamma=8;p=2^-8;curve=P-256,499128,269,measured,ok,unavailable,gc,go1.18.1,Release,JerryZ
2026-08-19T13:47:57.399287346Z,FMD,sender_signaling,fmd_sender_preparation,sender,935,false,not_applicable,unclear,gamma=8;p=2^-8;curve=P-256,-1,,not_applicable,not_applicable,unavailable,gc,go1.18.1,Release,JerryZ
2026-08-19T13:47:57.400671368Z,FMD,sender_signaling,message_encryption,sender,935,false,not_applicable,unclear,gamma=8;p=2^-8;curve=P-256,-1,,not_applicable,not_applicable,unavailable,gc,go1.18.1,Release,JerryZ
2026-08-19T13:47:57.402520106Z,FMD,sender_signaling,fmd_sender_total_signaling,sender,935,false,not_applicable,unclear,gamma=8;p=2^-8;curve=P-256,367250,267,measured,ok,unavailable,gc,go1.18.1,Release,JerryZ
2026-08-19T13:47:57.405333692Z,FMD,sender_signaling,fmd_flag_generation,sender,936,false,not_applicable,unclear,gamma=8;p=2^-8;curve=P-256,872678,269,measured,ok,unavailable,gc,go1.18.1,Release,JerryZ
2026-08-19T13:47:57.408254341Z,FMD,sender_signaling,fmd_sender_preparation,sender,936,false,not_applicable,unclear,gamma=8;p=2^-8;curve=P-256,-1,,not_applicable,not_applicable,unavailable,gc,go1.18.1,Release,JerryZ
2026-08-19T13:47:57.410301345Z,FMD,sender_signaling,message_encryption,sender,936,false,not_applicable,unclear,gamma=8;p=2^-8;curve=P-256,-1,,not_applicable,not_applicable,unavailable,gc,go1.18.1,Release,JerryZ
2026-08-19T13:47:57.412324808Z,FMD,sender_signaling,fmd_sender_total_signaling,sender,936,false,not_applicable,unclear,gamma=8;p=2^-8;curve=P-256,368149,270,measured,ok,unavailable,gc,go1.18.1,Release,JerryZ
2026-08-19T13:47:57.414456544Z,FMD,sender_signaling,fmd_flag_generation,sender,937,false,not_applicable,unclear,gamma=8;p=2^-8;curve=P-256,394994,270,measured,ok,unavailable,gc,go1.18.1,Release,JerryZ
2026-08-19T13:47:57.415588361Z,FMD,sender_signaling,fmd_sender_preparation,sender,937,false,not_applicable,unclear,gamma=8;p=2^-8;curve=P-256,-1,,not_applicable,not_applicable,unavailable,gc,go1.18.1,Release,JerryZ
2026-08-19T13:47:57.417002615Z,FMD,sender_signaling,message_encryption,sender,937,false,not_applicable,unclear,gamma=8;p=2^-8;curve=P-256,-1,,not_applicable,not_applicable,unavailable,gc,go1.18.1,Release,JerryZ
2026-08-19T13:47:57.418980606Z,FMD,sender_signaling,fmd_sender_total_signaling,sender,937,false,not_applicable,unclear,gamma=8;p=2^-8;curve=P-256,366212,271,measured,ok,unavailable,gc,go1.18.1,Release,JerryZ
2026-08-19T13:47:57.422052595Z,FMD,sender_signaling,fmd_flag_generation,sender,938,false,not_applicable,unclear,gamma=8;p=2^-8;curve=P-256,897520,270,measured,ok,unavailable,gc,go1.18.1,Release,JerryZ
2026-08-19T13:47:57.423735535Z,FMD,sender_signaling,fmd_sender_preparation,sender,938,false,not_applicable,unclear,gamma=8;p=2^-8;curve=P-256,-1,,not_applicable,not_applicable,unavailable,gc,go1.18.1,Release,JerryZ
2026-08-19T13:47:57.424978989Z,FMD,sender_signaling,message_encryption,sender,938,false,not_applicable,unclear,gamma=8;p=2^-8;curve=P-256,-1,,not_applicable,not_applicable,unavailable,gc,go1.18.1,Release,JerryZ
2026-08-19T13:47:57.427378644Z,FMD,sender_signaling,fmd_sender_total_signaling,sender,938,false,not_applicable,unclear,gamma=8;p=2^-8;curve=P-256,803406,269,measured,ok,unavailable,gc,go1.18.1,Release,JerryZ
2026-08-19T13:47:57.429620911Z,FMD,sender_signaling,fmd_flag_generation,sender,939,false,not_applicable,unclear,gamma=8;p=2^-8;curve=P-256,379051,266,measured,ok,unavailable,gc,go1.18.1,Release,JerryZ
2026-08-19T13:47:57.430961567Z,FMD,sender_signaling,fmd_sender_preparation,sender,939,false,not_applicable,unclear,gamma=8;p=2^-8;curve=P-256,-1,,not_applicable,not_applicable,unavailable,gc,go1.18.1,Release,JerryZ
2026-08-19T13:47:57.432033735Z,FMD,sender_signaling,message_encryption,sender,939,false,not_applicable,unclear,gamma=8;p=2^-8;curve=P-256,-1,,not_applicable,not_applicable,unavailable,gc,go1.18.1,Release,JerryZ
2026-08-19T13:47:57.433917198Z,FMD,sender_signaling,fmd_sender_total_signaling,sender,939,false,not_applicable,unclear,gamma=8;p=2^-8;curve=P-256,366313,271,measured,ok,unavailable,gc,go1.18.1,Release,JerryZ
2026-08-19T13:47:57.436663787Z,FMD,sender_signaling,fmd_flag_generation,sender,940,false,not_applicable,unclear,gamma=8;p=2^-8;curve=P-256,892010,269,measured,ok,unavailable,gc,go1.18.1,Release,JerryZ
2026-08-19T13:47:57.440426836Z,FMD,sender_signaling,fmd_sender_preparation,sender,940,false,not_applicable,unclear,gamma=8;p=2^-8;curve=P-256,-1,,not_applicable,not_applicable,unavailable,gc,go1.18.1,Release,JerryZ
2026-08-19T13:47:57.441714956Z,FMD,sender_signaling,message_encryption,sender,940,false,not_applicable,unclear,gamma=8;p=2^-8;curve=P-256,-1,,not_applicable,not_applicable,unavailable,gc,go1.18.1,Release,JerryZ
2026-08-19T13:47:57.443794443Z,FMD,sender_signaling,fmd_sender_total_signaling,sender,940,false,not_applicable,unclear,gamma=8;p=2^-8;curve=P-256,402846,269,measured,ok,unavailable,gc,go1.18.1,Release,JerryZ
2026-08-19T13:47:57.446029993Z,FMD,sender_signaling,fmd_flag_generation,sender,941,false,not_applicable,unclear,gamma=8;p=2^-8;curve=P-256,421048,269,measured,ok,unavailable,gc,go1.18.1,Release,JerryZ
2026-08-19T13:47:57.447395895Z,FMD,sender_signaling,fmd_sender_preparation,sender,941,false,not_applicable,unclear,gamma=8;p=2^-8;curve=P-256,-1,,not_applicable,not_applicable,unavailable,gc,go1.18.1,Release,JerryZ
2026-08-19T13:47:57.4485791Z,FMD,sender_signaling,message_encryption,sender,941,false,not_applicable,unclear,gamma=8;p=2^-8;curve=P-256,-1,,not_applicable,not_applicable,unavailable,gc,go1.18.1,Release,JerryZ
2026-08-19T13:47:57.450845548Z,FMD,sender_signaling,fmd_sender_total_signaling,sender,941,false,not_applicable,unclear,gamma=8;p=2^-8;curve=P-256,546590,269,measured,ok,unavailable,gc,go1.18.1,Release,JerryZ
2026-08-19T13:47:57.453277975Z,FMD,sender_signaling,fmd_flag_generation,sender,942,false,not_applicable,unclear,gamma=8;p=2^-8;curve=P-256,391752,268,measured,ok,unavailable,gc,go1.18.1,Release,JerryZ
2026-08-19T13:47:57.454834794Z,FMD,sender_signaling,fmd_sender_preparation,sender,942,false,not_applicable,unclear,gamma=8;p=2^-8;curve=P-256,-1,,not_applicable,not_applicable,unavailable,gc,go1.18.1,Release,JerryZ
2026-08-19T13:47:57.455885683Z,FMD,sender_signaling,message_encryption,sender,942,false,not_applicable,unclear,gamma=8;p=2^-8;curve=P-256,-1,,not_applicable,not_applicable,unavailable,gc,go1.18.1,Release,JerryZ
2026-08-19T13:47:57.457697797Z,FMD,sender_signaling,fmd_sender_total_signaling,sender,942,false,not_applicable,unclear,gamma=8;p=2^-8;curve=P-256,363953,271,measured,ok,unavailable,gc,go1.18.1,Release,JerryZ
2026-08-19T13:47:57.460214186Z,FMD,sender_signaling,fmd_flag_generation,sender,943,false,not_applicable,unclear,gamma=8;p=2^-8;curve=P-256,401212,269,measured,ok,unavailable,gc,go1.18.1,Release,JerryZ
2026-08-19T13:47:57.461906396Z,FMD,sender_signaling,fmd_sender_preparation,sender,943,false,not_applicable,unclear,gamma=8;p=2^-8;curve=P-256,-1,,not_applicable,not_applicable,unavailable,gc,go1.18.1,Release,JerryZ
2026-08-19T13:47:57.462979244Z,FMD,sender_signaling,message_encryption,sender,943,false,not_applicable,unclear,gamma=8;p=2^-8;curve=P-256,-1,,not_applicable,not_applicable,unavailable,gc,go1.18.1,Release,JerryZ
2026-08-19T13:47:57.46517332Z,FMD,sender_signaling,fmd_sender_total_signaling,sender,943,false,not_applicable,unclear,gamma=8;p=2^-8;curve=P-256,449343,270,measured,ok,unavailable,gc,go1.18.1,Release,JerryZ
2026-08-19T13:47:57.467544675Z,FMD,sender_signaling,fmd_flag_generation,sender,944,false,not_applicable,unclear,gamma=8;p=2^-8;curve=P-256,385893,269,measured,ok,unavailable,gc,go1.18.1,Release,JerryZ
2026-08-19T13:47:57.468718594Z,FMD,sender_signaling,fmd_sender_preparation,sender,944,false,not_applicable,unclear,gamma=8;p=2^-8;curve=P-256,-1,,not_applicable,not_applicable,unavailable,gc,go1.18.1,Release,JerryZ
2026-08-19T13:47:57.46982989Z,FMD,sender_signaling,message_encryption,sender,944,false,not_applicable,unclear,gamma=8;p=2^-8;curve=P-256,-1,,not_applicable,not_applicable,unavailable,gc,go1.18.1,Release,JerryZ
2026-08-19T13:47:57.471705239Z,FMD,sender_signaling,fmd_sender_total_signaling,sender,944,false,not_applicable,unclear,gamma=8;p=2^-8;curve=P-256,360922,269,measured,ok,unavailable,gc,go1.18.1,Release,JerryZ
2026-08-19T13:47:57.474643333Z,FMD,sender_signaling,fmd_flag_generation,sender,945,false,not_applicable,unclear,gamma=8;p=2^-8;curve=P-256,875461,269,measured,ok,unavailable,gc,go1.18.1,Release,JerryZ
2026-08-19T13:47:57.475986546Z,FMD,sender_signaling,fmd_sender_preparation,sender,945,false,not_applicable,unclear,gamma=8;p=2^-8;curve=P-256,-1,,not_applicable,not_applicable,unavailable,gc,go1.18.1,Release,JerryZ
2026-08-19T13:47:57.477375903Z,FMD,sender_signaling,message_encryption,sender,945,false,not_applicable,unclear,gamma=8;p=2^-8;curve=P-256,-1,,not_applicable,not_applicable,unavailable,gc,go1.18.1,Release,JerryZ
2026-08-19T13:47:57.479394817Z,FMD,sender_signaling,fmd_sender_total_signaling,sender,945,false,not_applicable,unclear,gamma=8;p=2^-8;curve=P-256,389272,269,measured,ok,unavailable,gc,go1.18.1,Release,JerryZ
2026-08-19T13:47:57.482684461Z,FMD,sender_signaling,fmd_flag_generation,sender,946,false,not_applicable,unclear,gamma=8;p=2^-8;curve=P-256,1146447,268,measured,ok,unavailable,gc,go1.18.1,Release,JerryZ
2026-08-19T13:47:57.484462191Z,FMD,sender_signaling,fmd_sender_preparation,sender,946,false,not_applicable,unclear,gamma=8;p=2^-8;curve=P-256,-1,,not_applicable,not_applicable,unavailable,gc,go1.18.1,Release,JerryZ
2026-08-19T13:47:57.485799008Z,FMD,sender_signaling,message_encryption,sender,946,false,not_applicable,unclear,gamma=8;p=2^-8;curve=P-256,-1,,not_applicable,not_applicable,unavailable,gc,go1.18.1,Release,JerryZ
2026-08-19T13:47:57.487628636Z,FMD,sender_signaling,fmd_sender_total_signaling,sender,946,false,not_applicable,unclear,gamma=8;p=2^-8;curve=P-256,375093,269,measured,ok,unavailable,gc,go1.18.1,Release,JerryZ
2026-08-19T13:47:57.490309967Z,FMD,sender_signaling,fmd_flag_generation,sender,947,false,not_applicable,unclear,gamma=8;p=2^-8;curve=P-256,677809,267,measured,ok,unavailable,gc,go1.18.1,Release,JerryZ
2026-08-19T13:47:57.491497823Z,FMD,sender_signaling,fmd_sender_preparation,sender,947,false,not_applicable,unclear,gamma=8;p=2^-8;curve=P-256,-1,,not_applicable,not_applicable,unavailable,gc,go1.18.1,Release,JerryZ
2026-08-19T13:47:57.492789162Z,FMD,sender_signaling,message_encryption,sender,947,false,not_applicable,unclear,gamma=8;p=2^-8;curve=P-256,-1,,not_applicable,not_applicable,unavailable,gc,go1.18.1,Release,JerryZ
2026-08-19T13:47:57.494800003Z,FMD,sender_signaling,fmd_sender_total_signaling,sender,947,false,not_applicable,unclear,gamma=8;p=2^-8;curve=P-256,388758,269,measured,ok,unavailable,gc,go1.18.1,Release,JerryZ
2026-08-19T13:47:57.498061349Z,FMD,sender_signaling,fmd_flag_generation,sender,948,false,not_applicable,unclear,gamma=8;p=2^-8;curve=P-256,870502,270,measured,ok,unavailable,gc,go1.18.1,Release,JerryZ
2026-08-19T13:47:57.499829218Z,FMD,sender_signaling,fmd_sender_preparation,sender,948,false,not_applicable,unclear,gamma=8;p=2^-8;curve=P-256,-1,,not_applicable,not_applicable,unavailable,gc,go1.18.1,Release,JerryZ
2026-08-19T13:47:57.501017226Z,FMD,sender_signaling,message_encryption,sender,948,false,not_applicable,unclear,gamma=8;p=2^-8;curve=P-256,-1,,not_applicable,not_applicable,unavailable,gc,go1.18.1,Release,JerryZ
2026-08-19T13:47:57.503279239Z,FMD,sender_signaling,fmd_sender_total_signaling,sender,948,false,not_applicable,unclear,gamma=8;p=2^-8;curve=P-256,371566,268,measured,ok,unavailable,gc,go1.18.1,Release,JerryZ
2026-08-19T13:47:57.505347552Z,FMD,sender_signaling,fmd_flag_generation,sender,949,false,not_applicable,unclear,gamma=8;p=2^-8;curve=P-256,388813,269,measured,ok,unavailable,gc,go1.18.1,Release,JerryZ
2026-08-19T13:47:57.506682123Z,FMD,sender_signaling,fmd_sender_preparation,sender,949,false,not_applicable,unclear,gamma=8;p=2^-8;curve=P-256,-1,,not_applicable,not_applicable,unavailable,gc,go1.18.1,Release,JerryZ
2026-08-19T13:47:57.507890602Z,FMD,sender_signaling,message_encryption,sender,949,false,not_applicable,unclear,gamma=8;p=2^-8;curve=P-256,-1,,not_applicable,not_applicable,unavailable,gc,go1.18.1,Release,JerryZ
2026-08-19T13:47:57.510087267Z,FMD,sender_signaling,fmd_sender_total_signaling,sender,949,false,not_applicable,unclear,gamma=8;p=2^-8;curve=P-256,404049,268,measured,ok,unavailable,gc,go1.18.1,Release,JerryZ
2026-08-19T13:47:57.512339886Z,FMD,sender_signaling,fmd_flag_generation,sender,950,false,not_applicable,unclear,gamma=8;p=2^-8;curve=P-256,622072,270,measured,ok,unavailable,gc,go1.18.1,Release,JerryZ
2026-08-19T13:47:57.513928562Z,FMD,sender_signaling,fmd_sender_preparation,sender,950,false,not_applicable,unclear,gamma=8;p=2^-8;curve=P-256,-1,,not_applicable,not_applicable,unavailable,gc,go1.18.1,Release,JerryZ
2026-08-19T13:47:57.515282571Z,FMD,sender_signaling,message_encryption,sender,950,false,not_applicable,unclear,gamma=8;p=2^-8;curve=P-256,-1,,not_applicable,not_applicable,unavailable,gc,go1.18.1,Release,JerryZ
2026-08-19T13:47:57.517395839Z,FMD,sender_signaling,fmd_sender_total_signaling,sender,950,false,not_applicable,unclear,gamma=8;p=2^-8;curve=P-256,373724,271,measured,ok,unavailable,gc,go1.18.1,Release,JerryZ
2026-08-19T13:47:57.519390985Z,FMD,sender_signaling,fmd_flag_generation,sender,951,false,not_applicable,unclear,gamma=8;p=2^-8;curve=P-256,401588,269,measured,ok,unavailable,gc,go1.18.1,Release,JerryZ
2026-08-19T13:47:57.52070408Z,FMD,sender_signaling,fmd_sender_preparation,sender,951,false,not_applicable,unclear,gamma=8;p=2^-8;curve=P-256,-1,,not_applicable,not_applicable,unavailable,gc,go1.18.1,Release,JerryZ
2026-08-19T13:47:57.5219211Z,FMD,sender_signaling,message_encryption,sender,951,false,not_applicable,unclear,gamma=8;p=2^-8;curve=P-256,-1,,not_applicable,not_applicable,unavailable,gc,go1.18.1,Release,JerryZ
2026-08-19T13:47:57.524210296Z,FMD,sender_signaling,fmd_sender_total_signaling,sender,951,false,not_applicable,unclear,gamma=8;p=2^-8;curve=P-256,381641,268,measured,ok,unavailable,gc,go1.18.1,Release,JerryZ
2026-08-19T13:47:57.526235786Z,FMD,sender_signaling,fmd_flag_generation,sender,952,false,not_applicable,unclear,gamma=8;p=2^-8;curve=P-256,416723,269,measured,ok,unavailable,gc,go1.18.1,Release,JerryZ
2026-08-19T13:47:57.527572382Z,FMD,sender_signaling,fmd_sender_preparation,sender,952,false,not_applicable,unclear,gamma=8;p=2^-8;curve=P-256,-1,,not_applicable,not_applicable,unavailable,gc,go1.18.1,Release,JerryZ
2026-08-19T13:47:57.528849302Z,FMD,sender_signaling,message_encryption,sender,952,false,not_applicable,unclear,gamma=8;p=2^-8;curve=P-256,-1,,not_applicable,not_applicable,unavailable,gc,go1.18.1,Release,JerryZ
2026-08-19T13:47:57.531672673Z,FMD,sender_signaling,fmd_sender_total_signaling,sender,952,false,not_applicable,unclear,gamma=8;p=2^-8;curve=P-256,464864,269,measured,ok,unavailable,gc,go1.18.1,Release,JerryZ
2026-08-19T13:47:57.533576092Z,FMD,sender_signaling,fmd_flag_generation,sender,953,false,not_applicable,unclear,gamma=8;p=2^-8;curve=P-256,357524,270,measured,ok,unavailable,gc,go1.18.1,Release,JerryZ
2026-08-19T13:47:57.535157749Z,FMD,sender_signaling,fmd_sender_preparation,sender,953,false,not_applicable,unclear,gamma=8;p=2^-8;curve=P-256,-1,,not_applicable,not_applicable,unavailable,gc,go1.18.1,Release,JerryZ
2026-08-19T13:47:57.536678214Z,FMD,sender_signaling,message_encryption,sender,953,false,not_applicable,unclear,gamma=8;p=2^-8;curve=P-256,-1,,not_applicable,not_applicable,unavailable,gc,go1.18.1,Release,JerryZ
2026-08-19T13:47:57.538863538Z,FMD,sender_signaling,fmd_sender_total_signaling,sender,953,false,not_applicable,unclear,gamma=8;p=2^-8;curve=P-256,382201,269,measured,ok,unavailable,gc,go1.18.1,Release,JerryZ
2026-08-19T13:47:57.541086602Z,FMD,sender_signaling,fmd_flag_generation,sender,954,false,not_applicable,unclear,gamma=8;p=2^-8;curve=P-256,361878,269,measured,ok,unavailable,gc,go1.18.1,Release,JerryZ
2026-08-19T13:47:57.542515661Z,FMD,sender_signaling,fmd_sender_preparation,sender,954,false,not_applicable,unclear,gamma=8;p=2^-8;curve=P-256,-1,,not_applicable,not_applicable,unavailable,gc,go1.18.1,Release,JerryZ
2026-08-19T13:47:57.543868494Z,FMD,sender_signaling,message_encryption,sender,954,false,not_applicable,unclear,gamma=8;p=2^-8;curve=P-256,-1,,not_applicable,not_applicable,unavailable,gc,go1.18.1,Release,JerryZ
2026-08-19T13:47:57.546160148Z,FMD,sender_signaling,fmd_sender_total_signaling,sender,954,false,not_applicable,unclear,gamma=8;p=2^-8;curve=P-256,425567,269,measured,ok,unavailable,gc,go1.18.1,Release,JerryZ
2026-08-19T13:47:57.548053437Z,FMD,sender_signaling,fmd_flag_generation,sender,955,false,not_applicable,unclear,gamma=8;p=2^-8;curve=P-256,356790,268,measured,ok,unavailable,gc,go1.18.1,Release,JerryZ
2026-08-19T13:47:57.549158859Z,FMD,sender_signaling,fmd_sender_preparation,sender,955,false,not_applicable,unclear,gamma=8;p=2^-8;curve=P-256,-1,,not_applicable,not_applicable,unavailable,gc,go1.18.1,Release,JerryZ
2026-08-19T13:47:57.550700874Z,FMD,sender_signaling,message_encryption,sender,955,false,not_applicable,unclear,gamma=8;p=2^-8;curve=P-256,-1,,not_applicable,not_applicable,unavailable,gc,go1.18.1,Release,JerryZ
2026-08-19T13:47:57.552805068Z,FMD,sender_signaling,fmd_sender_total_signaling,sender,955,false,not_applicable,unclear,gamma=8;p=2^-8;curve=P-256,374919,270,measured,ok,unavailable,gc,go1.18.1,Release,JerryZ
2026-08-19T13:47:57.5550883Z,FMD,sender_signaling,fmd_flag_generation,sender,956,false,not_applicable,unclear,gamma=8;p=2^-8;curve=P-256,380575,267,measured,ok,unavailable,gc,go1.18.1,Release,JerryZ
2026-08-19T13:47:57.556576387Z,FMD,sender_signaling,fmd_sender_preparation,sender,956,false,not_applicable,unclear,gamma=8;p=2^-8;curve=P-256,-1,,not_applicable,not_applicable,unavailable,gc,go1.18.1,Release,JerryZ
2026-08-19T13:47:57.558020434Z,FMD,sender_signaling,message_encryption,sender,956,false,not_applicable,unclear,gamma=8;p=2^-8;curve=P-256,-1,,not_applicable,not_applicable,unavailable,gc,go1.18.1,Release,JerryZ
2026-08-19T13:47:57.561197494Z,FMD,sender_signaling,fmd_sender_total_signaling,sender,956,false,not_applicable,unclear,gamma=8;p=2^-8;curve=P-256,572572,271,measured,ok,unavailable,gc,go1.18.1,Release,JerryZ
2026-08-19T13:47:57.563192154Z,FMD,sender_signaling,fmd_flag_generation,sender,957,false,not_applicable,unclear,gamma=8;p=2^-8;curve=P-256,364274,268,measured,ok,unavailable,gc,go1.18.1,Release,JerryZ
2026-08-19T13:47:57.56453337Z,FMD,sender_signaling,fmd_sender_preparation,sender,957,false,not_applicable,unclear,gamma=8;p=2^-8;curve=P-256,-1,,not_applicable,not_applicable,unavailable,gc,go1.18.1,Release,JerryZ
2026-08-19T13:47:57.565834177Z,FMD,sender_signaling,message_encryption,sender,957,false,not_applicable,unclear,gamma=8;p=2^-8;curve=P-256,-1,,not_applicable,not_applicable,unavailable,gc,go1.18.1,Release,JerryZ
2026-08-19T13:47:57.568886678Z,FMD,sender_signaling,fmd_sender_total_signaling,sender,957,false,not_applicable,unclear,gamma=8;p=2^-8;curve=P-256,509194,270,measured,ok,unavailable,gc,go1.18.1,Release,JerryZ
2026-08-19T13:47:57.571136894Z,FMD,sender_signaling,fmd_flag_generation,sender,958,false,not_applicable,unclear,gamma=8;p=2^-8;curve=P-256,354833,269,measured,ok,unavailable,gc,go1.18.1,Release,JerryZ
2026-08-19T13:47:57.572305235Z,FMD,sender_signaling,fmd_sender_preparation,sender,958,false,not_applicable,unclear,gamma=8;p=2^-8;curve=P-256,-1,,not_applicable,not_applicable,unavailable,gc,go1.18.1,Release,JerryZ
2026-08-19T13:47:57.574366458Z,FMD,sender_signaling,message_encryption,sender,958,false,not_applicable,unclear,gamma=8;p=2^-8;curve=P-256,-1,,not_applicable,not_applicable,unavailable,gc,go1.18.1,Release,JerryZ
2026-08-19T13:47:57.576460027Z,FMD,sender_signaling,fmd_sender_total_signaling,sender,958,false,not_applicable,unclear,gamma=8;p=2^-8;curve=P-256,391569,269,measured,ok,unavailable,gc,go1.18.1,Release,JerryZ
2026-08-19T13:47:57.578409264Z,FMD,sender_signaling,fmd_flag_generation,sender,959,false,not_applicable,unclear,gamma=8;p=2^-8;curve=P-256,369932,268,measured,ok,unavailable,gc,go1.18.1,Release,JerryZ
2026-08-19T13:47:57.579543744Z,FMD,sender_signaling,fmd_sender_preparation,sender,959,false,not_applicable,unclear,gamma=8;p=2^-8;curve=P-256,-1,,not_applicable,not_applicable,unavailable,gc,go1.18.1,Release,JerryZ
2026-08-19T13:47:57.581061271Z,FMD,sender_signaling,message_encryption,sender,959,false,not_applicable,unclear,gamma=8;p=2^-8;curve=P-256,-1,,not_applicable,not_applicable,unavailable,gc,go1.18.1,Release,JerryZ
2026-08-19T13:47:57.582906786Z,FMD,sender_signaling,fmd_sender_total_signaling,sender,959,false,not_applicable,unclear,gamma=8;p=2^-8;curve=P-256,367057,270,measured,ok,unavailable,gc,go1.18.1,Release,JerryZ
2026-08-19T13:47:57.584737708Z,FMD,sender_signaling,fmd_flag_generation,sender,960,false,not_applicable,unclear,gamma=8;p=2^-8;curve=P-256,359948,269,measured,ok,unavailable,gc,go1.18.1,Release,JerryZ
2026-08-19T13:47:57.58598013Z,FMD,sender_signaling,fmd_sender_preparation,sender,960,false,not_applicable,unclear,gamma=8;p=2^-8;curve=P-256,-1,,not_applicable,not_applicable,unavailable,gc,go1.18.1,Release,JerryZ
2026-08-19T13:47:57.587637933Z,FMD,sender_signaling,message_encryption,sender,960,false,not_applicable,unclear,gamma=8;p=2^-8;curve=P-256,-1,,not_applicable,not_applicable,unavailable,gc,go1.18.1,Release,JerryZ
2026-08-19T13:47:57.59440244Z,FMD,sender_signaling,fmd_sender_total_signaling,sender,960,false,not_applicable,unclear,gamma=8;p=2^-8;curve=P-256,425190,268,measured,ok,unavailable,gc,go1.18.1,Release,JerryZ
2026-08-19T13:47:57.596839114Z,FMD,sender_signaling,fmd_flag_generation,sender,961,false,not_applicable,unclear,gamma=8;p=2^-8;curve=P-256,657889,269,measured,ok,unavailable,gc,go1.18.1,Release,JerryZ
2026-08-19T13:47:57.598051289Z,FMD,sender_signaling,fmd_sender_preparation,sender,961,false,not_applicable,unclear,gamma=8;p=2^-8;curve=P-256,-1,,not_applicable,not_applicable,unavailable,gc,go1.18.1,Release,JerryZ
2026-08-19T13:47:57.599413802Z,FMD,sender_signaling,message_encryption,sender,961,false,not_applicable,unclear,gamma=8;p=2^-8;curve=P-256,-1,,not_applicable,not_applicable,unavailable,gc,go1.18.1,Release,JerryZ
2026-08-19T13:47:57.60178135Z,FMD,sender_signaling,fmd_sender_total_signaling,sender,961,false,not_applicable,unclear,gamma=8;p=2^-8;curve=P-256,369968,269,measured,ok,unavailable,gc,go1.18.1,Release,JerryZ
2026-08-19T13:47:57.604074587Z,FMD,sender_signaling,fmd_flag_generation,sender,962,false,not_applicable,unclear,gamma=8;p=2^-8;curve=P-256,378767,269,measured,ok,unavailable,gc,go1.18.1,Release,JerryZ
2026-08-19T13:47:57.605356077Z,FMD,sender_signaling,fmd_sender_preparation,sender,962,false,not_applicable,unclear,gamma=8;p=2^-8;curve=P-256,-1,,not_applicable,not_applicable,unavailable,gc,go1.18.1,Release,JerryZ
2026-08-19T13:47:57.607290041Z,FMD,sender_signaling,message_encryption,sender,962,false,not_applicable,unclear,gamma=8;p=2^-8;curve=P-256,-1,,not_applicable,not_applicable,unavailable,gc,go1.18.1,Release,JerryZ
2026-08-19T13:47:57.609239525Z,FMD,sender_signaling,fmd_sender_total_signaling,sender,962,false,not_applicable,unclear,gamma=8;p=2^-8;curve=P-256,379354,269,measured,ok,unavailable,gc,go1.18.1,Release,JerryZ
2026-08-19T13:47:57.611398179Z,FMD,sender_signaling,fmd_flag_generation,sender,963,false,not_applicable,unclear,gamma=8;p=2^-8;curve=P-256,362879,268,measured,ok,unavailable,gc,go1.18.1,Release,JerryZ
2026-08-19T13:47:57.612813701Z,FMD,sender_signaling,fmd_sender_preparation,sender,963,false,not_applicable,unclear,gamma=8;p=2^-8;curve=P-256,-1,,not_applicable,not_applicable,unavailable,gc,go1.18.1,Release,JerryZ
2026-08-19T13:47:57.613921732Z,FMD,sender_signaling,message_encryption,sender,963,false,not_applicable,unclear,gamma=8;p=2^-8;curve=P-256,-1,,not_applicable,not_applicable,unavailable,gc,go1.18.1,Release,JerryZ
2026-08-19T13:47:57.615819016Z,FMD,sender_signaling,fmd_sender_total_signaling,sender,963,false,not_applicable,unclear,gamma=8;p=2^-8;curve=P-256,376057,270,measured,ok,unavailable,gc,go1.18.1,Release,JerryZ
2026-08-19T13:47:57.617735255Z,FMD,sender_signaling,fmd_flag_generation,sender,964,false,not_applicable,unclear,gamma=8;p=2^-8;curve=P-256,387353,269,measured,ok,unavailable,gc,go1.18.1,Release,JerryZ
2026-08-19T13:47:57.619441232Z,FMD,sender_signaling,fmd_sender_preparation,sender,964,false,not_applicable,unclear,gamma=8;p=2^-8;curve=P-256,-1,,not_applicable,not_applicable,unavailable,gc,go1.18.1,Release,JerryZ
2026-08-19T13:47:57.621516328Z,FMD,sender_signaling,message_encryption,sender,964,false,not_applicable,unclear,gamma=8;p=2^-8;curve=P-256,-1,,not_applicable,not_applicable,unavailable,gc,go1.18.1,Release,JerryZ
2026-08-19T13:47:57.623800928Z,FMD,sender_signaling,fmd_sender_total_signaling,sender,964,false,not_applicable,unclear,gamma=8;p=2^-8;curve=P-256,404592,270,measured,ok,unavailable,gc,go1.18.1,Release,JerryZ
2026-08-19T13:47:57.625986639Z,FMD,sender_signaling,fmd_flag_generation,sender,965,false,not_applicable,unclear,gamma=8;p=2^-8;curve=P-256,381787,269,measured,ok,unavailable,gc,go1.18.1,Release,JerryZ
2026-08-19T13:47:57.627720777Z,FMD,sender_signaling,fmd_sender_preparation,sender,965,false,not_applicable,unclear,gamma=8;p=2^-8;curve=P-256,-1,,not_applicable,not_applicable,unavailable,gc,go1.18.1,Release,JerryZ
2026-08-19T13:47:57.628822921Z,FMD,sender_signaling,message_encryption,sender,965,false,not_applicable,unclear,gamma=8;p=2^-8;curve=P-256,-1,,not_applicable,not_applicable,unavailable,gc,go1.18.1,Release,JerryZ
2026-08-19T13:47:57.630798717Z,FMD,sender_signaling,fmd_sender_total_signaling,sender,965,false,not_applicable,unclear,gamma=8;p=2^-8;curve=P-256,376121,270,measured,ok,unavailable,gc,go1.18.1,Release,JerryZ
2026-08-19T13:47:57.63265675Z,FMD,sender_signaling,fmd_flag_generation,sender,966,false,not_applicable,unclear,gamma=8;p=2^-8;curve=P-256,350792,269,measured,ok,unavailable,gc,go1.18.1,Release,JerryZ
2026-08-19T13:47:57.634384097Z,FMD,sender_signaling,fmd_sender_preparation,sender,966,false,not_applicable,unclear,gamma=8;p=2^-8;curve=P-256,-1,,not_applicable,not_applicable,unavailable,gc,go1.18.1,Release,JerryZ
2026-08-19T13:47:57.635860122Z,FMD,sender_signaling,message_encryption,sender,966,false,not_applicable,unclear,gamma=8;p=2^-8;curve=P-256,-1,,not_applicable,not_applicable,unavailable,gc,go1.18.1,Release,JerryZ
2026-08-19T13:47:57.638551471Z,FMD,sender_signaling,fmd_sender_total_signaling,sender,966,false,not_applicable,unclear,gamma=8;p=2^-8;curve=P-256,919975,269,measured,ok,unavailable,gc,go1.18.1,Release,JerryZ
2026-08-19T13:47:57.640822966Z,FMD,sender_signaling,fmd_flag_generation,sender,967,false,not_applicable,unclear,gamma=8;p=2^-8;curve=P-256,776607,269,measured,ok,unavailable,gc,go1.18.1,Release,JerryZ
2026-08-19T13:47:57.642339675Z,FMD,sender_signaling,fmd_sender_preparation,sender,967,false,not_applicable,unclear,gamma=8;p=2^-8;curve=P-256,-1,,not_applicable,not_applicable,unavailable,gc,go1.18.1,Release,JerryZ
2026-08-19T13:47:57.643487526Z,FMD,sender_signaling,message_encryption,sender,967,false,not_applicable,unclear,gamma=8;p=2^-8;curve=P-256,-1,,not_applicable,not_applicable,unavailable,gc,go1.18.1,Release,JerryZ
2026-08-19T13:47:57.645391808Z,FMD,sender_signaling,fmd_sender_total_signaling,sender,967,false,not_applicable,unclear,gamma=8;p=2^-8;curve=P-256,384689,270,measured,ok,unavailable,gc,go1.18.1,Release,JerryZ
2026-08-19T13:47:57.648184363Z,FMD,sender_signaling,fmd_flag_generation,sender,968,false,not_applicable,unclear,gamma=8;p=2^-8;curve=P-256,541962,269,measured,ok,unavailable,gc,go1.18.1,Release,JerryZ
2026-08-19T13:47:57.649975308Z,FMD,sender_signaling,fmd_sender_preparation,sender,968,false,not_applicable,unclear,gamma=8;p=2^-8;curve=P-256,-1,,not_applicable,not_applicable,unavailable,gc,go1.18.1,Release,JerryZ
2026-08-19T13:47:57.651585888Z,FMD,sender_signaling,message_encryption,sender,968,false,not_applicable,unclear,gamma=8;p=2^-8;curve=P-256,-1,,not_applicable,not_applicable,unavailable,gc,go1.18.1,Release,JerryZ
2026-08-19T13:47:57.653733058Z,FMD,sender_signaling,fmd_sender_total_signaling,sender,968,false,not_applicable,unclear,gamma=8;p=2^-8;curve=P-256,425493,269,measured,ok,unavailable,gc,go1.18.1,Release,JerryZ
2026-08-19T13:47:57.655971799Z,FMD,sender_signaling,fmd_flag_generation,sender,969,false,not_applicable,unclear,gamma=8;p=2^-8;curve=P-256,360885,269,measured,ok,unavailable,gc,go1.18.1,Release,JerryZ
2026-08-19T13:47:57.657357565Z,FMD,sender_signaling,fmd_sender_preparation,sender,969,false,not_applicable,unclear,gamma=8;p=2^-8;curve=P-256,-1,,not_applicable,not_applicable,unavailable,gc,go1.18.1,Release,JerryZ
2026-08-19T13:47:57.658758976Z,FMD,sender_signaling,message_encryption,sender,969,false,not_applicable,unclear,gamma=8;p=2^-8;curve=P-256,-1,,not_applicable,not_applicable,unavailable,gc,go1.18.1,Release,JerryZ
2026-08-19T13:47:57.660704328Z,FMD,sender_signaling,fmd_sender_total_signaling,sender,969,false,not_applicable,unclear,gamma=8;p=2^-8;curve=P-256,382063,270,measured,ok,unavailable,gc,go1.18.1,Release,JerryZ
2026-08-19T13:47:57.662903611Z,FMD,sender_signaling,fmd_flag_generation,sender,970,false,not_applicable,unclear,gamma=8;p=2^-8;curve=P-256,364293,269,measured,ok,unavailable,gc,go1.18.1,Release,JerryZ
2026-08-19T13:47:57.664435592Z,FMD,sender_signaling,fmd_sender_preparation,sender,970,false,not_applicable,unclear,gamma=8;p=2^-8;curve=P-256,-1,,not_applicable,not_applicable,unavailable,gc,go1.18.1,Release,JerryZ
2026-08-19T13:47:57.666275927Z,FMD,sender_signaling,message_encryption,sender,970,false,not_applicable,unclear,gamma=8;p=2^-8;curve=P-256,-1,,not_applicable,not_applicable,unavailable,gc,go1.18.1,Release,JerryZ
2026-08-19T13:47:57.668779326Z,FMD,sender_signaling,fmd_sender_total_signaling,sender,970,false,not_applicable,unclear,gamma=8;p=2^-8;curve=P-256,384662,269,measured,ok,unavailable,gc,go1.18.1,Release,JerryZ
2026-08-19T13:47:57.67091352Z,FMD,sender_signaling,fmd_flag_generation,sender,971,false,not_applicable,unclear,gamma=8;p=2^-8;curve=P-256,351592,269,measured,ok,unavailable,gc,go1.18.1,Release,JerryZ
2026-08-19T13:47:57.672158858Z,FMD,sender_signaling,fmd_sender_preparation,sender,971,false,not_applicable,unclear,gamma=8;p=2^-8;curve=P-256,-1,,not_applicable,not_applicable,unavailable,gc,go1.18.1,Release,JerryZ
2026-08-19T13:47:57.673348175Z,FMD,sender_signaling,message_encryption,sender,971,false,not_applicable,unclear,gamma=8;p=2^-8;curve=P-256,-1,,not_applicable,not_applicable,unavailable,gc,go1.18.1,Release,JerryZ
2026-08-19T13:47:57.67518222Z,FMD,sender_signaling,fmd_sender_total_signaling,sender,971,false,not_applicable,unclear,gamma=8;p=2^-8;curve=P-256,360003,269,measured,ok,unavailable,gc,go1.18.1,Release,JerryZ
2026-08-19T13:47:57.677366101Z,FMD,sender_signaling,fmd_flag_generation,sender,972,false,not_applicable,unclear,gamma=8;p=2^-8;curve=P-256,358773,271,measured,ok,unavailable,gc,go1.18.1,Release,JerryZ
2026-08-19T13:47:57.678716914Z,FMD,sender_signaling,fmd_sender_preparation,sender,972,false,not_applicable,unclear,gamma=8;p=2^-8;curve=P-256,-1,,not_applicable,not_applicable,unavailable,gc,go1.18.1,Release,JerryZ
2026-08-19T13:47:57.680399234Z,FMD,sender_signaling,message_encryption,sender,972,false,not_applicable,unclear,gamma=8;p=2^-8;curve=P-256,-1,,not_applicable,not_applicable,unavailable,gc,go1.18.1,Release,JerryZ
2026-08-19T13:47:57.682954806Z,FMD,sender_signaling,fmd_sender_total_signaling,sender,972,false,not_applicable,unclear,gamma=8;p=2^-8;curve=P-256,428349,268,measured,ok,unavailable,gc,go1.18.1,Release,JerryZ
2026-08-19T13:47:57.685378379Z,FMD,sender_signaling,fmd_flag_generation,sender,973,false,not_applicable,unclear,gamma=8;p=2^-8;curve=P-256,371254,270,measured,ok,unavailable,gc,go1.18.1,Release,JerryZ
2026-08-19T13:47:57.686482002Z,FMD,sender_signaling,fmd_sender_preparation,sender,973,false,not_applicable,unclear,gamma=8;p=2^-8;curve=P-256,-1,,not_applicable,not_applicable,unavailable,gc,go1.18.1,Release,JerryZ
2026-08-19T13:47:57.688000703Z,FMD,sender_signaling,message_encryption,sender,973,false,not_applicable,unclear,gamma=8;p=2^-8;curve=P-256,-1,,not_applicable,not_applicable,unavailable,gc,go1.18.1,Release,JerryZ
2026-08-19T13:47:57.6901231Z,FMD,sender_signaling,fmd_sender_total_signaling,sender,973,false,not_applicable,unclear,gamma=8;p=2^-8;curve=P-256,393663,270,measured,ok,unavailable,gc,go1.18.1,Release,JerryZ
2026-08-19T13:47:57.692258Z,FMD,sender_signaling,fmd_flag_generation,sender,974,false,not_applicable,unclear,gamma=8;p=2^-8;curve=P-256,377747,269,measured,ok,unavailable,gc,go1.18.1,Release,JerryZ
2026-08-19T13:47:57.693542905Z,FMD,sender_signaling,fmd_sender_preparation,sender,974,false,not_applicable,unclear,gamma=8;p=2^-8;curve=P-256,-1,,not_applicable,not_applicable,unavailable,gc,go1.18.1,Release,JerryZ
2026-08-19T13:47:57.694990612Z,FMD,sender_signaling,message_encryption,sender,974,false,not_applicable,unclear,gamma=8;p=2^-8;curve=P-256,-1,,not_applicable,not_applicable,unavailable,gc,go1.18.1,Release,JerryZ
2026-08-19T13:47:57.697430119Z,FMD,sender_signaling,fmd_sender_total_signaling,sender,974,false,not_applicable,unclear,gamma=8;p=2^-8;curve=P-256,380768,269,measured,ok,unavailable,gc,go1.18.1,Release,JerryZ
2026-08-19T13:47:57.699838558Z,FMD,sender_signaling,fmd_flag_generation,sender,975,false,not_applicable,unclear,gamma=8;p=2^-8;curve=P-256,387821,268,measured,ok,unavailable,gc,go1.18.1,Release,JerryZ
2026-08-19T13:47:57.700958082Z,FMD,sender_signaling,fmd_sender_preparation,sender,975,false,not_applicable,unclear,gamma=8;p=2^-8;curve=P-256,-1,,not_applicable,not_applicable,unavailable,gc,go1.18.1,Release,JerryZ
2026-08-19T13:47:57.702244967Z,FMD,sender_signaling,message_encryption,sender,975,false,not_applicable,unclear,gamma=8;p=2^-8;curve=P-256,-1,,not_applicable,not_applicable,unavailable,gc,go1.18.1,Release,JerryZ
2026-08-19T13:47:57.70448037Z,FMD,sender_signaling,fmd_sender_total_signaling,sender,975,false,not_applicable,unclear,gamma=8;p=2^-8;curve=P-256,370152,270,measured,ok,unavailable,gc,go1.18.1,Release,JerryZ
2026-08-19T13:47:57.706834574Z,FMD,sender_signaling,fmd_flag_generation,sender,976,false,not_applicable,unclear,gamma=8;p=2^-8;curve=P-256,779078,268,measured,ok,unavailable,gc,go1.18.1,Release,JerryZ
2026-08-19T13:47:57.707988643Z,FMD,sender_signaling,fmd_sender_preparation,sender,976,false,not_applicable,unclear,gamma=8;p=2^-8;curve=P-256,-1,,not_applicable,not_applicable,unavailable,gc,go1.18.1,Release,JerryZ
2026-08-19T13:47:57.709175213Z,FMD,sender_signaling,message_encryption,sender,976,false,not_applicable,unclear,gamma=8;p=2^-8;curve=P-256,-1,,not_applicable,not_applicable,unavailable,gc,go1.18.1,Release,JerryZ
2026-08-19T13:47:57.711811836Z,FMD,sender_signaling,fmd_sender_total_signaling,sender,976,false,not_applicable,unclear,gamma=8;p=2^-8;curve=P-256,431858,269,measured,ok,unavailable,gc,go1.18.1,Release,JerryZ
2026-08-19T13:47:57.715226671Z,FMD,sender_signaling,fmd_flag_generation,sender,977,false,not_applicable,unclear,gamma=8;p=2^-8;curve=P-256,400578,269,measured,ok,unavailable,gc,go1.18.1,Release,JerryZ
2026-08-19T13:47:57.716431498Z,FMD,sender_signaling,fmd_sender_preparation,sender,977,false,not_applicable,unclear,gamma=8;p=2^-8;curve=P-256,-1,,not_applicable,not_applicable,unavailable,gc,go1.18.1,Release,JerryZ
2026-08-19T13:47:57.717912928Z,FMD,sender_signaling,message_encryption,sender,977,false,not_applicable,unclear,gamma=8;p=2^-8;curve=P-256,-1,,not_applicable,not_applicable,unavailable,gc,go1.18.1,Release,JerryZ
2026-08-19T13:47:57.72048763Z,FMD,sender_signaling,fmd_sender_total_signaling,sender,977,false,not_applicable,unclear,gamma=8;p=2^-8;curve=P-256,389300,269,measured,ok,unavailable,gc,go1.18.1,Release,JerryZ
2026-08-19T13:47:57.722647712Z,FMD,sender_signaling,fmd_flag_generation,sender,978,false,not_applicable,unclear,gamma=8;p=2^-8;curve=P-256,353089,269,measured,ok,unavailable,gc,go1.18.1,Release,JerryZ
2026-08-19T13:47:57.723922823Z,FMD,sender_signaling,fmd_sender_preparation,sender,978,false,not_applicable,unclear,gamma=8;p=2^-8;curve=P-256,-1,,not_applicable,not_applicable,unavailable,gc,go1.18.1,Release,JerryZ
2026-08-19T13:47:57.725372067Z,FMD,sender_signaling,message_encryption,sender,978,false,not_applicable,unclear,gamma=8;p=2^-8;curve=P-256,-1,,not_applicable,not_applicable,unavailable,gc,go1.18.1,Release,JerryZ
2026-08-19T13:47:57.727751045Z,FMD,sender_signaling,fmd_sender_total_signaling,sender,978,false,not_applicable,unclear,gamma=8;p=2^-8;curve=P-256,381099,269,measured,ok,unavailable,gc,go1.18.1,Release,JerryZ
2026-08-19T13:47:57.730142911Z,FMD,sender_signaling,fmd_flag_generation,sender,979,false,not_applicable,unclear,gamma=8;p=2^-8;curve=P-256,413389,270,measured,ok,unavailable,gc,go1.18.1,Release,JerryZ
2026-08-19T13:47:57.731248485Z,FMD,sender_signaling,fmd_sender_preparation,sender,979,false,not_applicable,unclear,gamma=8;p=2^-8;curve=P-256,-1,,not_applicable,not_applicable,unavailable,gc,go1.18.1,Release,JerryZ
2026-08-19T13:47:57.732627033Z,FMD,sender_signaling,message_encryption,sender,979,false,not_applicable,unclear,gamma=8;p=2^-8;curve=P-256,-1,,not_applicable,not_applicable,unavailable,gc,go1.18.1,Release,JerryZ
2026-08-19T13:47:57.734727866Z,FMD,sender_signaling,fmd_sender_total_signaling,sender,979,false,not_applicable,unclear,gamma=8;p=2^-8;curve=P-256,387408,271,measured,ok,unavailable,gc,go1.18.1,Release,JerryZ
2026-08-19T13:47:57.73668164Z,FMD,sender_signaling,fmd_flag_generation,sender,980,false,not_applicable,unclear,gamma=8;p=2^-8;curve=P-256,360445,270,measured,ok,unavailable,gc,go1.18.1,Release,JerryZ
2026-08-19T13:47:57.738050122Z,FMD,sender_signaling,fmd_sender_preparation,sender,980,false,not_applicable,unclear,gamma=8;p=2^-8;curve=P-256,-1,,not_applicable,not_applicable,unavailable,gc,go1.18.1,Release,JerryZ
2026-08-19T13:47:57.739509827Z,FMD,sender_signaling,message_encryption,sender,980,false,not_applicable,unclear,gamma=8;p=2^-8;curve=P-256,-1,,not_applicable,not_applicable,unavailable,gc,go1.18.1,Release,JerryZ
2026-08-19T13:47:57.741666424Z,FMD,sender_signaling,fmd_sender_total_signaling,sender,980,false,not_applicable,unclear,gamma=8;p=2^-8;curve=P-256,407777,269,measured,ok,unavailable,gc,go1.18.1,Release,JerryZ
2026-08-19T13:47:57.744965307Z,FMD,sender_signaling,fmd_flag_generation,sender,981,false,not_applicable,unclear,gamma=8;p=2^-8;curve=P-256,642111,269,measured,ok,unavailable,gc,go1.18.1,Release,JerryZ
2026-08-19T13:47:57.746327393Z,FMD,sender_signaling,fmd_sender_preparation,sender,981,false,not_applicable,unclear,gamma=8;p=2^-8;curve=P-256,-1,,not_applicable,not_applicable,unavailable,gc,go1.18.1,Release,JerryZ
2026-08-19T13:47:57.747636351Z,FMD,sender_signaling,message_encryption,sender,981,false,not_applicable,unclear,gamma=8;p=2^-8;curve=P-256,-1,,not_applicable,not_applicable,unavailable,gc,go1.18.1,Release,JerryZ
2026-08-19T13:47:57.749586726Z,FMD,sender_signaling,fmd_sender_total_signaling,sender,981,false,not_applicable,unclear,gamma=8;p=2^-8;curve=P-256,407603,269,measured,ok,unavailable,gc,go1.18.1,Release,JerryZ
2026-08-19T13:47:57.75143585Z,FMD,sender_signaling,fmd_flag_generation,sender,982,false,not_applicable,unclear,gamma=8;p=2^-8;curve=P-256,368076,269,measured,ok,unavailable,gc,go1.18.1,Release,JerryZ
2026-08-19T13:47:57.752821732Z,FMD,sender_signaling,fmd_sender_preparation,sender,982,false,not_applicable,unclear,gamma=8;p=2^-8;curve=P-256,-1,,not_applicable,not_applicable,unavailable,gc,go1.18.1,Release,JerryZ
2026-08-19T13:47:57.754129514Z,FMD,sender_signaling,message_encryption,sender,982,false,not_applicable,unclear,gamma=8;p=2^-8;curve=P-256,-1,,not_applicable,not_applicable,unavailable,gc,go1.18.1,Release,JerryZ
2026-08-19T13:47:57.755957612Z,FMD,sender_signaling,fmd_sender_total_signaling,sender,982,false,not_applicable,unclear,gamma=8;p=2^-8;curve=P-256,357386,271,measured,ok,unavailable,gc,go1.18.1,Release,JerryZ
2026-08-19T13:47:57.758775234Z,FMD,sender_signaling,fmd_flag_generation,sender,983,false,not_applicable,unclear,gamma=8;p=2^-8;curve=P-256,528572,269,measured,ok,unavailable,gc,go1.18.1,Release,JerryZ
2026-08-19T13:47:57.760425157Z,FMD,sender_signaling,fmd_sender_preparation,sender,983,false,not_applicable,unclear,gamma=8;p=2^-8;curve=P-256,-1,,not_applicable,not_applicable,unavailable,gc,go1.18.1,Release,JerryZ
2026-08-19T13:47:57.761703487Z,FMD,sender_signaling,message_encryption,sender,983,false,not_applicable,unclear,gamma=8;p=2^-8;curve=P-256,-1,,not_applicable,not_applicable,unavailable,gc,go1.18.1,Release,JerryZ
2026-08-19T13:47:57.763868424Z,FMD,sender_signaling,fmd_sender_total_signaling,sender,983,false,not_applicable,unclear,gamma=8;p=2^-8;curve=P-256,399127,270,measured,ok,unavailable,gc,go1.18.1,Release,JerryZ
2026-08-19T13:47:57.766079886Z,FMD,sender_signaling,fmd_flag_generation,sender,984,false,not_applicable,unclear,gamma=8;p=2^-8;curve=P-256,422876,269,measured,ok,unavailable,gc,go1.18.1,Release,JerryZ
2026-08-19T13:47:57.767496243Z,FMD,sender_signaling,fmd_sender_preparation,sender,984,false,not_applicable,unclear,gamma=8;p=2^-8;curve=P-256,-1,,not_applicable,not_applicable,unavailable,gc,go1.18.1,Release,JerryZ
2026-08-19T13:47:57.768604219Z,FMD,sender_signaling,message_encryption,sender,984,false,not_applicable,unclear,gamma=8;p=2^-8;curve=P-256,-1,,not_applicable,not_applicable,unavailable,gc,go1.18.1,Release,JerryZ
2026-08-19T13:47:57.77050626Z,FMD,sender_signaling,fmd_sender_total_signaling,sender,984,false,not_applicable,unclear,gamma=8;p=2^-8;curve=P-256,360169,270,measured,ok,unavailable,gc,go1.18.1,Release,JerryZ
2026-08-19T13:47:57.773464949Z,FMD,sender_signaling,fmd_flag_generation,sender,985,false,not_applicable,unclear,gamma=8;p=2^-8;curve=P-256,632477,269,measured,ok,unavailable,gc,go1.18.1,Release,JerryZ
2026-08-19T13:47:57.776112326Z,FMD,sender_signaling,fmd_sender_preparation,sender,985,false,not_applicable,unclear,gamma=8;p=2^-8;curve=P-256,-1,,not_applicable,not_applicable,unavailable,gc,go1.18.1,Release,JerryZ
2026-08-19T13:47:57.777430142Z,FMD,sender_signaling,message_encryption,sender,985,false,not_applicable,unclear,gamma=8;p=2^-8;curve=P-256,-1,,not_applicable,not_applicable,unavailable,gc,go1.18.1,Release,JerryZ
2026-08-19T13:47:57.779404367Z,FMD,sender_signaling,fmd_sender_total_signaling,sender,985,false,not_applicable,unclear,gamma=8;p=2^-8;curve=P-256,380814,269,measured,ok,unavailable,gc,go1.18.1,Release,JerryZ
2026-08-19T13:47:57.781262372Z,FMD,sender_signaling,fmd_flag_generation,sender,986,false,not_applicable,unclear,gamma=8;p=2^-8;curve=P-256,360188,268,measured,ok,unavailable,gc,go1.18.1,Release,JerryZ
2026-08-19T13:47:57.782717908Z,FMD,sender_signaling,fmd_sender_preparation,sender,986,false,not_applicable,unclear,gamma=8;p=2^-8;curve=P-256,-1,,not_applicable,not_applicable,unavailable,gc,go1.18.1,Release,JerryZ
2026-08-19T13:47:57.783821347Z,FMD,sender_signaling,message_encryption,sender,986,false,not_applicable,unclear,gamma=8;p=2^-8;curve=P-256,-1,,not_applicable,not_applicable,unavailable,gc,go1.18.1,Release,JerryZ
2026-08-19T13:47:57.785660709Z,FMD,sender_signaling,fmd_sender_total_signaling,sender,986,false,not_applicable,unclear,gamma=8;p=2^-8;curve=P-256,365726,269,measured,ok,unavailable,gc,go1.18.1,Release,JerryZ
2026-08-19T13:47:57.788327142Z,FMD,sender_signaling,fmd_flag_generation,sender,987,false,not_applicable,unclear,gamma=8;p=2^-8;curve=P-256,857304,269,measured,ok,unavailable,gc,go1.18.1,Release,JerryZ
2026-08-19T13:47:57.79040463Z,FMD,sender_signaling,fmd_sender_preparation,sender,987,false,not_applicable,unclear,gamma=8;p=2^-8;curve=P-256,-1,,not_applicable,not_applicable,unavailable,gc,go1.18.1,Release,JerryZ
2026-08-19T13:47:57.791467321Z,FMD,sender_signaling,message_encryption,sender,987,false,not_applicable,unclear,gamma=8;p=2^-8;curve=P-256,-1,,not_applicable,not_applicable,unavailable,gc,go1.18.1,Release,JerryZ
2026-08-19T13:47:57.793772001Z,FMD,sender_signaling,fmd_sender_total_signaling,sender,987,false,not_applicable,unclear,gamma=8;p=2^-8;curve=P-256,796728,270,measured,ok,unavailable,gc,go1.18.1,Release,JerryZ
2026-08-19T13:47:57.796239212Z,FMD,sender_signaling,fmd_flag_generation,sender,988,false,not_applicable,unclear,gamma=8;p=2^-8;curve=P-256,356468,270,measured,ok,unavailable,gc,go1.18.1,Release,JerryZ
2026-08-19T13:47:57.797547471Z,FMD,sender_signaling,fmd_sender_preparation,sender,988,false,not_applicable,unclear,gamma=8;p=2^-8;curve=P-256,-1,,not_applicable,not_applicable,unavailable,gc,go1.18.1,Release,JerryZ
2026-08-19T13:47:57.798756786Z,FMD,sender_signaling,message_encryption,sender,988,false,not_applicable,unclear,gamma=8;p=2^-8;curve=P-256,-1,,not_applicable,not_applicable,unavailable,gc,go1.18.1,Release,JerryZ
2026-08-19T13:47:57.800729482Z,FMD,sender_signaling,fmd_sender_total_signaling,sender,988,false,not_applicable,unclear,gamma=8;p=2^-8;curve=P-256,408200,269,measured,ok,unavailable,gc,go1.18.1,Release,JerryZ
2026-08-19T13:47:57.803411528Z,FMD,sender_signaling,fmd_flag_generation,sender,989,false,not_applicable,unclear,gamma=8;p=2^-8;curve=P-256,448187,268,measured,ok,unavailable,gc,go1.18.1,Release,JerryZ
2026-08-19T13:47:57.805497557Z,FMD,sender_signaling,fmd_sender_preparation,sender,989,false,not_applicable,unclear,gamma=8;p=2^-8;curve=P-256,-1,,not_applicable,not_applicable,unavailable,gc,go1.18.1,Release,JerryZ
2026-08-19T13:47:57.806802796Z,FMD,sender_signaling,message_encryption,sender,989,false,not_applicable,unclear,gamma=8;p=2^-8;curve=P-256,-1,,not_applicable,not_applicable,unavailable,gc,go1.18.1,Release,JerryZ
2026-08-19T13:47:57.808622877Z,FMD,sender_signaling,fmd_sender_total_signaling,sender,989,false,not_applicable,unclear,gamma=8;p=2^-8;curve=P-256,377692,271,measured,ok,unavailable,gc,go1.18.1,Release,JerryZ
2026-08-19T13:47:57.811120385Z,FMD,sender_signaling,fmd_flag_generation,sender,990,false,not_applicable,unclear,gamma=8;p=2^-8;curve=P-256,373642,269,measured,ok,unavailable,gc,go1.18.1,Release,JerryZ
2026-08-19T13:47:57.812257161Z,FMD,sender_signaling,fmd_sender_preparation,sender,990,false,not_applicable,unclear,gamma=8;p=2^-8;curve=P-256,-1,,not_applicable,not_applicable,unavailable,gc,go1.18.1,Release,JerryZ
2026-08-19T13:47:57.813339827Z,FMD,sender_signaling,message_encryption,sender,990,false,not_applicable,unclear,gamma=8;p=2^-8;curve=P-256,-1,,not_applicable,not_applicable,unavailable,gc,go1.18.1,Release,JerryZ
2026-08-19T13:47:57.815698393Z,FMD,sender_signaling,fmd_sender_total_signaling,sender,990,false,not_applicable,unclear,gamma=8;p=2^-8;curve=P-256,806757,268,measured,ok,unavailable,gc,go1.18.1,Release,JerryZ
2026-08-19T13:47:57.818152581Z,FMD,sender_signaling,fmd_flag_generation,sender,991,false,not_applicable,unclear,gamma=8;p=2^-8;curve=P-256,450308,268,measured,ok,unavailable,gc,go1.18.1,Release,JerryZ
2026-08-19T13:47:57.81973753Z,FMD,sender_signaling,fmd_sender_preparation,sender,991,false,not_applicable,unclear,gamma=8;p=2^-8;curve=P-256,-1,,not_applicable,not_applicable,unavailable,gc,go1.18.1,Release,JerryZ
2026-08-19T13:47:57.821624816Z,FMD,sender_signaling,message_encryption,sender,991,false,not_applicable,unclear,gamma=8;p=2^-8;curve=P-256,-1,,not_applicable,not_applicable,unavailable,gc,go1.18.1,Release,JerryZ
2026-08-19T13:47:57.823516958Z,FMD,sender_signaling,fmd_sender_total_signaling,sender,991,false,not_applicable,unclear,gamma=8;p=2^-8;curve=P-256,376525,268,measured,ok,unavailable,gc,go1.18.1,Release,JerryZ
2026-08-19T13:47:57.825907433Z,FMD,sender_signaling,fmd_flag_generation,sender,992,false,not_applicable,unclear,gamma=8;p=2^-8;curve=P-256,543422,268,measured,ok,unavailable,gc,go1.18.1,Release,JerryZ
2026-08-19T13:47:57.82734073Z,FMD,sender_signaling,fmd_sender_preparation,sender,992,false,not_applicable,unclear,gamma=8;p=2^-8;curve=P-256,-1,,not_applicable,not_applicable,unavailable,gc,go1.18.1,Release,JerryZ
2026-08-19T13:47:57.828471656Z,FMD,sender_signaling,message_encryption,sender,992,false,not_applicable,unclear,gamma=8;p=2^-8;curve=P-256,-1,,not_applicable,not_applicable,unavailable,gc,go1.18.1,Release,JerryZ
2026-08-19T13:47:57.830752353Z,FMD,sender_signaling,fmd_sender_total_signaling,sender,992,false,not_applicable,unclear,gamma=8;p=2^-8;curve=P-256,391642,270,measured,ok,unavailable,gc,go1.18.1,Release,JerryZ
2026-08-19T13:47:57.833573662Z,FMD,sender_signaling,fmd_flag_generation,sender,993,false,not_applicable,unclear,gamma=8;p=2^-8;curve=P-256,445872,269,measured,ok,unavailable,gc,go1.18.1,Release,JerryZ
2026-08-19T13:47:57.835423539Z,FMD,sender_signaling,fmd_sender_preparation,sender,993,false,not_applicable,unclear,gamma=8;p=2^-8;curve=P-256,-1,,not_applicable,not_applicable,unavailable,gc,go1.18.1,Release,JerryZ
2026-08-19T13:47:57.836827958Z,FMD,sender_signaling,message_encryption,sender,993,false,not_applicable,unclear,gamma=8;p=2^-8;curve=P-256,-1,,not_applicable,not_applicable,unavailable,gc,go1.18.1,Release,JerryZ
2026-08-19T13:47:57.838964727Z,FMD,sender_signaling,fmd_sender_total_signaling,sender,993,false,not_applicable,unclear,gamma=8;p=2^-8;curve=P-256,373063,269,measured,ok,unavailable,gc,go1.18.1,Release,JerryZ
2026-08-19T13:47:57.841698964Z,FMD,sender_signaling,fmd_flag_generation,sender,994,false,not_applicable,unclear,gamma=8;p=2^-8;curve=P-256,411406,269,measured,ok,unavailable,gc,go1.18.1,Release,JerryZ
2026-08-19T13:47:57.843009212Z,FMD,sender_signaling,fmd_sender_preparation,sender,994,false,not_applicable,unclear,gamma=8;p=2^-8;curve=P-256,-1,,not_applicable,not_applicable,unavailable,gc,go1.18.1,Release,JerryZ
2026-08-19T13:47:57.84435283Z,FMD,sender_signaling,message_encryption,sender,994,false,not_applicable,unclear,gamma=8;p=2^-8;curve=P-256,-1,,not_applicable,not_applicable,unavailable,gc,go1.18.1,Release,JerryZ
2026-08-19T13:47:57.846521016Z,FMD,sender_signaling,fmd_sender_total_signaling,sender,994,false,not_applicable,unclear,gamma=8;p=2^-8;curve=P-256,369867,270,measured,ok,unavailable,gc,go1.18.1,Release,JerryZ
2026-08-19T13:47:57.849400642Z,FMD,sender_signaling,fmd_flag_generation,sender,995,false,not_applicable,unclear,gamma=8;p=2^-8;curve=P-256,499496,270,measured,ok,unavailable,gc,go1.18.1,Release,JerryZ
2026-08-19T13:47:57.850912075Z,FMD,sender_signaling,fmd_sender_preparation,sender,995,false,not_applicable,unclear,gamma=8;p=2^-8;curve=P-256,-1,,not_applicable,not_applicable,unavailable,gc,go1.18.1,Release,JerryZ
2026-08-19T13:47:57.852038667Z,FMD,sender_signaling,message_encryption,sender,995,false,not_applicable,unclear,gamma=8;p=2^-8;curve=P-256,-1,,not_applicable,not_applicable,unavailable,gc,go1.18.1,Release,JerryZ
2026-08-19T13:47:57.854140447Z,FMD,sender_signaling,fmd_sender_total_signaling,sender,995,false,not_applicable,unclear,gamma=8;p=2^-8;curve=P-256,405776,269,measured,ok,unavailable,gc,go1.18.1,Release,JerryZ
2026-08-19T13:47:57.856104469Z,FMD,sender_signaling,fmd_flag_generation,sender,996,false,not_applicable,unclear,gamma=8;p=2^-8;curve=P-256,360509,269,measured,ok,unavailable,gc,go1.18.1,Release,JerryZ
2026-08-19T13:47:57.857424682Z,FMD,sender_signaling,fmd_sender_preparation,sender,996,false,not_applicable,unclear,gamma=8;p=2^-8;curve=P-256,-1,,not_applicable,not_applicable,unavailable,gc,go1.18.1,Release,JerryZ
2026-08-19T13:47:57.858555553Z,FMD,sender_signaling,message_encryption,sender,996,false,not_applicable,unclear,gamma=8;p=2^-8;curve=P-256,-1,,not_applicable,not_applicable,unavailable,gc,go1.18.1,Release,JerryZ
2026-08-19T13:47:57.860986046Z,FMD,sender_signaling,fmd_sender_total_signaling,sender,996,false,not_applicable,unclear,gamma=8;p=2^-8;curve=P-256,681335,270,measured,ok,unavailable,gc,go1.18.1,Release,JerryZ
2026-08-19T13:47:57.864130284Z,FMD,sender_signaling,fmd_flag_generation,sender,997,false,not_applicable,unclear,gamma=8;p=2^-8;curve=P-256,1017075,268,measured,ok,unavailable,gc,go1.18.1,Release,JerryZ
2026-08-19T13:47:57.866634312Z,FMD,sender_signaling,fmd_sender_preparation,sender,997,false,not_applicable,unclear,gamma=8;p=2^-8;curve=P-256,-1,,not_applicable,not_applicable,unavailable,gc,go1.18.1,Release,JerryZ
2026-08-19T13:47:57.868464912Z,FMD,sender_signaling,message_encryption,sender,997,false,not_applicable,unclear,gamma=8;p=2^-8;curve=P-256,-1,,not_applicable,not_applicable,unavailable,gc,go1.18.1,Release,JerryZ
2026-08-19T13:47:57.870412771Z,FMD,sender_signaling,fmd_sender_total_signaling,sender,997,false,not_applicable,unclear,gamma=8;p=2^-8;curve=P-256,404738,269,measured,ok,unavailable,gc,go1.18.1,Release,JerryZ
2026-08-19T13:47:57.872553338Z,FMD,sender_signaling,fmd_flag_generation,sender,998,false,not_applicable,unclear,gamma=8;p=2^-8;curve=P-256,364706,270,measured,ok,unavailable,gc,go1.18.1,Release,JerryZ
2026-08-19T13:47:57.873666645Z,FMD,sender_signaling,fmd_sender_preparation,sender,998,false,not_applicable,unclear,gamma=8;p=2^-8;curve=P-256,-1,,not_applicable,not_applicable,unavailable,gc,go1.18.1,Release,JerryZ
2026-08-19T13:47:57.875123567Z,FMD,sender_signaling,message_encryption,sender,998,false,not_applicable,unclear,gamma=8;p=2^-8;curve=P-256,-1,,not_applicable,not_applicable,unavailable,gc,go1.18.1,Release,JerryZ
2026-08-19T13:47:57.877403291Z,FMD,sender_signaling,fmd_sender_total_signaling,sender,998,false,not_applicable,unclear,gamma=8;p=2^-8;curve=P-256,756026,269,measured,ok,unavailable,gc,go1.18.1,Release,JerryZ
2026-08-19T13:47:57.880600849Z,FMD,sender_signaling,fmd_flag_generation,sender,999,false,not_applicable,unclear,gamma=8;p=2^-8;curve=P-256,996898,269,measured,ok,unavailable,gc,go1.18.1,Release,JerryZ
2026-08-19T13:47:57.881957411Z,FMD,sender_signaling,fmd_sender_preparation,sender,999,false,not_applicable,unclear,gamma=8;p=2^-8;curve=P-256,-1,,not_applicable,not_applicable,unavailable,gc,go1.18.1,Release,JerryZ
2026-08-19T13:47:57.883413939Z,FMD,sender_signaling,message_encryption,sender,999,false,not_applicable,unclear,gamma=8;p=2^-8;curve=P-256,-1,,not_applicable,not_applicable,unavailable,gc,go1.18.1,Release,JerryZ
2026-08-19T13:47:57.885972197Z,FMD,sender_signaling,fmd_sender_total_signaling,sender,999,false,not_applicable,unclear,gamma=8;p=2^-8;curve=P-256,821038,270,measured,ok,unavailable,gc,go1.18.1,Release,JerryZ
