timestamp,scheme,experiment,operation,role,trial,warmup,message_size_bytes,recipient_input_size,scheme_specific_parameters,wall_time_ns,output_bytes,output_bytes_status,status,git_commit,compiler,compiler_version,build_type,machine_id
1787147199646630814,PPS-GC,sender_signaling,pps_gc_share_generation,sender,0,true,32,2,recipient_bits=16;location_bytes=32,9946,68,measured,ok,unavailable,rustc,nightly-2021-05-06,Release,JerryZ
1787147199649051632,PPS-GC,sender_signaling,pps_gc_sender_preparation,sender,0,true,32,2,recipient_bits=16;location_bytes=32,92,68,measured,ok,unavailable,rustc,nightly-2021-05-06,Release,JerryZ
1787147199650964057,PPS-GC,sender_signaling,pps_gc_share_generation,sender,0,true,32,2,recipient_bits=16;location_bytes=32,8981,68,measured,ok,unavailable,rustc,nightly-2021-05-06,Release,JerryZ
1787147199652335134,PPS-GC,sender_signaling,pps_gc_sender_preparation,sender,0,true,32,2,recipient_bits=16;location_bytes=32,27,68,measured,ok,unavailable,rustc,nightly-2021-05-06,Release,JerryZ
1787147199653787488,PPS-GC,sender_signaling,pps_gc_share_generation,sender,0,true,32,2,recipient_bits=16;location_bytes=32,8982,68,measured,ok,unavailable,rustc,nightly-2021-05-06,Release,JerryZ
1787147199655520497,PPS-GC,sender_signaling,pps_gc_sender_preparation,sender,0,true,32,2,recipient_bits=16;location_bytes=32,28,68,measured,ok,unavailable,rustc,nightly-2021-05-06,Release,JerryZ
1787147199656859964,PPS-GC,sender_signaling,pps_gc_share_generation,sender,0,true,32,2,recipient_bits=16;location_bytes=32,8991,68,measured,ok,unavailable,rustc,nightly-2021-05-06,Release,JerryZ
1787147199658404761,PPS-GC,sender_signaling,pps_gc_sender_preparation,sender,0,true,32,2,recipient_bits=16;location_bytes=32,27,68,measured,ok,unavailable,rustc,nightly-2021-05-06,Release,JerryZ
1787147199659648110,PPS-GC,sender_signaling,pps_gc_share_generation,sender,0,true,32,2,recipient_bits=16;location_bytes=32,8936,68,measured,ok,unavailable,rustc,nightly-2021-05-06,Release,JerryZ
1787147199660885370,PPS-GC,sender_signaling,pps_gc_sender_preparation,sender,0,true,32,2,recipient_bits=16;location_bytes=32,28,68,measured,ok,unavailable,rustc,nightly-2021-05-06,Release,JerryZ
1787147199662457512,PPS-GC,sender_signaling,pps_gc_share_generation,sender,0,true,32,2,recipient_bits=16;location_bytes=32,11526,68,measured,ok,unavailable,rustc,nightly-2021-05-06,Release,JerryZ
1787147199663739823,PPS-GC,sender_signaling,pps_gc_sender_preparation,sender,0,true,32,2,recipient_bits=16;location_bytes=32,46,68,measured,ok,unavailable,rustc,nightly-2021-05-06,Release,JerryZ
1787147199664902194,PPS-GC,sender_signaling,pps_gc_share_generation,sender,0,true,32,2,recipient_bits=16;location_bytes=32,8991,68,measured,ok,unavailable,rustc,nightly-2021-05-06,Release,JerryZ
1787147199666056070,PPS-GC,sender_signaling,pps_gc_sender_preparation,sender,0,true,32,2,recipient_bits=16;location_bytes=32,27,68,measured,ok,unavailable,rustc,nightly-2021-05-06,Release,JerryZ
1787147199667845721,PPS-GC,sender_signaling,pps_gc_share_generation,sender,0,true,32,2,recipient_bits=16;location_bytes=32,9000,68,measured,ok,unavailable,rustc,nightly-2021-05-06,Release,JerryZ
1787147199669042696,PPS-GC,sender_signaling,pps_gc_sender_preparation,sender,0,true,32,2,recipient_bits=16;location_bytes=32,28,68,measured,ok,unavailable,rustc,nightly-2021-05-06,Release,JerryZ
1787147199670180005,PPS-GC,sender_signaling,pps_gc_share_generation,sender,0,true,32,2,recipient_bits=16;location_bytes=32,9037,68,measured,ok,unavailable,rustc,nightly-2021-05-06,Release,JerryZ
1787147199671387340,PPS-GC,sender_signaling,pps_gc_sender_preparation,sender,0,true,32,2,recipient_bits=16;location_bytes=32,28,68,measured,ok,unavailable,rustc,nightly-2021-05-06,Release,JerryZ
1787147199673029655,PPS-GC,sender_signaling,pps_gc_share_generation,sender,0,true,32,2,recipient_bits=16;location_bytes=32,8991,68,measured,ok,unavailable,rustc,nightly-2021-05-06,Release,JerryZ
1787147199674931815,PPS-GC,sender_signaling,pps_gc_sender_preparation,sender,0,true,32,2,recipient_bits=16;location_bytes=32,27,68,measured,ok,unavailable,rustc,nightly-2021-05-06,Release,JerryZ
1787147199676513958,PPS-GC,sender_signaling,pps_gc_share_generation,sender,0,true,32,2,recipient_bits=16;location_bytes=32,8991,68,measured,ok,unavailable,rustc,nightly-2021-05-06,Release,JerryZ
1787147199678169493,PPS-GC,sender_signaling,pps_gc_sender_preparation,sender,0,true,32,2,recipient_bits=16;location_bytes=32,27,68,measured,ok,unavailable,rustc,nightly-2021-05-06,Release,JerryZ
1787147199679565100,PPS-GC,sender_signaling,pps_gc_share_generation,sender,0,true,32,2,recipient_bits=16;location_bytes=32,8991,68,measured,ok,unavailable,rustc,nightly-2021-05-06,Release,JerryZ
1787147199680806222,PPS-GC,sender_signaling,pps_gc_sender_preparation,sender,0,true,32,2,recipient_bits=16;location_bytes=32,27,68,measured,ok,unavailable,rustc,nightly-2021-05-06,Release,JerryZ
1787147199682155400,PPS-GC,sender_signaling,pps_gc_share_generation,sender,0,true,32,2,recipient_bits=16;location_bytes=32,9000,68,measured,ok,unavailable,rustc,nightly-2021-05-06,Release,JerryZ
1787147199683387899,PPS-GC,sender_signaling,pps_gc_sender_preparation,sender,0,true,32,2,recipient_bits=16;location_bytes=32,28,68,measured,ok,unavailable,rustc,nightly-2021-05-06,Release,JerryZ
1787147199684601405,PPS-GC,sender_signaling,pps_gc_share_generation,sender,0,true,32,2,recipient_bits=16;location_bytes=32,9046,68,measured,ok,unavailable,rustc,nightly-2021-05-06,Release,JerryZ
1787147199686292201,PPS-GC,sender_signaling,pps_gc_sender_preparation,sender,0,true,32,2,recipient_bits=16;location_bytes=32,28,68,measured,ok,unavailable,rustc,nightly-2021-05-06,Release,JerryZ
1787147199687826680,PPS-GC,sender_signaling,pps_gc_share_generation,sender,0,true,32,2,recipient_bits=16;location_bytes=32,10800,68,measured,ok,unavailable,rustc,nightly-2021-05-06,Release,JerryZ
1787147199689433762,PPS-GC,sender_signaling,pps_gc_sender_preparation,sender,0,true,32,2,recipient_bits=16;location_bytes=32,37,68,measured,ok,unavailable,rustc,nightly-2021-05-06,Release,JerryZ
1787147199690557529,PPS-GC,sender_signaling,pps_gc_share_generation,sender,0,true,32,2,recipient_bits=16;location_bytes=32,8991,68,measured,ok,unavailable,rustc,nightly-2021-05-06,Release,JerryZ
1787147199691760856,PPS-GC,sender_signaling,pps_gc_sender_preparation,sender,0,true,32,2,recipient_bits=16;location_bytes=32,28,68,measured,ok,unavailable,rustc,nightly-2021-05-06,Release,JerryZ
1787147199693136533,PPS-GC,sender_signaling,pps_gc_share_generation,sender,0,true,32,2,recipient_bits=16;location_bytes=32,9000,68,measured,ok,unavailable,rustc,nightly-2021-05-06,Release,JerryZ
1787147199694349884,PPS-GC,sender_signaling,pps_gc_sender_preparation,sender,0,true,32,2,recipient_bits=16;location_bytes=32,28,68,measured,ok,unavailable,rustc,nightly-2021-05-06,Release,JerryZ
1787147199695633288,PPS-GC,sender_signaling,pps_gc_share_generation,sender,0,true,32,2,recipient_bits=16;location_bytes=32,8991,68,measured,ok,unavailable,rustc,nightly-2021-05-06,Release,JerryZ
1787147199696934609,PPS-GC,sender_signaling,pps_gc_sender_preparation,sender,0,true,32,2,recipient_bits=16;location_bytes=32,27,68,measured,ok,unavailable,rustc,nightly-2021-05-06,Release,JerryZ
1787147199698580066,PPS-GC,sender_signaling,pps_gc_share_generation,sender,0,true,32,2,recipient_bits=16;location_bytes=32,8936,68,measured,ok,unavailable,rustc,nightly-2021-05-06,Release,JerryZ
1787147199699776509,PPS-GC,sender_signaling,pps_gc_sender_preparation,sender,0,true,32,2,recipient_bits=16;location_bytes=32,28,68,measured,ok,unavailable,rustc,nightly-2021-05-06,Release,JerryZ
1787147199700978087,PPS-GC,sender_signaling,pps_gc_share_generation,sender,0,true,32,2,recipient_bits=16;location_bytes=32,9165,68,measured,ok,unavailable,rustc,nightly-2021-05-06,Release,JerryZ
1787147199702320947,PPS-GC,sender_signaling,pps_gc_sender_preparation,sender,0,true,32,2,recipient_bits=16;location_bytes=32,27,68,measured,ok,unavailable,rustc,nightly-2021-05-06,Release,JerryZ
1787147199704211113,PPS-GC,sender_signaling,pps_gc_share_generation,sender,0,true,32,2,recipient_bits=16;location_bytes=32,8991,68,measured,ok,unavailable,rustc,nightly-2021-05-06,Release,JerryZ
1787147199705613181,PPS-GC,sender_signaling,pps_gc_sender_preparation,sender,0,true,32,2,recipient_bits=16;location_bytes=32,28,68,measured,ok,unavailable,rustc,nightly-2021-05-06,Release,JerryZ
1787147199706884701,PPS-GC,sender_signaling,pps_gc_share_generation,sender,0,true,32,2,recipient_bits=16;location_bytes=32,9147,68,measured,ok,unavailable,rustc,nightly-2021-05-06,Release,JerryZ
1787147199708494707,PPS-GC,sender_signaling,pps_gc_sender_preparation,sender,0,true,32,2,recipient_bits=16;location_bytes=32,37,68,measured,ok,unavailable,rustc,nightly-2021-05-06,Release,JerryZ
1787147199709679836,PPS-GC,sender_signaling,pps_gc_share_generation,sender,0,true,32,2,recipient_bits=16;location_bytes=32,9000,68,measured,ok,unavailable,rustc,nightly-2021-05-06,Release,JerryZ
1787147199710971345,PPS-GC,sender_signaling,pps_gc_sender_preparation,sender,0,true,32,2,recipient_bits=16;location_bytes=32,28,68,measured,ok,unavailable,rustc,nightly-2021-05-06,Release,JerryZ
1787147199712327122,PPS-GC,sender_signaling,pps_gc_share_generation,sender,0,true,32,2,recipient_bits=16;location_bytes=32,8982,68,measured,ok,unavailable,rustc,nightly-2021-05-06,Release,JerryZ
1787147199713683344,PPS-GC,sender_signaling,pps_gc_sender_preparation,sender,0,true,32,2,recipient_bits=16;location_bytes=32,27,68,measured,ok,unavailable,rustc,nightly-2021-05-06,Release,JerryZ
1787147199714995144,PPS-GC,sender_signaling,pps_gc_share_generation,sender,0,true,32,2,recipient_bits=16;location_bytes=32,9009,68,measured,ok,unavailable,rustc,nightly-2021-05-06,Release,JerryZ
1787147199716745791,PPS-GC,sender_signaling,pps_gc_sender_preparation,sender,0,true,32,2,recipient_bits=16;location_bytes=32,27,68,measured,ok,unavailable,rustc,nightly-2021-05-06,Release,JerryZ
1787147199718368140,PPS-GC,sender_signaling,pps_gc_share_generation,sender,0,true,32,2,recipient_bits=16;location_bytes=32,8990,68,measured,ok,unavailable,rustc,nightly-2021-05-06,Release,JerryZ
1787147199719638641,PPS-GC,sender_signaling,pps_gc_sender_preparation,sender,0,true,32,2,recipient_bits=16;location_bytes=32,37,68,measured,ok,unavailable,rustc,nightly-2021-05-06,Release,JerryZ
1787147199720748399,PPS-GC,sender_signaling,pps_gc_share_generation,sender,0,true,32,2,recipient_bits=16;location_bytes=32,8991,68,measured,ok,unavailable,rustc,nightly-2021-05-06,Release,JerryZ
1787147199722049142,PPS-GC,sender_signaling,pps_gc_sender_preparation,sender,0,true,32,2,recipient_bits=16;location_bytes=32,28,68,measured,ok,unavailable,rustc,nightly-2021-05-06,Release,JerryZ
1787147199723549205,PPS-GC,sender_signaling,pps_gc_share_generation,sender,0,true,32,2,recipient_bits=16;location_bytes=32,8954,68,measured,ok,unavailable,rustc,nightly-2021-05-06,Release,JerryZ
1787147199724681077,PPS-GC,sender_signaling,pps_gc_sender_preparation,sender,0,true,32,2,recipient_bits=16;location_bytes=32,28,68,measured,ok,unavailable,rustc,nightly-2021-05-06,Release,JerryZ
1787147199725925693,PPS-GC,sender_signaling,pps_gc_share_generation,sender,0,true,32,2,recipient_bits=16;location_bytes=32,20140,68,measured,ok,unavailable,rustc,nightly-2021-05-06,Release,JerryZ
1787147199727103952,PPS-GC,sender_signaling,pps_gc_sender_preparation,sender,0,true,32,2,recipient_bits=16;location_bytes=32,64,68,measured,ok,unavailable,rustc,nightly-2021-05-06,Release,JerryZ
1787147199728526389,PPS-GC,sender_signaling,pps_gc_share_generation,sender,0,true,32,2,recipient_bits=16;location_bytes=32,8945,68,measured,ok,unavailable,rustc,nightly-2021-05-06,Release,JerryZ
1787147199730167584,PPS-GC,sender_signaling,pps_gc_sender_preparation,sender,0,true,32,2,recipient_bits=16;location_bytes=32,37,68,measured,ok,unavailable,rustc,nightly-2021-05-06,Release,JerryZ
1787147199731730019,PPS-GC,sender_signaling,pps_gc_share_generation,sender,0,true,32,2,recipient_bits=16;location_bytes=32,8945,68,measured,ok,unavailable,rustc,nightly-2021-05-06,Release,JerryZ
1787147199732980903,PPS-GC,sender_signaling,pps_gc_sender_preparation,sender,0,true,32,2,recipient_bits=16;location_bytes=32,28,68,measured,ok,unavailable,rustc,nightly-2021-05-06,Release,JerryZ
1787147199735117506,PPS-GC,sender_signaling,pps_gc_share_generation,sender,0,true,32,2,recipient_bits=16;location_bytes=32,8945,68,measured,ok,unavailable,rustc,nightly-2021-05-06,Release,JerryZ
1787147199736404419,PPS-GC,sender_signaling,pps_gc_sender_preparation,sender,0,true,32,2,recipient_bits=16;location_bytes=32,37,68,measured,ok,unavailable,rustc,nightly-2021-05-06,Release,JerryZ
1787147199737823697,PPS-GC,sender_signaling,pps_gc_share_generation,sender,0,true,32,2,recipient_bits=16;location_bytes=32,20461,68,measured,ok,unavailable,rustc,nightly-2021-05-06,Release,JerryZ
1787147199739549713,PPS-GC,sender_signaling,pps_gc_sender_preparation,sender,0,true,32,2,recipient_bits=16;location_bytes=32,65,68,measured,ok,unavailable,rustc,nightly-2021-05-06,Release,JerryZ
1787147199740779033,PPS-GC,sender_signaling,pps_gc_share_generation,sender,0,true,32,2,recipient_bits=16;location_bytes=32,20131,68,measured,ok,unavailable,rustc,nightly-2021-05-06,Release,JerryZ
1787147199742480951,PPS-GC,sender_signaling,pps_gc_sender_preparation,sender,0,true,32,2,recipient_bits=16;location_bytes=32,64,68,measured,ok,unavailable,rustc,nightly-2021-05-06,Release,JerryZ
1787147199743628298,PPS-GC,sender_signaling,pps_gc_share_generation,sender,0,true,32,2,recipient_bits=16;location_bytes=32,8936,68,measured,ok,unavailable,rustc,nightly-2021-05-06,Release,JerryZ
1787147199744778767,PPS-GC,sender_signaling,pps_gc_sender_preparation,sender,0,true,32,2,recipient_bits=16;location_bytes=32,28,68,measured,ok,unavailable,rustc,nightly-2021-05-06,Release,JerryZ
1787147199746084671,PPS-GC,sender_signaling,pps_gc_share_generation,sender,0,true,32,2,recipient_bits=16;location_bytes=32,8955,68,measured,ok,unavailable,rustc,nightly-2021-05-06,Release,JerryZ
1787147199747760553,PPS-GC,sender_signaling,pps_gc_sender_preparation,sender,0,true,32,2,recipient_bits=16;location_bytes=32,37,68,measured,ok,unavailable,rustc,nightly-2021-05-06,Release,JerryZ
1787147199749108454,PPS-GC,sender_signaling,pps_gc_share_generation,sender,0,true,32,2,recipient_bits=16;location_bytes=32,9001,68,measured,ok,unavailable,rustc,nightly-2021-05-06,Release,JerryZ
1787147199750478700,PPS-GC,sender_signaling,pps_gc_sender_preparation,sender,0,true,32,2,recipient_bits=16;location_bytes=32,27,68,measured,ok,unavailable,rustc,nightly-2021-05-06,Release,JerryZ
1787147199751563138,PPS-GC,sender_signaling,pps_gc_share_generation,sender,0,true,32,2,recipient_bits=16;location_bytes=32,9000,68,measured,ok,unavailable,rustc,nightly-2021-05-06,Release,JerryZ
1787147199752898770,PPS-GC,sender_signaling,pps_gc_sender_preparation,sender,0,true,32,2,recipient_bits=16;location_bytes=32,28,68,measured,ok,unavailable,rustc,nightly-2021-05-06,Release,JerryZ
1787147199754287154,PPS-GC,sender_signaling,pps_gc_share_generation,sender,0,true,32,2,recipient_bits=16;location_bytes=32,9000,68,measured,ok,unavailable,rustc,nightly-2021-05-06,Release,JerryZ
1787147199755457230,PPS-GC,sender_signaling,pps_gc_sender_preparation,sender,0,true,32,2,recipient_bits=16;location_bytes=32,37,68,measured,ok,unavailable,rustc,nightly-2021-05-06,Release,JerryZ
1787147199756917642,PPS-GC,sender_signaling,pps_gc_share_generation,sender,0,true,32,2,recipient_bits=16;location_bytes=32,20140,68,measured,ok,unavailable,rustc,nightly-2021-05-06,Release,JerryZ
1787147199758278603,PPS-GC,sender_signaling,pps_gc_sender_preparation,sender,0,true,32,2,recipient_bits=16;location_bytes=32,64,68,measured,ok,unavailable,rustc,nightly-2021-05-06,Release,JerryZ
1787147199759945118,PPS-GC,sender_signaling,pps_gc_share_generation,sender,0,true,32,2,recipient_bits=16;location_bytes=32,20232,68,measured,ok,unavailable,rustc,nightly-2021-05-06,Release,JerryZ
1787147199761491673,PPS-GC,sender_signaling,pps_gc_sender_preparation,sender,0,true,32,2,recipient_bits=16;location_bytes=32,64,68,measured,ok,unavailable,rustc,nightly-2021-05-06,Release,JerryZ
1787147199763034032,PPS-GC,sender_signaling,pps_gc_share_generation,sender,0,true,32,2,recipient_bits=16;location_bytes=32,8991,68,measured,ok,unavailable,rustc,nightly-2021-05-06,Release,JerryZ
1787147199765092923,PPS-GC,sender_signaling,pps_gc_sender_preparation,sender,0,true,32,2,recipient_bits=16;location_bytes=32,27,68,measured,ok,unavailable,rustc,nightly-2021-05-06,Release,JerryZ
1787147199766468927,PPS-GC,sender_signaling,pps_gc_share_generation,sender,0,true,32,2,recipient_bits=16;location_bytes=32,9000,68,measured,ok,unavailable,rustc,nightly-2021-05-06,Release,JerryZ
1787147199767748336,PPS-GC,sender_signaling,pps_gc_sender_preparation,sender,0,true,32,2,recipient_bits=16;location_bytes=32,27,68,measured,ok,unavailable,rustc,nightly-2021-05-06,Release,JerryZ
1787147199768962329,PPS-GC,sender_signaling,pps_gc_share_generation,sender,0,true,32,2,recipient_bits=16;location_bytes=32,8955,68,measured,ok,unavailable,rustc,nightly-2021-05-06,Release,JerryZ
1787147199770078974,PPS-GC,sender_signaling,pps_gc_sender_preparation,sender,0,true,32,2,recipient_bits=16;location_bytes=32,28,68,measured,ok,unavailable,rustc,nightly-2021-05-06,Release,JerryZ
1787147199771234292,PPS-GC,sender_signaling,pps_gc_share_generation,sender,0,true,32,2,recipient_bits=16;location_bytes=32,8945,68,measured,ok,unavailable,rustc,nightly-2021-05-06,Release,JerryZ
1787147199772687532,PPS-GC,sender_signaling,pps_gc_sender_preparation,sender,0,true,32,2,recipient_bits=16;location_bytes=32,37,68,measured,ok,unavailable,rustc,nightly-2021-05-06,Release,JerryZ
1787147199773863780,PPS-GC,sender_signaling,pps_gc_share_generation,sender,0,true,32,2,recipient_bits=16;location_bytes=32,8945,68,measured,ok,unavailable,rustc,nightly-2021-05-06,Release,JerryZ
1787147199775145090,PPS-GC,sender_signaling,pps_gc_sender_preparation,sender,0,true,32,2,recipient_bits=16;location_bytes=32,27,68,measured,ok,unavailable,rustc,nightly-2021-05-06,Release,JerryZ
1787147199776460656,PPS-GC,sender_signaling,pps_gc_share_generation,sender,0,true,32,2,recipient_bits=16;location_bytes=32,8964,68,measured,ok,unavailable,rustc,nightly-2021-05-06,Release,JerryZ
1787147199777731910,PPS-GC,sender_signaling,pps_gc_sender_preparation,sender,0,true,32,2,recipient_bits=16;location_bytes=32,28,68,measured,ok,unavailable,rustc,nightly-2021-05-06,Release,JerryZ
1787147199779705217,PPS-GC,sender_signaling,pps_gc_share_generation,sender,0,true,32,2,recipient_bits=16;location_bytes=32,8991,68,measured,ok,unavailable,rustc,nightly-2021-05-06,Release,JerryZ
1787147199780977573,PPS-GC,sender_signaling,pps_gc_sender_preparation,sender,0,true,32,2,recipient_bits=16;location_bytes=32,28,68,measured,ok,unavailable,rustc,nightly-2021-05-06,Release,JerryZ
1787147199782188251,PPS-GC,sender_signaling,pps_gc_share_generation,sender,0,true,32,2,recipient_bits=16;location_bytes=32,9000,68,measured,ok,unavailable,rustc,nightly-2021-05-06,Release,JerryZ
1787147199783365537,PPS-GC,sender_signaling,pps_gc_sender_preparation,sender,0,true,32,2,recipient_bits=16;location_bytes=32,28,68,measured,ok,unavailable,rustc,nightly-2021-05-06,Release,JerryZ
1787147199784868221,PPS-GC,sender_signaling,pps_gc_share_generation,sender,0,true,32,2,recipient_bits=16;location_bytes=32,9055,68,measured,ok,unavailable,rustc,nightly-2021-05-06,Release,JerryZ
1787147199786094677,PPS-GC,sender_signaling,pps_gc_sender_preparation,sender,0,true,32,2,recipient_bits=16;location_bytes=32,28,68,measured,ok,unavailable,rustc,nightly-2021-05-06,Release,JerryZ
1787147199787237230,PPS-GC,sender_signaling,pps_gc_share_generation,sender,0,true,32,2,recipient_bits=16;location_bytes=32,8945,68,measured,ok,unavailable,rustc,nightly-2021-05-06,Release,JerryZ
1787147199788276273,PPS-GC,sender_signaling,pps_gc_sender_preparation,sender,0,true,32,2,recipient_bits=16;location_bytes=32,27,68,measured,ok,unavailable,rustc,nightly-2021-05-06,Release,JerryZ
1787147199789721367,PPS-GC,sender_signaling,pps_gc_share_generation,sender,0,true,32,2,recipient_bits=16;location_bytes=32,8945,68,measured,ok,unavailable,rustc,nightly-2021-05-06,Release,JerryZ
1787147199790908728,PPS-GC,sender_signaling,pps_gc_sender_preparation,sender,0,true,32,2,recipient_bits=16;location_bytes=32,28,68,measured,ok,unavailable,rustc,nightly-2021-05-06,Release,JerryZ
1787147199792167216,PPS-GC,sender_signaling,pps_gc_share_generation,sender,0,true,32,2,recipient_bits=16;location_bytes=32,8945,68,measured,ok,unavailable,rustc,nightly-2021-05-06,Release,JerryZ
1787147199793728508,PPS-GC,sender_signaling,pps_gc_sender_preparation,sender,0,true,32,2,recipient_bits=16;location_bytes=32,37,68,measured,ok,unavailable,rustc,nightly-2021-05-06,Release,JerryZ
1787147199795165184,PPS-GC,sender_signaling,pps_gc_share_generation,sender,0,true,32,2,recipient_bits=16;location_bytes=32,9028,68,measured,ok,unavailable,rustc,nightly-2021-05-06,Release,JerryZ
1787147199796532574,PPS-GC,sender_signaling,pps_gc_sender_preparation,sender,0,true,32,2,recipient_bits=16;location_bytes=32,28,68,measured,ok,unavailable,rustc,nightly-2021-05-06,Release,JerryZ
1787147199797818659,PPS-GC,sender_signaling,pps_gc_share_generation,sender,0,true,32,2,recipient_bits=16;location_bytes=32,10681,68,measured,ok,unavailable,rustc,nightly-2021-05-06,Release,JerryZ
1787147199799021944,PPS-GC,sender_signaling,pps_gc_sender_preparation,sender,0,true,32,2,recipient_bits=16;location_bytes=32,64,68,measured,ok,unavailable,rustc,nightly-2021-05-06,Release,JerryZ
1787147199800192324,PPS-GC,sender_signaling,pps_gc_share_generation,sender,0,true,32,2,recipient_bits=16;location_bytes=32,8991,68,measured,ok,unavailable,rustc,nightly-2021-05-06,Release,JerryZ
1787147199801916062,PPS-GC,sender_signaling,pps_gc_sender_preparation,sender,0,true,32,2,recipient_bits=16;location_bytes=32,36,68,measured,ok,unavailable,rustc,nightly-2021-05-06,Release,JerryZ
1787147199803348362,PPS-GC,sender_signaling,pps_gc_share_generation,sender,0,true,32,2,recipient_bits=16;location_bytes=32,8991,68,measured,ok,unavailable,rustc,nightly-2021-05-06,Release,JerryZ
1787147199804414598,PPS-GC,sender_signaling,pps_gc_sender_preparation,sender,0,true,32,2,recipient_bits=16;location_bytes=32,37,68,measured,ok,unavailable,rustc,nightly-2021-05-06,Release,JerryZ
1787147199805619655,PPS-GC,sender_signaling,pps_gc_share_generation,sender,0,true,32,2,recipient_bits=16;location_bytes=32,9588,68,measured,ok,unavailable,rustc,nightly-2021-05-06,Release,JerryZ
1787147199806804701,PPS-GC,sender_signaling,pps_gc_sender_preparation,sender,0,true,32,2,recipient_bits=16;location_bytes=32,92,68,measured,ok,unavailable,rustc,nightly-2021-05-06,Release,JerryZ
1787147199808303070,PPS-GC,sender_signaling,pps_gc_share_generation,sender,0,true,32,2,recipient_bits=16;location_bytes=32,8991,68,measured,ok,unavailable,rustc,nightly-2021-05-06,Release,JerryZ
1787147199809653157,PPS-GC,sender_signaling,pps_gc_sender_preparation,sender,0,true,32,2,recipient_bits=16;location_bytes=32,28,68,measured,ok,unavailable,rustc,nightly-2021-05-06,Release,JerryZ
1787147199811116738,PPS-GC,sender_signaling,pps_gc_share_generation,sender,0,true,32,2,recipient_bits=16;location_bytes=32,8991,68,measured,ok,unavailable,rustc,nightly-2021-05-06,Release,JerryZ
1787147199812236404,PPS-GC,sender_signaling,pps_gc_sender_preparation,sender,0,true,32,2,recipient_bits=16;location_bytes=32,28,68,measured,ok,unavailable,rustc,nightly-2021-05-06,Release,JerryZ
1787147199813910858,PPS-GC,sender_signaling,pps_gc_share_generation,sender,0,true,32,2,recipient_bits=16;location_bytes=32,8954,68,measured,ok,unavailable,rustc,nightly-2021-05-06,Release,JerryZ
1787147199815287767,PPS-GC,sender_signaling,pps_gc_sender_preparation,sender,0,true,32,2,recipient_bits=16;location_bytes=32,28,68,measured,ok,unavailable,rustc,nightly-2021-05-06,Release,JerryZ
1787147199816572778,PPS-GC,sender_signaling,pps_gc_share_generation,sender,0,true,32,2,recipient_bits=16;location_bytes=32,8954,68,measured,ok,unavailable,rustc,nightly-2021-05-06,Release,JerryZ
1787147199817813799,PPS-GC,sender_signaling,pps_gc_sender_preparation,sender,0,true,32,2,recipient_bits=16;location_bytes=32,27,68,measured,ok,unavailable,rustc,nightly-2021-05-06,Release,JerryZ
1787147199819278068,PPS-GC,sender_signaling,pps_gc_share_generation,sender,0,true,32,2,recipient_bits=16;location_bytes=32,8945,68,measured,ok,unavailable,rustc,nightly-2021-05-06,Release,JerryZ
1787147199820951310,PPS-GC,sender_signaling,pps_gc_sender_preparation,sender,0,true,32,2,recipient_bits=16;location_bytes=32,37,68,measured,ok,unavailable,rustc,nightly-2021-05-06,Release,JerryZ
1787147199822337081,PPS-GC,sender_signaling,pps_gc_share_generation,sender,0,true,32,2,recipient_bits=16;location_bytes=32,8991,68,measured,ok,unavailable,rustc,nightly-2021-05-06,Release,JerryZ
1787147199823924826,PPS-GC,sender_signaling,pps_gc_sender_preparation,sender,0,true,32,2,recipient_bits=16;location_bytes=32,27,68,measured,ok,unavailable,rustc,nightly-2021-05-06,Release,JerryZ
1787147199825575952,PPS-GC,sender_signaling,pps_gc_share_generation,sender,0,true,32,2,recipient_bits=16;location_bytes=32,9037,68,measured,ok,unavailable,rustc,nightly-2021-05-06,Release,JerryZ
1787147199826831001,PPS-GC,sender_signaling,pps_gc_sender_preparation,sender,0,true,32,2,recipient_bits=16;location_bytes=32,28,68,measured,ok,unavailable,rustc,nightly-2021-05-06,Release,JerryZ
1787147199827919893,PPS-GC,sender_signaling,pps_gc_share_generation,sender,0,true,32,2,recipient_bits=16;location_bytes=32,9037,68,measured,ok,unavailable,rustc,nightly-2021-05-06,Release,JerryZ
1787147199829102515,PPS-GC,sender_signaling,pps_gc_sender_preparation,sender,0,true,32,2,recipient_bits=16;location_bytes=32,28,68,measured,ok,unavailable,rustc,nightly-2021-05-06,Release,JerryZ
1787147199830392352,PPS-GC,sender_signaling,pps_gc_share_generation,sender,0,true,32,2,recipient_bits=16;location_bytes=32,12866,68,measured,ok,unavailable,rustc,nightly-2021-05-06,Release,JerryZ
1787147199832213461,PPS-GC,sender_signaling,pps_gc_sender_preparation,sender,0,true,32,2,recipient_bits=16;location_bytes=32,101,68,measured,ok,unavailable,rustc,nightly-2021-05-06,Release,JerryZ
1787147199833972272,PPS-GC,sender_signaling,pps_gc_share_generation,sender,0,true,32,2,recipient_bits=16;location_bytes=32,9046,68,measured,ok,unavailable,rustc,nightly-2021-05-06,Release,JerryZ
1787147199835241231,PPS-GC,sender_signaling,pps_gc_sender_preparation,sender,0,true,32,2,recipient_bits=16;location_bytes=32,28,68,measured,ok,unavailable,rustc,nightly-2021-05-06,Release,JerryZ
1787147199836538640,PPS-GC,sender_signaling,pps_gc_share_generation,sender,0,true,32,2,recipient_bits=16;location_bytes=32,11470,68,measured,ok,unavailable,rustc,nightly-2021-05-06,Release,JerryZ
1787147199837789313,PPS-GC,sender_signaling,pps_gc_sender_preparation,sender,0,true,32,2,recipient_bits=16;location_bytes=32,46,68,measured,ok,unavailable,rustc,nightly-2021-05-06,Release,JerryZ
1787147199839311913,PPS-GC,sender_signaling,pps_gc_share_generation,sender,0,true,32,2,recipient_bits=16;location_bytes=32,20370,68,measured,ok,unavailable,rustc,nightly-2021-05-06,Release,JerryZ
1787147199841136172,PPS-GC,sender_signaling,pps_gc_sender_preparation,sender,0,true,32,2,recipient_bits=16;location_bytes=32,64,68,measured,ok,unavailable,rustc,nightly-2021-05-06,Release,JerryZ
1787147199842807746,PPS-GC,sender_signaling,pps_gc_share_generation,sender,0,true,32,2,recipient_bits=16;location_bytes=32,8991,68,measured,ok,unavailable,rustc,nightly-2021-05-06,Release,JerryZ
1787147199844329657,PPS-GC,sender_signaling,pps_gc_sender_preparation,sender,0,true,32,2,recipient_bits=16;location_bytes=32,27,68,measured,ok,unavailable,rustc,nightly-2021-05-06,Release,JerryZ
1787147199845984990,PPS-GC,sender_signaling,pps_gc_share_generation,sender,0,true,32,2,recipient_bits=16;location_bytes=32,8990,68,measured,ok,unavailable,rustc,nightly-2021-05-06,Release,JerryZ
1787147199847143312,PPS-GC,sender_signaling,pps_gc_sender_preparation,sender,0,true,32,2,recipient_bits=16;location_bytes=32,28,68,measured,ok,unavailable,rustc,nightly-2021-05-06,Release,JerryZ
1787147199848403913,PPS-GC,sender_signaling,pps_gc_share_generation,sender,0,true,32,2,recipient_bits=16;location_bytes=32,8982,68,measured,ok,unavailable,rustc,nightly-2021-05-06,Release,JerryZ
1787147199849536234,PPS-GC,sender_signaling,pps_gc_sender_preparation,sender,0,true,32,2,recipient_bits=16;location_bytes=32,27,68,measured,ok,unavailable,rustc,nightly-2021-05-06,Release,JerryZ
1787147199851369728,PPS-GC,sender_signaling,pps_gc_share_generation,sender,0,true,32,2,recipient_bits=16;location_bytes=32,9037,68,measured,ok,unavailable,rustc,nightly-2021-05-06,Release,JerryZ
1787147199853218613,PPS-GC,sender_signaling,pps_gc_sender_preparation,sender,0,true,32,2,recipient_bits=16;location_bytes=32,28,68,measured,ok,unavailable,rustc,nightly-2021-05-06,Release,JerryZ
1787147199854774996,PPS-GC,sender_signaling,pps_gc_share_generation,sender,0,true,32,2,recipient_bits=16;location_bytes=32,9083,68,measured,ok,unavailable,rustc,nightly-2021-05-06,Release,JerryZ
1787147199856750241,PPS-GC,sender_signaling,pps_gc_sender_preparation,sender,0,true,32,2,recipient_bits=16;location_bytes=32,28,68,measured,ok,unavailable,rustc,nightly-2021-05-06,Release,JerryZ
1787147199858203265,PPS-GC,sender_signaling,pps_gc_share_generation,sender,0,true,32,2,recipient_bits=16;location_bytes=32,9018,68,measured,ok,unavailable,rustc,nightly-2021-05-06,Release,JerryZ
1787147199859412924,PPS-GC,sender_signaling,pps_gc_sender_preparation,sender,0,true,32,2,recipient_bits=16;location_bytes=32,27,68,measured,ok,unavailable,rustc,nightly-2021-05-06,Release,JerryZ
1787147199860665309,PPS-GC,sender_signaling,pps_gc_share_generation,sender,0,true,32,2,recipient_bits=16;location_bytes=32,9037,68,measured,ok,unavailable,rustc,nightly-2021-05-06,Release,JerryZ
1787147199861937683,PPS-GC,sender_signaling,pps_gc_sender_preparation,sender,0,true,32,2,recipient_bits=16;location_bytes=32,28,68,measured,ok,unavailable,rustc,nightly-2021-05-06,Release,JerryZ
1787147199863176840,PPS-GC,sender_signaling,pps_gc_share_generation,sender,0,true,32,2,recipient_bits=16;location_bytes=32,9450,68,measured,ok,unavailable,rustc,nightly-2021-05-06,Release,JerryZ
1787147199864674125,PPS-GC,sender_signaling,pps_gc_sender_preparation,sender,0,true,32,2,recipient_bits=16;location_bytes=32,28,68,measured,ok,unavailable,rustc,nightly-2021-05-06,Release,JerryZ
1787147199865831615,PPS-GC,sender_signaling,pps_gc_share_generation,sender,0,true,32,2,recipient_bits=16;location_bytes=32,8991,68,measured,ok,unavailable,rustc,nightly-2021-05-06,Release,JerryZ
1787147199867494414,PPS-GC,sender_signaling,pps_gc_sender_preparation,sender,0,true,32,2,recipient_bits=16;location_bytes=32,27,68,measured,ok,unavailable,rustc,nightly-2021-05-06,Release,JerryZ
1787147199869174392,PPS-GC,sender_signaling,pps_gc_share_generation,sender,0,true,32,2,recipient_bits=16;location_bytes=32,9073,68,measured,ok,unavailable,rustc,nightly-2021-05-06,Release,JerryZ
1787147199870780477,PPS-GC,sender_signaling,pps_gc_sender_preparation,sender,0,true,32,2,recipient_bits=16;location_bytes=32,27,68,measured,ok,unavailable,rustc,nightly-2021-05-06,Release,JerryZ
1787147199872973928,PPS-GC,sender_signaling,pps_gc_share_generation,sender,0,true,32,2,recipient_bits=16;location_bytes=32,9000,68,measured,ok,unavailable,rustc,nightly-2021-05-06,Release,JerryZ
1787147199874212607,PPS-GC,sender_signaling,pps_gc_sender_preparation,sender,0,true,32,2,recipient_bits=16;location_bytes=32,27,68,measured,ok,unavailable,rustc,nightly-2021-05-06,Release,JerryZ
1787147199875389342,PPS-GC,sender_signaling,pps_gc_share_generation,sender,0,true,32,2,recipient_bits=16;location_bytes=32,8991,68,measured,ok,unavailable,rustc,nightly-2021-05-06,Release,JerryZ
1787147199876437228,PPS-GC,sender_signaling,pps_gc_sender_preparation,sender,0,true,32,2,recipient_bits=16;location_bytes=32,27,68,measured,ok,unavailable,rustc,nightly-2021-05-06,Release,JerryZ
1787147199877792550,PPS-GC,sender_signaling,pps_gc_share_generation,sender,0,true,32,2,recipient_bits=16;location_bytes=32,8991,68,measured,ok,unavailable,rustc,nightly-2021-05-06,Release,JerryZ
1787147199878879735,PPS-GC,sender_signaling,pps_gc_sender_preparation,sender,0,true,32,2,recipient_bits=16;location_bytes=32,28,68,measured,ok,unavailable,rustc,nightly-2021-05-06,Release,JerryZ
1787147199879979381,PPS-GC,sender_signaling,pps_gc_share_generation,sender,0,true,32,2,recipient_bits=16;location_bytes=32,9000,68,measured,ok,unavailable,rustc,nightly-2021-05-06,Release,JerryZ
1787147199881425917,PPS-GC,sender_signaling,pps_gc_sender_preparation,sender,0,true,32,2,recipient_bits=16;location_bytes=32,27,68,measured,ok,unavailable,rustc,nightly-2021-05-06,Release,JerryZ
1787147199882706493,PPS-GC,sender_signaling,pps_gc_share_generation,sender,0,true,32,2,recipient_bits=16;location_bytes=32,8954,68,measured,ok,unavailable,rustc,nightly-2021-05-06,Release,JerryZ
1787147199883821053,PPS-GC,sender_signaling,pps_gc_sender_preparation,sender,0,true,32,2,recipient_bits=16;location_bytes=32,28,68,measured,ok,unavailable,rustc,nightly-2021-05-06,Release,JerryZ
1787147199885069013,PPS-GC,sender_signaling,pps_gc_share_generation,sender,0,true,32,2,recipient_bits=16;location_bytes=32,20140,68,measured,ok,unavailable,rustc,nightly-2021-05-06,Release,JerryZ
1787147199886536629,PPS-GC,sender_signaling,pps_gc_sender_preparation,sender,0,true,32,2,recipient_bits=16;location_bytes=32,64,68,measured,ok,unavailable,rustc,nightly-2021-05-06,Release,JerryZ
1787147199888272150,PPS-GC,sender_signaling,pps_gc_share_generation,sender,0,true,32,2,recipient_bits=16;location_bytes=32,9101,68,measured,ok,unavailable,rustc,nightly-2021-05-06,Release,JerryZ
1787147199889881321,PPS-GC,sender_signaling,pps_gc_sender_preparation,sender,0,true,32,2,recipient_bits=16;location_bytes=32,27,68,measured,ok,unavailable,rustc,nightly-2021-05-06,Release,JerryZ
1787147199890969787,PPS-GC,sender_signaling,pps_gc_share_generation,sender,0,true,32,2,recipient_bits=16;location_bytes=32,8945,68,measured,ok,unavailable,rustc,nightly-2021-05-06,Release,JerryZ
1787147199892070888,PPS-GC,sender_signaling,pps_gc_sender_preparation,sender,0,true,32,2,recipient_bits=16;location_bytes=32,27,68,measured,ok,unavailable,rustc,nightly-2021-05-06,Release,JerryZ
1787147199893297986,PPS-GC,sender_signaling,pps_gc_share_generation,sender,0,true,32,2,recipient_bits=16;location_bytes=32,23988,68,measured,ok,unavailable,rustc,nightly-2021-05-06,Release,JerryZ
1787147199894521007,PPS-GC,sender_signaling,pps_gc_sender_preparation,sender,0,true,32,2,recipient_bits=16;location_bytes=32,92,68,measured,ok,unavailable,rustc,nightly-2021-05-06,Release,JerryZ
1787147199896134127,PPS-GC,sender_signaling,pps_gc_share_generation,sender,0,true,32,2,recipient_bits=16;location_bytes=32,8991,68,measured,ok,unavailable,rustc,nightly-2021-05-06,Release,JerryZ
1787147199897318750,PPS-GC,sender_signaling,pps_gc_sender_preparation,sender,0,true,32,2,recipient_bits=16;location_bytes=32,28,68,measured,ok,unavailable,rustc,nightly-2021-05-06,Release,JerryZ
1787147199898633186,PPS-GC,sender_signaling,pps_gc_share_generation,sender,0,true,32,2,recipient_bits=16;location_bytes=32,9322,68,measured,ok,unavailable,rustc,nightly-2021-05-06,Release,JerryZ
1787147199899900372,PPS-GC,sender_signaling,pps_gc_sender_preparation,sender,0,true,32,2,recipient_bits=16;location_bytes=32,28,68,measured,ok,unavailable,rustc,nightly-2021-05-06,Release,JerryZ
1787147199901783623,PPS-GC,sender_signaling,pps_gc_share_generation,sender,0,true,32,2,recipient_bits=16;location_bytes=32,8991,68,measured,ok,unavailable,rustc,nightly-2021-05-06,Release,JerryZ
1787147199903499220,PPS-GC,sender_signaling,pps_gc_sender_preparation,sender,0,true,32,2,recipient_bits=16;location_bytes=32,36,68,measured,ok,unavailable,rustc,nightly-2021-05-06,Release,JerryZ
1787147199904906031,PPS-GC,sender_signaling,pps_gc_share_generation,sender,0,true,32,2,recipient_bits=16;location_bytes=32,9000,68,measured,ok,unavailable,rustc,nightly-2021-05-06,Release,JerryZ
1787147199906216463,PPS-GC,sender_signaling,pps_gc_sender_preparation,sender,0,true,32,2,recipient_bits=16;location_bytes=32,28,68,measured,ok,unavailable,rustc,nightly-2021-05-06,Release,JerryZ
1787147199907665322,PPS-GC,sender_signaling,pps_gc_share_generation,sender,0,true,32,2,recipient_bits=16;location_bytes=32,8991,68,measured,ok,unavailable,rustc,nightly-2021-05-06,Release,JerryZ
1787147199908811640,PPS-GC,sender_signaling,pps_gc_sender_preparation,sender,0,true,32,2,recipient_bits=16;location_bytes=32,28,68,measured,ok,unavailable,rustc,nightly-2021-05-06,Release,JerryZ
1787147199910110518,PPS-GC,sender_signaling,pps_gc_share_generation,sender,0,true,32,2,recipient_bits=16;location_bytes=32,9000,68,measured,ok,unavailable,rustc,nightly-2021-05-06,Release,JerryZ
1787147199911663388,PPS-GC,sender_signaling,pps_gc_sender_preparation,sender,0,true,32,2,recipient_bits=16;location_bytes=32,36,68,measured,ok,unavailable,rustc,nightly-2021-05-06,Release,JerryZ
1787147199913075562,PPS-GC,sender_signaling,pps_gc_share_generation,sender,0,true,32,2,recipient_bits=16;location_bytes=32,8963,68,measured,ok,unavailable,rustc,nightly-2021-05-06,Release,JerryZ
1787147199914388106,PPS-GC,sender_signaling,pps_gc_sender_preparation,sender,0,true,32,2,recipient_bits=16;location_bytes=32,36,68,measured,ok,unavailable,rustc,nightly-2021-05-06,Release,JerryZ
1787147199915763174,PPS-GC,sender_signaling,pps_gc_share_generation,sender,0,true,32,2,recipient_bits=16;location_bytes=32,20250,68,measured,ok,unavailable,rustc,nightly-2021-05-06,Release,JerryZ
1787147199917390928,PPS-GC,sender_signaling,pps_gc_sender_preparation,sender,0,true,32,2,recipient_bits=16;location_bytes=32,65,68,measured,ok,unavailable,rustc,nightly-2021-05-06,Release,JerryZ
1787147199918699968,PPS-GC,sender_signaling,pps_gc_share_generation,sender,0,true,32,2,recipient_bits=16;location_bytes=32,8954,68,measured,ok,unavailable,rustc,nightly-2021-05-06,Release,JerryZ
1787147199920044399,PPS-GC,sender_signaling,pps_gc_sender_preparation,sender,0,true,32,2,recipient_bits=16;location_bytes=32,28,68,measured,ok,unavailable,rustc,nightly-2021-05-06,Release,JerryZ
1787147199921242610,PPS-GC,sender_signaling,pps_gc_share_generation,sender,0,true,32,2,recipient_bits=16;location_bytes=32,8954,68,measured,ok,unavailable,rustc,nightly-2021-05-06,Release,JerryZ
1787147199922659725,PPS-GC,sender_signaling,pps_gc_sender_preparation,sender,0,true,32,2,recipient_bits=16;location_bytes=32,28,68,measured,ok,unavailable,rustc,nightly-2021-05-06,Release,JerryZ
1787147199923928941,PPS-GC,sender_signaling,pps_gc_share_generation,sender,0,true,32,2,recipient_bits=16;location_bytes=32,8945,68,measured,ok,unavailable,rustc,nightly-2021-05-06,Release,JerryZ
1787147199925096061,PPS-GC,sender_signaling,pps_gc_sender_preparation,sender,0,true,32,2,recipient_bits=16;location_bytes=32,27,68,measured,ok,unavailable,rustc,nightly-2021-05-06,Release,JerryZ
1787147199926661076,PPS-GC,sender_signaling,pps_gc_share_generation,sender,0,false,32,2,recipient_bits=16;location_bytes=32,9000,68,measured,ok,unavailable,rustc,nightly-2021-05-06,Release,JerryZ
1787147199927879648,PPS-GC,sender_signaling,pps_gc_sender_preparation,sender,0,false,32,2,recipient_bits=16;location_bytes=32,28,68,measured,ok,unavailable,rustc,nightly-2021-05-06,Release,JerryZ
1787147199929009898,PPS-GC,sender_signaling,message_encryption,sender,0,false,32,2,recipient_bits=16;location_bytes=32,-1,,not_applicable,not_applicable,unavailable,rustc,nightly-2021-05-06,Release,JerryZ
1787147199930150201,PPS-GC,sender_signaling,pps_gc_sender_total_signaling,sender,0,false,32,2,recipient_bits=16;location_bytes=32,10341,68,measured,ok,unavailable,rustc,nightly-2021-05-06,Release,JerryZ
1787147199931773864,PPS-GC,sender_signaling,pps_gc_share_generation,sender,1,false,32,2,recipient_bits=16;location_bytes=32,10534,68,measured,ok,unavailable,rustc,nightly-2021-05-06,Release,JerryZ
1787147199933184711,PPS-GC,sender_signaling,pps_gc_sender_preparation,sender,1,false,32,2,recipient_bits=16;location_bytes=32,450,68,measured,ok,unavailable,rustc,nightly-2021-05-06,Release,JerryZ
1787147199934541425,PPS-GC,sender_signaling,message_encryption,sender,1,false,32,2,recipient_bits=16;location_bytes=32,-1,,not_applicable,not_applicable,unavailable,rustc,nightly-2021-05-06,Release,JerryZ
1787147199935785839,PPS-GC,sender_signaling,pps_gc_sender_total_signaling,sender,1,false,32,2,recipient_bits=16;location_bytes=32,11103,68,measured,ok,unavailable,rustc,nightly-2021-05-06,Release,JerryZ
1787147199937442729,PPS-GC,sender_signaling,pps_gc_share_generation,sender,2,false,32,2,recipient_bits=16;location_bytes=32,10258,68,measured,ok,unavailable,rustc,nightly-2021-05-06,Release,JerryZ
1787147199938797165,PPS-GC,sender_signaling,pps_gc_sender_preparation,sender,2,false,32,2,recipient_bits=16;location_bytes=32,826,68,measured,ok,unavailable,rustc,nightly-2021-05-06,Release,JerryZ
1787147199939884417,PPS-GC,sender_signaling,message_encryption,sender,2,false,32,2,recipient_bits=16;location_bytes=32,-1,,not_applicable,not_applicable,unavailable,rustc,nightly-2021-05-06,Release,JerryZ
1787147199941237761,PPS-GC,sender_signaling,pps_gc_sender_total_signaling,sender,2,false,32,2,recipient_bits=16;location_bytes=32,10635,68,measured,ok,unavailable,rustc,nightly-2021-05-06,Release,JerryZ
1787147199942730518,PPS-GC,sender_signaling,pps_gc_share_generation,sender,3,false,32,2,recipient_bits=16;location_bytes=32,12030,68,measured,ok,unavailable,rustc,nightly-2021-05-06,Release,JerryZ
1787147199944002795,PPS-GC,sender_signaling,pps_gc_sender_preparation,sender,3,false,32,2,recipient_bits=16;location_bytes=32,505,68,measured,ok,unavailable,rustc,nightly-2021-05-06,Release,JerryZ
1787147199945144292,PPS-GC,sender_signaling,message_encryption,sender,3,false,32,2,recipient_bits=16;location_bytes=32,-1,,not_applicable,not_applicable,unavailable,rustc,nightly-2021-05-06,Release,JerryZ
1787147199946368920,PPS-GC,sender_signaling,pps_gc_sender_total_signaling,sender,3,false,32,2,recipient_bits=16;location_bytes=32,10873,68,measured,ok,unavailable,rustc,nightly-2021-05-06,Release,JerryZ
1787147199947675265,PPS-GC,sender_signaling,pps_gc_share_generation,sender,4,false,32,2,recipient_bits=16;location_bytes=32,10956,68,measured,ok,unavailable,rustc,nightly-2021-05-06,Release,JerryZ
1787147199949524197,PPS-GC,sender_signaling,pps_gc_sender_preparation,sender,4,false,32,2,recipient_bits=16;location_bytes=32,349,68,measured,ok,unavailable,rustc,nightly-2021-05-06,Release,JerryZ
1787147199950684694,PPS-GC,sender_signaling,message_encryption,sender,4,false,32,2,recipient_bits=16;location_bytes=32,-1,,not_applicable,not_applicable,unavailable,rustc,nightly-2021-05-06,Release,JerryZ
1787147199951848048,PPS-GC,sender_signaling,pps_gc_sender_total_signaling,sender,4,false,32,2,recipient_bits=16;location_bytes=32,10672,68,measured,ok,unavailable,rustc,nightly-2021-05-06,Release,JerryZ
1787147199952927765,PPS-GC,sender_signaling,pps_gc_share_generation,sender,5,false,32,2,recipient_bits=16;location_bytes=32,9634,68,measured,ok,unavailable,rustc,nightly-2021-05-06,Release,JerryZ
1787147199954085682,PPS-GC,sender_signaling,pps_gc_sender_preparation,sender,5,false,32,2,recipient_bits=16;location_bytes=32,147,68,measured,ok,unavailable,rustc,nightly-2021-05-06,Release,JerryZ
1787147199955403663,PPS-GC,sender_signaling,message_encryption,sender,5,false,32,2,recipient_bits=16;location_bytes=32,-1,,not_applicable,not_applicable,unavailable,rustc,nightly-2021-05-06,Release,JerryZ
1787147199956512916,PPS-GC,sender_signaling,pps_gc_sender_total_signaling,sender,5,false,32,2,recipient_bits=16;location_bytes=32,21563,68,measured,ok,unavailable,rustc,nightly-2021-05-06,Release,JerryZ
1787147199957748629,PPS-GC,sender_signaling,pps_gc_share_generation,sender,6,false,32,2,recipient_bits=16;location_bytes=32,23649,68,measured,ok,unavailable,rustc,nightly-2021-05-06,Release,JerryZ
1787147199959229943,PPS-GC,sender_signaling,pps_gc_sender_preparation,sender,6,false,32,2,recipient_bits=16;location_bytes=32,312,68,measured,ok,unavailable,rustc,nightly-2021-05-06,Release,JerryZ
1787147199961099667,PPS-GC,sender_signaling,message_encryption,sender,6,false,32,2,recipient_bits=16;location_bytes=32,-1,,not_applicable,not_applicable,unavailable,rustc,nightly-2021-05-06,Release,JerryZ
1787147199962600671,PPS-GC,sender_signaling,pps_gc_sender_total_signaling,sender,6,false,32,2,recipient_bits=16;location_bytes=32,10965,68,measured,ok,unavailable,rustc,nightly-2021-05-06,Release,JerryZ
1787147199963977850,PPS-GC,sender_signaling,pps_gc_share_generation,sender,7,false,32,2,recipient_bits=16;location_bytes=32,11167,68,measured,ok,unavailable,rustc,nightly-2021-05-06,Release,JerryZ
1787147199965776579,PPS-GC,sender_signaling,pps_gc_sender_preparation,sender,7,false,32,2,recipient_bits=16;location_bytes=32,1084,68,measured,ok,unavailable,rustc,nightly-2021-05-06,Release,JerryZ
1787147199966904442,PPS-GC,sender_signaling,message_encryption,sender,7,false,32,2,recipient_bits=16;location_bytes=32,-1,,not_applicable,not_applicable,unavailable,rustc,nightly-2021-05-06,Release,JerryZ
1787147199968238395,PPS-GC,sender_signaling,pps_gc_sender_total_signaling,sender,7,false,32,2,recipient_bits=16;location_bytes=32,10121,68,measured,ok,unavailable,rustc,nightly-2021-05-06,Release,JerryZ
1787147199969837253,PPS-GC,sender_signaling,pps_gc_share_generation,sender,8,false,32,2,recipient_bits=16;location_bytes=32,10460,68,measured,ok,unavailable,rustc,nightly-2021-05-06,Release,JerryZ
1787147199976008855,PPS-GC,sender_signaling,pps_gc_sender_preparation,sender,8,false,32,2,recipient_bits=16;location_bytes=32,579,68,measured,ok,unavailable,rustc,nightly-2021-05-06,Release,JerryZ
1787147199977478359,PPS-GC,sender_signaling,message_encryption,sender,8,false,32,2,recipient_bits=16;location_bytes=32,-1,,not_applicable,not_applicable,unavailable,rustc,nightly-2021-05-06,Release,JerryZ
1787147199978943887,PPS-GC,sender_signaling,pps_gc_sender_total_signaling,sender,8,false,32,2,recipient_bits=16;location_bytes=32,11590,68,measured,ok,unavailable,rustc,nightly-2021-05-06,Release,JerryZ
1787147199980245915,PPS-GC,sender_signaling,pps_gc_share_generation,sender,9,false,32,2,recipient_bits=16;location_bytes=32,9882,68,measured,ok,unavailable,rustc,nightly-2021-05-06,Release,JerryZ
1787147199981548450,PPS-GC,sender_signaling,pps_gc_sender_preparation,sender,9,false,32,2,recipient_bits=16;location_bytes=32,349,68,measured,ok,unavailable,rustc,nightly-2021-05-06,Release,JerryZ
1787147199983043199,PPS-GC,sender_signaling,message_encryption,sender,9,false,32,2,recipient_bits=16;location_bytes=32,-1,,not_applicable,not_applicable,unavailable,rustc,nightly-2021-05-06,Release,JerryZ
1787147199984408697,PPS-GC,sender_signaling,pps_gc_sender_total_signaling,sender,9,false,32,2,recipient_bits=16;location_bytes=32,10442,68,measured,ok,unavailable,rustc,nightly-2021-05-06,Release,JerryZ
1787147199985755800,PPS-GC,sender_signaling,pps_gc_share_generation,sender,10,false,32,2,recipient_bits=16;location_bytes=32,24392,68,measured,ok,unavailable,rustc,nightly-2021-05-06,Release,JerryZ
1787147199987175923,PPS-GC,sender_signaling,pps_gc_sender_preparation,sender,10,false,32,2,recipient_bits=16;location_bytes=32,578,68,measured,ok,unavailable,rustc,nightly-2021-05-06,Release,JerryZ
1787147199988389778,PPS-GC,sender_signaling,message_encryption,sender,10,false,32,2,recipient_bits=16;location_bytes=32,-1,,not_applicable,not_applicable,unavailable,rustc,nightly-2021-05-06,Release,JerryZ
1787147199989727592,PPS-GC,sender_signaling,pps_gc_sender_total_signaling,sender,10,false,32,2,recipient_bits=16;location_bytes=32,11893,68,measured,ok,unavailable,rustc,nightly-2021-05-06,Release,JerryZ
1787147199992011535,PPS-GC,sender_signaling,pps_gc_share_generation,sender,11,false,32,2,recipient_bits=16;location_bytes=32,10295,68,measured,ok,unavailable,rustc,nightly-2021-05-06,Release,JerryZ
1787147199993294085,PPS-GC,sender_signaling,pps_gc_sender_preparation,sender,11,false,32,2,recipient_bits=16;location_bytes=32,661,68,measured,ok,unavailable,rustc,nightly-2021-05-06,Release,JerryZ
1787147199994657935,PPS-GC,sender_signaling,message_encryption,sender,11,false,32,2,recipient_bits=16;location_bytes=32,-1,,not_applicable,not_applicable,unavailable,rustc,nightly-2021-05-06,Release,JerryZ
1787147199995936471,PPS-GC,sender_signaling,pps_gc_sender_total_signaling,sender,11,false,32,2,recipient_bits=16;location_bytes=32,10947,68,measured,ok,unavailable,rustc,nightly-2021-05-06,Release,JerryZ
1787147199997321719,PPS-GC,sender_signaling,pps_gc_share_generation,sender,12,false,32,2,recipient_bits=16;location_bytes=32,9717,68,measured,ok,unavailable,rustc,nightly-2021-05-06,Release,JerryZ
1787147199998498426,PPS-GC,sender_signaling,pps_gc_sender_preparation,sender,12,false,32,2,recipient_bits=16;location_bytes=32,266,68,measured,ok,unavailable,rustc,nightly-2021-05-06,Release,JerryZ
1787147199999725074,PPS-GC,sender_signaling,message_encryption,sender,12,false,32,2,recipient_bits=16;location_bytes=32,-1,,not_applicable,not_applicable,unavailable,rustc,nightly-2021-05-06,Release,JerryZ
1787147200001304949,PPS-GC,sender_signaling,pps_gc_sender_total_signaling,sender,12,false,32,2,recipient_bits=16;location_bytes=32,10497,68,measured,ok,unavailable,rustc,nightly-2021-05-06,Release,JerryZ
1787147200002505672,PPS-GC,sender_signaling,pps_gc_share_generation,sender,13,false,32,2,recipient_bits=16;location_bytes=32,9679,68,measured,ok,unavailable,rustc,nightly-2021-05-06,Release,JerryZ
1787147200003759252,PPS-GC,sender_signaling,pps_gc_sender_preparation,sender,13,false,32,2,recipient_bits=16;location_bytes=32,221,68,measured,ok,unavailable,rustc,nightly-2021-05-06,Release,JerryZ
1787147200005167495,PPS-GC,sender_signaling,message_encryption,sender,13,false,32,2,recipient_bits=16;location_bytes=32,-1,,not_applicable,not_applicable,unavailable,rustc,nightly-2021-05-06,Release,JerryZ
1787147200006606169,PPS-GC,sender_signaling,pps_gc_sender_total_signaling,sender,13,false,32,2,recipient_bits=16;location_bytes=32,12278,68,measured,ok,unavailable,rustc,nightly-2021-05-06,Release,JerryZ
1787147200007874062,PPS-GC,sender_signaling,pps_gc_share_generation,sender,14,false,32,2,recipient_bits=16;location_bytes=32,11470,68,measured,ok,unavailable,rustc,nightly-2021-05-06,Release,JerryZ
1787147200009498349,PPS-GC,sender_signaling,pps_gc_sender_preparation,sender,14,false,32,2,recipient_bits=16;location_bytes=32,440,68,measured,ok,unavailable,rustc,nightly-2021-05-06,Release,JerryZ
1787147200010683900,PPS-GC,sender_signaling,message_encryption,sender,14,false,32,2,recipient_bits=16;location_bytes=32,-1,,not_applicable,not_applicable,unavailable,rustc,nightly-2021-05-06,Release,JerryZ
1787147200011878470,PPS-GC,sender_signaling,pps_gc_sender_total_signaling,sender,14,false,32,2,recipient_bits=16;location_bytes=32,22417,68,measured,ok,unavailable,rustc,nightly-2021-05-06,Release,JerryZ
1787147200013189307,PPS-GC,sender_signaling,pps_gc_share_generation,sender,15,false,32,2,recipient_bits=16;location_bytes=32,10029,68,measured,ok,unavailable,rustc,nightly-2021-05-06,Release,JerryZ
1787147200014383252,PPS-GC,sender_signaling,pps_gc_sender_preparation,sender,15,false,32,2,recipient_bits=16;location_bytes=32,147,68,measured,ok,unavailable,rustc,nightly-2021-05-06,Release,JerryZ
1787147200015915132,PPS-GC,sender_signaling,message_encryption,sender,15,false,32,2,recipient_bits=16;location_bytes=32,-1,,not_applicable,not_applicable,unavailable,rustc,nightly-2021-05-06,Release,JerryZ
1787147200017190391,PPS-GC,sender_signaling,pps_gc_sender_total_signaling,sender,15,false,32,2,recipient_bits=16;location_bytes=32,10791,68,measured,ok,unavailable,rustc,nightly-2021-05-06,Release,JerryZ
1787147200018347444,PPS-GC,sender_signaling,pps_gc_share_generation,sender,16,false,32,2,recipient_bits=16;location_bytes=32,9680,68,measured,ok,unavailable,rustc,nightly-2021-05-06,Release,JerryZ
1787147200019701206,PPS-GC,sender_signaling,pps_gc_sender_preparation,sender,16,false,32,2,recipient_bits=16;location_bytes=32,128,68,measured,ok,unavailable,rustc,nightly-2021-05-06,Release,JerryZ
1787147200021396098,PPS-GC,sender_signaling,message_encryption,sender,16,false,32,2,recipient_bits=16;location_bytes=32,-1,,not_applicable,not_applicable,unavailable,rustc,nightly-2021-05-06,Release,JerryZ
1787147200022597013,PPS-GC,sender_signaling,pps_gc_sender_total_signaling,sender,16,false,32,2,recipient_bits=16;location_bytes=32,10882,68,measured,ok,unavailable,rustc,nightly-2021-05-06,Release,JerryZ
1787147200023819749,PPS-GC,sender_signaling,pps_gc_share_generation,sender,17,false,32,2,recipient_bits=16;location_bytes=32,9790,68,measured,ok,unavailable,rustc,nightly-2021-05-06,Release,JerryZ
1787147200025047959,PPS-GC,sender_signaling,pps_gc_sender_preparation,sender,17,false,32,2,recipient_bits=16;location_bytes=32,119,68,measured,ok,unavailable,rustc,nightly-2021-05-06,Release,JerryZ
1787147200026692505,PPS-GC,sender_signaling,message_encryption,sender,17,false,32,2,recipient_bits=16;location_bytes=32,-1,,not_applicable,not_applicable,unavailable,rustc,nightly-2021-05-06,Release,JerryZ
1787147200027789359,PPS-GC,sender_signaling,pps_gc_sender_total_signaling,sender,17,false,32,2,recipient_bits=16;location_bytes=32,22252,68,measured,ok,unavailable,rustc,nightly-2021-05-06,Release,JerryZ
1787147200028915675,PPS-GC,sender_signaling,pps_gc_share_generation,sender,18,false,32,2,recipient_bits=16;location_bytes=32,9514,68,measured,ok,unavailable,rustc,nightly-2021-05-06,Release,JerryZ
1787147200030364589,PPS-GC,sender_signaling,pps_gc_sender_preparation,sender,18,false,32,2,recipient_bits=16;location_bytes=32,128,68,measured,ok,unavailable,rustc,nightly-2021-05-06,Release,JerryZ
1787147200031468248,PPS-GC,sender_signaling,message_encryption,sender,18,false,32,2,recipient_bits=16;location_bytes=32,-1,,not_applicable,not_applicable,unavailable,rustc,nightly-2021-05-06,Release,JerryZ
1787147200032553347,PPS-GC,sender_signaling,pps_gc_sender_total_signaling,sender,18,false,32,2,recipient_bits=16;location_bytes=32,9754,68,measured,ok,unavailable,rustc,nightly-2021-05-06,Release,JerryZ
1787147200033687212,PPS-GC,sender_signaling,pps_gc_share_generation,sender,19,false,32,2,recipient_bits=16;location_bytes=32,9505,68,measured,ok,unavailable,rustc,nightly-2021-05-06,Release,JerryZ
1787147200035267840,PPS-GC,sender_signaling,pps_gc_sender_preparation,sender,19,false,32,2,recipient_bits=16;location_bytes=32,147,68,measured,ok,unavailable,rustc,nightly-2021-05-06,Release,JerryZ
1787147200036822381,PPS-GC,sender_signaling,message_encryption,sender,19,false,32,2,recipient_bits=16;location_bytes=32,-1,,not_applicable,not_applicable,unavailable,rustc,nightly-2021-05-06,Release,JerryZ
1787147200038968210,PPS-GC,sender_signaling,pps_gc_sender_total_signaling,sender,19,false,32,2,recipient_bits=16;location_bytes=32,11985,68,measured,ok,unavailable,rustc,nightly-2021-05-06,Release,JerryZ
1787147200040633622,PPS-GC,sender_signaling,pps_gc_share_generation,sender,20,false,32,2,recipient_bits=16;location_bytes=32,12591,68,measured,ok,unavailable,rustc,nightly-2021-05-06,Release,JerryZ
1787147200042238724,PPS-GC,sender_signaling,pps_gc_sender_preparation,sender,20,false,32,2,recipient_bits=16;location_bytes=32,716,68,measured,ok,unavailable,rustc,nightly-2021-05-06,Release,JerryZ
1787147200043550010,PPS-GC,sender_signaling,message_encryption,sender,20,false,32,2,recipient_bits=16;location_bytes=32,-1,,not_applicable,not_applicable,unavailable,rustc,nightly-2021-05-06,Release,JerryZ
1787147200044702454,PPS-GC,sender_signaling,pps_gc_sender_total_signaling,sender,20,false,32,2,recipient_bits=16;location_bytes=32,10562,68,measured,ok,unavailable,rustc,nightly-2021-05-06,Release,JerryZ
1787147200046275785,PPS-GC,sender_signaling,pps_gc_share_generation,sender,21,false,32,2,recipient_bits=16;location_bytes=32,9597,68,measured,ok,unavailable,rustc,nightly-2021-05-06,Release,JerryZ
1787147200047347058,PPS-GC,sender_signaling,pps_gc_sender_preparation,sender,21,false,32,2,recipient_bits=16;location_bytes=32,147,68,measured,ok,unavailable,rustc,nightly-2021-05-06,Release,JerryZ
1787147200048414799,PPS-GC,sender_signaling,message_encryption,sender,21,false,32,2,recipient_bits=16;location_bytes=32,-1,,not_applicable,not_applicable,unavailable,rustc,nightly-2021-05-06,Release,JerryZ
1787147200049600043,PPS-GC,sender_signaling,pps_gc_sender_total_signaling,sender,21,false,32,2,recipient_bits=16;location_bytes=32,15218,68,measured,ok,unavailable,rustc,nightly-2021-05-06,Release,JerryZ
1787147200051104266,PPS-GC,sender_signaling,pps_gc_share_generation,sender,22,false,32,2,recipient_bits=16;location_bytes=32,10534,68,measured,ok,unavailable,rustc,nightly-2021-05-06,Release,JerryZ
1787147200052397277,PPS-GC,sender_signaling,pps_gc_sender_preparation,sender,22,false,32,2,recipient_bits=16;location_bytes=32,294,68,measured,ok,unavailable,rustc,nightly-2021-05-06,Release,JerryZ
1787147200053710023,PPS-GC,sender_signaling,message_encryption,sender,22,false,32,2,recipient_bits=16;location_bytes=32,-1,,not_applicable,not_applicable,unavailable,rustc,nightly-2021-05-06,Release,JerryZ
1787147200055483050,PPS-GC,sender_signaling,pps_gc_sender_total_signaling,sender,22,false,32,2,recipient_bits=16;location_bytes=32,10984,68,measured,ok,unavailable,rustc,nightly-2021-05-06,Release,JerryZ
1787147200056602056,PPS-GC,sender_signaling,pps_gc_share_generation,sender,23,false,32,2,recipient_bits=16;location_bytes=32,9616,68,measured,ok,unavailable,rustc,nightly-2021-05-06,Release,JerryZ
1787147200057895608,PPS-GC,sender_signaling,pps_gc_sender_preparation,sender,23,false,32,2,recipient_bits=16;location_bytes=32,147,68,measured,ok,unavailable,rustc,nightly-2021-05-06,Release,JerryZ
1787147200059079791,PPS-GC,sender_signaling,message_encryption,sender,23,false,32,2,recipient_bits=16;location_bytes=32,-1,,not_applicable,not_applicable,unavailable,rustc,nightly-2021-05-06,Release,JerryZ
1787147200060192589,PPS-GC,sender_signaling,pps_gc_sender_total_signaling,sender,23,false,32,2,recipient_bits=16;location_bytes=32,10341,68,measured,ok,unavailable,rustc,nightly-2021-05-06,Release,JerryZ
1787147200061700312,PPS-GC,sender_signaling,pps_gc_share_generation,sender,24,false,32,2,recipient_bits=16;location_bytes=32,9716,68,measured,ok,unavailable,rustc,nightly-2021-05-06,Release,JerryZ
1787147200062795811,PPS-GC,sender_signaling,pps_gc_sender_preparation,sender,24,false,32,2,recipient_bits=16;location_bytes=32,147,68,measured,ok,unavailable,rustc,nightly-2021-05-06,Release,JerryZ
1787147200063909959,PPS-GC,sender_signaling,message_encryption,sender,24,false,32,2,recipient_bits=16;location_bytes=32,-1,,not_applicable,not_applicable,unavailable,rustc,nightly-2021-05-06,Release,JerryZ
1787147200065364759,PPS-GC,sender_signaling,pps_gc_sender_total_signaling,sender,24,false,32,2,recipient_bits=16;location_bytes=32,10781,68,measured,ok,unavailable,rustc,nightly-2021-05-06,Release,JerryZ
1787147200066548759,PPS-GC,sender_signaling,pps_gc_share_generation,sender,25,false,32,2,recipient_bits=16;location_bytes=32,9836,68,measured,ok,unavailable,rustc,nightly-2021-05-06,Release,JerryZ
1787147200067830161,PPS-GC,sender_signaling,pps_gc_sender_preparation,sender,25,false,32,2,recipient_bits=16;location_bytes=32,147,68,measured,ok,unavailable,rustc,nightly-2021-05-06,Release,JerryZ
1787147200070010442,PPS-GC,sender_signaling,message_encryption,sender,25,false,32,2,recipient_bits=16;location_bytes=32,-1,,not_applicable,not_applicable,unavailable,rustc,nightly-2021-05-06,Release,JerryZ
1787147200071378787,PPS-GC,sender_signaling,pps_gc_sender_total_signaling,sender,25,false,32,2,recipient_bits=16;location_bytes=32,11167,68,measured,ok,unavailable,rustc,nightly-2021-05-06,Release,JerryZ
1787147200072707485,PPS-GC,sender_signaling,pps_gc_share_generation,sender,26,false,32,2,recipient_bits=16;location_bytes=32,10469,68,measured,ok,unavailable,rustc,nightly-2021-05-06,Release,JerryZ
1787147200073981568,PPS-GC,sender_signaling,pps_gc_sender_preparation,sender,26,false,32,2,recipient_bits=16;location_bytes=32,422,68,measured,ok,unavailable,rustc,nightly-2021-05-06,Release,JerryZ
1787147200075021115,PPS-GC,sender_signaling,message_encryption,sender,26,false,32,2,recipient_bits=16;location_bytes=32,-1,,not_applicable,not_applicable,unavailable,rustc,nightly-2021-05-06,Release,JerryZ
1787147200076050322,PPS-GC,sender_signaling,pps_gc_sender_total_signaling,sender,26,false,32,2,recipient_bits=16;location_bytes=32,10001,68,measured,ok,unavailable,rustc,nightly-2021-05-06,Release,JerryZ
1787147200077621555,PPS-GC,sender_signaling,pps_gc_share_generation,sender,27,false,32,2,recipient_bits=16;location_bytes=32,13821,68,measured,ok,unavailable,rustc,nightly-2021-05-06,Release,JerryZ
1787147200078953651,PPS-GC,sender_signaling,pps_gc_sender_preparation,sender,27,false,32,2,recipient_bits=16;location_bytes=32,239,68,measured,ok,unavailable,rustc,nightly-2021-05-06,Release,JerryZ
1787147200080243851,PPS-GC,sender_signaling,message_encryption,sender,27,false,32,2,recipient_bits=16;location_bytes=32,-1,,not_applicable,not_applicable,unavailable,rustc,nightly-2021-05-06,Release,JerryZ
1787147200081889004,PPS-GC,sender_signaling,pps_gc_sender_total_signaling,sender,27,false,32,2,recipient_bits=16;location_bytes=32,10663,68,measured,ok,unavailable,rustc,nightly-2021-05-06,Release,JerryZ
1787147200083405419,PPS-GC,sender_signaling,pps_gc_share_generation,sender,28,false,32,2,recipient_bits=16;location_bytes=32,10249,68,measured,ok,unavailable,rustc,nightly-2021-05-06,Release,JerryZ
1787147200084791764,PPS-GC,sender_signaling,pps_gc_sender_preparation,sender,28,false,32,2,recipient_bits=16;location_bytes=32,276,68,measured,ok,unavailable,rustc,nightly-2021-05-06,Release,JerryZ
1787147200086569557,PPS-GC,sender_signaling,message_encryption,sender,28,false,32,2,recipient_bits=16;location_bytes=32,-1,,not_applicable,not_applicable,unavailable,rustc,nightly-2021-05-06,Release,JerryZ
1787147200087716004,PPS-GC,sender_signaling,pps_gc_sender_total_signaling,sender,28,false,32,2,recipient_bits=16;location_bytes=32,10534,68,measured,ok,unavailable,rustc,nightly-2021-05-06,Release,JerryZ
1787147200089251448,PPS-GC,sender_signaling,pps_gc_share_generation,sender,29,false,32,2,recipient_bits=16;location_bytes=32,22179,68,measured,ok,unavailable,rustc,nightly-2021-05-06,Release,JerryZ
1787147200090485186,PPS-GC,sender_signaling,pps_gc_sender_preparation,sender,29,false,32,2,recipient_bits=16;location_bytes=32,561,68,measured,ok,unavailable,rustc,nightly-2021-05-06,Release,JerryZ
1787147200091552376,PPS-GC,sender_signaling,message_encryption,sender,29,false,32,2,recipient_bits=16;location_bytes=32,-1,,not_applicable,not_applicable,unavailable,rustc,nightly-2021-05-06,Release,JerryZ
1787147200092631442,PPS-GC,sender_signaling,pps_gc_sender_total_signaling,sender,29,false,32,2,recipient_bits=16;location_bytes=32,21912,68,measured,ok,unavailable,rustc,nightly-2021-05-06,Release,JerryZ
1787147200093905543,PPS-GC,sender_signaling,pps_gc_share_generation,sender,30,false,32,2,recipient_bits=16;location_bytes=32,21646,68,measured,ok,unavailable,rustc,nightly-2021-05-06,Release,JerryZ
1787147200095508615,PPS-GC,sender_signaling,pps_gc_sender_preparation,sender,30,false,32,2,recipient_bits=16;location_bytes=32,285,68,measured,ok,unavailable,rustc,nightly-2021-05-06,Release,JerryZ
1787147200096766259,PPS-GC,sender_signaling,message_encryption,sender,30,false,32,2,recipient_bits=16;location_bytes=32,-1,,not_applicable,not_applicable,unavailable,rustc,nightly-2021-05-06,Release,JerryZ
1787147200098064734,PPS-GC,sender_signaling,pps_gc_sender_total_signaling,sender,30,false,32,2,recipient_bits=16;location_bytes=32,10947,68,measured,ok,unavailable,rustc,nightly-2021-05-06,Release,JerryZ
1787147200099302793,PPS-GC,sender_signaling,pps_gc_share_generation,sender,31,false,32,2,recipient_bits=16;location_bytes=32,10451,68,measured,ok,unavailable,rustc,nightly-2021-05-06,Release,JerryZ
1787147200101084146,PPS-GC,sender_signaling,pps_gc_sender_preparation,sender,31,false,32,2,recipient_bits=16;location_bytes=32,211,68,measured,ok,unavailable,rustc,nightly-2021-05-06,Release,JerryZ
1787147200102377055,PPS-GC,sender_signaling,message_encryption,sender,31,false,32,2,recipient_bits=16;location_bytes=32,-1,,not_applicable,not_applicable,unavailable,rustc,nightly-2021-05-06,Release,JerryZ
1787147200103552146,PPS-GC,sender_signaling,pps_gc_sender_total_signaling,sender,31,false,32,2,recipient_bits=16;location_bytes=32,10956,68,measured,ok,unavailable,rustc,nightly-2021-05-06,Release,JerryZ
1787147200104755193,PPS-GC,sender_signaling,pps_gc_share_generation,sender,32,false,32,2,recipient_bits=16;location_bytes=32,10175,68,measured,ok,unavailable,rustc,nightly-2021-05-06,Release,JerryZ
1787147200106326582,PPS-GC,sender_signaling,pps_gc_sender_preparation,sender,32,false,32,2,recipient_bits=16;location_bytes=32,137,68,measured,ok,unavailable,rustc,nightly-2021-05-06,Release,JerryZ
1787147200107567245,PPS-GC,sender_signaling,message_encryption,sender,32,false,32,2,recipient_bits=16;location_bytes=32,-1,,not_applicable,not_applicable,unavailable,rustc,nightly-2021-05-06,Release,JerryZ
1787147200110145652,PPS-GC,sender_signaling,pps_gc_sender_total_signaling,sender,32,false,32,2,recipient_bits=16;location_bytes=32,11140,68,measured,ok,unavailable,rustc,nightly-2021-05-06,Release,JerryZ
1787147200111645761,PPS-GC,sender_signaling,pps_gc_share_generation,sender,33,false,32,2,recipient_bits=16;location_bytes=32,10699,68,measured,ok,unavailable,rustc,nightly-2021-05-06,Release,JerryZ
1787147200112853707,PPS-GC,sender_signaling,pps_gc_sender_preparation,sender,33,false,32,2,recipient_bits=16;location_bytes=32,542,68,measured,ok,unavailable,rustc,nightly-2021-05-06,Release,JerryZ
1787147200114286182,PPS-GC,sender_signaling,message_encryption,sender,33,false,32,2,recipient_bits=16;location_bytes=32,-1,,not_applicable,not_applicable,unavailable,rustc,nightly-2021-05-06,Release,JerryZ
1787147200116474922,PPS-GC,sender_signaling,pps_gc_sender_total_signaling,sender,33,false,32,2,recipient_bits=16;location_bytes=32,11709,68,measured,ok,unavailable,rustc,nightly-2021-05-06,Release,JerryZ
1787147200118095242,PPS-GC,sender_signaling,pps_gc_share_generation,sender,34,false,32,2,recipient_bits=16;location_bytes=32,10212,68,measured,ok,unavailable,rustc,nightly-2021-05-06,Release,JerryZ
1787147200119236610,PPS-GC,sender_signaling,pps_gc_sender_preparation,sender,34,false,32,2,recipient_bits=16;location_bytes=32,220,68,measured,ok,unavailable,rustc,nightly-2021-05-06,Release,JerryZ
1787147200120389494,PPS-GC,sender_signaling,message_encryption,sender,34,false,32,2,recipient_bits=16;location_bytes=32,-1,,not_applicable,not_applicable,unavailable,rustc,nightly-2021-05-06,Release,JerryZ
1787147200121628394,PPS-GC,sender_signaling,pps_gc_sender_total_signaling,sender,34,false,32,2,recipient_bits=16;location_bytes=32,11104,68,measured,ok,unavailable,rustc,nightly-2021-05-06,Release,JerryZ
1787147200122751357,PPS-GC,sender_signaling,pps_gc_share_generation,sender,35,false,32,2,recipient_bits=16;location_bytes=32,9707,68,measured,ok,unavailable,rustc,nightly-2021-05-06,Release,JerryZ
1787147200123864779,PPS-GC,sender_signaling,pps_gc_sender_preparation,sender,35,false,32,2,recipient_bits=16;location_bytes=32,147,68,measured,ok,unavailable,rustc,nightly-2021-05-06,Release,JerryZ
1787147200125257286,PPS-GC,sender_signaling,message_encryption,sender,35,false,32,2,recipient_bits=16;location_bytes=32,-1,,not_applicable,not_applicable,unavailable,rustc,nightly-2021-05-06,Release,JerryZ
1787147200126593355,PPS-GC,sender_signaling,pps_gc_sender_total_signaling,sender,35,false,32,2,recipient_bits=16;location_bytes=32,9863,68,measured,ok,unavailable,rustc,nightly-2021-05-06,Release,JerryZ
1787147200127751515,PPS-GC,sender_signaling,pps_gc_share_generation,sender,36,false,32,2,recipient_bits=16;location_bytes=32,9744,68,measured,ok,unavailable,rustc,nightly-2021-05-06,Release,JerryZ
1787147200129012254,PPS-GC,sender_signaling,pps_gc_sender_preparation,sender,36,false,32,2,recipient_bits=16;location_bytes=32,367,68,measured,ok,unavailable,rustc,nightly-2021-05-06,Release,JerryZ
1787147200130293881,PPS-GC,sender_signaling,message_encryption,sender,36,false,32,2,recipient_bits=16;location_bytes=32,-1,,not_applicable,not_applicable,unavailable,rustc,nightly-2021-05-06,Release,JerryZ
1787147200131912249,PPS-GC,sender_signaling,pps_gc_sender_total_signaling,sender,36,false,32,2,recipient_bits=16;location_bytes=32,11461,68,measured,ok,unavailable,rustc,nightly-2021-05-06,Release,JerryZ
1787147200133125838,PPS-GC,sender_signaling,pps_gc_share_generation,sender,37,false,32,2,recipient_bits=16;location_bytes=32,9662,68,measured,ok,unavailable,rustc,nightly-2021-05-06,Release,JerryZ
1787147200134269438,PPS-GC,sender_signaling,pps_gc_sender_preparation,sender,37,false,32,2,recipient_bits=16;location_bytes=32,239,68,measured,ok,unavailable,rustc,nightly-2021-05-06,Release,JerryZ
1787147200135385753,PPS-GC,sender_signaling,message_encryption,sender,37,false,32,2,recipient_bits=16;location_bytes=32,-1,,not_applicable,not_applicable,unavailable,rustc,nightly-2021-05-06,Release,JerryZ
1787147200136849599,PPS-GC,sender_signaling,pps_gc_sender_total_signaling,sender,37,false,32,2,recipient_bits=16;location_bytes=32,10672,68,measured,ok,unavailable,rustc,nightly-2021-05-06,Release,JerryZ
1787147200138136107,PPS-GC,sender_signaling,pps_gc_share_generation,sender,38,false,32,2,recipient_bits=16;location_bytes=32,9744,68,measured,ok,unavailable,rustc,nightly-2021-05-06,Release,JerryZ
1787147200139356566,PPS-GC,sender_signaling,pps_gc_sender_preparation,sender,38,false,32,2,recipient_bits=16;location_bytes=32,312,68,measured,ok,unavailable,rustc,nightly-2021-05-06,Release,JerryZ
1787147200140760975,PPS-GC,sender_signaling,message_encryption,sender,38,false,32,2,recipient_bits=16;location_bytes=32,-1,,not_applicable,not_applicable,unavailable,rustc,nightly-2021-05-06,Release,JerryZ
1787147200142386241,PPS-GC,sender_signaling,pps_gc_sender_total_signaling,sender,38,false,32,2,recipient_bits=16;location_bytes=32,12702,68,measured,ok,unavailable,rustc,nightly-2021-05-06,Release,JerryZ
1787147200143959351,PPS-GC,sender_signaling,pps_gc_share_generation,sender,39,false,32,2,recipient_bits=16;location_bytes=32,11728,68,measured,ok,unavailable,rustc,nightly-2021-05-06,Release,JerryZ
1787147200145279059,PPS-GC,sender_signaling,pps_gc_sender_preparation,sender,39,false,32,2,recipient_bits=16;location_bytes=32,734,68,measured,ok,unavailable,rustc,nightly-2021-05-06,Release,JerryZ
1787147200146629560,PPS-GC,sender_signaling,message_encryption,sender,39,false,32,2,recipient_bits=16;location_bytes=32,-1,,not_applicable,not_applicable,unavailable,rustc,nightly-2021-05-06,Release,JerryZ
1787147200147923966,PPS-GC,sender_signaling,pps_gc_sender_total_signaling,sender,39,false,32,2,recipient_bits=16;location_bytes=32,10891,68,measured,ok,unavailable,rustc,nightly-2021-05-06,Release,JerryZ
1787147200149446796,PPS-GC,sender_signaling,pps_gc_share_generation,sender,40,false,32,2,recipient_bits=16;location_bytes=32,10038,68,measured,ok,unavailable,rustc,nightly-2021-05-06,Release,JerryZ
1787147200150812675,PPS-GC,sender_signaling,pps_gc_sender_preparation,sender,40,false,32,2,recipient_bits=16;location_bytes=32,359,68,measured,ok,unavailable,rustc,nightly-2021-05-06,Release,JerryZ
1787147200151922552,PPS-GC,sender_signaling,message_encryption,sender,40,false,32,2,recipient_bits=16;location_bytes=32,-1,,not_applicable,not_applicable,unavailable,rustc,nightly-2021-05-06,Release,JerryZ
1787147200153052891,PPS-GC,sender_signaling,pps_gc_sender_total_signaling,sender,40,false,32,2,recipient_bits=16;location_bytes=32,10718,68,measured,ok,unavailable,rustc,nightly-2021-05-06,Release,JerryZ
1787147200154396477,PPS-GC,sender_signaling,pps_gc_share_generation,sender,41,false,32,2,recipient_bits=16;location_bytes=32,10175,68,measured,ok,unavailable,rustc,nightly-2021-05-06,Release,JerryZ
1787147200155821779,PPS-GC,sender_signaling,pps_gc_sender_preparation,sender,41,false,32,2,recipient_bits=16;location_bytes=32,137,68,measured,ok,unavailable,rustc,nightly-2021-05-06,Release,JerryZ
1787147200157106221,PPS-GC,sender_signaling,message_encryption,sender,41,false,32,2,recipient_bits=16;location_bytes=32,-1,,not_applicable,not_applicable,unavailable,rustc,nightly-2021-05-06,Release,JerryZ
1787147200158504661,PPS-GC,sender_signaling,pps_gc_sender_total_signaling,sender,41,false,32,2,recipient_bits=16;location_bytes=32,11921,68,measured,ok,unavailable,rustc,nightly-2021-05-06,Release,JerryZ
1787147200159795963,PPS-GC,sender_signaling,pps_gc_share_generation,sender,42,false,32,2,recipient_bits=16;location_bytes=32,22427,68,measured,ok,unavailable,rustc,nightly-2021-05-06,Release,JerryZ
1787147200161628070,PPS-GC,sender_signaling,pps_gc_sender_preparation,sender,42,false,32,2,recipient_bits=16;location_bytes=32,588,68,measured,ok,unavailable,rustc,nightly-2021-05-06,Release,JerryZ
1787147200162873793,PPS-GC,sender_signaling,message_encryption,sender,42,false,32,2,recipient_bits=16;location_bytes=32,-1,,not_applicable,not_applicable,unavailable,rustc,nightly-2021-05-06,Release,JerryZ
1787147200163970913,PPS-GC,sender_signaling,pps_gc_sender_total_signaling,sender,42,false,32,2,recipient_bits=16;location_bytes=32,10626,68,measured,ok,unavailable,rustc,nightly-2021-05-06,Release,JerryZ
1787147200165641032,PPS-GC,sender_signaling,pps_gc_share_generation,sender,43,false,32,2,recipient_bits=16;location_bytes=32,10240,68,measured,ok,unavailable,rustc,nightly-2021-05-06,Release,JerryZ
1787147200166741638,PPS-GC,sender_signaling,pps_gc_sender_preparation,sender,43,false,32,2,recipient_bits=16;location_bytes=32,285,68,measured,ok,unavailable,rustc,nightly-2021-05-06,Release,JerryZ
1787147200167963355,PPS-GC,sender_signaling,message_encryption,sender,43,false,32,2,recipient_bits=16;location_bytes=32,-1,,not_applicable,not_applicable,unavailable,rustc,nightly-2021-05-06,Release,JerryZ
1787147200169329041,PPS-GC,sender_signaling,pps_gc_sender_total_signaling,sender,43,false,32,2,recipient_bits=16;location_bytes=32,22206,68,measured,ok,unavailable,rustc,nightly-2021-05-06,Release,JerryZ
1787147200171142068,PPS-GC,sender_signaling,pps_gc_share_generation,sender,44,false,32,2,recipient_bits=16;location_bytes=32,10148,68,measured,ok,unavailable,rustc,nightly-2021-05-06,Release,JerryZ
1787147200172416840,PPS-GC,sender_signaling,pps_gc_sender_preparation,sender,44,false,32,2,recipient_bits=16;location_bytes=32,202,68,measured,ok,unavailable,rustc,nightly-2021-05-06,Release,JerryZ
1787147200173739339,PPS-GC,sender_signaling,message_encryption,sender,44,false,32,2,recipient_bits=16;location_bytes=32,-1,,not_applicable,not_applicable,unavailable,rustc,nightly-2021-05-06,Release,JerryZ
1787147200175226402,PPS-GC,sender_signaling,pps_gc_sender_total_signaling,sender,44,false,32,2,recipient_bits=16;location_bytes=32,11305,68,measured,ok,unavailable,rustc,nightly-2021-05-06,Release,JerryZ
1787147200176778891,PPS-GC,sender_signaling,pps_gc_share_generation,sender,45,false,32,2,recipient_bits=16;location_bytes=32,14254,68,measured,ok,unavailable,rustc,nightly-2021-05-06,Release,JerryZ
1787147200178460609,PPS-GC,sender_signaling,pps_gc_sender_preparation,sender,45,false,32,2,recipient_bits=16;location_bytes=32,1809,68,measured,ok,unavailable,rustc,nightly-2021-05-06,Release,JerryZ
1787147200180108916,PPS-GC,sender_signaling,message_encryption,sender,45,false,32,2,recipient_bits=16;location_bytes=32,-1,,not_applicable,not_applicable,unavailable,rustc,nightly-2021-05-06,Release,JerryZ
1787147200181641922,PPS-GC,sender_signaling,pps_gc_sender_total_signaling,sender,45,false,32,2,recipient_bits=16;location_bytes=32,12949,68,measured,ok,unavailable,rustc,nightly-2021-05-06,Release,JerryZ
1787147200182743739,PPS-GC,sender_signaling,pps_gc_share_generation,sender,46,false,32,2,recipient_bits=16;location_bytes=32,9708,68,measured,ok,unavailable,rustc,nightly-2021-05-06,Release,JerryZ
1787147200183799772,PPS-GC,sender_signaling,pps_gc_sender_preparation,sender,46,false,32,2,recipient_bits=16;location_bytes=32,137,68,measured,ok,unavailable,rustc,nightly-2021-05-06,Release,JerryZ
1787147200184900001,PPS-GC,sender_signaling,message_encryption,sender,46,false,32,2,recipient_bits=16;location_bytes=32,-1,,not_applicable,not_applicable,unavailable,rustc,nightly-2021-05-06,Release,JerryZ
1787147200186325887,PPS-GC,sender_signaling,pps_gc_sender_total_signaling,sender,46,false,32,2,recipient_bits=16;location_bytes=32,9799,68,measured,ok,unavailable,rustc,nightly-2021-05-06,Release,JerryZ
1787147200187511061,PPS-GC,sender_signaling,pps_gc_share_generation,sender,47,false,32,2,recipient_bits=16;location_bytes=32,9662,68,measured,ok,unavailable,rustc,nightly-2021-05-06,Release,JerryZ
1787147200188634264,PPS-GC,sender_signaling,pps_gc_sender_preparation,sender,47,false,32,2,recipient_bits=16;location_bytes=32,275,68,measured,ok,unavailable,rustc,nightly-2021-05-06,Release,JerryZ
1787147200189865862,PPS-GC,sender_signaling,message_encryption,sender,47,false,32,2,recipient_bits=16;location_bytes=32,-1,,not_applicable,not_applicable,unavailable,rustc,nightly-2021-05-06,Release,JerryZ
1787147200191708530,PPS-GC,sender_signaling,pps_gc_sender_total_signaling,sender,47,false,32,2,recipient_bits=16;location_bytes=32,11728,68,measured,ok,unavailable,rustc,nightly-2021-05-06,Release,JerryZ
1787147200193156884,PPS-GC,sender_signaling,pps_gc_share_generation,sender,48,false,32,2,recipient_bits=16;location_bytes=32,10368,68,measured,ok,unavailable,rustc,nightly-2021-05-06,Release,JerryZ
1787147200194344520,PPS-GC,sender_signaling,pps_gc_sender_preparation,sender,48,false,32,2,recipient_bits=16;location_bytes=32,569,68,measured,ok,unavailable,rustc,nightly-2021-05-06,Release,JerryZ
1787147200195838858,PPS-GC,sender_signaling,message_encryption,sender,48,false,32,2,recipient_bits=16;location_bytes=32,-1,,not_applicable,not_applicable,unavailable,rustc,nightly-2021-05-06,Release,JerryZ
1787147200197090542,PPS-GC,sender_signaling,pps_gc_sender_total_signaling,sender,48,false,32,2,recipient_bits=16;location_bytes=32,22565,68,measured,ok,unavailable,rustc,nightly-2021-05-06,Release,JerryZ
1787147200198264889,PPS-GC,sender_signaling,pps_gc_share_generation,sender,49,false,32,2,recipient_bits=16;location_bytes=32,9570,68,measured,ok,unavailable,rustc,nightly-2021-05-06,Release,JerryZ
1787147200199350989,PPS-GC,sender_signaling,pps_gc_sender_preparation,sender,49,false,32,2,recipient_bits=16;location_bytes=32,138,68,measured,ok,unavailable,rustc,nightly-2021-05-06,Release,JerryZ
1787147200200548093,PPS-GC,sender_signaling,message_encryption,sender,49,false,32,2,recipient_bits=16;location_bytes=32,-1,,not_applicable,not_applicable,unavailable,rustc,nightly-2021-05-06,Release,JerryZ
1787147200201706589,PPS-GC,sender_signaling,pps_gc_sender_total_signaling,sender,49,false,32,2,recipient_bits=16;location_bytes=32,9827,68,measured,ok,unavailable,rustc,nightly-2021-05-06,Release,JerryZ
1787147200203180574,PPS-GC,sender_signaling,pps_gc_share_generation,sender,50,false,32,2,recipient_bits=16;location_bytes=32,22050,68,measured,ok,unavailable,rustc,nightly-2021-05-06,Release,JerryZ
1787147200204463510,PPS-GC,sender_signaling,pps_gc_sender_preparation,sender,50,false,32,2,recipient_bits=16;location_bytes=32,349,68,measured,ok,unavailable,rustc,nightly-2021-05-06,Release,JerryZ
1787147200205665922,PPS-GC,sender_signaling,message_encryption,sender,50,false,32,2,recipient_bits=16;location_bytes=32,-1,,not_applicable,not_applicable,unavailable,rustc,nightly-2021-05-06,Release,JerryZ
1787147200207235520,PPS-GC,sender_signaling,pps_gc_sender_total_signaling,sender,50,false,32,2,recipient_bits=16;location_bytes=32,10634,68,measured,ok,unavailable,rustc,nightly-2021-05-06,Release,JerryZ
1787147200208862866,PPS-GC,sender_signaling,pps_gc_share_generation,sender,51,false,32,2,recipient_bits=16;location_bytes=32,10470,68,measured,ok,unavailable,rustc,nightly-2021-05-06,Release,JerryZ
1787147200210595081,PPS-GC,sender_signaling,pps_gc_sender_preparation,sender,51,false,32,2,recipient_bits=16;location_bytes=32,587,68,measured,ok,unavailable,rustc,nightly-2021-05-06,Release,JerryZ
1787147200211800221,PPS-GC,sender_signaling,message_encryption,sender,51,false,32,2,recipient_bits=16;location_bytes=32,-1,,not_applicable,not_applicable,unavailable,rustc,nightly-2021-05-06,Release,JerryZ
1787147200212871773,PPS-GC,sender_signaling,pps_gc_sender_total_signaling,sender,51,false,32,2,recipient_bits=16;location_bytes=32,10369,68,measured,ok,unavailable,rustc,nightly-2021-05-06,Release,JerryZ
1787147200214082355,PPS-GC,sender_signaling,pps_gc_share_generation,sender,52,false,32,2,recipient_bits=16;location_bytes=32,9679,68,measured,ok,unavailable,rustc,nightly-2021-05-06,Release,JerryZ
1787147200215511143,PPS-GC,sender_signaling,pps_gc_sender_preparation,sender,52,false,32,2,recipient_bits=16;location_bytes=32,138,68,measured,ok,unavailable,rustc,nightly-2021-05-06,Release,JerryZ
1787147200216558193,PPS-GC,sender_signaling,message_encryption,sender,52,false,32,2,recipient_bits=16;location_bytes=32,-1,,not_applicable,not_applicable,unavailable,rustc,nightly-2021-05-06,Release,JerryZ
1787147200217740411,PPS-GC,sender_signaling,pps_gc_sender_total_signaling,sender,52,false,32,2,recipient_bits=16;location_bytes=32,14354,68,measured,ok,unavailable,rustc,nightly-2021-05-06,Release,JerryZ
1787147200218993747,PPS-GC,sender_signaling,pps_gc_share_generation,sender,53,false,32,2,recipient_bits=16;location_bytes=32,10175,68,measured,ok,unavailable,rustc,nightly-2021-05-06,Release,JerryZ
1787147200220640902,PPS-GC,sender_signaling,pps_gc_sender_preparation,sender,53,false,32,2,recipient_bits=16;location_bytes=32,221,68,measured,ok,unavailable,rustc,nightly-2021-05-06,Release,JerryZ
1787147200221987169,PPS-GC,sender_signaling,message_encryption,sender,53,false,32,2,recipient_bits=16;location_bytes=32,-1,,not_applicable,not_applicable,unavailable,rustc,nightly-2021-05-06,Release,JerryZ
1787147200223332756,PPS-GC,sender_signaling,pps_gc_sender_total_signaling,sender,53,false,32,2,recipient_bits=16;location_bytes=32,11213,68,measured,ok,unavailable,rustc,nightly-2021-05-06,Release,JerryZ
1787147200224813556,PPS-GC,sender_signaling,pps_gc_share_generation,sender,54,false,32,2,recipient_bits=16;location_bytes=32,9836,68,measured,ok,unavailable,rustc,nightly-2021-05-06,Release,JerryZ
1787147200226071439,PPS-GC,sender_signaling,pps_gc_sender_preparation,sender,54,false,32,2,recipient_bits=16;location_bytes=32,441,68,measured,ok,unavailable,rustc,nightly-2021-05-06,Release,JerryZ
1787147200227341095,PPS-GC,sender_signaling,message_encryption,sender,54,false,32,2,recipient_bits=16;location_bytes=32,-1,,not_applicable,not_applicable,unavailable,rustc,nightly-2021-05-06,Release,JerryZ
1787147200228621634,PPS-GC,sender_signaling,pps_gc_sender_total_signaling,sender,54,false,32,2,recipient_bits=16;location_bytes=32,11094,68,measured,ok,unavailable,rustc,nightly-2021-05-06,Release,JerryZ
1787147200229852580,PPS-GC,sender_signaling,pps_gc_share_generation,sender,55,false,32,2,recipient_bits=16;location_bytes=32,21655,68,measured,ok,unavailable,rustc,nightly-2021-05-06,Release,JerryZ
1787147200231126029,PPS-GC,sender_signaling,pps_gc_sender_preparation,sender,55,false,32,2,recipient_bits=16;location_bytes=32,349,68,measured,ok,unavailable,rustc,nightly-2021-05-06,Release,JerryZ
1787147200232620090,PPS-GC,sender_signaling,message_encryption,sender,55,false,32,2,recipient_bits=16;location_bytes=32,-1,,not_applicable,not_applicable,unavailable,rustc,nightly-2021-05-06,Release,JerryZ
1787147200234203216,PPS-GC,sender_signaling,pps_gc_sender_total_signaling,sender,55,false,32,2,recipient_bits=16;location_bytes=32,11315,68,measured,ok,unavailable,rustc,nightly-2021-05-06,Release,JerryZ
1787147200235534366,PPS-GC,sender_signaling,pps_gc_share_generation,sender,56,false,32,2,recipient_bits=16;location_bytes=32,11131,68,measured,ok,unavailable,rustc,nightly-2021-05-06,Release,JerryZ
1787147200236841088,PPS-GC,sender_signaling,pps_gc_sender_preparation,sender,56,false,32,2,recipient_bits=16;location_bytes=32,257,68,measured,ok,unavailable,rustc,nightly-2021-05-06,Release,JerryZ
1787147200238291178,PPS-GC,sender_signaling,message_encryption,sender,56,false,32,2,recipient_bits=16;location_bytes=32,-1,,not_applicable,not_applicable,unavailable,rustc,nightly-2021-05-06,Release,JerryZ
1787147200239931997,PPS-GC,sender_signaling,pps_gc_sender_total_signaling,sender,56,false,32,2,recipient_bits=16;location_bytes=32,10534,68,measured,ok,unavailable,rustc,nightly-2021-05-06,Release,JerryZ
1787147200241185554,PPS-GC,sender_signaling,pps_gc_share_generation,sender,57,false,32,2,recipient_bits=16;location_bytes=32,9863,68,measured,ok,unavailable,rustc,nightly-2021-05-06,Release,JerryZ
1787147200242593298,PPS-GC,sender_signaling,pps_gc_sender_preparation,sender,57,false,32,2,recipient_bits=16;location_bytes=32,147,68,measured,ok,unavailable,rustc,nightly-2021-05-06,Release,JerryZ
1787147200244017773,PPS-GC,sender_signaling,message_encryption,sender,57,false,32,2,recipient_bits=16;location_bytes=32,-1,,not_applicable,not_applicable,unavailable,rustc,nightly-2021-05-06,Release,JerryZ
1787147200245962675,PPS-GC,sender_signaling,pps_gc_sender_total_signaling,sender,57,false,32,2,recipient_bits=16;location_bytes=32,11397,68,measured,ok,unavailable,rustc,nightly-2021-05-06,Release,JerryZ
1787147200247297563,PPS-GC,sender_signaling,pps_gc_share_generation,sender,58,false,32,2,recipient_bits=16;location_bytes=32,10029,68,measured,ok,unavailable,rustc,nightly-2021-05-06,Release,JerryZ
1787147200248604299,PPS-GC,sender_signaling,pps_gc_sender_preparation,sender,58,false,32,2,recipient_bits=16;location_bytes=32,376,68,measured,ok,unavailable,rustc,nightly-2021-05-06,Release,JerryZ
1787147200250202619,PPS-GC,sender_signaling,message_encryption,sender,58,false,32,2,recipient_bits=16;location_bytes=32,-1,,not_applicable,not_applicable,unavailable,rustc,nightly-2021-05-06,Release,JerryZ
1787147200251549731,PPS-GC,sender_signaling,pps_gc_sender_total_signaling,sender,58,false,32,2,recipient_bits=16;location_bytes=32,12050,68,measured,ok,unavailable,rustc,nightly-2021-05-06,Release,JerryZ
1787147200253041542,PPS-GC,sender_signaling,pps_gc_share_generation,sender,59,false,32,2,recipient_bits=16;location_bytes=32,11177,68,measured,ok,unavailable,rustc,nightly-2021-05-06,Release,JerryZ
1787147200254425830,PPS-GC,sender_signaling,pps_gc_sender_preparation,sender,59,false,32,2,recipient_bits=16;location_bytes=32,533,68,measured,ok,unavailable,rustc,nightly-2021-05-06,Release,JerryZ
1787147200255574435,PPS-GC,sender_signaling,message_encryption,sender,59,false,32,2,recipient_bits=16;location_bytes=32,-1,,not_applicable,not_applicable,unavailable,rustc,nightly-2021-05-06,Release,JerryZ
1787147200256959017,PPS-GC,sender_signaling,pps_gc_sender_total_signaling,sender,59,false,32,2,recipient_bits=16;location_bytes=32,11012,68,measured,ok,unavailable,rustc,nightly-2021-05-06,Release,JerryZ
1787147200258671119,PPS-GC,sender_signaling,pps_gc_share_generation,sender,60,false,32,2,recipient_bits=16;location_bytes=32,10011,68,measured,ok,unavailable,rustc,nightly-2021-05-06,Release,JerryZ
1787147200259837503,PPS-GC,sender_signaling,pps_gc_sender_preparation,sender,60,false,32,2,recipient_bits=16;location_bytes=32,275,68,measured,ok,unavailable,rustc,nightly-2021-05-06,Release,JerryZ
1787147200261055455,PPS-GC,sender_signaling,message_encryption,sender,60,false,32,2,recipient_bits=16;location_bytes=32,-1,,not_applicable,not_applicable,unavailable,rustc,nightly-2021-05-06,Release,JerryZ
1787147200262270495,PPS-GC,sender_signaling,pps_gc_sender_total_signaling,sender,60,false,32,2,recipient_bits=16;location_bytes=32,9909,68,measured,ok,unavailable,rustc,nightly-2021-05-06,Release,JerryZ
1787147200263522729,PPS-GC,sender_signaling,pps_gc_share_generation,sender,61,false,32,2,recipient_bits=16;location_bytes=32,21848,68,measured,ok,unavailable,rustc,nightly-2021-05-06,Release,JerryZ
1787147200265163070,PPS-GC,sender_signaling,pps_gc_sender_preparation,sender,61,false,32,2,recipient_bits=16;location_bytes=32,285,68,measured,ok,unavailable,rustc,nightly-2021-05-06,Release,JerryZ
1787147200266713262,PPS-GC,sender_signaling,message_encryption,sender,61,false,32,2,recipient_bits=16;location_bytes=32,-1,,not_applicable,not_applicable,unavailable,rustc,nightly-2021-05-06,Release,JerryZ
1787147200268250244,PPS-GC,sender_signaling,pps_gc_sender_total_signaling,sender,61,false,32,2,recipient_bits=16;location_bytes=32,12306,68,measured,ok,unavailable,rustc,nightly-2021-05-06,Release,JerryZ
1787147200270051792,PPS-GC,sender_signaling,pps_gc_share_generation,sender,62,false,32,2,recipient_bits=16;location_bytes=32,10598,68,measured,ok,unavailable,rustc,nightly-2021-05-06,Release,JerryZ
1787147200271625527,PPS-GC,sender_signaling,pps_gc_sender_preparation,sender,62,false,32,2,recipient_bits=16;location_bytes=32,285,68,measured,ok,unavailable,rustc,nightly-2021-05-06,Release,JerryZ
1787147200272819825,PPS-GC,sender_signaling,message_encryption,sender,62,false,32,2,recipient_bits=16;location_bytes=32,-1,,not_applicable,not_applicable,unavailable,rustc,nightly-2021-05-06,Release,JerryZ
1787147200274118227,PPS-GC,sender_signaling,pps_gc_sender_total_signaling,sender,62,false,32,2,recipient_bits=16;location_bytes=32,10204,68,measured,ok,unavailable,rustc,nightly-2021-05-06,Release,JerryZ
1787147200275366824,PPS-GC,sender_signaling,pps_gc_share_generation,sender,63,false,32,2,recipient_bits=16;location_bytes=32,21765,68,measured,ok,unavailable,rustc,nightly-2021-05-06,Release,JerryZ
1787147200277322756,PPS-GC,sender_signaling,pps_gc_sender_preparation,sender,63,false,32,2,recipient_bits=16;location_bytes=32,285,68,measured,ok,unavailable,rustc,nightly-2021-05-06,Release,JerryZ
1787147200278844148,PPS-GC,sender_signaling,message_encryption,sender,63,false,32,2,recipient_bits=16;location_bytes=32,-1,,not_applicable,not_applicable,unavailable,rustc,nightly-2021-05-06,Release,JerryZ
1787147200280393459,PPS-GC,sender_signaling,pps_gc_sender_total_signaling,sender,63,false,32,2,recipient_bits=16;location_bytes=32,11507,68,measured,ok,unavailable,rustc,nightly-2021-05-06,Release,JerryZ
1787147200282407928,PPS-GC,sender_signaling,pps_gc_share_generation,sender,64,false,32,2,recipient_bits=16;location_bytes=32,10957,68,measured,ok,unavailable,rustc,nightly-2021-05-06,Release,JerryZ
1787147200283923953,PPS-GC,sender_signaling,pps_gc_sender_preparation,sender,64,false,32,2,recipient_bits=16;location_bytes=32,652,68,measured,ok,unavailable,rustc,nightly-2021-05-06,Release,JerryZ
1787147200285145848,PPS-GC,sender_signaling,message_encryption,sender,64,false,32,2,recipient_bits=16;location_bytes=32,-1,,not_applicable,not_applicable,unavailable,rustc,nightly-2021-05-06,Release,JerryZ
1787147200286426810,PPS-GC,sender_signaling,pps_gc_sender_total_signaling,sender,64,false,32,2,recipient_bits=16;location_bytes=32,22977,68,measured,ok,unavailable,rustc,nightly-2021-05-06,Release,JerryZ
1787147200288105291,PPS-GC,sender_signaling,pps_gc_share_generation,sender,65,false,32,2,recipient_bits=16;location_bytes=32,22565,68,measured,ok,unavailable,rustc,nightly-2021-05-06,Release,JerryZ
1787147200289405709,PPS-GC,sender_signaling,pps_gc_sender_preparation,sender,65,false,32,2,recipient_bits=16;location_bytes=32,1322,68,measured,ok,unavailable,rustc,nightly-2021-05-06,Release,JerryZ
1787147200290919033,PPS-GC,sender_signaling,message_encryption,sender,65,false,32,2,recipient_bits=16;location_bytes=32,-1,,not_applicable,not_applicable,unavailable,rustc,nightly-2021-05-06,Release,JerryZ
1787147200292116036,PPS-GC,sender_signaling,pps_gc_sender_total_signaling,sender,65,false,32,2,recipient_bits=16;location_bytes=32,10387,68,measured,ok,unavailable,rustc,nightly-2021-05-06,Release,JerryZ
1787147200293345270,PPS-GC,sender_signaling,pps_gc_share_generation,sender,66,false,32,2,recipient_bits=16;location_bytes=32,9845,68,measured,ok,unavailable,rustc,nightly-2021-05-06,Release,JerryZ
1787147200294615243,PPS-GC,sender_signaling,pps_gc_sender_preparation,sender,66,false,32,2,recipient_bits=16;location_bytes=32,137,68,measured,ok,unavailable,rustc,nightly-2021-05-06,Release,JerryZ
1787147200295887994,PPS-GC,sender_signaling,message_encryption,sender,66,false,32,2,recipient_bits=16;location_bytes=32,-1,,not_applicable,not_applicable,unavailable,rustc,nightly-2021-05-06,Release,JerryZ
1787147200297608040,PPS-GC,sender_signaling,pps_gc_sender_total_signaling,sender,66,false,32,2,recipient_bits=16;location_bytes=32,23180,68,measured,ok,unavailable,rustc,nightly-2021-05-06,Release,JerryZ
1787147200299492935,PPS-GC,sender_signaling,pps_gc_share_generation,sender,67,false,32,2,recipient_bits=16;location_bytes=32,13004,68,measured,ok,unavailable,rustc,nightly-2021-05-06,Release,JerryZ
1787147200300870271,PPS-GC,sender_signaling,pps_gc_sender_preparation,sender,67,false,32,2,recipient_bits=16;location_bytes=32,826,68,measured,ok,unavailable,rustc,nightly-2021-05-06,Release,JerryZ
1787147200302125113,PPS-GC,sender_signaling,message_encryption,sender,67,false,32,2,recipient_bits=16;location_bytes=32,-1,,not_applicable,not_applicable,unavailable,rustc,nightly-2021-05-06,Release,JerryZ
1787147200303714355,PPS-GC,sender_signaling,pps_gc_sender_total_signaling,sender,67,false,32,2,recipient_bits=16;location_bytes=32,10323,68,measured,ok,unavailable,rustc,nightly-2021-05-06,Release,JerryZ
1787147200304878279,PPS-GC,sender_signaling,pps_gc_share_generation,sender,68,false,32,2,recipient_bits=16;location_bytes=32,9643,68,measured,ok,unavailable,rustc,nightly-2021-05-06,Release,JerryZ
1787147200306346910,PPS-GC,sender_signaling,pps_gc_sender_preparation,sender,68,false,32,2,recipient_bits=16;location_bytes=32,147,68,measured,ok,unavailable,rustc,nightly-2021-05-06,Release,JerryZ
1787147200307900418,PPS-GC,sender_signaling,message_encryption,sender,68,false,32,2,recipient_bits=16;location_bytes=32,-1,,not_applicable,not_applicable,unavailable,rustc,nightly-2021-05-06,Release,JerryZ
1787147200309340929,PPS-GC,sender_signaling,pps_gc_sender_total_signaling,sender,68,false,32,2,recipient_bits=16;location_bytes=32,29783,68,measured,ok,unavailable,rustc,nightly-2021-05-06,Release,JerryZ
1787147200311122718,PPS-GC,sender_signaling,pps_gc_share_generation,sender,69,false,32,2,recipient_bits=16;location_bytes=32,9983,68,measured,ok,unavailable,rustc,nightly-2021-05-06,Release,JerryZ
1787147200312829640,PPS-GC,sender_signaling,pps_gc_sender_preparation,sender,69,false,32,2,recipient_bits=16;location_bytes=32,340,68,measured,ok,unavailable,rustc,nightly-2021-05-06,Release,JerryZ
1787147200314375618,PPS-GC,sender_signaling,message_encryption,sender,69,false,32,2,recipient_bits=16;location_bytes=32,-1,,not_applicable,not_applicable,unavailable,rustc,nightly-2021-05-06,Release,JerryZ
1787147200315828527,PPS-GC,sender_signaling,pps_gc_sender_total_signaling,sender,69,false,32,2,recipient_bits=16;location_bytes=32,11149,68,measured,ok,unavailable,rustc,nightly-2021-05-06,Release,JerryZ
1787147200317554336,PPS-GC,sender_signaling,pps_gc_share_generation,sender,70,false,32,2,recipient_bits=16;location_bytes=32,10598,68,measured,ok,unavailable,rustc,nightly-2021-05-06,Release,JerryZ
1787147200319118906,PPS-GC,sender_signaling,pps_gc_sender_preparation,sender,70,false,32,2,recipient_bits=16;location_bytes=32,404,68,measured,ok,unavailable,rustc,nightly-2021-05-06,Release,JerryZ
1787147200320292013,PPS-GC,sender_signaling,message_encryption,sender,70,false,32,2,recipient_bits=16;location_bytes=32,-1,,not_applicable,not_applicable,unavailable,rustc,nightly-2021-05-06,Release,JerryZ
1787147200321447726,PPS-GC,sender_signaling,pps_gc_sender_total_signaling,sender,70,false,32,2,recipient_bits=16;location_bytes=32,10277,68,measured,ok,unavailable,rustc,nightly-2021-05-06,Release,JerryZ
1787147200322764577,PPS-GC,sender_signaling,pps_gc_share_generation,sender,71,false,32,2,recipient_bits=16;location_bytes=32,22096,68,measured,ok,unavailable,rustc,nightly-2021-05-06,Release,JerryZ
1787147200324396702,PPS-GC,sender_signaling,pps_gc_sender_preparation,sender,71,false,32,2,recipient_bits=16;location_bytes=32,606,68,measured,ok,unavailable,rustc,nightly-2021-05-06,Release,JerryZ
1787147200326101490,PPS-GC,sender_signaling,message_encryption,sender,71,false,32,2,recipient_bits=16;location_bytes=32,-1,,not_applicable,not_applicable,unavailable,rustc,nightly-2021-05-06,Release,JerryZ
1787147200327488955,PPS-GC,sender_signaling,pps_gc_sender_total_signaling,sender,71,false,32,2,recipient_bits=16;location_bytes=32,11250,68,measured,ok,unavailable,rustc,nightly-2021-05-06,Release,JerryZ
1787147200328834148,PPS-GC,sender_signaling,pps_gc_share_generation,sender,72,false,32,2,recipient_bits=16;location_bytes=32,21674,68,measured,ok,unavailable,rustc,nightly-2021-05-06,Release,JerryZ
1787147200330788014,PPS-GC,sender_signaling,pps_gc_sender_preparation,sender,72,false,32,2,recipient_bits=16;location_bytes=32,560,68,measured,ok,unavailable,rustc,nightly-2021-05-06,Release,JerryZ
1787147200331961039,PPS-GC,sender_signaling,message_encryption,sender,72,false,32,2,recipient_bits=16;location_bytes=32,-1,,not_applicable,not_applicable,unavailable,rustc,nightly-2021-05-06,Release,JerryZ
1787147200333261948,PPS-GC,sender_signaling,pps_gc_sender_total_signaling,sender,72,false,32,2,recipient_bits=16;location_bytes=32,22326,68,measured,ok,unavailable,rustc,nightly-2021-05-06,Release,JerryZ
1787147200334619676,PPS-GC,sender_signaling,pps_gc_share_generation,sender,73,false,32,2,recipient_bits=16;location_bytes=32,9588,68,measured,ok,unavailable,rustc,nightly-2021-05-06,Release,JerryZ
1787147200335976155,PPS-GC,sender_signaling,pps_gc_sender_preparation,sender,73,false,32,2,recipient_bits=16;location_bytes=32,138,68,measured,ok,unavailable,rustc,nightly-2021-05-06,Release,JerryZ
1787147200337560760,PPS-GC,sender_signaling,message_encryption,sender,73,false,32,2,recipient_bits=16;location_bytes=32,-1,,not_applicable,not_applicable,unavailable,rustc,nightly-2021-05-06,Release,JerryZ
1787147200338847126,PPS-GC,sender_signaling,pps_gc_sender_total_signaling,sender,73,false,32,2,recipient_bits=16;location_bytes=32,10424,68,measured,ok,unavailable,rustc,nightly-2021-05-06,Release,JerryZ
1787147200340394595,PPS-GC,sender_signaling,pps_gc_share_generation,sender,74,false,32,2,recipient_bits=16;location_bytes=32,23299,68,measured,ok,unavailable,rustc,nightly-2021-05-06,Release,JerryZ
1787147200341965020,PPS-GC,sender_signaling,pps_gc_sender_preparation,sender,74,false,32,2,recipient_bits=16;location_bytes=32,826,68,measured,ok,unavailable,rustc,nightly-2021-05-06,Release,JerryZ
1787147200343455701,PPS-GC,sender_signaling,message_encryption,sender,74,false,32,2,recipient_bits=16;location_bytes=32,-1,,not_applicable,not_applicable,unavailable,rustc,nightly-2021-05-06,Release,JerryZ
1787147200345065542,PPS-GC,sender_signaling,pps_gc_sender_total_signaling,sender,74,false,32,2,recipient_bits=16;location_bytes=32,11663,68,measured,ok,unavailable,rustc,nightly-2021-05-06,Release,JerryZ
1787147200346783127,PPS-GC,sender_signaling,pps_gc_share_generation,sender,75,false,32,2,recipient_bits=16;location_bytes=32,10681,68,measured,ok,unavailable,rustc,nightly-2021-05-06,Release,JerryZ
1787147200348228845,PPS-GC,sender_signaling,pps_gc_sender_preparation,sender,75,false,32,2,recipient_bits=16;location_bytes=32,781,68,measured,ok,unavailable,rustc,nightly-2021-05-06,Release,JerryZ
1787147200349798489,PPS-GC,sender_signaling,message_encryption,sender,75,false,32,2,recipient_bits=16;location_bytes=32,-1,,not_applicable,not_applicable,unavailable,rustc,nightly-2021-05-06,Release,JerryZ
1787147200350976078,PPS-GC,sender_signaling,pps_gc_sender_total_signaling,sender,75,false,32,2,recipient_bits=16;location_bytes=32,10617,68,measured,ok,unavailable,rustc,nightly-2021-05-06,Release,JerryZ
1787147200352166878,PPS-GC,sender_signaling,pps_gc_share_generation,sender,76,false,32,2,recipient_bits=16;location_bytes=32,9818,68,measured,ok,unavailable,rustc,nightly-2021-05-06,Release,JerryZ
1787147200353640018,PPS-GC,sender_signaling,pps_gc_sender_preparation,sender,76,false,32,2,recipient_bits=16;location_bytes=32,147,68,measured,ok,unavailable,rustc,nightly-2021-05-06,Release,JerryZ
1787147200355115795,PPS-GC,sender_signaling,message_encryption,sender,76,false,32,2,recipient_bits=16;location_bytes=32,-1,,not_applicable,not_applicable,unavailable,rustc,nightly-2021-05-06,Release,JerryZ
1787147200356693966,PPS-GC,sender_signaling,pps_gc_sender_total_signaling,sender,76,false,32,2,recipient_bits=16;location_bytes=32,11443,68,measured,ok,unavailable,rustc,nightly-2021-05-06,Release,JerryZ
1787147200358100423,PPS-GC,sender_signaling,pps_gc_share_generation,sender,77,false,32,2,recipient_bits=16;location_bytes=32,10277,68,measured,ok,unavailable,rustc,nightly-2021-05-06,Release,JerryZ
1787147200359433530,PPS-GC,sender_signaling,pps_gc_sender_preparation,sender,77,false,32,2,recipient_bits=16;location_bytes=32,377,68,measured,ok,unavailable,rustc,nightly-2021-05-06,Release,JerryZ
1787147200361294804,PPS-GC,sender_signaling,message_encryption,sender,77,false,32,2,recipient_bits=16;location_bytes=32,-1,,not_applicable,not_applicable,unavailable,rustc,nightly-2021-05-06,Release,JerryZ
1787147200362971081,PPS-GC,sender_signaling,pps_gc_sender_total_signaling,sender,77,false,32,2,recipient_bits=16;location_bytes=32,11260,68,measured,ok,unavailable,rustc,nightly-2021-05-06,Release,JerryZ
1787147200364314855,PPS-GC,sender_signaling,pps_gc_share_generation,sender,78,false,32,2,recipient_bits=16;location_bytes=32,10423,68,measured,ok,unavailable,rustc,nightly-2021-05-06,Release,JerryZ
1787147200365616373,PPS-GC,sender_signaling,pps_gc_sender_preparation,sender,78,false,32,2,recipient_bits=16;location_bytes=32,238,68,measured,ok,unavailable,rustc,nightly-2021-05-06,Release,JerryZ
1787147200367133578,PPS-GC,sender_signaling,message_encryption,sender,78,false,32,2,recipient_bits=16;location_bytes=32,-1,,not_applicable,not_applicable,unavailable,rustc,nightly-2021-05-06,Release,JerryZ
1787147200368310487,PPS-GC,sender_signaling,pps_gc_sender_total_signaling,sender,78,false,32,2,recipient_bits=16;location_bytes=32,22124,68,measured,ok,unavailable,rustc,nightly-2021-05-06,Release,JerryZ
1787147200369656244,PPS-GC,sender_signaling,pps_gc_share_generation,sender,79,false,32,2,recipient_bits=16;location_bytes=32,21609,68,measured,ok,unavailable,rustc,nightly-2021-05-06,Release,JerryZ
1787147200371791999,PPS-GC,sender_signaling,pps_gc_sender_preparation,sender,79,false,32,2,recipient_bits=16;location_bytes=32,284,68,measured,ok,unavailable,rustc,nightly-2021-05-06,Release,JerryZ
1787147200373300644,PPS-GC,sender_signaling,message_encryption,sender,79,false,32,2,recipient_bits=16;location_bytes=32,-1,,not_applicable,not_applicable,unavailable,rustc,nightly-2021-05-06,Release,JerryZ
1787147200374631868,PPS-GC,sender_signaling,pps_gc_sender_total_signaling,sender,79,false,32,2,recipient_bits=16;location_bytes=32,11507,68,measured,ok,unavailable,rustc,nightly-2021-05-06,Release,JerryZ
1787147200376344503,PPS-GC,sender_signaling,pps_gc_share_generation,sender,80,false,32,2,recipient_bits=16;location_bytes=32,10194,68,measured,ok,unavailable,rustc,nightly-2021-05-06,Release,JerryZ
1787147200377635493,PPS-GC,sender_signaling,pps_gc_sender_preparation,sender,80,false,32,2,recipient_bits=16;location_bytes=32,413,68,measured,ok,unavailable,rustc,nightly-2021-05-06,Release,JerryZ
1787147200379058206,PPS-GC,sender_signaling,message_encryption,sender,80,false,32,2,recipient_bits=16;location_bytes=32,-1,,not_applicable,not_applicable,unavailable,rustc,nightly-2021-05-06,Release,JerryZ
1787147200380268839,PPS-GC,sender_signaling,pps_gc_sender_total_signaling,sender,80,false,32,2,recipient_bits=16;location_bytes=32,10580,68,measured,ok,unavailable,rustc,nightly-2021-05-06,Release,JerryZ
1787147200381613178,PPS-GC,sender_signaling,pps_gc_share_generation,sender,81,false,32,2,recipient_bits=16;location_bytes=32,60512,68,measured,ok,unavailable,rustc,nightly-2021-05-06,Release,JerryZ
1787147200383261995,PPS-GC,sender_signaling,pps_gc_sender_preparation,sender,81,false,32,2,recipient_bits=16;location_bytes=32,376,68,measured,ok,unavailable,rustc,nightly-2021-05-06,Release,JerryZ
1787147200384548053,PPS-GC,sender_signaling,message_encryption,sender,81,false,32,2,recipient_bits=16;location_bytes=32,-1,,not_applicable,not_applicable,unavailable,rustc,nightly-2021-05-06,Release,JerryZ
1787147200386092680,PPS-GC,sender_signaling,pps_gc_sender_total_signaling,sender,81,false,32,2,recipient_bits=16;location_bytes=32,22518,68,measured,ok,unavailable,rustc,nightly-2021-05-06,Release,JerryZ
1787147200387409091,PPS-GC,sender_signaling,pps_gc_share_generation,sender,82,false,32,2,recipient_bits=16;location_bytes=32,9927,68,measured,ok,unavailable,rustc,nightly-2021-05-06,Release,JerryZ
1787147200389013458,PPS-GC,sender_signaling,pps_gc_sender_preparation,sender,82,false,32,2,recipient_bits=16;location_bytes=32,211,68,measured,ok,unavailable,rustc,nightly-2021-05-06,Release,JerryZ
1787147200390613969,PPS-GC,sender_signaling,message_encryption,sender,82,false,32,2,recipient_bits=16;location_bytes=32,-1,,not_applicable,not_applicable,unavailable,rustc,nightly-2021-05-06,Release,JerryZ
1787147200392214332,PPS-GC,sender_signaling,pps_gc_sender_total_signaling,sender,82,false,32,2,recipient_bits=16;location_bytes=32,15622,68,measured,ok,unavailable,rustc,nightly-2021-05-06,Release,JerryZ
1787147200393625653,PPS-GC,sender_signaling,pps_gc_share_generation,sender,83,false,32,2,recipient_bits=16;location_bytes=32,13445,68,measured,ok,unavailable,rustc,nightly-2021-05-06,Release,JerryZ
1787147200395287405,PPS-GC,sender_signaling,pps_gc_sender_preparation,sender,83,false,32,2,recipient_bits=16;location_bytes=32,487,68,measured,ok,unavailable,rustc,nightly-2021-05-06,Release,JerryZ
1787147200396501747,PPS-GC,sender_signaling,message_encryption,sender,83,false,32,2,recipient_bits=16;location_bytes=32,-1,,not_applicable,not_applicable,unavailable,rustc,nightly-2021-05-06,Release,JerryZ
1787147200398091292,PPS-GC,sender_signaling,pps_gc_sender_total_signaling,sender,83,false,32,2,recipient_bits=16;location_bytes=32,22665,68,measured,ok,unavailable,rustc,nightly-2021-05-06,Release,JerryZ
1787147200399722715,PPS-GC,sender_signaling,pps_gc_share_generation,sender,84,false,32,2,recipient_bits=16;location_bytes=32,9900,68,measured,ok,unavailable,rustc,nightly-2021-05-06,Release,JerryZ
1787147200400945167,PPS-GC,sender_signaling,pps_gc_sender_preparation,sender,84,false,32,2,recipient_bits=16;location_bytes=32,267,68,measured,ok,unavailable,rustc,nightly-2021-05-06,Release,JerryZ
1787147200402580915,PPS-GC,sender_signaling,message_encryption,sender,84,false,32,2,recipient_bits=16;location_bytes=32,-1,,not_applicable,not_applicable,unavailable,rustc,nightly-2021-05-06,Release,JerryZ
1787147200404013785,PPS-GC,sender_signaling,pps_gc_sender_total_signaling,sender,84,false,32,2,recipient_bits=16;location_bytes=32,11232,68,measured,ok,unavailable,rustc,nightly-2021-05-06,Release,JerryZ
1787147200406487029,PPS-GC,sender_signaling,pps_gc_share_generation,sender,85,false,32,2,recipient_bits=16;location_bytes=32,10552,68,measured,ok,unavailable,rustc,nightly-2021-05-06,Release,JerryZ
1787147200407760276,PPS-GC,sender_signaling,pps_gc_sender_preparation,sender,85,false,32,2,recipient_bits=16;location_bytes=32,670,68,measured,ok,unavailable,rustc,nightly-2021-05-06,Release,JerryZ
1787147200408974912,PPS-GC,sender_signaling,message_encryption,sender,85,false,32,2,recipient_bits=16;location_bytes=32,-1,,not_applicable,not_applicable,unavailable,rustc,nightly-2021-05-06,Release,JerryZ
1787147200410555943,PPS-GC,sender_signaling,pps_gc_sender_total_signaling,sender,85,false,32,2,recipient_bits=16;location_bytes=32,10690,68,measured,ok,unavailable,rustc,nightly-2021-05-06,Release,JerryZ
1787147200411778459,PPS-GC,sender_signaling,pps_gc_share_generation,sender,86,false,32,2,recipient_bits=16;location_bytes=32,10102,68,measured,ok,unavailable,rustc,nightly-2021-05-06,Release,JerryZ
1787147200413222327,PPS-GC,sender_signaling,pps_gc_sender_preparation,sender,86,false,32,2,recipient_bits=16;location_bytes=32,138,68,measured,ok,unavailable,rustc,nightly-2021-05-06,Release,JerryZ
1787147200414935618,PPS-GC,sender_signaling,message_encryption,sender,86,false,32,2,recipient_bits=16;location_bytes=32,-1,,not_applicable,not_applicable,unavailable,rustc,nightly-2021-05-06,Release,JerryZ
1787147200416266870,PPS-GC,sender_signaling,pps_gc_sender_total_signaling,sender,86,false,32,2,recipient_bits=16;location_bytes=32,22601,68,measured,ok,unavailable,rustc,nightly-2021-05-06,Release,JerryZ
1787147200417895914,PPS-GC,sender_signaling,pps_gc_share_generation,sender,87,false,32,2,recipient_bits=16;location_bytes=32,22096,68,measured,ok,unavailable,rustc,nightly-2021-05-06,Release,JerryZ
1787147200419487314,PPS-GC,sender_signaling,pps_gc_sender_preparation,sender,87,false,32,2,recipient_bits=16;location_bytes=32,422,68,measured,ok,unavailable,rustc,nightly-2021-05-06,Release,JerryZ
1787147200420786598,PPS-GC,sender_signaling,message_encryption,sender,87,false,32,2,recipient_bits=16;location_bytes=32,-1,,not_applicable,not_applicable,unavailable,rustc,nightly-2021-05-06,Release,JerryZ
1787147200422815641,PPS-GC,sender_signaling,pps_gc_sender_total_signaling,sender,87,false,32,2,recipient_bits=16;location_bytes=32,11066,68,measured,ok,unavailable,rustc,nightly-2021-05-06,Release,JerryZ
1787147200424080082,PPS-GC,sender_signaling,pps_gc_share_generation,sender,88,false,32,2,recipient_bits=16;location_bytes=32,10130,68,measured,ok,unavailable,rustc,nightly-2021-05-06,Release,JerryZ
1787147200425635427,PPS-GC,sender_signaling,pps_gc_sender_preparation,sender,88,false,32,2,recipient_bits=16;location_bytes=32,147,68,measured,ok,unavailable,rustc,nightly-2021-05-06,Release,JerryZ
1787147200429067172,PPS-GC,sender_signaling,message_encryption,sender,88,false,32,2,recipient_bits=16;location_bytes=32,-1,,not_applicable,not_applicable,unavailable,rustc,nightly-2021-05-06,Release,JerryZ
1787147200430615757,PPS-GC,sender_signaling,pps_gc_sender_total_signaling,sender,88,false,32,2,recipient_bits=16;location_bytes=32,10754,68,measured,ok,unavailable,rustc,nightly-2021-05-06,Release,JerryZ
1787147200432047479,PPS-GC,sender_signaling,pps_gc_share_generation,sender,89,false,32,2,recipient_bits=16;location_bytes=32,10011,68,measured,ok,unavailable,rustc,nightly-2021-05-06,Release,JerryZ
1787147200433667634,PPS-GC,sender_signaling,pps_gc_sender_preparation,sender,89,false,32,2,recipient_bits=16;location_bytes=32,496,68,measured,ok,unavailable,rustc,nightly-2021-05-06,Release,JerryZ
1787147200435613858,PPS-GC,sender_signaling,message_encryption,sender,89,false,32,2,recipient_bits=16;location_bytes=32,-1,,not_applicable,not_applicable,unavailable,rustc,nightly-2021-05-06,Release,JerryZ
1787147200437119987,PPS-GC,sender_signaling,pps_gc_sender_total_signaling,sender,89,false,32,2,recipient_bits=16;location_bytes=32,10929,68,measured,ok,unavailable,rustc,nightly-2021-05-06,Release,JerryZ
1787147200438415761,PPS-GC,sender_signaling,pps_gc_share_generation,sender,90,false,32,2,recipient_bits=16;location_bytes=32,9836,68,measured,ok,unavailable,rustc,nightly-2021-05-06,Release,JerryZ
1787147200439983936,PPS-GC,sender_signaling,pps_gc_sender_preparation,sender,90,false,32,2,recipient_bits=16;location_bytes=32,248,68,measured,ok,unavailable,rustc,nightly-2021-05-06,Release,JerryZ
1787147200441430701,PPS-GC,sender_signaling,message_encryption,sender,90,false,32,2,recipient_bits=16;location_bytes=32,-1,,not_applicable,not_applicable,unavailable,rustc,nightly-2021-05-06,Release,JerryZ
1787147200442630725,PPS-GC,sender_signaling,pps_gc_sender_total_signaling,sender,90,false,32,2,recipient_bits=16;location_bytes=32,10415,68,measured,ok,unavailable,rustc,nightly-2021-05-06,Release,JerryZ
1787147200444133282,PPS-GC,sender_signaling,pps_gc_share_generation,sender,91,false,32,2,recipient_bits=16;location_bytes=32,9725,68,measured,ok,unavailable,rustc,nightly-2021-05-06,Release,JerryZ
1787147200445521436,PPS-GC,sender_signaling,pps_gc_sender_preparation,sender,91,false,32,2,recipient_bits=16;location_bytes=32,147,68,measured,ok,unavailable,rustc,nightly-2021-05-06,Release,JerryZ
1787147200447123958,PPS-GC,sender_signaling,message_encryption,sender,91,false,32,2,recipient_bits=16;location_bytes=32,-1,,not_applicable,not_applicable,unavailable,rustc,nightly-2021-05-06,Release,JerryZ
1787147200448532573,PPS-GC,sender_signaling,pps_gc_sender_total_signaling,sender,91,false,32,2,recipient_bits=16;location_bytes=32,11360,68,measured,ok,unavailable,rustc,nightly-2021-05-06,Release,JerryZ
1787147200449994019,PPS-GC,sender_signaling,pps_gc_share_generation,sender,92,false,32,2,recipient_bits=16;location_bytes=32,11480,68,measured,ok,unavailable,rustc,nightly-2021-05-06,Release,JerryZ
1787147200451623894,PPS-GC,sender_signaling,pps_gc_sender_preparation,sender,92,false,32,2,recipient_bits=16;location_bytes=32,707,68,measured,ok,unavailable,rustc,nightly-2021-05-06,Release,JerryZ
1787147200453191242,PPS-GC,sender_signaling,message_encryption,sender,92,false,32,2,recipient_bits=16;location_bytes=32,-1,,not_applicable,not_applicable,unavailable,rustc,nightly-2021-05-06,Release,JerryZ
1787147200454586578,PPS-GC,sender_signaling,pps_gc_sender_total_signaling,sender,92,false,32,2,recipient_bits=16;location_bytes=32,10782,68,measured,ok,unavailable,rustc,nightly-2021-05-06,Release,JerryZ
1787147200455978451,PPS-GC,sender_signaling,pps_gc_share_generation,sender,93,false,32,2,recipient_bits=16;location_bytes=32,23115,68,measured,ok,unavailable,rustc,nightly-2021-05-06,Release,JerryZ
1787147200457816463,PPS-GC,sender_signaling,pps_gc_sender_preparation,sender,93,false,32,2,recipient_bits=16;location_bytes=32,762,68,measured,ok,unavailable,rustc,nightly-2021-05-06,Release,JerryZ
1787147200459013742,PPS-GC,sender_signaling,message_encryption,sender,93,false,32,2,recipient_bits=16;location_bytes=32,-1,,not_applicable,not_applicable,unavailable,rustc,nightly-2021-05-06,Release,JerryZ
1787147200460294492,PPS-GC,sender_signaling,pps_gc_sender_total_signaling,sender,93,false,32,2,recipient_bits=16;location_bytes=32,10580,68,measured,ok,unavailable,rustc,nightly-2021-05-06,Release,JerryZ
1787147200461999697,PPS-GC,sender_signaling,pps_gc_share_generation,sender,94,false,32,2,recipient_bits=16;location_bytes=32,10451,68,measured,ok,unavailable,rustc,nightly-2021-05-06,Release,JerryZ
1787147200463348012,PPS-GC,sender_signaling,pps_gc_sender_preparation,sender,94,false,32,2,recipient_bits=16;location_bytes=32,487,68,measured,ok,unavailable,rustc,nightly-2021-05-06,Release,JerryZ
1787147200464607851,PPS-GC,sender_signaling,message_encryption,sender,94,false,32,2,recipient_bits=16;location_bytes=32,-1,,not_applicable,not_applicable,unavailable,rustc,nightly-2021-05-06,Release,JerryZ
1787147200465983102,PPS-GC,sender_signaling,pps_gc_sender_total_signaling,sender,94,false,32,2,recipient_bits=16;location_bytes=32,23244,68,measured,ok,unavailable,rustc,nightly-2021-05-06,Release,JerryZ
1787147200467497956,PPS-GC,sender_signaling,pps_gc_share_generation,sender,95,false,32,2,recipient_bits=16;location_bytes=32,10230,68,measured,ok,unavailable,rustc,nightly-2021-05-06,Release,JerryZ
1787147200468718314,PPS-GC,sender_signaling,pps_gc_sender_preparation,sender,95,false,32,2,recipient_bits=16;location_bytes=32,202,68,measured,ok,unavailable,rustc,nightly-2021-05-06,Release,JerryZ
1787147200470494116,PPS-GC,sender_signaling,message_encryption,sender,95,false,32,2,recipient_bits=16;location_bytes=32,-1,,not_applicable,not_applicable,unavailable,rustc,nightly-2021-05-06,Release,JerryZ
1787147200472070252,PPS-GC,sender_signaling,pps_gc_sender_total_signaling,sender,95,false,32,2,recipient_bits=16;location_bytes=32,11507,68,measured,ok,unavailable,rustc,nightly-2021-05-06,Release,JerryZ
1787147200473950675,PPS-GC,sender_signaling,pps_gc_share_generation,sender,96,false,32,2,recipient_bits=16;location_bytes=32,10056,68,measured,ok,unavailable,rustc,nightly-2021-05-06,Release,JerryZ
1787147200475141148,PPS-GC,sender_signaling,pps_gc_sender_preparation,sender,96,false,32,2,recipient_bits=16;location_bytes=32,432,68,measured,ok,unavailable,rustc,nightly-2021-05-06,Release,JerryZ
1787147200476457972,PPS-GC,sender_signaling,message_encryption,sender,96,false,32,2,recipient_bits=16;location_bytes=32,-1,,not_applicable,not_applicable,unavailable,rustc,nightly-2021-05-06,Release,JerryZ
1787147200478266863,PPS-GC,sender_signaling,pps_gc_sender_total_signaling,sender,96,false,32,2,recipient_bits=16;location_bytes=32,23382,68,measured,ok,unavailable,rustc,nightly-2021-05-06,Release,JerryZ
1787147200479720139,PPS-GC,sender_signaling,pps_gc_share_generation,sender,97,false,32,2,recipient_bits=16;location_bytes=32,11618,68,measured,ok,unavailable,rustc,nightly-2021-05-06,Release,JerryZ
1787147200481210196,PPS-GC,sender_signaling,pps_gc_sender_preparation,sender,97,false,32,2,recipient_bits=16;location_bytes=32,468,68,measured,ok,unavailable,rustc,nightly-2021-05-06,Release,JerryZ
1787147200482937410,PPS-GC,sender_signaling,message_encryption,sender,97,false,32,2,recipient_bits=16;location_bytes=32,-1,,not_applicable,not_applicable,unavailable,rustc,nightly-2021-05-06,Release,JerryZ
1787147200484581961,PPS-GC,sender_signaling,pps_gc_sender_total_signaling,sender,97,false,32,2,recipient_bits=16;location_bytes=32,10801,68,measured,ok,unavailable,rustc,nightly-2021-05-06,Release,JerryZ
1787147200485874742,PPS-GC,sender_signaling,pps_gc_share_generation,sender,98,false,32,2,recipient_bits=16;location_bytes=32,10148,68,measured,ok,unavailable,rustc,nightly-2021-05-06,Release,JerryZ
1787147200487229752,PPS-GC,sender_signaling,pps_gc_sender_preparation,sender,98,false,32,2,recipient_bits=16;location_bytes=32,414,68,measured,ok,unavailable,rustc,nightly-2021-05-06,Release,JerryZ
1787147200488391425,PPS-GC,sender_signaling,message_encryption,sender,98,false,32,2,recipient_bits=16;location_bytes=32,-1,,not_applicable,not_applicable,unavailable,rustc,nightly-2021-05-06,Release,JerryZ
1787147200489920174,PPS-GC,sender_signaling,pps_gc_sender_total_signaling,sender,98,false,32,2,recipient_bits=16;location_bytes=32,21986,68,measured,ok,unavailable,rustc,nightly-2021-05-06,Release,JerryZ
1787147200491299328,PPS-GC,sender_signaling,pps_gc_share_generation,sender,99,false,32,2,recipient_bits=16;location_bytes=32,9606,68,measured,ok,unavailable,rustc,nightly-2021-05-06,Release,JerryZ
1787147200492529466,PPS-GC,sender_signaling,pps_gc_sender_preparation,sender,99,false,32,2,recipient_bits=16;location_bytes=32,138,68,measured,ok,unavailable,rustc,nightly-2021-05-06,Release,JerryZ
1787147200494852693,PPS-GC,sender_signaling,message_encryption,sender,99,false,32,2,recipient_bits=16;location_bytes=32,-1,,not_applicable,not_applicable,unavailable,rustc,nightly-2021-05-06,Release,JerryZ
1787147200496454517,PPS-GC,sender_signaling,pps_gc_sender_total_signaling,sender,99,false,32,2,recipient_bits=16;location_bytes=32,11636,68,measured,ok,unavailable,rustc,nightly-2021-05-06,Release,JerryZ
1787147200497851726,PPS-GC,sender_signaling,pps_gc_share_generation,sender,100,false,32,2,recipient_bits=16;location_bytes=32,10295,68,measured,ok,unavailable,rustc,nightly-2021-05-06,Release,JerryZ
1787147200499352868,PPS-GC,sender_signaling,pps_gc_sender_preparation,sender,100,false,32,2,recipient_bits=16;location_bytes=32,395,68,measured,ok,unavailable,rustc,nightly-2021-05-06,Release,JerryZ
1787147200500640212,PPS-GC,sender_signaling,message_encryption,sender,100,false,32,2,recipient_bits=16;location_bytes=32,-1,,not_applicable,not_applicable,unavailable,rustc,nightly-2021-05-06,Release,JerryZ
1787147200502244185,PPS-GC,sender_signaling,pps_gc_sender_total_signaling,sender,100,false,32,2,recipient_bits=16;location_bytes=32,11030,68,measured,ok,unavailable,rustc,nightly-2021-05-06,Release,JerryZ
1787147200503706186,PPS-GC,sender_signaling,pps_gc_share_generation,sender,101,false,32,2,recipient_bits=16;location_bytes=32,9716,68,measured,ok,unavailable,rustc,nightly-2021-05-06,Release,JerryZ
1787147200504876033,PPS-GC,sender_signaling,pps_gc_sender_preparation,sender,101,false,32,2,recipient_bits=16;location_bytes=32,395,68,measured,ok,unavailable,rustc,nightly-2021-05-06,Release,JerryZ
1787147200506305037,PPS-GC,sender_signaling,message_encryption,sender,101,false,32,2,recipient_bits=16;location_bytes=32,-1,,not_applicable,not_applicable,unavailable,rustc,nightly-2021-05-06,Release,JerryZ
1787147200508052193,PPS-GC,sender_signaling,pps_gc_sender_total_signaling,sender,101,false,32,2,recipient_bits=16;location_bytes=32,10478,68,measured,ok,unavailable,rustc,nightly-2021-05-06,Release,JerryZ
1787147200509384611,PPS-GC,sender_signaling,pps_gc_share_generation,sender,102,false,32,2,recipient_bits=16;location_bytes=32,21729,68,measured,ok,unavailable,rustc,nightly-2021-05-06,Release,JerryZ
1787147200511326712,PPS-GC,sender_signaling,pps_gc_sender_preparation,sender,102,false,32,2,recipient_bits=16;location_bytes=32,349,68,measured,ok,unavailable,rustc,nightly-2021-05-06,Release,JerryZ
1787147200512657862,PPS-GC,sender_signaling,message_encryption,sender,102,false,32,2,recipient_bits=16;location_bytes=32,-1,,not_applicable,not_applicable,unavailable,rustc,nightly-2021-05-06,Release,JerryZ
1787147200514353875,PPS-GC,sender_signaling,pps_gc_sender_total_signaling,sender,102,false,32,2,recipient_bits=16;location_bytes=32,11241,68,measured,ok,unavailable,rustc,nightly-2021-05-06,Release,JerryZ
1787147200515774421,PPS-GC,sender_signaling,pps_gc_share_generation,sender,103,false,32,2,recipient_bits=16;location_bytes=32,10644,68,measured,ok,unavailable,rustc,nightly-2021-05-06,Release,JerryZ
1787147200517503771,PPS-GC,sender_signaling,pps_gc_sender_preparation,sender,103,false,32,2,recipient_bits=16;location_bytes=32,386,68,measured,ok,unavailable,rustc,nightly-2021-05-06,Release,JerryZ
1787147200518697083,PPS-GC,sender_signaling,message_encryption,sender,103,false,32,2,recipient_bits=16;location_bytes=32,-1,,not_applicable,not_applicable,unavailable,rustc,nightly-2021-05-06,Release,JerryZ
1787147200519900019,PPS-GC,sender_signaling,pps_gc_sender_total_signaling,sender,103,false,32,2,recipient_bits=16;location_bytes=32,22270,68,measured,ok,unavailable,rustc,nightly-2021-05-06,Release,JerryZ
1787147200521542122,PPS-GC,sender_signaling,pps_gc_share_generation,sender,104,false,32,2,recipient_bits=16;location_bytes=32,9771,68,measured,ok,unavailable,rustc,nightly-2021-05-06,Release,JerryZ
1787147200522821072,PPS-GC,sender_signaling,pps_gc_sender_preparation,sender,104,false,32,2,recipient_bits=16;location_bytes=32,147,68,measured,ok,unavailable,rustc,nightly-2021-05-06,Release,JerryZ
1787147200524358077,PPS-GC,sender_signaling,message_encryption,sender,104,false,32,2,recipient_bits=16;location_bytes=32,-1,,not_applicable,not_applicable,unavailable,rustc,nightly-2021-05-06,Release,JerryZ
1787147200525926848,PPS-GC,sender_signaling,pps_gc_sender_total_signaling,sender,104,false,32,2,recipient_bits=16;location_bytes=32,22840,68,measured,ok,unavailable,rustc,nightly-2021-05-06,Release,JerryZ
1787147200527623146,PPS-GC,sender_signaling,pps_gc_share_generation,sender,105,false,32,2,recipient_bits=16;location_bytes=32,10405,68,measured,ok,unavailable,rustc,nightly-2021-05-06,Release,JerryZ
1787147200529007130,PPS-GC,sender_signaling,pps_gc_sender_preparation,sender,105,false,32,2,recipient_bits=16;location_bytes=32,431,68,measured,ok,unavailable,rustc,nightly-2021-05-06,Release,JerryZ
1787147200530371829,PPS-GC,sender_signaling,message_encryption,sender,105,false,32,2,recipient_bits=16;location_bytes=32,-1,,not_applicable,not_applicable,unavailable,rustc,nightly-2021-05-06,Release,JerryZ
1787147200531821428,PPS-GC,sender_signaling,pps_gc_sender_total_signaling,sender,105,false,32,2,recipient_bits=16;location_bytes=32,10865,68,measured,ok,unavailable,rustc,nightly-2021-05-06,Release,JerryZ
1787147200533066365,PPS-GC,sender_signaling,pps_gc_share_generation,sender,106,false,32,2,recipient_bits=16;location_bytes=32,9799,68,measured,ok,unavailable,rustc,nightly-2021-05-06,Release,JerryZ
1787147200534318021,PPS-GC,sender_signaling,pps_gc_sender_preparation,sender,106,false,32,2,recipient_bits=16;location_bytes=32,487,68,measured,ok,unavailable,rustc,nightly-2021-05-06,Release,JerryZ
1787147200535894539,PPS-GC,sender_signaling,message_encryption,sender,106,false,32,2,recipient_bits=16;location_bytes=32,-1,,not_applicable,not_applicable,unavailable,rustc,nightly-2021-05-06,Release,JerryZ
1787147200537242895,PPS-GC,sender_signaling,pps_gc_sender_total_signaling,sender,106,false,32,2,recipient_bits=16;location_bytes=32,22170,68,measured,ok,unavailable,rustc,nightly-2021-05-06,Release,JerryZ
1787147200538610597,PPS-GC,sender_signaling,pps_gc_share_generation,sender,107,false,32,2,recipient_bits=16;location_bytes=32,9864,68,measured,ok,unavailable,rustc,nightly-2021-05-06,Release,JerryZ
1787147200539856963,PPS-GC,sender_signaling,pps_gc_sender_preparation,sender,107,false,32,2,recipient_bits=16;location_bytes=32,147,68,measured,ok,unavailable,rustc,nightly-2021-05-06,Release,JerryZ
1787147200542310113,PPS-GC,sender_signaling,message_encryption,sender,107,false,32,2,recipient_bits=16;location_bytes=32,-1,,not_applicable,not_applicable,unavailable,rustc,nightly-2021-05-06,Release,JerryZ
1787147200543956065,PPS-GC,sender_signaling,pps_gc_sender_total_signaling,sender,107,false,32,2,recipient_bits=16;location_bytes=32,12545,68,measured,ok,unavailable,rustc,nightly-2021-05-06,Release,JerryZ
1787147200545267020,PPS-GC,sender_signaling,pps_gc_share_generation,sender,108,false,32,2,recipient_bits=16;location_bytes=32,9827,68,measured,ok,unavailable,rustc,nightly-2021-05-06,Release,JerryZ
1787147200546607997,PPS-GC,sender_signaling,pps_gc_sender_preparation,sender,108,false,32,2,recipient_bits=16;location_bytes=32,211,68,measured,ok,unavailable,rustc,nightly-2021-05-06,Release,JerryZ
1787147200548055212,PPS-GC,sender_signaling,message_encryption,sender,108,false,32,2,recipient_bits=16;location_bytes=32,-1,,not_applicable,not_applicable,unavailable,rustc,nightly-2021-05-06,Release,JerryZ
1787147200549765322,PPS-GC,sender_signaling,pps_gc_sender_total_signaling,sender,108,false,32,2,recipient_bits=16;location_bytes=32,11112,68,measured,ok,unavailable,rustc,nightly-2021-05-06,Release,JerryZ
1787147200551204171,PPS-GC,sender_signaling,pps_gc_share_generation,sender,109,false,32,2,recipient_bits=16;location_bytes=32,10405,68,measured,ok,unavailable,rustc,nightly-2021-05-06,Release,JerryZ
1787147200552525687,PPS-GC,sender_signaling,pps_gc_sender_preparation,sender,109,false,32,2,recipient_bits=16;location_bytes=32,395,68,measured,ok,unavailable,rustc,nightly-2021-05-06,Release,JerryZ
1787147200554219450,PPS-GC,sender_signaling,message_encryption,sender,109,false,32,2,recipient_bits=16;location_bytes=32,-1,,not_applicable,not_applicable,unavailable,rustc,nightly-2021-05-06,Release,JerryZ
1787147200555645997,PPS-GC,sender_signaling,pps_gc_sender_total_signaling,sender,109,false,32,2,recipient_bits=16;location_bytes=32,12160,68,measured,ok,unavailable,rustc,nightly-2021-05-06,Release,JerryZ
1787147200557029862,PPS-GC,sender_signaling,pps_gc_share_generation,sender,110,false,32,2,recipient_bits=16;location_bytes=32,10368,68,measured,ok,unavailable,rustc,nightly-2021-05-06,Release,JerryZ
1787147200558565081,PPS-GC,sender_signaling,pps_gc_sender_preparation,sender,110,false,32,2,recipient_bits=16;location_bytes=32,395,68,measured,ok,unavailable,rustc,nightly-2021-05-06,Release,JerryZ
1787147200559886809,PPS-GC,sender_signaling,message_encryption,sender,110,false,32,2,recipient_bits=16;location_bytes=32,-1,,not_applicable,not_applicable,unavailable,rustc,nightly-2021-05-06,Release,JerryZ
1787147200561034184,PPS-GC,sender_signaling,pps_gc_sender_total_signaling,sender,110,false,32,2,recipient_bits=16;location_bytes=32,10314,68,measured,ok,unavailable,rustc,nightly-2021-05-06,Release,JerryZ
1787147200562649664,PPS-GC,sender_signaling,pps_gc_share_generation,sender,111,false,32,2,recipient_bits=16;location_bytes=32,9919,68,measured,ok,unavailable,rustc,nightly-2021-05-06,Release,JerryZ
1787147200563852242,PPS-GC,sender_signaling,pps_gc_sender_preparation,sender,111,false,32,2,recipient_bits=16;location_bytes=32,395,68,measured,ok,unavailable,rustc,nightly-2021-05-06,Release,JerryZ
1787147200564988724,PPS-GC,sender_signaling,message_encryption,sender,111,false,32,2,recipient_bits=16;location_bytes=32,-1,,not_applicable,not_applicable,unavailable,rustc,nightly-2021-05-06,Release,JerryZ
1787147200566194176,PPS-GC,sender_signaling,pps_gc_sender_total_signaling,sender,111,false,32,2,recipient_bits=16;location_bytes=32,21803,68,measured,ok,unavailable,rustc,nightly-2021-05-06,Release,JerryZ
1787147200567613390,PPS-GC,sender_signaling,pps_gc_share_generation,sender,112,false,32,2,recipient_bits=16;location_bytes=32,10019,68,measured,ok,unavailable,rustc,nightly-2021-05-06,Release,JerryZ
1787147200569275156,PPS-GC,sender_signaling,pps_gc_sender_preparation,sender,112,false,32,2,recipient_bits=16;location_bytes=32,184,68,measured,ok,unavailable,rustc,nightly-2021-05-06,Release,JerryZ
1787147200570728267,PPS-GC,sender_signaling,message_encryption,sender,112,false,32,2,recipient_bits=16;location_bytes=32,-1,,not_applicable,not_applicable,unavailable,rustc,nightly-2021-05-06,Release,JerryZ
1787147200572188955,PPS-GC,sender_signaling,pps_gc_sender_total_signaling,sender,112,false,32,2,recipient_bits=16;location_bytes=32,11930,68,measured,ok,unavailable,rustc,nightly-2021-05-06,Release,JerryZ
1787147200573676698,PPS-GC,sender_signaling,pps_gc_share_generation,sender,113,false,32,2,recipient_bits=16;location_bytes=32,12554,68,measured,ok,unavailable,rustc,nightly-2021-05-06,Release,JerryZ
1787147200575891887,PPS-GC,sender_signaling,pps_gc_sender_preparation,sender,113,false,32,2,recipient_bits=16;location_bytes=32,1083,68,measured,ok,unavailable,rustc,nightly-2021-05-06,Release,JerryZ
1787147200577136517,PPS-GC,sender_signaling,message_encryption,sender,113,false,32,2,recipient_bits=16;location_bytes=32,-1,,not_applicable,not_applicable,unavailable,rustc,nightly-2021-05-06,Release,JerryZ
1787147200578328818,PPS-GC,sender_signaling,pps_gc_sender_total_signaling,sender,113,false,32,2,recipient_bits=16;location_bytes=32,10534,68,measured,ok,unavailable,rustc,nightly-2021-05-06,Release,JerryZ
1787147200580434409,PPS-GC,sender_signaling,pps_gc_share_generation,sender,114,false,32,2,recipient_bits=16;location_bytes=32,22133,68,measured,ok,unavailable,rustc,nightly-2021-05-06,Release,JerryZ
1787147200581891432,PPS-GC,sender_signaling,pps_gc_sender_preparation,sender,114,false,32,2,recipient_bits=16;location_bytes=32,395,68,measured,ok,unavailable,rustc,nightly-2021-05-06,Release,JerryZ
1787147200583167874,PPS-GC,sender_signaling,message_encryption,sender,114,false,32,2,recipient_bits=16;location_bytes=32,-1,,not_applicable,not_applicable,unavailable,rustc,nightly-2021-05-06,Release,JerryZ
1787147200584801042,PPS-GC,sender_signaling,pps_gc_sender_total_signaling,sender,114,false,32,2,recipient_bits=16;location_bytes=32,12214,68,measured,ok,unavailable,rustc,nightly-2021-05-06,Release,JerryZ
1787147200586222837,PPS-GC,sender_signaling,pps_gc_share_generation,sender,115,false,32,2,recipient_bits=16;location_bytes=32,10948,68,measured,ok,unavailable,rustc,nightly-2021-05-06,Release,JerryZ
1787147200587631103,PPS-GC,sender_signaling,pps_gc_sender_preparation,sender,115,false,32,2,recipient_bits=16;location_bytes=32,321,68,measured,ok,unavailable,rustc,nightly-2021-05-06,Release,JerryZ
1787147200589539362,PPS-GC,sender_signaling,message_encryption,sender,115,false,32,2,recipient_bits=16;location_bytes=32,-1,,not_applicable,not_applicable,unavailable,rustc,nightly-2021-05-06,Release,JerryZ
1787147200590887218,PPS-GC,sender_signaling,pps_gc_sender_total_signaling,sender,115,false,32,2,recipient_bits=16;location_bytes=32,11094,68,measured,ok,unavailable,rustc,nightly-2021-05-06,Release,JerryZ
1787147200592134667,PPS-GC,sender_signaling,pps_gc_share_generation,sender,116,false,32,2,recipient_bits=16;location_bytes=32,9910,68,measured,ok,unavailable,rustc,nightly-2021-05-06,Release,JerryZ
1787147200593396444,PPS-GC,sender_signaling,pps_gc_sender_preparation,sender,116,false,32,2,recipient_bits=16;location_bytes=32,147,68,measured,ok,unavailable,rustc,nightly-2021-05-06,Release,JerryZ
1787147200594615029,PPS-GC,sender_signaling,message_encryption,sender,116,false,32,2,recipient_bits=16;location_bytes=32,-1,,not_applicable,not_applicable,unavailable,rustc,nightly-2021-05-06,Release,JerryZ
1787147200596109310,PPS-GC,sender_signaling,pps_gc_sender_total_signaling,sender,116,false,32,2,recipient_bits=16;location_bytes=32,22390,68,measured,ok,unavailable,rustc,nightly-2021-05-06,Release,JerryZ
1787147200597404828,PPS-GC,sender_signaling,pps_gc_share_generation,sender,117,false,32,2,recipient_bits=16;location_bytes=32,9781,68,measured,ok,unavailable,rustc,nightly-2021-05-06,Release,JerryZ
1787147200598991641,PPS-GC,sender_signaling,pps_gc_sender_preparation,sender,117,false,32,2,recipient_bits=16;location_bytes=32,358,68,measured,ok,unavailable,rustc,nightly-2021-05-06,Release,JerryZ
1787147200600776814,PPS-GC,sender_signaling,message_encryption,sender,117,false,32,2,recipient_bits=16;location_bytes=32,-1,,not_applicable,not_applicable,unavailable,rustc,nightly-2021-05-06,Release,JerryZ
1787147200602587904,PPS-GC,sender_signaling,pps_gc_sender_total_signaling,sender,117,false,32,2,recipient_bits=16;location_bytes=32,13638,68,measured,ok,unavailable,rustc,nightly-2021-05-06,Release,JerryZ
1787147200603920061,PPS-GC,sender_signaling,pps_gc_share_generation,sender,118,false,32,2,recipient_bits=16;location_bytes=32,10892,68,measured,ok,unavailable,rustc,nightly-2021-05-06,Release,JerryZ
1787147200605536304,PPS-GC,sender_signaling,pps_gc_sender_preparation,sender,118,false,32,2,recipient_bits=16;location_bytes=32,275,68,measured,ok,unavailable,rustc,nightly-2021-05-06,Release,JerryZ
1787147200607369205,PPS-GC,sender_signaling,message_encryption,sender,118,false,32,2,recipient_bits=16;location_bytes=32,-1,,not_applicable,not_applicable,unavailable,rustc,nightly-2021-05-06,Release,JerryZ
1787147200609036458,PPS-GC,sender_signaling,pps_gc_sender_total_signaling,sender,118,false,32,2,recipient_bits=16;location_bytes=32,10818,68,measured,ok,unavailable,rustc,nightly-2021-05-06,Release,JerryZ
1787147200610487420,PPS-GC,sender_signaling,pps_gc_share_generation,sender,119,false,32,2,recipient_bits=16;location_bytes=32,10268,68,measured,ok,unavailable,rustc,nightly-2021-05-06,Release,JerryZ
1787147200611785923,PPS-GC,sender_signaling,pps_gc_sender_preparation,sender,119,false,32,2,recipient_bits=16;location_bytes=32,331,68,measured,ok,unavailable,rustc,nightly-2021-05-06,Release,JerryZ
1787147200613417722,PPS-GC,sender_signaling,message_encryption,sender,119,false,32,2,recipient_bits=16;location_bytes=32,-1,,not_applicable,not_applicable,unavailable,rustc,nightly-2021-05-06,Release,JerryZ
1787147200614709153,PPS-GC,sender_signaling,pps_gc_sender_total_signaling,sender,119,false,32,2,recipient_bits=16;location_bytes=32,13197,68,measured,ok,unavailable,rustc,nightly-2021-05-06,Release,JerryZ
1787147200616161097,PPS-GC,sender_signaling,pps_gc_share_generation,sender,120,false,32,2,recipient_bits=16;location_bytes=32,10029,68,measured,ok,unavailable,rustc,nightly-2021-05-06,Release,JerryZ
1787147200617763325,PPS-GC,sender_signaling,pps_gc_sender_preparation,sender,120,false,32,2,recipient_bits=16;location_bytes=32,578,68,measured,ok,unavailable,rustc,nightly-2021-05-06,Release,JerryZ
1787147200619196434,PPS-GC,sender_signaling,message_encryption,sender,120,false,32,2,recipient_bits=16;location_bytes=32,-1,,not_applicable,not_applicable,unavailable,rustc,nightly-2021-05-06,Release,JerryZ
1787147200620949781,PPS-GC,sender_signaling,pps_gc_sender_total_signaling,sender,120,false,32,2,recipient_bits=16;location_bytes=32,10837,68,measured,ok,unavailable,rustc,nightly-2021-05-06,Release,JerryZ
1787147200622690569,PPS-GC,sender_signaling,pps_gc_share_generation,sender,121,false,32,2,recipient_bits=16;location_bytes=32,10213,68,measured,ok,unavailable,rustc,nightly-2021-05-06,Release,JerryZ
1787147200623973142,PPS-GC,sender_signaling,pps_gc_sender_preparation,sender,121,false,32,2,recipient_bits=16;location_bytes=32,634,68,measured,ok,unavailable,rustc,nightly-2021-05-06,Release,JerryZ
1787147200625175738,PPS-GC,sender_signaling,message_encryption,sender,121,false,32,2,recipient_bits=16;location_bytes=32,-1,,not_applicable,not_applicable,unavailable,rustc,nightly-2021-05-06,Release,JerryZ
1787147200626537939,PPS-GC,sender_signaling,pps_gc_sender_total_signaling,sender,121,false,32,2,recipient_bits=16;location_bytes=32,11195,68,measured,ok,unavailable,rustc,nightly-2021-05-06,Release,JerryZ
1787147200627759793,PPS-GC,sender_signaling,pps_gc_share_generation,sender,122,false,32,2,recipient_bits=16;location_bytes=32,10268,68,measured,ok,unavailable,rustc,nightly-2021-05-06,Release,JerryZ
1787147200629369891,PPS-GC,sender_signaling,pps_gc_sender_preparation,sender,122,false,32,2,recipient_bits=16;location_bytes=32,450,68,measured,ok,unavailable,rustc,nightly-2021-05-06,Release,JerryZ
1787147200630738962,PPS-GC,sender_signaling,message_encryption,sender,122,false,32,2,recipient_bits=16;location_bytes=32,-1,,not_applicable,not_applicable,unavailable,rustc,nightly-2021-05-06,Release,JerryZ
1787147200631991527,PPS-GC,sender_signaling,pps_gc_sender_total_signaling,sender,122,false,32,2,recipient_bits=16;location_bytes=32,10672,68,measured,ok,unavailable,rustc,nightly-2021-05-06,Release,JerryZ
1787147200633370727,PPS-GC,sender_signaling,pps_gc_share_generation,sender,123,false,32,2,recipient_bits=16;location_bytes=32,10644,68,measured,ok,unavailable,rustc,nightly-2021-05-06,Release,JerryZ
1787147200635019121,PPS-GC,sender_signaling,pps_gc_sender_preparation,sender,123,false,32,2,recipient_bits=16;location_bytes=32,680,68,measured,ok,unavailable,rustc,nightly-2021-05-06,Release,JerryZ
1787147200636618842,PPS-GC,sender_signaling,message_encryption,sender,123,false,32,2,recipient_bits=16;location_bytes=32,-1,,not_applicable,not_applicable,unavailable,rustc,nightly-2021-05-06,Release,JerryZ
1787147200637862737,PPS-GC,sender_signaling,pps_gc_sender_total_signaling,sender,123,false,32,2,recipient_bits=16;location_bytes=32,12756,68,measured,ok,unavailable,rustc,nightly-2021-05-06,Release,JerryZ
1787147200639044817,PPS-GC,sender_signaling,pps_gc_share_generation,sender,124,false,32,2,recipient_bits=16;location_bytes=32,9965,68,measured,ok,unavailable,rustc,nightly-2021-05-06,Release,JerryZ
1787147200640804914,PPS-GC,sender_signaling,pps_gc_sender_preparation,sender,124,false,32,2,recipient_bits=16;location_bytes=32,147,68,measured,ok,unavailable,rustc,nightly-2021-05-06,Release,JerryZ
1787147200642219251,PPS-GC,sender_signaling,message_encryption,sender,124,false,32,2,recipient_bits=16;location_bytes=32,-1,,not_applicable,not_applicable,unavailable,rustc,nightly-2021-05-06,Release,JerryZ
1787147200643462595,PPS-GC,sender_signaling,pps_gc_sender_total_signaling,sender,124,false,32,2,recipient_bits=16;location_bytes=32,10745,68,measured,ok,unavailable,rustc,nightly-2021-05-06,Release,JerryZ
1787147200645064511,PPS-GC,sender_signaling,pps_gc_share_generation,sender,125,false,32,2,recipient_bits=16;location_bytes=32,10074,68,measured,ok,unavailable,rustc,nightly-2021-05-06,Release,JerryZ
1787147200646419043,PPS-GC,sender_signaling,pps_gc_sender_preparation,sender,125,false,32,2,recipient_bits=16;location_bytes=32,450,68,measured,ok,unavailable,rustc,nightly-2021-05-06,Release,JerryZ
1787147200647807978,PPS-GC,sender_signaling,message_encryption,sender,125,false,32,2,recipient_bits=16;location_bytes=32,-1,,not_applicable,not_applicable,unavailable,rustc,nightly-2021-05-06,Release,JerryZ
1787147200649158226,PPS-GC,sender_signaling,pps_gc_sender_total_signaling,sender,125,false,32,2,recipient_bits=16;location_bytes=32,23263,68,measured,ok,unavailable,rustc,nightly-2021-05-06,Release,JerryZ
1787147200650740852,PPS-GC,sender_signaling,pps_gc_share_generation,sender,126,false,32,2,recipient_bits=16;location_bytes=32,10818,68,measured,ok,unavailable,rustc,nightly-2021-05-06,Release,JerryZ
1787147200652609419,PPS-GC,sender_signaling,pps_gc_sender_preparation,sender,126,false,32,2,recipient_bits=16;location_bytes=32,845,68,measured,ok,unavailable,rustc,nightly-2021-05-06,Release,JerryZ
1787147200654107311,PPS-GC,sender_signaling,message_encryption,sender,126,false,32,2,recipient_bits=16;location_bytes=32,-1,,not_applicable,not_applicable,unavailable,rustc,nightly-2021-05-06,Release,JerryZ
1787147200655622702,PPS-GC,sender_signaling,pps_gc_sender_total_signaling,sender,126,false,32,2,recipient_bits=16;location_bytes=32,11719,68,measured,ok,unavailable,rustc,nightly-2021-05-06,Release,JerryZ
1787147200656890755,PPS-GC,sender_signaling,pps_gc_share_generation,sender,127,false,32,2,recipient_bits=16;location_bytes=32,9891,68,measured,ok,unavailable,rustc,nightly-2021-05-06,Release,JerryZ
1787147200658237214,PPS-GC,sender_signaling,pps_gc_sender_preparation,sender,127,false,32,2,recipient_bits=16;location_bytes=32,358,68,measured,ok,unavailable,rustc,nightly-2021-05-06,Release,JerryZ
1787147200659837954,PPS-GC,sender_signaling,message_encryption,sender,127,false,32,2,recipient_bits=16;location_bytes=32,-1,,not_applicable,not_applicable,unavailable,rustc,nightly-2021-05-06,Release,JerryZ
1787147200661233906,PPS-GC,sender_signaling,pps_gc_sender_total_signaling,sender,127,false,32,2,recipient_bits=16;location_bytes=32,10975,68,measured,ok,unavailable,rustc,nightly-2021-05-06,Release,JerryZ
1787147200662593567,PPS-GC,sender_signaling,pps_gc_share_generation,sender,128,false,32,2,recipient_bits=16;location_bytes=32,10130,68,measured,ok,unavailable,rustc,nightly-2021-05-06,Release,JerryZ
1787147200664029674,PPS-GC,sender_signaling,pps_gc_sender_preparation,sender,128,false,32,2,recipient_bits=16;location_bytes=32,817,68,measured,ok,unavailable,rustc,nightly-2021-05-06,Release,JerryZ
1787147200665512881,PPS-GC,sender_signaling,message_encryption,sender,128,false,32,2,recipient_bits=16;location_bytes=32,-1,,not_applicable,not_applicable,unavailable,rustc,nightly-2021-05-06,Release,JerryZ
1787147200667529351,PPS-GC,sender_signaling,pps_gc_sender_total_signaling,sender,128,false,32,2,recipient_bits=16;location_bytes=32,13400,68,measured,ok,unavailable,rustc,nightly-2021-05-06,Release,JerryZ
1787147200668926965,PPS-GC,sender_signaling,pps_gc_share_generation,sender,129,false,32,2,recipient_bits=16;location_bytes=32,22124,68,measured,ok,unavailable,rustc,nightly-2021-05-06,Release,JerryZ
1787147200670544603,PPS-GC,sender_signaling,pps_gc_sender_preparation,sender,129,false,32,2,recipient_bits=16;location_bytes=32,432,68,measured,ok,unavailable,rustc,nightly-2021-05-06,Release,JerryZ
1787147200672273907,PPS-GC,sender_signaling,message_encryption,sender,129,false,32,2,recipient_bits=16;location_bytes=32,-1,,not_applicable,not_applicable,unavailable,rustc,nightly-2021-05-06,Release,JerryZ
1787147200673624169,PPS-GC,sender_signaling,pps_gc_sender_total_signaling,sender,129,false,32,2,recipient_bits=16;location_bytes=32,14859,68,measured,ok,unavailable,rustc,nightly-2021-05-06,Release,JerryZ
1787147200674801096,PPS-GC,sender_signaling,pps_gc_share_generation,sender,130,false,32,2,recipient_bits=16;location_bytes=32,9597,68,measured,ok,unavailable,rustc,nightly-2021-05-06,Release,JerryZ
1787147200676088082,PPS-GC,sender_signaling,pps_gc_sender_preparation,sender,130,false,32,2,recipient_bits=16;location_bytes=32,129,68,measured,ok,unavailable,rustc,nightly-2021-05-06,Release,JerryZ
1787147200677782680,PPS-GC,sender_signaling,message_encryption,sender,130,false,32,2,recipient_bits=16;location_bytes=32,-1,,not_applicable,not_applicable,unavailable,rustc,nightly-2021-05-06,Release,JerryZ
1787147200679412000,PPS-GC,sender_signaling,pps_gc_sender_total_signaling,sender,130,false,32,2,recipient_bits=16;location_bytes=32,14730,68,measured,ok,unavailable,rustc,nightly-2021-05-06,Release,JerryZ
1787147200681291192,PPS-GC,sender_signaling,pps_gc_share_generation,sender,131,false,32,2,recipient_bits=16;location_bytes=32,26100,68,measured,ok,unavailable,rustc,nightly-2021-05-06,Release,JerryZ
1787147200682991291,PPS-GC,sender_signaling,pps_gc_sender_preparation,sender,131,false,32,2,recipient_bits=16;location_bytes=32,872,68,measured,ok,unavailable,rustc,nightly-2021-05-06,Release,JerryZ
1787147200684405257,PPS-GC,sender_signaling,message_encryption,sender,131,false,32,2,recipient_bits=16;location_bytes=32,-1,,not_applicable,not_applicable,unavailable,rustc,nightly-2021-05-06,Release,JerryZ
1787147200685911077,PPS-GC,sender_signaling,pps_gc_sender_total_signaling,sender,131,false,32,2,recipient_bits=16;location_bytes=32,11425,68,measured,ok,unavailable,rustc,nightly-2021-05-06,Release,JerryZ
1787147200687202609,PPS-GC,sender_signaling,pps_gc_share_generation,sender,132,false,32,2,recipient_bits=16;location_bytes=32,12343,68,measured,ok,unavailable,rustc,nightly-2021-05-06,Release,JerryZ
1787147200688740321,PPS-GC,sender_signaling,pps_gc_sender_preparation,sender,132,false,32,2,recipient_bits=16;location_bytes=32,202,68,measured,ok,unavailable,rustc,nightly-2021-05-06,Release,JerryZ
1787147200690017149,PPS-GC,sender_signaling,message_encryption,sender,132,false,32,2,recipient_bits=16;location_bytes=32,-1,,not_applicable,not_applicable,unavailable,rustc,nightly-2021-05-06,Release,JerryZ
1787147200691235721,PPS-GC,sender_signaling,pps_gc_sender_total_signaling,sender,132,false,32,2,recipient_bits=16;location_bytes=32,10424,68,measured,ok,unavailable,rustc,nightly-2021-05-06,Release,JerryZ
1787147200692610894,PPS-GC,sender_signaling,pps_gc_share_generation,sender,133,false,32,2,recipient_bits=16;location_bytes=32,10185,68,measured,ok,unavailable,rustc,nightly-2021-05-06,Release,JerryZ
1787147200694444369,PPS-GC,sender_signaling,pps_gc_sender_preparation,sender,133,false,32,2,recipient_bits=16;location_bytes=32,496,68,measured,ok,unavailable,rustc,nightly-2021-05-06,Release,JerryZ
1787147200695817389,PPS-GC,sender_signaling,message_encryption,sender,133,false,32,2,recipient_bits=16;location_bytes=32,-1,,not_applicable,not_applicable,unavailable,rustc,nightly-2021-05-06,Release,JerryZ
1787147200697400809,PPS-GC,sender_signaling,pps_gc_sender_total_signaling,sender,133,false,32,2,recipient_bits=16;location_bytes=32,12095,68,measured,ok,unavailable,rustc,nightly-2021-05-06,Release,JerryZ
1787147200698778086,PPS-GC,sender_signaling,pps_gc_share_generation,sender,134,false,32,2,recipient_bits=16;location_bytes=32,10314,68,measured,ok,unavailable,rustc,nightly-2021-05-06,Release,JerryZ
1787147200700746310,PPS-GC,sender_signaling,pps_gc_sender_preparation,sender,134,false,32,2,recipient_bits=16;location_bytes=32,138,68,measured,ok,unavailable,rustc,nightly-2021-05-06,Release,JerryZ
1787147200702045831,PPS-GC,sender_signaling,message_encryption,sender,134,false,32,2,recipient_bits=16;location_bytes=32,-1,,not_applicable,not_applicable,unavailable,rustc,nightly-2021-05-06,Release,JerryZ
1787147200703292794,PPS-GC,sender_signaling,pps_gc_sender_total_signaling,sender,134,false,32,2,recipient_bits=16;location_bytes=32,22528,68,measured,ok,unavailable,rustc,nightly-2021-05-06,Release,JerryZ
1787147200704897538,PPS-GC,sender_signaling,pps_gc_share_generation,sender,135,false,32,2,recipient_bits=16;location_bytes=32,21637,68,measured,ok,unavailable,rustc,nightly-2021-05-06,Release,JerryZ
1787147200706358813,PPS-GC,sender_signaling,pps_gc_sender_preparation,sender,135,false,32,2,recipient_bits=16;location_bytes=32,377,68,measured,ok,unavailable,rustc,nightly-2021-05-06,Release,JerryZ
1787147200707708763,PPS-GC,sender_signaling,message_encryption,sender,135,false,32,2,recipient_bits=16;location_bytes=32,-1,,not_applicable,not_applicable,unavailable,rustc,nightly-2021-05-06,Release,JerryZ
1787147200709081351,PPS-GC,sender_signaling,pps_gc_sender_total_signaling,sender,135,false,32,2,recipient_bits=16;location_bytes=32,10855,68,measured,ok,unavailable,rustc,nightly-2021-05-06,Release,JerryZ
1787147200710433946,PPS-GC,sender_signaling,pps_gc_share_generation,sender,136,false,32,2,recipient_bits=16;location_bytes=32,22069,68,measured,ok,unavailable,rustc,nightly-2021-05-06,Release,JerryZ
1787147200711869552,PPS-GC,sender_signaling,pps_gc_sender_preparation,sender,136,false,32,2,recipient_bits=16;location_bytes=32,358,68,measured,ok,unavailable,rustc,nightly-2021-05-06,Release,JerryZ
1787147200713479715,PPS-GC,sender_signaling,message_encryption,sender,136,false,32,2,recipient_bits=16;location_bytes=32,-1,,not_applicable,not_applicable,unavailable,rustc,nightly-2021-05-06,Release,JerryZ
1787147200714887100,PPS-GC,sender_signaling,pps_gc_sender_total_signaling,sender,136,false,32,2,recipient_bits=16;location_bytes=32,11424,68,measured,ok,unavailable,rustc,nightly-2021-05-06,Release,JerryZ
1787147200716096997,PPS-GC,sender_signaling,pps_gc_share_generation,sender,137,false,32,2,recipient_bits=16;location_bytes=32,9827,68,measured,ok,unavailable,rustc,nightly-2021-05-06,Release,JerryZ
1787147200717177036,PPS-GC,sender_signaling,pps_gc_sender_preparation,sender,137,false,32,2,recipient_bits=16;location_bytes=32,477,68,measured,ok,unavailable,rustc,nightly-2021-05-06,Release,JerryZ
1787147200718352577,PPS-GC,sender_signaling,message_encryption,sender,137,false,32,2,recipient_bits=16;location_bytes=32,-1,,not_applicable,not_applicable,unavailable,rustc,nightly-2021-05-06,Release,JerryZ
1787147200719998684,PPS-GC,sender_signaling,pps_gc_sender_total_signaling,sender,137,false,32,2,recipient_bits=16;location_bytes=32,22253,68,measured,ok,unavailable,rustc,nightly-2021-05-06,Release,JerryZ
1787147200721288710,PPS-GC,sender_signaling,pps_gc_share_generation,sender,138,false,32,2,recipient_bits=16;location_bytes=32,9781,68,measured,ok,unavailable,rustc,nightly-2021-05-06,Release,JerryZ
1787147200722491049,PPS-GC,sender_signaling,pps_gc_sender_preparation,sender,138,false,32,2,recipient_bits=16;location_bytes=32,128,68,measured,ok,unavailable,rustc,nightly-2021-05-06,Release,JerryZ
1787147200723655900,PPS-GC,sender_signaling,message_encryption,sender,138,false,32,2,recipient_bits=16;location_bytes=32,-1,,not_applicable,not_applicable,unavailable,rustc,nightly-2021-05-06,Release,JerryZ
1787147200725247079,PPS-GC,sender_signaling,pps_gc_sender_total_signaling,sender,138,false,32,2,recipient_bits=16;location_bytes=32,11480,68,measured,ok,unavailable,rustc,nightly-2021-05-06,Release,JerryZ
1787147200726623993,PPS-GC,sender_signaling,pps_gc_share_generation,sender,139,false,32,2,recipient_bits=16;location_bytes=32,27266,68,measured,ok,unavailable,rustc,nightly-2021-05-06,Release,JerryZ
1787147200728079445,PPS-GC,sender_signaling,pps_gc_sender_preparation,sender,139,false,32,2,recipient_bits=16;location_bytes=32,551,68,measured,ok,unavailable,rustc,nightly-2021-05-06,Release,JerryZ
1787147200729877141,PPS-GC,sender_signaling,message_encryption,sender,139,false,32,2,recipient_bits=16;location_bytes=32,-1,,not_applicable,not_applicable,unavailable,rustc,nightly-2021-05-06,Release,JerryZ
1787147200731360980,PPS-GC,sender_signaling,pps_gc_sender_total_signaling,sender,139,false,32,2,recipient_bits=16;location_bytes=32,11618,68,measured,ok,unavailable,rustc,nightly-2021-05-06,Release,JerryZ
1787147200732796036,PPS-GC,sender_signaling,pps_gc_share_generation,sender,140,false,32,2,recipient_bits=16;location_bytes=32,10478,68,measured,ok,unavailable,rustc,nightly-2021-05-06,Release,JerryZ
1787147200733943428,PPS-GC,sender_signaling,pps_gc_sender_preparation,sender,140,false,32,2,recipient_bits=16;location_bytes=32,717,68,measured,ok,unavailable,rustc,nightly-2021-05-06,Release,JerryZ
1787147200735029418,PPS-GC,sender_signaling,message_encryption,sender,140,false,32,2,recipient_bits=16;location_bytes=32,-1,,not_applicable,not_applicable,unavailable,rustc,nightly-2021-05-06,Release,JerryZ
1787147200736132017,PPS-GC,sender_signaling,pps_gc_sender_total_signaling,sender,140,false,32,2,recipient_bits=16;location_bytes=32,10212,68,measured,ok,unavailable,rustc,nightly-2021-05-06,Release,JerryZ
1787147200737807518,PPS-GC,sender_signaling,pps_gc_share_generation,sender,141,false,32,2,recipient_bits=16;location_bytes=32,22271,68,measured,ok,unavailable,rustc,nightly-2021-05-06,Release,JerryZ
1787147200739093006,PPS-GC,sender_signaling,pps_gc_sender_preparation,sender,141,false,32,2,recipient_bits=16;location_bytes=32,524,68,measured,ok,unavailable,rustc,nightly-2021-05-06,Release,JerryZ
1787147200740507325,PPS-GC,sender_signaling,message_encryption,sender,141,false,32,2,recipient_bits=16;location_bytes=32,-1,,not_applicable,not_applicable,unavailable,rustc,nightly-2021-05-06,Release,JerryZ
1787147200742169693,PPS-GC,sender_signaling,pps_gc_sender_total_signaling,sender,141,false,32,2,recipient_bits=16;location_bytes=32,13767,68,measured,ok,unavailable,rustc,nightly-2021-05-06,Release,JerryZ
1787147200743559404,PPS-GC,sender_signaling,pps_gc_share_generation,sender,142,false,32,2,recipient_bits=16;location_bytes=32,10102,68,measured,ok,unavailable,rustc,nightly-2021-05-06,Release,JerryZ
1787147200744903776,PPS-GC,sender_signaling,pps_gc_sender_preparation,sender,142,false,32,2,recipient_bits=16;location_bytes=32,423,68,measured,ok,unavailable,rustc,nightly-2021-05-06,Release,JerryZ
1787147200746196644,PPS-GC,sender_signaling,message_encryption,sender,142,false,32,2,recipient_bits=16;location_bytes=32,-1,,not_applicable,not_applicable,unavailable,rustc,nightly-2021-05-06,Release,JerryZ
1787147200747307274,PPS-GC,sender_signaling,pps_gc_sender_total_signaling,sender,142,false,32,2,recipient_bits=16;location_bytes=32,10681,68,measured,ok,unavailable,rustc,nightly-2021-05-06,Release,JerryZ
1787147200748492540,PPS-GC,sender_signaling,pps_gc_share_generation,sender,143,false,32,2,recipient_bits=16;location_bytes=32,10001,68,measured,ok,unavailable,rustc,nightly-2021-05-06,Release,JerryZ
1787147200749980164,PPS-GC,sender_signaling,pps_gc_sender_preparation,sender,143,false,32,2,recipient_bits=16;location_bytes=32,220,68,measured,ok,unavailable,rustc,nightly-2021-05-06,Release,JerryZ
1787147200751115838,PPS-GC,sender_signaling,message_encryption,sender,143,false,32,2,recipient_bits=16;location_bytes=32,-1,,not_applicable,not_applicable,unavailable,rustc,nightly-2021-05-06,Release,JerryZ
1787147200752332751,PPS-GC,sender_signaling,pps_gc_sender_total_signaling,sender,143,false,32,2,recipient_bits=16;location_bytes=32,22500,68,measured,ok,unavailable,rustc,nightly-2021-05-06,Release,JerryZ
1787147200753726884,PPS-GC,sender_signaling,pps_gc_share_generation,sender,144,false,32,2,recipient_bits=16;location_bytes=32,11737,68,measured,ok,unavailable,rustc,nightly-2021-05-06,Release,JerryZ
1787147200755182300,PPS-GC,sender_signaling,pps_gc_sender_preparation,sender,144,false,32,2,recipient_bits=16;location_bytes=32,137,68,measured,ok,unavailable,rustc,nightly-2021-05-06,Release,JerryZ
1787147200756629928,PPS-GC,sender_signaling,message_encryption,sender,144,false,32,2,recipient_bits=16;location_bytes=32,-1,,not_applicable,not_applicable,unavailable,rustc,nightly-2021-05-06,Release,JerryZ
1787147200758058730,PPS-GC,sender_signaling,pps_gc_sender_total_signaling,sender,144,false,32,2,recipient_bits=16;location_bytes=32,14281,68,measured,ok,unavailable,rustc,nightly-2021-05-06,Release,JerryZ
1787147200759635556,PPS-GC,sender_signaling,pps_gc_share_generation,sender,145,false,32,2,recipient_bits=16;location_bytes=32,10470,68,measured,ok,unavailable,rustc,nightly-2021-05-06,Release,JerryZ
1787147200760787426,PPS-GC,sender_signaling,pps_gc_sender_preparation,sender,145,false,32,2,recipient_bits=16;location_bytes=32,376,68,measured,ok,unavailable,rustc,nightly-2021-05-06,Release,JerryZ
1787147200761860783,PPS-GC,sender_signaling,message_encryption,sender,145,false,32,2,recipient_bits=16;location_bytes=32,-1,,not_applicable,not_applicable,unavailable,rustc,nightly-2021-05-06,Release,JerryZ
1787147200762873569,PPS-GC,sender_signaling,pps_gc_sender_total_signaling,sender,145,false,32,2,recipient_bits=16;location_bytes=32,9974,68,measured,ok,unavailable,rustc,nightly-2021-05-06,Release,JerryZ
1787147200764074539,PPS-GC,sender_signaling,pps_gc_share_generation,sender,146,false,32,2,recipient_bits=16;location_bytes=32,21297,68,measured,ok,unavailable,rustc,nightly-2021-05-06,Release,JerryZ
1787147200765400143,PPS-GC,sender_signaling,pps_gc_sender_preparation,sender,146,false,32,2,recipient_bits=16;location_bytes=32,285,68,measured,ok,unavailable,rustc,nightly-2021-05-06,Release,JerryZ
1787147200766994243,PPS-GC,sender_signaling,message_encryption,sender,146,false,32,2,recipient_bits=16;location_bytes=32,-1,,not_applicable,not_applicable,unavailable,rustc,nightly-2021-05-06,Release,JerryZ
1787147200768279502,PPS-GC,sender_signaling,pps_gc_sender_total_signaling,sender,146,false,32,2,recipient_bits=16;location_bytes=32,11315,68,measured,ok,unavailable,rustc,nightly-2021-05-06,Release,JerryZ
1787147200769609900,PPS-GC,sender_signaling,pps_gc_share_generation,sender,147,false,32,2,recipient_bits=16;location_bytes=32,42393,68,measured,ok,unavailable,rustc,nightly-2021-05-06,Release,JerryZ
1787147200770899852,PPS-GC,sender_signaling,pps_gc_sender_preparation,sender,147,false,32,2,recipient_bits=16;location_bytes=32,349,68,measured,ok,unavailable,rustc,nightly-2021-05-06,Release,JerryZ
1787147200772349859,PPS-GC,sender_signaling,message_encryption,sender,147,false,32,2,recipient_bits=16;location_bytes=32,-1,,not_applicable,not_applicable,unavailable,rustc,nightly-2021-05-06,Release,JerryZ
1787147200774563156,PPS-GC,sender_signaling,pps_gc_sender_total_signaling,sender,147,false,32,2,recipient_bits=16;location_bytes=32,11379,68,measured,ok,unavailable,rustc,nightly-2021-05-06,Release,JerryZ
1787147200775718685,PPS-GC,sender_signaling,pps_gc_share_generation,sender,148,false,32,2,recipient_bits=16;location_bytes=32,10121,68,measured,ok,unavailable,rustc,nightly-2021-05-06,Release,JerryZ
1787147200776929703,PPS-GC,sender_signaling,pps_gc_sender_preparation,sender,148,false,32,2,recipient_bits=16;location_bytes=32,212,68,measured,ok,unavailable,rustc,nightly-2021-05-06,Release,JerryZ
1787147200778039690,PPS-GC,sender_signaling,message_encryption,sender,148,false,32,2,recipient_bits=16;location_bytes=32,-1,,not_applicable,not_applicable,unavailable,rustc,nightly-2021-05-06,Release,JerryZ
1787147200780564234,PPS-GC,sender_signaling,pps_gc_sender_total_signaling,sender,148,false,32,2,recipient_bits=16;location_bytes=32,22004,68,measured,ok,unavailable,rustc,nightly-2021-05-06,Release,JerryZ
1787147200781919125,PPS-GC,sender_signaling,pps_gc_share_generation,sender,149,false,32,2,recipient_bits=16;location_bytes=32,26679,68,measured,ok,unavailable,rustc,nightly-2021-05-06,Release,JerryZ
1787147200783296001,PPS-GC,sender_signaling,pps_gc_sender_preparation,sender,149,false,32,2,recipient_bits=16;location_bytes=32,330,68,measured,ok,unavailable,rustc,nightly-2021-05-06,Release,JerryZ
1787147200786147305,PPS-GC,sender_signaling,message_encryption,sender,149,false,32,2,recipient_bits=16;location_bytes=32,-1,,not_applicable,not_applicable,unavailable,rustc,nightly-2021-05-06,Release,JerryZ
1787147200787677115,PPS-GC,sender_signaling,pps_gc_sender_total_signaling,sender,149,false,32,2,recipient_bits=16;location_bytes=32,11617,68,measured,ok,unavailable,rustc,nightly-2021-05-06,Release,JerryZ
1787147200789146275,PPS-GC,sender_signaling,pps_gc_share_generation,sender,150,false,32,2,recipient_bits=16;location_bytes=32,10185,68,measured,ok,unavailable,rustc,nightly-2021-05-06,Release,JerryZ
1787147200790512563,PPS-GC,sender_signaling,pps_gc_sender_preparation,sender,150,false,32,2,recipient_bits=16;location_bytes=32,312,68,measured,ok,unavailable,rustc,nightly-2021-05-06,Release,JerryZ
1787147200791761711,PPS-GC,sender_signaling,message_encryption,sender,150,false,32,2,recipient_bits=16;location_bytes=32,-1,,not_applicable,not_applicable,unavailable,rustc,nightly-2021-05-06,Release,JerryZ
1787147200792871836,PPS-GC,sender_signaling,pps_gc_sender_total_signaling,sender,150,false,32,2,recipient_bits=16;location_bytes=32,10332,68,measured,ok,unavailable,rustc,nightly-2021-05-06,Release,JerryZ
1787147200794339724,PPS-GC,sender_signaling,pps_gc_share_generation,sender,151,false,32,2,recipient_bits=16;location_bytes=32,9542,68,measured,ok,unavailable,rustc,nightly-2021-05-06,Release,JerryZ
1787147200795410046,PPS-GC,sender_signaling,pps_gc_sender_preparation,sender,151,false,32,2,recipient_bits=16;location_bytes=32,138,68,measured,ok,unavailable,rustc,nightly-2021-05-06,Release,JerryZ
1787147200796530080,PPS-GC,sender_signaling,message_encryption,sender,151,false,32,2,recipient_bits=16;location_bytes=32,-1,,not_applicable,not_applicable,unavailable,rustc,nightly-2021-05-06,Release,JerryZ
1787147200797738471,PPS-GC,sender_signaling,pps_gc_sender_total_signaling,sender,151,false,32,2,recipient_bits=16;location_bytes=32,9955,68,measured,ok,unavailable,rustc,nightly-2021-05-06,Release,JerryZ
1787147200799042842,PPS-GC,sender_signaling,pps_gc_share_generation,sender,152,false,32,2,recipient_bits=16;location_bytes=32,10204,68,measured,ok,unavailable,rustc,nightly-2021-05-06,Release,JerryZ
1787147200801102669,PPS-GC,sender_signaling,pps_gc_sender_preparation,sender,152,false,32,2,recipient_bits=16;location_bytes=32,652,68,measured,ok,unavailable,rustc,nightly-2021-05-06,Release,JerryZ
1787147200802613372,PPS-GC,sender_signaling,message_encryption,sender,152,false,32,2,recipient_bits=16;location_bytes=32,-1,,not_applicable,not_applicable,unavailable,rustc,nightly-2021-05-06,Release,JerryZ
1787147200804352994,PPS-GC,sender_signaling,pps_gc_sender_total_signaling,sender,152,false,32,2,recipient_bits=16;location_bytes=32,11865,68,measured,ok,unavailable,rustc,nightly-2021-05-06,Release,JerryZ
1787147200805534682,PPS-GC,sender_signaling,pps_gc_share_generation,sender,153,false,32,2,recipient_bits=16;location_bytes=32,10534,68,measured,ok,unavailable,rustc,nightly-2021-05-06,Release,JerryZ
1787147200807128920,PPS-GC,sender_signaling,pps_gc_sender_preparation,sender,153,false,32,2,recipient_bits=16;location_bytes=32,221,68,measured,ok,unavailable,rustc,nightly-2021-05-06,Release,JerryZ
1787147200808350114,PPS-GC,sender_signaling,message_encryption,sender,153,false,32,2,recipient_bits=16;location_bytes=32,-1,,not_applicable,not_applicable,unavailable,rustc,nightly-2021-05-06,Release,JerryZ
1787147200809422089,PPS-GC,sender_signaling,pps_gc_sender_total_signaling,sender,153,false,32,2,recipient_bits=16;location_bytes=32,10360,68,measured,ok,unavailable,rustc,nightly-2021-05-06,Release,JerryZ
1787147200810590678,PPS-GC,sender_signaling,pps_gc_share_generation,sender,154,false,32,2,recipient_bits=16;location_bytes=32,21619,68,measured,ok,unavailable,rustc,nightly-2021-05-06,Release,JerryZ
1787147200812257467,PPS-GC,sender_signaling,pps_gc_sender_preparation,sender,154,false,32,2,recipient_bits=16;location_bytes=32,276,68,measured,ok,unavailable,rustc,nightly-2021-05-06,Release,JerryZ
1787147200813628999,PPS-GC,sender_signaling,message_encryption,sender,154,false,32,2,recipient_bits=16;location_bytes=32,-1,,not_applicable,not_applicable,unavailable,rustc,nightly-2021-05-06,Release,JerryZ
1787147200814800109,PPS-GC,sender_signaling,pps_gc_sender_total_signaling,sender,154,false,32,2,recipient_bits=16;location_bytes=32,10598,68,measured,ok,unavailable,rustc,nightly-2021-05-06,Release,JerryZ
1787147200816568466,PPS-GC,sender_signaling,pps_gc_share_generation,sender,155,false,32,2,recipient_bits=16;location_bytes=32,22556,68,measured,ok,unavailable,rustc,nightly-2021-05-06,Release,JerryZ
1787147200818061012,PPS-GC,sender_signaling,pps_gc_sender_preparation,sender,155,false,32,2,recipient_bits=16;location_bytes=32,634,68,measured,ok,unavailable,rustc,nightly-2021-05-06,Release,JerryZ
1787147200819572137,PPS-GC,sender_signaling,message_encryption,sender,155,false,32,2,recipient_bits=16;location_bytes=32,-1,,not_applicable,not_applicable,unavailable,rustc,nightly-2021-05-06,Release,JerryZ
1787147200820644590,PPS-GC,sender_signaling,pps_gc_sender_total_signaling,sender,155,false,32,2,recipient_bits=16;location_bytes=32,10359,68,measured,ok,unavailable,rustc,nightly-2021-05-06,Release,JerryZ
1787147200821799201,PPS-GC,sender_signaling,pps_gc_share_generation,sender,156,false,32,2,recipient_bits=16;location_bytes=32,9680,68,measured,ok,unavailable,rustc,nightly-2021-05-06,Release,JerryZ
1787147200822881297,PPS-GC,sender_signaling,pps_gc_sender_preparation,sender,156,false,32,2,recipient_bits=16;location_bytes=32,147,68,measured,ok,unavailable,rustc,nightly-2021-05-06,Release,JerryZ
1787147200824358781,PPS-GC,sender_signaling,message_encryption,sender,156,false,32,2,recipient_bits=16;location_bytes=32,-1,,not_applicable,not_applicable,unavailable,rustc,nightly-2021-05-06,Release,JerryZ
1787147200825429673,PPS-GC,sender_signaling,pps_gc_sender_total_signaling,sender,156,false,32,2,recipient_bits=16;location_bytes=32,9891,68,measured,ok,unavailable,rustc,nightly-2021-05-06,Release,JerryZ
1787147200826505368,PPS-GC,sender_signaling,pps_gc_share_generation,sender,157,false,32,2,recipient_bits=16;location_bytes=32,9570,68,measured,ok,unavailable,rustc,nightly-2021-05-06,Release,JerryZ
1787147200827631307,PPS-GC,sender_signaling,pps_gc_sender_preparation,sender,157,false,32,2,recipient_bits=16;location_bytes=32,147,68,measured,ok,unavailable,rustc,nightly-2021-05-06,Release,JerryZ
1787147200829024012,PPS-GC,sender_signaling,message_encryption,sender,157,false,32,2,recipient_bits=16;location_bytes=32,-1,,not_applicable,not_applicable,unavailable,rustc,nightly-2021-05-06,Release,JerryZ
1787147200831334011,PPS-GC,sender_signaling,pps_gc_sender_total_signaling,sender,157,false,32,2,recipient_bits=16;location_bytes=32,18579,68,measured,ok,unavailable,rustc,nightly-2021-05-06,Release,JerryZ
1787147200833025969,PPS-GC,sender_signaling,pps_gc_share_generation,sender,158,false,32,2,recipient_bits=16;location_bytes=32,11498,68,measured,ok,unavailable,rustc,nightly-2021-05-06,Release,JerryZ
1787147200834939417,PPS-GC,sender_signaling,pps_gc_sender_preparation,sender,158,false,32,2,recipient_bits=16;location_bytes=32,918,68,measured,ok,unavailable,rustc,nightly-2021-05-06,Release,JerryZ
1787147200836172241,PPS-GC,sender_signaling,message_encryption,sender,158,false,32,2,recipient_bits=16;location_bytes=32,-1,,not_applicable,not_applicable,unavailable,rustc,nightly-2021-05-06,Release,JerryZ
1787147200837816613,PPS-GC,sender_signaling,pps_gc_sender_total_signaling,sender,158,false,32,2,recipient_bits=16;location_bytes=32,15153,68,measured,ok,unavailable,rustc,nightly-2021-05-06,Release,JerryZ
1787147200839029468,PPS-GC,sender_signaling,pps_gc_share_generation,sender,159,false,32,2,recipient_bits=16;location_bytes=32,9937,68,measured,ok,unavailable,rustc,nightly-2021-05-06,Release,JerryZ
1787147200840101654,PPS-GC,sender_signaling,pps_gc_sender_preparation,sender,159,false,32,2,recipient_bits=16;location_bytes=32,147,68,measured,ok,unavailable,rustc,nightly-2021-05-06,Release,JerryZ
1787147200841794636,PPS-GC,sender_signaling,message_encryption,sender,159,false,32,2,recipient_bits=16;location_bytes=32,-1,,not_applicable,not_applicable,unavailable,rustc,nightly-2021-05-06,Release,JerryZ
1787147200842889360,PPS-GC,sender_signaling,pps_gc_sender_total_signaling,sender,159,false,32,2,recipient_bits=16;location_bytes=32,9689,68,measured,ok,unavailable,rustc,nightly-2021-05-06,Release,JerryZ
1787147200844021030,PPS-GC,sender_signaling,pps_gc_share_generation,sender,160,false,32,2,recipient_bits=16;location_bytes=32,9514,68,measured,ok,unavailable,rustc,nightly-2021-05-06,Release,JerryZ
1787147200845312442,PPS-GC,sender_signaling,pps_gc_sender_preparation,sender,160,false,32,2,recipient_bits=16;location_bytes=32,221,68,measured,ok,unavailable,rustc,nightly-2021-05-06,Release,JerryZ
1787147200846600006,PPS-GC,sender_signaling,message_encryption,sender,160,false,32,2,recipient_bits=16;location_bytes=32,-1,,not_applicable,not_applicable,unavailable,rustc,nightly-2021-05-06,Release,JerryZ
1787147200847814303,PPS-GC,sender_signaling,pps_gc_sender_total_signaling,sender,160,false,32,2,recipient_bits=16;location_bytes=32,23253,68,measured,ok,unavailable,rustc,nightly-2021-05-06,Release,JerryZ
1787147200850009683,PPS-GC,sender_signaling,pps_gc_share_generation,sender,161,false,32,2,recipient_bits=16;location_bytes=32,10378,68,measured,ok,unavailable,rustc,nightly-2021-05-06,Release,JerryZ
1787147200851160106,PPS-GC,sender_signaling,pps_gc_sender_preparation,sender,161,false,32,2,recipient_bits=16;location_bytes=32,597,68,measured,ok,unavailable,rustc,nightly-2021-05-06,Release,JerryZ
1787147200852314570,PPS-GC,sender_signaling,message_encryption,sender,161,false,32,2,recipient_bits=16;location_bytes=32,-1,,not_applicable,not_applicable,unavailable,rustc,nightly-2021-05-06,Release,JerryZ
1787147200853496254,PPS-GC,sender_signaling,pps_gc_sender_total_signaling,sender,161,false,32,2,recipient_bits=16;location_bytes=32,22234,68,measured,ok,unavailable,rustc,nightly-2021-05-06,Release,JerryZ
1787147200854748920,PPS-GC,sender_signaling,pps_gc_share_generation,sender,162,false,32,2,recipient_bits=16;location_bytes=32,9772,68,measured,ok,unavailable,rustc,nightly-2021-05-06,Release,JerryZ
1787147200856231897,PPS-GC,sender_signaling,pps_gc_sender_preparation,sender,162,false,32,2,recipient_bits=16;location_bytes=32,147,68,measured,ok,unavailable,rustc,nightly-2021-05-06,Release,JerryZ
1787147200857327034,PPS-GC,sender_signaling,message_encryption,sender,162,false,32,2,recipient_bits=16;location_bytes=32,-1,,not_applicable,not_applicable,unavailable,rustc,nightly-2021-05-06,Release,JerryZ
1787147200858525488,PPS-GC,sender_signaling,pps_gc_sender_total_signaling,sender,162,false,32,2,recipient_bits=16;location_bytes=32,10010,68,measured,ok,unavailable,rustc,nightly-2021-05-06,Release,JerryZ
1787147200859785124,PPS-GC,sender_signaling,pps_gc_share_generation,sender,163,false,32,2,recipient_bits=16;location_bytes=32,22097,68,measured,ok,unavailable,rustc,nightly-2021-05-06,Release,JerryZ
1787147200861369664,PPS-GC,sender_signaling,pps_gc_sender_preparation,sender,163,false,32,2,recipient_bits=16;location_bytes=32,689,68,measured,ok,unavailable,rustc,nightly-2021-05-06,Release,JerryZ
1787147200862563490,PPS-GC,sender_signaling,message_encryption,sender,163,false,32,2,recipient_bits=16;location_bytes=32,-1,,not_applicable,not_applicable,unavailable,rustc,nightly-2021-05-06,Release,JerryZ
1787147200863775169,PPS-GC,sender_signaling,pps_gc_sender_total_signaling,sender,163,false,32,2,recipient_bits=16;location_bytes=32,10837,68,measured,ok,unavailable,rustc,nightly-2021-05-06,Release,JerryZ
1787147200865094555,PPS-GC,sender_signaling,pps_gc_share_generation,sender,164,false,32,2,recipient_bits=16;location_bytes=32,10001,68,measured,ok,unavailable,rustc,nightly-2021-05-06,Release,JerryZ
1787147200866603531,PPS-GC,sender_signaling,pps_gc_sender_preparation,sender,164,false,32,2,recipient_bits=16;location_bytes=32,147,68,measured,ok,unavailable,rustc,nightly-2021-05-06,Release,JerryZ
1787147200868063603,PPS-GC,sender_signaling,message_encryption,sender,164,false,32,2,recipient_bits=16;location_bytes=32,-1,,not_applicable,not_applicable,unavailable,rustc,nightly-2021-05-06,Release,JerryZ
1787147200869520645,PPS-GC,sender_signaling,pps_gc_sender_total_signaling,sender,164,false,32,2,recipient_bits=16;location_bytes=32,11250,68,measured,ok,unavailable,rustc,nightly-2021-05-06,Release,JerryZ
1787147200871022384,PPS-GC,sender_signaling,pps_gc_share_generation,sender,165,false,32,2,recipient_bits=16;location_bytes=32,10083,68,measured,ok,unavailable,rustc,nightly-2021-05-06,Release,JerryZ
1787147200872178088,PPS-GC,sender_signaling,pps_gc_sender_preparation,sender,165,false,32,2,recipient_bits=16;location_bytes=32,239,68,measured,ok,unavailable,rustc,nightly-2021-05-06,Release,JerryZ
1787147200873378277,PPS-GC,sender_signaling,message_encryption,sender,165,false,32,2,recipient_bits=16;location_bytes=32,-1,,not_applicable,not_applicable,unavailable,rustc,nightly-2021-05-06,Release,JerryZ
1787147200874569908,PPS-GC,sender_signaling,pps_gc_sender_total_signaling,sender,165,false,32,2,recipient_bits=16;location_bytes=32,10157,68,measured,ok,unavailable,rustc,nightly-2021-05-06,Release,JerryZ
1787147200875728808,PPS-GC,sender_signaling,pps_gc_share_generation,sender,166,false,32,2,recipient_bits=16;location_bytes=32,21517,68,measured,ok,unavailable,rustc,nightly-2021-05-06,Release,JerryZ
1787147200877052373,PPS-GC,sender_signaling,pps_gc_sender_preparation,sender,166,false,32,2,recipient_bits=16;location_bytes=32,276,68,measured,ok,unavailable,rustc,nightly-2021-05-06,Release,JerryZ
1787147200878738871,PPS-GC,sender_signaling,message_encryption,sender,166,false,32,2,recipient_bits=16;location_bytes=32,-1,,not_applicable,not_applicable,unavailable,rustc,nightly-2021-05-06,Release,JerryZ
1787147200880231739,PPS-GC,sender_signaling,pps_gc_sender_total_signaling,sender,166,false,32,2,recipient_bits=16;location_bytes=32,11121,68,measured,ok,unavailable,rustc,nightly-2021-05-06,Release,JerryZ
1787147200881392596,PPS-GC,sender_signaling,pps_gc_share_generation,sender,167,false,32,2,recipient_bits=16;location_bytes=32,9643,68,measured,ok,unavailable,rustc,nightly-2021-05-06,Release,JerryZ
1787147200882515991,PPS-GC,sender_signaling,pps_gc_sender_preparation,sender,167,false,32,2,recipient_bits=16;location_bytes=32,147,68,measured,ok,unavailable,rustc,nightly-2021-05-06,Release,JerryZ
1787147200883791139,PPS-GC,sender_signaling,message_encryption,sender,167,false,32,2,recipient_bits=16;location_bytes=32,-1,,not_applicable,not_applicable,unavailable,rustc,nightly-2021-05-06,Release,JerryZ
1787147200885267421,PPS-GC,sender_signaling,pps_gc_sender_total_signaling,sender,167,false,32,2,recipient_bits=16;location_bytes=32,15493,68,measured,ok,unavailable,rustc,nightly-2021-05-06,Release,JerryZ
1787147200886413215,PPS-GC,sender_signaling,pps_gc_share_generation,sender,168,false,32,2,recipient_bits=16;location_bytes=32,9597,68,measured,ok,unavailable,rustc,nightly-2021-05-06,Release,JerryZ
1787147200887495706,PPS-GC,sender_signaling,pps_gc_sender_preparation,sender,168,false,32,2,recipient_bits=16;location_bytes=32,138,68,measured,ok,unavailable,rustc,nightly-2021-05-06,Release,JerryZ
1787147200888535309,PPS-GC,sender_signaling,message_encryption,sender,168,false,32,2,recipient_bits=16;location_bytes=32,-1,,not_applicable,not_applicable,unavailable,rustc,nightly-2021-05-06,Release,JerryZ
1787147200890069733,PPS-GC,sender_signaling,pps_gc_sender_total_signaling,sender,168,false,32,2,recipient_bits=16;location_bytes=32,22601,68,measured,ok,unavailable,rustc,nightly-2021-05-06,Release,JerryZ
1787147200891541266,PPS-GC,sender_signaling,pps_gc_share_generation,sender,169,false,32,2,recipient_bits=16;location_bytes=32,10598,68,measured,ok,unavailable,rustc,nightly-2021-05-06,Release,JerryZ
1787147200892845499,PPS-GC,sender_signaling,pps_gc_sender_preparation,sender,169,false,32,2,recipient_bits=16;location_bytes=32,514,68,measured,ok,unavailable,rustc,nightly-2021-05-06,Release,JerryZ
1787147200894418215,PPS-GC,sender_signaling,message_encryption,sender,169,false,32,2,recipient_bits=16;location_bytes=32,-1,,not_applicable,not_applicable,unavailable,rustc,nightly-2021-05-06,Release,JerryZ
1787147200896359691,PPS-GC,sender_signaling,pps_gc_sender_total_signaling,sender,169,false,32,2,recipient_bits=16;location_bytes=32,11361,68,measured,ok,unavailable,rustc,nightly-2021-05-06,Release,JerryZ
1787147200897417639,PPS-GC,sender_signaling,pps_gc_share_generation,sender,170,false,32,2,recipient_bits=16;location_bytes=32,9680,68,measured,ok,unavailable,rustc,nightly-2021-05-06,Release,JerryZ
1787147200898645572,PPS-GC,sender_signaling,pps_gc_sender_preparation,sender,170,false,32,2,recipient_bits=16;location_bytes=32,156,68,measured,ok,unavailable,rustc,nightly-2021-05-06,Release,JerryZ
1787147200900124664,PPS-GC,sender_signaling,message_encryption,sender,170,false,32,2,recipient_bits=16;location_bytes=32,-1,,not_applicable,not_applicable,unavailable,rustc,nightly-2021-05-06,Release,JerryZ
1787147200901522797,PPS-GC,sender_signaling,pps_gc_sender_total_signaling,sender,170,false,32,2,recipient_bits=16;location_bytes=32,13262,68,measured,ok,unavailable,rustc,nightly-2021-05-06,Release,JerryZ
1787147200902789766,PPS-GC,sender_signaling,pps_gc_share_generation,sender,171,false,32,2,recipient_bits=16;location_bytes=32,9689,68,measured,ok,unavailable,rustc,nightly-2021-05-06,Release,JerryZ
1787147200904047474,PPS-GC,sender_signaling,pps_gc_sender_preparation,sender,171,false,32,2,recipient_bits=16;location_bytes=32,349,68,measured,ok,unavailable,rustc,nightly-2021-05-06,Release,JerryZ
1787147200905427685,PPS-GC,sender_signaling,message_encryption,sender,171,false,32,2,recipient_bits=16;location_bytes=32,-1,,not_applicable,not_applicable,unavailable,rustc,nightly-2021-05-06,Release,JerryZ
1787147200906703980,PPS-GC,sender_signaling,pps_gc_sender_total_signaling,sender,171,false,32,2,recipient_bits=16;location_bytes=32,11131,68,measured,ok,unavailable,rustc,nightly-2021-05-06,Release,JerryZ
1787147200908302268,PPS-GC,sender_signaling,pps_gc_share_generation,sender,172,false,32,2,recipient_bits=16;location_bytes=32,11195,68,measured,ok,unavailable,rustc,nightly-2021-05-06,Release,JerryZ
1787147200909520624,PPS-GC,sender_signaling,pps_gc_sender_preparation,sender,172,false,32,2,recipient_bits=16;location_bytes=32,432,68,measured,ok,unavailable,rustc,nightly-2021-05-06,Release,JerryZ
1787147200910926558,PPS-GC,sender_signaling,message_encryption,sender,172,false,32,2,recipient_bits=16;location_bytes=32,-1,,not_applicable,not_applicable,unavailable,rustc,nightly-2021-05-06,Release,JerryZ
1787147200912269004,PPS-GC,sender_signaling,pps_gc_sender_total_signaling,sender,172,false,32,2,recipient_bits=16;location_bytes=32,10662,68,measured,ok,unavailable,rustc,nightly-2021-05-06,Release,JerryZ
1787147200913528081,PPS-GC,sender_signaling,pps_gc_share_generation,sender,173,false,32,2,recipient_bits=16;location_bytes=32,10048,68,measured,ok,unavailable,rustc,nightly-2021-05-06,Release,JerryZ
1787147200915053697,PPS-GC,sender_signaling,pps_gc_sender_preparation,sender,173,false,32,2,recipient_bits=16;location_bytes=32,505,68,measured,ok,unavailable,rustc,nightly-2021-05-06,Release,JerryZ
1787147200916481057,PPS-GC,sender_signaling,message_encryption,sender,173,false,32,2,recipient_bits=16;location_bytes=32,-1,,not_applicable,not_applicable,unavailable,rustc,nightly-2021-05-06,Release,JerryZ
1787147200917577287,PPS-GC,sender_signaling,pps_gc_sender_total_signaling,sender,173,false,32,2,recipient_bits=16;location_bytes=32,16751,68,measured,ok,unavailable,rustc,nightly-2021-05-06,Release,JerryZ
1787147200918739474,PPS-GC,sender_signaling,pps_gc_share_generation,sender,174,false,32,2,recipient_bits=16;location_bytes=32,9542,68,measured,ok,unavailable,rustc,nightly-2021-05-06,Release,JerryZ
1787147200920029252,PPS-GC,sender_signaling,pps_gc_sender_preparation,sender,174,false,32,2,recipient_bits=16;location_bytes=32,137,68,measured,ok,unavailable,rustc,nightly-2021-05-06,Release,JerryZ
1787147200921315696,PPS-GC,sender_signaling,message_encryption,sender,174,false,32,2,recipient_bits=16;location_bytes=32,-1,,not_applicable,not_applicable,unavailable,rustc,nightly-2021-05-06,Release,JerryZ
1787147200922783740,PPS-GC,sender_signaling,pps_gc_sender_total_signaling,sender,174,false,32,2,recipient_bits=16;location_bytes=32,23722,68,measured,ok,unavailable,rustc,nightly-2021-05-06,Release,JerryZ
1787147200924536041,PPS-GC,sender_signaling,pps_gc_share_generation,sender,175,false,32,2,recipient_bits=16;location_bytes=32,10708,68,measured,ok,unavailable,rustc,nightly-2021-05-06,Release,JerryZ
1787147200925947541,PPS-GC,sender_signaling,pps_gc_sender_preparation,sender,175,false,32,2,recipient_bits=16;location_bytes=32,367,68,measured,ok,unavailable,rustc,nightly-2021-05-06,Release,JerryZ
1787147200927315307,PPS-GC,sender_signaling,message_encryption,sender,175,false,32,2,recipient_bits=16;location_bytes=32,-1,,not_applicable,not_applicable,unavailable,rustc,nightly-2021-05-06,Release,JerryZ
1787147200928682100,PPS-GC,sender_signaling,pps_gc_sender_total_signaling,sender,175,false,32,2,recipient_bits=16;location_bytes=32,10864,68,measured,ok,unavailable,rustc,nightly-2021-05-06,Release,JerryZ
1787147200929793207,PPS-GC,sender_signaling,pps_gc_share_generation,sender,176,false,32,2,recipient_bits=16;location_bytes=32,9551,68,measured,ok,unavailable,rustc,nightly-2021-05-06,Release,JerryZ
1787147200930851866,PPS-GC,sender_signaling,pps_gc_sender_preparation,sender,176,false,32,2,recipient_bits=16;location_bytes=32,146,68,measured,ok,unavailable,rustc,nightly-2021-05-06,Release,JerryZ
1787147200932220560,PPS-GC,sender_signaling,message_encryption,sender,176,false,32,2,recipient_bits=16;location_bytes=32,-1,,not_applicable,not_applicable,unavailable,rustc,nightly-2021-05-06,Release,JerryZ
1787147200933609182,PPS-GC,sender_signaling,pps_gc_sender_total_signaling,sender,176,false,32,2,recipient_bits=16;location_bytes=32,32308,68,measured,ok,unavailable,rustc,nightly-2021-05-06,Release,JerryZ
1787147200935042190,PPS-GC,sender_signaling,pps_gc_share_generation,sender,177,false,32,2,recipient_bits=16;location_bytes=32,10120,68,measured,ok,unavailable,rustc,nightly-2021-05-06,Release,JerryZ
1787147200936439996,PPS-GC,sender_signaling,pps_gc_sender_preparation,sender,177,false,32,2,recipient_bits=16;location_bytes=32,662,68,measured,ok,unavailable,rustc,nightly-2021-05-06,Release,JerryZ
1787147200938006623,PPS-GC,sender_signaling,message_encryption,sender,177,false,32,2,recipient_bits=16;location_bytes=32,-1,,not_applicable,not_applicable,unavailable,rustc,nightly-2021-05-06,Release,JerryZ
1787147200940028563,PPS-GC,sender_signaling,pps_gc_sender_total_signaling,sender,177,false,32,2,recipient_bits=16;location_bytes=32,12940,68,measured,ok,unavailable,rustc,nightly-2021-05-06,Release,JerryZ
1787147200941619036,PPS-GC,sender_signaling,pps_gc_share_generation,sender,178,false,32,2,recipient_bits=16;location_bytes=32,35257,68,measured,ok,unavailable,rustc,nightly-2021-05-06,Release,JerryZ
1787147200942849890,PPS-GC,sender_signaling,pps_gc_sender_preparation,sender,178,false,32,2,recipient_bits=16;location_bytes=32,854,68,measured,ok,unavailable,rustc,nightly-2021-05-06,Release,JerryZ
1787147200944033825,PPS-GC,sender_signaling,message_encryption,sender,178,false,32,2,recipient_bits=16;location_bytes=32,-1,,not_applicable,not_applicable,unavailable,rustc,nightly-2021-05-06,Release,JerryZ
1787147200945431466,PPS-GC,sender_signaling,pps_gc_sender_total_signaling,sender,178,false,32,2,recipient_bits=16;location_bytes=32,9946,68,measured,ok,unavailable,rustc,nightly-2021-05-06,Release,JerryZ
1787147200946534547,PPS-GC,sender_signaling,pps_gc_share_generation,sender,179,false,32,2,recipient_bits=16;location_bytes=32,9579,68,measured,ok,unavailable,rustc,nightly-2021-05-06,Release,JerryZ
1787147200947720364,PPS-GC,sender_signaling,pps_gc_sender_preparation,sender,179,false,32,2,recipient_bits=16;location_bytes=32,147,68,measured,ok,unavailable,rustc,nightly-2021-05-06,Release,JerryZ
1787147200948967759,PPS-GC,sender_signaling,message_encryption,sender,179,false,32,2,recipient_bits=16;location_bytes=32,-1,,not_applicable,not_applicable,unavailable,rustc,nightly-2021-05-06,Release,JerryZ
1787147200950443370,PPS-GC,sender_signaling,pps_gc_sender_total_signaling,sender,179,false,32,2,recipient_bits=16;location_bytes=32,10212,68,measured,ok,unavailable,rustc,nightly-2021-05-06,Release,JerryZ
1787147200951711088,PPS-GC,sender_signaling,pps_gc_share_generation,sender,180,false,32,2,recipient_bits=16;location_bytes=32,9918,68,measured,ok,unavailable,rustc,nightly-2021-05-06,Release,JerryZ
1787147200952817401,PPS-GC,sender_signaling,pps_gc_sender_preparation,sender,180,false,32,2,recipient_bits=16;location_bytes=32,138,68,measured,ok,unavailable,rustc,nightly-2021-05-06,Release,JerryZ
1787147200954363664,PPS-GC,sender_signaling,message_encryption,sender,180,false,32,2,recipient_bits=16;location_bytes=32,-1,,not_applicable,not_applicable,unavailable,rustc,nightly-2021-05-06,Release,JerryZ
1787147200955646599,PPS-GC,sender_signaling,pps_gc_sender_total_signaling,sender,180,false,32,2,recipient_bits=16;location_bytes=32,14198,68,measured,ok,unavailable,rustc,nightly-2021-05-06,Release,JerryZ
1787147200956940436,PPS-GC,sender_signaling,pps_gc_share_generation,sender,181,false,32,2,recipient_bits=16;location_bytes=32,9946,68,measured,ok,unavailable,rustc,nightly-2021-05-06,Release,JerryZ
1787147200958045895,PPS-GC,sender_signaling,pps_gc_sender_preparation,sender,181,false,32,2,recipient_bits=16;location_bytes=32,367,68,measured,ok,unavailable,rustc,nightly-2021-05-06,Release,JerryZ
1787147200959207862,PPS-GC,sender_signaling,message_encryption,sender,181,false,32,2,recipient_bits=16;location_bytes=32,-1,,not_applicable,not_applicable,unavailable,rustc,nightly-2021-05-06,Release,JerryZ
1787147200960296497,PPS-GC,sender_signaling,pps_gc_sender_total_signaling,sender,181,false,32,2,recipient_bits=16;location_bytes=32,10341,68,measured,ok,unavailable,rustc,nightly-2021-05-06,Release,JerryZ
1787147200961754926,PPS-GC,sender_signaling,pps_gc_share_generation,sender,182,false,32,2,recipient_bits=16;location_bytes=32,9827,68,measured,ok,unavailable,rustc,nightly-2021-05-06,Release,JerryZ
1787147200962934581,PPS-GC,sender_signaling,pps_gc_sender_preparation,sender,182,false,32,2,recipient_bits=16;location_bytes=32,147,68,measured,ok,unavailable,rustc,nightly-2021-05-06,Release,JerryZ
1787147200964104584,PPS-GC,sender_signaling,message_encryption,sender,182,false,32,2,recipient_bits=16;location_bytes=32,-1,,not_applicable,not_applicable,unavailable,rustc,nightly-2021-05-06,Release,JerryZ
1787147200965250562,PPS-GC,sender_signaling,pps_gc_sender_total_signaling,sender,182,false,32,2,recipient_bits=16;location_bytes=32,22307,68,measured,ok,unavailable,rustc,nightly-2021-05-06,Release,JerryZ
1787147200966582373,PPS-GC,sender_signaling,pps_gc_share_generation,sender,183,false,32,2,recipient_bits=16;location_bytes=32,9790,68,measured,ok,unavailable,rustc,nightly-2021-05-06,Release,JerryZ
1787147200968069106,PPS-GC,sender_signaling,pps_gc_sender_preparation,sender,183,false,32,2,recipient_bits=16;location_bytes=32,147,68,measured,ok,unavailable,rustc,nightly-2021-05-06,Release,JerryZ
1787147200969372476,PPS-GC,sender_signaling,message_encryption,sender,183,false,32,2,recipient_bits=16;location_bytes=32,-1,,not_applicable,not_applicable,unavailable,rustc,nightly-2021-05-06,Release,JerryZ
1787147200970862901,PPS-GC,sender_signaling,pps_gc_sender_total_signaling,sender,183,false,32,2,recipient_bits=16;location_bytes=32,13335,68,measured,ok,unavailable,rustc,nightly-2021-05-06,Release,JerryZ
1787147200972258807,PPS-GC,sender_signaling,pps_gc_share_generation,sender,184,false,32,2,recipient_bits=16;location_bytes=32,11994,68,measured,ok,unavailable,rustc,nightly-2021-05-06,Release,JerryZ
1787147200973746606,PPS-GC,sender_signaling,pps_gc_sender_preparation,sender,184,false,32,2,recipient_bits=16;location_bytes=32,441,68,measured,ok,unavailable,rustc,nightly-2021-05-06,Release,JerryZ
1787147200975007895,PPS-GC,sender_signaling,message_encryption,sender,184,false,32,2,recipient_bits=16;location_bytes=32,-1,,not_applicable,not_applicable,unavailable,rustc,nightly-2021-05-06,Release,JerryZ
1787147200976144065,PPS-GC,sender_signaling,pps_gc_sender_total_signaling,sender,184,false,32,2,recipient_bits=16;location_bytes=32,10415,68,measured,ok,unavailable,rustc,nightly-2021-05-06,Release,JerryZ
1787147200977533129,PPS-GC,sender_signaling,pps_gc_share_generation,sender,185,false,32,2,recipient_bits=16;location_bytes=32,9680,68,measured,ok,unavailable,rustc,nightly-2021-05-06,Release,JerryZ
1787147200978668187,PPS-GC,sender_signaling,pps_gc_sender_preparation,sender,185,false,32,2,recipient_bits=16;location_bytes=32,147,68,measured,ok,unavailable,rustc,nightly-2021-05-06,Release,JerryZ
1787147200979853481,PPS-GC,sender_signaling,message_encryption,sender,185,false,32,2,recipient_bits=16;location_bytes=32,-1,,not_applicable,not_applicable,unavailable,rustc,nightly-2021-05-06,Release,JerryZ
1787147200981159009,PPS-GC,sender_signaling,pps_gc_sender_total_signaling,sender,185,false,32,2,recipient_bits=16;location_bytes=32,10038,68,measured,ok,unavailable,rustc,nightly-2021-05-06,Release,JerryZ
1787147200982338205,PPS-GC,sender_signaling,pps_gc_share_generation,sender,186,false,32,2,recipient_bits=16;location_bytes=32,9891,68,measured,ok,unavailable,rustc,nightly-2021-05-06,Release,JerryZ
1787147200983436280,PPS-GC,sender_signaling,pps_gc_sender_preparation,sender,186,false,32,2,recipient_bits=16;location_bytes=32,211,68,measured,ok,unavailable,rustc,nightly-2021-05-06,Release,JerryZ
1787147200985015384,PPS-GC,sender_signaling,message_encryption,sender,186,false,32,2,recipient_bits=16;location_bytes=32,-1,,not_applicable,not_applicable,unavailable,rustc,nightly-2021-05-06,Release,JerryZ
1787147200986174899,PPS-GC,sender_signaling,pps_gc_sender_total_signaling,sender,186,false,32,2,recipient_bits=16;location_bytes=32,10451,68,measured,ok,unavailable,rustc,nightly-2021-05-06,Release,JerryZ
1787147200987279137,PPS-GC,sender_signaling,pps_gc_share_generation,sender,187,false,32,2,recipient_bits=16;location_bytes=32,9726,68,measured,ok,unavailable,rustc,nightly-2021-05-06,Release,JerryZ
1787147200988366522,PPS-GC,sender_signaling,pps_gc_sender_preparation,sender,187,false,32,2,recipient_bits=16;location_bytes=32,212,68,measured,ok,unavailable,rustc,nightly-2021-05-06,Release,JerryZ
1787147200989528807,PPS-GC,sender_signaling,message_encryption,sender,187,false,32,2,recipient_bits=16;location_bytes=32,-1,,not_applicable,not_applicable,unavailable,rustc,nightly-2021-05-06,Release,JerryZ
1787147200991000556,PPS-GC,sender_signaling,pps_gc_sender_total_signaling,sender,187,false,32,2,recipient_bits=16;location_bytes=32,10029,68,measured,ok,unavailable,rustc,nightly-2021-05-06,Release,JerryZ
1787147200992142374,PPS-GC,sender_signaling,pps_gc_share_generation,sender,188,false,32,2,recipient_bits=16;location_bytes=32,21472,68,measured,ok,unavailable,rustc,nightly-2021-05-06,Release,JerryZ
1787147200993324013,PPS-GC,sender_signaling,pps_gc_sender_preparation,sender,188,false,32,2,recipient_bits=16;location_bytes=32,284,68,measured,ok,unavailable,rustc,nightly-2021-05-06,Release,JerryZ
1787147200994440446,PPS-GC,sender_signaling,message_encryption,sender,188,false,32,2,recipient_bits=16;location_bytes=32,-1,,not_applicable,not_applicable,unavailable,rustc,nightly-2021-05-06,Release,JerryZ
1787147200995968442,PPS-GC,sender_signaling,pps_gc_sender_total_signaling,sender,188,false,32,2,recipient_bits=16;location_bytes=32,10295,68,measured,ok,unavailable,rustc,nightly-2021-05-06,Release,JerryZ
1787147200997422600,PPS-GC,sender_signaling,pps_gc_share_generation,sender,189,false,32,2,recipient_bits=16;location_bytes=32,14721,68,measured,ok,unavailable,rustc,nightly-2021-05-06,Release,JerryZ
1787147200998960036,PPS-GC,sender_signaling,pps_gc_sender_preparation,sender,189,false,32,2,recipient_bits=16;location_bytes=32,1268,68,measured,ok,unavailable,rustc,nightly-2021-05-06,Release,JerryZ
1787147201000261743,PPS-GC,sender_signaling,message_encryption,sender,189,false,32,2,recipient_bits=16;location_bytes=32,-1,,not_applicable,not_applicable,unavailable,rustc,nightly-2021-05-06,Release,JerryZ
1787147201002414603,PPS-GC,sender_signaling,pps_gc_sender_total_signaling,sender,189,false,32,2,recipient_bits=16;location_bytes=32,25632,68,measured,ok,unavailable,rustc,nightly-2021-05-06,Release,JerryZ
1787147201003900793,PPS-GC,sender_signaling,pps_gc_share_generation,sender,190,false,32,2,recipient_bits=16;location_bytes=32,10360,68,measured,ok,unavailable,rustc,nightly-2021-05-06,Release,JerryZ
1787147201005175693,PPS-GC,sender_signaling,pps_gc_sender_preparation,sender,190,false,32,2,recipient_bits=16;location_bytes=32,689,68,measured,ok,unavailable,rustc,nightly-2021-05-06,Release,JerryZ
1787147201006855120,PPS-GC,sender_signaling,message_encryption,sender,190,false,32,2,recipient_bits=16;location_bytes=32,-1,,not_applicable,not_applicable,unavailable,rustc,nightly-2021-05-06,Release,JerryZ
1787147201008009134,PPS-GC,sender_signaling,pps_gc_sender_total_signaling,sender,190,false,32,2,recipient_bits=16;location_bytes=32,10387,68,measured,ok,unavailable,rustc,nightly-2021-05-06,Release,JerryZ
1787147201009080843,PPS-GC,sender_signaling,pps_gc_share_generation,sender,191,false,32,2,recipient_bits=16;location_bytes=32,9616,68,measured,ok,unavailable,rustc,nightly-2021-05-06,Release,JerryZ
1787147201010463918,PPS-GC,sender_signaling,pps_gc_sender_preparation,sender,191,false,32,2,recipient_bits=16;location_bytes=32,147,68,measured,ok,unavailable,rustc,nightly-2021-05-06,Release,JerryZ
1787147201011525222,PPS-GC,sender_signaling,message_encryption,sender,191,false,32,2,recipient_bits=16;location_bytes=32,-1,,not_applicable,not_applicable,unavailable,rustc,nightly-2021-05-06,Release,JerryZ
1787147201012694596,PPS-GC,sender_signaling,pps_gc_sender_total_signaling,sender,191,false,32,2,recipient_bits=16;location_bytes=32,10901,68,measured,ok,unavailable,rustc,nightly-2021-05-06,Release,JerryZ
1787147201014272602,PPS-GC,sender_signaling,pps_gc_share_generation,sender,192,false,32,2,recipient_bits=16;location_bytes=32,10157,68,measured,ok,unavailable,rustc,nightly-2021-05-06,Release,JerryZ
1787147201015391948,PPS-GC,sender_signaling,pps_gc_sender_preparation,sender,192,false,32,2,recipient_bits=16;location_bytes=32,395,68,measured,ok,unavailable,rustc,nightly-2021-05-06,Release,JerryZ
1787147201016448330,PPS-GC,sender_signaling,message_encryption,sender,192,false,32,2,recipient_bits=16;location_bytes=32,-1,,not_applicable,not_applicable,unavailable,rustc,nightly-2021-05-06,Release,JerryZ
1787147201017671424,PPS-GC,sender_signaling,pps_gc_sender_total_signaling,sender,192,false,32,2,recipient_bits=16;location_bytes=32,21756,68,measured,ok,unavailable,rustc,nightly-2021-05-06,Release,JerryZ
1787147201018871036,PPS-GC,sender_signaling,pps_gc_share_generation,sender,193,false,32,2,recipient_bits=16;location_bytes=32,9606,68,measured,ok,unavailable,rustc,nightly-2021-05-06,Release,JerryZ
1787147201020368367,PPS-GC,sender_signaling,pps_gc_sender_preparation,sender,193,false,32,2,recipient_bits=16;location_bytes=32,147,68,measured,ok,unavailable,rustc,nightly-2021-05-06,Release,JerryZ
1787147201021793008,PPS-GC,sender_signaling,message_encryption,sender,193,false,32,2,recipient_bits=16;location_bytes=32,-1,,not_applicable,not_applicable,unavailable,rustc,nightly-2021-05-06,Release,JerryZ
1787147201023126032,PPS-GC,sender_signaling,pps_gc_sender_total_signaling,sender,193,false,32,2,recipient_bits=16;location_bytes=32,10653,68,measured,ok,unavailable,rustc,nightly-2021-05-06,Release,JerryZ
1787147201024266316,PPS-GC,sender_signaling,pps_gc_share_generation,sender,194,false,32,2,recipient_bits=16;location_bytes=32,9909,68,measured,ok,unavailable,rustc,nightly-2021-05-06,Release,JerryZ
1787147201025683565,PPS-GC,sender_signaling,pps_gc_sender_preparation,sender,194,false,32,2,recipient_bits=16;location_bytes=32,284,68,measured,ok,unavailable,rustc,nightly-2021-05-06,Release,JerryZ
1787147201026879190,PPS-GC,sender_signaling,message_encryption,sender,194,false,32,2,recipient_bits=16;location_bytes=32,-1,,not_applicable,not_applicable,unavailable,rustc,nightly-2021-05-06,Release,JerryZ
1787147201028098978,PPS-GC,sender_signaling,pps_gc_sender_total_signaling,sender,194,false,32,2,recipient_bits=16;location_bytes=32,22188,68,measured,ok,unavailable,rustc,nightly-2021-05-06,Release,JerryZ
1787147201029944980,PPS-GC,sender_signaling,pps_gc_share_generation,sender,195,false,32,2,recipient_bits=16;location_bytes=32,22675,68,measured,ok,unavailable,rustc,nightly-2021-05-06,Release,JerryZ
1787147201031398422,PPS-GC,sender_signaling,pps_gc_sender_preparation,sender,195,false,32,2,recipient_bits=16;location_bytes=32,505,68,measured,ok,unavailable,rustc,nightly-2021-05-06,Release,JerryZ
1787147201032838528,PPS-GC,sender_signaling,message_encryption,sender,195,false,32,2,recipient_bits=16;location_bytes=32,-1,,not_applicable,not_applicable,unavailable,rustc,nightly-2021-05-06,Release,JerryZ
1787147201034193483,PPS-GC,sender_signaling,pps_gc_sender_total_signaling,sender,195,false,32,2,recipient_bits=16;location_bytes=32,11810,68,measured,ok,unavailable,rustc,nightly-2021-05-06,Release,JerryZ
1787147201035401994,PPS-GC,sender_signaling,pps_gc_share_generation,sender,196,false,32,2,recipient_bits=16;location_bytes=32,9946,68,measured,ok,unavailable,rustc,nightly-2021-05-06,Release,JerryZ
1787147201036545694,PPS-GC,sender_signaling,pps_gc_sender_preparation,sender,196,false,32,2,recipient_bits=16;location_bytes=32,486,68,measured,ok,unavailable,rustc,nightly-2021-05-06,Release,JerryZ
1787147201038103978,PPS-GC,sender_signaling,message_encryption,sender,196,false,32,2,recipient_bits=16;location_bytes=32,-1,,not_applicable,not_applicable,unavailable,rustc,nightly-2021-05-06,Release,JerryZ
1787147201039457454,PPS-GC,sender_signaling,pps_gc_sender_total_signaling,sender,196,false,32,2,recipient_bits=16;location_bytes=32,11094,68,measured,ok,unavailable,rustc,nightly-2021-05-06,Release,JerryZ
1787147201040675185,PPS-GC,sender_signaling,pps_gc_share_generation,sender,197,false,32,2,recipient_bits=16;location_bytes=32,9726,68,measured,ok,unavailable,rustc,nightly-2021-05-06,Release,JerryZ
1787147201041862251,PPS-GC,sender_signaling,pps_gc_sender_preparation,sender,197,false,32,2,recipient_bits=16;location_bytes=32,303,68,measured,ok,unavailable,rustc,nightly-2021-05-06,Release,JerryZ
1787147201043075473,PPS-GC,sender_signaling,message_encryption,sender,197,false,32,2,recipient_bits=16;location_bytes=32,-1,,not_applicable,not_applicable,unavailable,rustc,nightly-2021-05-06,Release,JerryZ
1787147201044685489,PPS-GC,sender_signaling,pps_gc_sender_total_signaling,sender,197,false,32,2,recipient_bits=16;location_bytes=32,12389,68,measured,ok,unavailable,rustc,nightly-2021-05-06,Release,JerryZ
1787147201046056672,PPS-GC,sender_signaling,pps_gc_share_generation,sender,198,false,32,2,recipient_bits=16;location_bytes=32,10369,68,measured,ok,unavailable,rustc,nightly-2021-05-06,Release,JerryZ
1787147201047380355,PPS-GC,sender_signaling,pps_gc_sender_preparation,sender,198,false,32,2,recipient_bits=16;location_bytes=32,377,68,measured,ok,unavailable,rustc,nightly-2021-05-06,Release,JerryZ
1787147201048661307,PPS-GC,sender_signaling,message_encryption,sender,198,false,32,2,recipient_bits=16;location_bytes=32,-1,,not_applicable,not_applicable,unavailable,rustc,nightly-2021-05-06,Release,JerryZ
1787147201050089062,PPS-GC,sender_signaling,pps_gc_sender_total_signaling,sender,198,false,32,2,recipient_bits=16;location_bytes=32,10323,68,measured,ok,unavailable,rustc,nightly-2021-05-06,Release,JerryZ
1787147201051382201,PPS-GC,sender_signaling,pps_gc_share_generation,sender,199,false,32,2,recipient_bits=16;location_bytes=32,9762,68,measured,ok,unavailable,rustc,nightly-2021-05-06,Release,JerryZ
1787147201052644877,PPS-GC,sender_signaling,pps_gc_sender_preparation,sender,199,false,32,2,recipient_bits=16;location_bytes=32,368,68,measured,ok,unavailable,rustc,nightly-2021-05-06,Release,JerryZ
1787147201054104399,PPS-GC,sender_signaling,message_encryption,sender,199,false,32,2,recipient_bits=16;location_bytes=32,-1,,not_applicable,not_applicable,unavailable,rustc,nightly-2021-05-06,Release,JerryZ
1787147201055737814,PPS-GC,sender_signaling,pps_gc_sender_total_signaling,sender,199,false,32,2,recipient_bits=16;location_bytes=32,11103,68,measured,ok,unavailable,rustc,nightly-2021-05-06,Release,JerryZ
1787147201056962112,PPS-GC,sender_signaling,pps_gc_share_generation,sender,200,false,32,2,recipient_bits=16;location_bytes=32,9661,68,measured,ok,unavailable,rustc,nightly-2021-05-06,Release,JerryZ
1787147201058134833,PPS-GC,sender_signaling,pps_gc_sender_preparation,sender,200,false,32,2,recipient_bits=16;location_bytes=32,138,68,measured,ok,unavailable,rustc,nightly-2021-05-06,Release,JerryZ
1787147201059574932,PPS-GC,sender_signaling,message_encryption,sender,200,false,32,2,recipient_bits=16;location_bytes=32,-1,,not_applicable,not_applicable,unavailable,rustc,nightly-2021-05-06,Release,JerryZ
1787147201060969735,PPS-GC,sender_signaling,pps_gc_sender_total_signaling,sender,200,false,32,2,recipient_bits=16;location_bytes=32,24327,68,measured,ok,unavailable,rustc,nightly-2021-05-06,Release,JerryZ
1787147201062264160,PPS-GC,sender_signaling,pps_gc_share_generation,sender,201,false,32,2,recipient_bits=16;location_bytes=32,9753,68,measured,ok,unavailable,rustc,nightly-2021-05-06,Release,JerryZ
1787147201063479338,PPS-GC,sender_signaling,pps_gc_sender_preparation,sender,201,false,32,2,recipient_bits=16;location_bytes=32,129,68,measured,ok,unavailable,rustc,nightly-2021-05-06,Release,JerryZ
1787147201064698410,PPS-GC,sender_signaling,message_encryption,sender,201,false,32,2,recipient_bits=16;location_bytes=32,-1,,not_applicable,not_applicable,unavailable,rustc,nightly-2021-05-06,Release,JerryZ
1787147201065849596,PPS-GC,sender_signaling,pps_gc_sender_total_signaling,sender,201,false,32,2,recipient_bits=16;location_bytes=32,10506,68,measured,ok,unavailable,rustc,nightly-2021-05-06,Release,JerryZ
1787147201067429323,PPS-GC,sender_signaling,pps_gc_share_generation,sender,202,false,32,2,recipient_bits=16;location_bytes=32,12462,68,measured,ok,unavailable,rustc,nightly-2021-05-06,Release,JerryZ
1787147201068635409,PPS-GC,sender_signaling,pps_gc_sender_preparation,sender,202,false,32,2,recipient_bits=16;location_bytes=32,588,68,measured,ok,unavailable,rustc,nightly-2021-05-06,Release,JerryZ
1787147201069944583,PPS-GC,sender_signaling,message_encryption,sender,202,false,32,2,recipient_bits=16;location_bytes=32,-1,,not_applicable,not_applicable,unavailable,rustc,nightly-2021-05-06,Release,JerryZ
1787147201071325344,PPS-GC,sender_signaling,pps_gc_sender_total_signaling,sender,202,false,32,2,recipient_bits=16;location_bytes=32,10718,68,measured,ok,unavailable,rustc,nightly-2021-05-06,Release,JerryZ
1787147201072451044,PPS-GC,sender_signaling,pps_gc_share_generation,sender,203,false,32,2,recipient_bits=16;location_bytes=32,9679,68,measured,ok,unavailable,rustc,nightly-2021-05-06,Release,JerryZ
1787147201074016188,PPS-GC,sender_signaling,pps_gc_sender_preparation,sender,203,false,32,2,recipient_bits=16;location_bytes=32,275,68,measured,ok,unavailable,rustc,nightly-2021-05-06,Release,JerryZ
1787147201075239889,PPS-GC,sender_signaling,message_encryption,sender,203,false,32,2,recipient_bits=16;location_bytes=32,-1,,not_applicable,not_applicable,unavailable,rustc,nightly-2021-05-06,Release,JerryZ
1787147201076499764,PPS-GC,sender_signaling,pps_gc_sender_total_signaling,sender,203,false,32,2,recipient_bits=16;location_bytes=32,11406,68,measured,ok,unavailable,rustc,nightly-2021-05-06,Release,JerryZ
1787147201077827434,PPS-GC,sender_signaling,pps_gc_share_generation,sender,204,false,32,2,recipient_bits=16;location_bytes=32,10424,68,measured,ok,unavailable,rustc,nightly-2021-05-06,Release,JerryZ
1787147201079327198,PPS-GC,sender_signaling,pps_gc_sender_preparation,sender,204,false,32,2,recipient_bits=16;location_bytes=32,230,68,measured,ok,unavailable,rustc,nightly-2021-05-06,Release,JerryZ
1787147201080514558,PPS-GC,sender_signaling,message_encryption,sender,204,false,32,2,recipient_bits=16;location_bytes=32,-1,,not_applicable,not_applicable,unavailable,rustc,nightly-2021-05-06,Release,JerryZ
1787147201081770374,PPS-GC,sender_signaling,pps_gc_sender_total_signaling,sender,204,false,32,2,recipient_bits=16;location_bytes=32,10726,68,measured,ok,unavailable,rustc,nightly-2021-05-06,Release,JerryZ
1787147201082971483,PPS-GC,sender_signaling,pps_gc_share_generation,sender,205,false,32,2,recipient_bits=16;location_bytes=32,10029,68,measured,ok,unavailable,rustc,nightly-2021-05-06,Release,JerryZ
1787147201084429085,PPS-GC,sender_signaling,pps_gc_sender_preparation,sender,205,false,32,2,recipient_bits=16;location_bytes=32,799,68,measured,ok,unavailable,rustc,nightly-2021-05-06,Release,JerryZ
1787147201085556750,PPS-GC,sender_signaling,message_encryption,sender,205,false,32,2,recipient_bits=16;location_bytes=32,-1,,not_applicable,not_applicable,unavailable,rustc,nightly-2021-05-06,Release,JerryZ
1787147201086700892,PPS-GC,sender_signaling,pps_gc_sender_total_signaling,sender,205,false,32,2,recipient_bits=16;location_bytes=32,10286,68,measured,ok,unavailable,rustc,nightly-2021-05-06,Release,JerryZ
1787147201087782997,PPS-GC,sender_signaling,pps_gc_share_generation,sender,206,false,32,2,recipient_bits=16;location_bytes=32,9487,68,measured,ok,unavailable,rustc,nightly-2021-05-06,Release,JerryZ
1787147201089503429,PPS-GC,sender_signaling,pps_gc_sender_preparation,sender,206,false,32,2,recipient_bits=16;location_bytes=32,138,68,measured,ok,unavailable,rustc,nightly-2021-05-06,Release,JerryZ
1787147201090930045,PPS-GC,sender_signaling,message_encryption,sender,206,false,32,2,recipient_bits=16;location_bytes=32,-1,,not_applicable,not_applicable,unavailable,rustc,nightly-2021-05-06,Release,JerryZ
1787147201092197157,PPS-GC,sender_signaling,pps_gc_sender_total_signaling,sender,206,false,32,2,recipient_bits=16;location_bytes=32,11094,68,measured,ok,unavailable,rustc,nightly-2021-05-06,Release,JerryZ
1787147201093647724,PPS-GC,sender_signaling,pps_gc_share_generation,sender,207,false,32,2,recipient_bits=16;location_bytes=32,22087,68,measured,ok,unavailable,rustc,nightly-2021-05-06,Release,JerryZ
1787147201095191020,PPS-GC,sender_signaling,pps_gc_sender_preparation,sender,207,false,32,2,recipient_bits=16;location_bytes=32,505,68,measured,ok,unavailable,rustc,nightly-2021-05-06,Release,JerryZ
1787147201096386957,PPS-GC,sender_signaling,message_encryption,sender,207,false,32,2,recipient_bits=16;location_bytes=32,-1,,not_applicable,not_applicable,unavailable,rustc,nightly-2021-05-06,Release,JerryZ
1787147201097906109,PPS-GC,sender_signaling,pps_gc_sender_total_signaling,sender,207,false,32,2,recipient_bits=16;location_bytes=32,10919,68,measured,ok,unavailable,rustc,nightly-2021-05-06,Release,JerryZ
1787147201099145679,PPS-GC,sender_signaling,pps_gc_share_generation,sender,208,false,32,2,recipient_bits=16;location_bytes=32,9790,68,measured,ok,unavailable,rustc,nightly-2021-05-06,Release,JerryZ
1787147201100250055,PPS-GC,sender_signaling,pps_gc_sender_preparation,sender,208,false,32,2,recipient_bits=16;location_bytes=32,275,68,measured,ok,unavailable,rustc,nightly-2021-05-06,Release,JerryZ
1787147201101328394,PPS-GC,sender_signaling,message_encryption,sender,208,false,32,2,recipient_bits=16;location_bytes=32,-1,,not_applicable,not_applicable,unavailable,rustc,nightly-2021-05-06,Release,JerryZ
1787147201102534278,PPS-GC,sender_signaling,pps_gc_sender_total_signaling,sender,208,false,32,2,recipient_bits=16;location_bytes=32,10020,68,measured,ok,unavailable,rustc,nightly-2021-05-06,Release,JerryZ
1787147201104125127,PPS-GC,sender_signaling,pps_gc_share_generation,sender,209,false,32,2,recipient_bits=16;location_bytes=32,21857,68,measured,ok,unavailable,rustc,nightly-2021-05-06,Release,JerryZ
1787147201105599251,PPS-GC,sender_signaling,pps_gc_sender_preparation,sender,209,false,32,2,recipient_bits=16;location_bytes=32,432,68,measured,ok,unavailable,rustc,nightly-2021-05-06,Release,JerryZ
1787147201106961030,PPS-GC,sender_signaling,message_encryption,sender,209,false,32,2,recipient_bits=16;location_bytes=32,-1,,not_applicable,not_applicable,unavailable,rustc,nightly-2021-05-06,Release,JerryZ
1787147201108223441,PPS-GC,sender_signaling,pps_gc_sender_total_signaling,sender,209,false,32,2,recipient_bits=16;location_bytes=32,11525,68,measured,ok,unavailable,rustc,nightly-2021-05-06,Release,JerryZ
1787147201109828598,PPS-GC,sender_signaling,pps_gc_share_generation,sender,210,false,32,2,recipient_bits=16;location_bytes=32,10497,68,measured,ok,unavailable,rustc,nightly-2021-05-06,Release,JerryZ
1787147201110995672,PPS-GC,sender_signaling,pps_gc_sender_preparation,sender,210,false,32,2,recipient_bits=16;location_bytes=32,423,68,measured,ok,unavailable,rustc,nightly-2021-05-06,Release,JerryZ
1787147201112303670,PPS-GC,sender_signaling,message_encryption,sender,210,false,32,2,recipient_bits=16;location_bytes=32,-1,,not_applicable,not_applicable,unavailable,rustc,nightly-2021-05-06,Release,JerryZ
1787147201113826440,PPS-GC,sender_signaling,pps_gc_sender_total_signaling,sender,210,false,32,2,recipient_bits=16;location_bytes=32,10736,68,measured,ok,unavailable,rustc,nightly-2021-05-06,Release,JerryZ
1787147201115024619,PPS-GC,sender_signaling,pps_gc_share_generation,sender,211,false,32,2,recipient_bits=16;location_bytes=32,21573,68,measured,ok,unavailable,rustc,nightly-2021-05-06,Release,JerryZ
1787147201116329109,PPS-GC,sender_signaling,pps_gc_sender_preparation,sender,211,false,32,2,recipient_bits=16;location_bytes=32,340,68,measured,ok,unavailable,rustc,nightly-2021-05-06,Release,JerryZ
1787147201117458896,PPS-GC,sender_signaling,message_encryption,sender,211,false,32,2,recipient_bits=16;location_bytes=32,-1,,not_applicable,not_applicable,unavailable,rustc,nightly-2021-05-06,Release,JerryZ
1787147201118560489,PPS-GC,sender_signaling,pps_gc_sender_total_signaling,sender,211,false,32,2,recipient_bits=16;location_bytes=32,9937,68,measured,ok,unavailable,rustc,nightly-2021-05-06,Release,JerryZ
1787147201119944290,PPS-GC,sender_signaling,pps_gc_share_generation,sender,212,false,32,2,recipient_bits=16;location_bytes=32,21692,68,measured,ok,unavailable,rustc,nightly-2021-05-06,Release,JerryZ
1787147201121534340,PPS-GC,sender_signaling,pps_gc_sender_preparation,sender,212,false,32,2,recipient_bits=16;location_bytes=32,478,68,measured,ok,unavailable,rustc,nightly-2021-05-06,Release,JerryZ
1787147201122812721,PPS-GC,sender_signaling,message_encryption,sender,212,false,32,2,recipient_bits=16;location_bytes=32,-1,,not_applicable,not_applicable,unavailable,rustc,nightly-2021-05-06,Release,JerryZ
1787147201124343503,PPS-GC,sender_signaling,pps_gc_sender_total_signaling,sender,212,false,32,2,recipient_bits=16;location_bytes=32,16292,68,measured,ok,unavailable,rustc,nightly-2021-05-06,Release,JerryZ
1787147201126203937,PPS-GC,sender_signaling,pps_gc_share_generation,sender,213,false,32,2,recipient_bits=16;location_bytes=32,10570,68,measured,ok,unavailable,rustc,nightly-2021-05-06,Release,JerryZ
1787147201127566368,PPS-GC,sender_signaling,pps_gc_sender_preparation,sender,213,false,32,2,recipient_bits=16;location_bytes=32,607,68,measured,ok,unavailable,rustc,nightly-2021-05-06,Release,JerryZ
1787147201129062009,PPS-GC,sender_signaling,message_encryption,sender,213,false,32,2,recipient_bits=16;location_bytes=32,-1,,not_applicable,not_applicable,unavailable,rustc,nightly-2021-05-06,Release,JerryZ
1787147201130248891,PPS-GC,sender_signaling,pps_gc_sender_total_signaling,sender,213,false,32,2,recipient_bits=16;location_bytes=32,10671,68,measured,ok,unavailable,rustc,nightly-2021-05-06,Release,JerryZ
1787147201131371653,PPS-GC,sender_signaling,pps_gc_share_generation,sender,214,false,32,2,recipient_bits=16;location_bytes=32,9707,68,measured,ok,unavailable,rustc,nightly-2021-05-06,Release,JerryZ
1787147201132463278,PPS-GC,sender_signaling,pps_gc_sender_preparation,sender,214,false,32,2,recipient_bits=16;location_bytes=32,257,68,measured,ok,unavailable,rustc,nightly-2021-05-06,Release,JerryZ
1787147201133869546,PPS-GC,sender_signaling,message_encryption,sender,214,false,32,2,recipient_bits=16;location_bytes=32,-1,,not_applicable,not_applicable,unavailable,rustc,nightly-2021-05-06,Release,JerryZ
1787147201135365004,PPS-GC,sender_signaling,pps_gc_sender_total_signaling,sender,214,false,32,2,recipient_bits=16;location_bytes=32,22684,68,measured,ok,unavailable,rustc,nightly-2021-05-06,Release,JerryZ
1787147201136790664,PPS-GC,sender_signaling,pps_gc_share_generation,sender,215,false,32,2,recipient_bits=16;location_bytes=32,10441,68,measured,ok,unavailable,rustc,nightly-2021-05-06,Release,JerryZ
1787147201138500425,PPS-GC,sender_signaling,pps_gc_sender_preparation,sender,215,false,32,2,recipient_bits=16;location_bytes=32,579,68,measured,ok,unavailable,rustc,nightly-2021-05-06,Release,JerryZ
1787147201139914165,PPS-GC,sender_signaling,message_encryption,sender,215,false,32,2,recipient_bits=16;location_bytes=32,-1,,not_applicable,not_applicable,unavailable,rustc,nightly-2021-05-06,Release,JerryZ
1787147201141265740,PPS-GC,sender_signaling,pps_gc_sender_total_signaling,sender,215,false,32,2,recipient_bits=16;location_bytes=32,11012,68,measured,ok,unavailable,rustc,nightly-2021-05-06,Release,JerryZ
1787147201142592391,PPS-GC,sender_signaling,pps_gc_share_generation,sender,216,false,32,2,recipient_bits=16;location_bytes=32,10322,68,measured,ok,unavailable,rustc,nightly-2021-05-06,Release,JerryZ
1787147201143933129,PPS-GC,sender_signaling,pps_gc_sender_preparation,sender,216,false,32,2,recipient_bits=16;location_bytes=32,625,68,measured,ok,unavailable,rustc,nightly-2021-05-06,Release,JerryZ
1787147201145697845,PPS-GC,sender_signaling,message_encryption,sender,216,false,32,2,recipient_bits=16;location_bytes=32,-1,,not_applicable,not_applicable,unavailable,rustc,nightly-2021-05-06,Release,JerryZ
1787147201146841904,PPS-GC,sender_signaling,pps_gc_sender_total_signaling,sender,216,false,32,2,recipient_bits=16;location_bytes=32,10864,68,measured,ok,unavailable,rustc,nightly-2021-05-06,Release,JerryZ
1787147201147966585,PPS-GC,sender_signaling,pps_gc_share_generation,sender,217,false,32,2,recipient_bits=16;location_bytes=32,9606,68,measured,ok,unavailable,rustc,nightly-2021-05-06,Release,JerryZ
1787147201149093387,PPS-GC,sender_signaling,pps_gc_sender_preparation,sender,217,false,32,2,recipient_bits=16;location_bytes=32,147,68,measured,ok,unavailable,rustc,nightly-2021-05-06,Release,JerryZ
1787147201150292861,PPS-GC,sender_signaling,message_encryption,sender,217,false,32,2,recipient_bits=16;location_bytes=32,-1,,not_applicable,not_applicable,unavailable,rustc,nightly-2021-05-06,Release,JerryZ
1787147201151923375,PPS-GC,sender_signaling,pps_gc_sender_total_signaling,sender,217,false,32,2,recipient_bits=16;location_bytes=32,10966,68,measured,ok,unavailable,rustc,nightly-2021-05-06,Release,JerryZ
1787147201153285025,PPS-GC,sender_signaling,pps_gc_share_generation,sender,218,false,32,2,recipient_bits=16;location_bytes=32,11094,68,measured,ok,unavailable,rustc,nightly-2021-05-06,Release,JerryZ
1787147201154639764,PPS-GC,sender_signaling,pps_gc_sender_preparation,sender,218,false,32,2,recipient_bits=16;location_bytes=32,606,68,measured,ok,unavailable,rustc,nightly-2021-05-06,Release,JerryZ
1787147201156125390,PPS-GC,sender_signaling,message_encryption,sender,218,false,32,2,recipient_bits=16;location_bytes=32,-1,,not_applicable,not_applicable,unavailable,rustc,nightly-2021-05-06,Release,JerryZ
1787147201157300343,PPS-GC,sender_signaling,pps_gc_sender_total_signaling,sender,218,false,32,2,recipient_bits=16;location_bytes=32,11499,68,measured,ok,unavailable,rustc,nightly-2021-05-06,Release,JerryZ
1787147201158750846,PPS-GC,sender_signaling,pps_gc_share_generation,sender,219,false,32,2,recipient_bits=16;location_bytes=32,10681,68,measured,ok,unavailable,rustc,nightly-2021-05-06,Release,JerryZ
1787147201160517647,PPS-GC,sender_signaling,pps_gc_sender_preparation,sender,219,false,32,2,recipient_bits=16;location_bytes=32,652,68,measured,ok,unavailable,rustc,nightly-2021-05-06,Release,JerryZ
1787147201161710416,PPS-GC,sender_signaling,message_encryption,sender,219,false,32,2,recipient_bits=16;location_bytes=32,-1,,not_applicable,not_applicable,unavailable,rustc,nightly-2021-05-06,Release,JerryZ
1787147201162826850,PPS-GC,sender_signaling,pps_gc_sender_total_signaling,sender,219,false,32,2,recipient_bits=16;location_bytes=32,10066,68,measured,ok,unavailable,rustc,nightly-2021-05-06,Release,JerryZ
1787147201163898761,PPS-GC,sender_signaling,pps_gc_share_generation,sender,220,false,32,2,recipient_bits=16;location_bytes=32,9551,68,measured,ok,unavailable,rustc,nightly-2021-05-06,Release,JerryZ
1787147201165401354,PPS-GC,sender_signaling,pps_gc_sender_preparation,sender,220,false,32,2,recipient_bits=16;location_bytes=32,128,68,measured,ok,unavailable,rustc,nightly-2021-05-06,Release,JerryZ
1787147201166688459,PPS-GC,sender_signaling,message_encryption,sender,220,false,32,2,recipient_bits=16;location_bytes=32,-1,,not_applicable,not_applicable,unavailable,rustc,nightly-2021-05-06,Release,JerryZ
1787147201168049301,PPS-GC,sender_signaling,pps_gc_sender_total_signaling,sender,220,false,32,2,recipient_bits=16;location_bytes=32,27909,68,measured,ok,unavailable,rustc,nightly-2021-05-06,Release,JerryZ
1787147201169626025,PPS-GC,sender_signaling,pps_gc_share_generation,sender,221,false,32,2,recipient_bits=16;location_bytes=32,14170,68,measured,ok,unavailable,rustc,nightly-2021-05-06,Release,JerryZ
1787147201170864135,PPS-GC,sender_signaling,pps_gc_sender_preparation,sender,221,false,32,2,recipient_bits=16;location_bytes=32,477,68,measured,ok,unavailable,rustc,nightly-2021-05-06,Release,JerryZ
1787147201172070882,PPS-GC,sender_signaling,message_encryption,sender,221,false,32,2,recipient_bits=16;location_bytes=32,-1,,not_applicable,not_applicable,unavailable,rustc,nightly-2021-05-06,Release,JerryZ
1787147201173929181,PPS-GC,sender_signaling,pps_gc_sender_total_signaling,sender,221,false,32,2,recipient_bits=16;location_bytes=32,22959,68,measured,ok,unavailable,rustc,nightly-2021-05-06,Release,JerryZ
1787147201175282079,PPS-GC,sender_signaling,pps_gc_share_generation,sender,222,false,32,2,recipient_bits=16;location_bytes=32,9863,68,measured,ok,unavailable,rustc,nightly-2021-05-06,Release,JerryZ
1787147201176415352,PPS-GC,sender_signaling,pps_gc_sender_preparation,sender,222,false,32,2,recipient_bits=16;location_bytes=32,285,68,measured,ok,unavailable,rustc,nightly-2021-05-06,Release,JerryZ
1787147201177753155,PPS-GC,sender_signaling,message_encryption,sender,222,false,32,2,recipient_bits=16;location_bytes=32,-1,,not_applicable,not_applicable,unavailable,rustc,nightly-2021-05-06,Release,JerryZ
1787147201179077547,PPS-GC,sender_signaling,pps_gc_sender_total_signaling,sender,222,false,32,2,recipient_bits=16;location_bytes=32,11186,68,measured,ok,unavailable,rustc,nightly-2021-05-06,Release,JerryZ
1787147201180603141,PPS-GC,sender_signaling,pps_gc_share_generation,sender,223,false,32,2,recipient_bits=16;location_bytes=32,21858,68,measured,ok,unavailable,rustc,nightly-2021-05-06,Release,JerryZ
1787147201181956282,PPS-GC,sender_signaling,pps_gc_sender_preparation,sender,223,false,32,2,recipient_bits=16;location_bytes=32,496,68,measured,ok,unavailable,rustc,nightly-2021-05-06,Release,JerryZ
1787147201183367230,PPS-GC,sender_signaling,message_encryption,sender,223,false,32,2,recipient_bits=16;location_bytes=32,-1,,not_applicable,not_applicable,unavailable,rustc,nightly-2021-05-06,Release,JerryZ
1787147201184897246,PPS-GC,sender_signaling,pps_gc_sender_total_signaling,sender,223,false,32,2,recipient_bits=16;location_bytes=32,27055,68,measured,ok,unavailable,rustc,nightly-2021-05-06,Release,JerryZ
1787147201186562483,PPS-GC,sender_signaling,pps_gc_share_generation,sender,224,false,32,2,recipient_bits=16;location_bytes=32,10148,68,measured,ok,unavailable,rustc,nightly-2021-05-06,Release,JerryZ
1787147201187670395,PPS-GC,sender_signaling,pps_gc_sender_preparation,sender,224,false,32,2,recipient_bits=16;location_bytes=32,221,68,measured,ok,unavailable,rustc,nightly-2021-05-06,Release,JerryZ
1787147201188909639,PPS-GC,sender_signaling,message_encryption,sender,224,false,32,2,recipient_bits=16;location_bytes=32,-1,,not_applicable,not_applicable,unavailable,rustc,nightly-2021-05-06,Release,JerryZ
1787147201190448274,PPS-GC,sender_signaling,pps_gc_sender_total_signaling,sender,224,false,32,2,recipient_bits=16;location_bytes=32,11223,68,measured,ok,unavailable,rustc,nightly-2021-05-06,Release,JerryZ
1787147201191783924,PPS-GC,sender_signaling,pps_gc_share_generation,sender,225,false,32,2,recipient_bits=16;location_bytes=32,9808,68,measured,ok,unavailable,rustc,nightly-2021-05-06,Release,JerryZ
1787147201192877096,PPS-GC,sender_signaling,pps_gc_sender_preparation,sender,225,false,32,2,recipient_bits=16;location_bytes=32,156,68,measured,ok,unavailable,rustc,nightly-2021-05-06,Release,JerryZ
1787147201194284967,PPS-GC,sender_signaling,message_encryption,sender,225,false,32,2,recipient_bits=16;location_bytes=32,-1,,not_applicable,not_applicable,unavailable,rustc,nightly-2021-05-06,Release,JerryZ
1787147201195905930,PPS-GC,sender_signaling,pps_gc_sender_total_signaling,sender,225,false,32,2,recipient_bits=16;location_bytes=32,11756,68,measured,ok,unavailable,rustc,nightly-2021-05-06,Release,JerryZ
1787147201197122091,PPS-GC,sender_signaling,pps_gc_share_generation,sender,226,false,32,2,recipient_bits=16;location_bytes=32,10800,68,measured,ok,unavailable,rustc,nightly-2021-05-06,Release,JerryZ
1787147201198324568,PPS-GC,sender_signaling,pps_gc_sender_preparation,sender,226,false,32,2,recipient_bits=16;location_bytes=32,505,68,measured,ok,unavailable,rustc,nightly-2021-05-06,Release,JerryZ
1787147201199612867,PPS-GC,sender_signaling,message_encryption,sender,226,false,32,2,recipient_bits=16;location_bytes=32,-1,,not_applicable,not_applicable,unavailable,rustc,nightly-2021-05-06,Release,JerryZ
1787147201201008746,PPS-GC,sender_signaling,pps_gc_sender_total_signaling,sender,226,false,32,2,recipient_bits=16;location_bytes=32,12720,68,measured,ok,unavailable,rustc,nightly-2021-05-06,Release,JerryZ
1787147201202148323,PPS-GC,sender_signaling,pps_gc_share_generation,sender,227,false,32,2,recipient_bits=16;location_bytes=32,9542,68,measured,ok,unavailable,rustc,nightly-2021-05-06,Release,JerryZ
1787147201203651335,PPS-GC,sender_signaling,pps_gc_sender_preparation,sender,227,false,32,2,recipient_bits=16;location_bytes=32,156,68,measured,ok,unavailable,rustc,nightly-2021-05-06,Release,JerryZ
1787147201205065070,PPS-GC,sender_signaling,message_encryption,sender,227,false,32,2,recipient_bits=16;location_bytes=32,-1,,not_applicable,not_applicable,unavailable,rustc,nightly-2021-05-06,Release,JerryZ
1787147201206322135,PPS-GC,sender_signaling,pps_gc_sender_total_signaling,sender,227,false,32,2,recipient_bits=16;location_bytes=32,10846,68,measured,ok,unavailable,rustc,nightly-2021-05-06,Release,JerryZ
1787147201207471465,PPS-GC,sender_signaling,pps_gc_share_generation,sender,228,false,32,2,recipient_bits=16;location_bytes=32,9854,68,measured,ok,unavailable,rustc,nightly-2021-05-06,Release,JerryZ
1787147201208614954,PPS-GC,sender_signaling,pps_gc_sender_preparation,sender,228,false,32,2,recipient_bits=16;location_bytes=32,220,68,measured,ok,unavailable,rustc,nightly-2021-05-06,Release,JerryZ
1787147201210286883,PPS-GC,sender_signaling,message_encryption,sender,228,false,32,2,recipient_bits=16;location_bytes=32,-1,,not_applicable,not_applicable,unavailable,rustc,nightly-2021-05-06,Release,JerryZ
1787147201211849698,PPS-GC,sender_signaling,pps_gc_sender_total_signaling,sender,228,false,32,2,recipient_bits=16;location_bytes=32,13170,68,measured,ok,unavailable,rustc,nightly-2021-05-06,Release,JerryZ
1787147201213043717,PPS-GC,sender_signaling,pps_gc_share_generation,sender,229,false,32,2,recipient_bits=16;location_bytes=32,9965,68,measured,ok,unavailable,rustc,nightly-2021-05-06,Release,JerryZ
1787147201214294812,PPS-GC,sender_signaling,pps_gc_sender_preparation,sender,229,false,32,2,recipient_bits=16;location_bytes=32,486,68,measured,ok,unavailable,rustc,nightly-2021-05-06,Release,JerryZ
1787147201215910228,PPS-GC,sender_signaling,message_encryption,sender,229,false,32,2,recipient_bits=16;location_bytes=32,-1,,not_applicable,not_applicable,unavailable,rustc,nightly-2021-05-06,Release,JerryZ
1787147201217216748,PPS-GC,sender_signaling,pps_gc_sender_total_signaling,sender,229,false,32,2,recipient_bits=16;location_bytes=32,10580,68,measured,ok,unavailable,rustc,nightly-2021-05-06,Release,JerryZ
1787147201218346819,PPS-GC,sender_signaling,pps_gc_share_generation,sender,230,false,32,2,recipient_bits=16;location_bytes=32,9551,68,measured,ok,unavailable,rustc,nightly-2021-05-06,Release,JerryZ
1787147201219605446,PPS-GC,sender_signaling,pps_gc_sender_preparation,sender,230,false,32,2,recipient_bits=16;location_bytes=32,147,68,measured,ok,unavailable,rustc,nightly-2021-05-06,Release,JerryZ
1787147201221268681,PPS-GC,sender_signaling,message_encryption,sender,230,false,32,2,recipient_bits=16;location_bytes=32,-1,,not_applicable,not_applicable,unavailable,rustc,nightly-2021-05-06,Release,JerryZ
1787147201222460036,PPS-GC,sender_signaling,pps_gc_sender_total_signaling,sender,230,false,32,2,recipient_bits=16;location_bytes=32,10304,68,measured,ok,unavailable,rustc,nightly-2021-05-06,Release,JerryZ
1787147201223534846,PPS-GC,sender_signaling,pps_gc_share_generation,sender,231,false,32,2,recipient_bits=16;location_bytes=32,9698,68,measured,ok,unavailable,rustc,nightly-2021-05-06,Release,JerryZ
1787147201225056297,PPS-GC,sender_signaling,pps_gc_sender_preparation,sender,231,false,32,2,recipient_bits=16;location_bytes=32,138,68,measured,ok,unavailable,rustc,nightly-2021-05-06,Release,JerryZ
1787147201226515469,PPS-GC,sender_signaling,message_encryption,sender,231,false,32,2,recipient_bits=16;location_bytes=32,-1,,not_applicable,not_applicable,unavailable,rustc,nightly-2021-05-06,Release,JerryZ
1787147201227649812,PPS-GC,sender_signaling,pps_gc_sender_total_signaling,sender,231,false,32,2,recipient_bits=16;location_bytes=32,11296,68,measured,ok,unavailable,rustc,nightly-2021-05-06,Release,JerryZ
1787147201228804781,PPS-GC,sender_signaling,pps_gc_share_generation,sender,232,false,32,2,recipient_bits=16;location_bytes=32,21802,68,measured,ok,unavailable,rustc,nightly-2021-05-06,Release,JerryZ
1787147201230130109,PPS-GC,sender_signaling,pps_gc_sender_preparation,sender,232,false,32,2,recipient_bits=16;location_bytes=32,267,68,measured,ok,unavailable,rustc,nightly-2021-05-06,Release,JerryZ
1787147201231411364,PPS-GC,sender_signaling,message_encryption,sender,232,false,32,2,recipient_bits=16;location_bytes=32,-1,,not_applicable,not_applicable,unavailable,rustc,nightly-2021-05-06,Release,JerryZ
1787147201232746013,PPS-GC,sender_signaling,pps_gc_sender_total_signaling,sender,232,false,32,2,recipient_bits=16;location_bytes=32,10543,68,measured,ok,unavailable,rustc,nightly-2021-05-06,Release,JerryZ
1787147201233915823,PPS-GC,sender_signaling,pps_gc_share_generation,sender,233,false,32,2,recipient_bits=16;location_bytes=32,21674,68,measured,ok,unavailable,rustc,nightly-2021-05-06,Release,JerryZ
1787147201235342136,PPS-GC,sender_signaling,pps_gc_sender_preparation,sender,233,false,32,2,recipient_bits=16;location_bytes=32,284,68,measured,ok,unavailable,rustc,nightly-2021-05-06,Release,JerryZ
1787147201236548341,PPS-GC,sender_signaling,message_encryption,sender,233,false,32,2,recipient_bits=16;location_bytes=32,-1,,not_applicable,not_applicable,unavailable,rustc,nightly-2021-05-06,Release,JerryZ
1787147201237726123,PPS-GC,sender_signaling,pps_gc_sender_total_signaling,sender,233,false,32,2,recipient_bits=16;location_bytes=32,10920,68,measured,ok,unavailable,rustc,nightly-2021-05-06,Release,JerryZ
1787147201239189841,PPS-GC,sender_signaling,pps_gc_share_generation,sender,234,false,32,2,recipient_bits=16;location_bytes=32,9882,68,measured,ok,unavailable,rustc,nightly-2021-05-06,Release,JerryZ
1787147201240264902,PPS-GC,sender_signaling,pps_gc_sender_preparation,sender,234,false,32,2,recipient_bits=16;location_bytes=32,211,68,measured,ok,unavailable,rustc,nightly-2021-05-06,Release,JerryZ
1787147201241509845,PPS-GC,sender_signaling,message_encryption,sender,234,false,32,2,recipient_bits=16;location_bytes=32,-1,,not_applicable,not_applicable,unavailable,rustc,nightly-2021-05-06,Release,JerryZ
1787147201242923292,PPS-GC,sender_signaling,pps_gc_sender_total_signaling,sender,234,false,32,2,recipient_bits=16;location_bytes=32,12242,68,measured,ok,unavailable,rustc,nightly-2021-05-06,Release,JerryZ
1787147201244514431,PPS-GC,sender_signaling,pps_gc_share_generation,sender,235,false,32,2,recipient_bits=16;location_bytes=32,22601,68,measured,ok,unavailable,rustc,nightly-2021-05-06,Release,JerryZ
1787147201246034910,PPS-GC,sender_signaling,pps_gc_sender_preparation,sender,235,false,32,2,recipient_bits=16;location_bytes=32,376,68,measured,ok,unavailable,rustc,nightly-2021-05-06,Release,JerryZ
1787147201248333203,PPS-GC,sender_signaling,message_encryption,sender,235,false,32,2,recipient_bits=16;location_bytes=32,-1,,not_applicable,not_applicable,unavailable,rustc,nightly-2021-05-06,Release,JerryZ
1787147201250150873,PPS-GC,sender_signaling,pps_gc_sender_total_signaling,sender,235,false,32,2,recipient_bits=16;location_bytes=32,12049,68,measured,ok,unavailable,rustc,nightly-2021-05-06,Release,JerryZ
1787147201251768355,PPS-GC,sender_signaling,pps_gc_share_generation,sender,236,false,32,2,recipient_bits=16;location_bytes=32,14602,68,measured,ok,unavailable,rustc,nightly-2021-05-06,Release,JerryZ
1787147201253526321,PPS-GC,sender_signaling,pps_gc_sender_preparation,sender,236,false,32,2,recipient_bits=16;location_bytes=32,799,68,measured,ok,unavailable,rustc,nightly-2021-05-06,Release,JerryZ
1787147201254881074,PPS-GC,sender_signaling,message_encryption,sender,236,false,32,2,recipient_bits=16;location_bytes=32,-1,,not_applicable,not_applicable,unavailable,rustc,nightly-2021-05-06,Release,JerryZ
1787147201256258501,PPS-GC,sender_signaling,pps_gc_sender_total_signaling,sender,236,false,32,2,recipient_bits=16;location_bytes=32,14492,68,measured,ok,unavailable,rustc,nightly-2021-05-06,Release,JerryZ
1787147201257813993,PPS-GC,sender_signaling,pps_gc_share_generation,sender,237,false,32,2,recipient_bits=16;location_bytes=32,13849,68,measured,ok,unavailable,rustc,nightly-2021-05-06,Release,JerryZ
1787147201259904439,PPS-GC,sender_signaling,pps_gc_sender_preparation,sender,237,false,32,2,recipient_bits=16;location_bytes=32,551,68,measured,ok,unavailable,rustc,nightly-2021-05-06,Release,JerryZ
1787147201261411110,PPS-GC,sender_signaling,message_encryption,sender,237,false,32,2,recipient_bits=16;location_bytes=32,-1,,not_applicable,not_applicable,unavailable,rustc,nightly-2021-05-06,Release,JerryZ
1787147201263017067,PPS-GC,sender_signaling,pps_gc_sender_total_signaling,sender,237,false,32,2,recipient_bits=16;location_bytes=32,15080,68,measured,ok,unavailable,rustc,nightly-2021-05-06,Release,JerryZ
1787147201264436234,PPS-GC,sender_signaling,pps_gc_share_generation,sender,238,false,32,2,recipient_bits=16;location_bytes=32,13078,68,measured,ok,unavailable,rustc,nightly-2021-05-06,Release,JerryZ
1787147201266073746,PPS-GC,sender_signaling,pps_gc_sender_preparation,sender,238,false,32,2,recipient_bits=16;location_bytes=32,625,68,measured,ok,unavailable,rustc,nightly-2021-05-06,Release,JerryZ
1787147201268024998,PPS-GC,sender_signaling,message_encryption,sender,238,false,32,2,recipient_bits=16;location_bytes=32,-1,,not_applicable,not_applicable,unavailable,rustc,nightly-2021-05-06,Release,JerryZ
1787147201269415949,PPS-GC,sender_signaling,pps_gc_sender_total_signaling,sender,238,false,32,2,recipient_bits=16;location_bytes=32,14143,68,measured,ok,unavailable,rustc,nightly-2021-05-06,Release,JerryZ
1787147201270751278,PPS-GC,sender_signaling,pps_gc_share_generation,sender,239,false,32,2,recipient_bits=16;location_bytes=32,10221,68,measured,ok,unavailable,rustc,nightly-2021-05-06,Release,JerryZ
1787147201271951872,PPS-GC,sender_signaling,pps_gc_sender_preparation,sender,239,false,32,2,recipient_bits=16;location_bytes=32,423,68,measured,ok,unavailable,rustc,nightly-2021-05-06,Release,JerryZ
1787147201273593379,PPS-GC,sender_signaling,message_encryption,sender,239,false,32,2,recipient_bits=16;location_bytes=32,-1,,not_applicable,not_applicable,unavailable,rustc,nightly-2021-05-06,Release,JerryZ
1787147201274890852,PPS-GC,sender_signaling,pps_gc_sender_total_signaling,sender,239,false,32,2,recipient_bits=16;location_bytes=32,11517,68,measured,ok,unavailable,rustc,nightly-2021-05-06,Release,JerryZ
1787147201276046317,PPS-GC,sender_signaling,pps_gc_share_generation,sender,240,false,32,2,recipient_bits=16;location_bytes=32,9762,68,measured,ok,unavailable,rustc,nightly-2021-05-06,Release,JerryZ
1787147201278035182,PPS-GC,sender_signaling,pps_gc_sender_preparation,sender,240,false,32,2,recipient_bits=16;location_bytes=32,211,68,measured,ok,unavailable,rustc,nightly-2021-05-06,Release,JerryZ
1787147201279761515,PPS-GC,sender_signaling,message_encryption,sender,240,false,32,2,recipient_bits=16;location_bytes=32,-1,,not_applicable,not_applicable,unavailable,rustc,nightly-2021-05-06,Release,JerryZ
1787147201280997315,PPS-GC,sender_signaling,pps_gc_sender_total_signaling,sender,240,false,32,2,recipient_bits=16;location_bytes=32,11121,68,measured,ok,unavailable,rustc,nightly-2021-05-06,Release,JerryZ
1787147201282281931,PPS-GC,sender_signaling,pps_gc_share_generation,sender,241,false,32,2,recipient_bits=16;location_bytes=32,9937,68,measured,ok,unavailable,rustc,nightly-2021-05-06,Release,JerryZ
1787147201283616369,PPS-GC,sender_signaling,pps_gc_sender_preparation,sender,241,false,32,2,recipient_bits=16;location_bytes=32,285,68,measured,ok,unavailable,rustc,nightly-2021-05-06,Release,JerryZ
1787147201284658167,PPS-GC,sender_signaling,message_encryption,sender,241,false,32,2,recipient_bits=16;location_bytes=32,-1,,not_applicable,not_applicable,unavailable,rustc,nightly-2021-05-06,Release,JerryZ
1787147201285775749,PPS-GC,sender_signaling,pps_gc_sender_total_signaling,sender,241,false,32,2,recipient_bits=16;location_bytes=32,21784,68,measured,ok,unavailable,rustc,nightly-2021-05-06,Release,JerryZ
1787147201287002839,PPS-GC,sender_signaling,pps_gc_share_generation,sender,242,false,32,2,recipient_bits=16;location_bytes=32,9919,68,measured,ok,unavailable,rustc,nightly-2021-05-06,Release,JerryZ
1787147201288269254,PPS-GC,sender_signaling,pps_gc_sender_preparation,sender,242,false,32,2,recipient_bits=16;location_bytes=32,137,68,measured,ok,unavailable,rustc,nightly-2021-05-06,Release,JerryZ
1787147201289503038,PPS-GC,sender_signaling,message_encryption,sender,242,false,32,2,recipient_bits=16;location_bytes=32,-1,,not_applicable,not_applicable,unavailable,rustc,nightly-2021-05-06,Release,JerryZ
1787147201291023439,PPS-GC,sender_signaling,pps_gc_sender_total_signaling,sender,242,false,32,2,recipient_bits=16;location_bytes=32,11590,68,measured,ok,unavailable,rustc,nightly-2021-05-06,Release,JerryZ
1787147201292239057,PPS-GC,sender_signaling,pps_gc_share_generation,sender,243,false,32,2,recipient_bits=16;location_bytes=32,10231,68,measured,ok,unavailable,rustc,nightly-2021-05-06,Release,JerryZ
1787147201293384576,PPS-GC,sender_signaling,pps_gc_sender_preparation,sender,243,false,32,2,recipient_bits=16;location_bytes=32,212,68,measured,ok,unavailable,rustc,nightly-2021-05-06,Release,JerryZ
1787147201294431012,PPS-GC,sender_signaling,message_encryption,sender,243,false,32,2,recipient_bits=16;location_bytes=32,-1,,not_applicable,not_applicable,unavailable,rustc,nightly-2021-05-06,Release,JerryZ
1787147201295695543,PPS-GC,sender_signaling,pps_gc_sender_total_signaling,sender,243,false,32,2,recipient_bits=16;location_bytes=32,10442,68,measured,ok,unavailable,rustc,nightly-2021-05-06,Release,JerryZ
1787147201297111442,PPS-GC,sender_signaling,pps_gc_share_generation,sender,244,false,32,2,recipient_bits=16;location_bytes=32,9817,68,measured,ok,unavailable,rustc,nightly-2021-05-06,Release,JerryZ
1787147201298226360,PPS-GC,sender_signaling,pps_gc_sender_preparation,sender,244,false,32,2,recipient_bits=16;location_bytes=32,229,68,measured,ok,unavailable,rustc,nightly-2021-05-06,Release,JerryZ
1787147201299416775,PPS-GC,sender_signaling,message_encryption,sender,244,false,32,2,recipient_bits=16;location_bytes=32,-1,,not_applicable,not_applicable,unavailable,rustc,nightly-2021-05-06,Release,JerryZ
1787147201300742906,PPS-GC,sender_signaling,pps_gc_sender_total_signaling,sender,244,false,32,2,recipient_bits=16;location_bytes=32,10267,68,measured,ok,unavailable,rustc,nightly-2021-05-06,Release,JerryZ
1787147201302278937,PPS-GC,sender_signaling,pps_gc_share_generation,sender,245,false,32,2,recipient_bits=16;location_bytes=32,21499,68,measured,ok,unavailable,rustc,nightly-2021-05-06,Release,JerryZ
1787147201303542128,PPS-GC,sender_signaling,pps_gc_sender_preparation,sender,245,false,32,2,recipient_bits=16;location_bytes=32,284,68,measured,ok,unavailable,rustc,nightly-2021-05-06,Release,JerryZ
1787147201304920446,PPS-GC,sender_signaling,message_encryption,sender,245,false,32,2,recipient_bits=16;location_bytes=32,-1,,not_applicable,not_applicable,unavailable,rustc,nightly-2021-05-06,Release,JerryZ
1787147201306747777,PPS-GC,sender_signaling,pps_gc_sender_total_signaling,sender,245,false,32,2,recipient_bits=16;location_bytes=32,14924,68,measured,ok,unavailable,rustc,nightly-2021-05-06,Release,JerryZ
1787147201308243694,PPS-GC,sender_signaling,pps_gc_share_generation,sender,246,false,32,2,recipient_bits=16;location_bytes=32,22345,68,measured,ok,unavailable,rustc,nightly-2021-05-06,Release,JerryZ
1787147201309662439,PPS-GC,sender_signaling,pps_gc_sender_preparation,sender,246,false,32,2,recipient_bits=16;location_bytes=32,827,68,measured,ok,unavailable,rustc,nightly-2021-05-06,Release,JerryZ
1787147201310906610,PPS-GC,sender_signaling,message_encryption,sender,246,false,32,2,recipient_bits=16;location_bytes=32,-1,,not_applicable,not_applicable,unavailable,rustc,nightly-2021-05-06,Release,JerryZ
1787147201312060725,PPS-GC,sender_signaling,pps_gc_sender_total_signaling,sender,246,false,32,2,recipient_bits=16;location_bytes=32,22426,68,measured,ok,unavailable,rustc,nightly-2021-05-06,Release,JerryZ
1787147201313306411,PPS-GC,sender_signaling,pps_gc_share_generation,sender,247,false,32,2,recipient_bits=16;location_bytes=32,21389,68,measured,ok,unavailable,rustc,nightly-2021-05-06,Release,JerryZ
1787147201315091984,PPS-GC,sender_signaling,pps_gc_sender_preparation,sender,247,false,32,2,recipient_bits=16;location_bytes=32,284,68,measured,ok,unavailable,rustc,nightly-2021-05-06,Release,JerryZ
1787147201316499222,PPS-GC,sender_signaling,message_encryption,sender,247,false,32,2,recipient_bits=16;location_bytes=32,-1,,not_applicable,not_applicable,unavailable,rustc,nightly-2021-05-06,Release,JerryZ
1787147201317714478,PPS-GC,sender_signaling,pps_gc_sender_total_signaling,sender,247,false,32,2,recipient_bits=16;location_bytes=32,11177,68,measured,ok,unavailable,rustc,nightly-2021-05-06,Release,JerryZ
1787147201318867762,PPS-GC,sender_signaling,pps_gc_share_generation,sender,248,false,32,2,recipient_bits=16;location_bytes=32,10562,68,measured,ok,unavailable,rustc,nightly-2021-05-06,Release,JerryZ
1787147201319995179,PPS-GC,sender_signaling,pps_gc_sender_preparation,sender,248,false,32,2,recipient_bits=16;location_bytes=32,275,68,measured,ok,unavailable,rustc,nightly-2021-05-06,Release,JerryZ
1787147201321498847,PPS-GC,sender_signaling,message_encryption,sender,248,false,32,2,recipient_bits=16;location_bytes=32,-1,,not_applicable,not_applicable,unavailable,rustc,nightly-2021-05-06,Release,JerryZ
1787147201322761625,PPS-GC,sender_signaling,pps_gc_sender_total_signaling,sender,248,false,32,2,recipient_bits=16;location_bytes=32,12333,68,measured,ok,unavailable,rustc,nightly-2021-05-06,Release,JerryZ
1787147201324087715,PPS-GC,sender_signaling,pps_gc_share_generation,sender,249,false,32,2,recipient_bits=16;location_bytes=32,10185,68,measured,ok,unavailable,rustc,nightly-2021-05-06,Release,JerryZ
1787147201325277876,PPS-GC,sender_signaling,pps_gc_sender_preparation,sender,249,false,32,2,recipient_bits=16;location_bytes=32,404,68,measured,ok,unavailable,rustc,nightly-2021-05-06,Release,JerryZ
1787147201326899188,PPS-GC,sender_signaling,message_encryption,sender,249,false,32,2,recipient_bits=16;location_bytes=32,-1,,not_applicable,not_applicable,unavailable,rustc,nightly-2021-05-06,Release,JerryZ
1787147201328030297,PPS-GC,sender_signaling,pps_gc_sender_total_signaling,sender,249,false,32,2,recipient_bits=16;location_bytes=32,10690,68,measured,ok,unavailable,rustc,nightly-2021-05-06,Release,JerryZ
1787147201329156319,PPS-GC,sender_signaling,pps_gc_share_generation,sender,250,false,32,2,recipient_bits=16;location_bytes=32,21426,68,measured,ok,unavailable,rustc,nightly-2021-05-06,Release,JerryZ
1787147201330402098,PPS-GC,sender_signaling,pps_gc_sender_preparation,sender,250,false,32,2,recipient_bits=16;location_bytes=32,294,68,measured,ok,unavailable,rustc,nightly-2021-05-06,Release,JerryZ
1787147201331752259,PPS-GC,sender_signaling,message_encryption,sender,250,false,32,2,recipient_bits=16;location_bytes=32,-1,,not_applicable,not_applicable,unavailable,rustc,nightly-2021-05-06,Release,JerryZ
1787147201333351944,PPS-GC,sender_signaling,pps_gc_sender_total_signaling,sender,250,false,32,2,recipient_bits=16;location_bytes=32,29315,68,measured,ok,unavailable,rustc,nightly-2021-05-06,Release,JerryZ
1787147201334604987,PPS-GC,sender_signaling,pps_gc_share_generation,sender,251,false,32,2,recipient_bits=16;location_bytes=32,9863,68,measured,ok,unavailable,rustc,nightly-2021-05-06,Release,JerryZ
1787147201336095806,PPS-GC,sender_signaling,pps_gc_sender_preparation,sender,251,false,32,2,recipient_bits=16;location_bytes=32,147,68,measured,ok,unavailable,rustc,nightly-2021-05-06,Release,JerryZ
1787147201337607096,PPS-GC,sender_signaling,message_encryption,sender,251,false,32,2,recipient_bits=16;location_bytes=32,-1,,not_applicable,not_applicable,unavailable,rustc,nightly-2021-05-06,Release,JerryZ
1787147201339237978,PPS-GC,sender_signaling,pps_gc_sender_total_signaling,sender,251,false,32,2,recipient_bits=16;location_bytes=32,10956,68,measured,ok,unavailable,rustc,nightly-2021-05-06,Release,JerryZ
1787147201340611856,PPS-GC,sender_signaling,pps_gc_share_generation,sender,252,false,32,2,recipient_bits=16;location_bytes=32,9974,68,measured,ok,unavailable,rustc,nightly-2021-05-06,Release,JerryZ
1787147201342044234,PPS-GC,sender_signaling,pps_gc_sender_preparation,sender,252,false,32,2,recipient_bits=16;location_bytes=32,404,68,measured,ok,unavailable,rustc,nightly-2021-05-06,Release,JerryZ
1787147201343152246,PPS-GC,sender_signaling,message_encryption,sender,252,false,32,2,recipient_bits=16;location_bytes=32,-1,,not_applicable,not_applicable,unavailable,rustc,nightly-2021-05-06,Release,JerryZ
1787147201344283466,PPS-GC,sender_signaling,pps_gc_sender_total_signaling,sender,252,false,32,2,recipient_bits=16;location_bytes=32,21940,68,measured,ok,unavailable,rustc,nightly-2021-05-06,Release,JerryZ
1787147201345535338,PPS-GC,sender_signaling,pps_gc_share_generation,sender,253,false,32,2,recipient_bits=16;location_bytes=32,9560,68,measured,ok,unavailable,rustc,nightly-2021-05-06,Release,JerryZ
1787147201346859670,PPS-GC,sender_signaling,pps_gc_sender_preparation,sender,253,false,32,2,recipient_bits=16;location_bytes=32,138,68,measured,ok,unavailable,rustc,nightly-2021-05-06,Release,JerryZ
1787147201348195293,PPS-GC,sender_signaling,message_encryption,sender,253,false,32,2,recipient_bits=16;location_bytes=32,-1,,not_applicable,not_applicable,unavailable,rustc,nightly-2021-05-06,Release,JerryZ
1787147201350011410,PPS-GC,sender_signaling,pps_gc_sender_total_signaling,sender,253,false,32,2,recipient_bits=16;location_bytes=32,12545,68,measured,ok,unavailable,rustc,nightly-2021-05-06,Release,JerryZ
1787147201351437650,PPS-GC,sender_signaling,pps_gc_share_generation,sender,254,false,32,2,recipient_bits=16;location_bytes=32,10892,68,measured,ok,unavailable,rustc,nightly-2021-05-06,Release,JerryZ
1787147201353011105,PPS-GC,sender_signaling,pps_gc_sender_preparation,sender,254,false,32,2,recipient_bits=16;location_bytes=32,882,68,measured,ok,unavailable,rustc,nightly-2021-05-06,Release,JerryZ
1787147201354523974,PPS-GC,sender_signaling,message_encryption,sender,254,false,32,2,recipient_bits=16;location_bytes=32,-1,,not_applicable,not_applicable,unavailable,rustc,nightly-2021-05-06,Release,JerryZ
1787147201355661669,PPS-GC,sender_signaling,pps_gc_sender_total_signaling,sender,254,false,32,2,recipient_bits=16;location_bytes=32,10690,68,measured,ok,unavailable,rustc,nightly-2021-05-06,Release,JerryZ
1787147201357153177,PPS-GC,sender_signaling,pps_gc_share_generation,sender,255,false,32,2,recipient_bits=16;location_bytes=32,21720,68,measured,ok,unavailable,rustc,nightly-2021-05-06,Release,JerryZ
1787147201358348123,PPS-GC,sender_signaling,pps_gc_sender_preparation,sender,255,false,32,2,recipient_bits=16;location_bytes=32,395,68,measured,ok,unavailable,rustc,nightly-2021-05-06,Release,JerryZ
1787147201359407728,PPS-GC,sender_signaling,message_encryption,sender,255,false,32,2,recipient_bits=16;location_bytes=32,-1,,not_applicable,not_applicable,unavailable,rustc,nightly-2021-05-06,Release,JerryZ
1787147201360870152,PPS-GC,sender_signaling,pps_gc_sender_total_signaling,sender,255,false,32,2,recipient_bits=16;location_bytes=32,9992,68,measured,ok,unavailable,rustc,nightly-2021-05-06,Release,JerryZ
1787147201362101291,PPS-GC,sender_signaling,pps_gc_share_generation,sender,256,false,32,2,recipient_bits=16;location_bytes=32,10047,68,measured,ok,unavailable,rustc,nightly-2021-05-06,Release,JerryZ
1787147201363233167,PPS-GC,sender_signaling,pps_gc_sender_preparation,sender,256,false,32,2,recipient_bits=16;location_bytes=32,230,68,measured,ok,unavailable,rustc,nightly-2021-05-06,Release,JerryZ
1787147201364565346,PPS-GC,sender_signaling,message_encryption,sender,256,false,32,2,recipient_bits=16;location_bytes=32,-1,,not_applicable,not_applicable,unavailable,rustc,nightly-2021-05-06,Release,JerryZ
1787147201365937195,PPS-GC,sender_signaling,pps_gc_sender_total_signaling,sender,256,false,32,2,recipient_bits=16;location_bytes=32,11443,68,measured,ok,unavailable,rustc,nightly-2021-05-06,Release,JerryZ
1787147201367190577,PPS-GC,sender_signaling,pps_gc_share_generation,sender,257,false,32,2,recipient_bits=16;location_bytes=32,11122,68,measured,ok,unavailable,rustc,nightly-2021-05-06,Release,JerryZ
1787147201368723403,PPS-GC,sender_signaling,pps_gc_sender_preparation,sender,257,false,32,2,recipient_bits=16;location_bytes=32,257,68,measured,ok,unavailable,rustc,nightly-2021-05-06,Release,JerryZ
1787147201370185376,PPS-GC,sender_signaling,message_encryption,sender,257,false,32,2,recipient_bits=16;location_bytes=32,-1,,not_applicable,not_applicable,unavailable,rustc,nightly-2021-05-06,Release,JerryZ
1787147201371460423,PPS-GC,sender_signaling,pps_gc_sender_total_signaling,sender,257,false,32,2,recipient_bits=16;location_bytes=32,10553,68,measured,ok,unavailable,rustc,nightly-2021-05-06,Release,JerryZ
1787147201372541867,PPS-GC,sender_signaling,pps_gc_share_generation,sender,258,false,32,2,recipient_bits=16;location_bytes=32,9560,68,measured,ok,unavailable,rustc,nightly-2021-05-06,Release,JerryZ
1787147201373599626,PPS-GC,sender_signaling,pps_gc_sender_preparation,sender,258,false,32,2,recipient_bits=16;location_bytes=32,156,68,measured,ok,unavailable,rustc,nightly-2021-05-06,Release,JerryZ
1787147201374898726,PPS-GC,sender_signaling,message_encryption,sender,258,false,32,2,recipient_bits=16;location_bytes=32,-1,,not_applicable,not_applicable,unavailable,rustc,nightly-2021-05-06,Release,JerryZ
1787147201376001118,PPS-GC,sender_signaling,pps_gc_sender_total_signaling,sender,258,false,32,2,recipient_bits=16;location_bytes=32,9855,68,measured,ok,unavailable,rustc,nightly-2021-05-06,Release,JerryZ
1787147201377080313,PPS-GC,sender_signaling,pps_gc_share_generation,sender,259,false,32,2,recipient_bits=16;location_bytes=32,9542,68,measured,ok,unavailable,rustc,nightly-2021-05-06,Release,JerryZ
1787147201378226043,PPS-GC,sender_signaling,pps_gc_sender_preparation,sender,259,false,32,2,recipient_bits=16;location_bytes=32,129,68,measured,ok,unavailable,rustc,nightly-2021-05-06,Release,JerryZ
1787147201379752165,PPS-GC,sender_signaling,message_encryption,sender,259,false,32,2,recipient_bits=16;location_bytes=32,-1,,not_applicable,not_applicable,unavailable,rustc,nightly-2021-05-06,Release,JerryZ
1787147201381253077,PPS-GC,sender_signaling,pps_gc_sender_total_signaling,sender,259,false,32,2,recipient_bits=16;location_bytes=32,13215,68,measured,ok,unavailable,rustc,nightly-2021-05-06,Release,JerryZ
1787147201382813418,PPS-GC,sender_signaling,pps_gc_share_generation,sender,260,false,32,2,recipient_bits=16;location_bytes=32,10745,68,measured,ok,unavailable,rustc,nightly-2021-05-06,Release,JerryZ
1787147201384417060,PPS-GC,sender_signaling,pps_gc_sender_preparation,sender,260,false,32,2,recipient_bits=16;location_bytes=32,652,68,measured,ok,unavailable,rustc,nightly-2021-05-06,Release,JerryZ
1787147201386033615,PPS-GC,sender_signaling,message_encryption,sender,260,false,32,2,recipient_bits=16;location_bytes=32,-1,,not_applicable,not_applicable,unavailable,rustc,nightly-2021-05-06,Release,JerryZ
1787147201387318828,PPS-GC,sender_signaling,pps_gc_sender_total_signaling,sender,260,false,32,2,recipient_bits=16;location_bytes=32,11085,68,measured,ok,unavailable,rustc,nightly-2021-05-06,Release,JerryZ
1787147201388626431,PPS-GC,sender_signaling,pps_gc_share_generation,sender,261,false,32,2,recipient_bits=16;location_bytes=32,10093,68,measured,ok,unavailable,rustc,nightly-2021-05-06,Release,JerryZ
1787147201390187883,PPS-GC,sender_signaling,pps_gc_sender_preparation,sender,261,false,32,2,recipient_bits=16;location_bytes=32,284,68,measured,ok,unavailable,rustc,nightly-2021-05-06,Release,JerryZ
1787147201391307770,PPS-GC,sender_signaling,message_encryption,sender,261,false,32,2,recipient_bits=16;location_bytes=32,-1,,not_applicable,not_applicable,unavailable,rustc,nightly-2021-05-06,Release,JerryZ
1787147201392603251,PPS-GC,sender_signaling,pps_gc_sender_total_signaling,sender,261,false,32,2,recipient_bits=16;location_bytes=32,21848,68,measured,ok,unavailable,rustc,nightly-2021-05-06,Release,JerryZ
1787147201393874395,PPS-GC,sender_signaling,pps_gc_share_generation,sender,262,false,32,2,recipient_bits=16;location_bytes=32,11709,68,measured,ok,unavailable,rustc,nightly-2021-05-06,Release,JerryZ
1787147201395046923,PPS-GC,sender_signaling,pps_gc_sender_preparation,sender,262,false,32,2,recipient_bits=16;location_bytes=32,165,68,measured,ok,unavailable,rustc,nightly-2021-05-06,Release,JerryZ
1787147201396163183,PPS-GC,sender_signaling,message_encryption,sender,262,false,32,2,recipient_bits=16;location_bytes=32,-1,,not_applicable,not_applicable,unavailable,rustc,nightly-2021-05-06,Release,JerryZ
1787147201397740532,PPS-GC,sender_signaling,pps_gc_sender_total_signaling,sender,262,false,32,2,recipient_bits=16;location_bytes=32,11168,68,measured,ok,unavailable,rustc,nightly-2021-05-06,Release,JerryZ
1787147201398984684,PPS-GC,sender_signaling,pps_gc_share_generation,sender,263,false,32,2,recipient_bits=16;location_bytes=32,22059,68,measured,ok,unavailable,rustc,nightly-2021-05-06,Release,JerryZ
1787147201400576820,PPS-GC,sender_signaling,pps_gc_sender_preparation,sender,263,false,32,2,recipient_bits=16;location_bytes=32,349,68,measured,ok,unavailable,rustc,nightly-2021-05-06,Release,JerryZ
1787147201401752204,PPS-GC,sender_signaling,message_encryption,sender,263,false,32,2,recipient_bits=16;location_bytes=32,-1,,not_applicable,not_applicable,unavailable,rustc,nightly-2021-05-06,Release,JerryZ
1787147201402853448,PPS-GC,sender_signaling,pps_gc_sender_total_signaling,sender,263,false,32,2,recipient_bits=16;location_bytes=32,10754,68,measured,ok,unavailable,rustc,nightly-2021-05-06,Release,JerryZ
1787147201404179768,PPS-GC,sender_signaling,pps_gc_share_generation,sender,264,false,32,2,recipient_bits=16;location_bytes=32,19442,68,measured,ok,unavailable,rustc,nightly-2021-05-06,Release,JerryZ
1787147201405340881,PPS-GC,sender_signaling,pps_gc_sender_preparation,sender,264,false,32,2,recipient_bits=16;location_bytes=32,322,68,measured,ok,unavailable,rustc,nightly-2021-05-06,Release,JerryZ
1787147201406540428,PPS-GC,sender_signaling,message_encryption,sender,264,false,32,2,recipient_bits=16;location_bytes=32,-1,,not_applicable,not_applicable,unavailable,rustc,nightly-2021-05-06,Release,JerryZ
1787147201407640919,PPS-GC,sender_signaling,pps_gc_sender_total_signaling,sender,264,false,32,2,recipient_bits=16;location_bytes=32,10028,68,measured,ok,unavailable,rustc,nightly-2021-05-06,Release,JerryZ
1787147201409196200,PPS-GC,sender_signaling,pps_gc_share_generation,sender,265,false,32,2,recipient_bits=16;location_bytes=32,13243,68,measured,ok,unavailable,rustc,nightly-2021-05-06,Release,JerryZ
1787147201410612777,PPS-GC,sender_signaling,pps_gc_sender_preparation,sender,265,false,32,2,recipient_bits=16;location_bytes=32,156,68,measured,ok,unavailable,rustc,nightly-2021-05-06,Release,JerryZ
1787147201411784865,PPS-GC,sender_signaling,message_encryption,sender,265,false,32,2,recipient_bits=16;location_bytes=32,-1,,not_applicable,not_applicable,unavailable,rustc,nightly-2021-05-06,Release,JerryZ
1787147201413494221,PPS-GC,sender_signaling,pps_gc_sender_total_signaling,sender,265,false,32,2,recipient_bits=16;location_bytes=32,11158,68,measured,ok,unavailable,rustc,nightly-2021-05-06,Release,JerryZ
1787147201415130108,PPS-GC,sender_signaling,pps_gc_share_generation,sender,266,false,32,2,recipient_bits=16;location_bytes=32,10268,68,measured,ok,unavailable,rustc,nightly-2021-05-06,Release,JerryZ
1787147201416328034,PPS-GC,sender_signaling,pps_gc_sender_preparation,sender,266,false,32,2,recipient_bits=16;location_bytes=32,578,68,measured,ok,unavailable,rustc,nightly-2021-05-06,Release,JerryZ
1787147201417511693,PPS-GC,sender_signaling,message_encryption,sender,266,false,32,2,recipient_bits=16;location_bytes=32,-1,,not_applicable,not_applicable,unavailable,rustc,nightly-2021-05-06,Release,JerryZ
1787147201418849792,PPS-GC,sender_signaling,pps_gc_sender_total_signaling,sender,266,false,32,2,recipient_bits=16;location_bytes=32,10460,68,measured,ok,unavailable,rustc,nightly-2021-05-06,Release,JerryZ
1787147201420039246,PPS-GC,sender_signaling,pps_gc_share_generation,sender,267,false,32,2,recipient_bits=16;location_bytes=32,9569,68,measured,ok,unavailable,rustc,nightly-2021-05-06,Release,JerryZ
1787147201421384320,PPS-GC,sender_signaling,pps_gc_sender_preparation,sender,267,false,32,2,recipient_bits=16;location_bytes=32,128,68,measured,ok,unavailable,rustc,nightly-2021-05-06,Release,JerryZ
1787147201422574243,PPS-GC,sender_signaling,message_encryption,sender,267,false,32,2,recipient_bits=16;location_bytes=32,-1,,not_applicable,not_applicable,unavailable,rustc,nightly-2021-05-06,Release,JerryZ
1787147201423837470,PPS-GC,sender_signaling,pps_gc_sender_total_signaling,sender,267,false,32,2,recipient_bits=16;location_bytes=32,10699,68,measured,ok,unavailable,rustc,nightly-2021-05-06,Release,JerryZ
1787147201425094058,PPS-GC,sender_signaling,pps_gc_share_generation,sender,268,false,32,2,recipient_bits=16;location_bytes=32,10139,68,measured,ok,unavailable,rustc,nightly-2021-05-06,Release,JerryZ
1787147201426284779,PPS-GC,sender_signaling,pps_gc_sender_preparation,sender,268,false,32,2,recipient_bits=16;location_bytes=32,340,68,measured,ok,unavailable,rustc,nightly-2021-05-06,Release,JerryZ
1787147201427763081,PPS-GC,sender_signaling,message_encryption,sender,268,false,32,2,recipient_bits=16;location_bytes=32,-1,,not_applicable,not_applicable,unavailable,rustc,nightly-2021-05-06,Release,JerryZ
1787147201428938447,PPS-GC,sender_signaling,pps_gc_sender_total_signaling,sender,268,false,32,2,recipient_bits=16;location_bytes=32,10919,68,measured,ok,unavailable,rustc,nightly-2021-05-06,Release,JerryZ
1787147201430257136,PPS-GC,sender_signaling,pps_gc_share_generation,sender,269,false,32,2,recipient_bits=16;location_bytes=32,10020,68,measured,ok,unavailable,rustc,nightly-2021-05-06,Release,JerryZ
1787147201431376003,PPS-GC,sender_signaling,pps_gc_sender_preparation,sender,269,false,32,2,recipient_bits=16;location_bytes=32,147,68,measured,ok,unavailable,rustc,nightly-2021-05-06,Release,JerryZ
1787147201432681146,PPS-GC,sender_signaling,message_encryption,sender,269,false,32,2,recipient_bits=16;location_bytes=32,-1,,not_applicable,not_applicable,unavailable,rustc,nightly-2021-05-06,Release,JerryZ
1787147201434145837,PPS-GC,sender_signaling,pps_gc_sender_total_signaling,sender,269,false,32,2,recipient_bits=16;location_bytes=32,10800,68,measured,ok,unavailable,rustc,nightly-2021-05-06,Release,JerryZ
1787147201435411746,PPS-GC,sender_signaling,pps_gc_share_generation,sender,270,false,32,2,recipient_bits=16;location_bytes=32,9919,68,measured,ok,unavailable,rustc,nightly-2021-05-06,Release,JerryZ
1787147201436510538,PPS-GC,sender_signaling,pps_gc_sender_preparation,sender,270,false,32,2,recipient_bits=16;location_bytes=32,431,68,measured,ok,unavailable,rustc,nightly-2021-05-06,Release,JerryZ
1787147201437873547,PPS-GC,sender_signaling,message_encryption,sender,270,false,32,2,recipient_bits=16;location_bytes=32,-1,,not_applicable,not_applicable,unavailable,rustc,nightly-2021-05-06,Release,JerryZ
1787147201438999174,PPS-GC,sender_signaling,pps_gc_sender_total_signaling,sender,270,false,32,2,recipient_bits=16;location_bytes=32,10249,68,measured,ok,unavailable,rustc,nightly-2021-05-06,Release,JerryZ
1787147201440678619,PPS-GC,sender_signaling,pps_gc_share_generation,sender,271,false,32,2,recipient_bits=16;location_bytes=32,21471,68,measured,ok,unavailable,rustc,nightly-2021-05-06,Release,JerryZ
1787147201442167060,PPS-GC,sender_signaling,pps_gc_sender_preparation,sender,271,false,32,2,recipient_bits=16;location_bytes=32,368,68,measured,ok,unavailable,rustc,nightly-2021-05-06,Release,JerryZ
1787147201443415350,PPS-GC,sender_signaling,message_encryption,sender,271,false,32,2,recipient_bits=16;location_bytes=32,-1,,not_applicable,not_applicable,unavailable,rustc,nightly-2021-05-06,Release,JerryZ
1787147201445282323,PPS-GC,sender_signaling,pps_gc_sender_total_signaling,sender,271,false,32,2,recipient_bits=16;location_bytes=32,11232,68,measured,ok,unavailable,rustc,nightly-2021-05-06,Release,JerryZ
1787147201446750100,PPS-GC,sender_signaling,pps_gc_share_generation,sender,272,false,32,2,recipient_bits=16;location_bytes=32,10038,68,measured,ok,unavailable,rustc,nightly-2021-05-06,Release,JerryZ
1787147201448144646,PPS-GC,sender_signaling,pps_gc_sender_preparation,sender,272,false,32,2,recipient_bits=16;location_bytes=32,771,68,measured,ok,unavailable,rustc,nightly-2021-05-06,Release,JerryZ
1787147201449474658,PPS-GC,sender_signaling,message_encryption,sender,272,false,32,2,recipient_bits=16;location_bytes=32,-1,,not_applicable,not_applicable,unavailable,rustc,nightly-2021-05-06,Release,JerryZ
1787147201450738418,PPS-GC,sender_signaling,pps_gc_sender_total_signaling,sender,272,false,32,2,recipient_bits=16;location_bytes=32,10846,68,measured,ok,unavailable,rustc,nightly-2021-05-06,Release,JerryZ
1787147201452026478,PPS-GC,sender_signaling,pps_gc_share_generation,sender,273,false,32,2,recipient_bits=16;location_bytes=32,9799,68,measured,ok,unavailable,rustc,nightly-2021-05-06,Release,JerryZ
1787147201453236238,PPS-GC,sender_signaling,pps_gc_sender_preparation,sender,273,false,32,2,recipient_bits=16;location_bytes=32,257,68,measured,ok,unavailable,rustc,nightly-2021-05-06,Release,JerryZ
1787147201454547988,PPS-GC,sender_signaling,message_encryption,sender,273,false,32,2,recipient_bits=16;location_bytes=32,-1,,not_applicable,not_applicable,unavailable,rustc,nightly-2021-05-06,Release,JerryZ
1787147201456041163,PPS-GC,sender_signaling,pps_gc_sender_total_signaling,sender,273,false,32,2,recipient_bits=16;location_bytes=32,11232,68,measured,ok,unavailable,rustc,nightly-2021-05-06,Release,JerryZ
1787147201457238616,PPS-GC,sender_signaling,pps_gc_share_generation,sender,274,false,32,2,recipient_bits=16;location_bytes=32,10561,68,measured,ok,unavailable,rustc,nightly-2021-05-06,Release,JerryZ
1787147201458519081,PPS-GC,sender_signaling,pps_gc_sender_preparation,sender,274,false,32,2,recipient_bits=16;location_bytes=32,459,68,measured,ok,unavailable,rustc,nightly-2021-05-06,Release,JerryZ
1787147201459689433,PPS-GC,sender_signaling,message_encryption,sender,274,false,32,2,recipient_bits=16;location_bytes=32,-1,,not_applicable,not_applicable,unavailable,rustc,nightly-2021-05-06,Release,JerryZ
1787147201460952284,PPS-GC,sender_signaling,pps_gc_sender_total_signaling,sender,274,false,32,2,recipient_bits=16;location_bytes=32,10515,68,measured,ok,unavailable,rustc,nightly-2021-05-06,Release,JerryZ
1787147201462449909,PPS-GC,sender_signaling,pps_gc_share_generation,sender,275,false,32,2,recipient_bits=16;location_bytes=32,9634,68,measured,ok,unavailable,rustc,nightly-2021-05-06,Release,JerryZ
1787147201463616100,PPS-GC,sender_signaling,pps_gc_sender_preparation,sender,275,false,32,2,recipient_bits=16;location_bytes=32,211,68,measured,ok,unavailable,rustc,nightly-2021-05-06,Release,JerryZ
1787147201465085278,PPS-GC,sender_signaling,message_encryption,sender,275,false,32,2,recipient_bits=16;location_bytes=32,-1,,not_applicable,not_applicable,unavailable,rustc,nightly-2021-05-06,Release,JerryZ
1787147201466556192,PPS-GC,sender_signaling,pps_gc_sender_total_signaling,sender,275,false,32,2,recipient_bits=16;location_bytes=32,10846,68,measured,ok,unavailable,rustc,nightly-2021-05-06,Release,JerryZ
1787147201467947561,PPS-GC,sender_signaling,pps_gc_share_generation,sender,276,false,32,2,recipient_bits=16;location_bytes=32,9597,68,measured,ok,unavailable,rustc,nightly-2021-05-06,Release,JerryZ
1787147201468990568,PPS-GC,sender_signaling,pps_gc_sender_preparation,sender,276,false,32,2,recipient_bits=16;location_bytes=32,147,68,measured,ok,unavailable,rustc,nightly-2021-05-06,Release,JerryZ
1787147201470124804,PPS-GC,sender_signaling,message_encryption,sender,276,false,32,2,recipient_bits=16;location_bytes=32,-1,,not_applicable,not_applicable,unavailable,rustc,nightly-2021-05-06,Release,JerryZ
1787147201471851867,PPS-GC,sender_signaling,pps_gc_sender_total_signaling,sender,276,false,32,2,recipient_bits=16;location_bytes=32,12802,68,measured,ok,unavailable,rustc,nightly-2021-05-06,Release,JerryZ
1787147201473156118,PPS-GC,sender_signaling,pps_gc_share_generation,sender,277,false,32,2,recipient_bits=16;location_bytes=32,10037,68,measured,ok,unavailable,rustc,nightly-2021-05-06,Release,JerryZ
1787147201474401621,PPS-GC,sender_signaling,pps_gc_sender_preparation,sender,277,false,32,2,recipient_bits=16;location_bytes=32,377,68,measured,ok,unavailable,rustc,nightly-2021-05-06,Release,JerryZ
1787147201475654691,PPS-GC,sender_signaling,message_encryption,sender,277,false,32,2,recipient_bits=16;location_bytes=32,-1,,not_applicable,not_applicable,unavailable,rustc,nightly-2021-05-06,Release,JerryZ
1787147201476798070,PPS-GC,sender_signaling,pps_gc_sender_total_signaling,sender,277,false,32,2,recipient_bits=16;location_bytes=32,10451,68,measured,ok,unavailable,rustc,nightly-2021-05-06,Release,JerryZ
1787147201477977542,PPS-GC,sender_signaling,pps_gc_share_generation,sender,278,false,32,2,recipient_bits=16;location_bytes=32,9771,68,measured,ok,unavailable,rustc,nightly-2021-05-06,Release,JerryZ
1787147201479553219,PPS-GC,sender_signaling,pps_gc_sender_preparation,sender,278,false,32,2,recipient_bits=16;location_bytes=32,212,68,measured,ok,unavailable,rustc,nightly-2021-05-06,Release,JerryZ
1787147201480859307,PPS-GC,sender_signaling,message_encryption,sender,278,false,32,2,recipient_bits=16;location_bytes=32,-1,,not_applicable,not_applicable,unavailable,rustc,nightly-2021-05-06,Release,JerryZ
1787147201481972697,PPS-GC,sender_signaling,pps_gc_sender_total_signaling,sender,278,false,32,2,recipient_bits=16;location_bytes=32,10874,68,measured,ok,unavailable,rustc,nightly-2021-05-06,Release,JerryZ
1787147201483189771,PPS-GC,sender_signaling,pps_gc_share_generation,sender,279,false,32,2,recipient_bits=16;location_bytes=32,10084,68,measured,ok,unavailable,rustc,nightly-2021-05-06,Release,JerryZ
1787147201484576777,PPS-GC,sender_signaling,pps_gc_sender_preparation,sender,279,false,32,2,recipient_bits=16;location_bytes=32,147,68,measured,ok,unavailable,rustc,nightly-2021-05-06,Release,JerryZ
1787147201486272441,PPS-GC,sender_signaling,message_encryption,sender,279,false,32,2,recipient_bits=16;location_bytes=32,-1,,not_applicable,not_applicable,unavailable,rustc,nightly-2021-05-06,Release,JerryZ
1787147201487600216,PPS-GC,sender_signaling,pps_gc_sender_total_signaling,sender,279,false,32,2,recipient_bits=16;location_bytes=32,11544,68,measured,ok,unavailable,rustc,nightly-2021-05-06,Release,JerryZ
1787147201489151011,PPS-GC,sender_signaling,pps_gc_share_generation,sender,280,false,32,2,recipient_bits=16;location_bytes=32,11719,68,measured,ok,unavailable,rustc,nightly-2021-05-06,Release,JerryZ
1787147201490383628,PPS-GC,sender_signaling,pps_gc_sender_preparation,sender,280,false,32,2,recipient_bits=16;location_bytes=32,560,68,measured,ok,unavailable,rustc,nightly-2021-05-06,Release,JerryZ
1787147201492097650,PPS-GC,sender_signaling,message_encryption,sender,280,false,32,2,recipient_bits=16;location_bytes=32,-1,,not_applicable,not_applicable,unavailable,rustc,nightly-2021-05-06,Release,JerryZ
1787147201493351189,PPS-GC,sender_signaling,pps_gc_sender_total_signaling,sender,280,false,32,2,recipient_bits=16;location_bytes=32,10681,68,measured,ok,unavailable,rustc,nightly-2021-05-06,Release,JerryZ
1787147201494641912,PPS-GC,sender_signaling,pps_gc_share_generation,sender,281,false,32,2,recipient_bits=16;location_bytes=32,10360,68,measured,ok,unavailable,rustc,nightly-2021-05-06,Release,JerryZ
1787147201496108863,PPS-GC,sender_signaling,pps_gc_sender_preparation,sender,281,false,32,2,recipient_bits=16;location_bytes=32,468,68,measured,ok,unavailable,rustc,nightly-2021-05-06,Release,JerryZ
1787147201497212963,PPS-GC,sender_signaling,message_encryption,sender,281,false,32,2,recipient_bits=16;location_bytes=32,-1,,not_applicable,not_applicable,unavailable,rustc,nightly-2021-05-06,Release,JerryZ
1787147201498671686,PPS-GC,sender_signaling,pps_gc_sender_total_signaling,sender,281,false,32,2,recipient_bits=16;location_bytes=32,23097,68,measured,ok,unavailable,rustc,nightly-2021-05-06,Release,JerryZ
1787147201499898912,PPS-GC,sender_signaling,pps_gc_share_generation,sender,282,false,32,2,recipient_bits=16;location_bytes=32,9946,68,measured,ok,unavailable,rustc,nightly-2021-05-06,Release,JerryZ
1787147201501139704,PPS-GC,sender_signaling,pps_gc_sender_preparation,sender,282,false,32,2,recipient_bits=16;location_bytes=32,147,68,measured,ok,unavailable,rustc,nightly-2021-05-06,Release,JerryZ
1787147201502552213,PPS-GC,sender_signaling,message_encryption,sender,282,false,32,2,recipient_bits=16;location_bytes=32,-1,,not_applicable,not_applicable,unavailable,rustc,nightly-2021-05-06,Release,JerryZ
1787147201503974715,PPS-GC,sender_signaling,pps_gc_sender_total_signaling,sender,282,false,32,2,recipient_bits=16;location_bytes=32,10957,68,measured,ok,unavailable,rustc,nightly-2021-05-06,Release,JerryZ
1787147201505281244,PPS-GC,sender_signaling,pps_gc_share_generation,sender,283,false,32,2,recipient_bits=16;location_bytes=32,29039,68,measured,ok,unavailable,rustc,nightly-2021-05-06,Release,JerryZ
1787147201506637824,PPS-GC,sender_signaling,pps_gc_sender_preparation,sender,283,false,32,2,recipient_bits=16;location_bytes=32,487,68,measured,ok,unavailable,rustc,nightly-2021-05-06,Release,JerryZ
1787147201507776593,PPS-GC,sender_signaling,message_encryption,sender,283,false,32,2,recipient_bits=16;location_bytes=32,-1,,not_applicable,not_applicable,unavailable,rustc,nightly-2021-05-06,Release,JerryZ
1787147201509060034,PPS-GC,sender_signaling,pps_gc_sender_total_signaling,sender,283,false,32,2,recipient_bits=16;location_bytes=32,22463,68,measured,ok,unavailable,rustc,nightly-2021-05-06,Release,JerryZ
1787147201511013119,PPS-GC,sender_signaling,pps_gc_share_generation,sender,284,false,32,2,recipient_bits=16;location_bytes=32,10534,68,measured,ok,unavailable,rustc,nightly-2021-05-06,Release,JerryZ
1787147201512198689,PPS-GC,sender_signaling,pps_gc_sender_preparation,sender,284,false,32,2,recipient_bits=16;location_bytes=32,395,68,measured,ok,unavailable,rustc,nightly-2021-05-06,Release,JerryZ
1787147201513688931,PPS-GC,sender_signaling,message_encryption,sender,284,false,32,2,recipient_bits=16;location_bytes=32,-1,,not_applicable,not_applicable,unavailable,rustc,nightly-2021-05-06,Release,JerryZ
1787147201514995303,PPS-GC,sender_signaling,pps_gc_sender_total_signaling,sender,284,false,32,2,recipient_bits=16;location_bytes=32,10580,68,measured,ok,unavailable,rustc,nightly-2021-05-06,Release,JerryZ
1787147201516531013,PPS-GC,sender_signaling,pps_gc_share_generation,sender,285,false,32,2,recipient_bits=16;location_bytes=32,22188,68,measured,ok,unavailable,rustc,nightly-2021-05-06,Release,JerryZ
1787147201517912445,PPS-GC,sender_signaling,pps_gc_sender_preparation,sender,285,false,32,2,recipient_bits=16;location_bytes=32,652,68,measured,ok,unavailable,rustc,nightly-2021-05-06,Release,JerryZ
1787147201519269654,PPS-GC,sender_signaling,message_encryption,sender,285,false,32,2,recipient_bits=16;location_bytes=32,-1,,not_applicable,not_applicable,unavailable,rustc,nightly-2021-05-06,Release,JerryZ
1787147201520682205,PPS-GC,sender_signaling,pps_gc_sender_total_signaling,sender,285,false,32,2,recipient_bits=16;location_bytes=32,11415,68,measured,ok,unavailable,rustc,nightly-2021-05-06,Release,JerryZ
1787147201522580967,PPS-GC,sender_signaling,pps_gc_share_generation,sender,286,false,32,2,recipient_bits=16;location_bytes=32,11976,68,measured,ok,unavailable,rustc,nightly-2021-05-06,Release,JerryZ
1787147201523640223,PPS-GC,sender_signaling,pps_gc_sender_preparation,sender,286,false,32,2,recipient_bits=16;location_bytes=32,422,68,measured,ok,unavailable,rustc,nightly-2021-05-06,Release,JerryZ
1787147201525058032,PPS-GC,sender_signaling,message_encryption,sender,286,false,32,2,recipient_bits=16;location_bytes=32,-1,,not_applicable,not_applicable,unavailable,rustc,nightly-2021-05-06,Release,JerryZ
1787147201526622239,PPS-GC,sender_signaling,pps_gc_sender_total_signaling,sender,286,false,32,2,recipient_bits=16;location_bytes=32,11122,68,measured,ok,unavailable,rustc,nightly-2021-05-06,Release,JerryZ
1787147201527704573,PPS-GC,sender_signaling,pps_gc_share_generation,sender,287,false,32,2,recipient_bits=16;location_bytes=32,9597,68,measured,ok,unavailable,rustc,nightly-2021-05-06,Release,JerryZ
1787147201528751542,PPS-GC,sender_signaling,pps_gc_sender_preparation,sender,287,false,32,2,recipient_bits=16;location_bytes=32,156,68,measured,ok,unavailable,rustc,nightly-2021-05-06,Release,JerryZ
1787147201529918312,PPS-GC,sender_signaling,message_encryption,sender,287,false,32,2,recipient_bits=16;location_bytes=32,-1,,not_applicable,not_applicable,unavailable,rustc,nightly-2021-05-06,Release,JerryZ
1787147201531323217,PPS-GC,sender_signaling,pps_gc_sender_total_signaling,sender,287,false,32,2,recipient_bits=16;location_bytes=32,22307,68,measured,ok,unavailable,rustc,nightly-2021-05-06,Release,JerryZ
1787147201532556211,PPS-GC,sender_signaling,pps_gc_share_generation,sender,288,false,32,2,recipient_bits=16;location_bytes=32,9763,68,measured,ok,unavailable,rustc,nightly-2021-05-06,Release,JerryZ
1787147201534012151,PPS-GC,sender_signaling,pps_gc_sender_preparation,sender,288,false,32,2,recipient_bits=16;location_bytes=32,193,68,measured,ok,unavailable,rustc,nightly-2021-05-06,Release,JerryZ
1787147201535188289,PPS-GC,sender_signaling,message_encryption,sender,288,false,32,2,recipient_bits=16;location_bytes=32,-1,,not_applicable,not_applicable,unavailable,rustc,nightly-2021-05-06,Release,JerryZ
1787147201536565524,PPS-GC,sender_signaling,pps_gc_sender_total_signaling,sender,288,false,32,2,recipient_bits=16;location_bytes=32,25990,68,measured,ok,unavailable,rustc,nightly-2021-05-06,Release,JerryZ
1787147201538022133,PPS-GC,sender_signaling,pps_gc_share_generation,sender,289,false,32,2,recipient_bits=16;location_bytes=32,10166,68,measured,ok,unavailable,rustc,nightly-2021-05-06,Release,JerryZ
1787147201539124268,PPS-GC,sender_signaling,pps_gc_sender_preparation,sender,289,false,32,2,recipient_bits=16;location_bytes=32,221,68,measured,ok,unavailable,rustc,nightly-2021-05-06,Release,JerryZ
1787147201540613976,PPS-GC,sender_signaling,message_encryption,sender,289,false,32,2,recipient_bits=16;location_bytes=32,-1,,not_applicable,not_applicable,unavailable,rustc,nightly-2021-05-06,Release,JerryZ
1787147201541730870,PPS-GC,sender_signaling,pps_gc_sender_total_signaling,sender,289,false,32,2,recipient_bits=16;location_bytes=32,10295,68,measured,ok,unavailable,rustc,nightly-2021-05-06,Release,JerryZ
1787147201542825823,PPS-GC,sender_signaling,pps_gc_share_generation,sender,290,false,32,2,recipient_bits=16;location_bytes=32,9579,68,measured,ok,unavailable,rustc,nightly-2021-05-06,Release,JerryZ
1787147201543892279,PPS-GC,sender_signaling,pps_gc_sender_preparation,sender,290,false,32,2,recipient_bits=16;location_bytes=32,147,68,measured,ok,unavailable,rustc,nightly-2021-05-06,Release,JerryZ
1787147201545383466,PPS-GC,sender_signaling,message_encryption,sender,290,false,32,2,recipient_bits=16;location_bytes=32,-1,,not_applicable,not_applicable,unavailable,rustc,nightly-2021-05-06,Release,JerryZ
1787147201546732566,PPS-GC,sender_signaling,pps_gc_sender_total_signaling,sender,290,false,32,2,recipient_bits=16;location_bytes=32,22408,68,measured,ok,unavailable,rustc,nightly-2021-05-06,Release,JerryZ
1787147201548083044,PPS-GC,sender_signaling,pps_gc_share_generation,sender,291,false,32,2,recipient_bits=16;location_bytes=32,10276,68,measured,ok,unavailable,rustc,nightly-2021-05-06,Release,JerryZ
1787147201550077124,PPS-GC,sender_signaling,pps_gc_sender_preparation,sender,291,false,32,2,recipient_bits=16;location_bytes=32,578,68,measured,ok,unavailable,rustc,nightly-2021-05-06,Release,JerryZ
1787147201551304535,PPS-GC,sender_signaling,message_encryption,sender,291,false,32,2,recipient_bits=16;location_bytes=32,-1,,not_applicable,not_applicable,unavailable,rustc,nightly-2021-05-06,Release,JerryZ
1787147201553229627,PPS-GC,sender_signaling,pps_gc_sender_total_signaling,sender,291,false,32,2,recipient_bits=16;location_bytes=32,11856,68,measured,ok,unavailable,rustc,nightly-2021-05-06,Release,JerryZ
1787147201554756245,PPS-GC,sender_signaling,pps_gc_share_generation,sender,292,false,32,2,recipient_bits=16;location_bytes=32,10350,68,measured,ok,unavailable,rustc,nightly-2021-05-06,Release,JerryZ
1787147201556443946,PPS-GC,sender_signaling,pps_gc_sender_preparation,sender,292,false,32,2,recipient_bits=16;location_bytes=32,422,68,measured,ok,unavailable,rustc,nightly-2021-05-06,Release,JerryZ
1787147201557887084,PPS-GC,sender_signaling,message_encryption,sender,292,false,32,2,recipient_bits=16;location_bytes=32,-1,,not_applicable,not_applicable,unavailable,rustc,nightly-2021-05-06,Release,JerryZ
1787147201559061257,PPS-GC,sender_signaling,pps_gc_sender_total_signaling,sender,292,false,32,2,recipient_bits=16;location_bytes=32,10846,68,measured,ok,unavailable,rustc,nightly-2021-05-06,Release,JerryZ
1787147201560141351,PPS-GC,sender_signaling,pps_gc_share_generation,sender,293,false,32,2,recipient_bits=16;location_bytes=32,9533,68,measured,ok,unavailable,rustc,nightly-2021-05-06,Release,JerryZ
1787147201561238087,PPS-GC,sender_signaling,pps_gc_sender_preparation,sender,293,false,32,2,recipient_bits=16;location_bytes=32,156,68,measured,ok,unavailable,rustc,nightly-2021-05-06,Release,JerryZ
1787147201562591352,PPS-GC,sender_signaling,message_encryption,sender,293,false,32,2,recipient_bits=16;location_bytes=32,-1,,not_applicable,not_applicable,unavailable,rustc,nightly-2021-05-06,Release,JerryZ
1787147201564368026,PPS-GC,sender_signaling,pps_gc_sender_total_signaling,sender,293,false,32,2,recipient_bits=16;location_bytes=32,13087,68,measured,ok,unavailable,rustc,nightly-2021-05-06,Release,JerryZ
1787147201565769864,PPS-GC,sender_signaling,pps_gc_share_generation,sender,294,false,32,2,recipient_bits=16;location_bytes=32,10313,68,measured,ok,unavailable,rustc,nightly-2021-05-06,Release,JerryZ
1787147201567123092,PPS-GC,sender_signaling,pps_gc_sender_preparation,sender,294,false,32,2,recipient_bits=16;location_bytes=32,376,68,measured,ok,unavailable,rustc,nightly-2021-05-06,Release,JerryZ
1787147201568446739,PPS-GC,sender_signaling,message_encryption,sender,294,false,32,2,recipient_bits=16;location_bytes=32,-1,,not_applicable,not_applicable,unavailable,rustc,nightly-2021-05-06,Release,JerryZ
1787147201569669576,PPS-GC,sender_signaling,pps_gc_sender_total_signaling,sender,294,false,32,2,recipient_bits=16;location_bytes=32,11030,68,measured,ok,unavailable,rustc,nightly-2021-05-06,Release,JerryZ
1787147201571288551,PPS-GC,sender_signaling,pps_gc_share_generation,sender,295,false,32,2,recipient_bits=16;location_bytes=32,11048,68,measured,ok,unavailable,rustc,nightly-2021-05-06,Release,JerryZ
1787147201572416845,PPS-GC,sender_signaling,pps_gc_sender_preparation,sender,295,false,32,2,recipient_bits=16;location_bytes=32,404,68,measured,ok,unavailable,rustc,nightly-2021-05-06,Release,JerryZ
1787147201573528935,PPS-GC,sender_signaling,message_encryption,sender,295,false,32,2,recipient_bits=16;location_bytes=32,-1,,not_applicable,not_applicable,unavailable,rustc,nightly-2021-05-06,Release,JerryZ
1787147201574709665,PPS-GC,sender_signaling,pps_gc_sender_total_signaling,sender,295,false,32,2,recipient_bits=16;location_bytes=32,21766,68,measured,ok,unavailable,rustc,nightly-2021-05-06,Release,JerryZ
1787147201576194543,PPS-GC,sender_signaling,pps_gc_share_generation,sender,296,false,32,2,recipient_bits=16;location_bytes=32,9588,68,measured,ok,unavailable,rustc,nightly-2021-05-06,Release,JerryZ
1787147201577604113,PPS-GC,sender_signaling,pps_gc_sender_preparation,sender,296,false,32,2,recipient_bits=16;location_bytes=32,147,68,measured,ok,unavailable,rustc,nightly-2021-05-06,Release,JerryZ
1787147201578780040,PPS-GC,sender_signaling,message_encryption,sender,296,false,32,2,recipient_bits=16;location_bytes=32,-1,,not_applicable,not_applicable,unavailable,rustc,nightly-2021-05-06,Release,JerryZ
1787147201580477191,PPS-GC,sender_signaling,pps_gc_sender_total_signaling,sender,296,false,32,2,recipient_bits=16;location_bytes=32,22739,68,measured,ok,unavailable,rustc,nightly-2021-05-06,Release,JerryZ
1787147201581948357,PPS-GC,sender_signaling,pps_gc_share_generation,sender,297,false,32,2,recipient_bits=16;location_bytes=32,9974,68,measured,ok,unavailable,rustc,nightly-2021-05-06,Release,JerryZ
1787147201583332682,PPS-GC,sender_signaling,pps_gc_sender_preparation,sender,297,false,32,2,recipient_bits=16;location_bytes=32,211,68,measured,ok,unavailable,rustc,nightly-2021-05-06,Release,JerryZ
1787147201584587295,PPS-GC,sender_signaling,message_encryption,sender,297,false,32,2,recipient_bits=16;location_bytes=32,-1,,not_applicable,not_applicable,unavailable,rustc,nightly-2021-05-06,Release,JerryZ
1787147201585862581,PPS-GC,sender_signaling,pps_gc_sender_total_signaling,sender,297,false,32,2,recipient_bits=16;location_bytes=32,10524,68,measured,ok,unavailable,rustc,nightly-2021-05-06,Release,JerryZ
1787147201586981540,PPS-GC,sender_signaling,pps_gc_share_generation,sender,298,false,32,2,recipient_bits=16;location_bytes=32,9698,68,measured,ok,unavailable,rustc,nightly-2021-05-06,Release,JerryZ
1787147201588553443,PPS-GC,sender_signaling,pps_gc_sender_preparation,sender,298,false,32,2,recipient_bits=16;location_bytes=32,211,68,measured,ok,unavailable,rustc,nightly-2021-05-06,Release,JerryZ
1787147201589943544,PPS-GC,sender_signaling,message_encryption,sender,298,false,32,2,recipient_bits=16;location_bytes=32,-1,,not_applicable,not_applicable,unavailable,rustc,nightly-2021-05-06,Release,JerryZ
1787147201591262342,PPS-GC,sender_signaling,pps_gc_sender_total_signaling,sender,298,false,32,2,recipient_bits=16;location_bytes=32,11094,68,measured,ok,unavailable,rustc,nightly-2021-05-06,Release,JerryZ
1787147201592417913,PPS-GC,sender_signaling,pps_gc_share_generation,sender,299,false,32,2,recipient_bits=16;location_bytes=32,21564,68,measured,ok,unavailable,rustc,nightly-2021-05-06,Release,JerryZ
1787147201593836783,PPS-GC,sender_signaling,pps_gc_sender_preparation,sender,299,false,32,2,recipient_bits=16;location_bytes=32,294,68,measured,ok,unavailable,rustc,nightly-2021-05-06,Release,JerryZ
1787147201595412083,PPS-GC,sender_signaling,message_encryption,sender,299,false,32,2,recipient_bits=16;location_bytes=32,-1,,not_applicable,not_applicable,unavailable,rustc,nightly-2021-05-06,Release,JerryZ
1787147201596619180,PPS-GC,sender_signaling,pps_gc_sender_total_signaling,sender,299,false,32,2,recipient_bits=16;location_bytes=32,22886,68,measured,ok,unavailable,rustc,nightly-2021-05-06,Release,JerryZ
1787147201598316753,PPS-GC,sender_signaling,pps_gc_share_generation,sender,300,false,32,2,recipient_bits=16;location_bytes=32,10286,68,measured,ok,unavailable,rustc,nightly-2021-05-06,Release,JerryZ
1787147201599455522,PPS-GC,sender_signaling,pps_gc_sender_preparation,sender,300,false,32,2,recipient_bits=16;location_bytes=32,496,68,measured,ok,unavailable,rustc,nightly-2021-05-06,Release,JerryZ
1787147201601061947,PPS-GC,sender_signaling,message_encryption,sender,300,false,32,2,recipient_bits=16;location_bytes=32,-1,,not_applicable,not_applicable,unavailable,rustc,nightly-2021-05-06,Release,JerryZ
1787147201602425085,PPS-GC,sender_signaling,pps_gc_sender_total_signaling,sender,300,false,32,2,recipient_bits=16;location_bytes=32,10727,68,measured,ok,unavailable,rustc,nightly-2021-05-06,Release,JerryZ
1787147201603527900,PPS-GC,sender_signaling,pps_gc_share_generation,sender,301,false,32,2,recipient_bits=16;location_bytes=32,9514,68,measured,ok,unavailable,rustc,nightly-2021-05-06,Release,JerryZ
1787147201604908708,PPS-GC,sender_signaling,pps_gc_sender_preparation,sender,301,false,32,2,recipient_bits=16;location_bytes=32,156,68,measured,ok,unavailable,rustc,nightly-2021-05-06,Release,JerryZ
1787147201606028995,PPS-GC,sender_signaling,message_encryption,sender,301,false,32,2,recipient_bits=16;location_bytes=32,-1,,not_applicable,not_applicable,unavailable,rustc,nightly-2021-05-06,Release,JerryZ
1787147201607122061,PPS-GC,sender_signaling,pps_gc_sender_total_signaling,sender,301,false,32,2,recipient_bits=16;location_bytes=32,9946,68,measured,ok,unavailable,rustc,nightly-2021-05-06,Release,JerryZ
1787147201608413730,PPS-GC,sender_signaling,pps_gc_share_generation,sender,302,false,32,2,recipient_bits=16;location_bytes=32,9698,68,measured,ok,unavailable,rustc,nightly-2021-05-06,Release,JerryZ
1787147201609609319,PPS-GC,sender_signaling,pps_gc_sender_preparation,sender,302,false,32,2,recipient_bits=16;location_bytes=32,230,68,measured,ok,unavailable,rustc,nightly-2021-05-06,Release,JerryZ
1787147201610893655,PPS-GC,sender_signaling,message_encryption,sender,302,false,32,2,recipient_bits=16;location_bytes=32,-1,,not_applicable,not_applicable,unavailable,rustc,nightly-2021-05-06,Release,JerryZ
1787147201612707050,PPS-GC,sender_signaling,pps_gc_sender_total_signaling,sender,302,false,32,2,recipient_bits=16;location_bytes=32,12444,68,measured,ok,unavailable,rustc,nightly-2021-05-06,Release,JerryZ
1787147201614065311,PPS-GC,sender_signaling,pps_gc_share_generation,sender,303,false,32,2,recipient_bits=16;location_bytes=32,10479,68,measured,ok,unavailable,rustc,nightly-2021-05-06,Release,JerryZ
1787147201615267237,PPS-GC,sender_signaling,pps_gc_sender_preparation,sender,303,false,32,2,recipient_bits=16;location_bytes=32,266,68,measured,ok,unavailable,rustc,nightly-2021-05-06,Release,JerryZ
1787147201616536590,PPS-GC,sender_signaling,message_encryption,sender,303,false,32,2,recipient_bits=16;location_bytes=32,-1,,not_applicable,not_applicable,unavailable,rustc,nightly-2021-05-06,Release,JerryZ
1787147201617729653,PPS-GC,sender_signaling,pps_gc_sender_total_signaling,sender,303,false,32,2,recipient_bits=16;location_bytes=32,10663,68,measured,ok,unavailable,rustc,nightly-2021-05-06,Release,JerryZ
1787147201619222080,PPS-GC,sender_signaling,pps_gc_share_generation,sender,304,false,32,2,recipient_bits=16;location_bytes=32,9928,68,measured,ok,unavailable,rustc,nightly-2021-05-06,Release,JerryZ
1787147201620416263,PPS-GC,sender_signaling,pps_gc_sender_preparation,sender,304,false,32,2,recipient_bits=16;location_bytes=32,211,68,measured,ok,unavailable,rustc,nightly-2021-05-06,Release,JerryZ
1787147201621718650,PPS-GC,sender_signaling,message_encryption,sender,304,false,32,2,recipient_bits=16;location_bytes=32,-1,,not_applicable,not_applicable,unavailable,rustc,nightly-2021-05-06,Release,JerryZ
1787147201622990244,PPS-GC,sender_signaling,pps_gc_sender_total_signaling,sender,304,false,32,2,recipient_bits=16;location_bytes=32,11599,68,measured,ok,unavailable,rustc,nightly-2021-05-06,Release,JerryZ
1787147201624644751,PPS-GC,sender_signaling,pps_gc_share_generation,sender,305,false,32,2,recipient_bits=16;location_bytes=32,13693,68,measured,ok,unavailable,rustc,nightly-2021-05-06,Release,JerryZ
1787147201626061425,PPS-GC,sender_signaling,pps_gc_sender_preparation,sender,305,false,32,2,recipient_bits=16;location_bytes=32,523,68,measured,ok,unavailable,rustc,nightly-2021-05-06,Release,JerryZ
1787147201627491976,PPS-GC,sender_signaling,message_encryption,sender,305,false,32,2,recipient_bits=16;location_bytes=32,-1,,not_applicable,not_applicable,unavailable,rustc,nightly-2021-05-06,Release,JerryZ
1787147201629039234,PPS-GC,sender_signaling,pps_gc_sender_total_signaling,sender,305,false,32,2,recipient_bits=16;location_bytes=32,11654,68,measured,ok,unavailable,rustc,nightly-2021-05-06,Release,JerryZ
1787147201630653061,PPS-GC,sender_signaling,pps_gc_share_generation,sender,306,false,32,2,recipient_bits=16;location_bytes=32,10286,68,measured,ok,unavailable,rustc,nightly-2021-05-06,Release,JerryZ
1787147201631958846,PPS-GC,sender_signaling,pps_gc_sender_preparation,sender,306,false,32,2,recipient_bits=16;location_bytes=32,432,68,measured,ok,unavailable,rustc,nightly-2021-05-06,Release,JerryZ
1787147201633077558,PPS-GC,sender_signaling,message_encryption,sender,306,false,32,2,recipient_bits=16;location_bytes=32,-1,,not_applicable,not_applicable,unavailable,rustc,nightly-2021-05-06,Release,JerryZ
1787147201634577212,PPS-GC,sender_signaling,pps_gc_sender_total_signaling,sender,306,false,32,2,recipient_bits=16;location_bytes=32,10387,68,measured,ok,unavailable,rustc,nightly-2021-05-06,Release,JerryZ
1787147201635693802,PPS-GC,sender_signaling,pps_gc_share_generation,sender,307,false,32,2,recipient_bits=16;location_bytes=32,21408,68,measured,ok,unavailable,rustc,nightly-2021-05-06,Release,JerryZ
1787147201636947534,PPS-GC,sender_signaling,pps_gc_sender_preparation,sender,307,false,32,2,recipient_bits=16;location_bytes=32,275,68,measured,ok,unavailable,rustc,nightly-2021-05-06,Release,JerryZ
1787147201638112008,PPS-GC,sender_signaling,message_encryption,sender,307,false,32,2,recipient_bits=16;location_bytes=32,-1,,not_applicable,not_applicable,unavailable,rustc,nightly-2021-05-06,Release,JerryZ
1787147201639337775,PPS-GC,sender_signaling,pps_gc_sender_total_signaling,sender,307,false,32,2,recipient_bits=16;location_bytes=32,10350,68,measured,ok,unavailable,rustc,nightly-2021-05-06,Release,JerryZ
1787147201640542988,PPS-GC,sender_signaling,pps_gc_share_generation,sender,308,false,32,2,recipient_bits=16;location_bytes=32,23015,68,measured,ok,unavailable,rustc,nightly-2021-05-06,Release,JerryZ
1787147201642226850,PPS-GC,sender_signaling,pps_gc_sender_preparation,sender,308,false,32,2,recipient_bits=16;location_bytes=32,395,68,measured,ok,unavailable,rustc,nightly-2021-05-06,Release,JerryZ
1787147201643454279,PPS-GC,sender_signaling,message_encryption,sender,308,false,32,2,recipient_bits=16;location_bytes=32,-1,,not_applicable,not_applicable,unavailable,rustc,nightly-2021-05-06,Release,JerryZ
1787147201644839357,PPS-GC,sender_signaling,pps_gc_sender_total_signaling,sender,308,false,32,2,recipient_bits=16;location_bytes=32,12049,68,measured,ok,unavailable,rustc,nightly-2021-05-06,Release,JerryZ
1787147201646171573,PPS-GC,sender_signaling,pps_gc_share_generation,sender,309,false,32,2,recipient_bits=16;location_bytes=32,13776,68,measured,ok,unavailable,rustc,nightly-2021-05-06,Release,JerryZ
1787147201647337223,PPS-GC,sender_signaling,pps_gc_sender_preparation,sender,309,false,32,2,recipient_bits=16;location_bytes=32,376,68,measured,ok,unavailable,rustc,nightly-2021-05-06,Release,JerryZ
1787147201648795625,PPS-GC,sender_signaling,message_encryption,sender,309,false,32,2,recipient_bits=16;location_bytes=32,-1,,not_applicable,not_applicable,unavailable,rustc,nightly-2021-05-06,Release,JerryZ
1787147201650144390,PPS-GC,sender_signaling,pps_gc_sender_total_signaling,sender,309,false,32,2,recipient_bits=16;location_bytes=32,22537,68,measured,ok,unavailable,rustc,nightly-2021-05-06,Release,JerryZ
1787147201651406488,PPS-GC,sender_signaling,pps_gc_share_generation,sender,310,false,32,2,recipient_bits=16;location_bytes=32,10185,68,measured,ok,unavailable,rustc,nightly-2021-05-06,Release,JerryZ
1787147201652498383,PPS-GC,sender_signaling,pps_gc_sender_preparation,sender,310,false,32,2,recipient_bits=16;location_bytes=32,340,68,measured,ok,unavailable,rustc,nightly-2021-05-06,Release,JerryZ
1787147201653956527,PPS-GC,sender_signaling,message_encryption,sender,310,false,32,2,recipient_bits=16;location_bytes=32,-1,,not_applicable,not_applicable,unavailable,rustc,nightly-2021-05-06,Release,JerryZ
1787147201655611148,PPS-GC,sender_signaling,pps_gc_sender_total_signaling,sender,310,false,32,2,recipient_bits=16;location_bytes=32,11764,68,measured,ok,unavailable,rustc,nightly-2021-05-06,Release,JerryZ
1787147201657142408,PPS-GC,sender_signaling,pps_gc_share_generation,sender,311,false,32,2,recipient_bits=16;location_bytes=32,22308,68,measured,ok,unavailable,rustc,nightly-2021-05-06,Release,JerryZ
1787147201658838508,PPS-GC,sender_signaling,pps_gc_sender_preparation,sender,311,false,32,2,recipient_bits=16;location_bytes=32,836,68,measured,ok,unavailable,rustc,nightly-2021-05-06,Release,JerryZ
1787147201660967361,PPS-GC,sender_signaling,message_encryption,sender,311,false,32,2,recipient_bits=16;location_bytes=32,-1,,not_applicable,not_applicable,unavailable,rustc,nightly-2021-05-06,Release,JerryZ
1787147201662512833,PPS-GC,sender_signaling,pps_gc_sender_total_signaling,sender,311,false,32,2,recipient_bits=16;location_bytes=32,11553,68,measured,ok,unavailable,rustc,nightly-2021-05-06,Release,JerryZ
1787147201663958183,PPS-GC,sender_signaling,pps_gc_share_generation,sender,312,false,32,2,recipient_bits=16;location_bytes=32,9982,68,measured,ok,unavailable,rustc,nightly-2021-05-06,Release,JerryZ
1787147201665505162,PPS-GC,sender_signaling,pps_gc_sender_preparation,sender,312,false,32,2,recipient_bits=16;location_bytes=32,358,68,measured,ok,unavailable,rustc,nightly-2021-05-06,Release,JerryZ
1787147201666650974,PPS-GC,sender_signaling,message_encryption,sender,312,false,32,2,recipient_bits=16;location_bytes=32,-1,,not_applicable,not_applicable,unavailable,rustc,nightly-2021-05-06,Release,JerryZ
1787147201667759492,PPS-GC,sender_signaling,pps_gc_sender_total_signaling,sender,312,false,32,2,recipient_bits=16;location_bytes=32,10111,68,measured,ok,unavailable,rustc,nightly-2021-05-06,Release,JerryZ
1787147201668931571,PPS-GC,sender_signaling,pps_gc_share_generation,sender,313,false,32,2,recipient_bits=16;location_bytes=32,9505,68,measured,ok,unavailable,rustc,nightly-2021-05-06,Release,JerryZ
1787147201670129079,PPS-GC,sender_signaling,pps_gc_sender_preparation,sender,313,false,32,2,recipient_bits=16;location_bytes=32,294,68,measured,ok,unavailable,rustc,nightly-2021-05-06,Release,JerryZ
1787147201671273533,PPS-GC,sender_signaling,message_encryption,sender,313,false,32,2,recipient_bits=16;location_bytes=32,-1,,not_applicable,not_applicable,unavailable,rustc,nightly-2021-05-06,Release,JerryZ
1787147201672887626,PPS-GC,sender_signaling,pps_gc_sender_total_signaling,sender,313,false,32,2,recipient_bits=16;location_bytes=32,12416,68,measured,ok,unavailable,rustc,nightly-2021-05-06,Release,JerryZ
1787147201674351500,PPS-GC,sender_signaling,pps_gc_share_generation,sender,314,false,32,2,recipient_bits=16;location_bytes=32,22207,68,measured,ok,unavailable,rustc,nightly-2021-05-06,Release,JerryZ
1787147201675696316,PPS-GC,sender_signaling,pps_gc_sender_preparation,sender,314,false,32,2,recipient_bits=16;location_bytes=32,524,68,measured,ok,unavailable,rustc,nightly-2021-05-06,Release,JerryZ
1787147201677082229,PPS-GC,sender_signaling,message_encryption,sender,314,false,32,2,recipient_bits=16;location_bytes=32,-1,,not_applicable,not_applicable,unavailable,rustc,nightly-2021-05-06,Release,JerryZ
1787147201678457811,PPS-GC,sender_signaling,pps_gc_sender_total_signaling,sender,314,false,32,2,recipient_bits=16;location_bytes=32,10709,68,measured,ok,unavailable,rustc,nightly-2021-05-06,Release,JerryZ
1787147201679918434,PPS-GC,sender_signaling,pps_gc_share_generation,sender,315,false,32,2,recipient_bits=16;location_bytes=32,9882,68,measured,ok,unavailable,rustc,nightly-2021-05-06,Release,JerryZ
1787147201681189165,PPS-GC,sender_signaling,pps_gc_sender_preparation,sender,315,false,32,2,recipient_bits=16;location_bytes=32,284,68,measured,ok,unavailable,rustc,nightly-2021-05-06,Release,JerryZ
1787147201682390163,PPS-GC,sender_signaling,message_encryption,sender,315,false,32,2,recipient_bits=16;location_bytes=32,-1,,not_applicable,not_applicable,unavailable,rustc,nightly-2021-05-06,Release,JerryZ
1787147201683511455,PPS-GC,sender_signaling,pps_gc_sender_total_signaling,sender,315,false,32,2,recipient_bits=16;location_bytes=32,10708,68,measured,ok,unavailable,rustc,nightly-2021-05-06,Release,JerryZ
1787147201685088997,PPS-GC,sender_signaling,pps_gc_share_generation,sender,316,false,32,2,recipient_bits=16;location_bytes=32,22675,68,measured,ok,unavailable,rustc,nightly-2021-05-06,Release,JerryZ
1787147201686377250,PPS-GC,sender_signaling,pps_gc_sender_preparation,sender,316,false,32,2,recipient_bits=16;location_bytes=32,569,68,measured,ok,unavailable,rustc,nightly-2021-05-06,Release,JerryZ
1787147201687606598,PPS-GC,sender_signaling,message_encryption,sender,316,false,32,2,recipient_bits=16;location_bytes=32,-1,,not_applicable,not_applicable,unavailable,rustc,nightly-2021-05-06,Release,JerryZ
1787147201689385017,PPS-GC,sender_signaling,pps_gc_sender_total_signaling,sender,316,false,32,2,recipient_bits=16;location_bytes=32,12665,68,measured,ok,unavailable,rustc,nightly-2021-05-06,Release,JerryZ
1787147201690784816,PPS-GC,sender_signaling,pps_gc_share_generation,sender,317,false,32,2,recipient_bits=16;location_bytes=32,10386,68,measured,ok,unavailable,rustc,nightly-2021-05-06,Release,JerryZ
1787147201692188206,PPS-GC,sender_signaling,pps_gc_sender_preparation,sender,317,false,32,2,recipient_bits=16;location_bytes=32,551,68,measured,ok,unavailable,rustc,nightly-2021-05-06,Release,JerryZ
1787147201693593589,PPS-GC,sender_signaling,message_encryption,sender,317,false,32,2,recipient_bits=16;location_bytes=32,-1,,not_applicable,not_applicable,unavailable,rustc,nightly-2021-05-06,Release,JerryZ
1787147201694745620,PPS-GC,sender_signaling,pps_gc_sender_total_signaling,sender,317,false,32,2,recipient_bits=16;location_bytes=32,13151,68,measured,ok,unavailable,rustc,nightly-2021-05-06,Release,JerryZ
1787147201695838985,PPS-GC,sender_signaling,pps_gc_share_generation,sender,318,false,32,2,recipient_bits=16;location_bytes=32,9716,68,measured,ok,unavailable,rustc,nightly-2021-05-06,Release,JerryZ
1787147201697217805,PPS-GC,sender_signaling,pps_gc_sender_preparation,sender,318,false,32,2,recipient_bits=16;location_bytes=32,147,68,measured,ok,unavailable,rustc,nightly-2021-05-06,Release,JerryZ
1787147201698354664,PPS-GC,sender_signaling,message_encryption,sender,318,false,32,2,recipient_bits=16;location_bytes=32,-1,,not_applicable,not_applicable,unavailable,rustc,nightly-2021-05-06,Release,JerryZ
1787147201699473343,PPS-GC,sender_signaling,pps_gc_sender_total_signaling,sender,318,false,32,2,recipient_bits=16;location_bytes=32,9992,68,measured,ok,unavailable,rustc,nightly-2021-05-06,Release,JerryZ
1787147201700676848,PPS-GC,sender_signaling,pps_gc_share_generation,sender,319,false,32,2,recipient_bits=16;location_bytes=32,9790,68,measured,ok,unavailable,rustc,nightly-2021-05-06,Release,JerryZ
1787147201702013261,PPS-GC,sender_signaling,pps_gc_sender_preparation,sender,319,false,32,2,recipient_bits=16;location_bytes=32,293,68,measured,ok,unavailable,rustc,nightly-2021-05-06,Release,JerryZ
1787147201703666312,PPS-GC,sender_signaling,message_encryption,sender,319,false,32,2,recipient_bits=16;location_bytes=32,-1,,not_applicable,not_applicable,unavailable,rustc,nightly-2021-05-06,Release,JerryZ
1787147201705022892,PPS-GC,sender_signaling,pps_gc_sender_total_signaling,sender,319,false,32,2,recipient_bits=16;location_bytes=32,14152,68,measured,ok,unavailable,rustc,nightly-2021-05-06,Release,JerryZ
1787147201706432013,PPS-GC,sender_signaling,pps_gc_share_generation,sender,320,false,32,2,recipient_bits=16;location_bytes=32,10589,68,measured,ok,unavailable,rustc,nightly-2021-05-06,Release,JerryZ
1787147201707586927,PPS-GC,sender_signaling,pps_gc_sender_preparation,sender,320,false,32,2,recipient_bits=16;location_bytes=32,331,68,measured,ok,unavailable,rustc,nightly-2021-05-06,Release,JerryZ
1787147201709178244,PPS-GC,sender_signaling,message_encryption,sender,320,false,32,2,recipient_bits=16;location_bytes=32,-1,,not_applicable,not_applicable,unavailable,rustc,nightly-2021-05-06,Release,JerryZ
1787147201710555929,PPS-GC,sender_signaling,pps_gc_sender_total_signaling,sender,320,false,32,2,recipient_bits=16;location_bytes=32,22537,68,measured,ok,unavailable,rustc,nightly-2021-05-06,Release,JerryZ
1787147201712004623,PPS-GC,sender_signaling,pps_gc_share_generation,sender,321,false,32,2,recipient_bits=16;location_bytes=32,10386,68,measured,ok,unavailable,rustc,nightly-2021-05-06,Release,JerryZ
1787147201713280174,PPS-GC,sender_signaling,pps_gc_sender_preparation,sender,321,false,32,2,recipient_bits=16;location_bytes=32,441,68,measured,ok,unavailable,rustc,nightly-2021-05-06,Release,JerryZ
1787147201715162351,PPS-GC,sender_signaling,message_encryption,sender,321,false,32,2,recipient_bits=16;location_bytes=32,-1,,not_applicable,not_applicable,unavailable,rustc,nightly-2021-05-06,Release,JerryZ
1787147201716755602,PPS-GC,sender_signaling,pps_gc_sender_total_signaling,sender,321,false,32,2,recipient_bits=16;location_bytes=32,11718,68,measured,ok,unavailable,rustc,nightly-2021-05-06,Release,JerryZ
1787147201718219499,PPS-GC,sender_signaling,pps_gc_share_generation,sender,322,false,32,2,recipient_bits=16;location_bytes=32,10819,68,measured,ok,unavailable,rustc,nightly-2021-05-06,Release,JerryZ
1787147201720090876,PPS-GC,sender_signaling,pps_gc_sender_preparation,sender,322,false,32,2,recipient_bits=16;location_bytes=32,496,68,measured,ok,unavailable,rustc,nightly-2021-05-06,Release,JerryZ
1787147201721609384,PPS-GC,sender_signaling,message_encryption,sender,322,false,32,2,recipient_bits=16;location_bytes=32,-1,,not_applicable,not_applicable,unavailable,rustc,nightly-2021-05-06,Release,JerryZ
1787147201722933582,PPS-GC,sender_signaling,pps_gc_sender_total_signaling,sender,322,false,32,2,recipient_bits=16;location_bytes=32,10726,68,measured,ok,unavailable,rustc,nightly-2021-05-06,Release,JerryZ
1787147201724230134,PPS-GC,sender_signaling,pps_gc_share_generation,sender,323,false,32,2,recipient_bits=16;location_bytes=32,9753,68,measured,ok,unavailable,rustc,nightly-2021-05-06,Release,JerryZ
1787147201725502530,PPS-GC,sender_signaling,pps_gc_sender_preparation,sender,323,false,32,2,recipient_bits=16;location_bytes=32,441,68,measured,ok,unavailable,rustc,nightly-2021-05-06,Release,JerryZ
1787147201727009454,PPS-GC,sender_signaling,message_encryption,sender,323,false,32,2,recipient_bits=16;location_bytes=32,-1,,not_applicable,not_applicable,unavailable,rustc,nightly-2021-05-06,Release,JerryZ
1787147201728955403,PPS-GC,sender_signaling,pps_gc_sender_total_signaling,sender,323,false,32,2,recipient_bits=16;location_bytes=32,10947,68,measured,ok,unavailable,rustc,nightly-2021-05-06,Release,JerryZ
1787147201730369845,PPS-GC,sender_signaling,pps_gc_share_generation,sender,324,false,32,2,recipient_bits=16;location_bytes=32,9909,68,measured,ok,unavailable,rustc,nightly-2021-05-06,Release,JerryZ
1787147201731703117,PPS-GC,sender_signaling,pps_gc_sender_preparation,sender,324,false,32,2,recipient_bits=16;location_bytes=32,652,68,measured,ok,unavailable,rustc,nightly-2021-05-06,Release,JerryZ
1787147201733199024,PPS-GC,sender_signaling,message_encryption,sender,324,false,32,2,recipient_bits=16;location_bytes=32,-1,,not_applicable,not_applicable,unavailable,rustc,nightly-2021-05-06,Release,JerryZ
1787147201734522488,PPS-GC,sender_signaling,pps_gc_sender_total_signaling,sender,324,false,32,2,recipient_bits=16;location_bytes=32,10837,68,measured,ok,unavailable,rustc,nightly-2021-05-06,Release,JerryZ
1787147201736361731,PPS-GC,sender_signaling,pps_gc_share_generation,sender,325,false,32,2,recipient_bits=16;location_bytes=32,10341,68,measured,ok,unavailable,rustc,nightly-2021-05-06,Release,JerryZ
1787147201737649662,PPS-GC,sender_signaling,pps_gc_sender_preparation,sender,325,false,32,2,recipient_bits=16;location_bytes=32,533,68,measured,ok,unavailable,rustc,nightly-2021-05-06,Release,JerryZ
1787147201738975643,PPS-GC,sender_signaling,message_encryption,sender,325,false,32,2,recipient_bits=16;location_bytes=32,-1,,not_applicable,not_applicable,unavailable,rustc,nightly-2021-05-06,Release,JerryZ
1787147201740226344,PPS-GC,sender_signaling,pps_gc_sender_total_signaling,sender,325,false,32,2,recipient_bits=16;location_bytes=32,10599,68,measured,ok,unavailable,rustc,nightly-2021-05-06,Release,JerryZ
1787147201741715952,PPS-GC,sender_signaling,pps_gc_share_generation,sender,326,false,32,2,recipient_bits=16;location_bytes=32,9615,68,measured,ok,unavailable,rustc,nightly-2021-05-06,Release,JerryZ
1787147201742863051,PPS-GC,sender_signaling,pps_gc_sender_preparation,sender,326,false,32,2,recipient_bits=16;location_bytes=32,147,68,measured,ok,unavailable,rustc,nightly-2021-05-06,Release,JerryZ
1787147201744063838,PPS-GC,sender_signaling,message_encryption,sender,326,false,32,2,recipient_bits=16;location_bytes=32,-1,,not_applicable,not_applicable,unavailable,rustc,nightly-2021-05-06,Release,JerryZ
1787147201745813759,PPS-GC,sender_signaling,pps_gc_sender_total_signaling,sender,326,false,32,2,recipient_bits=16;location_bytes=32,9936,68,measured,ok,unavailable,rustc,nightly-2021-05-06,Release,JerryZ
1787147201747073515,PPS-GC,sender_signaling,pps_gc_share_generation,sender,327,false,32,2,recipient_bits=16;location_bytes=32,9965,68,measured,ok,unavailable,rustc,nightly-2021-05-06,Release,JerryZ
1787147201748377316,PPS-GC,sender_signaling,pps_gc_sender_preparation,sender,327,false,32,2,recipient_bits=16;location_bytes=32,230,68,measured,ok,unavailable,rustc,nightly-2021-05-06,Release,JerryZ
1787147201749927022,PPS-GC,sender_signaling,message_encryption,sender,327,false,32,2,recipient_bits=16;location_bytes=32,-1,,not_applicable,not_applicable,unavailable,rustc,nightly-2021-05-06,Release,JerryZ
1787147201751538810,PPS-GC,sender_signaling,pps_gc_sender_total_signaling,sender,327,false,32,2,recipient_bits=16;location_bytes=32,11424,68,measured,ok,unavailable,rustc,nightly-2021-05-06,Release,JerryZ
1787147201752838754,PPS-GC,sender_signaling,pps_gc_share_generation,sender,328,false,32,2,recipient_bits=16;location_bytes=32,9964,68,measured,ok,unavailable,rustc,nightly-2021-05-06,Release,JerryZ
1787147201754334147,PPS-GC,sender_signaling,pps_gc_sender_preparation,sender,328,false,32,2,recipient_bits=16;location_bytes=32,156,68,measured,ok,unavailable,rustc,nightly-2021-05-06,Release,JerryZ
1787147201755710564,PPS-GC,sender_signaling,message_encryption,sender,328,false,32,2,recipient_bits=16;location_bytes=32,-1,,not_applicable,not_applicable,unavailable,rustc,nightly-2021-05-06,Release,JerryZ
1787147201757021410,PPS-GC,sender_signaling,pps_gc_sender_total_signaling,sender,328,false,32,2,recipient_bits=16;location_bytes=32,10277,68,measured,ok,unavailable,rustc,nightly-2021-05-06,Release,JerryZ
1787147201758257637,PPS-GC,sender_signaling,pps_gc_share_generation,sender,329,false,32,2,recipient_bits=16;location_bytes=32,9643,68,measured,ok,unavailable,rustc,nightly-2021-05-06,Release,JerryZ
1787147201759641842,PPS-GC,sender_signaling,pps_gc_sender_preparation,sender,329,false,32,2,recipient_bits=16;location_bytes=32,147,68,measured,ok,unavailable,rustc,nightly-2021-05-06,Release,JerryZ
1787147201761277131,PPS-GC,sender_signaling,message_encryption,sender,329,false,32,2,recipient_bits=16;location_bytes=32,-1,,not_applicable,not_applicable,unavailable,rustc,nightly-2021-05-06,Release,JerryZ
1787147201762534352,PPS-GC,sender_signaling,pps_gc_sender_total_signaling,sender,329,false,32,2,recipient_bits=16;location_bytes=32,10764,68,measured,ok,unavailable,rustc,nightly-2021-05-06,Release,JerryZ
1787147201764068804,PPS-GC,sender_signaling,pps_gc_share_generation,sender,330,false,32,2,recipient_bits=16;location_bytes=32,10735,68,measured,ok,unavailable,rustc,nightly-2021-05-06,Release,JerryZ
1787147201765656714,PPS-GC,sender_signaling,pps_gc_sender_preparation,sender,330,false,32,2,recipient_bits=16;location_bytes=32,386,68,measured,ok,unavailable,rustc,nightly-2021-05-06,Release,JerryZ
1787147201767374897,PPS-GC,sender_signaling,message_encryption,sender,330,false,32,2,recipient_bits=16;location_bytes=32,-1,,not_applicable,not_applicable,unavailable,rustc,nightly-2021-05-06,Release,JerryZ
1787147201768783227,PPS-GC,sender_signaling,pps_gc_sender_total_signaling,sender,330,false,32,2,recipient_bits=16;location_bytes=32,24548,68,measured,ok,unavailable,rustc,nightly-2021-05-06,Release,JerryZ
1787147201770244218,PPS-GC,sender_signaling,pps_gc_share_generation,sender,331,false,32,2,recipient_bits=16;location_bytes=32,10855,68,measured,ok,unavailable,rustc,nightly-2021-05-06,Release,JerryZ
1787147201771465613,PPS-GC,sender_signaling,pps_gc_sender_preparation,sender,331,false,32,2,recipient_bits=16;location_bytes=32,432,68,measured,ok,unavailable,rustc,nightly-2021-05-06,Release,JerryZ
1787147201772913205,PPS-GC,sender_signaling,message_encryption,sender,331,false,32,2,recipient_bits=16;location_bytes=32,-1,,not_applicable,not_applicable,unavailable,rustc,nightly-2021-05-06,Release,JerryZ
1787147201774520851,PPS-GC,sender_signaling,pps_gc_sender_total_signaling,sender,331,false,32,2,recipient_bits=16;location_bytes=32,21976,68,measured,ok,unavailable,rustc,nightly-2021-05-06,Release,JerryZ
1787147201775776538,PPS-GC,sender_signaling,pps_gc_share_generation,sender,332,false,32,2,recipient_bits=16;location_bytes=32,21353,68,measured,ok,unavailable,rustc,nightly-2021-05-06,Release,JerryZ
1787147201777460777,PPS-GC,sender_signaling,pps_gc_sender_preparation,sender,332,false,32,2,recipient_bits=16;location_bytes=32,276,68,measured,ok,unavailable,rustc,nightly-2021-05-06,Release,JerryZ
1787147201779005854,PPS-GC,sender_signaling,message_encryption,sender,332,false,32,2,recipient_bits=16;location_bytes=32,-1,,not_applicable,not_applicable,unavailable,rustc,nightly-2021-05-06,Release,JerryZ
1787147201780358495,PPS-GC,sender_signaling,pps_gc_sender_total_signaling,sender,332,false,32,2,recipient_bits=16;location_bytes=32,10001,68,measured,ok,unavailable,rustc,nightly-2021-05-06,Release,JerryZ
1787147201781780326,PPS-GC,sender_signaling,pps_gc_share_generation,sender,333,false,32,2,recipient_bits=16;location_bytes=32,21251,68,measured,ok,unavailable,rustc,nightly-2021-05-06,Release,JerryZ
1787147201783434056,PPS-GC,sender_signaling,pps_gc_sender_preparation,sender,333,false,32,2,recipient_bits=16;location_bytes=32,276,68,measured,ok,unavailable,rustc,nightly-2021-05-06,Release,JerryZ
1787147201784981531,PPS-GC,sender_signaling,message_encryption,sender,333,false,32,2,recipient_bits=16;location_bytes=32,-1,,not_applicable,not_applicable,unavailable,rustc,nightly-2021-05-06,Release,JerryZ
1787147201786465738,PPS-GC,sender_signaling,pps_gc_sender_total_signaling,sender,333,false,32,2,recipient_bits=16;location_bytes=32,10469,68,measured,ok,unavailable,rustc,nightly-2021-05-06,Release,JerryZ
1787147201787642326,PPS-GC,sender_signaling,pps_gc_share_generation,sender,334,false,32,2,recipient_bits=16;location_bytes=32,9533,68,measured,ok,unavailable,rustc,nightly-2021-05-06,Release,JerryZ
1787147201788893413,PPS-GC,sender_signaling,pps_gc_sender_preparation,sender,334,false,32,2,recipient_bits=16;location_bytes=32,129,68,measured,ok,unavailable,rustc,nightly-2021-05-06,Release,JerryZ
1787147201790589087,PPS-GC,sender_signaling,message_encryption,sender,334,false,32,2,recipient_bits=16;location_bytes=32,-1,,not_applicable,not_applicable,unavailable,rustc,nightly-2021-05-06,Release,JerryZ
1787147201792647839,PPS-GC,sender_signaling,pps_gc_sender_total_signaling,sender,334,false,32,2,recipient_bits=16;location_bytes=32,12582,68,measured,ok,unavailable,rustc,nightly-2021-05-06,Release,JerryZ
1787147201794320516,PPS-GC,sender_signaling,pps_gc_share_generation,sender,335,false,32,2,recipient_bits=16;location_bytes=32,11672,68,measured,ok,unavailable,rustc,nightly-2021-05-06,Release,JerryZ
1787147201796003207,PPS-GC,sender_signaling,pps_gc_sender_preparation,sender,335,false,32,2,recipient_bits=16;location_bytes=32,1037,68,measured,ok,unavailable,rustc,nightly-2021-05-06,Release,JerryZ
1787147201797478401,PPS-GC,sender_signaling,message_encryption,sender,335,false,32,2,recipient_bits=16;location_bytes=32,-1,,not_applicable,not_applicable,unavailable,rustc,nightly-2021-05-06,Release,JerryZ
1787147201798745660,PPS-GC,sender_signaling,pps_gc_sender_total_signaling,sender,335,false,32,2,recipient_bits=16;location_bytes=32,10966,68,measured,ok,unavailable,rustc,nightly-2021-05-06,Release,JerryZ
1787147201800527054,PPS-GC,sender_signaling,pps_gc_share_generation,sender,336,false,32,2,recipient_bits=16;location_bytes=32,11517,68,measured,ok,unavailable,rustc,nightly-2021-05-06,Release,JerryZ
1787147201801782888,PPS-GC,sender_signaling,pps_gc_sender_preparation,sender,336,false,32,2,recipient_bits=16;location_bytes=32,900,68,measured,ok,unavailable,rustc,nightly-2021-05-06,Release,JerryZ
1787147201803002630,PPS-GC,sender_signaling,message_encryption,sender,336,false,32,2,recipient_bits=16;location_bytes=32,-1,,not_applicable,not_applicable,unavailable,rustc,nightly-2021-05-06,Release,JerryZ
1787147201804552281,PPS-GC,sender_signaling,pps_gc_sender_total_signaling,sender,336,false,32,2,recipient_bits=16;location_bytes=32,10580,68,measured,ok,unavailable,rustc,nightly-2021-05-06,Release,JerryZ
1787147201805814985,PPS-GC,sender_signaling,pps_gc_share_generation,sender,337,false,32,2,recipient_bits=16;location_bytes=32,9670,68,measured,ok,unavailable,rustc,nightly-2021-05-06,Release,JerryZ
1787147201806960724,PPS-GC,sender_signaling,pps_gc_sender_preparation,sender,337,false,32,2,recipient_bits=16;location_bytes=32,147,68,measured,ok,unavailable,rustc,nightly-2021-05-06,Release,JerryZ
1787147201808158572,PPS-GC,sender_signaling,message_encryption,sender,337,false,32,2,recipient_bits=16;location_bytes=32,-1,,not_applicable,not_applicable,unavailable,rustc,nightly-2021-05-06,Release,JerryZ
1787147201809362519,PPS-GC,sender_signaling,pps_gc_sender_total_signaling,sender,337,false,32,2,recipient_bits=16;location_bytes=32,21857,68,measured,ok,unavailable,rustc,nightly-2021-05-06,Release,JerryZ
1787147201810683659,PPS-GC,sender_signaling,pps_gc_share_generation,sender,338,false,32,2,recipient_bits=16;location_bytes=32,21278,68,measured,ok,unavailable,rustc,nightly-2021-05-06,Release,JerryZ
1787147201812214657,PPS-GC,sender_signaling,pps_gc_sender_preparation,sender,338,false,32,2,recipient_bits=16;location_bytes=32,275,68,measured,ok,unavailable,rustc,nightly-2021-05-06,Release,JerryZ
1787147201813793117,PPS-GC,sender_signaling,message_encryption,sender,338,false,32,2,recipient_bits=16;location_bytes=32,-1,,not_applicable,not_applicable,unavailable,rustc,nightly-2021-05-06,Release,JerryZ
1787147201815149955,PPS-GC,sender_signaling,pps_gc_sender_total_signaling,sender,338,false,32,2,recipient_bits=16;location_bytes=32,11140,68,measured,ok,unavailable,rustc,nightly-2021-05-06,Release,JerryZ
1787147201816333045,PPS-GC,sender_signaling,pps_gc_share_generation,sender,339,false,32,2,recipient_bits=16;location_bytes=32,9514,68,measured,ok,unavailable,rustc,nightly-2021-05-06,Release,JerryZ
1787147201817515207,PPS-GC,sender_signaling,pps_gc_sender_preparation,sender,339,false,32,2,recipient_bits=16;location_bytes=32,147,68,measured,ok,unavailable,rustc,nightly-2021-05-06,Release,JerryZ
1787147201819097001,PPS-GC,sender_signaling,message_encryption,sender,339,false,32,2,recipient_bits=16;location_bytes=32,-1,,not_applicable,not_applicable,unavailable,rustc,nightly-2021-05-06,Release,JerryZ
1787147201821173437,PPS-GC,sender_signaling,pps_gc_sender_total_signaling,sender,339,false,32,2,recipient_bits=16;location_bytes=32,16311,68,measured,ok,unavailable,rustc,nightly-2021-05-06,Release,JerryZ
1787147201822999317,PPS-GC,sender_signaling,pps_gc_share_generation,sender,340,false,32,2,recipient_bits=16;location_bytes=32,10819,68,measured,ok,unavailable,rustc,nightly-2021-05-06,Release,JerryZ
1787147201824576074,PPS-GC,sender_signaling,pps_gc_sender_preparation,sender,340,false,32,2,recipient_bits=16;location_bytes=32,441,68,measured,ok,unavailable,rustc,nightly-2021-05-06,Release,JerryZ
1787147201826364705,PPS-GC,sender_signaling,message_encryption,sender,340,false,32,2,recipient_bits=16;location_bytes=32,-1,,not_applicable,not_applicable,unavailable,rustc,nightly-2021-05-06,Release,JerryZ
1787147201827968512,PPS-GC,sender_signaling,pps_gc_sender_total_signaling,sender,340,false,32,2,recipient_bits=16;location_bytes=32,11535,68,measured,ok,unavailable,rustc,nightly-2021-05-06,Release,JerryZ
1787147201829697072,PPS-GC,sender_signaling,pps_gc_share_generation,sender,341,false,32,2,recipient_bits=16;location_bytes=32,10461,68,measured,ok,unavailable,rustc,nightly-2021-05-06,Release,JerryZ
1787147201831296564,PPS-GC,sender_signaling,pps_gc_sender_preparation,sender,341,false,32,2,recipient_bits=16;location_bytes=32,771,68,measured,ok,unavailable,rustc,nightly-2021-05-06,Release,JerryZ
1787147201832789248,PPS-GC,sender_signaling,message_encryption,sender,341,false,32,2,recipient_bits=16;location_bytes=32,-1,,not_applicable,not_applicable,unavailable,rustc,nightly-2021-05-06,Release,JerryZ
1787147201834090465,PPS-GC,sender_signaling,pps_gc_sender_total_signaling,sender,341,false,32,2,recipient_bits=16;location_bytes=32,22482,68,measured,ok,unavailable,rustc,nightly-2021-05-06,Release,JerryZ
1787147201835413933,PPS-GC,sender_signaling,pps_gc_share_generation,sender,342,false,32,2,recipient_bits=16;location_bytes=32,21499,68,measured,ok,unavailable,rustc,nightly-2021-05-06,Release,JerryZ
1787147201837006307,PPS-GC,sender_signaling,pps_gc_sender_preparation,sender,342,false,32,2,recipient_bits=16;location_bytes=32,285,68,measured,ok,unavailable,rustc,nightly-2021-05-06,Release,JerryZ
1787147201838580506,PPS-GC,sender_signaling,message_encryption,sender,342,false,32,2,recipient_bits=16;location_bytes=32,-1,,not_applicable,not_applicable,unavailable,rustc,nightly-2021-05-06,Release,JerryZ
1787147201839845974,PPS-GC,sender_signaling,pps_gc_sender_total_signaling,sender,342,false,32,2,recipient_bits=16;location_bytes=32,11186,68,measured,ok,unavailable,rustc,nightly-2021-05-06,Release,JerryZ
1787147201841086627,PPS-GC,sender_signaling,pps_gc_share_generation,sender,343,false,32,2,recipient_bits=16;location_bytes=32,9900,68,measured,ok,unavailable,rustc,nightly-2021-05-06,Release,JerryZ
1787147201842333673,PPS-GC,sender_signaling,pps_gc_sender_preparation,sender,343,false,32,2,recipient_bits=16;location_bytes=32,147,68,measured,ok,unavailable,rustc,nightly-2021-05-06,Release,JerryZ
1787147201843499883,PPS-GC,sender_signaling,message_encryption,sender,343,false,32,2,recipient_bits=16;location_bytes=32,-1,,not_applicable,not_applicable,unavailable,rustc,nightly-2021-05-06,Release,JerryZ
1787147201845070803,PPS-GC,sender_signaling,pps_gc_sender_total_signaling,sender,343,false,32,2,recipient_bits=16;location_bytes=32,22004,68,measured,ok,unavailable,rustc,nightly-2021-05-06,Release,JerryZ
1787147201846399263,PPS-GC,sender_signaling,pps_gc_share_generation,sender,344,false,32,2,recipient_bits=16;location_bytes=32,9772,68,measured,ok,unavailable,rustc,nightly-2021-05-06,Release,JerryZ
1787147201847631376,PPS-GC,sender_signaling,pps_gc_sender_preparation,sender,344,false,32,2,recipient_bits=16;location_bytes=32,192,68,measured,ok,unavailable,rustc,nightly-2021-05-06,Release,JerryZ
1787147201849052922,PPS-GC,sender_signaling,message_encryption,sender,344,false,32,2,recipient_bits=16;location_bytes=32,-1,,not_applicable,not_applicable,unavailable,rustc,nightly-2021-05-06,Release,JerryZ
1787147201850487987,PPS-GC,sender_signaling,pps_gc_sender_total_signaling,sender,344,false,32,2,recipient_bits=16;location_bytes=32,12545,68,measured,ok,unavailable,rustc,nightly-2021-05-06,Release,JerryZ
1787147201852390446,PPS-GC,sender_signaling,pps_gc_share_generation,sender,345,false,32,2,recipient_bits=16;location_bytes=32,21720,68,measured,ok,unavailable,rustc,nightly-2021-05-06,Release,JerryZ
1787147201853879599,PPS-GC,sender_signaling,pps_gc_sender_preparation,sender,345,false,32,2,recipient_bits=16;location_bytes=32,679,68,measured,ok,unavailable,rustc,nightly-2021-05-06,Release,JerryZ
1787147201855095309,PPS-GC,sender_signaling,message_encryption,sender,345,false,32,2,recipient_bits=16;location_bytes=32,-1,,not_applicable,not_applicable,unavailable,rustc,nightly-2021-05-06,Release,JerryZ
1787147201856513237,PPS-GC,sender_signaling,pps_gc_sender_total_signaling,sender,345,false,32,2,recipient_bits=16;location_bytes=32,22757,68,measured,ok,unavailable,rustc,nightly-2021-05-06,Release,JerryZ
1787147201858629774,PPS-GC,sender_signaling,pps_gc_share_generation,sender,346,false,32,2,recipient_bits=16;location_bytes=32,12343,68,measured,ok,unavailable,rustc,nightly-2021-05-06,Release,JerryZ
1787147201859995915,PPS-GC,sender_signaling,pps_gc_sender_preparation,sender,346,false,32,2,recipient_bits=16;location_bytes=32,983,68,measured,ok,unavailable,rustc,nightly-2021-05-06,Release,JerryZ
1787147201861275737,PPS-GC,sender_signaling,message_encryption,sender,346,false,32,2,recipient_bits=16;location_bytes=32,-1,,not_applicable,not_applicable,unavailable,rustc,nightly-2021-05-06,Release,JerryZ
1787147201862972980,PPS-GC,sender_signaling,pps_gc_sender_total_signaling,sender,346,false,32,2,recipient_bits=16;location_bytes=32,10607,68,measured,ok,unavailable,rustc,nightly-2021-05-06,Release,JerryZ
1787147201864287839,PPS-GC,sender_signaling,pps_gc_share_generation,sender,347,false,32,2,recipient_bits=16;location_bytes=32,21545,68,measured,ok,unavailable,rustc,nightly-2021-05-06,Release,JerryZ
1787147201865880901,PPS-GC,sender_signaling,pps_gc_sender_preparation,sender,347,false,32,2,recipient_bits=16;location_bytes=32,349,68,measured,ok,unavailable,rustc,nightly-2021-05-06,Release,JerryZ
1787147201867210362,PPS-GC,sender_signaling,message_encryption,sender,347,false,32,2,recipient_bits=16;location_bytes=32,-1,,not_applicable,not_applicable,unavailable,rustc,nightly-2021-05-06,Release,JerryZ
1787147201868631954,PPS-GC,sender_signaling,pps_gc_sender_total_signaling,sender,347,false,32,2,recipient_bits=16;location_bytes=32,10920,68,measured,ok,unavailable,rustc,nightly-2021-05-06,Release,JerryZ
1787147201869899636,PPS-GC,sender_signaling,pps_gc_share_generation,sender,348,false,32,2,recipient_bits=16;location_bytes=32,9817,68,measured,ok,unavailable,rustc,nightly-2021-05-06,Release,JerryZ
1787147201871516232,PPS-GC,sender_signaling,pps_gc_sender_preparation,sender,348,false,32,2,recipient_bits=16;location_bytes=32,248,68,measured,ok,unavailable,rustc,nightly-2021-05-06,Release,JerryZ
1787147201872968502,PPS-GC,sender_signaling,message_encryption,sender,348,false,32,2,recipient_bits=16;location_bytes=32,-1,,not_applicable,not_applicable,unavailable,rustc,nightly-2021-05-06,Release,JerryZ
1787147201874256636,PPS-GC,sender_signaling,pps_gc_sender_total_signaling,sender,348,false,32,2,recipient_bits=16;location_bytes=32,10442,68,measured,ok,unavailable,rustc,nightly-2021-05-06,Release,JerryZ
1787147201875495794,PPS-GC,sender_signaling,pps_gc_share_generation,sender,349,false,32,2,recipient_bits=16;location_bytes=32,10066,68,measured,ok,unavailable,rustc,nightly-2021-05-06,Release,JerryZ
1787147201877072776,PPS-GC,sender_signaling,pps_gc_sender_preparation,sender,349,false,32,2,recipient_bits=16;location_bytes=32,248,68,measured,ok,unavailable,rustc,nightly-2021-05-06,Release,JerryZ
1787147201878614630,PPS-GC,sender_signaling,message_encryption,sender,349,false,32,2,recipient_bits=16;location_bytes=32,-1,,not_applicable,not_applicable,unavailable,rustc,nightly-2021-05-06,Release,JerryZ
1787147201879817208,PPS-GC,sender_signaling,pps_gc_sender_total_signaling,sender,349,false,32,2,recipient_bits=16;location_bytes=32,23658,68,measured,ok,unavailable,rustc,nightly-2021-05-06,Release,JerryZ
1787147201881090399,PPS-GC,sender_signaling,pps_gc_share_generation,sender,350,false,32,2,recipient_bits=16;location_bytes=32,9542,68,measured,ok,unavailable,rustc,nightly-2021-05-06,Release,JerryZ
1787147201882369441,PPS-GC,sender_signaling,pps_gc_sender_preparation,sender,350,false,32,2,recipient_bits=16;location_bytes=32,147,68,measured,ok,unavailable,rustc,nightly-2021-05-06,Release,JerryZ
1787147201883933685,PPS-GC,sender_signaling,message_encryption,sender,350,false,32,2,recipient_bits=16;location_bytes=32,-1,,not_applicable,not_applicable,unavailable,rustc,nightly-2021-05-06,Release,JerryZ
1787147201885366867,PPS-GC,sender_signaling,pps_gc_sender_total_signaling,sender,350,false,32,2,recipient_bits=16;location_bytes=32,37489,68,measured,ok,unavailable,rustc,nightly-2021-05-06,Release,JerryZ
1787147201887044613,PPS-GC,sender_signaling,pps_gc_share_generation,sender,351,false,32,2,recipient_bits=16;location_bytes=32,10625,68,measured,ok,unavailable,rustc,nightly-2021-05-06,Release,JerryZ
1787147201888575180,PPS-GC,sender_signaling,pps_gc_sender_preparation,sender,351,false,32,2,recipient_bits=16;location_bytes=32,312,68,measured,ok,unavailable,rustc,nightly-2021-05-06,Release,JerryZ
1787147201890105196,PPS-GC,sender_signaling,message_encryption,sender,351,false,32,2,recipient_bits=16;location_bytes=32,-1,,not_applicable,not_applicable,unavailable,rustc,nightly-2021-05-06,Release,JerryZ
1787147201891414342,PPS-GC,sender_signaling,pps_gc_sender_total_signaling,sender,351,false,32,2,recipient_bits=16;location_bytes=32,12095,68,measured,ok,unavailable,rustc,nightly-2021-05-06,Release,JerryZ
1787147201893045269,PPS-GC,sender_signaling,pps_gc_share_generation,sender,352,false,32,2,recipient_bits=16;location_bytes=32,10203,68,measured,ok,unavailable,rustc,nightly-2021-05-06,Release,JerryZ
1787147201894434562,PPS-GC,sender_signaling,pps_gc_sender_preparation,sender,352,false,32,2,recipient_bits=16;location_bytes=32,230,68,measured,ok,unavailable,rustc,nightly-2021-05-06,Release,JerryZ
1787147201895649317,PPS-GC,sender_signaling,message_encryption,sender,352,false,32,2,recipient_bits=16;location_bytes=32,-1,,not_applicable,not_applicable,unavailable,rustc,nightly-2021-05-06,Release,JerryZ
1787147201897182851,PPS-GC,sender_signaling,pps_gc_sender_total_signaling,sender,352,false,32,2,recipient_bits=16;location_bytes=32,9964,68,measured,ok,unavailable,rustc,nightly-2021-05-06,Release,JerryZ
1787147201898932689,PPS-GC,sender_signaling,pps_gc_share_generation,sender,353,false,32,2,recipient_bits=16;location_bytes=32,10038,68,measured,ok,unavailable,rustc,nightly-2021-05-06,Release,JerryZ
1787147201900459454,PPS-GC,sender_signaling,pps_gc_sender_preparation,sender,353,false,32,2,recipient_bits=16;location_bytes=32,441,68,measured,ok,unavailable,rustc,nightly-2021-05-06,Release,JerryZ
1787147201901809000,PPS-GC,sender_signaling,message_encryption,sender,353,false,32,2,recipient_bits=16;location_bytes=32,-1,,not_applicable,not_applicable,unavailable,rustc,nightly-2021-05-06,Release,JerryZ
1787147201903304434,PPS-GC,sender_signaling,pps_gc_sender_total_signaling,sender,353,false,32,2,recipient_bits=16;location_bytes=32,11066,68,measured,ok,unavailable,rustc,nightly-2021-05-06,Release,JerryZ
1787147201904917522,PPS-GC,sender_signaling,pps_gc_share_generation,sender,354,false,32,2,recipient_bits=16;location_bytes=32,12096,68,measured,ok,unavailable,rustc,nightly-2021-05-06,Release,JerryZ
1787147201906213361,PPS-GC,sender_signaling,pps_gc_sender_preparation,sender,354,false,32,2,recipient_bits=16;location_bytes=32,982,68,measured,ok,unavailable,rustc,nightly-2021-05-06,Release,JerryZ
1787147201907505847,PPS-GC,sender_signaling,message_encryption,sender,354,false,32,2,recipient_bits=16;location_bytes=32,-1,,not_applicable,not_applicable,unavailable,rustc,nightly-2021-05-06,Release,JerryZ
1787147201909120152,PPS-GC,sender_signaling,pps_gc_sender_total_signaling,sender,354,false,32,2,recipient_bits=16;location_bytes=32,22996,68,measured,ok,unavailable,rustc,nightly-2021-05-06,Release,JerryZ
1787147201910564382,PPS-GC,sender_signaling,pps_gc_share_generation,sender,355,false,32,2,recipient_bits=16;location_bytes=32,9670,68,measured,ok,unavailable,rustc,nightly-2021-05-06,Release,JerryZ
1787147201911743174,PPS-GC,sender_signaling,pps_gc_sender_preparation,sender,355,false,32,2,recipient_bits=16;location_bytes=32,175,68,measured,ok,unavailable,rustc,nightly-2021-05-06,Release,JerryZ
1787147201912890080,PPS-GC,sender_signaling,message_encryption,sender,355,false,32,2,recipient_bits=16;location_bytes=32,-1,,not_applicable,not_applicable,unavailable,rustc,nightly-2021-05-06,Release,JerryZ
1787147201914206132,PPS-GC,sender_signaling,pps_gc_sender_total_signaling,sender,355,false,32,2,recipient_bits=16;location_bytes=32,10157,68,measured,ok,unavailable,rustc,nightly-2021-05-06,Release,JerryZ
1787147201915761789,PPS-GC,sender_signaling,pps_gc_share_generation,sender,356,false,32,2,recipient_bits=16;location_bytes=32,22179,68,measured,ok,unavailable,rustc,nightly-2021-05-06,Release,JerryZ
1787147201917097035,PPS-GC,sender_signaling,pps_gc_sender_preparation,sender,356,false,32,2,recipient_bits=16;location_bytes=32,561,68,measured,ok,unavailable,rustc,nightly-2021-05-06,Release,JerryZ
1787147201918706583,PPS-GC,sender_signaling,message_encryption,sender,356,false,32,2,recipient_bits=16;location_bytes=32,-1,,not_applicable,not_applicable,unavailable,rustc,nightly-2021-05-06,Release,JerryZ
1787147201920342019,PPS-GC,sender_signaling,pps_gc_sender_total_signaling,sender,356,false,32,2,recipient_bits=16;location_bytes=32,10781,68,measured,ok,unavailable,rustc,nightly-2021-05-06,Release,JerryZ
1787147201921939366,PPS-GC,sender_signaling,pps_gc_share_generation,sender,357,false,32,2,recipient_bits=16;location_bytes=32,9992,68,measured,ok,unavailable,rustc,nightly-2021-05-06,Release,JerryZ
1787147201923228396,PPS-GC,sender_signaling,pps_gc_sender_preparation,sender,357,false,32,2,recipient_bits=16;location_bytes=32,313,68,measured,ok,unavailable,rustc,nightly-2021-05-06,Release,JerryZ
1787147201924448254,PPS-GC,sender_signaling,message_encryption,sender,357,false,32,2,recipient_bits=16;location_bytes=32,-1,,not_applicable,not_applicable,unavailable,rustc,nightly-2021-05-06,Release,JerryZ
1787147201925989598,PPS-GC,sender_signaling,pps_gc_sender_total_signaling,sender,357,false,32,2,recipient_bits=16;location_bytes=32,10083,68,measured,ok,unavailable,rustc,nightly-2021-05-06,Release,JerryZ
1787147201927194178,PPS-GC,sender_signaling,pps_gc_share_generation,sender,358,false,32,2,recipient_bits=16;location_bytes=32,21288,68,measured,ok,unavailable,rustc,nightly-2021-05-06,Release,JerryZ
1787147201928488951,PPS-GC,sender_signaling,pps_gc_sender_preparation,sender,358,false,32,2,recipient_bits=16;location_bytes=32,293,68,measured,ok,unavailable,rustc,nightly-2021-05-06,Release,JerryZ
1787147201930167579,PPS-GC,sender_signaling,message_encryption,sender,358,false,32,2,recipient_bits=16;location_bytes=32,-1,,not_applicable,not_applicable,unavailable,rustc,nightly-2021-05-06,Release,JerryZ
1787147201931645266,PPS-GC,sender_signaling,pps_gc_sender_total_signaling,sender,358,false,32,2,recipient_bits=16;location_bytes=32,11131,68,measured,ok,unavailable,rustc,nightly-2021-05-06,Release,JerryZ
1787147201933157153,PPS-GC,sender_signaling,pps_gc_share_generation,sender,359,false,32,2,recipient_bits=16;location_bytes=32,10415,68,measured,ok,unavailable,rustc,nightly-2021-05-06,Release,JerryZ
1787147201935067771,PPS-GC,sender_signaling,pps_gc_sender_preparation,sender,359,false,32,2,recipient_bits=16;location_bytes=32,560,68,measured,ok,unavailable,rustc,nightly-2021-05-06,Release,JerryZ
1787147201936252514,PPS-GC,sender_signaling,message_encryption,sender,359,false,32,2,recipient_bits=16;location_bytes=32,-1,,not_applicable,not_applicable,unavailable,rustc,nightly-2021-05-06,Release,JerryZ
1787147201937672720,PPS-GC,sender_signaling,pps_gc_sender_total_signaling,sender,359,false,32,2,recipient_bits=16;location_bytes=32,10965,68,measured,ok,unavailable,rustc,nightly-2021-05-06,Release,JerryZ
1787147201939039301,PPS-GC,sender_signaling,pps_gc_share_generation,sender,360,false,32,2,recipient_bits=16;location_bytes=32,11094,68,measured,ok,unavailable,rustc,nightly-2021-05-06,Release,JerryZ
1787147201940328556,PPS-GC,sender_signaling,pps_gc_sender_preparation,sender,360,false,32,2,recipient_bits=16;location_bytes=32,909,68,measured,ok,unavailable,rustc,nightly-2021-05-06,Release,JerryZ
1787147201942127343,PPS-GC,sender_signaling,message_encryption,sender,360,false,32,2,recipient_bits=16;location_bytes=32,-1,,not_applicable,not_applicable,unavailable,rustc,nightly-2021-05-06,Release,JerryZ
1787147201943312059,PPS-GC,sender_signaling,pps_gc_sender_total_signaling,sender,360,false,32,2,recipient_bits=16;location_bytes=32,10433,68,measured,ok,unavailable,rustc,nightly-2021-05-06,Release,JerryZ
1787147201944712019,PPS-GC,sender_signaling,pps_gc_share_generation,sender,361,false,32,2,recipient_bits=16;location_bytes=32,9872,68,measured,ok,unavailable,rustc,nightly-2021-05-06,Release,JerryZ
1787147201946158127,PPS-GC,sender_signaling,pps_gc_sender_preparation,sender,361,false,32,2,recipient_bits=16;location_bytes=32,229,68,measured,ok,unavailable,rustc,nightly-2021-05-06,Release,JerryZ
1787147201947903961,PPS-GC,sender_signaling,message_encryption,sender,361,false,32,2,recipient_bits=16;location_bytes=32,-1,,not_applicable,not_applicable,unavailable,rustc,nightly-2021-05-06,Release,JerryZ
1787147201949389188,PPS-GC,sender_signaling,pps_gc_sender_total_signaling,sender,361,false,32,2,recipient_bits=16;location_bytes=32,12765,68,measured,ok,unavailable,rustc,nightly-2021-05-06,Release,JerryZ
1787147201950763649,PPS-GC,sender_signaling,pps_gc_share_generation,sender,362,false,32,2,recipient_bits=16;location_bytes=32,9579,68,measured,ok,unavailable,rustc,nightly-2021-05-06,Release,JerryZ
1787147201952348818,PPS-GC,sender_signaling,pps_gc_sender_preparation,sender,362,false,32,2,recipient_bits=16;location_bytes=32,247,68,measured,ok,unavailable,rustc,nightly-2021-05-06,Release,JerryZ
1787147201953610682,PPS-GC,sender_signaling,message_encryption,sender,362,false,32,2,recipient_bits=16;location_bytes=32,-1,,not_applicable,not_applicable,unavailable,rustc,nightly-2021-05-06,Release,JerryZ
1787147201954802303,PPS-GC,sender_signaling,pps_gc_sender_total_signaling,sender,362,false,32,2,recipient_bits=16;location_bytes=32,10350,68,measured,ok,unavailable,rustc,nightly-2021-05-06,Release,JerryZ
1787147201956026463,PPS-GC,sender_signaling,pps_gc_share_generation,sender,363,false,32,2,recipient_bits=16;location_bytes=32,21297,68,measured,ok,unavailable,rustc,nightly-2021-05-06,Release,JerryZ
1787147201957199175,PPS-GC,sender_signaling,pps_gc_sender_preparation,sender,363,false,32,2,recipient_bits=16;location_bytes=32,285,68,measured,ok,unavailable,rustc,nightly-2021-05-06,Release,JerryZ
1787147201958440113,PPS-GC,sender_signaling,message_encryption,sender,363,false,32,2,recipient_bits=16;location_bytes=32,-1,,not_applicable,not_applicable,unavailable,rustc,nightly-2021-05-06,Release,JerryZ
1787147201960692111,PPS-GC,sender_signaling,pps_gc_sender_total_signaling,sender,363,false,32,2,recipient_bits=16;location_bytes=32,13500,68,measured,ok,unavailable,rustc,nightly-2021-05-06,Release,JerryZ
1787147201962534072,PPS-GC,sender_signaling,pps_gc_share_generation,sender,364,false,32,2,recipient_bits=16;location_bytes=32,10837,68,measured,ok,unavailable,rustc,nightly-2021-05-06,Release,JerryZ
1787147201963853688,PPS-GC,sender_signaling,pps_gc_sender_preparation,sender,364,false,32,2,recipient_bits=16;location_bytes=32,937,68,measured,ok,unavailable,rustc,nightly-2021-05-06,Release,JerryZ
1787147201965322365,PPS-GC,sender_signaling,message_encryption,sender,364,false,32,2,recipient_bits=16;location_bytes=32,-1,,not_applicable,not_applicable,unavailable,rustc,nightly-2021-05-06,Release,JerryZ
1787147201966766192,PPS-GC,sender_signaling,pps_gc_sender_total_signaling,sender,364,false,32,2,recipient_bits=16;location_bytes=32,10745,68,measured,ok,unavailable,rustc,nightly-2021-05-06,Release,JerryZ
1787147201968236348,PPS-GC,sender_signaling,pps_gc_share_generation,sender,365,false,32,2,recipient_bits=16;location_bytes=32,9578,68,measured,ok,unavailable,rustc,nightly-2021-05-06,Release,JerryZ
1787147201969533465,PPS-GC,sender_signaling,pps_gc_sender_preparation,sender,365,false,32,2,recipient_bits=16;location_bytes=32,221,68,measured,ok,unavailable,rustc,nightly-2021-05-06,Release,JerryZ
1787147201970922895,PPS-GC,sender_signaling,message_encryption,sender,365,false,32,2,recipient_bits=16;location_bytes=32,-1,,not_applicable,not_applicable,unavailable,rustc,nightly-2021-05-06,Release,JerryZ
1787147201972178105,PPS-GC,sender_signaling,pps_gc_sender_total_signaling,sender,365,false,32,2,recipient_bits=16;location_bytes=32,12591,68,measured,ok,unavailable,rustc,nightly-2021-05-06,Release,JerryZ
1787147201973725019,PPS-GC,sender_signaling,pps_gc_share_generation,sender,366,false,32,2,recipient_bits=16;location_bytes=32,9523,68,measured,ok,unavailable,rustc,nightly-2021-05-06,Release,JerryZ
1787147201975120718,PPS-GC,sender_signaling,pps_gc_sender_preparation,sender,366,false,32,2,recipient_bits=16;location_bytes=32,229,68,measured,ok,unavailable,rustc,nightly-2021-05-06,Release,JerryZ
1787147201976607786,PPS-GC,sender_signaling,message_encryption,sender,366,false,32,2,recipient_bits=16;location_bytes=32,-1,,not_applicable,not_applicable,unavailable,rustc,nightly-2021-05-06,Release,JerryZ
1787147201978160412,PPS-GC,sender_signaling,pps_gc_sender_total_signaling,sender,366,false,32,2,recipient_bits=16;location_bytes=32,11269,68,measured,ok,unavailable,rustc,nightly-2021-05-06,Release,JerryZ
1787147201979874223,PPS-GC,sender_signaling,pps_gc_share_generation,sender,367,false,32,2,recipient_bits=16;location_bytes=32,10083,68,measured,ok,unavailable,rustc,nightly-2021-05-06,Release,JerryZ
1787147201981244009,PPS-GC,sender_signaling,pps_gc_sender_preparation,sender,367,false,32,2,recipient_bits=16;location_bytes=32,367,68,measured,ok,unavailable,rustc,nightly-2021-05-06,Release,JerryZ
1787147201982507242,PPS-GC,sender_signaling,message_encryption,sender,367,false,32,2,recipient_bits=16;location_bytes=32,-1,,not_applicable,not_applicable,unavailable,rustc,nightly-2021-05-06,Release,JerryZ
1787147201984300900,PPS-GC,sender_signaling,pps_gc_sender_total_signaling,sender,367,false,32,2,recipient_bits=16;location_bytes=32,10957,68,measured,ok,unavailable,rustc,nightly-2021-05-06,Release,JerryZ
1787147201985603581,PPS-GC,sender_signaling,pps_gc_share_generation,sender,368,false,32,2,recipient_bits=16;location_bytes=32,21527,68,measured,ok,unavailable,rustc,nightly-2021-05-06,Release,JerryZ
1787147201986733607,PPS-GC,sender_signaling,pps_gc_sender_preparation,sender,368,false,32,2,recipient_bits=16;location_bytes=32,147,68,measured,ok,unavailable,rustc,nightly-2021-05-06,Release,JerryZ
1787147201987870098,PPS-GC,sender_signaling,message_encryption,sender,368,false,32,2,recipient_bits=16;location_bytes=32,-1,,not_applicable,not_applicable,unavailable,rustc,nightly-2021-05-06,Release,JerryZ
1787147201989185838,PPS-GC,sender_signaling,pps_gc_sender_total_signaling,sender,368,false,32,2,recipient_bits=16;location_bytes=32,9872,68,measured,ok,unavailable,rustc,nightly-2021-05-06,Release,JerryZ
1787147201990701675,PPS-GC,sender_signaling,pps_gc_share_generation,sender,369,false,32,2,recipient_bits=16;location_bytes=32,10047,68,measured,ok,unavailable,rustc,nightly-2021-05-06,Release,JerryZ
1787147201992315547,PPS-GC,sender_signaling,pps_gc_sender_preparation,sender,369,false,32,2,recipient_bits=16;location_bytes=32,551,68,measured,ok,unavailable,rustc,nightly-2021-05-06,Release,JerryZ
1787147201993821584,PPS-GC,sender_signaling,message_encryption,sender,369,false,32,2,recipient_bits=16;location_bytes=32,-1,,not_applicable,not_applicable,unavailable,rustc,nightly-2021-05-06,Release,JerryZ
1787147201995670736,PPS-GC,sender_signaling,pps_gc_sender_total_signaling,sender,369,false,32,2,recipient_bits=16;location_bytes=32,11066,68,measured,ok,unavailable,rustc,nightly-2021-05-06,Release,JerryZ
1787147201996974840,PPS-GC,sender_signaling,pps_gc_share_generation,sender,370,false,32,2,recipient_bits=16;location_bytes=32,9588,68,measured,ok,unavailable,rustc,nightly-2021-05-06,Release,JerryZ
1787147201998217744,PPS-GC,sender_signaling,pps_gc_sender_preparation,sender,370,false,32,2,recipient_bits=16;location_bytes=32,175,68,measured,ok,unavailable,rustc,nightly-2021-05-06,Release,JerryZ
1787147201999675658,PPS-GC,sender_signaling,message_encryption,sender,370,false,32,2,recipient_bits=16;location_bytes=32,-1,,not_applicable,not_applicable,unavailable,rustc,nightly-2021-05-06,Release,JerryZ
1787147202000910462,PPS-GC,sender_signaling,pps_gc_sender_total_signaling,sender,370,false,32,2,recipient_bits=16;location_bytes=32,10414,68,measured,ok,unavailable,rustc,nightly-2021-05-06,Release,JerryZ
1787147202002218267,PPS-GC,sender_signaling,pps_gc_share_generation,sender,371,false,32,2,recipient_bits=16;location_bytes=32,9909,68,measured,ok,unavailable,rustc,nightly-2021-05-06,Release,JerryZ
1787147202003637150,PPS-GC,sender_signaling,pps_gc_sender_preparation,sender,371,false,32,2,recipient_bits=16;location_bytes=32,165,68,measured,ok,unavailable,rustc,nightly-2021-05-06,Release,JerryZ
1787147202005295036,PPS-GC,sender_signaling,message_encryption,sender,371,false,32,2,recipient_bits=16;location_bytes=32,-1,,not_applicable,not_applicable,unavailable,rustc,nightly-2021-05-06,Release,JerryZ
1787147202006633539,PPS-GC,sender_signaling,pps_gc_sender_total_signaling,sender,371,false,32,2,recipient_bits=16;location_bytes=32,11112,68,measured,ok,unavailable,rustc,nightly-2021-05-06,Release,JerryZ
1787147202008247935,PPS-GC,sender_signaling,pps_gc_share_generation,sender,372,false,32,2,recipient_bits=16;location_bytes=32,11342,68,measured,ok,unavailable,rustc,nightly-2021-05-06,Release,JerryZ
1787147202009752713,PPS-GC,sender_signaling,pps_gc_sender_preparation,sender,372,false,32,2,recipient_bits=16;location_bytes=32,707,68,measured,ok,unavailable,rustc,nightly-2021-05-06,Release,JerryZ
1787147202011432425,PPS-GC,sender_signaling,message_encryption,sender,372,false,32,2,recipient_bits=16;location_bytes=32,-1,,not_applicable,not_applicable,unavailable,rustc,nightly-2021-05-06,Release,JerryZ
1787147202012777232,PPS-GC,sender_signaling,pps_gc_sender_total_signaling,sender,372,false,32,2,recipient_bits=16;location_bytes=32,12885,68,measured,ok,unavailable,rustc,nightly-2021-05-06,Release,JerryZ
1787147202014723364,PPS-GC,sender_signaling,pps_gc_share_generation,sender,373,false,32,2,recipient_bits=16;location_bytes=32,10488,68,measured,ok,unavailable,rustc,nightly-2021-05-06,Release,JerryZ
1787147202016214855,PPS-GC,sender_signaling,pps_gc_sender_preparation,sender,373,false,32,2,recipient_bits=16;location_bytes=32,670,68,measured,ok,unavailable,rustc,nightly-2021-05-06,Release,JerryZ
1787147202017457759,PPS-GC,sender_signaling,message_encryption,sender,373,false,32,2,recipient_bits=16;location_bytes=32,-1,,not_applicable,not_applicable,unavailable,rustc,nightly-2021-05-06,Release,JerryZ
1787147202018760909,PPS-GC,sender_signaling,pps_gc_sender_total_signaling,sender,373,false,32,2,recipient_bits=16;location_bytes=32,10074,68,measured,ok,unavailable,rustc,nightly-2021-05-06,Release,JerryZ
1787147202019968813,PPS-GC,sender_signaling,pps_gc_share_generation,sender,374,false,32,2,recipient_bits=16;location_bytes=32,21619,68,measured,ok,unavailable,rustc,nightly-2021-05-06,Release,JerryZ
1787147202021533562,PPS-GC,sender_signaling,pps_gc_sender_preparation,sender,374,false,32,2,recipient_bits=16;location_bytes=32,294,68,measured,ok,unavailable,rustc,nightly-2021-05-06,Release,JerryZ
1787147202022787054,PPS-GC,sender_signaling,message_encryption,sender,374,false,32,2,recipient_bits=16;location_bytes=32,-1,,not_applicable,not_applicable,unavailable,rustc,nightly-2021-05-06,Release,JerryZ
1787147202024331911,PPS-GC,sender_signaling,pps_gc_sender_total_signaling,sender,374,false,32,2,recipient_bits=16;location_bytes=32,10910,68,measured,ok,unavailable,rustc,nightly-2021-05-06,Release,JerryZ
1787147202025702947,PPS-GC,sender_signaling,pps_gc_share_generation,sender,375,false,32,2,recipient_bits=16;location_bytes=32,10011,68,measured,ok,unavailable,rustc,nightly-2021-05-06,Release,JerryZ
1787147202026897287,PPS-GC,sender_signaling,pps_gc_sender_preparation,sender,375,false,32,2,recipient_bits=16;location_bytes=32,294,68,measured,ok,unavailable,rustc,nightly-2021-05-06,Release,JerryZ
1787147202028067969,PPS-GC,sender_signaling,message_encryption,sender,375,false,32,2,recipient_bits=16;location_bytes=32,-1,,not_applicable,not_applicable,unavailable,rustc,nightly-2021-05-06,Release,JerryZ
1787147202029480249,PPS-GC,sender_signaling,pps_gc_sender_total_signaling,sender,375,false,32,2,recipient_bits=16;location_bytes=32,22519,68,measured,ok,unavailable,rustc,nightly-2021-05-06,Release,JerryZ
1787147202031298498,PPS-GC,sender_signaling,pps_gc_share_generation,sender,376,false,32,2,recipient_bits=16;location_bytes=32,10267,68,measured,ok,unavailable,rustc,nightly-2021-05-06,Release,JerryZ
1787147202032474277,PPS-GC,sender_signaling,pps_gc_sender_preparation,sender,376,false,32,2,recipient_bits=16;location_bytes=32,294,68,measured,ok,unavailable,rustc,nightly-2021-05-06,Release,JerryZ
1787147202034152335,PPS-GC,sender_signaling,message_encryption,sender,376,false,32,2,recipient_bits=16;location_bytes=32,-1,,not_applicable,not_applicable,unavailable,rustc,nightly-2021-05-06,Release,JerryZ
1787147202035772224,PPS-GC,sender_signaling,pps_gc_sender_total_signaling,sender,376,false,32,2,recipient_bits=16;location_bytes=32,12821,68,measured,ok,unavailable,rustc,nightly-2021-05-06,Release,JerryZ
1787147202037554724,PPS-GC,sender_signaling,pps_gc_share_generation,sender,377,false,32,2,recipient_bits=16;location_bytes=32,11663,68,measured,ok,unavailable,rustc,nightly-2021-05-06,Release,JerryZ
1787147202039341532,PPS-GC,sender_signaling,pps_gc_sender_preparation,sender,377,false,32,2,recipient_bits=16;location_bytes=32,937,68,measured,ok,unavailable,rustc,nightly-2021-05-06,Release,JerryZ
1787147202040885030,PPS-GC,sender_signaling,message_encryption,sender,377,false,32,2,recipient_bits=16;location_bytes=32,-1,,not_applicable,not_applicable,unavailable,rustc,nightly-2021-05-06,Release,JerryZ
1787147202042814374,PPS-GC,sender_signaling,pps_gc_sender_total_signaling,sender,377,false,32,2,recipient_bits=16;location_bytes=32,14088,68,measured,ok,unavailable,rustc,nightly-2021-05-06,Release,JerryZ
1787147202044123176,PPS-GC,sender_signaling,pps_gc_share_generation,sender,378,false,32,2,recipient_bits=16;location_bytes=32,10120,68,measured,ok,unavailable,rustc,nightly-2021-05-06,Release,JerryZ
1787147202045312295,PPS-GC,sender_signaling,pps_gc_sender_preparation,sender,378,false,32,2,recipient_bits=16;location_bytes=32,284,68,measured,ok,unavailable,rustc,nightly-2021-05-06,Release,JerryZ
1787147202046613965,PPS-GC,sender_signaling,message_encryption,sender,378,false,32,2,recipient_bits=16;location_bytes=32,-1,,not_applicable,not_applicable,unavailable,rustc,nightly-2021-05-06,Release,JerryZ
1787147202047779937,PPS-GC,sender_signaling,pps_gc_sender_total_signaling,sender,378,false,32,2,recipient_bits=16;location_bytes=32,10120,68,measured,ok,unavailable,rustc,nightly-2021-05-06,Release,JerryZ
1787147202048966828,PPS-GC,sender_signaling,pps_gc_share_generation,sender,379,false,32,2,recipient_bits=16;location_bytes=32,21306,68,measured,ok,unavailable,rustc,nightly-2021-05-06,Release,JerryZ
1787147202050761135,PPS-GC,sender_signaling,pps_gc_sender_preparation,sender,379,false,32,2,recipient_bits=16;location_bytes=32,285,68,measured,ok,unavailable,rustc,nightly-2021-05-06,Release,JerryZ
1787147202052097878,PPS-GC,sender_signaling,message_encryption,sender,379,false,32,2,recipient_bits=16;location_bytes=32,-1,,not_applicable,not_applicable,unavailable,rustc,nightly-2021-05-06,Release,JerryZ
1787147202053299528,PPS-GC,sender_signaling,pps_gc_sender_total_signaling,sender,379,false,32,2,recipient_bits=16;location_bytes=32,10516,68,measured,ok,unavailable,rustc,nightly-2021-05-06,Release,JerryZ
1787147202054657927,PPS-GC,sender_signaling,pps_gc_share_generation,sender,380,false,32,2,recipient_bits=16;location_bytes=32,21389,68,measured,ok,unavailable,rustc,nightly-2021-05-06,Release,JerryZ
1787147202056019118,PPS-GC,sender_signaling,pps_gc_sender_preparation,sender,380,false,32,2,recipient_bits=16;location_bytes=32,276,68,measured,ok,unavailable,rustc,nightly-2021-05-06,Release,JerryZ
1787147202057391531,PPS-GC,sender_signaling,message_encryption,sender,380,false,32,2,recipient_bits=16;location_bytes=32,-1,,not_applicable,not_applicable,unavailable,rustc,nightly-2021-05-06,Release,JerryZ
1787147202058764588,PPS-GC,sender_signaling,pps_gc_sender_total_signaling,sender,380,false,32,2,recipient_bits=16;location_bytes=32,9890,68,measured,ok,unavailable,rustc,nightly-2021-05-06,Release,JerryZ
1787147202060035052,PPS-GC,sender_signaling,pps_gc_share_generation,sender,381,false,32,2,recipient_bits=16;location_bytes=32,9707,68,measured,ok,unavailable,rustc,nightly-2021-05-06,Release,JerryZ
1787147202061641129,PPS-GC,sender_signaling,pps_gc_sender_preparation,sender,381,false,32,2,recipient_bits=16;location_bytes=32,285,68,measured,ok,unavailable,rustc,nightly-2021-05-06,Release,JerryZ
1787147202062860724,PPS-GC,sender_signaling,message_encryption,sender,381,false,32,2,recipient_bits=16;location_bytes=32,-1,,not_applicable,not_applicable,unavailable,rustc,nightly-2021-05-06,Release,JerryZ
1787147202064432012,PPS-GC,sender_signaling,pps_gc_sender_total_signaling,sender,381,false,32,2,recipient_bits=16;location_bytes=32,15291,68,measured,ok,unavailable,rustc,nightly-2021-05-06,Release,JerryZ
1787147202066208704,PPS-GC,sender_signaling,pps_gc_share_generation,sender,382,false,32,2,recipient_bits=16;location_bytes=32,9992,68,measured,ok,unavailable,rustc,nightly-2021-05-06,Release,JerryZ
1787147202067505094,PPS-GC,sender_signaling,pps_gc_sender_preparation,sender,382,false,32,2,recipient_bits=16;location_bytes=32,211,68,measured,ok,unavailable,rustc,nightly-2021-05-06,Release,JerryZ
1787147202069083324,PPS-GC,sender_signaling,message_encryption,sender,382,false,32,2,recipient_bits=16;location_bytes=32,-1,,not_applicable,not_applicable,unavailable,rustc,nightly-2021-05-06,Release,JerryZ
1787147202070593310,PPS-GC,sender_signaling,pps_gc_sender_total_signaling,sender,382,false,32,2,recipient_bits=16;location_bytes=32,11186,68,measured,ok,unavailable,rustc,nightly-2021-05-06,Release,JerryZ
1787147202072213933,PPS-GC,sender_signaling,pps_gc_share_generation,sender,383,false,32,2,recipient_bits=16;location_bytes=32,10414,68,measured,ok,unavailable,rustc,nightly-2021-05-06,Release,JerryZ
1787147202073772841,PPS-GC,sender_signaling,pps_gc_sender_preparation,sender,383,false,32,2,recipient_bits=16;location_bytes=32,607,68,measured,ok,unavailable,rustc,nightly-2021-05-06,Release,JerryZ
1787147202075284894,PPS-GC,sender_signaling,message_encryption,sender,383,false,32,2,recipient_bits=16;location_bytes=32,-1,,not_applicable,not_applicable,unavailable,rustc,nightly-2021-05-06,Release,JerryZ
1787147202076878544,PPS-GC,sender_signaling,pps_gc_sender_total_signaling,sender,383,false,32,2,recipient_bits=16;location_bytes=32,10800,68,measured,ok,unavailable,rustc,nightly-2021-05-06,Release,JerryZ
1787147202078062846,PPS-GC,sender_signaling,pps_gc_share_generation,sender,384,false,32,2,recipient_bits=16;location_bytes=32,9744,68,measured,ok,unavailable,rustc,nightly-2021-05-06,Release,JerryZ
1787147202079252502,PPS-GC,sender_signaling,pps_gc_sender_preparation,sender,384,false,32,2,recipient_bits=16;location_bytes=32,147,68,measured,ok,unavailable,rustc,nightly-2021-05-06,Release,JerryZ
1787147202080456577,PPS-GC,sender_signaling,message_encryption,sender,384,false,32,2,recipient_bits=16;location_bytes=32,-1,,not_applicable,not_applicable,unavailable,rustc,nightly-2021-05-06,Release,JerryZ
1787147202082319477,PPS-GC,sender_signaling,pps_gc_sender_total_signaling,sender,384,false,32,2,recipient_bits=16;location_bytes=32,10240,68,measured,ok,unavailable,rustc,nightly-2021-05-06,Release,JerryZ
1787147202083517077,PPS-GC,sender_signaling,pps_gc_share_generation,sender,385,false,32,2,recipient_bits=16;location_bytes=32,9515,68,measured,ok,unavailable,rustc,nightly-2021-05-06,Release,JerryZ
1787147202084755067,PPS-GC,sender_signaling,pps_gc_sender_preparation,sender,385,false,32,2,recipient_bits=16;location_bytes=32,440,68,measured,ok,unavailable,rustc,nightly-2021-05-06,Release,JerryZ
1787147202086491700,PPS-GC,sender_signaling,message_encryption,sender,385,false,32,2,recipient_bits=16;location_bytes=32,-1,,not_applicable,not_applicable,unavailable,rustc,nightly-2021-05-06,Release,JerryZ
1787147202088542554,PPS-GC,sender_signaling,pps_gc_sender_total_signaling,sender,385,false,32,2,recipient_bits=16;location_bytes=32,11278,68,measured,ok,unavailable,rustc,nightly-2021-05-06,Release,JerryZ
1787147202089834114,PPS-GC,sender_signaling,pps_gc_share_generation,sender,386,false,32,2,recipient_bits=16;location_bytes=32,21940,68,measured,ok,unavailable,rustc,nightly-2021-05-06,Release,JerryZ
1787147202091446517,PPS-GC,sender_signaling,pps_gc_sender_preparation,sender,386,false,32,2,recipient_bits=16;location_bytes=32,404,68,measured,ok,unavailable,rustc,nightly-2021-05-06,Release,JerryZ
1787147202092847189,PPS-GC,sender_signaling,message_encryption,sender,386,false,32,2,recipient_bits=16;location_bytes=32,-1,,not_applicable,not_applicable,unavailable,rustc,nightly-2021-05-06,Release,JerryZ
1787147202094159668,PPS-GC,sender_signaling,pps_gc_sender_total_signaling,sender,386,false,32,2,recipient_bits=16;location_bytes=32,23382,68,measured,ok,unavailable,rustc,nightly-2021-05-06,Release,JerryZ
1787147202095454056,PPS-GC,sender_signaling,pps_gc_share_generation,sender,387,false,32,2,recipient_bits=16;location_bytes=32,9505,68,measured,ok,unavailable,rustc,nightly-2021-05-06,Release,JerryZ
1787147202097025344,PPS-GC,sender_signaling,pps_gc_sender_preparation,sender,387,false,32,2,recipient_bits=16;location_bytes=32,110,68,measured,ok,unavailable,rustc,nightly-2021-05-06,Release,JerryZ
1787147202098530444,PPS-GC,sender_signaling,message_encryption,sender,387,false,32,2,recipient_bits=16;location_bytes=32,-1,,not_applicable,not_applicable,unavailable,rustc,nightly-2021-05-06,Release,JerryZ
1787147202100088893,PPS-GC,sender_signaling,pps_gc_sender_total_signaling,sender,387,false,32,2,recipient_bits=16;location_bytes=32,11122,68,measured,ok,unavailable,rustc,nightly-2021-05-06,Release,JerryZ
1787147202101842653,PPS-GC,sender_signaling,pps_gc_share_generation,sender,388,false,32,2,recipient_bits=16;location_bytes=32,14639,68,measured,ok,unavailable,rustc,nightly-2021-05-06,Release,JerryZ
1787147202103235859,PPS-GC,sender_signaling,pps_gc_sender_preparation,sender,388,false,32,2,recipient_bits=16;location_bytes=32,1212,68,measured,ok,unavailable,rustc,nightly-2021-05-06,Release,JerryZ
1787147202104368769,PPS-GC,sender_signaling,message_encryption,sender,388,false,32,2,recipient_bits=16;location_bytes=32,-1,,not_applicable,not_applicable,unavailable,rustc,nightly-2021-05-06,Release,JerryZ
1787147202105892532,PPS-GC,sender_signaling,pps_gc_sender_total_signaling,sender,388,false,32,2,recipient_bits=16;location_bytes=32,10093,68,measured,ok,unavailable,rustc,nightly-2021-05-06,Release,JerryZ
1787147202107239088,PPS-GC,sender_signaling,pps_gc_share_generation,sender,389,false,32,2,recipient_bits=16;location_bytes=32,10194,68,measured,ok,unavailable,rustc,nightly-2021-05-06,Release,JerryZ
1787147202108597460,PPS-GC,sender_signaling,pps_gc_sender_preparation,sender,389,false,32,2,recipient_bits=16;location_bytes=32,230,68,measured,ok,unavailable,rustc,nightly-2021-05-06,Release,JerryZ
1787147202109855071,PPS-GC,sender_signaling,message_encryption,sender,389,false,32,2,recipient_bits=16;location_bytes=32,-1,,not_applicable,not_applicable,unavailable,rustc,nightly-2021-05-06,Release,JerryZ
1787147202111022824,PPS-GC,sender_signaling,pps_gc_sender_total_signaling,sender,389,false,32,2,recipient_bits=16;location_bytes=32,10314,68,measured,ok,unavailable,rustc,nightly-2021-05-06,Release,JerryZ
1787147202112717334,PPS-GC,sender_signaling,pps_gc_share_generation,sender,390,false,32,2,recipient_bits=16;location_bytes=32,22408,68,measured,ok,unavailable,rustc,nightly-2021-05-06,Release,JerryZ
1787147202114219399,PPS-GC,sender_signaling,pps_gc_sender_preparation,sender,390,false,32,2,recipient_bits=16;location_bytes=32,496,68,measured,ok,unavailable,rustc,nightly-2021-05-06,Release,JerryZ
1787147202115583804,PPS-GC,sender_signaling,message_encryption,sender,390,false,32,2,recipient_bits=16;location_bytes=32,-1,,not_applicable,not_applicable,unavailable,rustc,nightly-2021-05-06,Release,JerryZ
1787147202117204143,PPS-GC,sender_signaling,pps_gc_sender_total_signaling,sender,390,false,32,2,recipient_bits=16;location_bytes=32,11140,68,measured,ok,unavailable,rustc,nightly-2021-05-06,Release,JerryZ
1787147202118719363,PPS-GC,sender_signaling,pps_gc_share_generation,sender,391,false,32,2,recipient_bits=16;location_bytes=32,9625,68,measured,ok,unavailable,rustc,nightly-2021-05-06,Release,JerryZ
1787147202119897871,PPS-GC,sender_signaling,pps_gc_sender_preparation,sender,391,false,32,2,recipient_bits=16;location_bytes=32,248,68,measured,ok,unavailable,rustc,nightly-2021-05-06,Release,JerryZ
1787147202121375916,PPS-GC,sender_signaling,message_encryption,sender,391,false,32,2,recipient_bits=16;location_bytes=32,-1,,not_applicable,not_applicable,unavailable,rustc,nightly-2021-05-06,Release,JerryZ
1787147202122592737,PPS-GC,sender_signaling,pps_gc_sender_total_signaling,sender,391,false,32,2,recipient_bits=16;location_bytes=32,10634,68,measured,ok,unavailable,rustc,nightly-2021-05-06,Release,JerryZ
1787147202124194680,PPS-GC,sender_signaling,pps_gc_share_generation,sender,392,false,32,2,recipient_bits=16;location_bytes=32,10185,68,measured,ok,unavailable,rustc,nightly-2021-05-06,Release,JerryZ
1787147202125874410,PPS-GC,sender_signaling,pps_gc_sender_preparation,sender,392,false,32,2,recipient_bits=16;location_bytes=32,211,68,measured,ok,unavailable,rustc,nightly-2021-05-06,Release,JerryZ
1787147202127037681,PPS-GC,sender_signaling,message_encryption,sender,392,false,32,2,recipient_bits=16;location_bytes=32,-1,,not_applicable,not_applicable,unavailable,rustc,nightly-2021-05-06,Release,JerryZ
1787147202128678821,PPS-GC,sender_signaling,pps_gc_sender_total_signaling,sender,392,false,32,2,recipient_bits=16;location_bytes=32,22582,68,measured,ok,unavailable,rustc,nightly-2021-05-06,Release,JerryZ
1787147202130124594,PPS-GC,sender_signaling,pps_gc_share_generation,sender,393,false,32,2,recipient_bits=16;location_bytes=32,10093,68,measured,ok,unavailable,rustc,nightly-2021-05-06,Release,JerryZ
1787147202131601564,PPS-GC,sender_signaling,pps_gc_sender_preparation,sender,393,false,32,2,recipient_bits=16;location_bytes=32,561,68,measured,ok,unavailable,rustc,nightly-2021-05-06,Release,JerryZ
1787147202133302591,PPS-GC,sender_signaling,message_encryption,sender,393,false,32,2,recipient_bits=16;location_bytes=32,-1,,not_applicable,not_applicable,unavailable,rustc,nightly-2021-05-06,Release,JerryZ
1787147202134800629,PPS-GC,sender_signaling,pps_gc_sender_total_signaling,sender,393,false,32,2,recipient_bits=16;location_bytes=32,10773,68,measured,ok,unavailable,rustc,nightly-2021-05-06,Release,JerryZ
1787147202136048106,PPS-GC,sender_signaling,pps_gc_share_generation,sender,394,false,32,2,recipient_bits=16;location_bytes=32,21647,68,measured,ok,unavailable,rustc,nightly-2021-05-06,Release,JerryZ
1787147202137354754,PPS-GC,sender_signaling,pps_gc_sender_preparation,sender,394,false,32,2,recipient_bits=16;location_bytes=32,349,68,measured,ok,unavailable,rustc,nightly-2021-05-06,Release,JerryZ
1787147202138751440,PPS-GC,sender_signaling,message_encryption,sender,394,false,32,2,recipient_bits=16;location_bytes=32,-1,,not_applicable,not_applicable,unavailable,rustc,nightly-2021-05-06,Release,JerryZ
1787147202140133184,PPS-GC,sender_signaling,pps_gc_sender_total_signaling,sender,394,false,32,2,recipient_bits=16;location_bytes=32,10680,68,measured,ok,unavailable,rustc,nightly-2021-05-06,Release,JerryZ
1787147202141504376,PPS-GC,sender_signaling,pps_gc_share_generation,sender,395,false,32,2,recipient_bits=16;location_bytes=32,10102,68,measured,ok,unavailable,rustc,nightly-2021-05-06,Release,JerryZ
1787147202143222622,PPS-GC,sender_signaling,pps_gc_sender_preparation,sender,395,false,32,2,recipient_bits=16;location_bytes=32,304,68,measured,ok,unavailable,rustc,nightly-2021-05-06,Release,JerryZ
1787147202144607406,PPS-GC,sender_signaling,message_encryption,sender,395,false,32,2,recipient_bits=16;location_bytes=32,-1,,not_applicable,not_applicable,unavailable,rustc,nightly-2021-05-06,Release,JerryZ
1787147202145985889,PPS-GC,sender_signaling,pps_gc_sender_total_signaling,sender,395,false,32,2,recipient_bits=16;location_bytes=32,11186,68,measured,ok,unavailable,rustc,nightly-2021-05-06,Release,JerryZ
1787147202147524382,PPS-GC,sender_signaling,pps_gc_share_generation,sender,396,false,32,2,recipient_bits=16;location_bytes=32,11893,68,measured,ok,unavailable,rustc,nightly-2021-05-06,Release,JerryZ
1787147202149003106,PPS-GC,sender_signaling,pps_gc_sender_preparation,sender,396,false,32,2,recipient_bits=16;location_bytes=32,1038,68,measured,ok,unavailable,rustc,nightly-2021-05-06,Release,JerryZ
1787147202150619836,PPS-GC,sender_signaling,message_encryption,sender,396,false,32,2,recipient_bits=16;location_bytes=32,-1,,not_applicable,not_applicable,unavailable,rustc,nightly-2021-05-06,Release,JerryZ
1787147202152019737,PPS-GC,sender_signaling,pps_gc_sender_total_signaling,sender,396,false,32,2,recipient_bits=16;location_bytes=32,11094,68,measured,ok,unavailable,rustc,nightly-2021-05-06,Release,JerryZ
1787147202153202038,PPS-GC,sender_signaling,pps_gc_share_generation,sender,397,false,32,2,recipient_bits=16;location_bytes=32,10010,68,measured,ok,unavailable,rustc,nightly-2021-05-06,Release,JerryZ
1787147202154597906,PPS-GC,sender_signaling,pps_gc_sender_preparation,sender,397,false,32,2,recipient_bits=16;location_bytes=32,138,68,measured,ok,unavailable,rustc,nightly-2021-05-06,Release,JerryZ
1787147202156068301,PPS-GC,sender_signaling,message_encryption,sender,397,false,32,2,recipient_bits=16;location_bytes=32,-1,,not_applicable,not_applicable,unavailable,rustc,nightly-2021-05-06,Release,JerryZ
1787147202157469726,PPS-GC,sender_signaling,pps_gc_sender_total_signaling,sender,397,false,32,2,recipient_bits=16;location_bytes=32,10818,68,measured,ok,unavailable,rustc,nightly-2021-05-06,Release,JerryZ
1787147202159216313,PPS-GC,sender_signaling,pps_gc_share_generation,sender,398,false,32,2,recipient_bits=16;location_bytes=32,10892,68,measured,ok,unavailable,rustc,nightly-2021-05-06,Release,JerryZ
1787147202160608554,PPS-GC,sender_signaling,pps_gc_sender_preparation,sender,398,false,32,2,recipient_bits=16;location_bytes=32,533,68,measured,ok,unavailable,rustc,nightly-2021-05-06,Release,JerryZ
1787147202161984191,PPS-GC,sender_signaling,message_encryption,sender,398,false,32,2,recipient_bits=16;location_bytes=32,-1,,not_applicable,not_applicable,unavailable,rustc,nightly-2021-05-06,Release,JerryZ
1787147202163194464,PPS-GC,sender_signaling,pps_gc_sender_total_signaling,sender,398,false,32,2,recipient_bits=16;location_bytes=32,10735,68,measured,ok,unavailable,rustc,nightly-2021-05-06,Release,JerryZ
1787147202164603319,PPS-GC,sender_signaling,pps_gc_share_generation,sender,399,false,32,2,recipient_bits=16;location_bytes=32,10267,68,measured,ok,unavailable,rustc,nightly-2021-05-06,Release,JerryZ
1787147202165789696,PPS-GC,sender_signaling,pps_gc_sender_preparation,sender,399,false,32,2,recipient_bits=16;location_bytes=32,367,68,measured,ok,unavailable,rustc,nightly-2021-05-06,Release,JerryZ
1787147202167344113,PPS-GC,sender_signaling,message_encryption,sender,399,false,32,2,recipient_bits=16;location_bytes=32,-1,,not_applicable,not_applicable,unavailable,rustc,nightly-2021-05-06,Release,JerryZ
1787147202168536562,PPS-GC,sender_signaling,pps_gc_sender_total_signaling,sender,399,false,32,2,recipient_bits=16;location_bytes=32,10570,68,measured,ok,unavailable,rustc,nightly-2021-05-06,Release,JerryZ
1787147202169699112,PPS-GC,sender_signaling,pps_gc_share_generation,sender,400,false,32,2,recipient_bits=16;location_bytes=32,21509,68,measured,ok,unavailable,rustc,nightly-2021-05-06,Release,JerryZ
1787147202170982484,PPS-GC,sender_signaling,pps_gc_sender_preparation,sender,400,false,32,2,recipient_bits=16;location_bytes=32,340,68,measured,ok,unavailable,rustc,nightly-2021-05-06,Release,JerryZ
1787147202172150696,PPS-GC,sender_signaling,message_encryption,sender,400,false,32,2,recipient_bits=16;location_bytes=32,-1,,not_applicable,not_applicable,unavailable,rustc,nightly-2021-05-06,Release,JerryZ
1787147202173784989,PPS-GC,sender_signaling,pps_gc_sender_total_signaling,sender,400,false,32,2,recipient_bits=16;location_bytes=32,22665,68,measured,ok,unavailable,rustc,nightly-2021-05-06,Release,JerryZ
1787147202175065101,PPS-GC,sender_signaling,pps_gc_share_generation,sender,401,false,32,2,recipient_bits=16;location_bytes=32,9964,68,measured,ok,unavailable,rustc,nightly-2021-05-06,Release,JerryZ
1787147202176246234,PPS-GC,sender_signaling,pps_gc_sender_preparation,sender,401,false,32,2,recipient_bits=16;location_bytes=32,175,68,measured,ok,unavailable,rustc,nightly-2021-05-06,Release,JerryZ
1787147202177652940,PPS-GC,sender_signaling,message_encryption,sender,401,false,32,2,recipient_bits=16;location_bytes=32,-1,,not_applicable,not_applicable,unavailable,rustc,nightly-2021-05-06,Release,JerryZ
1787147202179419530,PPS-GC,sender_signaling,pps_gc_sender_total_signaling,sender,401,false,32,2,recipient_bits=16;location_bytes=32,11296,68,measured,ok,unavailable,rustc,nightly-2021-05-06,Release,JerryZ
1787147202180656610,PPS-GC,sender_signaling,pps_gc_share_generation,sender,402,false,32,2,recipient_bits=16;location_bytes=32,9900,68,measured,ok,unavailable,rustc,nightly-2021-05-06,Release,JerryZ
1787147202181975106,PPS-GC,sender_signaling,pps_gc_sender_preparation,sender,402,false,32,2,recipient_bits=16;location_bytes=32,138,68,measured,ok,unavailable,rustc,nightly-2021-05-06,Release,JerryZ
1787147202183557956,PPS-GC,sender_signaling,message_encryption,sender,402,false,32,2,recipient_bits=16;location_bytes=32,-1,,not_applicable,not_applicable,unavailable,rustc,nightly-2021-05-06,Release,JerryZ
1787147202184639289,PPS-GC,sender_signaling,pps_gc_sender_total_signaling,sender,402,false,32,2,recipient_bits=16;location_bytes=32,10359,68,measured,ok,unavailable,rustc,nightly-2021-05-06,Release,JerryZ
1787147202185816704,PPS-GC,sender_signaling,pps_gc_share_generation,sender,403,false,32,2,recipient_bits=16;location_bytes=32,9680,68,measured,ok,unavailable,rustc,nightly-2021-05-06,Release,JerryZ
1787147202186996037,PPS-GC,sender_signaling,pps_gc_sender_preparation,sender,403,false,32,2,recipient_bits=16;location_bytes=32,157,68,measured,ok,unavailable,rustc,nightly-2021-05-06,Release,JerryZ
1787147202188068793,PPS-GC,sender_signaling,message_encryption,sender,403,false,32,2,recipient_bits=16;location_bytes=32,-1,,not_applicable,not_applicable,unavailable,rustc,nightly-2021-05-06,Release,JerryZ
1787147202189371777,PPS-GC,sender_signaling,pps_gc_sender_total_signaling,sender,403,false,32,2,recipient_bits=16;location_bytes=32,11287,68,measured,ok,unavailable,rustc,nightly-2021-05-06,Release,JerryZ
1787147202191179014,PPS-GC,sender_signaling,pps_gc_share_generation,sender,404,false,32,2,recipient_bits=16;location_bytes=32,11636,68,measured,ok,unavailable,rustc,nightly-2021-05-06,Release,JerryZ
1787147202192446034,PPS-GC,sender_signaling,pps_gc_sender_preparation,sender,404,false,32,2,recipient_bits=16;location_bytes=32,652,68,measured,ok,unavailable,rustc,nightly-2021-05-06,Release,JerryZ
1787147202193914106,PPS-GC,sender_signaling,message_encryption,sender,404,false,32,2,recipient_bits=16;location_bytes=32,-1,,not_applicable,not_applicable,unavailable,rustc,nightly-2021-05-06,Release,JerryZ
1787147202195260227,PPS-GC,sender_signaling,pps_gc_sender_total_signaling,sender,404,false,32,2,recipient_bits=16;location_bytes=32,10681,68,measured,ok,unavailable,rustc,nightly-2021-05-06,Release,JerryZ
1787147202196471603,PPS-GC,sender_signaling,pps_gc_share_generation,sender,405,false,32,2,recipient_bits=16;location_bytes=32,9937,68,measured,ok,unavailable,rustc,nightly-2021-05-06,Release,JerryZ
1787147202198115930,PPS-GC,sender_signaling,pps_gc_sender_preparation,sender,405,false,32,2,recipient_bits=16;location_bytes=32,202,68,measured,ok,unavailable,rustc,nightly-2021-05-06,Release,JerryZ
1787147202199384144,PPS-GC,sender_signaling,message_encryption,sender,405,false,32,2,recipient_bits=16;location_bytes=32,-1,,not_applicable,not_applicable,unavailable,rustc,nightly-2021-05-06,Release,JerryZ
1787147202200641659,PPS-GC,sender_signaling,pps_gc_sender_total_signaling,sender,405,false,32,2,recipient_bits=16;location_bytes=32,10222,68,measured,ok,unavailable,rustc,nightly-2021-05-06,Release,JerryZ
1787147202202030236,PPS-GC,sender_signaling,pps_gc_share_generation,sender,406,false,32,2,recipient_bits=16;location_bytes=32,9633,68,measured,ok,unavailable,rustc,nightly-2021-05-06,Release,JerryZ
1787147202203335901,PPS-GC,sender_signaling,pps_gc_sender_preparation,sender,406,false,32,2,recipient_bits=16;location_bytes=32,147,68,measured,ok,unavailable,rustc,nightly-2021-05-06,Release,JerryZ
1787147202204728408,PPS-GC,sender_signaling,message_encryption,sender,406,false,32,2,recipient_bits=16;location_bytes=32,-1,,not_applicable,not_applicable,unavailable,rustc,nightly-2021-05-06,Release,JerryZ
1787147202205948288,PPS-GC,sender_signaling,pps_gc_sender_total_signaling,sender,406,false,32,2,recipient_bits=16;location_bytes=32,10442,68,measured,ok,unavailable,rustc,nightly-2021-05-06,Release,JerryZ
1787147202207575331,PPS-GC,sender_signaling,pps_gc_share_generation,sender,407,false,32,2,recipient_bits=16;location_bytes=32,22472,68,measured,ok,unavailable,rustc,nightly-2021-05-06,Release,JerryZ
1787147202209109144,PPS-GC,sender_signaling,pps_gc_sender_preparation,sender,407,false,32,2,recipient_bits=16;location_bytes=32,1258,68,measured,ok,unavailable,rustc,nightly-2021-05-06,Release,JerryZ
1787147202210427065,PPS-GC,sender_signaling,message_encryption,sender,407,false,32,2,recipient_bits=16;location_bytes=32,-1,,not_applicable,not_applicable,unavailable,rustc,nightly-2021-05-06,Release,JerryZ
1787147202211567478,PPS-GC,sender_signaling,pps_gc_sender_total_signaling,sender,407,false,32,2,recipient_bits=16;location_bytes=32,22693,68,measured,ok,unavailable,rustc,nightly-2021-05-06,Release,JerryZ
1787147202213454972,PPS-GC,sender_signaling,pps_gc_share_generation,sender,408,false,32,2,recipient_bits=16;location_bytes=32,11323,68,measured,ok,unavailable,rustc,nightly-2021-05-06,Release,JerryZ
1787147202214668910,PPS-GC,sender_signaling,pps_gc_sender_preparation,sender,408,false,32,2,recipient_bits=16;location_bytes=32,790,68,measured,ok,unavailable,rustc,nightly-2021-05-06,Release,JerryZ
1787147202215757784,PPS-GC,sender_signaling,message_encryption,sender,408,false,32,2,recipient_bits=16;location_bytes=32,-1,,not_applicable,not_applicable,unavailable,rustc,nightly-2021-05-06,Release,JerryZ
1787147202217065571,PPS-GC,sender_signaling,pps_gc_sender_total_signaling,sender,408,false,32,2,recipient_bits=16;location_bytes=32,11939,68,measured,ok,unavailable,rustc,nightly-2021-05-06,Release,JerryZ
1787147202218186110,PPS-GC,sender_signaling,pps_gc_share_generation,sender,409,false,32,2,recipient_bits=16;location_bytes=32,9698,68,measured,ok,unavailable,rustc,nightly-2021-05-06,Release,JerryZ
1787147202219332501,PPS-GC,sender_signaling,pps_gc_sender_preparation,sender,409,false,32,2,recipient_bits=16;location_bytes=32,147,68,measured,ok,unavailable,rustc,nightly-2021-05-06,Release,JerryZ
1787147202220837675,PPS-GC,sender_signaling,message_encryption,sender,409,false,32,2,recipient_bits=16;location_bytes=32,-1,,not_applicable,not_applicable,unavailable,rustc,nightly-2021-05-06,Release,JerryZ
1787147202222130447,PPS-GC,sender_signaling,pps_gc_sender_total_signaling,sender,409,false,32,2,recipient_bits=16;location_bytes=32,10341,68,measured,ok,unavailable,rustc,nightly-2021-05-06,Release,JerryZ
1787147202223414714,PPS-GC,sender_signaling,pps_gc_share_generation,sender,410,false,32,2,recipient_bits=16;location_bytes=32,10028,68,measured,ok,unavailable,rustc,nightly-2021-05-06,Release,JerryZ
1787147202224679494,PPS-GC,sender_signaling,pps_gc_sender_preparation,sender,410,false,32,2,recipient_bits=16;location_bytes=32,294,68,measured,ok,unavailable,rustc,nightly-2021-05-06,Release,JerryZ
1787147202226341958,PPS-GC,sender_signaling,message_encryption,sender,410,false,32,2,recipient_bits=16;location_bytes=32,-1,,not_applicable,not_applicable,unavailable,rustc,nightly-2021-05-06,Release,JerryZ
1787147202227851282,PPS-GC,sender_signaling,pps_gc_sender_total_signaling,sender,410,false,32,2,recipient_bits=16;location_bytes=32,23106,68,measured,ok,unavailable,rustc,nightly-2021-05-06,Release,JerryZ
1787147202229119203,PPS-GC,sender_signaling,pps_gc_share_generation,sender,411,false,32,2,recipient_bits=16;location_bytes=32,9809,68,measured,ok,unavailable,rustc,nightly-2021-05-06,Release,JerryZ
1787147202230384662,PPS-GC,sender_signaling,pps_gc_sender_preparation,sender,411,false,32,2,recipient_bits=16;location_bytes=32,414,68,measured,ok,unavailable,rustc,nightly-2021-05-06,Release,JerryZ
1787147202231511336,PPS-GC,sender_signaling,message_encryption,sender,411,false,32,2,recipient_bits=16;location_bytes=32,-1,,not_applicable,not_applicable,unavailable,rustc,nightly-2021-05-06,Release,JerryZ
1787147202233003515,PPS-GC,sender_signaling,pps_gc_sender_total_signaling,sender,411,false,32,2,recipient_bits=16;location_bytes=32,23006,68,measured,ok,unavailable,rustc,nightly-2021-05-06,Release,JerryZ
1787147202234632788,PPS-GC,sender_signaling,pps_gc_share_generation,sender,412,false,32,2,recipient_bits=16;location_bytes=32,11572,68,measured,ok,unavailable,rustc,nightly-2021-05-06,Release,JerryZ
1787147202235790044,PPS-GC,sender_signaling,pps_gc_sender_preparation,sender,412,false,32,2,recipient_bits=16;location_bytes=32,753,68,measured,ok,unavailable,rustc,nightly-2021-05-06,Release,JerryZ
1787147202237429301,PPS-GC,sender_signaling,message_encryption,sender,412,false,32,2,recipient_bits=16;location_bytes=32,-1,,not_applicable,not_applicable,unavailable,rustc,nightly-2021-05-06,Release,JerryZ
1787147202239100844,PPS-GC,sender_signaling,pps_gc_sender_total_signaling,sender,412,false,32,2,recipient_bits=16;location_bytes=32,11407,68,measured,ok,unavailable,rustc,nightly-2021-05-06,Release,JerryZ
1787147202240564401,PPS-GC,sender_signaling,pps_gc_share_generation,sender,413,false,32,2,recipient_bits=16;location_bytes=32,10157,68,measured,ok,unavailable,rustc,nightly-2021-05-06,Release,JerryZ
1787147202241846593,PPS-GC,sender_signaling,pps_gc_sender_preparation,sender,413,false,32,2,recipient_bits=16;location_bytes=32,478,68,measured,ok,unavailable,rustc,nightly-2021-05-06,Release,JerryZ
1787147202243476428,PPS-GC,sender_signaling,message_encryption,sender,413,false,32,2,recipient_bits=16;location_bytes=32,-1,,not_applicable,not_applicable,unavailable,rustc,nightly-2021-05-06,Release,JerryZ
1787147202245029698,PPS-GC,sender_signaling,pps_gc_sender_total_signaling,sender,413,false,32,2,recipient_bits=16;location_bytes=32,14280,68,measured,ok,unavailable,rustc,nightly-2021-05-06,Release,JerryZ
1787147202246281087,PPS-GC,sender_signaling,pps_gc_share_generation,sender,414,false,32,2,recipient_bits=16;location_bytes=32,9964,68,measured,ok,unavailable,rustc,nightly-2021-05-06,Release,JerryZ
1787147202247376876,PPS-GC,sender_signaling,pps_gc_sender_preparation,sender,414,false,32,2,recipient_bits=16;location_bytes=32,147,68,measured,ok,unavailable,rustc,nightly-2021-05-06,Release,JerryZ
1787147202248525876,PPS-GC,sender_signaling,message_encryption,sender,414,false,32,2,recipient_bits=16;location_bytes=32,-1,,not_applicable,not_applicable,unavailable,rustc,nightly-2021-05-06,Release,JerryZ
1787147202249785274,PPS-GC,sender_signaling,pps_gc_sender_total_signaling,sender,414,false,32,2,recipient_bits=16;location_bytes=32,22032,68,measured,ok,unavailable,rustc,nightly-2021-05-06,Release,JerryZ
1787147202251356791,PPS-GC,sender_signaling,pps_gc_share_generation,sender,415,false,32,2,recipient_bits=16;location_bytes=32,10084,68,measured,ok,unavailable,rustc,nightly-2021-05-06,Release,JerryZ
1787147202252659316,PPS-GC,sender_signaling,pps_gc_sender_preparation,sender,415,false,32,2,recipient_bits=16;location_bytes=32,165,68,measured,ok,unavailable,rustc,nightly-2021-05-06,Release,JerryZ
1787147202254053338,PPS-GC,sender_signaling,message_encryption,sender,415,false,32,2,recipient_bits=16;location_bytes=32,-1,,not_applicable,not_applicable,unavailable,rustc,nightly-2021-05-06,Release,JerryZ
1787147202255655695,PPS-GC,sender_signaling,pps_gc_sender_total_signaling,sender,415,false,32,2,recipient_bits=16;location_bytes=32,11223,68,measured,ok,unavailable,rustc,nightly-2021-05-06,Release,JerryZ
1787147202256852119,PPS-GC,sender_signaling,pps_gc_share_generation,sender,416,false,32,2,recipient_bits=16;location_bytes=32,10029,68,measured,ok,unavailable,rustc,nightly-2021-05-06,Release,JerryZ
1787147202258399933,PPS-GC,sender_signaling,pps_gc_sender_preparation,sender,416,false,32,2,recipient_bits=16;location_bytes=32,147,68,measured,ok,unavailable,rustc,nightly-2021-05-06,Release,JerryZ
1787147202259728191,PPS-GC,sender_signaling,message_encryption,sender,416,false,32,2,recipient_bits=16;location_bytes=32,-1,,not_applicable,not_applicable,unavailable,rustc,nightly-2021-05-06,Release,JerryZ
1787147202260937905,PPS-GC,sender_signaling,pps_gc_sender_total_signaling,sender,416,false,32,2,recipient_bits=16;location_bytes=32,10791,68,measured,ok,unavailable,rustc,nightly-2021-05-06,Release,JerryZ
1787147202262142897,PPS-GC,sender_signaling,pps_gc_share_generation,sender,417,false,32,2,recipient_bits=16;location_bytes=32,9661,68,measured,ok,unavailable,rustc,nightly-2021-05-06,Release,JerryZ
1787147202263433796,PPS-GC,sender_signaling,pps_gc_sender_preparation,sender,417,false,32,2,recipient_bits=16;location_bytes=32,248,68,measured,ok,unavailable,rustc,nightly-2021-05-06,Release,JerryZ
1787147202264543819,PPS-GC,sender_signaling,message_encryption,sender,417,false,32,2,recipient_bits=16;location_bytes=32,-1,,not_applicable,not_applicable,unavailable,rustc,nightly-2021-05-06,Release,JerryZ
1787147202266075580,PPS-GC,sender_signaling,pps_gc_sender_total_signaling,sender,417,false,32,2,recipient_bits=16;location_bytes=32,22785,68,measured,ok,unavailable,rustc,nightly-2021-05-06,Release,JerryZ
1787147202267656088,PPS-GC,sender_signaling,pps_gc_share_generation,sender,418,false,32,2,recipient_bits=16;location_bytes=32,22298,68,measured,ok,unavailable,rustc,nightly-2021-05-06,Release,JerryZ
1787147202269052030,PPS-GC,sender_signaling,pps_gc_sender_preparation,sender,418,false,32,2,recipient_bits=16;location_bytes=32,349,68,measured,ok,unavailable,rustc,nightly-2021-05-06,Release,JerryZ
1787147202270390408,PPS-GC,sender_signaling,message_encryption,sender,418,false,32,2,recipient_bits=16;location_bytes=32,-1,,not_applicable,not_applicable,unavailable,rustc,nightly-2021-05-06,Release,JerryZ
1787147202271540133,PPS-GC,sender_signaling,pps_gc_sender_total_signaling,sender,418,false,32,2,recipient_bits=16;location_bytes=32,10534,68,measured,ok,unavailable,rustc,nightly-2021-05-06,Release,JerryZ
1787147202276070275,PPS-GC,sender_signaling,pps_gc_share_generation,sender,419,false,32,2,recipient_bits=16;location_bytes=32,11415,68,measured,ok,unavailable,rustc,nightly-2021-05-06,Release,JerryZ
1787147202278126273,PPS-GC,sender_signaling,pps_gc_sender_preparation,sender,419,false,32,2,recipient_bits=16;location_bytes=32,707,68,measured,ok,unavailable,rustc,nightly-2021-05-06,Release,JerryZ
1787147202280025752,PPS-GC,sender_signaling,message_encryption,sender,419,false,32,2,recipient_bits=16;location_bytes=32,-1,,not_applicable,not_applicable,unavailable,rustc,nightly-2021-05-06,Release,JerryZ
1787147202281354203,PPS-GC,sender_signaling,pps_gc_sender_total_signaling,sender,419,false,32,2,recipient_bits=16;location_bytes=32,22822,68,measured,ok,unavailable,rustc,nightly-2021-05-06,Release,JerryZ
1787147202282690220,PPS-GC,sender_signaling,pps_gc_share_generation,sender,420,false,32,2,recipient_bits=16;location_bytes=32,11021,68,measured,ok,unavailable,rustc,nightly-2021-05-06,Release,JerryZ
1787147202283885157,PPS-GC,sender_signaling,pps_gc_sender_preparation,sender,420,false,32,2,recipient_bits=16;location_bytes=32,285,68,measured,ok,unavailable,rustc,nightly-2021-05-06,Release,JerryZ
1787147202285398293,PPS-GC,sender_signaling,message_encryption,sender,420,false,32,2,recipient_bits=16;location_bytes=32,-1,,not_applicable,not_applicable,unavailable,rustc,nightly-2021-05-06,Release,JerryZ
1787147202287024482,PPS-GC,sender_signaling,pps_gc_sender_total_signaling,sender,420,false,32,2,recipient_bits=16;location_bytes=32,10965,68,measured,ok,unavailable,rustc,nightly-2021-05-06,Release,JerryZ
1787147202288151873,PPS-GC,sender_signaling,pps_gc_share_generation,sender,421,false,32,2,recipient_bits=16;location_bytes=32,9964,68,measured,ok,unavailable,rustc,nightly-2021-05-06,Release,JerryZ
1787147202289357648,PPS-GC,sender_signaling,pps_gc_sender_preparation,sender,421,false,32,2,recipient_bits=16;location_bytes=32,211,68,measured,ok,unavailable,rustc,nightly-2021-05-06,Release,JerryZ
1787147202290482549,PPS-GC,sender_signaling,message_encryption,sender,421,false,32,2,recipient_bits=16;location_bytes=32,-1,,not_applicable,not_applicable,unavailable,rustc,nightly-2021-05-06,Release,JerryZ
1787147202291755392,PPS-GC,sender_signaling,pps_gc_sender_total_signaling,sender,421,false,32,2,recipient_bits=16;location_bytes=32,10212,68,measured,ok,unavailable,rustc,nightly-2021-05-06,Release,JerryZ
1787147202292805859,PPS-GC,sender_signaling,pps_gc_share_generation,sender,422,false,32,2,recipient_bits=16;location_bytes=32,9661,68,measured,ok,unavailable,rustc,nightly-2021-05-06,Release,JerryZ
1787147202294093460,PPS-GC,sender_signaling,pps_gc_sender_preparation,sender,422,false,32,2,recipient_bits=16;location_bytes=32,147,68,measured,ok,unavailable,rustc,nightly-2021-05-06,Release,JerryZ
1787147202295285724,PPS-GC,sender_signaling,message_encryption,sender,422,false,32,2,recipient_bits=16;location_bytes=32,-1,,not_applicable,not_applicable,unavailable,rustc,nightly-2021-05-06,Release,JerryZ
1787147202297359887,PPS-GC,sender_signaling,pps_gc_sender_total_signaling,sender,422,false,32,2,recipient_bits=16;location_bytes=32,11489,68,measured,ok,unavailable,rustc,nightly-2021-05-06,Release,JerryZ
1787147202298749796,PPS-GC,sender_signaling,pps_gc_share_generation,sender,423,false,32,2,recipient_bits=16;location_bytes=32,10470,68,measured,ok,unavailable,rustc,nightly-2021-05-06,Release,JerryZ
1787147202300120905,PPS-GC,sender_signaling,pps_gc_sender_preparation,sender,423,false,32,2,recipient_bits=16;location_bytes=32,1066,68,measured,ok,unavailable,rustc,nightly-2021-05-06,Release,JerryZ
1787147202302119284,PPS-GC,sender_signaling,message_encryption,sender,423,false,32,2,recipient_bits=16;location_bytes=32,-1,,not_applicable,not_applicable,unavailable,rustc,nightly-2021-05-06,Release,JerryZ
1787147202303314634,PPS-GC,sender_signaling,pps_gc_sender_total_signaling,sender,423,false,32,2,recipient_bits=16;location_bytes=32,11057,68,measured,ok,unavailable,rustc,nightly-2021-05-06,Release,JerryZ
1787147202304557097,PPS-GC,sender_signaling,pps_gc_share_generation,sender,424,false,32,2,recipient_bits=16;location_bytes=32,10745,68,measured,ok,unavailable,rustc,nightly-2021-05-06,Release,JerryZ
1787147202305710486,PPS-GC,sender_signaling,pps_gc_sender_preparation,sender,424,false,32,2,recipient_bits=16;location_bytes=32,404,68,measured,ok,unavailable,rustc,nightly-2021-05-06,Release,JerryZ
1787147202306826093,PPS-GC,sender_signaling,message_encryption,sender,424,false,32,2,recipient_bits=16;location_bytes=32,-1,,not_applicable,not_applicable,unavailable,rustc,nightly-2021-05-06,Release,JerryZ
1787147202308049776,PPS-GC,sender_signaling,pps_gc_sender_total_signaling,sender,424,false,32,2,recipient_bits=16;location_bytes=32,22656,68,measured,ok,unavailable,rustc,nightly-2021-05-06,Release,JerryZ
1787147202309458419,PPS-GC,sender_signaling,pps_gc_share_generation,sender,425,false,32,2,recipient_bits=16;location_bytes=32,9772,68,measured,ok,unavailable,rustc,nightly-2021-05-06,Release,JerryZ
1787147202310627264,PPS-GC,sender_signaling,pps_gc_sender_preparation,sender,425,false,32,2,recipient_bits=16;location_bytes=32,138,68,measured,ok,unavailable,rustc,nightly-2021-05-06,Release,JerryZ
1787147202311777568,PPS-GC,sender_signaling,message_encryption,sender,425,false,32,2,recipient_bits=16;location_bytes=32,-1,,not_applicable,not_applicable,unavailable,rustc,nightly-2021-05-06,Release,JerryZ
1787147202313100352,PPS-GC,sender_signaling,pps_gc_sender_total_signaling,sender,425,false,32,2,recipient_bits=16;location_bytes=32,22886,68,measured,ok,unavailable,rustc,nightly-2021-05-06,Release,JerryZ
1787147202314587453,PPS-GC,sender_signaling,pps_gc_share_generation,sender,426,false,32,2,recipient_bits=16;location_bytes=32,10791,68,measured,ok,unavailable,rustc,nightly-2021-05-06,Release,JerryZ
1787147202316227113,PPS-GC,sender_signaling,pps_gc_sender_preparation,sender,426,false,32,2,recipient_bits=16;location_bytes=32,477,68,measured,ok,unavailable,rustc,nightly-2021-05-06,Release,JerryZ
1787147202317782146,PPS-GC,sender_signaling,message_encryption,sender,426,false,32,2,recipient_bits=16;location_bytes=32,-1,,not_applicable,not_applicable,unavailable,rustc,nightly-2021-05-06,Release,JerryZ
1787147202318977340,PPS-GC,sender_signaling,pps_gc_sender_total_signaling,sender,426,false,32,2,recipient_bits=16;location_bytes=32,10993,68,measured,ok,unavailable,rustc,nightly-2021-05-06,Release,JerryZ
1787147202320399281,PPS-GC,sender_signaling,pps_gc_share_generation,sender,427,false,32,2,recipient_bits=16;location_bytes=32,10120,68,measured,ok,unavailable,rustc,nightly-2021-05-06,Release,JerryZ
1787147202321694156,PPS-GC,sender_signaling,pps_gc_sender_preparation,sender,427,false,32,2,recipient_bits=16;location_bytes=32,312,68,measured,ok,unavailable,rustc,nightly-2021-05-06,Release,JerryZ
1787147202322983198,PPS-GC,sender_signaling,message_encryption,sender,427,false,32,2,recipient_bits=16;location_bytes=32,-1,,not_applicable,not_applicable,unavailable,rustc,nightly-2021-05-06,Release,JerryZ
1787147202324175343,PPS-GC,sender_signaling,pps_gc_sender_total_signaling,sender,427,false,32,2,recipient_bits=16;location_bytes=32,21913,68,measured,ok,unavailable,rustc,nightly-2021-05-06,Release,JerryZ
1787147202325510351,PPS-GC,sender_signaling,pps_gc_share_generation,sender,428,false,32,2,recipient_bits=16;location_bytes=32,21885,68,measured,ok,unavailable,rustc,nightly-2021-05-06,Release,JerryZ
1787147202326784480,PPS-GC,sender_signaling,pps_gc_sender_preparation,sender,428,false,32,2,recipient_bits=16;location_bytes=32,422,68,measured,ok,unavailable,rustc,nightly-2021-05-06,Release,JerryZ
1787147202328021515,PPS-GC,sender_signaling,message_encryption,sender,428,false,32,2,recipient_bits=16;location_bytes=32,-1,,not_applicable,not_applicable,unavailable,rustc,nightly-2021-05-06,Release,JerryZ
1787147202330136620,PPS-GC,sender_signaling,pps_gc_sender_total_signaling,sender,428,false,32,2,recipient_bits=16;location_bytes=32,11875,68,measured,ok,unavailable,rustc,nightly-2021-05-06,Release,JerryZ
1787147202331858913,PPS-GC,sender_signaling,pps_gc_share_generation,sender,429,false,32,2,recipient_bits=16;location_bytes=32,11314,68,measured,ok,unavailable,rustc,nightly-2021-05-06,Release,JerryZ
1787147202333031038,PPS-GC,sender_signaling,pps_gc_sender_preparation,sender,429,false,32,2,recipient_bits=16;location_bytes=32,606,68,measured,ok,unavailable,rustc,nightly-2021-05-06,Release,JerryZ
1787147202334183247,PPS-GC,sender_signaling,message_encryption,sender,429,false,32,2,recipient_bits=16;location_bytes=32,-1,,not_applicable,not_applicable,unavailable,rustc,nightly-2021-05-06,Release,JerryZ
1787147202335750016,PPS-GC,sender_signaling,pps_gc_sender_total_signaling,sender,429,false,32,2,recipient_bits=16;location_bytes=32,10672,68,measured,ok,unavailable,rustc,nightly-2021-05-06,Release,JerryZ
1787147202337117066,PPS-GC,sender_signaling,pps_gc_share_generation,sender,430,false,32,2,recipient_bits=16;location_bytes=32,10130,68,measured,ok,unavailable,rustc,nightly-2021-05-06,Release,JerryZ
1787147202338393729,PPS-GC,sender_signaling,pps_gc_sender_preparation,sender,430,false,32,2,recipient_bits=16;location_bytes=32,367,68,measured,ok,unavailable,rustc,nightly-2021-05-06,Release,JerryZ
1787147202339585112,PPS-GC,sender_signaling,message_encryption,sender,430,false,32,2,recipient_bits=16;location_bytes=32,-1,,not_applicable,not_applicable,unavailable,rustc,nightly-2021-05-06,Release,JerryZ
1787147202341125414,PPS-GC,sender_signaling,pps_gc_sender_total_signaling,sender,430,false,32,2,recipient_bits=16;location_bytes=32,10891,68,measured,ok,unavailable,rustc,nightly-2021-05-06,Release,JerryZ
1787147202342355929,PPS-GC,sender_signaling,pps_gc_share_generation,sender,431,false,32,2,recipient_bits=16;location_bytes=32,9964,68,measured,ok,unavailable,rustc,nightly-2021-05-06,Release,JerryZ
1787147202343444545,PPS-GC,sender_signaling,pps_gc_sender_preparation,sender,431,false,32,2,recipient_bits=16;location_bytes=32,285,68,measured,ok,unavailable,rustc,nightly-2021-05-06,Release,JerryZ
1787147202344751964,PPS-GC,sender_signaling,message_encryption,sender,431,false,32,2,recipient_bits=16;location_bytes=32,-1,,not_applicable,not_applicable,unavailable,rustc,nightly-2021-05-06,Release,JerryZ
1787147202346677635,PPS-GC,sender_signaling,pps_gc_sender_total_signaling,sender,431,false,32,2,recipient_bits=16;location_bytes=32,23051,68,measured,ok,unavailable,rustc,nightly-2021-05-06,Release,JerryZ
1787147202348208625,PPS-GC,sender_signaling,pps_gc_share_generation,sender,432,false,32,2,recipient_bits=16;location_bytes=32,10176,68,measured,ok,unavailable,rustc,nightly-2021-05-06,Release,JerryZ
1787147202349386957,PPS-GC,sender_signaling,pps_gc_sender_preparation,sender,432,false,32,2,recipient_bits=16;location_bytes=32,220,68,measured,ok,unavailable,rustc,nightly-2021-05-06,Release,JerryZ
1787147202350698666,PPS-GC,sender_signaling,message_encryption,sender,432,false,32,2,recipient_bits=16;location_bytes=32,-1,,not_applicable,not_applicable,unavailable,rustc,nightly-2021-05-06,Release,JerryZ
1787147202352427905,PPS-GC,sender_signaling,pps_gc_sender_total_signaling,sender,432,false,32,2,recipient_bits=16;location_bytes=32,10736,68,measured,ok,unavailable,rustc,nightly-2021-05-06,Release,JerryZ
1787147202353740312,PPS-GC,sender_signaling,pps_gc_share_generation,sender,433,false,32,2,recipient_bits=16;location_bytes=32,21665,68,measured,ok,unavailable,rustc,nightly-2021-05-06,Release,JerryZ
1787147202355069102,PPS-GC,sender_signaling,pps_gc_sender_preparation,sender,433,false,32,2,recipient_bits=16;location_bytes=32,284,68,measured,ok,unavailable,rustc,nightly-2021-05-06,Release,JerryZ
1787147202356470866,PPS-GC,sender_signaling,message_encryption,sender,433,false,32,2,recipient_bits=16;location_bytes=32,-1,,not_applicable,not_applicable,unavailable,rustc,nightly-2021-05-06,Release,JerryZ
1787147202357709050,PPS-GC,sender_signaling,pps_gc_sender_total_signaling,sender,433,false,32,2,recipient_bits=16;location_bytes=32,10084,68,measured,ok,unavailable,rustc,nightly-2021-05-06,Release,JerryZ
1787147202359109850,PPS-GC,sender_signaling,pps_gc_share_generation,sender,434,false,32,2,recipient_bits=16;location_bytes=32,10809,68,measured,ok,unavailable,rustc,nightly-2021-05-06,Release,JerryZ
1787147202360490639,PPS-GC,sender_signaling,pps_gc_sender_preparation,sender,434,false,32,2,recipient_bits=16;location_bytes=32,211,68,measured,ok,unavailable,rustc,nightly-2021-05-06,Release,JerryZ
1787147202361746326,PPS-GC,sender_signaling,message_encryption,sender,434,false,32,2,recipient_bits=16;location_bytes=32,-1,,not_applicable,not_applicable,unavailable,rustc,nightly-2021-05-06,Release,JerryZ
1787147202363263402,PPS-GC,sender_signaling,pps_gc_sender_total_signaling,sender,434,false,32,2,recipient_bits=16;location_bytes=32,11195,68,measured,ok,unavailable,rustc,nightly-2021-05-06,Release,JerryZ
1787147202364908509,PPS-GC,sender_signaling,pps_gc_share_generation,sender,435,false,32,2,recipient_bits=16;location_bytes=32,9716,68,measured,ok,unavailable,rustc,nightly-2021-05-06,Release,JerryZ
1787147202366065452,PPS-GC,sender_signaling,pps_gc_sender_preparation,sender,435,false,32,2,recipient_bits=16;location_bytes=32,211,68,measured,ok,unavailable,rustc,nightly-2021-05-06,Release,JerryZ
1787147202367233600,PPS-GC,sender_signaling,message_encryption,sender,435,false,32,2,recipient_bits=16;location_bytes=32,-1,,not_applicable,not_applicable,unavailable,rustc,nightly-2021-05-06,Release,JerryZ
1787147202368361707,PPS-GC,sender_signaling,pps_gc_sender_total_signaling,sender,435,false,32,2,recipient_bits=16;location_bytes=32,9790,68,measured,ok,unavailable,rustc,nightly-2021-05-06,Release,JerryZ
1787147202369748373,PPS-GC,sender_signaling,pps_gc_share_generation,sender,436,false,32,2,recipient_bits=16;location_bytes=32,21674,68,measured,ok,unavailable,rustc,nightly-2021-05-06,Release,JerryZ
1787147202371652224,PPS-GC,sender_signaling,pps_gc_sender_preparation,sender,436,false,32,2,recipient_bits=16;location_bytes=32,487,68,measured,ok,unavailable,rustc,nightly-2021-05-06,Release,JerryZ
1787147202373015986,PPS-GC,sender_signaling,message_encryption,sender,436,false,32,2,recipient_bits=16;location_bytes=32,-1,,not_applicable,not_applicable,unavailable,rustc,nightly-2021-05-06,Release,JerryZ
1787147202374351131,PPS-GC,sender_signaling,pps_gc_sender_total_signaling,sender,436,false,32,2,recipient_bits=16;location_bytes=32,11452,68,measured,ok,unavailable,rustc,nightly-2021-05-06,Release,JerryZ
1787147202375539061,PPS-GC,sender_signaling,pps_gc_share_generation,sender,437,false,32,2,recipient_bits=16;location_bytes=32,10965,68,measured,ok,unavailable,rustc,nightly-2021-05-06,Release,JerryZ
1787147202377101964,PPS-GC,sender_signaling,pps_gc_sender_preparation,sender,437,false,32,2,recipient_bits=16;location_bytes=32,505,68,measured,ok,unavailable,rustc,nightly-2021-05-06,Release,JerryZ
1787147202378456212,PPS-GC,sender_signaling,message_encryption,sender,437,false,32,2,recipient_bits=16;location_bytes=32,-1,,not_applicable,not_applicable,unavailable,rustc,nightly-2021-05-06,Release,JerryZ
1787147202379886768,PPS-GC,sender_signaling,pps_gc_sender_total_signaling,sender,437,false,32,2,recipient_bits=16;location_bytes=32,12940,68,measured,ok,unavailable,rustc,nightly-2021-05-06,Release,JerryZ
1787147202381592893,PPS-GC,sender_signaling,pps_gc_share_generation,sender,438,false,32,2,recipient_bits=16;location_bytes=32,15099,68,measured,ok,unavailable,rustc,nightly-2021-05-06,Release,JerryZ
1787147202382679048,PPS-GC,sender_signaling,pps_gc_sender_preparation,sender,438,false,32,2,recipient_bits=16;location_bytes=32,670,68,measured,ok,unavailable,rustc,nightly-2021-05-06,Release,JerryZ
1787147202383732261,PPS-GC,sender_signaling,message_encryption,sender,438,false,32,2,recipient_bits=16;location_bytes=32,-1,,not_applicable,not_applicable,unavailable,rustc,nightly-2021-05-06,Release,JerryZ
1787147202384860551,PPS-GC,sender_signaling,pps_gc_sender_total_signaling,sender,438,false,32,2,recipient_bits=16;location_bytes=32,10038,68,measured,ok,unavailable,rustc,nightly-2021-05-06,Release,JerryZ
1787147202386147932,PPS-GC,sender_signaling,pps_gc_share_generation,sender,439,false,32,2,recipient_bits=16;location_bytes=32,15612,68,measured,ok,unavailable,rustc,nightly-2021-05-06,Release,JerryZ
1787147202387415200,PPS-GC,sender_signaling,pps_gc_sender_preparation,sender,439,false,32,2,recipient_bits=16;location_bytes=32,138,68,measured,ok,unavailable,rustc,nightly-2021-05-06,Release,JerryZ
1787147202388933001,PPS-GC,sender_signaling,message_encryption,sender,439,false,32,2,recipient_bits=16;location_bytes=32,-1,,not_applicable,not_applicable,unavailable,rustc,nightly-2021-05-06,Release,JerryZ
1787147202390108120,PPS-GC,sender_signaling,pps_gc_sender_total_signaling,sender,439,false,32,2,recipient_bits=16;location_bytes=32,10332,68,measured,ok,unavailable,rustc,nightly-2021-05-06,Release,JerryZ
1787147202391171517,PPS-GC,sender_signaling,pps_gc_share_generation,sender,440,false,32,2,recipient_bits=16;location_bytes=32,9662,68,measured,ok,unavailable,rustc,nightly-2021-05-06,Release,JerryZ
1787147202392232619,PPS-GC,sender_signaling,pps_gc_sender_preparation,sender,440,false,32,2,recipient_bits=16;location_bytes=32,128,68,measured,ok,unavailable,rustc,nightly-2021-05-06,Release,JerryZ
1787147202393319187,PPS-GC,sender_signaling,message_encryption,sender,440,false,32,2,recipient_bits=16;location_bytes=32,-1,,not_applicable,not_applicable,unavailable,rustc,nightly-2021-05-06,Release,JerryZ
1787147202394762086,PPS-GC,sender_signaling,pps_gc_sender_total_signaling,sender,440,false,32,2,recipient_bits=16;location_bytes=32,21977,68,measured,ok,unavailable,rustc,nightly-2021-05-06,Release,JerryZ
1787147202396268472,PPS-GC,sender_signaling,pps_gc_share_generation,sender,441,false,32,2,recipient_bits=16;location_bytes=32,22215,68,measured,ok,unavailable,rustc,nightly-2021-05-06,Release,JerryZ
1787147202397727833,PPS-GC,sender_signaling,pps_gc_sender_preparation,sender,441,false,32,2,recipient_bits=16;location_bytes=32,707,68,measured,ok,unavailable,rustc,nightly-2021-05-06,Release,JerryZ
1787147202398899291,PPS-GC,sender_signaling,message_encryption,sender,441,false,32,2,recipient_bits=16;location_bytes=32,-1,,not_applicable,not_applicable,unavailable,rustc,nightly-2021-05-06,Release,JerryZ
1787147202400476603,PPS-GC,sender_signaling,pps_gc_sender_total_signaling,sender,441,false,32,2,recipient_bits=16;location_bytes=32,12104,68,measured,ok,unavailable,rustc,nightly-2021-05-06,Release,JerryZ
1787147202401782976,PPS-GC,sender_signaling,pps_gc_share_generation,sender,442,false,32,2,recipient_bits=16;location_bytes=32,12812,68,measured,ok,unavailable,rustc,nightly-2021-05-06,Release,JerryZ
1787147202403165354,PPS-GC,sender_signaling,pps_gc_sender_preparation,sender,442,false,32,2,recipient_bits=16;location_bytes=32,312,68,measured,ok,unavailable,rustc,nightly-2021-05-06,Release,JerryZ
1787147202404314960,PPS-GC,sender_signaling,message_encryption,sender,442,false,32,2,recipient_bits=16;location_bytes=32,-1,,not_applicable,not_applicable,unavailable,rustc,nightly-2021-05-06,Release,JerryZ
1787147202406257694,PPS-GC,sender_signaling,pps_gc_sender_total_signaling,sender,442,false,32,2,recipient_bits=16;location_bytes=32,14309,68,measured,ok,unavailable,rustc,nightly-2021-05-06,Release,JerryZ
1787147202407888924,PPS-GC,sender_signaling,pps_gc_share_generation,sender,443,false,32,2,recipient_bits=16;location_bytes=32,14464,68,measured,ok,unavailable,rustc,nightly-2021-05-06,Release,JerryZ
1787147202409316247,PPS-GC,sender_signaling,pps_gc_sender_preparation,sender,443,false,32,2,recipient_bits=16;location_bytes=32,1543,68,measured,ok,unavailable,rustc,nightly-2021-05-06,Release,JerryZ
1787147202410840560,PPS-GC,sender_signaling,message_encryption,sender,443,false,32,2,recipient_bits=16;location_bytes=32,-1,,not_applicable,not_applicable,unavailable,rustc,nightly-2021-05-06,Release,JerryZ
1787147202412117609,PPS-GC,sender_signaling,pps_gc_sender_total_signaling,sender,443,false,32,2,recipient_bits=16;location_bytes=32,10736,68,measured,ok,unavailable,rustc,nightly-2021-05-06,Release,JerryZ
1787147202413190530,PPS-GC,sender_signaling,pps_gc_share_generation,sender,444,false,32,2,recipient_bits=16;location_bytes=32,9670,68,measured,ok,unavailable,rustc,nightly-2021-05-06,Release,JerryZ
1787147202414331361,PPS-GC,sender_signaling,pps_gc_sender_preparation,sender,444,false,32,2,recipient_bits=16;location_bytes=32,120,68,measured,ok,unavailable,rustc,nightly-2021-05-06,Release,JerryZ
1787147202415647638,PPS-GC,sender_signaling,message_encryption,sender,444,false,32,2,recipient_bits=16;location_bytes=32,-1,,not_applicable,not_applicable,unavailable,rustc,nightly-2021-05-06,Release,JerryZ
1787147202416819845,PPS-GC,sender_signaling,pps_gc_sender_total_signaling,sender,444,false,32,2,recipient_bits=16;location_bytes=32,10828,68,measured,ok,unavailable,rustc,nightly-2021-05-06,Release,JerryZ
1787147202418287062,PPS-GC,sender_signaling,pps_gc_share_generation,sender,445,false,32,2,recipient_bits=16;location_bytes=32,10120,68,measured,ok,unavailable,rustc,nightly-2021-05-06,Release,JerryZ
1787147202419417887,PPS-GC,sender_signaling,pps_gc_sender_preparation,sender,445,false,32,2,recipient_bits=16;location_bytes=32,220,68,measured,ok,unavailable,rustc,nightly-2021-05-06,Release,JerryZ
1787147202420626774,PPS-GC,sender_signaling,message_encryption,sender,445,false,32,2,recipient_bits=16;location_bytes=32,-1,,not_applicable,not_applicable,unavailable,rustc,nightly-2021-05-06,Release,JerryZ
1787147202422134244,PPS-GC,sender_signaling,pps_gc_sender_total_signaling,sender,445,false,32,2,recipient_bits=16;location_bytes=32,11452,68,measured,ok,unavailable,rustc,nightly-2021-05-06,Release,JerryZ
1787147202423442335,PPS-GC,sender_signaling,pps_gc_share_generation,sender,446,false,32,2,recipient_bits=16;location_bytes=32,10185,68,measured,ok,unavailable,rustc,nightly-2021-05-06,Release,JerryZ
1787147202424863579,PPS-GC,sender_signaling,pps_gc_sender_preparation,sender,446,false,32,2,recipient_bits=16;location_bytes=32,221,68,measured,ok,unavailable,rustc,nightly-2021-05-06,Release,JerryZ
1787147202426059572,PPS-GC,sender_signaling,message_encryption,sender,446,false,32,2,recipient_bits=16;location_bytes=32,-1,,not_applicable,not_applicable,unavailable,rustc,nightly-2021-05-06,Release,JerryZ
1787147202427179156,PPS-GC,sender_signaling,pps_gc_sender_total_signaling,sender,446,false,32,2,recipient_bits=16;location_bytes=32,10323,68,measured,ok,unavailable,rustc,nightly-2021-05-06,Release,JerryZ
1787147202428236612,PPS-GC,sender_signaling,pps_gc_share_generation,sender,447,false,32,2,recipient_bits=16;location_bytes=32,9634,68,measured,ok,unavailable,rustc,nightly-2021-05-06,Release,JerryZ
1787147202429697139,PPS-GC,sender_signaling,pps_gc_sender_preparation,sender,447,false,32,2,recipient_bits=16;location_bytes=32,147,68,measured,ok,unavailable,rustc,nightly-2021-05-06,Release,JerryZ
1787147202431237950,PPS-GC,sender_signaling,message_encryption,sender,447,false,32,2,recipient_bits=16;location_bytes=32,-1,,not_applicable,not_applicable,unavailable,rustc,nightly-2021-05-06,Release,JerryZ
1787147202432412150,PPS-GC,sender_signaling,pps_gc_sender_total_signaling,sender,447,false,32,2,recipient_bits=16;location_bytes=32,9910,68,measured,ok,unavailable,rustc,nightly-2021-05-06,Release,JerryZ
1787147202434082228,PPS-GC,sender_signaling,pps_gc_share_generation,sender,448,false,32,2,recipient_bits=16;location_bytes=32,9827,68,measured,ok,unavailable,rustc,nightly-2021-05-06,Release,JerryZ
1787147202435251280,PPS-GC,sender_signaling,pps_gc_sender_preparation,sender,448,false,32,2,recipient_bits=16;location_bytes=32,358,68,measured,ok,unavailable,rustc,nightly-2021-05-06,Release,JerryZ
1787147202436700649,PPS-GC,sender_signaling,message_encryption,sender,448,false,32,2,recipient_bits=16;location_bytes=32,-1,,not_applicable,not_applicable,unavailable,rustc,nightly-2021-05-06,Release,JerryZ
1787147202438136301,PPS-GC,sender_signaling,pps_gc_sender_total_signaling,sender,448,false,32,2,recipient_bits=16;location_bytes=32,11369,68,measured,ok,unavailable,rustc,nightly-2021-05-06,Release,JerryZ
1787147202439891632,PPS-GC,sender_signaling,pps_gc_share_generation,sender,449,false,32,2,recipient_bits=16;location_bytes=32,10608,68,measured,ok,unavailable,rustc,nightly-2021-05-06,Release,JerryZ
1787147202441266515,PPS-GC,sender_signaling,pps_gc_sender_preparation,sender,449,false,32,2,recipient_bits=16;location_bytes=32,570,68,measured,ok,unavailable,rustc,nightly-2021-05-06,Release,JerryZ
1787147202443011532,PPS-GC,sender_signaling,message_encryption,sender,449,false,32,2,recipient_bits=16;location_bytes=32,-1,,not_applicable,not_applicable,unavailable,rustc,nightly-2021-05-06,Release,JerryZ
1787147202444144359,PPS-GC,sender_signaling,pps_gc_sender_total_signaling,sender,449,false,32,2,recipient_bits=16;location_bytes=32,10350,68,measured,ok,unavailable,rustc,nightly-2021-05-06,Release,JerryZ
1787147202445310037,PPS-GC,sender_signaling,pps_gc_share_generation,sender,450,false,32,2,recipient_bits=16;location_bytes=32,9872,68,measured,ok,unavailable,rustc,nightly-2021-05-06,Release,JerryZ
1787147202446430833,PPS-GC,sender_signaling,pps_gc_sender_preparation,sender,450,false,32,2,recipient_bits=16;location_bytes=32,221,68,measured,ok,unavailable,rustc,nightly-2021-05-06,Release,JerryZ
1787147202447483440,PPS-GC,sender_signaling,message_encryption,sender,450,false,32,2,recipient_bits=16;location_bytes=32,-1,,not_applicable,not_applicable,unavailable,rustc,nightly-2021-05-06,Release,JerryZ
1787147202448980614,PPS-GC,sender_signaling,pps_gc_sender_total_signaling,sender,450,false,32,2,recipient_bits=16;location_bytes=32,10240,68,measured,ok,unavailable,rustc,nightly-2021-05-06,Release,JerryZ
1787147202450278612,PPS-GC,sender_signaling,pps_gc_share_generation,sender,451,false,32,2,recipient_bits=16;location_bytes=32,12067,68,measured,ok,unavailable,rustc,nightly-2021-05-06,Release,JerryZ
1787147202451554274,PPS-GC,sender_signaling,pps_gc_sender_preparation,sender,451,false,32,2,recipient_bits=16;location_bytes=32,1626,68,measured,ok,unavailable,rustc,nightly-2021-05-06,Release,JerryZ
1787147202452926200,PPS-GC,sender_signaling,message_encryption,sender,451,false,32,2,recipient_bits=16;location_bytes=32,-1,,not_applicable,not_applicable,unavailable,rustc,nightly-2021-05-06,Release,JerryZ
1787147202454562885,PPS-GC,sender_signaling,pps_gc_sender_total_signaling,sender,451,false,32,2,recipient_bits=16;location_bytes=32,11103,68,measured,ok,unavailable,rustc,nightly-2021-05-06,Release,JerryZ
1787147202455659235,PPS-GC,sender_signaling,pps_gc_share_generation,sender,452,false,32,2,recipient_bits=16;location_bytes=32,9597,68,measured,ok,unavailable,rustc,nightly-2021-05-06,Release,JerryZ
1787147202456835593,PPS-GC,sender_signaling,pps_gc_sender_preparation,sender,452,false,32,2,recipient_bits=16;location_bytes=32,147,68,measured,ok,unavailable,rustc,nightly-2021-05-06,Release,JerryZ
1787147202457934063,PPS-GC,sender_signaling,message_encryption,sender,452,false,32,2,recipient_bits=16;location_bytes=32,-1,,not_applicable,not_applicable,unavailable,rustc,nightly-2021-05-06,Release,JerryZ
1787147202459330547,PPS-GC,sender_signaling,pps_gc_sender_total_signaling,sender,452,false,32,2,recipient_bits=16;location_bytes=32,22197,68,measured,ok,unavailable,rustc,nightly-2021-05-06,Release,JerryZ
1787147202461113548,PPS-GC,sender_signaling,pps_gc_share_generation,sender,453,false,32,2,recipient_bits=16;location_bytes=32,12619,68,measured,ok,unavailable,rustc,nightly-2021-05-06,Release,JerryZ
1787147202462466575,PPS-GC,sender_signaling,pps_gc_sender_preparation,sender,453,false,32,2,recipient_bits=16;location_bytes=32,404,68,measured,ok,unavailable,rustc,nightly-2021-05-06,Release,JerryZ
1787147202464112003,PPS-GC,sender_signaling,message_encryption,sender,453,false,32,2,recipient_bits=16;location_bytes=32,-1,,not_applicable,not_applicable,unavailable,rustc,nightly-2021-05-06,Release,JerryZ
1787147202465441105,PPS-GC,sender_signaling,pps_gc_sender_total_signaling,sender,453,false,32,2,recipient_bits=16;location_bytes=32,14978,68,measured,ok,unavailable,rustc,nightly-2021-05-06,Release,JerryZ
1787147202467211562,PPS-GC,sender_signaling,pps_gc_share_generation,sender,454,false,32,2,recipient_bits=16;location_bytes=32,27046,68,measured,ok,unavailable,rustc,nightly-2021-05-06,Release,JerryZ
1787147202469068613,PPS-GC,sender_signaling,pps_gc_sender_preparation,sender,454,false,32,2,recipient_bits=16;location_bytes=32,578,68,measured,ok,unavailable,rustc,nightly-2021-05-06,Release,JerryZ
1787147202470676498,PPS-GC,sender_signaling,message_encryption,sender,454,false,32,2,recipient_bits=16;location_bytes=32,-1,,not_applicable,not_applicable,unavailable,rustc,nightly-2021-05-06,Release,JerryZ
1787147202471818105,PPS-GC,sender_signaling,pps_gc_sender_total_signaling,sender,454,false,32,2,recipient_bits=16;location_bytes=32,10809,68,measured,ok,unavailable,rustc,nightly-2021-05-06,Release,JerryZ
1787147202472917384,PPS-GC,sender_signaling,pps_gc_share_generation,sender,455,false,32,2,recipient_bits=16;location_bytes=32,9826,68,measured,ok,unavailable,rustc,nightly-2021-05-06,Release,JerryZ
1787147202474270942,PPS-GC,sender_signaling,pps_gc_sender_preparation,sender,455,false,32,2,recipient_bits=16;location_bytes=32,147,68,measured,ok,unavailable,rustc,nightly-2021-05-06,Release,JerryZ
1787147202475531778,PPS-GC,sender_signaling,message_encryption,sender,455,false,32,2,recipient_bits=16;location_bytes=32,-1,,not_applicable,not_applicable,unavailable,rustc,nightly-2021-05-06,Release,JerryZ
1787147202476786753,PPS-GC,sender_signaling,pps_gc_sender_total_signaling,sender,455,false,32,2,recipient_bits=16;location_bytes=32,10993,68,measured,ok,unavailable,rustc,nightly-2021-05-06,Release,JerryZ
1787147202478233913,PPS-GC,sender_signaling,pps_gc_share_generation,sender,456,false,32,2,recipient_bits=16;location_bytes=32,9900,68,measured,ok,unavailable,rustc,nightly-2021-05-06,Release,JerryZ
1787147202479572392,PPS-GC,sender_signaling,pps_gc_sender_preparation,sender,456,false,32,2,recipient_bits=16;location_bytes=32,138,68,measured,ok,unavailable,rustc,nightly-2021-05-06,Release,JerryZ
1787147202480712015,PPS-GC,sender_signaling,message_encryption,sender,456,false,32,2,recipient_bits=16;location_bytes=32,-1,,not_applicable,not_applicable,unavailable,rustc,nightly-2021-05-06,Release,JerryZ
1787147202482059182,PPS-GC,sender_signaling,pps_gc_sender_total_signaling,sender,456,false,32,2,recipient_bits=16;location_bytes=32,24759,68,measured,ok,unavailable,rustc,nightly-2021-05-06,Release,JerryZ
1787147202483550066,PPS-GC,sender_signaling,pps_gc_share_generation,sender,457,false,32,2,recipient_bits=16;location_bytes=32,11535,68,measured,ok,unavailable,rustc,nightly-2021-05-06,Release,JerryZ
1787147202485100176,PPS-GC,sender_signaling,pps_gc_sender_preparation,sender,457,false,32,2,recipient_bits=16;location_bytes=32,1056,68,measured,ok,unavailable,rustc,nightly-2021-05-06,Release,JerryZ
1787147202486228117,PPS-GC,sender_signaling,message_encryption,sender,457,false,32,2,recipient_bits=16;location_bytes=32,-1,,not_applicable,not_applicable,unavailable,rustc,nightly-2021-05-06,Release,JerryZ
1787147202487687528,PPS-GC,sender_signaling,pps_gc_sender_total_signaling,sender,457,false,32,2,recipient_bits=16;location_bytes=32,22996,68,measured,ok,unavailable,rustc,nightly-2021-05-06,Release,JerryZ
1787147202489493475,PPS-GC,sender_signaling,pps_gc_share_generation,sender,458,false,32,2,recipient_bits=16;location_bytes=32,10423,68,measured,ok,unavailable,rustc,nightly-2021-05-06,Release,JerryZ
1787147202490716041,PPS-GC,sender_signaling,pps_gc_sender_preparation,sender,458,false,32,2,recipient_bits=16;location_bytes=32,496,68,measured,ok,unavailable,rustc,nightly-2021-05-06,Release,JerryZ
1787147202492017464,PPS-GC,sender_signaling,message_encryption,sender,458,false,32,2,recipient_bits=16;location_bytes=32,-1,,not_applicable,not_applicable,unavailable,rustc,nightly-2021-05-06,Release,JerryZ
1787147202493094398,PPS-GC,sender_signaling,pps_gc_sender_total_signaling,sender,458,false,32,2,recipient_bits=16;location_bytes=32,10056,68,measured,ok,unavailable,rustc,nightly-2021-05-06,Release,JerryZ
1787147202494358902,PPS-GC,sender_signaling,pps_gc_share_generation,sender,459,false,32,2,recipient_bits=16;location_bytes=32,21628,68,measured,ok,unavailable,rustc,nightly-2021-05-06,Release,JerryZ
1787147202495609135,PPS-GC,sender_signaling,pps_gc_sender_preparation,sender,459,false,32,2,recipient_bits=16;location_bytes=32,276,68,measured,ok,unavailable,rustc,nightly-2021-05-06,Release,JerryZ
1787147202497403340,PPS-GC,sender_signaling,message_encryption,sender,459,false,32,2,recipient_bits=16;location_bytes=32,-1,,not_applicable,not_applicable,unavailable,rustc,nightly-2021-05-06,Release,JerryZ
1787147202498597753,PPS-GC,sender_signaling,pps_gc_sender_total_signaling,sender,459,false,32,2,recipient_bits=16;location_bytes=32,11213,68,measured,ok,unavailable,rustc,nightly-2021-05-06,Release,JerryZ
1787147202500183055,PPS-GC,sender_signaling,pps_gc_share_generation,sender,460,false,32,2,recipient_bits=16;location_bytes=32,22684,68,measured,ok,unavailable,rustc,nightly-2021-05-06,Release,JerryZ
1787147202501635648,PPS-GC,sender_signaling,pps_gc_sender_preparation,sender,460,false,32,2,recipient_bits=16;location_bytes=32,743,68,measured,ok,unavailable,rustc,nightly-2021-05-06,Release,JerryZ
1787147202502855201,PPS-GC,sender_signaling,message_encryption,sender,460,false,32,2,recipient_bits=16;location_bytes=32,-1,,not_applicable,not_applicable,unavailable,rustc,nightly-2021-05-06,Release,JerryZ
1787147202504222306,PPS-GC,sender_signaling,pps_gc_sender_total_signaling,sender,460,false,32,2,recipient_bits=16;location_bytes=32,10616,68,measured,ok,unavailable,rustc,nightly-2021-05-06,Release,JerryZ
1787147202505433939,PPS-GC,sender_signaling,pps_gc_share_generation,sender,461,false,32,2,recipient_bits=16;location_bytes=32,10240,68,measured,ok,unavailable,rustc,nightly-2021-05-06,Release,JerryZ
1787147202506635011,PPS-GC,sender_signaling,pps_gc_sender_preparation,sender,461,false,32,2,recipient_bits=16;location_bytes=32,386,68,measured,ok,unavailable,rustc,nightly-2021-05-06,Release,JerryZ
1787147202507743666,PPS-GC,sender_signaling,message_encryption,sender,461,false,32,2,recipient_bits=16;location_bytes=32,-1,,not_applicable,not_applicable,unavailable,rustc,nightly-2021-05-06,Release,JerryZ
1787147202509482852,PPS-GC,sender_signaling,pps_gc_sender_total_signaling,sender,461,false,32,2,recipient_bits=16;location_bytes=32,12388,68,measured,ok,unavailable,rustc,nightly-2021-05-06,Release,JerryZ
1787147202510955157,PPS-GC,sender_signaling,pps_gc_share_generation,sender,462,false,32,2,recipient_bits=16;location_bytes=32,10864,68,measured,ok,unavailable,rustc,nightly-2021-05-06,Release,JerryZ
1787147202512169774,PPS-GC,sender_signaling,pps_gc_sender_preparation,sender,462,false,32,2,recipient_bits=16;location_bytes=32,469,68,measured,ok,unavailable,rustc,nightly-2021-05-06,Release,JerryZ
1787147202513517989,PPS-GC,sender_signaling,message_encryption,sender,462,false,32,2,recipient_bits=16;location_bytes=32,-1,,not_applicable,not_applicable,unavailable,rustc,nightly-2021-05-06,Release,JerryZ
1787147202515310293,PPS-GC,sender_signaling,pps_gc_sender_total_signaling,sender,462,false,32,2,recipient_bits=16;location_bytes=32,11452,68,measured,ok,unavailable,rustc,nightly-2021-05-06,Release,JerryZ
1787147202516695353,PPS-GC,sender_signaling,pps_gc_share_generation,sender,463,false,32,2,recipient_bits=16;location_bytes=32,10295,68,measured,ok,unavailable,rustc,nightly-2021-05-06,Release,JerryZ
1787147202518127021,PPS-GC,sender_signaling,pps_gc_sender_preparation,sender,463,false,32,2,recipient_bits=16;location_bytes=32,440,68,measured,ok,unavailable,rustc,nightly-2021-05-06,Release,JerryZ
1787147202519762264,PPS-GC,sender_signaling,message_encryption,sender,463,false,32,2,recipient_bits=16;location_bytes=32,-1,,not_applicable,not_applicable,unavailable,rustc,nightly-2021-05-06,Release,JerryZ
1787147202520867696,PPS-GC,sender_signaling,pps_gc_sender_total_signaling,sender,463,false,32,2,recipient_bits=16;location_bytes=32,10671,68,measured,ok,unavailable,rustc,nightly-2021-05-06,Release,JerryZ
1787147202522002571,PPS-GC,sender_signaling,pps_gc_share_generation,sender,464,false,32,2,recipient_bits=16;location_bytes=32,9864,68,measured,ok,unavailable,rustc,nightly-2021-05-06,Release,JerryZ
1787147202523155253,PPS-GC,sender_signaling,pps_gc_sender_preparation,sender,464,false,32,2,recipient_bits=16;location_bytes=32,238,68,measured,ok,unavailable,rustc,nightly-2021-05-06,Release,JerryZ
1787147202524305052,PPS-GC,sender_signaling,message_encryption,sender,464,false,32,2,recipient_bits=16;location_bytes=32,-1,,not_applicable,not_applicable,unavailable,rustc,nightly-2021-05-06,Release,JerryZ
1787147202525714816,PPS-GC,sender_signaling,pps_gc_sender_total_signaling,sender,464,false,32,2,recipient_bits=16;location_bytes=32,22620,68,measured,ok,unavailable,rustc,nightly-2021-05-06,Release,JerryZ
1787147202527851502,PPS-GC,sender_signaling,pps_gc_share_generation,sender,465,false,32,2,recipient_bits=16;location_bytes=32,11030,68,measured,ok,unavailable,rustc,nightly-2021-05-06,Release,JerryZ
1787147202529351514,PPS-GC,sender_signaling,pps_gc_sender_preparation,sender,465,false,32,2,recipient_bits=16;location_bytes=32,735,68,measured,ok,unavailable,rustc,nightly-2021-05-06,Release,JerryZ
1787147202531082756,PPS-GC,sender_signaling,message_encryption,sender,465,false,32,2,recipient_bits=16;location_bytes=32,-1,,not_applicable,not_applicable,unavailable,rustc,nightly-2021-05-06,Release,JerryZ
1787147202532572583,PPS-GC,sender_signaling,pps_gc_sender_total_signaling,sender,465,false,32,2,recipient_bits=16;location_bytes=32,11434,68,measured,ok,unavailable,rustc,nightly-2021-05-06,Release,JerryZ
1787147202533890473,PPS-GC,sender_signaling,pps_gc_share_generation,sender,466,false,32,2,recipient_bits=16;location_bytes=32,10341,68,measured,ok,unavailable,rustc,nightly-2021-05-06,Release,JerryZ
1787147202535538160,PPS-GC,sender_signaling,pps_gc_sender_preparation,sender,466,false,32,2,recipient_bits=16;location_bytes=32,560,68,measured,ok,unavailable,rustc,nightly-2021-05-06,Release,JerryZ
1787147202536780347,PPS-GC,sender_signaling,message_encryption,sender,466,false,32,2,recipient_bits=16;location_bytes=32,-1,,not_applicable,not_applicable,unavailable,rustc,nightly-2021-05-06,Release,JerryZ
1787147202538019293,PPS-GC,sender_signaling,pps_gc_sender_total_signaling,sender,466,false,32,2,recipient_bits=16;location_bytes=32,10066,68,measured,ok,unavailable,rustc,nightly-2021-05-06,Release,JerryZ
1787147202539193254,PPS-GC,sender_signaling,pps_gc_share_generation,sender,467,false,32,2,recipient_bits=16;location_bytes=32,11948,68,measured,ok,unavailable,rustc,nightly-2021-05-06,Release,JerryZ
1787147202540857408,PPS-GC,sender_signaling,pps_gc_sender_preparation,sender,467,false,32,2,recipient_bits=16;location_bytes=32,128,68,measured,ok,unavailable,rustc,nightly-2021-05-06,Release,JerryZ
1787147202542362756,PPS-GC,sender_signaling,message_encryption,sender,467,false,32,2,recipient_bits=16;location_bytes=32,-1,,not_applicable,not_applicable,unavailable,rustc,nightly-2021-05-06,Release,JerryZ
1787147202544100206,PPS-GC,sender_signaling,pps_gc_sender_total_signaling,sender,467,false,32,2,recipient_bits=16;location_bytes=32,14437,68,measured,ok,unavailable,rustc,nightly-2021-05-06,Release,JerryZ
1787147202546311961,PPS-GC,sender_signaling,pps_gc_share_generation,sender,468,false,32,2,recipient_bits=16;location_bytes=32,10543,68,measured,ok,unavailable,rustc,nightly-2021-05-06,Release,JerryZ
1787147202548167054,PPS-GC,sender_signaling,pps_gc_sender_preparation,sender,468,false,32,2,recipient_bits=16;location_bytes=32,781,68,measured,ok,unavailable,rustc,nightly-2021-05-06,Release,JerryZ
1787147202549744991,PPS-GC,sender_signaling,message_encryption,sender,468,false,32,2,recipient_bits=16;location_bytes=32,-1,,not_applicable,not_applicable,unavailable,rustc,nightly-2021-05-06,Release,JerryZ
1787147202550973770,PPS-GC,sender_signaling,pps_gc_sender_total_signaling,sender,468,false,32,2,recipient_bits=16;location_bytes=32,10589,68,measured,ok,unavailable,rustc,nightly-2021-05-06,Release,JerryZ
1787147202552236860,PPS-GC,sender_signaling,pps_gc_share_generation,sender,469,false,32,2,recipient_bits=16;location_bytes=32,20039,68,measured,ok,unavailable,rustc,nightly-2021-05-06,Release,JerryZ
1787147202553708742,PPS-GC,sender_signaling,pps_gc_sender_preparation,sender,469,false,32,2,recipient_bits=16;location_bytes=32,321,68,measured,ok,unavailable,rustc,nightly-2021-05-06,Release,JerryZ
1787147202554984230,PPS-GC,sender_signaling,message_encryption,sender,469,false,32,2,recipient_bits=16;location_bytes=32,-1,,not_applicable,not_applicable,unavailable,rustc,nightly-2021-05-06,Release,JerryZ
1787147202556551541,PPS-GC,sender_signaling,pps_gc_sender_total_signaling,sender,469,false,32,2,recipient_bits=16;location_bytes=32,10818,68,measured,ok,unavailable,rustc,nightly-2021-05-06,Release,JerryZ
1787147202558077516,PPS-GC,sender_signaling,pps_gc_share_generation,sender,470,false,32,2,recipient_bits=16;location_bytes=32,13923,68,measured,ok,unavailable,rustc,nightly-2021-05-06,Release,JerryZ
1787147202559445282,PPS-GC,sender_signaling,pps_gc_sender_preparation,sender,470,false,32,2,recipient_bits=16;location_bytes=32,882,68,measured,ok,unavailable,rustc,nightly-2021-05-06,Release,JerryZ
1787147202561107416,PPS-GC,sender_signaling,message_encryption,sender,470,false,32,2,recipient_bits=16;location_bytes=32,-1,,not_applicable,not_applicable,unavailable,rustc,nightly-2021-05-06,Release,JerryZ
1787147202562972015,PPS-GC,sender_signaling,pps_gc_sender_total_signaling,sender,470,false,32,2,recipient_bits=16;location_bytes=32,11168,68,measured,ok,unavailable,rustc,nightly-2021-05-06,Release,JerryZ
1787147202564201996,PPS-GC,sender_signaling,pps_gc_share_generation,sender,471,false,32,2,recipient_bits=16;location_bytes=32,19506,68,measured,ok,unavailable,rustc,nightly-2021-05-06,Release,JerryZ
1787147202565495999,PPS-GC,sender_signaling,pps_gc_sender_preparation,sender,471,false,32,2,recipient_bits=16;location_bytes=32,248,68,measured,ok,unavailable,rustc,nightly-2021-05-06,Release,JerryZ
1787147202566689512,PPS-GC,sender_signaling,message_encryption,sender,471,false,32,2,recipient_bits=16;location_bytes=32,-1,,not_applicable,not_applicable,unavailable,rustc,nightly-2021-05-06,Release,JerryZ
1787147202568192377,PPS-GC,sender_signaling,pps_gc_sender_total_signaling,sender,471,false,32,2,recipient_bits=16;location_bytes=32,9872,68,measured,ok,unavailable,rustc,nightly-2021-05-06,Release,JerryZ
1787147202569473884,PPS-GC,sender_signaling,pps_gc_share_generation,sender,472,false,32,2,recipient_bits=16;location_bytes=32,9762,68,measured,ok,unavailable,rustc,nightly-2021-05-06,Release,JerryZ
1787147202570866143,PPS-GC,sender_signaling,pps_gc_sender_preparation,sender,472,false,32,2,recipient_bits=16;location_bytes=32,156,68,measured,ok,unavailable,rustc,nightly-2021-05-06,Release,JerryZ
1787147202572242487,PPS-GC,sender_signaling,message_encryption,sender,472,false,32,2,recipient_bits=16;location_bytes=32,-1,,not_applicable,not_applicable,unavailable,rustc,nightly-2021-05-06,Release,JerryZ
1787147202574102439,PPS-GC,sender_signaling,pps_gc_sender_total_signaling,sender,472,false,32,2,recipient_bits=16;location_bytes=32,11948,68,measured,ok,unavailable,rustc,nightly-2021-05-06,Release,JerryZ
1787147202575696713,PPS-GC,sender_signaling,pps_gc_share_generation,sender,473,false,32,2,recipient_bits=16;location_bytes=32,12811,68,measured,ok,unavailable,rustc,nightly-2021-05-06,Release,JerryZ
1787147202577444513,PPS-GC,sender_signaling,pps_gc_sender_preparation,sender,473,false,32,2,recipient_bits=16;location_bytes=32,1065,68,measured,ok,unavailable,rustc,nightly-2021-05-06,Release,JerryZ
1787147202579170020,PPS-GC,sender_signaling,message_encryption,sender,473,false,32,2,recipient_bits=16;location_bytes=32,-1,,not_applicable,not_applicable,unavailable,rustc,nightly-2021-05-06,Release,JerryZ
1787147202580458323,PPS-GC,sender_signaling,pps_gc_sender_total_signaling,sender,473,false,32,2,recipient_bits=16;location_bytes=32,10562,68,measured,ok,unavailable,rustc,nightly-2021-05-06,Release,JerryZ
1787147202581877215,PPS-GC,sender_signaling,pps_gc_share_generation,sender,474,false,32,2,recipient_bits=16;location_bytes=32,9799,68,measured,ok,unavailable,rustc,nightly-2021-05-06,Release,JerryZ
1787147202583222936,PPS-GC,sender_signaling,pps_gc_sender_preparation,sender,474,false,32,2,recipient_bits=16;location_bytes=32,147,68,measured,ok,unavailable,rustc,nightly-2021-05-06,Release,JerryZ
1787147202585141053,PPS-GC,sender_signaling,message_encryption,sender,474,false,32,2,recipient_bits=16;location_bytes=32,-1,,not_applicable,not_applicable,unavailable,rustc,nightly-2021-05-06,Release,JerryZ
1787147202586639431,PPS-GC,sender_signaling,pps_gc_sender_total_signaling,sender,474,false,32,2,recipient_bits=16;location_bytes=32,11131,68,measured,ok,unavailable,rustc,nightly-2021-05-06,Release,JerryZ
1787147202587973704,PPS-GC,sender_signaling,pps_gc_share_generation,sender,475,false,32,2,recipient_bits=16;location_bytes=32,22308,68,measured,ok,unavailable,rustc,nightly-2021-05-06,Release,JerryZ
1787147202589622585,PPS-GC,sender_signaling,pps_gc_sender_preparation,sender,475,false,32,2,recipient_bits=16;location_bytes=32,523,68,measured,ok,unavailable,rustc,nightly-2021-05-06,Release,JerryZ
1787147202591426204,PPS-GC,sender_signaling,message_encryption,sender,475,false,32,2,recipient_bits=16;location_bytes=32,-1,,not_applicable,not_applicable,unavailable,rustc,nightly-2021-05-06,Release,JerryZ
1787147202592863812,PPS-GC,sender_signaling,pps_gc_sender_total_signaling,sender,475,false,32,2,recipient_bits=16;location_bytes=32,12949,68,measured,ok,unavailable,rustc,nightly-2021-05-06,Release,JerryZ
1787147202594442245,PPS-GC,sender_signaling,pps_gc_share_generation,sender,476,false,32,2,recipient_bits=16;location_bytes=32,21775,68,measured,ok,unavailable,rustc,nightly-2021-05-06,Release,JerryZ
1787147202595705362,PPS-GC,sender_signaling,pps_gc_sender_preparation,sender,476,false,32,2,recipient_bits=16;location_bytes=32,285,68,measured,ok,unavailable,rustc,nightly-2021-05-06,Release,JerryZ
1787147202596873602,PPS-GC,sender_signaling,message_encryption,sender,476,false,32,2,recipient_bits=16;location_bytes=32,-1,,not_applicable,not_applicable,unavailable,rustc,nightly-2021-05-06,Release,JerryZ
1787147202598210648,PPS-GC,sender_signaling,pps_gc_sender_total_signaling,sender,476,false,32,2,recipient_bits=16;location_bytes=32,21775,68,measured,ok,unavailable,rustc,nightly-2021-05-06,Release,JerryZ
1787147202599450347,PPS-GC,sender_signaling,pps_gc_share_generation,sender,477,false,32,2,recipient_bits=16;location_bytes=32,9625,68,measured,ok,unavailable,rustc,nightly-2021-05-06,Release,JerryZ
1787147202601510639,PPS-GC,sender_signaling,pps_gc_sender_preparation,sender,477,false,32,2,recipient_bits=16;location_bytes=32,129,68,measured,ok,unavailable,rustc,nightly-2021-05-06,Release,JerryZ
1787147202603409998,PPS-GC,sender_signaling,message_encryption,sender,477,false,32,2,recipient_bits=16;location_bytes=32,-1,,not_applicable,not_applicable,unavailable,rustc,nightly-2021-05-06,Release,JerryZ
1787147202604966486,PPS-GC,sender_signaling,pps_gc_sender_total_signaling,sender,477,false,32,2,recipient_bits=16;location_bytes=32,11452,68,measured,ok,unavailable,rustc,nightly-2021-05-06,Release,JerryZ
1787147202606761564,PPS-GC,sender_signaling,pps_gc_share_generation,sender,478,false,32,2,recipient_bits=16;location_bytes=32,13178,68,measured,ok,unavailable,rustc,nightly-2021-05-06,Release,JerryZ
1787147202608538101,PPS-GC,sender_signaling,pps_gc_sender_preparation,sender,478,false,32,2,recipient_bits=16;location_bytes=32,2057,68,measured,ok,unavailable,rustc,nightly-2021-05-06,Release,JerryZ
1787147202609819081,PPS-GC,sender_signaling,message_encryption,sender,478,false,32,2,recipient_bits=16;location_bytes=32,-1,,not_applicable,not_applicable,unavailable,rustc,nightly-2021-05-06,Release,JerryZ
1787147202611133058,PPS-GC,sender_signaling,pps_gc_sender_total_signaling,sender,478,false,32,2,recipient_bits=16;location_bytes=32,10717,68,measured,ok,unavailable,rustc,nightly-2021-05-06,Release,JerryZ
1787147202612617898,PPS-GC,sender_signaling,pps_gc_share_generation,sender,479,false,32,2,recipient_bits=16;location_bytes=32,9726,68,measured,ok,unavailable,rustc,nightly-2021-05-06,Release,JerryZ
1787147202613863778,PPS-GC,sender_signaling,pps_gc_sender_preparation,sender,479,false,32,2,recipient_bits=16;location_bytes=32,147,68,measured,ok,unavailable,rustc,nightly-2021-05-06,Release,JerryZ
1787147202615313500,PPS-GC,sender_signaling,message_encryption,sender,479,false,32,2,recipient_bits=16;location_bytes=32,-1,,not_applicable,not_applicable,unavailable,rustc,nightly-2021-05-06,Release,JerryZ
1787147202616732603,PPS-GC,sender_signaling,pps_gc_sender_total_signaling,sender,479,false,32,2,recipient_bits=16;location_bytes=32,23225,68,measured,ok,unavailable,rustc,nightly-2021-05-06,Release,JerryZ
1787147202618236482,PPS-GC,sender_signaling,pps_gc_share_generation,sender,480,false,32,2,recipient_bits=16;location_bytes=32,10754,68,measured,ok,unavailable,rustc,nightly-2021-05-06,Release,JerryZ
1787147202619746716,PPS-GC,sender_signaling,pps_gc_sender_preparation,sender,480,false,32,2,recipient_bits=16;location_bytes=32,395,68,measured,ok,unavailable,rustc,nightly-2021-05-06,Release,JerryZ
1787147202621526834,PPS-GC,sender_signaling,message_encryption,sender,480,false,32,2,recipient_bits=16;location_bytes=32,-1,,not_applicable,not_applicable,unavailable,rustc,nightly-2021-05-06,Release,JerryZ
1787147202623203597,PPS-GC,sender_signaling,pps_gc_sender_total_signaling,sender,480,false,32,2,recipient_bits=16;location_bytes=32,11599,68,measured,ok,unavailable,rustc,nightly-2021-05-06,Release,JerryZ
1787147202624676150,PPS-GC,sender_signaling,pps_gc_share_generation,sender,481,false,32,2,recipient_bits=16;location_bytes=32,10506,68,measured,ok,unavailable,rustc,nightly-2021-05-06,Release,JerryZ
1787147202626133798,PPS-GC,sender_signaling,pps_gc_sender_preparation,sender,481,false,32,2,recipient_bits=16;location_bytes=32,303,68,measured,ok,unavailable,rustc,nightly-2021-05-06,Release,JerryZ
1787147202627282678,PPS-GC,sender_signaling,message_encryption,sender,481,false,32,2,recipient_bits=16;location_bytes=32,-1,,not_applicable,not_applicable,unavailable,rustc,nightly-2021-05-06,Release,JerryZ
1787147202628776101,PPS-GC,sender_signaling,pps_gc_sender_total_signaling,sender,481,false,32,2,recipient_bits=16;location_bytes=32,10735,68,measured,ok,unavailable,rustc,nightly-2021-05-06,Release,JerryZ
1787147202630147407,PPS-GC,sender_signaling,pps_gc_share_generation,sender,482,false,32,2,recipient_bits=16;location_bytes=32,21849,68,measured,ok,unavailable,rustc,nightly-2021-05-06,Release,JerryZ
1787147202631604679,PPS-GC,sender_signaling,pps_gc_sender_preparation,sender,482,false,32,2,recipient_bits=16;location_bytes=32,468,68,measured,ok,unavailable,rustc,nightly-2021-05-06,Release,JerryZ
1787147202633088629,PPS-GC,sender_signaling,message_encryption,sender,482,false,32,2,recipient_bits=16;location_bytes=32,-1,,not_applicable,not_applicable,unavailable,rustc,nightly-2021-05-06,Release,JerryZ
1787147202634801484,PPS-GC,sender_signaling,pps_gc_sender_total_signaling,sender,482,false,32,2,recipient_bits=16;location_bytes=32,23557,68,measured,ok,unavailable,rustc,nightly-2021-05-06,Release,JerryZ
1787147202636474712,PPS-GC,sender_signaling,pps_gc_share_generation,sender,483,false,32,2,recipient_bits=16;location_bytes=32,22767,68,measured,ok,unavailable,rustc,nightly-2021-05-06,Release,JerryZ
1787147202638078942,PPS-GC,sender_signaling,pps_gc_sender_preparation,sender,483,false,32,2,recipient_bits=16;location_bytes=32,1185,68,measured,ok,unavailable,rustc,nightly-2021-05-06,Release,JerryZ
1787147202639973425,PPS-GC,sender_signaling,message_encryption,sender,483,false,32,2,recipient_bits=16;location_bytes=32,-1,,not_applicable,not_applicable,unavailable,rustc,nightly-2021-05-06,Release,JerryZ
1787147202641401886,PPS-GC,sender_signaling,pps_gc_sender_total_signaling,sender,483,false,32,2,recipient_bits=16;location_bytes=32,12894,68,measured,ok,unavailable,rustc,nightly-2021-05-06,Release,JerryZ
1787147202642661367,PPS-GC,sender_signaling,pps_gc_share_generation,sender,484,false,32,2,recipient_bits=16;location_bytes=32,10515,68,measured,ok,unavailable,rustc,nightly-2021-05-06,Release,JerryZ
1787147202644122238,PPS-GC,sender_signaling,pps_gc_sender_preparation,sender,484,false,32,2,recipient_bits=16;location_bytes=32,468,68,measured,ok,unavailable,rustc,nightly-2021-05-06,Release,JerryZ
1787147202645844213,PPS-GC,sender_signaling,message_encryption,sender,484,false,32,2,recipient_bits=16;location_bytes=32,-1,,not_applicable,not_applicable,unavailable,rustc,nightly-2021-05-06,Release,JerryZ
1787147202647199434,PPS-GC,sender_signaling,pps_gc_sender_total_signaling,sender,484,false,32,2,recipient_bits=16;location_bytes=32,10910,68,measured,ok,unavailable,rustc,nightly-2021-05-06,Release,JerryZ
1787147202648845395,PPS-GC,sender_signaling,pps_gc_share_generation,sender,485,false,32,2,recipient_bits=16;location_bytes=32,10102,68,measured,ok,unavailable,rustc,nightly-2021-05-06,Release,JerryZ
1787147202650294447,PPS-GC,sender_signaling,pps_gc_sender_preparation,sender,485,false,32,2,recipient_bits=16;location_bytes=32,532,68,measured,ok,unavailable,rustc,nightly-2021-05-06,Release,JerryZ
1787147202651650404,PPS-GC,sender_signaling,message_encryption,sender,485,false,32,2,recipient_bits=16;location_bytes=32,-1,,not_applicable,not_applicable,unavailable,rustc,nightly-2021-05-06,Release,JerryZ
1787147202653743753,PPS-GC,sender_signaling,pps_gc_sender_total_signaling,sender,485,false,32,2,recipient_bits=16;location_bytes=32,10947,68,measured,ok,unavailable,rustc,nightly-2021-05-06,Release,JerryZ
1787147202655268961,PPS-GC,sender_signaling,pps_gc_share_generation,sender,486,false,32,2,recipient_bits=16;location_bytes=32,10212,68,measured,ok,unavailable,rustc,nightly-2021-05-06,Release,JerryZ
1787147202656933923,PPS-GC,sender_signaling,pps_gc_sender_preparation,sender,486,false,32,2,recipient_bits=16;location_bytes=32,560,68,measured,ok,unavailable,rustc,nightly-2021-05-06,Release,JerryZ
1787147202658472815,PPS-GC,sender_signaling,message_encryption,sender,486,false,32,2,recipient_bits=16;location_bytes=32,-1,,not_applicable,not_applicable,unavailable,rustc,nightly-2021-05-06,Release,JerryZ
1787147202659804140,PPS-GC,sender_signaling,pps_gc_sender_total_signaling,sender,486,false,32,2,recipient_bits=16;location_bytes=32,10488,68,measured,ok,unavailable,rustc,nightly-2021-05-06,Release,JerryZ
1787147202661092081,PPS-GC,sender_signaling,pps_gc_share_generation,sender,487,false,32,2,recipient_bits=16;location_bytes=32,9781,68,measured,ok,unavailable,rustc,nightly-2021-05-06,Release,JerryZ
1787147202662649575,PPS-GC,sender_signaling,pps_gc_sender_preparation,sender,487,false,32,2,recipient_bits=16;location_bytes=32,285,68,measured,ok,unavailable,rustc,nightly-2021-05-06,Release,JerryZ
1787147202663925815,PPS-GC,sender_signaling,message_encryption,sender,487,false,32,2,recipient_bits=16;location_bytes=32,-1,,not_applicable,not_applicable,unavailable,rustc,nightly-2021-05-06,Release,JerryZ
1787147202665331969,PPS-GC,sender_signaling,pps_gc_sender_total_signaling,sender,487,false,32,2,recipient_bits=16;location_bytes=32,66307,68,measured,ok,unavailable,rustc,nightly-2021-05-06,Release,JerryZ
1787147202666928999,PPS-GC,sender_signaling,pps_gc_share_generation,sender,488,false,32,2,recipient_bits=16;location_bytes=32,10589,68,measured,ok,unavailable,rustc,nightly-2021-05-06,Release,JerryZ
1787147202668526865,PPS-GC,sender_signaling,pps_gc_sender_preparation,sender,488,false,32,2,recipient_bits=16;location_bytes=32,964,68,measured,ok,unavailable,rustc,nightly-2021-05-06,Release,JerryZ
1787147202669734255,PPS-GC,sender_signaling,message_encryption,sender,488,false,32,2,recipient_bits=16;location_bytes=32,-1,,not_applicable,not_applicable,unavailable,rustc,nightly-2021-05-06,Release,JerryZ
1787147202671369370,PPS-GC,sender_signaling,pps_gc_sender_total_signaling,sender,488,false,32,2,recipient_bits=16;location_bytes=32,14428,68,measured,ok,unavailable,rustc,nightly-2021-05-06,Release,JerryZ
1787147202673109492,PPS-GC,sender_signaling,pps_gc_share_generation,sender,489,false,32,2,recipient_bits=16;location_bytes=32,10314,68,measured,ok,unavailable,rustc,nightly-2021-05-06,Release,JerryZ
1787147202674438342,PPS-GC,sender_signaling,pps_gc_sender_preparation,sender,489,false,32,2,recipient_bits=16;location_bytes=32,689,68,measured,ok,unavailable,rustc,nightly-2021-05-06,Release,JerryZ
1787147202676020737,PPS-GC,sender_signaling,message_encryption,sender,489,false,32,2,recipient_bits=16;location_bytes=32,-1,,not_applicable,not_applicable,unavailable,rustc,nightly-2021-05-06,Release,JerryZ
1787147202677242426,PPS-GC,sender_signaling,pps_gc_sender_total_signaling,sender,489,false,32,2,recipient_bits=16;location_bytes=32,22877,68,measured,ok,unavailable,rustc,nightly-2021-05-06,Release,JerryZ
1787147202678834249,PPS-GC,sender_signaling,pps_gc_share_generation,sender,490,false,32,2,recipient_bits=16;location_bytes=32,13565,68,measured,ok,unavailable,rustc,nightly-2021-05-06,Release,JerryZ
1787147202680305994,PPS-GC,sender_signaling,pps_gc_sender_preparation,sender,490,false,32,2,recipient_bits=16;location_bytes=32,624,68,measured,ok,unavailable,rustc,nightly-2021-05-06,Release,JerryZ
1787147202682051929,PPS-GC,sender_signaling,message_encryption,sender,490,false,32,2,recipient_bits=16;location_bytes=32,-1,,not_applicable,not_applicable,unavailable,rustc,nightly-2021-05-06,Release,JerryZ
1787147202683811475,PPS-GC,sender_signaling,pps_gc_sender_total_signaling,sender,490,false,32,2,recipient_bits=16;location_bytes=32,11535,68,measured,ok,unavailable,rustc,nightly-2021-05-06,Release,JerryZ
1787147202685039813,PPS-GC,sender_signaling,pps_gc_share_generation,sender,491,false,32,2,recipient_bits=16;location_bytes=32,10378,68,measured,ok,unavailable,rustc,nightly-2021-05-06,Release,JerryZ
1787147202686333265,PPS-GC,sender_signaling,pps_gc_sender_preparation,sender,491,false,32,2,recipient_bits=16;location_bytes=32,285,68,measured,ok,unavailable,rustc,nightly-2021-05-06,Release,JerryZ
1787147202687586233,PPS-GC,sender_signaling,message_encryption,sender,491,false,32,2,recipient_bits=16;location_bytes=32,-1,,not_applicable,not_applicable,unavailable,rustc,nightly-2021-05-06,Release,JerryZ
1787147202689075216,PPS-GC,sender_signaling,pps_gc_sender_total_signaling,sender,491,false,32,2,recipient_bits=16;location_bytes=32,10231,68,measured,ok,unavailable,rustc,nightly-2021-05-06,Release,JerryZ
1787147202690360972,PPS-GC,sender_signaling,pps_gc_share_generation,sender,492,false,32,2,recipient_bits=16;location_bytes=32,21573,68,measured,ok,unavailable,rustc,nightly-2021-05-06,Release,JerryZ
1787147202691648765,PPS-GC,sender_signaling,pps_gc_sender_preparation,sender,492,false,32,2,recipient_bits=16;location_bytes=32,358,68,measured,ok,unavailable,rustc,nightly-2021-05-06,Release,JerryZ
1787147202692917659,PPS-GC,sender_signaling,message_encryption,sender,492,false,32,2,recipient_bits=16;location_bytes=32,-1,,not_applicable,not_applicable,unavailable,rustc,nightly-2021-05-06,Release,JerryZ
1787147202694702130,PPS-GC,sender_signaling,pps_gc_sender_total_signaling,sender,492,false,32,2,recipient_bits=16;location_bytes=32,11525,68,measured,ok,unavailable,rustc,nightly-2021-05-06,Release,JerryZ
1787147202696037790,PPS-GC,sender_signaling,pps_gc_share_generation,sender,493,false,32,2,recipient_bits=16;location_bytes=32,10369,68,measured,ok,unavailable,rustc,nightly-2021-05-06,Release,JerryZ
1787147202697424219,PPS-GC,sender_signaling,pps_gc_sender_preparation,sender,493,false,32,2,recipient_bits=16;location_bytes=32,799,68,measured,ok,unavailable,rustc,nightly-2021-05-06,Release,JerryZ
1787147202699454562,PPS-GC,sender_signaling,message_encryption,sender,493,false,32,2,recipient_bits=16;location_bytes=32,-1,,not_applicable,not_applicable,unavailable,rustc,nightly-2021-05-06,Release,JerryZ
1787147202700601564,PPS-GC,sender_signaling,pps_gc_sender_total_signaling,sender,493,false,32,2,recipient_bits=16;location_bytes=32,10745,68,measured,ok,unavailable,rustc,nightly-2021-05-06,Release,JerryZ
1787147202702129872,PPS-GC,sender_signaling,pps_gc_share_generation,sender,494,false,32,2,recipient_bits=16;location_bytes=32,10066,68,measured,ok,unavailable,rustc,nightly-2021-05-06,Release,JerryZ
1787147202703531535,PPS-GC,sender_signaling,pps_gc_sender_preparation,sender,494,false,32,2,recipient_bits=16;location_bytes=32,606,68,measured,ok,unavailable,rustc,nightly-2021-05-06,Release,JerryZ
1787147202704997301,PPS-GC,sender_signaling,message_encryption,sender,494,false,32,2,recipient_bits=16;location_bytes=32,-1,,not_applicable,not_applicable,unavailable,rustc,nightly-2021-05-06,Release,JerryZ
1787147202706316908,PPS-GC,sender_signaling,pps_gc_sender_total_signaling,sender,494,false,32,2,recipient_bits=16;location_bytes=32,10231,68,measured,ok,unavailable,rustc,nightly-2021-05-06,Release,JerryZ
1787147202707468562,PPS-GC,sender_signaling,pps_gc_share_generation,sender,495,false,32,2,recipient_bits=16;location_bytes=32,10267,68,measured,ok,unavailable,rustc,nightly-2021-05-06,Release,JerryZ
1787147202708810714,PPS-GC,sender_signaling,pps_gc_sender_preparation,sender,495,false,32,2,recipient_bits=16;location_bytes=32,230,68,measured,ok,unavailable,rustc,nightly-2021-05-06,Release,JerryZ
1787147202710292552,PPS-GC,sender_signaling,message_encryption,sender,495,false,32,2,recipient_bits=16;location_bytes=32,-1,,not_applicable,not_applicable,unavailable,rustc,nightly-2021-05-06,Release,JerryZ
1787147202711772801,PPS-GC,sender_signaling,pps_gc_sender_total_signaling,sender,495,false,32,2,recipient_bits=16;location_bytes=32,11122,68,measured,ok,unavailable,rustc,nightly-2021-05-06,Release,JerryZ
1787147202713530248,PPS-GC,sender_signaling,pps_gc_share_generation,sender,496,false,32,2,recipient_bits=16;location_bytes=32,13160,68,measured,ok,unavailable,rustc,nightly-2021-05-06,Release,JerryZ
1787147202714961874,PPS-GC,sender_signaling,pps_gc_sender_preparation,sender,496,false,32,2,recipient_bits=16;location_bytes=32,753,68,measured,ok,unavailable,rustc,nightly-2021-05-06,Release,JerryZ
1787147202716191865,PPS-GC,sender_signaling,message_encryption,sender,496,false,32,2,recipient_bits=16;location_bytes=32,-1,,not_applicable,not_applicable,unavailable,rustc,nightly-2021-05-06,Release,JerryZ
1787147202717516670,PPS-GC,sender_signaling,pps_gc_sender_total_signaling,sender,496,false,32,2,recipient_bits=16;location_bytes=32,11351,68,measured,ok,unavailable,rustc,nightly-2021-05-06,Release,JerryZ
1787147202718703185,PPS-GC,sender_signaling,pps_gc_share_generation,sender,497,false,32,2,recipient_bits=16;location_bytes=32,9689,68,measured,ok,unavailable,rustc,nightly-2021-05-06,Release,JerryZ
1787147202720237949,PPS-GC,sender_signaling,pps_gc_sender_preparation,sender,497,false,32,2,recipient_bits=16;location_bytes=32,147,68,measured,ok,unavailable,rustc,nightly-2021-05-06,Release,JerryZ
1787147202721534073,PPS-GC,sender_signaling,message_encryption,sender,497,false,32,2,recipient_bits=16;location_bytes=32,-1,,not_applicable,not_applicable,unavailable,rustc,nightly-2021-05-06,Release,JerryZ
1787147202722693220,PPS-GC,sender_signaling,pps_gc_sender_total_signaling,sender,497,false,32,2,recipient_bits=16;location_bytes=32,10332,68,measured,ok,unavailable,rustc,nightly-2021-05-06,Release,JerryZ
1787147202723859164,PPS-GC,sender_signaling,pps_gc_share_generation,sender,498,false,32,2,recipient_bits=16;location_bytes=32,12398,68,measured,ok,unavailable,rustc,nightly-2021-05-06,Release,JerryZ
1787147202725361849,PPS-GC,sender_signaling,pps_gc_sender_preparation,sender,498,false,32,2,recipient_bits=16;location_bytes=32,248,68,measured,ok,unavailable,rustc,nightly-2021-05-06,Release,JerryZ
1787147202726826408,PPS-GC,sender_signaling,message_encryption,sender,498,false,32,2,recipient_bits=16;location_bytes=32,-1,,not_applicable,not_applicable,unavailable,rustc,nightly-2021-05-06,Release,JerryZ
1787147202728078022,PPS-GC,sender_signaling,pps_gc_sender_total_signaling,sender,498,false,32,2,recipient_bits=16;location_bytes=32,11352,68,measured,ok,unavailable,rustc,nightly-2021-05-06,Release,JerryZ
1787147202729881071,PPS-GC,sender_signaling,pps_gc_share_generation,sender,499,false,32,2,recipient_bits=16;location_bytes=32,10469,68,measured,ok,unavailable,rustc,nightly-2021-05-06,Release,JerryZ
1787147202731153795,PPS-GC,sender_signaling,pps_gc_sender_preparation,sender,499,false,32,2,recipient_bits=16;location_bytes=32,514,68,measured,ok,unavailable,rustc,nightly-2021-05-06,Release,JerryZ
1787147202732530919,PPS-GC,sender_signaling,message_encryption,sender,499,false,32,2,recipient_bits=16;location_bytes=32,-1,,not_applicable,not_applicable,unavailable,rustc,nightly-2021-05-06,Release,JerryZ
1787147202733777579,PPS-GC,sender_signaling,pps_gc_sender_total_signaling,sender,499,false,32,2,recipient_bits=16;location_bytes=32,10690,68,measured,ok,unavailable,rustc,nightly-2021-05-06,Release,JerryZ
1787147202734970431,PPS-GC,sender_signaling,pps_gc_share_generation,sender,500,false,32,2,recipient_bits=16;location_bytes=32,9928,68,measured,ok,unavailable,rustc,nightly-2021-05-06,Release,JerryZ
1787147202736283443,PPS-GC,sender_signaling,pps_gc_sender_preparation,sender,500,false,32,2,recipient_bits=16;location_bytes=32,202,68,measured,ok,unavailable,rustc,nightly-2021-05-06,Release,JerryZ
1787147202737950031,PPS-GC,sender_signaling,message_encryption,sender,500,false,32,2,recipient_bits=16;location_bytes=32,-1,,not_applicable,not_applicable,unavailable,rustc,nightly-2021-05-06,Release,JerryZ
1787147202739102310,PPS-GC,sender_signaling,pps_gc_sender_total_signaling,sender,500,false,32,2,recipient_bits=16;location_bytes=32,11158,68,measured,ok,unavailable,rustc,nightly-2021-05-06,Release,JerryZ
1787147202740490355,PPS-GC,sender_signaling,pps_gc_share_generation,sender,501,false,32,2,recipient_bits=16;location_bytes=32,12297,68,measured,ok,unavailable,rustc,nightly-2021-05-06,Release,JerryZ
1787147202741971018,PPS-GC,sender_signaling,pps_gc_sender_preparation,sender,501,false,32,2,recipient_bits=16;location_bytes=32,1047,68,measured,ok,unavailable,rustc,nightly-2021-05-06,Release,JerryZ
1787147202743243622,PPS-GC,sender_signaling,message_encryption,sender,501,false,32,2,recipient_bits=16;location_bytes=32,-1,,not_applicable,not_applicable,unavailable,rustc,nightly-2021-05-06,Release,JerryZ
1787147202745136286,PPS-GC,sender_signaling,pps_gc_sender_total_signaling,sender,501,false,32,2,recipient_bits=16;location_bytes=32,11388,68,measured,ok,unavailable,rustc,nightly-2021-05-06,Release,JerryZ
1787147202746437626,PPS-GC,sender_signaling,pps_gc_share_generation,sender,502,false,32,2,recipient_bits=16;location_bytes=32,10120,68,measured,ok,unavailable,rustc,nightly-2021-05-06,Release,JerryZ
1787147202747731366,PPS-GC,sender_signaling,pps_gc_sender_preparation,sender,502,false,32,2,recipient_bits=16;location_bytes=32,331,68,measured,ok,unavailable,rustc,nightly-2021-05-06,Release,JerryZ
1787147202749189019,PPS-GC,sender_signaling,message_encryption,sender,502,false,32,2,recipient_bits=16;location_bytes=32,-1,,not_applicable,not_applicable,unavailable,rustc,nightly-2021-05-06,Release,JerryZ
1787147202750889871,PPS-GC,sender_signaling,pps_gc_sender_total_signaling,sender,502,false,32,2,recipient_bits=16;location_bytes=32,11085,68,measured,ok,unavailable,rustc,nightly-2021-05-06,Release,JerryZ
1787147202752097279,PPS-GC,sender_signaling,pps_gc_share_generation,sender,503,false,32,2,recipient_bits=16;location_bytes=32,9707,68,measured,ok,unavailable,rustc,nightly-2021-05-06,Release,JerryZ
1787147202753189459,PPS-GC,sender_signaling,pps_gc_sender_preparation,sender,503,false,32,2,recipient_bits=16;location_bytes=32,432,68,measured,ok,unavailable,rustc,nightly-2021-05-06,Release,JerryZ
1787147202754536791,PPS-GC,sender_signaling,message_encryption,sender,503,false,32,2,recipient_bits=16;location_bytes=32,-1,,not_applicable,not_applicable,unavailable,rustc,nightly-2021-05-06,Release,JerryZ
1787147202756165202,PPS-GC,sender_signaling,pps_gc_sender_total_signaling,sender,503,false,32,2,recipient_bits=16;location_bytes=32,23602,68,measured,ok,unavailable,rustc,nightly-2021-05-06,Release,JerryZ
1787147202757719638,PPS-GC,sender_signaling,pps_gc_share_generation,sender,504,false,32,2,recipient_bits=16;location_bytes=32,10791,68,measured,ok,unavailable,rustc,nightly-2021-05-06,Release,JerryZ
1787147202759096808,PPS-GC,sender_signaling,pps_gc_sender_preparation,sender,504,false,32,2,recipient_bits=16;location_bytes=32,294,68,measured,ok,unavailable,rustc,nightly-2021-05-06,Release,JerryZ
1787147202760478928,PPS-GC,sender_signaling,message_encryption,sender,504,false,32,2,recipient_bits=16;location_bytes=32,-1,,not_applicable,not_applicable,unavailable,rustc,nightly-2021-05-06,Release,JerryZ
1787147202761785430,PPS-GC,sender_signaling,pps_gc_sender_total_signaling,sender,504,false,32,2,recipient_bits=16;location_bytes=32,11039,68,measured,ok,unavailable,rustc,nightly-2021-05-06,Release,JerryZ
1787147202763367205,PPS-GC,sender_signaling,pps_gc_share_generation,sender,505,false,32,2,recipient_bits=16;location_bytes=32,10323,68,measured,ok,unavailable,rustc,nightly-2021-05-06,Release,JerryZ
1787147202764575808,PPS-GC,sender_signaling,pps_gc_sender_preparation,sender,505,false,32,2,recipient_bits=16;location_bytes=32,367,68,measured,ok,unavailable,rustc,nightly-2021-05-06,Release,JerryZ
1787147202765836032,PPS-GC,sender_signaling,message_encryption,sender,505,false,32,2,recipient_bits=16;location_bytes=32,-1,,not_applicable,not_applicable,unavailable,rustc,nightly-2021-05-06,Release,JerryZ
1787147202767141229,PPS-GC,sender_signaling,pps_gc_sender_total_signaling,sender,505,false,32,2,recipient_bits=16;location_bytes=32,10414,68,measured,ok,unavailable,rustc,nightly-2021-05-06,Release,JerryZ
1787147202768643005,PPS-GC,sender_signaling,pps_gc_share_generation,sender,506,false,32,2,recipient_bits=16;location_bytes=32,21849,68,measured,ok,unavailable,rustc,nightly-2021-05-06,Release,JerryZ
1787147202770166381,PPS-GC,sender_signaling,pps_gc_sender_preparation,sender,506,false,32,2,recipient_bits=16;location_bytes=32,284,68,measured,ok,unavailable,rustc,nightly-2021-05-06,Release,JerryZ
1787147202771504483,PPS-GC,sender_signaling,message_encryption,sender,506,false,32,2,recipient_bits=16;location_bytes=32,-1,,not_applicable,not_applicable,unavailable,rustc,nightly-2021-05-06,Release,JerryZ
1787147202772824053,PPS-GC,sender_signaling,pps_gc_sender_total_signaling,sender,506,false,32,2,recipient_bits=16;location_bytes=32,13941,68,measured,ok,unavailable,rustc,nightly-2021-05-06,Release,JerryZ
1787147202775600885,PPS-GC,sender_signaling,pps_gc_share_generation,sender,507,false,32,2,recipient_bits=16;location_bytes=32,11737,68,measured,ok,unavailable,rustc,nightly-2021-05-06,Release,JerryZ
1787147202777097279,PPS-GC,sender_signaling,pps_gc_sender_preparation,sender,507,false,32,2,recipient_bits=16;location_bytes=32,1047,68,measured,ok,unavailable,rustc,nightly-2021-05-06,Release,JerryZ
1787147202778273196,PPS-GC,sender_signaling,message_encryption,sender,507,false,32,2,recipient_bits=16;location_bytes=32,-1,,not_applicable,not_applicable,unavailable,rustc,nightly-2021-05-06,Release,JerryZ
1787147202779313414,PPS-GC,sender_signaling,pps_gc_sender_total_signaling,sender,507,false,32,2,recipient_bits=16;location_bytes=32,10231,68,measured,ok,unavailable,rustc,nightly-2021-05-06,Release,JerryZ
1787147202780416362,PPS-GC,sender_signaling,pps_gc_share_generation,sender,508,false,32,2,recipient_bits=16;location_bytes=32,9689,68,measured,ok,unavailable,rustc,nightly-2021-05-06,Release,JerryZ
1787147202781799268,PPS-GC,sender_signaling,pps_gc_sender_preparation,sender,508,false,32,2,recipient_bits=16;location_bytes=32,138,68,measured,ok,unavailable,rustc,nightly-2021-05-06,Release,JerryZ
1787147202783147501,PPS-GC,sender_signaling,message_encryption,sender,508,false,32,2,recipient_bits=16;location_bytes=32,-1,,not_applicable,not_applicable,unavailable,rustc,nightly-2021-05-06,Release,JerryZ
1787147202784713012,PPS-GC,sender_signaling,pps_gc_sender_total_signaling,sender,508,false,32,2,recipient_bits=16;location_bytes=32,11884,68,measured,ok,unavailable,rustc,nightly-2021-05-06,Release,JerryZ
1787147202786198056,PPS-GC,sender_signaling,pps_gc_share_generation,sender,509,false,32,2,recipient_bits=16;location_bytes=32,11058,68,measured,ok,unavailable,rustc,nightly-2021-05-06,Release,JerryZ
1787147202787680169,PPS-GC,sender_signaling,pps_gc_sender_preparation,sender,509,false,32,2,recipient_bits=16;location_bytes=32,909,68,measured,ok,unavailable,rustc,nightly-2021-05-06,Release,JerryZ
1787147202789346077,PPS-GC,sender_signaling,message_encryption,sender,509,false,32,2,recipient_bits=16;location_bytes=32,-1,,not_applicable,not_applicable,unavailable,rustc,nightly-2021-05-06,Release,JerryZ
1787147202790621207,PPS-GC,sender_signaling,pps_gc_sender_total_signaling,sender,509,false,32,2,recipient_bits=16;location_bytes=32,10690,68,measured,ok,unavailable,rustc,nightly-2021-05-06,Release,JerryZ
1787147202792051827,PPS-GC,sender_signaling,pps_gc_share_generation,sender,510,false,32,2,recipient_bits=16;location_bytes=32,9882,68,measured,ok,unavailable,rustc,nightly-2021-05-06,Release,JerryZ
1787147202793453600,PPS-GC,sender_signaling,pps_gc_sender_preparation,sender,510,false,32,2,recipient_bits=16;location_bytes=32,248,68,measured,ok,unavailable,rustc,nightly-2021-05-06,Release,JerryZ
1787147202794652707,PPS-GC,sender_signaling,message_encryption,sender,510,false,32,2,recipient_bits=16;location_bytes=32,-1,,not_applicable,not_applicable,unavailable,rustc,nightly-2021-05-06,Release,JerryZ
1787147202795773310,PPS-GC,sender_signaling,pps_gc_sender_total_signaling,sender,510,false,32,2,recipient_bits=16;location_bytes=32,10755,68,measured,ok,unavailable,rustc,nightly-2021-05-06,Release,JerryZ
1787147202796894327,PPS-GC,sender_signaling,pps_gc_share_generation,sender,511,false,32,2,recipient_bits=16;location_bytes=32,21480,68,measured,ok,unavailable,rustc,nightly-2021-05-06,Release,JerryZ
1787147202798559225,PPS-GC,sender_signaling,pps_gc_sender_preparation,sender,511,false,32,2,recipient_bits=16;location_bytes=32,285,68,measured,ok,unavailable,rustc,nightly-2021-05-06,Release,JerryZ
1787147202799855486,PPS-GC,sender_signaling,message_encryption,sender,511,false,32,2,recipient_bits=16;location_bytes=32,-1,,not_applicable,not_applicable,unavailable,rustc,nightly-2021-05-06,Release,JerryZ
1787147202801106251,PPS-GC,sender_signaling,pps_gc_sender_total_signaling,sender,511,false,32,2,recipient_bits=16;location_bytes=32,10855,68,measured,ok,unavailable,rustc,nightly-2021-05-06,Release,JerryZ
1787147202802316727,PPS-GC,sender_signaling,pps_gc_share_generation,sender,512,false,32,2,recipient_bits=16;location_bytes=32,10616,68,measured,ok,unavailable,rustc,nightly-2021-05-06,Release,JerryZ
1787147202803809833,PPS-GC,sender_signaling,pps_gc_sender_preparation,sender,512,false,32,2,recipient_bits=16;location_bytes=32,221,68,measured,ok,unavailable,rustc,nightly-2021-05-06,Release,JerryZ
1787147202805365582,PPS-GC,sender_signaling,message_encryption,sender,512,false,32,2,recipient_bits=16;location_bytes=32,-1,,not_applicable,not_applicable,unavailable,rustc,nightly-2021-05-06,Release,JerryZ
1787147202806547689,PPS-GC,sender_signaling,pps_gc_sender_total_signaling,sender,512,false,32,2,recipient_bits=16;location_bytes=32,10616,68,measured,ok,unavailable,rustc,nightly-2021-05-06,Release,JerryZ
1787147202807768717,PPS-GC,sender_signaling,pps_gc_share_generation,sender,513,false,32,2,recipient_bits=16;location_bytes=32,9670,68,measured,ok,unavailable,rustc,nightly-2021-05-06,Release,JerryZ
1787147202809163571,PPS-GC,sender_signaling,pps_gc_sender_preparation,sender,513,false,32,2,recipient_bits=16;location_bytes=32,147,68,measured,ok,unavailable,rustc,nightly-2021-05-06,Release,JerryZ
1787147202810304043,PPS-GC,sender_signaling,message_encryption,sender,513,false,32,2,recipient_bits=16;location_bytes=32,-1,,not_applicable,not_applicable,unavailable,rustc,nightly-2021-05-06,Release,JerryZ
1787147202811734920,PPS-GC,sender_signaling,pps_gc_sender_total_signaling,sender,513,false,32,2,recipient_bits=16;location_bytes=32,9992,68,measured,ok,unavailable,rustc,nightly-2021-05-06,Release,JerryZ
1787147202812937553,PPS-GC,sender_signaling,pps_gc_share_generation,sender,514,false,32,2,recipient_bits=16;location_bytes=32,9579,68,measured,ok,unavailable,rustc,nightly-2021-05-06,Release,JerryZ
1787147202814351991,PPS-GC,sender_signaling,pps_gc_sender_preparation,sender,514,false,32,2,recipient_bits=16;location_bytes=32,257,68,measured,ok,unavailable,rustc,nightly-2021-05-06,Release,JerryZ
1787147202815791969,PPS-GC,sender_signaling,message_encryption,sender,514,false,32,2,recipient_bits=16;location_bytes=32,-1,,not_applicable,not_applicable,unavailable,rustc,nightly-2021-05-06,Release,JerryZ
1787147202817531889,PPS-GC,sender_signaling,pps_gc_sender_total_signaling,sender,514,false,32,2,recipient_bits=16;location_bytes=32,13712,68,measured,ok,unavailable,rustc,nightly-2021-05-06,Release,JerryZ
1787147202819184412,PPS-GC,sender_signaling,pps_gc_share_generation,sender,515,false,32,2,recipient_bits=16;location_bytes=32,10782,68,measured,ok,unavailable,rustc,nightly-2021-05-06,Release,JerryZ
1787147202820804773,PPS-GC,sender_signaling,pps_gc_sender_preparation,sender,515,false,32,2,recipient_bits=16;location_bytes=32,854,68,measured,ok,unavailable,rustc,nightly-2021-05-06,Release,JerryZ
1787147202822126951,PPS-GC,sender_signaling,message_encryption,sender,515,false,32,2,recipient_bits=16;location_bytes=32,-1,,not_applicable,not_applicable,unavailable,rustc,nightly-2021-05-06,Release,JerryZ
1787147202823280515,PPS-GC,sender_signaling,pps_gc_sender_total_signaling,sender,515,false,32,2,recipient_bits=16;location_bytes=32,10818,68,measured,ok,unavailable,rustc,nightly-2021-05-06,Release,JerryZ
1787147202824390300,PPS-GC,sender_signaling,pps_gc_share_generation,sender,516,false,32,2,recipient_bits=16;location_bytes=32,9689,68,measured,ok,unavailable,rustc,nightly-2021-05-06,Release,JerryZ
1787147202825482002,PPS-GC,sender_signaling,pps_gc_sender_preparation,sender,516,false,32,2,recipient_bits=16;location_bytes=32,202,68,measured,ok,unavailable,rustc,nightly-2021-05-06,Release,JerryZ
1787147202826862304,PPS-GC,sender_signaling,message_encryption,sender,516,false,32,2,recipient_bits=16;location_bytes=32,-1,,not_applicable,not_applicable,unavailable,rustc,nightly-2021-05-06,Release,JerryZ
1787147202828171919,PPS-GC,sender_signaling,pps_gc_sender_total_signaling,sender,516,false,32,2,recipient_bits=16;location_bytes=32,21812,68,measured,ok,unavailable,rustc,nightly-2021-05-06,Release,JerryZ
1787147202829396932,PPS-GC,sender_signaling,pps_gc_share_generation,sender,517,false,32,2,recipient_bits=16;location_bytes=32,46846,68,measured,ok,unavailable,rustc,nightly-2021-05-06,Release,JerryZ
1787147202830674441,PPS-GC,sender_signaling,pps_gc_sender_preparation,sender,517,false,32,2,recipient_bits=16;location_bytes=32,276,68,measured,ok,unavailable,rustc,nightly-2021-05-06,Release,JerryZ
1787147202831903469,PPS-GC,sender_signaling,message_encryption,sender,517,false,32,2,recipient_bits=16;location_bytes=32,-1,,not_applicable,not_applicable,unavailable,rustc,nightly-2021-05-06,Release,JerryZ
1787147202833492151,PPS-GC,sender_signaling,pps_gc_sender_total_signaling,sender,517,false,32,2,recipient_bits=16;location_bytes=32,12104,68,measured,ok,unavailable,rustc,nightly-2021-05-06,Release,JerryZ
1787147202834726634,PPS-GC,sender_signaling,pps_gc_share_generation,sender,518,false,32,2,recipient_bits=16;location_bytes=32,21775,68,measured,ok,unavailable,rustc,nightly-2021-05-06,Release,JerryZ
1787147202836195963,PPS-GC,sender_signaling,pps_gc_sender_preparation,sender,518,false,32,2,recipient_bits=16;location_bytes=32,312,68,measured,ok,unavailable,rustc,nightly-2021-05-06,Release,JerryZ
1787147202837433292,PPS-GC,sender_signaling,message_encryption,sender,518,false,32,2,recipient_bits=16;location_bytes=32,-1,,not_applicable,not_applicable,unavailable,rustc,nightly-2021-05-06,Release,JerryZ
1787147202838941588,PPS-GC,sender_signaling,pps_gc_sender_total_signaling,sender,518,false,32,2,recipient_bits=16;location_bytes=32,10690,68,measured,ok,unavailable,rustc,nightly-2021-05-06,Release,JerryZ
1787147202840015391,PPS-GC,sender_signaling,pps_gc_share_generation,sender,519,false,32,2,recipient_bits=16;location_bytes=32,9707,68,measured,ok,unavailable,rustc,nightly-2021-05-06,Release,JerryZ
1787147202841044883,PPS-GC,sender_signaling,pps_gc_sender_preparation,sender,519,false,32,2,recipient_bits=16;location_bytes=32,147,68,measured,ok,unavailable,rustc,nightly-2021-05-06,Release,JerryZ
1787147202842423247,PPS-GC,sender_signaling,message_encryption,sender,519,false,32,2,recipient_bits=16;location_bytes=32,-1,,not_applicable,not_applicable,unavailable,rustc,nightly-2021-05-06,Release,JerryZ
1787147202843666628,PPS-GC,sender_signaling,pps_gc_sender_total_signaling,sender,519,false,32,2,recipient_bits=16;location_bytes=32,10047,68,measured,ok,unavailable,rustc,nightly-2021-05-06,Release,JerryZ
1787147202844737768,PPS-GC,sender_signaling,pps_gc_share_generation,sender,520,false,32,2,recipient_bits=16;location_bytes=32,9578,68,measured,ok,unavailable,rustc,nightly-2021-05-06,Release,JerryZ
1787147202846333696,PPS-GC,sender_signaling,pps_gc_sender_preparation,sender,520,false,32,2,recipient_bits=16;location_bytes=32,110,68,measured,ok,unavailable,rustc,nightly-2021-05-06,Release,JerryZ
1787147202848058968,PPS-GC,sender_signaling,message_encryption,sender,520,false,32,2,recipient_bits=16;location_bytes=32,-1,,not_applicable,not_applicable,unavailable,rustc,nightly-2021-05-06,Release,JerryZ
1787147202849354164,PPS-GC,sender_signaling,pps_gc_sender_total_signaling,sender,520,false,32,2,recipient_bits=16;location_bytes=32,10653,68,measured,ok,unavailable,rustc,nightly-2021-05-06,Release,JerryZ
1787147202851367797,PPS-GC,sender_signaling,pps_gc_share_generation,sender,521,false,32,2,recipient_bits=16;location_bytes=32,10488,68,measured,ok,unavailable,rustc,nightly-2021-05-06,Release,JerryZ
1787147202852718155,PPS-GC,sender_signaling,pps_gc_sender_preparation,sender,521,false,32,2,recipient_bits=16;location_bytes=32,652,68,measured,ok,unavailable,rustc,nightly-2021-05-06,Release,JerryZ
1787147202854306276,PPS-GC,sender_signaling,message_encryption,sender,521,false,32,2,recipient_bits=16;location_bytes=32,-1,,not_applicable,not_applicable,unavailable,rustc,nightly-2021-05-06,Release,JerryZ
1787147202855564310,PPS-GC,sender_signaling,pps_gc_sender_total_signaling,sender,521,false,32,2,recipient_bits=16;location_bytes=32,10882,68,measured,ok,unavailable,rustc,nightly-2021-05-06,Release,JerryZ
1787147202856655223,PPS-GC,sender_signaling,pps_gc_share_generation,sender,522,false,32,2,recipient_bits=16;location_bytes=32,9634,68,measured,ok,unavailable,rustc,nightly-2021-05-06,Release,JerryZ
1787147202858102309,PPS-GC,sender_signaling,pps_gc_sender_preparation,sender,522,false,32,2,recipient_bits=16;location_bytes=32,220,68,measured,ok,unavailable,rustc,nightly-2021-05-06,Release,JerryZ
1787147202859252705,PPS-GC,sender_signaling,message_encryption,sender,522,false,32,2,recipient_bits=16;location_bytes=32,-1,,not_applicable,not_applicable,unavailable,rustc,nightly-2021-05-06,Release,JerryZ
1787147202860353168,PPS-GC,sender_signaling,pps_gc_sender_total_signaling,sender,522,false,32,2,recipient_bits=16;location_bytes=32,10001,68,measured,ok,unavailable,rustc,nightly-2021-05-06,Release,JerryZ
1787147202861539133,PPS-GC,sender_signaling,pps_gc_share_generation,sender,523,false,32,2,recipient_bits=16;location_bytes=32,9744,68,measured,ok,unavailable,rustc,nightly-2021-05-06,Release,JerryZ
1787147202862917276,PPS-GC,sender_signaling,pps_gc_sender_preparation,sender,523,false,32,2,recipient_bits=16;location_bytes=32,229,68,measured,ok,unavailable,rustc,nightly-2021-05-06,Release,JerryZ
1787147202864124317,PPS-GC,sender_signaling,message_encryption,sender,523,false,32,2,recipient_bits=16;location_bytes=32,-1,,not_applicable,not_applicable,unavailable,rustc,nightly-2021-05-06,Release,JerryZ
1787147202865468077,PPS-GC,sender_signaling,pps_gc_sender_total_signaling,sender,523,false,32,2,recipient_bits=16;location_bytes=32,10635,68,measured,ok,unavailable,rustc,nightly-2021-05-06,Release,JerryZ
1787147202867144280,PPS-GC,sender_signaling,pps_gc_share_generation,sender,524,false,32,2,recipient_bits=16;location_bytes=32,12554,68,measured,ok,unavailable,rustc,nightly-2021-05-06,Release,JerryZ
1787147202868408022,PPS-GC,sender_signaling,pps_gc_sender_preparation,sender,524,false,32,2,recipient_bits=16;location_bytes=32,578,68,measured,ok,unavailable,rustc,nightly-2021-05-06,Release,JerryZ
1787147202869735839,PPS-GC,sender_signaling,message_encryption,sender,524,false,32,2,recipient_bits=16;location_bytes=32,-1,,not_applicable,not_applicable,unavailable,rustc,nightly-2021-05-06,Release,JerryZ
1787147202870944671,PPS-GC,sender_signaling,pps_gc_sender_total_signaling,sender,524,false,32,2,recipient_bits=16;location_bytes=32,10506,68,measured,ok,unavailable,rustc,nightly-2021-05-06,Release,JerryZ
1787147202872041157,PPS-GC,sender_signaling,pps_gc_share_generation,sender,525,false,32,2,recipient_bits=16;location_bytes=32,9689,68,measured,ok,unavailable,rustc,nightly-2021-05-06,Release,JerryZ
1787147202873060887,PPS-GC,sender_signaling,pps_gc_sender_preparation,sender,525,false,32,2,recipient_bits=16;location_bytes=32,238,68,measured,ok,unavailable,rustc,nightly-2021-05-06,Release,JerryZ
1787147202874581563,PPS-GC,sender_signaling,message_encryption,sender,525,false,32,2,recipient_bits=16;location_bytes=32,-1,,not_applicable,not_applicable,unavailable,rustc,nightly-2021-05-06,Release,JerryZ
1787147202875760328,PPS-GC,sender_signaling,pps_gc_sender_total_signaling,sender,525,false,32,2,recipient_bits=16;location_bytes=32,22418,68,measured,ok,unavailable,rustc,nightly-2021-05-06,Release,JerryZ
1787147202877305139,PPS-GC,sender_signaling,pps_gc_share_generation,sender,526,false,32,2,recipient_bits=16;location_bytes=32,10222,68,measured,ok,unavailable,rustc,nightly-2021-05-06,Release,JerryZ
1787147202878438995,PPS-GC,sender_signaling,pps_gc_sender_preparation,sender,526,false,32,2,recipient_bits=16;location_bytes=32,257,68,measured,ok,unavailable,rustc,nightly-2021-05-06,Release,JerryZ
1787147202879823062,PPS-GC,sender_signaling,message_encryption,sender,526,false,32,2,recipient_bits=16;location_bytes=32,-1,,not_applicable,not_applicable,unavailable,rustc,nightly-2021-05-06,Release,JerryZ
1787147202881369848,PPS-GC,sender_signaling,pps_gc_sender_total_signaling,sender,526,false,32,2,recipient_bits=16;location_bytes=32,11057,68,measured,ok,unavailable,rustc,nightly-2021-05-06,Release,JerryZ
1787147202882587018,PPS-GC,sender_signaling,pps_gc_share_generation,sender,527,false,32,2,recipient_bits=16;location_bytes=32,9955,68,measured,ok,unavailable,rustc,nightly-2021-05-06,Release,JerryZ
1787147202883645402,PPS-GC,sender_signaling,pps_gc_sender_preparation,sender,527,false,32,2,recipient_bits=16;location_bytes=32,138,68,measured,ok,unavailable,rustc,nightly-2021-05-06,Release,JerryZ
1787147202884867440,PPS-GC,sender_signaling,message_encryption,sender,527,false,32,2,recipient_bits=16;location_bytes=32,-1,,not_applicable,not_applicable,unavailable,rustc,nightly-2021-05-06,Release,JerryZ
1787147202886361437,PPS-GC,sender_signaling,pps_gc_sender_total_signaling,sender,527,false,32,2,recipient_bits=16;location_bytes=32,10965,68,measured,ok,unavailable,rustc,nightly-2021-05-06,Release,JerryZ
1787147202887529925,PPS-GC,sender_signaling,pps_gc_share_generation,sender,528,false,32,2,recipient_bits=16;location_bytes=32,9652,68,measured,ok,unavailable,rustc,nightly-2021-05-06,Release,JerryZ
1787147202888588749,PPS-GC,sender_signaling,pps_gc_sender_preparation,sender,528,false,32,2,recipient_bits=16;location_bytes=32,367,68,measured,ok,unavailable,rustc,nightly-2021-05-06,Release,JerryZ
1787147202889885038,PPS-GC,sender_signaling,message_encryption,sender,528,false,32,2,recipient_bits=16;location_bytes=32,-1,,not_applicable,not_applicable,unavailable,rustc,nightly-2021-05-06,Release,JerryZ
1787147202891915147,PPS-GC,sender_signaling,pps_gc_sender_total_signaling,sender,528,false,32,2,recipient_bits=16;location_bytes=32,22060,68,measured,ok,unavailable,rustc,nightly-2021-05-06,Release,JerryZ
1787147202893367523,PPS-GC,sender_signaling,pps_gc_share_generation,sender,529,false,32,2,recipient_bits=16;location_bytes=32,9991,68,measured,ok,unavailable,rustc,nightly-2021-05-06,Release,JerryZ
1787147202894629653,PPS-GC,sender_signaling,pps_gc_sender_preparation,sender,529,false,32,2,recipient_bits=16;location_bytes=32,312,68,measured,ok,unavailable,rustc,nightly-2021-05-06,Release,JerryZ
1787147202896206520,PPS-GC,sender_signaling,message_encryption,sender,529,false,32,2,recipient_bits=16;location_bytes=32,-1,,not_applicable,not_applicable,unavailable,rustc,nightly-2021-05-06,Release,JerryZ
1787147202897527293,PPS-GC,sender_signaling,pps_gc_sender_total_signaling,sender,529,false,32,2,recipient_bits=16;location_bytes=32,10773,68,measured,ok,unavailable,rustc,nightly-2021-05-06,Release,JerryZ
1787147202898997917,PPS-GC,sender_signaling,pps_gc_share_generation,sender,530,false,32,2,recipient_bits=16;location_bytes=32,9918,68,measured,ok,unavailable,rustc,nightly-2021-05-06,Release,JerryZ
1787147202900443769,PPS-GC,sender_signaling,pps_gc_sender_preparation,sender,530,false,32,2,recipient_bits=16;location_bytes=32,322,68,measured,ok,unavailable,rustc,nightly-2021-05-06,Release,JerryZ
1787147202901709700,PPS-GC,sender_signaling,message_encryption,sender,530,false,32,2,recipient_bits=16;location_bytes=32,-1,,not_applicable,not_applicable,unavailable,rustc,nightly-2021-05-06,Release,JerryZ
1787147202902870877,PPS-GC,sender_signaling,pps_gc_sender_total_signaling,sender,530,false,32,2,recipient_bits=16;location_bytes=32,10479,68,measured,ok,unavailable,rustc,nightly-2021-05-06,Release,JerryZ
1787147202903938637,PPS-GC,sender_signaling,pps_gc_share_generation,sender,531,false,32,2,recipient_bits=16;location_bytes=32,9836,68,measured,ok,unavailable,rustc,nightly-2021-05-06,Release,JerryZ
1787147202905031772,PPS-GC,sender_signaling,pps_gc_sender_preparation,sender,531,false,32,2,recipient_bits=16;location_bytes=32,321,68,measured,ok,unavailable,rustc,nightly-2021-05-06,Release,JerryZ
1787147202906352917,PPS-GC,sender_signaling,message_encryption,sender,531,false,32,2,recipient_bits=16;location_bytes=32,-1,,not_applicable,not_applicable,unavailable,rustc,nightly-2021-05-06,Release,JerryZ
1787147202907971046,PPS-GC,sender_signaling,pps_gc_sender_total_signaling,sender,531,false,32,2,recipient_bits=16;location_bytes=32,11112,68,measured,ok,unavailable,rustc,nightly-2021-05-06,Release,JerryZ
1787147202909209239,PPS-GC,sender_signaling,pps_gc_share_generation,sender,532,false,32,2,recipient_bits=16;location_bytes=32,10561,68,measured,ok,unavailable,rustc,nightly-2021-05-06,Release,JerryZ
1787147202910611775,PPS-GC,sender_signaling,pps_gc_sender_preparation,sender,532,false,32,2,recipient_bits=16;location_bytes=32,404,68,measured,ok,unavailable,rustc,nightly-2021-05-06,Release,JerryZ
1787147202912191374,PPS-GC,sender_signaling,message_encryption,sender,532,false,32,2,recipient_bits=16;location_bytes=32,-1,,not_applicable,not_applicable,unavailable,rustc,nightly-2021-05-06,Release,JerryZ
1787147202913432303,PPS-GC,sender_signaling,pps_gc_sender_total_signaling,sender,532,false,32,2,recipient_bits=16;location_bytes=32,11057,68,measured,ok,unavailable,rustc,nightly-2021-05-06,Release,JerryZ
1787147202914868415,PPS-GC,sender_signaling,pps_gc_share_generation,sender,533,false,32,2,recipient_bits=16;location_bytes=32,21756,68,measured,ok,unavailable,rustc,nightly-2021-05-06,Release,JerryZ
1787147202916293074,PPS-GC,sender_signaling,pps_gc_sender_preparation,sender,533,false,32,2,recipient_bits=16;location_bytes=32,413,68,measured,ok,unavailable,rustc,nightly-2021-05-06,Release,JerryZ
1787147202917496433,PPS-GC,sender_signaling,message_encryption,sender,533,false,32,2,recipient_bits=16;location_bytes=32,-1,,not_applicable,not_applicable,unavailable,rustc,nightly-2021-05-06,Release,JerryZ
1787147202918676713,PPS-GC,sender_signaling,pps_gc_sender_total_signaling,sender,533,false,32,2,recipient_bits=16;location_bytes=32,10387,68,measured,ok,unavailable,rustc,nightly-2021-05-06,Release,JerryZ
1787147202920389505,PPS-GC,sender_signaling,pps_gc_share_generation,sender,534,false,32,2,recipient_bits=16;location_bytes=32,11039,68,measured,ok,unavailable,rustc,nightly-2021-05-06,Release,JerryZ
1787147202921839444,PPS-GC,sender_signaling,pps_gc_sender_preparation,sender,534,false,32,2,recipient_bits=16;location_bytes=32,175,68,measured,ok,unavailable,rustc,nightly-2021-05-06,Release,JerryZ
1787147202923671417,PPS-GC,sender_signaling,message_encryption,sender,534,false,32,2,recipient_bits=16;location_bytes=32,-1,,not_applicable,not_applicable,unavailable,rustc,nightly-2021-05-06,Release,JerryZ
1787147202925163329,PPS-GC,sender_signaling,pps_gc_sender_total_signaling,sender,534,false,32,2,recipient_bits=16;location_bytes=32,11902,68,measured,ok,unavailable,rustc,nightly-2021-05-06,Release,JerryZ
1787147202926419348,PPS-GC,sender_signaling,pps_gc_share_generation,sender,535,false,32,2,recipient_bits=16;location_bytes=32,10222,68,measured,ok,unavailable,rustc,nightly-2021-05-06,Release,JerryZ
1787147202927947839,PPS-GC,sender_signaling,pps_gc_sender_preparation,sender,535,false,32,2,recipient_bits=16;location_bytes=32,202,68,measured,ok,unavailable,rustc,nightly-2021-05-06,Release,JerryZ
1787147202929169859,PPS-GC,sender_signaling,message_encryption,sender,535,false,32,2,recipient_bits=16;location_bytes=32,-1,,not_applicable,not_applicable,unavailable,rustc,nightly-2021-05-06,Release,JerryZ
1787147202930413166,PPS-GC,sender_signaling,pps_gc_sender_total_signaling,sender,535,false,32,2,recipient_bits=16;location_bytes=32,10846,68,measured,ok,unavailable,rustc,nightly-2021-05-06,Release,JerryZ
1787147202931680435,PPS-GC,sender_signaling,pps_gc_share_generation,sender,536,false,32,2,recipient_bits=16;location_bytes=32,10084,68,measured,ok,unavailable,rustc,nightly-2021-05-06,Release,JerryZ
1787147202933087002,PPS-GC,sender_signaling,pps_gc_sender_preparation,sender,536,false,32,2,recipient_bits=16;location_bytes=32,330,68,measured,ok,unavailable,rustc,nightly-2021-05-06,Release,JerryZ
1787147202934200709,PPS-GC,sender_signaling,message_encryption,sender,536,false,32,2,recipient_bits=16;location_bytes=32,-1,,not_applicable,not_applicable,unavailable,rustc,nightly-2021-05-06,Release,JerryZ
1787147202935276560,PPS-GC,sender_signaling,pps_gc_sender_total_signaling,sender,536,false,32,2,recipient_bits=16;location_bytes=32,9955,68,measured,ok,unavailable,rustc,nightly-2021-05-06,Release,JerryZ
1787147202936418240,PPS-GC,sender_signaling,pps_gc_share_generation,sender,537,false,32,2,recipient_bits=16;location_bytes=32,21720,68,measured,ok,unavailable,rustc,nightly-2021-05-06,Release,JerryZ
1787147202938106823,PPS-GC,sender_signaling,pps_gc_sender_preparation,sender,537,false,32,2,recipient_bits=16;location_bytes=32,349,68,measured,ok,unavailable,rustc,nightly-2021-05-06,Release,JerryZ
1787147202939842399,PPS-GC,sender_signaling,message_encryption,sender,537,false,32,2,recipient_bits=16;location_bytes=32,-1,,not_applicable,not_applicable,unavailable,rustc,nightly-2021-05-06,Release,JerryZ
1787147202941052590,PPS-GC,sender_signaling,pps_gc_sender_total_signaling,sender,537,false,32,2,recipient_bits=16;location_bytes=32,22739,68,measured,ok,unavailable,rustc,nightly-2021-05-06,Release,JerryZ
1787147202942591211,PPS-GC,sender_signaling,pps_gc_share_generation,sender,538,false,32,2,recipient_bits=16;location_bytes=32,10552,68,measured,ok,unavailable,rustc,nightly-2021-05-06,Release,JerryZ
1787147202943767762,PPS-GC,sender_signaling,pps_gc_sender_preparation,sender,538,false,32,2,recipient_bits=16;location_bytes=32,367,68,measured,ok,unavailable,rustc,nightly-2021-05-06,Release,JerryZ
1787147202945288465,PPS-GC,sender_signaling,message_encryption,sender,538,false,32,2,recipient_bits=16;location_bytes=32,-1,,not_applicable,not_applicable,unavailable,rustc,nightly-2021-05-06,Release,JerryZ
1787147202946709497,PPS-GC,sender_signaling,pps_gc_sender_total_signaling,sender,538,false,32,2,recipient_bits=16;location_bytes=32,11645,68,measured,ok,unavailable,rustc,nightly-2021-05-06,Release,JerryZ
1787147202948014355,PPS-GC,sender_signaling,pps_gc_share_generation,sender,539,false,32,2,recipient_bits=16;location_bytes=32,10176,68,measured,ok,unavailable,rustc,nightly-2021-05-06,Release,JerryZ
1787147202949548430,PPS-GC,sender_signaling,pps_gc_sender_preparation,sender,539,false,32,2,recipient_bits=16;location_bytes=32,468,68,measured,ok,unavailable,rustc,nightly-2021-05-06,Release,JerryZ
1787147202950792849,PPS-GC,sender_signaling,message_encryption,sender,539,false,32,2,recipient_bits=16;location_bytes=32,-1,,not_applicable,not_applicable,unavailable,rustc,nightly-2021-05-06,Release,JerryZ
1787147202951979915,PPS-GC,sender_signaling,pps_gc_sender_total_signaling,sender,539,false,32,2,recipient_bits=16;location_bytes=32,10598,68,measured,ok,unavailable,rustc,nightly-2021-05-06,Release,JerryZ
1787147202953489598,PPS-GC,sender_signaling,pps_gc_share_generation,sender,540,false,32,2,recipient_bits=16;location_bytes=32,22151,68,measured,ok,unavailable,rustc,nightly-2021-05-06,Release,JerryZ
1787147202954927014,PPS-GC,sender_signaling,pps_gc_sender_preparation,sender,540,false,32,2,recipient_bits=16;location_bytes=32,873,68,measured,ok,unavailable,rustc,nightly-2021-05-06,Release,JerryZ
1787147202956405435,PPS-GC,sender_signaling,message_encryption,sender,540,false,32,2,recipient_bits=16;location_bytes=32,-1,,not_applicable,not_applicable,unavailable,rustc,nightly-2021-05-06,Release,JerryZ
1787147202958243530,PPS-GC,sender_signaling,pps_gc_sender_total_signaling,sender,540,false,32,2,recipient_bits=16;location_bytes=32,22813,68,measured,ok,unavailable,rustc,nightly-2021-05-06,Release,JerryZ
1787147202959641511,PPS-GC,sender_signaling,pps_gc_share_generation,sender,541,false,32,2,recipient_bits=16;location_bytes=32,10065,68,measured,ok,unavailable,rustc,nightly-2021-05-06,Release,JerryZ
1787147202960834896,PPS-GC,sender_signaling,pps_gc_sender_preparation,sender,541,false,32,2,recipient_bits=16;location_bytes=32,220,68,measured,ok,unavailable,rustc,nightly-2021-05-06,Release,JerryZ
1787147202962133793,PPS-GC,sender_signaling,message_encryption,sender,541,false,32,2,recipient_bits=16;location_bytes=32,-1,,not_applicable,not_applicable,unavailable,rustc,nightly-2021-05-06,Release,JerryZ
1787147202963413661,PPS-GC,sender_signaling,pps_gc_sender_total_signaling,sender,541,false,32,2,recipient_bits=16;location_bytes=32,11122,68,measured,ok,unavailable,rustc,nightly-2021-05-06,Release,JerryZ
1787147202964775825,PPS-GC,sender_signaling,pps_gc_share_generation,sender,542,false,32,2,recipient_bits=16;location_bytes=32,13582,68,measured,ok,unavailable,rustc,nightly-2021-05-06,Release,JerryZ
1787147202965939460,PPS-GC,sender_signaling,pps_gc_sender_preparation,sender,542,false,32,2,recipient_bits=16;location_bytes=32,138,68,measured,ok,unavailable,rustc,nightly-2021-05-06,Release,JerryZ
1787147202967031378,PPS-GC,sender_signaling,message_encryption,sender,542,false,32,2,recipient_bits=16;location_bytes=32,-1,,not_applicable,not_applicable,unavailable,rustc,nightly-2021-05-06,Release,JerryZ
1787147202968224396,PPS-GC,sender_signaling,pps_gc_sender_total_signaling,sender,542,false,32,2,recipient_bits=16;location_bytes=32,10553,68,measured,ok,unavailable,rustc,nightly-2021-05-06,Release,JerryZ
1787147202969757489,PPS-GC,sender_signaling,pps_gc_share_generation,sender,543,false,32,2,recipient_bits=16;location_bytes=32,12950,68,measured,ok,unavailable,rustc,nightly-2021-05-06,Release,JerryZ
1787147202970933590,PPS-GC,sender_signaling,pps_gc_sender_preparation,sender,543,false,32,2,recipient_bits=16;location_bytes=32,1176,68,measured,ok,unavailable,rustc,nightly-2021-05-06,Release,JerryZ
1787147202972207617,PPS-GC,sender_signaling,message_encryption,sender,543,false,32,2,recipient_bits=16;location_bytes=32,-1,,not_applicable,not_applicable,unavailable,rustc,nightly-2021-05-06,Release,JerryZ
1787147202973611053,PPS-GC,sender_signaling,pps_gc_sender_total_signaling,sender,543,false,32,2,recipient_bits=16;location_bytes=32,30610,68,measured,ok,unavailable,rustc,nightly-2021-05-06,Release,JerryZ
1787147202975064871,PPS-GC,sender_signaling,pps_gc_share_generation,sender,544,false,32,2,recipient_bits=16;location_bytes=32,9689,68,measured,ok,unavailable,rustc,nightly-2021-05-06,Release,JerryZ
1787147202976295175,PPS-GC,sender_signaling,pps_gc_sender_preparation,sender,544,false,32,2,recipient_bits=16;location_bytes=32,147,68,measured,ok,unavailable,rustc,nightly-2021-05-06,Release,JerryZ
1787147202977500370,PPS-GC,sender_signaling,message_encryption,sender,544,false,32,2,recipient_bits=16;location_bytes=32,-1,,not_applicable,not_applicable,unavailable,rustc,nightly-2021-05-06,Release,JerryZ
1787147202979123592,PPS-GC,sender_signaling,pps_gc_sender_total_signaling,sender,544,false,32,2,recipient_bits=16;location_bytes=32,23455,68,measured,ok,unavailable,rustc,nightly-2021-05-06,Release,JerryZ
1787147202980591452,PPS-GC,sender_signaling,pps_gc_share_generation,sender,545,false,32,2,recipient_bits=16;location_bytes=32,10304,68,measured,ok,unavailable,rustc,nightly-2021-05-06,Release,JerryZ
1787147202981732903,PPS-GC,sender_signaling,pps_gc_sender_preparation,sender,545,false,32,2,recipient_bits=16;location_bytes=32,496,68,measured,ok,unavailable,rustc,nightly-2021-05-06,Release,JerryZ
1787147202982936334,PPS-GC,sender_signaling,message_encryption,sender,545,false,32,2,recipient_bits=16;location_bytes=32,-1,,not_applicable,not_applicable,unavailable,rustc,nightly-2021-05-06,Release,JerryZ
1787147202984262820,PPS-GC,sender_signaling,pps_gc_sender_total_signaling,sender,545,false,32,2,recipient_bits=16;location_bytes=32,22270,68,measured,ok,unavailable,rustc,nightly-2021-05-06,Release,JerryZ
1787147202985855303,PPS-GC,sender_signaling,pps_gc_share_generation,sender,546,false,32,2,recipient_bits=16;location_bytes=32,11039,68,measured,ok,unavailable,rustc,nightly-2021-05-06,Release,JerryZ
1787147202987566304,PPS-GC,sender_signaling,pps_gc_sender_preparation,sender,546,false,32,2,recipient_bits=16;location_bytes=32,266,68,measured,ok,unavailable,rustc,nightly-2021-05-06,Release,JerryZ
1787147202989133936,PPS-GC,sender_signaling,message_encryption,sender,546,false,32,2,recipient_bits=16;location_bytes=32,-1,,not_applicable,not_applicable,unavailable,rustc,nightly-2021-05-06,Release,JerryZ
1787147202990351419,PPS-GC,sender_signaling,pps_gc_sender_total_signaling,sender,546,false,32,2,recipient_bits=16;location_bytes=32,11057,68,measured,ok,unavailable,rustc,nightly-2021-05-06,Release,JerryZ
1787147202991638984,PPS-GC,sender_signaling,pps_gc_share_generation,sender,547,false,32,2,recipient_bits=16;location_bytes=32,10635,68,measured,ok,unavailable,rustc,nightly-2021-05-06,Release,JerryZ
1787147202992783892,PPS-GC,sender_signaling,pps_gc_sender_preparation,sender,547,false,32,2,recipient_bits=16;location_bytes=32,377,68,measured,ok,unavailable,rustc,nightly-2021-05-06,Release,JerryZ
1787147202994212726,PPS-GC,sender_signaling,message_encryption,sender,547,false,32,2,recipient_bits=16;location_bytes=32,-1,,not_applicable,not_applicable,unavailable,rustc,nightly-2021-05-06,Release,JerryZ
1787147202995272771,PPS-GC,sender_signaling,pps_gc_sender_total_signaling,sender,547,false,32,2,recipient_bits=16;location_bytes=32,10276,68,measured,ok,unavailable,rustc,nightly-2021-05-06,Release,JerryZ
1787147202996320070,PPS-GC,sender_signaling,pps_gc_share_generation,sender,548,false,32,2,recipient_bits=16;location_bytes=32,9597,68,measured,ok,unavailable,rustc,nightly-2021-05-06,Release,JerryZ
1787147202997428064,PPS-GC,sender_signaling,pps_gc_sender_preparation,sender,548,false,32,2,recipient_bits=16;location_bytes=32,138,68,measured,ok,unavailable,rustc,nightly-2021-05-06,Release,JerryZ
1787147202999111632,PPS-GC,sender_signaling,message_encryption,sender,548,false,32,2,recipient_bits=16;location_bytes=32,-1,,not_applicable,not_applicable,unavailable,rustc,nightly-2021-05-06,Release,JerryZ
1787147203000250759,PPS-GC,sender_signaling,pps_gc_sender_total_signaling,sender,548,false,32,2,recipient_bits=16;location_bytes=32,10460,68,measured,ok,unavailable,rustc,nightly-2021-05-06,Release,JerryZ
1787147203001461988,PPS-GC,sender_signaling,pps_gc_share_generation,sender,549,false,32,2,recipient_bits=16;location_bytes=32,13665,68,measured,ok,unavailable,rustc,nightly-2021-05-06,Release,JerryZ
1787147203003379174,PPS-GC,sender_signaling,pps_gc_sender_preparation,sender,549,false,32,2,recipient_bits=16;location_bytes=32,478,68,measured,ok,unavailable,rustc,nightly-2021-05-06,Release,JerryZ
1787147203004659125,PPS-GC,sender_signaling,message_encryption,sender,549,false,32,2,recipient_bits=16;location_bytes=32,-1,,not_applicable,not_applicable,unavailable,rustc,nightly-2021-05-06,Release,JerryZ
1787147203005749844,PPS-GC,sender_signaling,pps_gc_sender_total_signaling,sender,549,false,32,2,recipient_bits=16;location_bytes=32,10534,68,measured,ok,unavailable,rustc,nightly-2021-05-06,Release,JerryZ
1787147203007010647,PPS-GC,sender_signaling,pps_gc_share_generation,sender,550,false,32,2,recipient_bits=16;location_bytes=32,10047,68,measured,ok,unavailable,rustc,nightly-2021-05-06,Release,JerryZ
1787147203008169133,PPS-GC,sender_signaling,pps_gc_sender_preparation,sender,550,false,32,2,recipient_bits=16;location_bytes=32,477,68,measured,ok,unavailable,rustc,nightly-2021-05-06,Release,JerryZ
1787147203009221116,PPS-GC,sender_signaling,message_encryption,sender,550,false,32,2,recipient_bits=16;location_bytes=32,-1,,not_applicable,not_applicable,unavailable,rustc,nightly-2021-05-06,Release,JerryZ
1787147203010844972,PPS-GC,sender_signaling,pps_gc_sender_total_signaling,sender,550,false,32,2,recipient_bits=16;location_bytes=32,10405,68,measured,ok,unavailable,rustc,nightly-2021-05-06,Release,JerryZ
1787147203012068003,PPS-GC,sender_signaling,pps_gc_share_generation,sender,551,false,32,2,recipient_bits=16;location_bytes=32,21637,68,measured,ok,unavailable,rustc,nightly-2021-05-06,Release,JerryZ
1787147203013743477,PPS-GC,sender_signaling,pps_gc_sender_preparation,sender,551,false,32,2,recipient_bits=16;location_bytes=32,386,68,measured,ok,unavailable,rustc,nightly-2021-05-06,Release,JerryZ
1787147203014931199,PPS-GC,sender_signaling,message_encryption,sender,551,false,32,2,recipient_bits=16;location_bytes=32,-1,,not_applicable,not_applicable,unavailable,rustc,nightly-2021-05-06,Release,JerryZ
1787147203016319932,PPS-GC,sender_signaling,pps_gc_sender_total_signaling,sender,551,false,32,2,recipient_bits=16;location_bytes=32,27597,68,measured,ok,unavailable,rustc,nightly-2021-05-06,Release,JerryZ
1787147203018633190,PPS-GC,sender_signaling,pps_gc_share_generation,sender,552,false,32,2,recipient_bits=16;location_bytes=32,24208,68,measured,ok,unavailable,rustc,nightly-2021-05-06,Release,JerryZ
1787147203020373082,PPS-GC,sender_signaling,pps_gc_sender_preparation,sender,552,false,32,2,recipient_bits=16;location_bytes=32,753,68,measured,ok,unavailable,rustc,nightly-2021-05-06,Release,JerryZ
1787147203021726389,PPS-GC,sender_signaling,message_encryption,sender,552,false,32,2,recipient_bits=16;location_bytes=32,-1,,not_applicable,not_applicable,unavailable,rustc,nightly-2021-05-06,Release,JerryZ
1787147203022959567,PPS-GC,sender_signaling,pps_gc_sender_total_signaling,sender,552,false,32,2,recipient_bits=16;location_bytes=32,11526,68,measured,ok,unavailable,rustc,nightly-2021-05-06,Release,JerryZ
1787147203024533555,PPS-GC,sender_signaling,pps_gc_share_generation,sender,553,false,32,2,recipient_bits=16;location_bytes=32,9725,68,measured,ok,unavailable,rustc,nightly-2021-05-06,Release,JerryZ
1787147203025646219,PPS-GC,sender_signaling,pps_gc_sender_preparation,sender,553,false,32,2,recipient_bits=16;location_bytes=32,147,68,measured,ok,unavailable,rustc,nightly-2021-05-06,Release,JerryZ
1787147203026745888,PPS-GC,sender_signaling,message_encryption,sender,553,false,32,2,recipient_bits=16;location_bytes=32,-1,,not_applicable,not_applicable,unavailable,rustc,nightly-2021-05-06,Release,JerryZ
1787147203027960524,PPS-GC,sender_signaling,pps_gc_sender_total_signaling,sender,553,false,32,2,recipient_bits=16;location_bytes=32,22169,68,measured,ok,unavailable,rustc,nightly-2021-05-06,Release,JerryZ
1787147203029470574,PPS-GC,sender_signaling,pps_gc_share_generation,sender,554,false,32,2,recipient_bits=16;location_bytes=32,10102,68,measured,ok,unavailable,rustc,nightly-2021-05-06,Release,JerryZ
1787147203030931537,PPS-GC,sender_signaling,pps_gc_sender_preparation,sender,554,false,32,2,recipient_bits=16;location_bytes=32,211,68,measured,ok,unavailable,rustc,nightly-2021-05-06,Release,JerryZ
1787147203032289872,PPS-GC,sender_signaling,message_encryption,sender,554,false,32,2,recipient_bits=16;location_bytes=32,-1,,not_applicable,not_applicable,unavailable,rustc,nightly-2021-05-06,Release,JerryZ
1787147203034367111,PPS-GC,sender_signaling,pps_gc_sender_total_signaling,sender,554,false,32,2,recipient_bits=16;location_bytes=32,11480,68,measured,ok,unavailable,rustc,nightly-2021-05-06,Release,JerryZ
1787147203035518306,PPS-GC,sender_signaling,pps_gc_share_generation,sender,555,false,32,2,recipient_bits=16;location_bytes=32,9744,68,measured,ok,unavailable,rustc,nightly-2021-05-06,Release,JerryZ
1787147203036928933,PPS-GC,sender_signaling,pps_gc_sender_preparation,sender,555,false,32,2,recipient_bits=16;location_bytes=32,147,68,measured,ok,unavailable,rustc,nightly-2021-05-06,Release,JerryZ
1787147203038641614,PPS-GC,sender_signaling,message_encryption,sender,555,false,32,2,recipient_bits=16;location_bytes=32,-1,,not_applicable,not_applicable,unavailable,rustc,nightly-2021-05-06,Release,JerryZ
1787147203040053802,PPS-GC,sender_signaling,pps_gc_sender_total_signaling,sender,555,false,32,2,recipient_bits=16;location_bytes=32,10570,68,measured,ok,unavailable,rustc,nightly-2021-05-06,Release,JerryZ
1787147203041383299,PPS-GC,sender_signaling,pps_gc_share_generation,sender,556,false,32,2,recipient_bits=16;location_bytes=32,21802,68,measured,ok,unavailable,rustc,nightly-2021-05-06,Release,JerryZ
1787147203042645416,PPS-GC,sender_signaling,pps_gc_sender_preparation,sender,556,false,32,2,recipient_bits=16;location_bytes=32,285,68,measured,ok,unavailable,rustc,nightly-2021-05-06,Release,JerryZ
1787147203043742058,PPS-GC,sender_signaling,message_encryption,sender,556,false,32,2,recipient_bits=16;location_bytes=32,-1,,not_applicable,not_applicable,unavailable,rustc,nightly-2021-05-06,Release,JerryZ
1787147203045041360,PPS-GC,sender_signaling,pps_gc_sender_total_signaling,sender,556,false,32,2,recipient_bits=16;location_bytes=32,20030,68,measured,ok,unavailable,rustc,nightly-2021-05-06,Release,JerryZ
1787147203046306442,PPS-GC,sender_signaling,pps_gc_share_generation,sender,557,false,32,2,recipient_bits=16;location_bytes=32,9835,68,measured,ok,unavailable,rustc,nightly-2021-05-06,Release,JerryZ
1787147203048475024,PPS-GC,sender_signaling,pps_gc_sender_preparation,sender,557,false,32,2,recipient_bits=16;location_bytes=32,211,68,measured,ok,unavailable,rustc,nightly-2021-05-06,Release,JerryZ
1787147203050131124,PPS-GC,sender_signaling,message_encryption,sender,557,false,32,2,recipient_bits=16;location_bytes=32,-1,,not_applicable,not_applicable,unavailable,rustc,nightly-2021-05-06,Release,JerryZ
1787147203051474672,PPS-GC,sender_signaling,pps_gc_sender_total_signaling,sender,557,false,32,2,recipient_bits=16;location_bytes=32,10984,68,measured,ok,unavailable,rustc,nightly-2021-05-06,Release,JerryZ
1787147203052715206,PPS-GC,sender_signaling,pps_gc_share_generation,sender,558,false,32,2,recipient_bits=16;location_bytes=32,10203,68,measured,ok,unavailable,rustc,nightly-2021-05-06,Release,JerryZ
1787147203054110028,PPS-GC,sender_signaling,pps_gc_sender_preparation,sender,558,false,32,2,recipient_bits=16;location_bytes=32,395,68,measured,ok,unavailable,rustc,nightly-2021-05-06,Release,JerryZ
1787147203055838276,PPS-GC,sender_signaling,message_encryption,sender,558,false,32,2,recipient_bits=16;location_bytes=32,-1,,not_applicable,not_applicable,unavailable,rustc,nightly-2021-05-06,Release,JerryZ
1787147203057112542,PPS-GC,sender_signaling,pps_gc_sender_total_signaling,sender,558,false,32,2,recipient_bits=16;location_bytes=32,10754,68,measured,ok,unavailable,rustc,nightly-2021-05-06,Release,JerryZ
1787147203058297019,PPS-GC,sender_signaling,pps_gc_share_generation,sender,559,false,32,2,recipient_bits=16;location_bytes=32,9670,68,measured,ok,unavailable,rustc,nightly-2021-05-06,Release,JerryZ
1787147203059954938,PPS-GC,sender_signaling,pps_gc_sender_preparation,sender,559,false,32,2,recipient_bits=16;location_bytes=32,220,68,measured,ok,unavailable,rustc,nightly-2021-05-06,Release,JerryZ
1787147203061081897,PPS-GC,sender_signaling,message_encryption,sender,559,false,32,2,recipient_bits=16;location_bytes=32,-1,,not_applicable,not_applicable,unavailable,rustc,nightly-2021-05-06,Release,JerryZ
1787147203062373043,PPS-GC,sender_signaling,pps_gc_sender_total_signaling,sender,559,false,32,2,recipient_bits=16;location_bytes=32,10956,68,measured,ok,unavailable,rustc,nightly-2021-05-06,Release,JerryZ
1787147203063697306,PPS-GC,sender_signaling,pps_gc_share_generation,sender,560,false,32,2,recipient_bits=16;location_bytes=32,10221,68,measured,ok,unavailable,rustc,nightly-2021-05-06,Release,JerryZ
1787147203064900361,PPS-GC,sender_signaling,pps_gc_sender_preparation,sender,560,false,32,2,recipient_bits=16;location_bytes=32,146,68,measured,ok,unavailable,rustc,nightly-2021-05-06,Release,JerryZ
1787147203066120709,PPS-GC,sender_signaling,message_encryption,sender,560,false,32,2,recipient_bits=16;location_bytes=32,-1,,not_applicable,not_applicable,unavailable,rustc,nightly-2021-05-06,Release,JerryZ
1787147203067767920,PPS-GC,sender_signaling,pps_gc_sender_total_signaling,sender,560,false,32,2,recipient_bits=16;location_bytes=32,10589,68,measured,ok,unavailable,rustc,nightly-2021-05-06,Release,JerryZ
1787147203068968679,PPS-GC,sender_signaling,pps_gc_share_generation,sender,561,false,32,2,recipient_bits=16;location_bytes=32,9753,68,measured,ok,unavailable,rustc,nightly-2021-05-06,Release,JerryZ
1787147203070219407,PPS-GC,sender_signaling,pps_gc_sender_preparation,sender,561,false,32,2,recipient_bits=16;location_bytes=32,147,68,measured,ok,unavailable,rustc,nightly-2021-05-06,Release,JerryZ
1787147203071324729,PPS-GC,sender_signaling,message_encryption,sender,561,false,32,2,recipient_bits=16;location_bytes=32,-1,,not_applicable,not_applicable,unavailable,rustc,nightly-2021-05-06,Release,JerryZ
1787147203072427203,PPS-GC,sender_signaling,pps_gc_sender_total_signaling,sender,561,false,32,2,recipient_bits=16;location_bytes=32,11002,68,measured,ok,unavailable,rustc,nightly-2021-05-06,Release,JerryZ
1787147203073858604,PPS-GC,sender_signaling,pps_gc_share_generation,sender,562,false,32,2,recipient_bits=16;location_bytes=32,9652,68,measured,ok,unavailable,rustc,nightly-2021-05-06,Release,JerryZ
1787147203075048214,PPS-GC,sender_signaling,pps_gc_sender_preparation,sender,562,false,32,2,recipient_bits=16;location_bytes=32,294,68,measured,ok,unavailable,rustc,nightly-2021-05-06,Release,JerryZ
1787147203076265798,PPS-GC,sender_signaling,message_encryption,sender,562,false,32,2,recipient_bits=16;location_bytes=32,-1,,not_applicable,not_applicable,unavailable,rustc,nightly-2021-05-06,Release,JerryZ
1787147203077649939,PPS-GC,sender_signaling,pps_gc_sender_total_signaling,sender,562,false,32,2,recipient_bits=16;location_bytes=32,13216,68,measured,ok,unavailable,rustc,nightly-2021-05-06,Release,JerryZ
1787147203079148436,PPS-GC,sender_signaling,pps_gc_share_generation,sender,563,false,32,2,recipient_bits=16;location_bytes=32,10497,68,measured,ok,unavailable,rustc,nightly-2021-05-06,Release,JerryZ
1787147203080644261,PPS-GC,sender_signaling,pps_gc_sender_preparation,sender,563,false,32,2,recipient_bits=16;location_bytes=32,303,68,measured,ok,unavailable,rustc,nightly-2021-05-06,Release,JerryZ
1787147203081994605,PPS-GC,sender_signaling,message_encryption,sender,563,false,32,2,recipient_bits=16;location_bytes=32,-1,,not_applicable,not_applicable,unavailable,rustc,nightly-2021-05-06,Release,JerryZ
1787147203083141828,PPS-GC,sender_signaling,pps_gc_sender_total_signaling,sender,563,false,32,2,recipient_bits=16;location_bytes=32,10561,68,measured,ok,unavailable,rustc,nightly-2021-05-06,Release,JerryZ
1787147203084454000,PPS-GC,sender_signaling,pps_gc_share_generation,sender,564,false,32,2,recipient_bits=16;location_bytes=32,9716,68,measured,ok,unavailable,rustc,nightly-2021-05-06,Release,JerryZ
1787147203085691008,PPS-GC,sender_signaling,pps_gc_sender_preparation,sender,564,false,32,2,recipient_bits=16;location_bytes=32,138,68,measured,ok,unavailable,rustc,nightly-2021-05-06,Release,JerryZ
1787147203086890142,PPS-GC,sender_signaling,message_encryption,sender,564,false,32,2,recipient_bits=16;location_bytes=32,-1,,not_applicable,not_applicable,unavailable,rustc,nightly-2021-05-06,Release,JerryZ
1787147203088009680,PPS-GC,sender_signaling,pps_gc_sender_total_signaling,sender,564,false,32,2,recipient_bits=16;location_bytes=32,10268,68,measured,ok,unavailable,rustc,nightly-2021-05-06,Release,JerryZ
1787147203089626106,PPS-GC,sender_signaling,pps_gc_share_generation,sender,565,false,32,2,recipient_bits=16;location_bytes=32,11379,68,measured,ok,unavailable,rustc,nightly-2021-05-06,Release,JerryZ
1787147203091089209,PPS-GC,sender_signaling,pps_gc_sender_preparation,sender,565,false,32,2,recipient_bits=16;location_bytes=32,349,68,measured,ok,unavailable,rustc,nightly-2021-05-06,Release,JerryZ
1787147203092518515,PPS-GC,sender_signaling,message_encryption,sender,565,false,32,2,recipient_bits=16;location_bytes=32,-1,,not_applicable,not_applicable,unavailable,rustc,nightly-2021-05-06,Release,JerryZ
1787147203093860879,PPS-GC,sender_signaling,pps_gc_sender_total_signaling,sender,565,false,32,2,recipient_bits=16;location_bytes=32,12830,68,measured,ok,unavailable,rustc,nightly-2021-05-06,Release,JerryZ
1787147203095204557,PPS-GC,sender_signaling,pps_gc_share_generation,sender,566,false,32,2,recipient_bits=16;location_bytes=32,10479,68,measured,ok,unavailable,rustc,nightly-2021-05-06,Release,JerryZ
1787147203096431820,PPS-GC,sender_signaling,pps_gc_sender_preparation,sender,566,false,32,2,recipient_bits=16;location_bytes=32,221,68,measured,ok,unavailable,rustc,nightly-2021-05-06,Release,JerryZ
1787147203097849702,PPS-GC,sender_signaling,message_encryption,sender,566,false,32,2,recipient_bits=16;location_bytes=32,-1,,not_applicable,not_applicable,unavailable,rustc,nightly-2021-05-06,Release,JerryZ
1787147203099061836,PPS-GC,sender_signaling,pps_gc_sender_total_signaling,sender,566,false,32,2,recipient_bits=16;location_bytes=32,11663,68,measured,ok,unavailable,rustc,nightly-2021-05-06,Release,JerryZ
1787147203100166087,PPS-GC,sender_signaling,pps_gc_share_generation,sender,567,false,32,2,recipient_bits=16;location_bytes=32,9662,68,measured,ok,unavailable,rustc,nightly-2021-05-06,Release,JerryZ
1787147203101219814,PPS-GC,sender_signaling,pps_gc_sender_preparation,sender,567,false,32,2,recipient_bits=16;location_bytes=32,137,68,measured,ok,unavailable,rustc,nightly-2021-05-06,Release,JerryZ
1787147203102370201,PPS-GC,sender_signaling,message_encryption,sender,567,false,32,2,recipient_bits=16;location_bytes=32,-1,,not_applicable,not_applicable,unavailable,rustc,nightly-2021-05-06,Release,JerryZ
1787147203103773179,PPS-GC,sender_signaling,pps_gc_sender_total_signaling,sender,567,false,32,2,recipient_bits=16;location_bytes=32,9882,68,measured,ok,unavailable,rustc,nightly-2021-05-06,Release,JerryZ
1787147203105031709,PPS-GC,sender_signaling,pps_gc_share_generation,sender,568,false,32,2,recipient_bits=16;location_bytes=32,21564,68,measured,ok,unavailable,rustc,nightly-2021-05-06,Release,JerryZ
1787147203106488710,PPS-GC,sender_signaling,pps_gc_sender_preparation,sender,568,false,32,2,recipient_bits=16;location_bytes=32,285,68,measured,ok,unavailable,rustc,nightly-2021-05-06,Release,JerryZ
1787147203107903377,PPS-GC,sender_signaling,message_encryption,sender,568,false,32,2,recipient_bits=16;location_bytes=32,-1,,not_applicable,not_applicable,unavailable,rustc,nightly-2021-05-06,Release,JerryZ
1787147203109283698,PPS-GC,sender_signaling,pps_gc_sender_total_signaling,sender,568,false,32,2,recipient_bits=16;location_bytes=32,11021,68,measured,ok,unavailable,rustc,nightly-2021-05-06,Release,JerryZ
1787147203110583831,PPS-GC,sender_signaling,pps_gc_share_generation,sender,569,false,32,2,recipient_bits=16;location_bytes=32,11351,68,measured,ok,unavailable,rustc,nightly-2021-05-06,Release,JerryZ
1787147203112061650,PPS-GC,sender_signaling,pps_gc_sender_preparation,sender,569,false,32,2,recipient_bits=16;location_bytes=32,285,68,measured,ok,unavailable,rustc,nightly-2021-05-06,Release,JerryZ
1787147203113866913,PPS-GC,sender_signaling,message_encryption,sender,569,false,32,2,recipient_bits=16;location_bytes=32,-1,,not_applicable,not_applicable,unavailable,rustc,nightly-2021-05-06,Release,JerryZ
1787147203115051095,PPS-GC,sender_signaling,pps_gc_sender_total_signaling,sender,569,false,32,2,recipient_bits=16;location_bytes=32,10386,68,measured,ok,unavailable,rustc,nightly-2021-05-06,Release,JerryZ
1787147203116136415,PPS-GC,sender_signaling,pps_gc_share_generation,sender,570,false,32,2,recipient_bits=16;location_bytes=32,9634,68,measured,ok,unavailable,rustc,nightly-2021-05-06,Release,JerryZ
1787147203117187570,PPS-GC,sender_signaling,pps_gc_sender_preparation,sender,570,false,32,2,recipient_bits=16;location_bytes=32,358,68,measured,ok,unavailable,rustc,nightly-2021-05-06,Release,JerryZ
1787147203118332948,PPS-GC,sender_signaling,message_encryption,sender,570,false,32,2,recipient_bits=16;location_bytes=32,-1,,not_applicable,not_applicable,unavailable,rustc,nightly-2021-05-06,Release,JerryZ
1787147203119459543,PPS-GC,sender_signaling,pps_gc_sender_total_signaling,sender,570,false,32,2,recipient_bits=16;location_bytes=32,9735,68,measured,ok,unavailable,rustc,nightly-2021-05-06,Release,JerryZ
1787147203121351473,PPS-GC,sender_signaling,pps_gc_share_generation,sender,571,false,32,2,recipient_bits=16;location_bytes=32,10176,68,measured,ok,unavailable,rustc,nightly-2021-05-06,Release,JerryZ
1787147203122978786,PPS-GC,sender_signaling,pps_gc_sender_preparation,sender,571,false,32,2,recipient_bits=16;location_bytes=32,744,68,measured,ok,unavailable,rustc,nightly-2021-05-06,Release,JerryZ
1787147203124605512,PPS-GC,sender_signaling,message_encryption,sender,571,false,32,2,recipient_bits=16;location_bytes=32,-1,,not_applicable,not_applicable,unavailable,rustc,nightly-2021-05-06,Release,JerryZ
1787147203125955599,PPS-GC,sender_signaling,pps_gc_sender_total_signaling,sender,571,false,32,2,recipient_bits=16;location_bytes=32,13482,68,measured,ok,unavailable,rustc,nightly-2021-05-06,Release,JerryZ
1787147203127320068,PPS-GC,sender_signaling,pps_gc_share_generation,sender,572,false,32,2,recipient_bits=16;location_bytes=32,10267,68,measured,ok,unavailable,rustc,nightly-2021-05-06,Release,JerryZ
1787147203128727701,PPS-GC,sender_signaling,pps_gc_sender_preparation,sender,572,false,32,2,recipient_bits=16;location_bytes=32,615,68,measured,ok,unavailable,rustc,nightly-2021-05-06,Release,JerryZ
1787147203130175880,PPS-GC,sender_signaling,message_encryption,sender,572,false,32,2,recipient_bits=16;location_bytes=32,-1,,not_applicable,not_applicable,unavailable,rustc,nightly-2021-05-06,Release,JerryZ
1787147203131544464,PPS-GC,sender_signaling,pps_gc_sender_total_signaling,sender,572,false,32,2,recipient_bits=16;location_bytes=32,10892,68,measured,ok,unavailable,rustc,nightly-2021-05-06,Release,JerryZ
1787147203132665141,PPS-GC,sender_signaling,pps_gc_share_generation,sender,573,false,32,2,recipient_bits=16;location_bytes=32,21710,68,measured,ok,unavailable,rustc,nightly-2021-05-06,Release,JerryZ
1787147203134305693,PPS-GC,sender_signaling,pps_gc_sender_preparation,sender,573,false,32,2,recipient_bits=16;location_bytes=32,358,68,measured,ok,unavailable,rustc,nightly-2021-05-06,Release,JerryZ
1787147203135448456,PPS-GC,sender_signaling,message_encryption,sender,573,false,32,2,recipient_bits=16;location_bytes=32,-1,,not_applicable,not_applicable,unavailable,rustc,nightly-2021-05-06,Release,JerryZ
1787147203136779524,PPS-GC,sender_signaling,pps_gc_sender_total_signaling,sender,573,false,32,2,recipient_bits=16;location_bytes=32,10369,68,measured,ok,unavailable,rustc,nightly-2021-05-06,Release,JerryZ
1787147203137929433,PPS-GC,sender_signaling,pps_gc_share_generation,sender,574,false,32,2,recipient_bits=16;location_bytes=32,10019,68,measured,ok,unavailable,rustc,nightly-2021-05-06,Release,JerryZ
1787147203139568800,PPS-GC,sender_signaling,pps_gc_sender_preparation,sender,574,false,32,2,recipient_bits=16;location_bytes=32,156,68,measured,ok,unavailable,rustc,nightly-2021-05-06,Release,JerryZ
1787147203141214577,PPS-GC,sender_signaling,message_encryption,sender,574,false,32,2,recipient_bits=16;location_bytes=32,-1,,not_applicable,not_applicable,unavailable,rustc,nightly-2021-05-06,Release,JerryZ
1787147203142610694,PPS-GC,sender_signaling,pps_gc_sender_total_signaling,sender,574,false,32,2,recipient_bits=16;location_bytes=32,13730,68,measured,ok,unavailable,rustc,nightly-2021-05-06,Release,JerryZ
1787147203144104310,PPS-GC,sender_signaling,pps_gc_share_generation,sender,575,false,32,2,recipient_bits=16;location_bytes=32,10277,68,measured,ok,unavailable,rustc,nightly-2021-05-06,Release,JerryZ
1787147203145247262,PPS-GC,sender_signaling,pps_gc_sender_preparation,sender,575,false,32,2,recipient_bits=16;location_bytes=32,229,68,measured,ok,unavailable,rustc,nightly-2021-05-06,Release,JerryZ
1787147203146498716,PPS-GC,sender_signaling,message_encryption,sender,575,false,32,2,recipient_bits=16;location_bytes=32,-1,,not_applicable,not_applicable,unavailable,rustc,nightly-2021-05-06,Release,JerryZ
1787147203147809635,PPS-GC,sender_signaling,pps_gc_sender_total_signaling,sender,575,false,32,2,recipient_bits=16;location_bytes=32,22041,68,measured,ok,unavailable,rustc,nightly-2021-05-06,Release,JerryZ
1787147203149616074,PPS-GC,sender_signaling,pps_gc_share_generation,sender,576,false,32,2,recipient_bits=16;location_bytes=32,10194,68,measured,ok,unavailable,rustc,nightly-2021-05-06,Release,JerryZ
1787147203150825246,PPS-GC,sender_signaling,pps_gc_sender_preparation,sender,576,false,32,2,recipient_bits=16;location_bytes=32,230,68,measured,ok,unavailable,rustc,nightly-2021-05-06,Release,JerryZ
1787147203152065294,PPS-GC,sender_signaling,message_encryption,sender,576,false,32,2,recipient_bits=16;location_bytes=32,-1,,not_applicable,not_applicable,unavailable,rustc,nightly-2021-05-06,Release,JerryZ
1787147203153360986,PPS-GC,sender_signaling,pps_gc_sender_total_signaling,sender,576,false,32,2,recipient_bits=16;location_bytes=32,10993,68,measured,ok,unavailable,rustc,nightly-2021-05-06,Release,JerryZ
1787147203154577614,PPS-GC,sender_signaling,pps_gc_share_generation,sender,577,false,32,2,recipient_bits=16;location_bytes=32,10093,68,measured,ok,unavailable,rustc,nightly-2021-05-06,Release,JerryZ
1787147203155887100,PPS-GC,sender_signaling,pps_gc_sender_preparation,sender,577,false,32,2,recipient_bits=16;location_bytes=32,138,68,measured,ok,unavailable,rustc,nightly-2021-05-06,Release,JerryZ
1787147203157553403,PPS-GC,sender_signaling,message_encryption,sender,577,false,32,2,recipient_bits=16;location_bytes=32,-1,,not_applicable,not_applicable,unavailable,rustc,nightly-2021-05-06,Release,JerryZ
1787147203158815602,PPS-GC,sender_signaling,pps_gc_sender_total_signaling,sender,577,false,32,2,recipient_bits=16;location_bytes=32,10846,68,measured,ok,unavailable,rustc,nightly-2021-05-06,Release,JerryZ
1787147203160040469,PPS-GC,sender_signaling,pps_gc_share_generation,sender,578,false,32,2,recipient_bits=16;location_bytes=32,10102,68,measured,ok,unavailable,rustc,nightly-2021-05-06,Release,JerryZ
1787147203161223384,PPS-GC,sender_signaling,pps_gc_sender_preparation,sender,578,false,32,2,recipient_bits=16;location_bytes=32,276,68,measured,ok,unavailable,rustc,nightly-2021-05-06,Release,JerryZ
1787147203162393892,PPS-GC,sender_signaling,message_encryption,sender,578,false,32,2,recipient_bits=16;location_bytes=32,-1,,not_applicable,not_applicable,unavailable,rustc,nightly-2021-05-06,Release,JerryZ
1787147203163676865,PPS-GC,sender_signaling,pps_gc_sender_total_signaling,sender,578,false,32,2,recipient_bits=16;location_bytes=32,9900,68,measured,ok,unavailable,rustc,nightly-2021-05-06,Release,JerryZ
1787147203164832073,PPS-GC,sender_signaling,pps_gc_share_generation,sender,579,false,32,2,recipient_bits=16;location_bytes=32,21453,68,measured,ok,unavailable,rustc,nightly-2021-05-06,Release,JerryZ
1787147203166051916,PPS-GC,sender_signaling,pps_gc_sender_preparation,sender,579,false,32,2,recipient_bits=16;location_bytes=32,285,68,measured,ok,unavailable,rustc,nightly-2021-05-06,Release,JerryZ
1787147203167685396,PPS-GC,sender_signaling,message_encryption,sender,579,false,32,2,recipient_bits=16;location_bytes=32,-1,,not_applicable,not_applicable,unavailable,rustc,nightly-2021-05-06,Release,JerryZ
1787147203168985928,PPS-GC,sender_signaling,pps_gc_sender_total_signaling,sender,579,false,32,2,recipient_bits=16;location_bytes=32,11480,68,measured,ok,unavailable,rustc,nightly-2021-05-06,Release,JerryZ
1787147203170408439,PPS-GC,sender_signaling,pps_gc_share_generation,sender,580,false,32,2,recipient_bits=16;location_bytes=32,11443,68,measured,ok,unavailable,rustc,nightly-2021-05-06,Release,JerryZ
1787147203171604386,PPS-GC,sender_signaling,pps_gc_sender_preparation,sender,580,false,32,2,recipient_bits=16;location_bytes=32,928,68,measured,ok,unavailable,rustc,nightly-2021-05-06,Release,JerryZ
1787147203173008492,PPS-GC,sender_signaling,message_encryption,sender,580,false,32,2,recipient_bits=16;location_bytes=32,-1,,not_applicable,not_applicable,unavailable,rustc,nightly-2021-05-06,Release,JerryZ
1787147203174157363,PPS-GC,sender_signaling,pps_gc_sender_total_signaling,sender,580,false,32,2,recipient_bits=16;location_bytes=32,10506,68,measured,ok,unavailable,rustc,nightly-2021-05-06,Release,JerryZ
1787147203175663336,PPS-GC,sender_signaling,pps_gc_share_generation,sender,581,false,32,2,recipient_bits=16;location_bytes=32,10093,68,measured,ok,unavailable,rustc,nightly-2021-05-06,Release,JerryZ
1787147203176741115,PPS-GC,sender_signaling,pps_gc_sender_preparation,sender,581,false,32,2,recipient_bits=16;location_bytes=32,220,68,measured,ok,unavailable,rustc,nightly-2021-05-06,Release,JerryZ
1787147203177851938,PPS-GC,sender_signaling,message_encryption,sender,581,false,32,2,recipient_bits=16;location_bytes=32,-1,,not_applicable,not_applicable,unavailable,rustc,nightly-2021-05-06,Release,JerryZ
1787147203179047307,PPS-GC,sender_signaling,pps_gc_sender_total_signaling,sender,581,false,32,2,recipient_bits=16;location_bytes=32,22133,68,measured,ok,unavailable,rustc,nightly-2021-05-06,Release,JerryZ
1787147203180409351,PPS-GC,sender_signaling,pps_gc_share_generation,sender,582,false,32,2,recipient_bits=16;location_bytes=32,9909,68,measured,ok,unavailable,rustc,nightly-2021-05-06,Release,JerryZ
1787147203182040976,PPS-GC,sender_signaling,pps_gc_sender_preparation,sender,582,false,32,2,recipient_bits=16;location_bytes=32,147,68,measured,ok,unavailable,rustc,nightly-2021-05-06,Release,JerryZ
1787147203183528306,PPS-GC,sender_signaling,message_encryption,sender,582,false,32,2,recipient_bits=16;location_bytes=32,-1,,not_applicable,not_applicable,unavailable,rustc,nightly-2021-05-06,Release,JerryZ
1787147203184942276,PPS-GC,sender_signaling,pps_gc_sender_total_signaling,sender,582,false,32,2,recipient_bits=16;location_bytes=32,23566,68,measured,ok,unavailable,rustc,nightly-2021-05-06,Release,JerryZ
1787147203186463585,PPS-GC,sender_signaling,pps_gc_share_generation,sender,583,false,32,2,recipient_bits=16;location_bytes=32,10460,68,measured,ok,unavailable,rustc,nightly-2021-05-06,Release,JerryZ
1787147203188122266,PPS-GC,sender_signaling,pps_gc_sender_preparation,sender,583,false,32,2,recipient_bits=16;location_bytes=32,634,68,measured,ok,unavailable,rustc,nightly-2021-05-06,Release,JerryZ
1787147203189455180,PPS-GC,sender_signaling,message_encryption,sender,583,false,32,2,recipient_bits=16;location_bytes=32,-1,,not_applicable,not_applicable,unavailable,rustc,nightly-2021-05-06,Release,JerryZ
1787147203190809409,PPS-GC,sender_signaling,pps_gc_sender_total_signaling,sender,583,false,32,2,recipient_bits=16;location_bytes=32,10911,68,measured,ok,unavailable,rustc,nightly-2021-05-06,Release,JerryZ
1787147203192060504,PPS-GC,sender_signaling,pps_gc_share_generation,sender,584,false,32,2,recipient_bits=16;location_bytes=32,10874,68,measured,ok,unavailable,rustc,nightly-2021-05-06,Release,JerryZ
1787147203193490592,PPS-GC,sender_signaling,pps_gc_sender_preparation,sender,584,false,32,2,recipient_bits=16;location_bytes=32,229,68,measured,ok,unavailable,rustc,nightly-2021-05-06,Release,JerryZ
1787147203194783318,PPS-GC,sender_signaling,message_encryption,sender,584,false,32,2,recipient_bits=16;location_bytes=32,-1,,not_applicable,not_applicable,unavailable,rustc,nightly-2021-05-06,Release,JerryZ
1787147203196307108,PPS-GC,sender_signaling,pps_gc_sender_total_signaling,sender,584,false,32,2,recipient_bits=16;location_bytes=32,10791,68,measured,ok,unavailable,rustc,nightly-2021-05-06,Release,JerryZ
1787147203198056910,PPS-GC,sender_signaling,pps_gc_share_generation,sender,585,false,32,2,recipient_bits=16;location_bytes=32,10836,68,measured,ok,unavailable,rustc,nightly-2021-05-06,Release,JerryZ
1787147203199316005,PPS-GC,sender_signaling,pps_gc_sender_preparation,sender,585,false,32,2,recipient_bits=16;location_bytes=32,570,68,measured,ok,unavailable,rustc,nightly-2021-05-06,Release,JerryZ
1787147203200545868,PPS-GC,sender_signaling,message_encryption,sender,585,false,32,2,recipient_bits=16;location_bytes=32,-1,,not_applicable,not_applicable,unavailable,rustc,nightly-2021-05-06,Release,JerryZ
1787147203202104344,PPS-GC,sender_signaling,pps_gc_sender_total_signaling,sender,585,false,32,2,recipient_bits=16;location_bytes=32,11103,68,measured,ok,unavailable,rustc,nightly-2021-05-06,Release,JerryZ
1787147203203367301,PPS-GC,sender_signaling,pps_gc_share_generation,sender,586,false,32,2,recipient_bits=16;location_bytes=32,10350,68,measured,ok,unavailable,rustc,nightly-2021-05-06,Release,JerryZ
1787147203204577790,PPS-GC,sender_signaling,pps_gc_sender_preparation,sender,586,false,32,2,recipient_bits=16;location_bytes=32,285,68,measured,ok,unavailable,rustc,nightly-2021-05-06,Release,JerryZ
1787147203206152347,PPS-GC,sender_signaling,message_encryption,sender,586,false,32,2,recipient_bits=16;location_bytes=32,-1,,not_applicable,not_applicable,unavailable,rustc,nightly-2021-05-06,Release,JerryZ
1787147203207221870,PPS-GC,sender_signaling,pps_gc_sender_total_signaling,sender,586,false,32,2,recipient_bits=16;location_bytes=32,10433,68,measured,ok,unavailable,rustc,nightly-2021-05-06,Release,JerryZ
1787147203208305509,PPS-GC,sender_signaling,pps_gc_share_generation,sender,587,false,32,2,recipient_bits=16;location_bytes=32,9652,68,measured,ok,unavailable,rustc,nightly-2021-05-06,Release,JerryZ
1787147203209442735,PPS-GC,sender_signaling,pps_gc_sender_preparation,sender,587,false,32,2,recipient_bits=16;location_bytes=32,128,68,measured,ok,unavailable,rustc,nightly-2021-05-06,Release,JerryZ
1787147203210529083,PPS-GC,sender_signaling,message_encryption,sender,587,false,32,2,recipient_bits=16;location_bytes=32,-1,,not_applicable,not_applicable,unavailable,rustc,nightly-2021-05-06,Release,JerryZ
1787147203211979063,PPS-GC,sender_signaling,pps_gc_sender_total_signaling,sender,587,false,32,2,recipient_bits=16;location_bytes=32,22151,68,measured,ok,unavailable,rustc,nightly-2021-05-06,Release,JerryZ
1787147203213486859,PPS-GC,sender_signaling,pps_gc_share_generation,sender,588,false,32,2,recipient_bits=16;location_bytes=32,10882,68,measured,ok,unavailable,rustc,nightly-2021-05-06,Release,JerryZ
1787147203214760642,PPS-GC,sender_signaling,pps_gc_sender_preparation,sender,588,false,32,2,recipient_bits=16;location_bytes=32,900,68,measured,ok,unavailable,rustc,nightly-2021-05-06,Release,JerryZ
1787147203215804763,PPS-GC,sender_signaling,message_encryption,sender,588,false,32,2,recipient_bits=16;location_bytes=32,-1,,not_applicable,not_applicable,unavailable,rustc,nightly-2021-05-06,Release,JerryZ
1787147203217161371,PPS-GC,sender_signaling,pps_gc_sender_total_signaling,sender,588,false,32,2,recipient_bits=16;location_bytes=32,10378,68,measured,ok,unavailable,rustc,nightly-2021-05-06,Release,JerryZ
1787147203218390123,PPS-GC,sender_signaling,pps_gc_share_generation,sender,589,false,32,2,recipient_bits=16;location_bytes=32,9725,68,measured,ok,unavailable,rustc,nightly-2021-05-06,Release,JerryZ
1787147203219518776,PPS-GC,sender_signaling,pps_gc_sender_preparation,sender,589,false,32,2,recipient_bits=16;location_bytes=32,147,68,measured,ok,unavailable,rustc,nightly-2021-05-06,Release,JerryZ
1787147203220670026,PPS-GC,sender_signaling,message_encryption,sender,589,false,32,2,recipient_bits=16;location_bytes=32,-1,,not_applicable,not_applicable,unavailable,rustc,nightly-2021-05-06,Release,JerryZ
1787147203222192873,PPS-GC,sender_signaling,pps_gc_sender_total_signaling,sender,589,false,32,2,recipient_bits=16;location_bytes=32,11058,68,measured,ok,unavailable,rustc,nightly-2021-05-06,Release,JerryZ
1787147203223531986,PPS-GC,sender_signaling,pps_gc_share_generation,sender,590,false,32,2,recipient_bits=16;location_bytes=32,19709,68,measured,ok,unavailable,rustc,nightly-2021-05-06,Release,JerryZ
1787147203224995392,PPS-GC,sender_signaling,pps_gc_sender_preparation,sender,590,false,32,2,recipient_bits=16;location_bytes=32,330,68,measured,ok,unavailable,rustc,nightly-2021-05-06,Release,JerryZ
1787147203226726771,PPS-GC,sender_signaling,message_encryption,sender,590,false,32,2,recipient_bits=16;location_bytes=32,-1,,not_applicable,not_applicable,unavailable,rustc,nightly-2021-05-06,Release,JerryZ
1787147203228106228,PPS-GC,sender_signaling,pps_gc_sender_total_signaling,sender,590,false,32,2,recipient_bits=16;location_bytes=32,12508,68,measured,ok,unavailable,rustc,nightly-2021-05-06,Release,JerryZ
1787147203229409488,PPS-GC,sender_signaling,pps_gc_share_generation,sender,591,false,32,2,recipient_bits=16;location_bytes=32,10901,68,measured,ok,unavailable,rustc,nightly-2021-05-06,Release,JerryZ
1787147203230936675,PPS-GC,sender_signaling,pps_gc_sender_preparation,sender,591,false,32,2,recipient_bits=16;location_bytes=32,836,68,measured,ok,unavailable,rustc,nightly-2021-05-06,Release,JerryZ
1787147203232133256,PPS-GC,sender_signaling,message_encryption,sender,591,false,32,2,recipient_bits=16;location_bytes=32,-1,,not_applicable,not_applicable,unavailable,rustc,nightly-2021-05-06,Release,JerryZ
1787147203233444973,PPS-GC,sender_signaling,pps_gc_sender_total_signaling,sender,591,false,32,2,recipient_bits=16;location_bytes=32,10965,68,measured,ok,unavailable,rustc,nightly-2021-05-06,Release,JerryZ
1787147203234925755,PPS-GC,sender_signaling,pps_gc_share_generation,sender,592,false,32,2,recipient_bits=16;location_bytes=32,9827,68,measured,ok,unavailable,rustc,nightly-2021-05-06,Release,JerryZ
1787147203236211134,PPS-GC,sender_signaling,pps_gc_sender_preparation,sender,592,false,32,2,recipient_bits=16;location_bytes=32,220,68,measured,ok,unavailable,rustc,nightly-2021-05-06,Release,JerryZ
1787147203237484197,PPS-GC,sender_signaling,message_encryption,sender,592,false,32,2,recipient_bits=16;location_bytes=32,-1,,not_applicable,not_applicable,unavailable,rustc,nightly-2021-05-06,Release,JerryZ
1787147203238681926,PPS-GC,sender_signaling,pps_gc_sender_total_signaling,sender,592,false,32,2,recipient_bits=16;location_bytes=32,10837,68,measured,ok,unavailable,rustc,nightly-2021-05-06,Release,JerryZ
1787147203239955073,PPS-GC,sender_signaling,pps_gc_share_generation,sender,593,false,32,2,recipient_bits=16;location_bytes=32,10002,68,measured,ok,unavailable,rustc,nightly-2021-05-06,Release,JerryZ
1787147203241316246,PPS-GC,sender_signaling,pps_gc_sender_preparation,sender,593,false,32,2,recipient_bits=16;location_bytes=32,285,68,measured,ok,unavailable,rustc,nightly-2021-05-06,Release,JerryZ
1787147203242461462,PPS-GC,sender_signaling,message_encryption,sender,593,false,32,2,recipient_bits=16;location_bytes=32,-1,,not_applicable,not_applicable,unavailable,rustc,nightly-2021-05-06,Release,JerryZ
1787147203243929937,PPS-GC,sender_signaling,pps_gc_sender_total_signaling,sender,593,false,32,2,recipient_bits=16;location_bytes=32,22904,68,measured,ok,unavailable,rustc,nightly-2021-05-06,Release,JerryZ
1787147203245200842,PPS-GC,sender_signaling,pps_gc_share_generation,sender,594,false,32,2,recipient_bits=16;location_bytes=32,9698,68,measured,ok,unavailable,rustc,nightly-2021-05-06,Release,JerryZ
1787147203246642942,PPS-GC,sender_signaling,pps_gc_sender_preparation,sender,594,false,32,2,recipient_bits=16;location_bytes=32,211,68,measured,ok,unavailable,rustc,nightly-2021-05-06,Release,JerryZ
1787147203247716276,PPS-GC,sender_signaling,message_encryption,sender,594,false,32,2,recipient_bits=16;location_bytes=32,-1,,not_applicable,not_applicable,unavailable,rustc,nightly-2021-05-06,Release,JerryZ
1787147203249009020,PPS-GC,sender_signaling,pps_gc_sender_total_signaling,sender,594,false,32,2,recipient_bits=16;location_bytes=32,9872,68,measured,ok,unavailable,rustc,nightly-2021-05-06,Release,JerryZ
1787147203250474015,PPS-GC,sender_signaling,pps_gc_share_generation,sender,595,false,32,2,recipient_bits=16;location_bytes=32,9754,68,measured,ok,unavailable,rustc,nightly-2021-05-06,Release,JerryZ
1787147203251650658,PPS-GC,sender_signaling,pps_gc_sender_preparation,sender,595,false,32,2,recipient_bits=16;location_bytes=32,147,68,measured,ok,unavailable,rustc,nightly-2021-05-06,Release,JerryZ
1787147203252977988,PPS-GC,sender_signaling,message_encryption,sender,595,false,32,2,recipient_bits=16;location_bytes=32,-1,,not_applicable,not_applicable,unavailable,rustc,nightly-2021-05-06,Release,JerryZ
1787147203254315255,PPS-GC,sender_signaling,pps_gc_sender_total_signaling,sender,595,false,32,2,recipient_bits=16;location_bytes=32,9826,68,measured,ok,unavailable,rustc,nightly-2021-05-06,Release,JerryZ
1787147203255741173,PPS-GC,sender_signaling,pps_gc_share_generation,sender,596,false,32,2,recipient_bits=16;location_bytes=32,10038,68,measured,ok,unavailable,rustc,nightly-2021-05-06,Release,JerryZ
1787147203257062956,PPS-GC,sender_signaling,pps_gc_sender_preparation,sender,596,false,32,2,recipient_bits=16;location_bytes=32,147,68,measured,ok,unavailable,rustc,nightly-2021-05-06,Release,JerryZ
1787147203258700963,PPS-GC,sender_signaling,message_encryption,sender,596,false,32,2,recipient_bits=16;location_bytes=32,-1,,not_applicable,not_applicable,unavailable,rustc,nightly-2021-05-06,Release,JerryZ
1787147203260010697,PPS-GC,sender_signaling,pps_gc_sender_total_signaling,sender,596,false,32,2,recipient_bits=16;location_bytes=32,11140,68,measured,ok,unavailable,rustc,nightly-2021-05-06,Release,JerryZ
1787147203261532535,PPS-GC,sender_signaling,pps_gc_share_generation,sender,597,false,32,2,recipient_bits=16;location_bytes=32,12297,68,measured,ok,unavailable,rustc,nightly-2021-05-06,Release,JerryZ
1787147203262858933,PPS-GC,sender_signaling,pps_gc_sender_preparation,sender,597,false,32,2,recipient_bits=16;location_bytes=32,854,68,measured,ok,unavailable,rustc,nightly-2021-05-06,Release,JerryZ
1787147203264428825,PPS-GC,sender_signaling,message_encryption,sender,597,false,32,2,recipient_bits=16;location_bytes=32,-1,,not_applicable,not_applicable,unavailable,rustc,nightly-2021-05-06,Release,JerryZ
1787147203265770417,PPS-GC,sender_signaling,pps_gc_sender_total_signaling,sender,597,false,32,2,recipient_bits=16;location_bytes=32,11075,68,measured,ok,unavailable,rustc,nightly-2021-05-06,Release,JerryZ
1787147203267055676,PPS-GC,sender_signaling,pps_gc_share_generation,sender,598,false,32,2,recipient_bits=16;location_bytes=32,11406,68,measured,ok,unavailable,rustc,nightly-2021-05-06,Release,JerryZ
1787147203268228030,PPS-GC,sender_signaling,pps_gc_sender_preparation,sender,598,false,32,2,recipient_bits=16;location_bytes=32,634,68,measured,ok,unavailable,rustc,nightly-2021-05-06,Release,JerryZ
1787147203269385387,PPS-GC,sender_signaling,message_encryption,sender,598,false,32,2,recipient_bits=16;location_bytes=32,-1,,not_applicable,not_applicable,unavailable,rustc,nightly-2021-05-06,Release,JerryZ
1787147203270809918,PPS-GC,sender_signaling,pps_gc_sender_total_signaling,sender,598,false,32,2,recipient_bits=16;location_bytes=32,10213,68,measured,ok,unavailable,rustc,nightly-2021-05-06,Release,JerryZ
1787147203271905395,PPS-GC,sender_signaling,pps_gc_share_generation,sender,599,false,32,2,recipient_bits=16;location_bytes=32,9680,68,measured,ok,unavailable,rustc,nightly-2021-05-06,Release,JerryZ
1787147203273018559,PPS-GC,sender_signaling,pps_gc_sender_preparation,sender,599,false,32,2,recipient_bits=16;location_bytes=32,147,68,measured,ok,unavailable,rustc,nightly-2021-05-06,Release,JerryZ
1787147203274243674,PPS-GC,sender_signaling,message_encryption,sender,599,false,32,2,recipient_bits=16;location_bytes=32,-1,,not_applicable,not_applicable,unavailable,rustc,nightly-2021-05-06,Release,JerryZ
1787147203276101312,PPS-GC,sender_signaling,pps_gc_sender_total_signaling,sender,599,false,32,2,recipient_bits=16;location_bytes=32,10920,68,measured,ok,unavailable,rustc,nightly-2021-05-06,Release,JerryZ
1787147203277168539,PPS-GC,sender_signaling,pps_gc_share_generation,sender,600,false,32,2,recipient_bits=16;location_bytes=32,9808,68,measured,ok,unavailable,rustc,nightly-2021-05-06,Release,JerryZ
1787147203278318659,PPS-GC,sender_signaling,pps_gc_sender_preparation,sender,600,false,32,2,recipient_bits=16;location_bytes=32,221,68,measured,ok,unavailable,rustc,nightly-2021-05-06,Release,JerryZ
1787147203279706740,PPS-GC,sender_signaling,message_encryption,sender,600,false,32,2,recipient_bits=16;location_bytes=32,-1,,not_applicable,not_applicable,unavailable,rustc,nightly-2021-05-06,Release,JerryZ
1787147203280824961,PPS-GC,sender_signaling,pps_gc_sender_total_signaling,sender,600,false,32,2,recipient_bits=16;location_bytes=32,10020,68,measured,ok,unavailable,rustc,nightly-2021-05-06,Release,JerryZ
1787147203282088936,PPS-GC,sender_signaling,pps_gc_share_generation,sender,601,false,32,2,recipient_bits=16;location_bytes=32,9689,68,measured,ok,unavailable,rustc,nightly-2021-05-06,Release,JerryZ
1787147203283185799,PPS-GC,sender_signaling,pps_gc_sender_preparation,sender,601,false,32,2,recipient_bits=16;location_bytes=32,147,68,measured,ok,unavailable,rustc,nightly-2021-05-06,Release,JerryZ
1787147203284262807,PPS-GC,sender_signaling,message_encryption,sender,601,false,32,2,recipient_bits=16;location_bytes=32,-1,,not_applicable,not_applicable,unavailable,rustc,nightly-2021-05-06,Release,JerryZ
1787147203285375715,PPS-GC,sender_signaling,pps_gc_sender_total_signaling,sender,601,false,32,2,recipient_bits=16;location_bytes=32,22115,68,measured,ok,unavailable,rustc,nightly-2021-05-06,Release,JerryZ
1787147203287060386,PPS-GC,sender_signaling,pps_gc_share_generation,sender,602,false,32,2,recipient_bits=16;location_bytes=32,9919,68,measured,ok,unavailable,rustc,nightly-2021-05-06,Release,JerryZ
1787147203288117016,PPS-GC,sender_signaling,pps_gc_sender_preparation,sender,602,false,32,2,recipient_bits=16;location_bytes=32,147,68,measured,ok,unavailable,rustc,nightly-2021-05-06,Release,JerryZ
1787147203289746070,PPS-GC,sender_signaling,message_encryption,sender,602,false,32,2,recipient_bits=16;location_bytes=32,-1,,not_applicable,not_applicable,unavailable,rustc,nightly-2021-05-06,Release,JerryZ
1787147203290935120,PPS-GC,sender_signaling,pps_gc_sender_total_signaling,sender,602,false,32,2,recipient_bits=16;location_bytes=32,22519,68,measured,ok,unavailable,rustc,nightly-2021-05-06,Release,JerryZ
1787147203292434058,PPS-GC,sender_signaling,pps_gc_share_generation,sender,603,false,32,2,recipient_bits=16;location_bytes=32,10424,68,measured,ok,unavailable,rustc,nightly-2021-05-06,Release,JerryZ
1787147203294312102,PPS-GC,sender_signaling,pps_gc_sender_preparation,sender,603,false,32,2,recipient_bits=16;location_bytes=32,230,68,measured,ok,unavailable,rustc,nightly-2021-05-06,Release,JerryZ
1787147203295878045,PPS-GC,sender_signaling,message_encryption,sender,603,false,32,2,recipient_bits=16;location_bytes=32,-1,,not_applicable,not_applicable,unavailable,rustc,nightly-2021-05-06,Release,JerryZ
1787147203297225414,PPS-GC,sender_signaling,pps_gc_sender_total_signaling,sender,603,false,32,2,recipient_bits=16;location_bytes=32,11480,68,measured,ok,unavailable,rustc,nightly-2021-05-06,Release,JerryZ
1787147203298538105,PPS-GC,sender_signaling,pps_gc_share_generation,sender,604,false,32,2,recipient_bits=16;location_bytes=32,10010,68,measured,ok,unavailable,rustc,nightly-2021-05-06,Release,JerryZ
1787147203300041718,PPS-GC,sender_signaling,pps_gc_sender_preparation,sender,604,false,32,2,recipient_bits=16;location_bytes=32,689,68,measured,ok,unavailable,rustc,nightly-2021-05-06,Release,JerryZ
1787147203301122105,PPS-GC,sender_signaling,message_encryption,sender,604,false,32,2,recipient_bits=16;location_bytes=32,-1,,not_applicable,not_applicable,unavailable,rustc,nightly-2021-05-06,Release,JerryZ
1787147203302441005,PPS-GC,sender_signaling,pps_gc_sender_total_signaling,sender,604,false,32,2,recipient_bits=16;location_bytes=32,10442,68,measured,ok,unavailable,rustc,nightly-2021-05-06,Release,JerryZ
1787147203303914072,PPS-GC,sender_signaling,pps_gc_share_generation,sender,605,false,32,2,recipient_bits=16;location_bytes=32,10663,68,measured,ok,unavailable,rustc,nightly-2021-05-06,Release,JerryZ
1787147203305144008,PPS-GC,sender_signaling,pps_gc_sender_preparation,sender,605,false,32,2,recipient_bits=16;location_bytes=32,230,68,measured,ok,unavailable,rustc,nightly-2021-05-06,Release,JerryZ
1787147203306372200,PPS-GC,sender_signaling,message_encryption,sender,605,false,32,2,recipient_bits=16;location_bytes=32,-1,,not_applicable,not_applicable,unavailable,rustc,nightly-2021-05-06,Release,JerryZ
1787147203307652720,PPS-GC,sender_signaling,pps_gc_sender_total_signaling,sender,605,false,32,2,recipient_bits=16;location_bytes=32,12003,68,measured,ok,unavailable,rustc,nightly-2021-05-06,Release,JerryZ
1787147203309001632,PPS-GC,sender_signaling,pps_gc_share_generation,sender,606,false,32,2,recipient_bits=16;location_bytes=32,20021,68,measured,ok,unavailable,rustc,nightly-2021-05-06,Release,JerryZ
1787147203310287809,PPS-GC,sender_signaling,pps_gc_sender_preparation,sender,606,false,32,2,recipient_bits=16;location_bytes=32,321,68,measured,ok,unavailable,rustc,nightly-2021-05-06,Release,JerryZ
1787147203311654170,PPS-GC,sender_signaling,message_encryption,sender,606,false,32,2,recipient_bits=16;location_bytes=32,-1,,not_applicable,not_applicable,unavailable,rustc,nightly-2021-05-06,Release,JerryZ
1787147203312852533,PPS-GC,sender_signaling,pps_gc_sender_total_signaling,sender,606,false,32,2,recipient_bits=16;location_bytes=32,10433,68,measured,ok,unavailable,rustc,nightly-2021-05-06,Release,JerryZ
1787147203314053191,PPS-GC,sender_signaling,pps_gc_share_generation,sender,607,false,32,2,recipient_bits=16;location_bytes=32,21812,68,measured,ok,unavailable,rustc,nightly-2021-05-06,Release,JerryZ
1787147203315204092,PPS-GC,sender_signaling,pps_gc_sender_preparation,sender,607,false,32,2,recipient_bits=16;location_bytes=32,294,68,measured,ok,unavailable,rustc,nightly-2021-05-06,Release,JerryZ
1787147203316519639,PPS-GC,sender_signaling,message_encryption,sender,607,false,32,2,recipient_bits=16;location_bytes=32,-1,,not_applicable,not_applicable,unavailable,rustc,nightly-2021-05-06,Release,JerryZ
1787147203318638628,PPS-GC,sender_signaling,pps_gc_sender_total_signaling,sender,607,false,32,2,recipient_bits=16;location_bytes=32,25962,68,measured,ok,unavailable,rustc,nightly-2021-05-06,Release,JerryZ
1787147203320182328,PPS-GC,sender_signaling,pps_gc_share_generation,sender,608,false,32,2,recipient_bits=16;location_bytes=32,10488,68,measured,ok,unavailable,rustc,nightly-2021-05-06,Release,JerryZ
1787147203321513433,PPS-GC,sender_signaling,pps_gc_sender_preparation,sender,608,false,32,2,recipient_bits=16;location_bytes=32,359,68,measured,ok,unavailable,rustc,nightly-2021-05-06,Release,JerryZ
1787147203322700416,PPS-GC,sender_signaling,message_encryption,sender,608,false,32,2,recipient_bits=16;location_bytes=32,-1,,not_applicable,not_applicable,unavailable,rustc,nightly-2021-05-06,Release,JerryZ
1787147203324681939,PPS-GC,sender_signaling,pps_gc_sender_total_signaling,sender,608,false,32,2,recipient_bits=16;location_bytes=32,10818,68,measured,ok,unavailable,rustc,nightly-2021-05-06,Release,JerryZ
1787147203326190184,PPS-GC,sender_signaling,pps_gc_share_generation,sender,609,false,32,2,recipient_bits=16;location_bytes=32,14602,68,measured,ok,unavailable,rustc,nightly-2021-05-06,Release,JerryZ
1787147203327565986,PPS-GC,sender_signaling,pps_gc_sender_preparation,sender,609,false,32,2,recipient_bits=16;location_bytes=32,1130,68,measured,ok,unavailable,rustc,nightly-2021-05-06,Release,JerryZ
1787147203328691475,PPS-GC,sender_signaling,message_encryption,sender,609,false,32,2,recipient_bits=16;location_bytes=32,-1,,not_applicable,not_applicable,unavailable,rustc,nightly-2021-05-06,Release,JerryZ
1787147203330534722,PPS-GC,sender_signaling,pps_gc_sender_total_signaling,sender,609,false,32,2,recipient_bits=16;location_bytes=32,22950,68,measured,ok,unavailable,rustc,nightly-2021-05-06,Release,JerryZ
1787147203331818430,PPS-GC,sender_signaling,pps_gc_share_generation,sender,610,false,32,2,recipient_bits=16;location_bytes=32,9753,68,measured,ok,unavailable,rustc,nightly-2021-05-06,Release,JerryZ
1787147203332959202,PPS-GC,sender_signaling,pps_gc_sender_preparation,sender,610,false,32,2,recipient_bits=16;location_bytes=32,221,68,measured,ok,unavailable,rustc,nightly-2021-05-06,Release,JerryZ
1787147203334687321,PPS-GC,sender_signaling,message_encryption,sender,610,false,32,2,recipient_bits=16;location_bytes=32,-1,,not_applicable,not_applicable,unavailable,rustc,nightly-2021-05-06,Release,JerryZ
1787147203336092878,PPS-GC,sender_signaling,pps_gc_sender_total_signaling,sender,610,false,32,2,recipient_bits=16;location_bytes=32,11516,68,measured,ok,unavailable,rustc,nightly-2021-05-06,Release,JerryZ
1787147203337488692,PPS-GC,sender_signaling,pps_gc_share_generation,sender,611,false,32,2,recipient_bits=16;location_bytes=32,10892,68,measured,ok,unavailable,rustc,nightly-2021-05-06,Release,JerryZ
1787147203338665426,PPS-GC,sender_signaling,pps_gc_sender_preparation,sender,611,false,32,2,recipient_bits=16;location_bytes=32,469,68,measured,ok,unavailable,rustc,nightly-2021-05-06,Release,JerryZ
1787147203339782035,PPS-GC,sender_signaling,message_encryption,sender,611,false,32,2,recipient_bits=16;location_bytes=32,-1,,not_applicable,not_applicable,unavailable,rustc,nightly-2021-05-06,Release,JerryZ
1787147203340923504,PPS-GC,sender_signaling,pps_gc_sender_total_signaling,sender,611,false,32,2,recipient_bits=16;location_bytes=32,10846,68,measured,ok,unavailable,rustc,nightly-2021-05-06,Release,JerryZ
1787147203342533878,PPS-GC,sender_signaling,pps_gc_share_generation,sender,612,false,32,2,recipient_bits=16;location_bytes=32,10277,68,measured,ok,unavailable,rustc,nightly-2021-05-06,Release,JerryZ
1787147203343732158,PPS-GC,sender_signaling,pps_gc_sender_preparation,sender,612,false,32,2,recipient_bits=16;location_bytes=32,487,68,measured,ok,unavailable,rustc,nightly-2021-05-06,Release,JerryZ
1787147203344892646,PPS-GC,sender_signaling,message_encryption,sender,612,false,32,2,recipient_bits=16;location_bytes=32,-1,,not_applicable,not_applicable,unavailable,rustc,nightly-2021-05-06,Release,JerryZ
1787147203346012845,PPS-GC,sender_signaling,pps_gc_sender_total_signaling,sender,612,false,32,2,recipient_bits=16;location_bytes=32,10378,68,measured,ok,unavailable,rustc,nightly-2021-05-06,Release,JerryZ
1787147203347111013,PPS-GC,sender_signaling,pps_gc_share_generation,sender,613,false,32,2,recipient_bits=16;location_bytes=32,9661,68,measured,ok,unavailable,rustc,nightly-2021-05-06,Release,JerryZ
1787147203348439647,PPS-GC,sender_signaling,pps_gc_sender_preparation,sender,613,false,32,2,recipient_bits=16;location_bytes=32,147,68,measured,ok,unavailable,rustc,nightly-2021-05-06,Release,JerryZ
1787147203349714382,PPS-GC,sender_signaling,message_encryption,sender,613,false,32,2,recipient_bits=16;location_bytes=32,-1,,not_applicable,not_applicable,unavailable,rustc,nightly-2021-05-06,Release,JerryZ
1787147203351138839,PPS-GC,sender_signaling,pps_gc_sender_total_signaling,sender,613,false,32,2,recipient_bits=16;location_bytes=32,10644,68,measured,ok,unavailable,rustc,nightly-2021-05-06,Release,JerryZ
1787147203352637621,PPS-GC,sender_signaling,pps_gc_share_generation,sender,614,false,32,2,recipient_bits=16;location_bytes=32,12104,68,measured,ok,unavailable,rustc,nightly-2021-05-06,Release,JerryZ
1787147203354457954,PPS-GC,sender_signaling,pps_gc_sender_preparation,sender,614,false,32,2,recipient_bits=16;location_bytes=32,505,68,measured,ok,unavailable,rustc,nightly-2021-05-06,Release,JerryZ
1787147203355892983,PPS-GC,sender_signaling,message_encryption,sender,614,false,32,2,recipient_bits=16;location_bytes=32,-1,,not_applicable,not_applicable,unavailable,rustc,nightly-2021-05-06,Release,JerryZ
1787147203357236246,PPS-GC,sender_signaling,pps_gc_sender_total_signaling,sender,614,false,32,2,recipient_bits=16;location_bytes=32,13886,68,measured,ok,unavailable,rustc,nightly-2021-05-06,Release,JerryZ
1787147203358931010,PPS-GC,sender_signaling,pps_gc_share_generation,sender,615,false,32,2,recipient_bits=16;location_bytes=32,10432,68,measured,ok,unavailable,rustc,nightly-2021-05-06,Release,JerryZ
1787147203360073764,PPS-GC,sender_signaling,pps_gc_sender_preparation,sender,615,false,32,2,recipient_bits=16;location_bytes=32,523,68,measured,ok,unavailable,rustc,nightly-2021-05-06,Release,JerryZ
1787147203361219972,PPS-GC,sender_signaling,message_encryption,sender,615,false,32,2,recipient_bits=16;location_bytes=32,-1,,not_applicable,not_applicable,unavailable,rustc,nightly-2021-05-06,Release,JerryZ
1787147203362483916,PPS-GC,sender_signaling,pps_gc_sender_total_signaling,sender,615,false,32,2,recipient_bits=16;location_bytes=32,10644,68,measured,ok,unavailable,rustc,nightly-2021-05-06,Release,JerryZ
1787147203363544623,PPS-GC,sender_signaling,pps_gc_share_generation,sender,616,false,32,2,recipient_bits=16;location_bytes=32,9845,68,measured,ok,unavailable,rustc,nightly-2021-05-06,Release,JerryZ
1787147203364648199,PPS-GC,sender_signaling,pps_gc_sender_preparation,sender,616,false,32,2,recipient_bits=16;location_bytes=32,147,68,measured,ok,unavailable,rustc,nightly-2021-05-06,Release,JerryZ
1787147203366406377,PPS-GC,sender_signaling,message_encryption,sender,616,false,32,2,recipient_bits=16;location_bytes=32,-1,,not_applicable,not_applicable,unavailable,rustc,nightly-2021-05-06,Release,JerryZ
1787147203367676850,PPS-GC,sender_signaling,pps_gc_sender_total_signaling,sender,616,false,32,2,recipient_bits=16;location_bytes=32,11130,68,measured,ok,unavailable,rustc,nightly-2021-05-06,Release,JerryZ
1787147203368858085,PPS-GC,sender_signaling,pps_gc_share_generation,sender,617,false,32,2,recipient_bits=16;location_bytes=32,9809,68,measured,ok,unavailable,rustc,nightly-2021-05-06,Release,JerryZ
1787147203370211249,PPS-GC,sender_signaling,pps_gc_sender_preparation,sender,617,false,32,2,recipient_bits=16;location_bytes=32,211,68,measured,ok,unavailable,rustc,nightly-2021-05-06,Release,JerryZ
1787147203371464980,PPS-GC,sender_signaling,message_encryption,sender,617,false,32,2,recipient_bits=16;location_bytes=32,-1,,not_applicable,not_applicable,unavailable,rustc,nightly-2021-05-06,Release,JerryZ
1787147203372956020,PPS-GC,sender_signaling,pps_gc_sender_total_signaling,sender,617,false,32,2,recipient_bits=16;location_bytes=32,23226,68,measured,ok,unavailable,rustc,nightly-2021-05-06,Release,JerryZ
1787147203374452764,PPS-GC,sender_signaling,pps_gc_share_generation,sender,618,false,32,2,recipient_bits=16;location_bytes=32,10424,68,measured,ok,unavailable,rustc,nightly-2021-05-06,Release,JerryZ
1787147203375550022,PPS-GC,sender_signaling,pps_gc_sender_preparation,sender,618,false,32,2,recipient_bits=16;location_bytes=32,147,68,measured,ok,unavailable,rustc,nightly-2021-05-06,Release,JerryZ
1787147203376650587,PPS-GC,sender_signaling,message_encryption,sender,618,false,32,2,recipient_bits=16;location_bytes=32,-1,,not_applicable,not_applicable,unavailable,rustc,nightly-2021-05-06,Release,JerryZ
1787147203378228368,PPS-GC,sender_signaling,pps_gc_sender_total_signaling,sender,618,false,32,2,recipient_bits=16;location_bytes=32,22849,68,measured,ok,unavailable,rustc,nightly-2021-05-06,Release,JerryZ
1787147203379416372,PPS-GC,sender_signaling,pps_gc_share_generation,sender,619,false,32,2,recipient_bits=16;location_bytes=32,10029,68,measured,ok,unavailable,rustc,nightly-2021-05-06,Release,JerryZ
1787147203380677092,PPS-GC,sender_signaling,pps_gc_sender_preparation,sender,619,false,32,2,recipient_bits=16;location_bytes=32,138,68,measured,ok,unavailable,rustc,nightly-2021-05-06,Release,JerryZ
1787147203381872461,PPS-GC,sender_signaling,message_encryption,sender,619,false,32,2,recipient_bits=16;location_bytes=32,-1,,not_applicable,not_applicable,unavailable,rustc,nightly-2021-05-06,Release,JerryZ
1787147203383464705,PPS-GC,sender_signaling,pps_gc_sender_total_signaling,sender,619,false,32,2,recipient_bits=16;location_bytes=32,11021,68,measured,ok,unavailable,rustc,nightly-2021-05-06,Release,JerryZ
1787147203384788858,PPS-GC,sender_signaling,pps_gc_share_generation,sender,620,false,32,2,recipient_bits=16;location_bytes=32,21646,68,measured,ok,unavailable,rustc,nightly-2021-05-06,Release,JerryZ
1787147203386343592,PPS-GC,sender_signaling,pps_gc_sender_preparation,sender,620,false,32,2,recipient_bits=16;location_bytes=32,422,68,measured,ok,unavailable,rustc,nightly-2021-05-06,Release,JerryZ
1787147203387892200,PPS-GC,sender_signaling,message_encryption,sender,620,false,32,2,recipient_bits=16;location_bytes=32,-1,,not_applicable,not_applicable,unavailable,rustc,nightly-2021-05-06,Release,JerryZ
1787147203389648605,PPS-GC,sender_signaling,pps_gc_sender_total_signaling,sender,620,false,32,2,recipient_bits=16;location_bytes=32,11792,68,measured,ok,unavailable,rustc,nightly-2021-05-06,Release,JerryZ
1787147203390987286,PPS-GC,sender_signaling,pps_gc_share_generation,sender,621,false,32,2,recipient_bits=16;location_bytes=32,9937,68,measured,ok,unavailable,rustc,nightly-2021-05-06,Release,JerryZ
1787147203392387664,PPS-GC,sender_signaling,pps_gc_sender_preparation,sender,621,false,32,2,recipient_bits=16;location_bytes=32,505,68,measured,ok,unavailable,rustc,nightly-2021-05-06,Release,JerryZ
1787147203393628455,PPS-GC,sender_signaling,message_encryption,sender,621,false,32,2,recipient_bits=16;location_bytes=32,-1,,not_applicable,not_applicable,unavailable,rustc,nightly-2021-05-06,Release,JerryZ
1787147203394853644,PPS-GC,sender_signaling,pps_gc_sender_total_signaling,sender,621,false,32,2,recipient_bits=16;location_bytes=32,10571,68,measured,ok,unavailable,rustc,nightly-2021-05-06,Release,JerryZ
1787147203396686182,PPS-GC,sender_signaling,pps_gc_share_generation,sender,622,false,32,2,recipient_bits=16;location_bytes=32,11810,68,measured,ok,unavailable,rustc,nightly-2021-05-06,Release,JerryZ
1787147203398163492,PPS-GC,sender_signaling,pps_gc_sender_preparation,sender,622,false,32,2,recipient_bits=16;location_bytes=32,882,68,measured,ok,unavailable,rustc,nightly-2021-05-06,Release,JerryZ
1787147203399637459,PPS-GC,sender_signaling,message_encryption,sender,622,false,32,2,recipient_bits=16;location_bytes=32,-1,,not_applicable,not_applicable,unavailable,rustc,nightly-2021-05-06,Release,JerryZ
1787147203401057463,PPS-GC,sender_signaling,pps_gc_sender_total_signaling,sender,622,false,32,2,recipient_bits=16;location_bytes=32,11167,68,measured,ok,unavailable,rustc,nightly-2021-05-06,Release,JerryZ
1787147203402301946,PPS-GC,sender_signaling,pps_gc_share_generation,sender,623,false,32,2,recipient_bits=16;location_bytes=32,9845,68,measured,ok,unavailable,rustc,nightly-2021-05-06,Release,JerryZ
1787147203403797238,PPS-GC,sender_signaling,pps_gc_sender_preparation,sender,623,false,32,2,recipient_bits=16;location_bytes=32,358,68,measured,ok,unavailable,rustc,nightly-2021-05-06,Release,JerryZ
1787147203405102215,PPS-GC,sender_signaling,message_encryption,sender,623,false,32,2,recipient_bits=16;location_bytes=32,-1,,not_applicable,not_applicable,unavailable,rustc,nightly-2021-05-06,Release,JerryZ
1787147203406274945,PPS-GC,sender_signaling,pps_gc_sender_total_signaling,sender,623,false,32,2,recipient_bits=16;location_bytes=32,10497,68,measured,ok,unavailable,rustc,nightly-2021-05-06,Release,JerryZ
1787147203407390801,PPS-GC,sender_signaling,pps_gc_share_generation,sender,624,false,32,2,recipient_bits=16;location_bytes=32,21747,68,measured,ok,unavailable,rustc,nightly-2021-05-06,Release,JerryZ
1787147203409194355,PPS-GC,sender_signaling,pps_gc_sender_preparation,sender,624,false,32,2,recipient_bits=16;location_bytes=32,331,68,measured,ok,unavailable,rustc,nightly-2021-05-06,Release,JerryZ
1787147203410614221,PPS-GC,sender_signaling,message_encryption,sender,624,false,32,2,recipient_bits=16;location_bytes=32,-1,,not_applicable,not_applicable,unavailable,rustc,nightly-2021-05-06,Release,JerryZ
1787147203411892611,PPS-GC,sender_signaling,pps_gc_sender_total_signaling,sender,624,false,32,2,recipient_bits=16;location_bytes=32,11480,68,measured,ok,unavailable,rustc,nightly-2021-05-06,Release,JerryZ
1787147203413616615,PPS-GC,sender_signaling,pps_gc_share_generation,sender,625,false,32,2,recipient_bits=16;location_bytes=32,25108,68,measured,ok,unavailable,rustc,nightly-2021-05-06,Release,JerryZ
1787147203414973903,PPS-GC,sender_signaling,pps_gc_sender_preparation,sender,625,false,32,2,recipient_bits=16;location_bytes=32,533,68,measured,ok,unavailable,rustc,nightly-2021-05-06,Release,JerryZ
1787147203416296917,PPS-GC,sender_signaling,message_encryption,sender,625,false,32,2,recipient_bits=16;location_bytes=32,-1,,not_applicable,not_applicable,unavailable,rustc,nightly-2021-05-06,Release,JerryZ
1787147203417728547,PPS-GC,sender_signaling,pps_gc_sender_total_signaling,sender,625,false,32,2,recipient_bits=16;location_bytes=32,10764,68,measured,ok,unavailable,rustc,nightly-2021-05-06,Release,JerryZ
1787147203418931419,PPS-GC,sender_signaling,pps_gc_share_generation,sender,626,false,32,2,recipient_bits=16;location_bytes=32,10075,68,measured,ok,unavailable,rustc,nightly-2021-05-06,Release,JerryZ
1787147203420155155,PPS-GC,sender_signaling,pps_gc_sender_preparation,sender,626,false,32,2,recipient_bits=16;location_bytes=32,285,68,measured,ok,unavailable,rustc,nightly-2021-05-06,Release,JerryZ
1787147203421612096,PPS-GC,sender_signaling,message_encryption,sender,626,false,32,2,recipient_bits=16;location_bytes=32,-1,,not_applicable,not_applicable,unavailable,rustc,nightly-2021-05-06,Release,JerryZ
1787147203422968025,PPS-GC,sender_signaling,pps_gc_sender_total_signaling,sender,626,false,32,2,recipient_bits=16;location_bytes=32,10690,68,measured,ok,unavailable,rustc,nightly-2021-05-06,Release,JerryZ
1787147203424153117,PPS-GC,sender_signaling,pps_gc_share_generation,sender,627,false,32,2,recipient_bits=16;location_bytes=32,10075,68,measured,ok,unavailable,rustc,nightly-2021-05-06,Release,JerryZ
1787147203425284402,PPS-GC,sender_signaling,pps_gc_sender_preparation,sender,627,false,32,2,recipient_bits=16;location_bytes=32,211,68,measured,ok,unavailable,rustc,nightly-2021-05-06,Release,JerryZ
1787147203426879099,PPS-GC,sender_signaling,message_encryption,sender,627,false,32,2,recipient_bits=16;location_bytes=32,-1,,not_applicable,not_applicable,unavailable,rustc,nightly-2021-05-06,Release,JerryZ
1787147203428764564,PPS-GC,sender_signaling,pps_gc_sender_total_signaling,sender,627,false,32,2,recipient_bits=16;location_bytes=32,11269,68,measured,ok,unavailable,rustc,nightly-2021-05-06,Release,JerryZ
1787147203430094217,PPS-GC,sender_signaling,pps_gc_share_generation,sender,628,false,32,2,recipient_bits=16;location_bytes=32,10653,68,measured,ok,unavailable,rustc,nightly-2021-05-06,Release,JerryZ
1787147203431620642,PPS-GC,sender_signaling,pps_gc_sender_preparation,sender,628,false,32,2,recipient_bits=16;location_bytes=32,689,68,measured,ok,unavailable,rustc,nightly-2021-05-06,Release,JerryZ
1787147203432944795,PPS-GC,sender_signaling,message_encryption,sender,628,false,32,2,recipient_bits=16;location_bytes=32,-1,,not_applicable,not_applicable,unavailable,rustc,nightly-2021-05-06,Release,JerryZ
1787147203434514843,PPS-GC,sender_signaling,pps_gc_sender_total_signaling,sender,628,false,32,2,recipient_bits=16;location_bytes=32,11112,68,measured,ok,unavailable,rustc,nightly-2021-05-06,Release,JerryZ
1787147203435819030,PPS-GC,sender_signaling,pps_gc_share_generation,sender,629,false,32,2,recipient_bits=16;location_bytes=32,10332,68,measured,ok,unavailable,rustc,nightly-2021-05-06,Release,JerryZ
1787147203437139252,PPS-GC,sender_signaling,pps_gc_sender_preparation,sender,629,false,32,2,recipient_bits=16;location_bytes=32,487,68,measured,ok,unavailable,rustc,nightly-2021-05-06,Release,JerryZ
1787147203438297554,PPS-GC,sender_signaling,message_encryption,sender,629,false,32,2,recipient_bits=16;location_bytes=32,-1,,not_applicable,not_applicable,unavailable,rustc,nightly-2021-05-06,Release,JerryZ
1787147203439669159,PPS-GC,sender_signaling,pps_gc_sender_total_signaling,sender,629,false,32,2,recipient_bits=16;location_bytes=32,11167,68,measured,ok,unavailable,rustc,nightly-2021-05-06,Release,JerryZ
1787147203440943517,PPS-GC,sender_signaling,pps_gc_share_generation,sender,630,false,32,2,recipient_bits=16;location_bytes=32,21812,68,measured,ok,unavailable,rustc,nightly-2021-05-06,Release,JerryZ
1787147203442496337,PPS-GC,sender_signaling,pps_gc_sender_preparation,sender,630,false,32,2,recipient_bits=16;location_bytes=32,285,68,measured,ok,unavailable,rustc,nightly-2021-05-06,Release,JerryZ
1787147203444293563,PPS-GC,sender_signaling,message_encryption,sender,630,false,32,2,recipient_bits=16;location_bytes=32,-1,,not_applicable,not_applicable,unavailable,rustc,nightly-2021-05-06,Release,JerryZ
1787147203445605134,PPS-GC,sender_signaling,pps_gc_sender_total_signaling,sender,630,false,32,2,recipient_bits=16;location_bytes=32,24630,68,measured,ok,unavailable,rustc,nightly-2021-05-06,Release,JerryZ
1787147203446869629,PPS-GC,sender_signaling,pps_gc_share_generation,sender,631,false,32,2,recipient_bits=16;location_bytes=32,10671,68,measured,ok,unavailable,rustc,nightly-2021-05-06,Release,JerryZ
1787147203448025131,PPS-GC,sender_signaling,pps_gc_sender_preparation,sender,631,false,32,2,recipient_bits=16;location_bytes=32,496,68,measured,ok,unavailable,rustc,nightly-2021-05-06,Release,JerryZ
1787147203449158903,PPS-GC,sender_signaling,message_encryption,sender,631,false,32,2,recipient_bits=16;location_bytes=32,-1,,not_applicable,not_applicable,unavailable,rustc,nightly-2021-05-06,Release,JerryZ
1787147203450540647,PPS-GC,sender_signaling,pps_gc_sender_total_signaling,sender,631,false,32,2,recipient_bits=16;location_bytes=32,10506,68,measured,ok,unavailable,rustc,nightly-2021-05-06,Release,JerryZ
1787147203452048742,PPS-GC,sender_signaling,pps_gc_share_generation,sender,632,false,32,2,recipient_bits=16;location_bytes=32,10708,68,measured,ok,unavailable,rustc,nightly-2021-05-06,Release,JerryZ
1787147203453258566,PPS-GC,sender_signaling,pps_gc_sender_preparation,sender,632,false,32,2,recipient_bits=16;location_bytes=32,358,68,measured,ok,unavailable,rustc,nightly-2021-05-06,Release,JerryZ
1787147203454564626,PPS-GC,sender_signaling,message_encryption,sender,632,false,32,2,recipient_bits=16;location_bytes=32,-1,,not_applicable,not_applicable,unavailable,rustc,nightly-2021-05-06,Release,JerryZ
1787147203455647511,PPS-GC,sender_signaling,pps_gc_sender_total_signaling,sender,632,false,32,2,recipient_bits=16;location_bytes=32,10351,68,measured,ok,unavailable,rustc,nightly-2021-05-06,Release,JerryZ
1787147203456982914,PPS-GC,sender_signaling,pps_gc_share_generation,sender,633,false,32,2,recipient_bits=16;location_bytes=32,22261,68,measured,ok,unavailable,rustc,nightly-2021-05-06,Release,JerryZ
1787147203458825646,PPS-GC,sender_signaling,pps_gc_sender_preparation,sender,633,false,32,2,recipient_bits=16;location_bytes=32,358,68,measured,ok,unavailable,rustc,nightly-2021-05-06,Release,JerryZ
1787147203460172382,PPS-GC,sender_signaling,message_encryption,sender,633,false,32,2,recipient_bits=16;location_bytes=32,-1,,not_applicable,not_applicable,unavailable,rustc,nightly-2021-05-06,Release,JerryZ
1787147203461671871,PPS-GC,sender_signaling,pps_gc_sender_total_signaling,sender,633,false,32,2,recipient_bits=16;location_bytes=32,11636,68,measured,ok,unavailable,rustc,nightly-2021-05-06,Release,JerryZ
1787147203462950949,PPS-GC,sender_signaling,pps_gc_share_generation,sender,634,false,32,2,recipient_bits=16;location_bytes=32,10029,68,measured,ok,unavailable,rustc,nightly-2021-05-06,Release,JerryZ
1787147203464641745,PPS-GC,sender_signaling,pps_gc_sender_preparation,sender,634,false,32,2,recipient_bits=16;location_bytes=32,220,68,measured,ok,unavailable,rustc,nightly-2021-05-06,Release,JerryZ
1787147203466021340,PPS-GC,sender_signaling,message_encryption,sender,634,false,32,2,recipient_bits=16;location_bytes=32,-1,,not_applicable,not_applicable,unavailable,rustc,nightly-2021-05-06,Release,JerryZ
1787147203467220695,PPS-GC,sender_signaling,pps_gc_sender_total_signaling,sender,634,false,32,2,recipient_bits=16;location_bytes=32,10561,68,measured,ok,unavailable,rustc,nightly-2021-05-06,Release,JerryZ
1787147203468285737,PPS-GC,sender_signaling,pps_gc_share_generation,sender,635,false,32,2,recipient_bits=16;location_bytes=32,9625,68,measured,ok,unavailable,rustc,nightly-2021-05-06,Release,JerryZ
1787147203469713392,PPS-GC,sender_signaling,pps_gc_sender_preparation,sender,635,false,32,2,recipient_bits=16;location_bytes=32,119,68,measured,ok,unavailable,rustc,nightly-2021-05-06,Release,JerryZ
1787147203470796893,PPS-GC,sender_signaling,message_encryption,sender,635,false,32,2,recipient_bits=16;location_bytes=32,-1,,not_applicable,not_applicable,unavailable,rustc,nightly-2021-05-06,Release,JerryZ
1787147203471961854,PPS-GC,sender_signaling,pps_gc_sender_total_signaling,sender,635,false,32,2,recipient_bits=16;location_bytes=32,22142,68,measured,ok,unavailable,rustc,nightly-2021-05-06,Release,JerryZ
1787147203473830916,PPS-GC,sender_signaling,pps_gc_share_generation,sender,636,false,32,2,recipient_bits=16;location_bytes=32,10470,68,measured,ok,unavailable,rustc,nightly-2021-05-06,Release,JerryZ
1787147203475239238,PPS-GC,sender_signaling,pps_gc_sender_preparation,sender,636,false,32,2,recipient_bits=16;location_bytes=32,450,68,measured,ok,unavailable,rustc,nightly-2021-05-06,Release,JerryZ
1787147203476444166,PPS-GC,sender_signaling,message_encryption,sender,636,false,32,2,recipient_bits=16;location_bytes=32,-1,,not_applicable,not_applicable,unavailable,rustc,nightly-2021-05-06,Release,JerryZ
1787147203478033436,PPS-GC,sender_signaling,pps_gc_sender_total_signaling,sender,636,false,32,2,recipient_bits=16;location_bytes=32,13693,68,measured,ok,unavailable,rustc,nightly-2021-05-06,Release,JerryZ
1787147203479545837,PPS-GC,sender_signaling,pps_gc_share_generation,sender,637,false,32,2,recipient_bits=16;location_bytes=32,13326,68,measured,ok,unavailable,rustc,nightly-2021-05-06,Release,JerryZ
1787147203480880110,PPS-GC,sender_signaling,pps_gc_sender_preparation,sender,637,false,32,2,recipient_bits=16;location_bytes=32,625,68,measured,ok,unavailable,rustc,nightly-2021-05-06,Release,JerryZ
1787147203482352158,PPS-GC,sender_signaling,message_encryption,sender,637,false,32,2,recipient_bits=16;location_bytes=32,-1,,not_applicable,not_applicable,unavailable,rustc,nightly-2021-05-06,Release,JerryZ
1787147203483444742,PPS-GC,sender_signaling,pps_gc_sender_total_signaling,sender,637,false,32,2,recipient_bits=16;location_bytes=32,10680,68,measured,ok,unavailable,rustc,nightly-2021-05-06,Release,JerryZ
1787147203484527738,PPS-GC,sender_signaling,pps_gc_share_generation,sender,638,false,32,2,recipient_bits=16;location_bytes=32,21444,68,measured,ok,unavailable,rustc,nightly-2021-05-06,Release,JerryZ
1787147203485732428,PPS-GC,sender_signaling,pps_gc_sender_preparation,sender,638,false,32,2,recipient_bits=16;location_bytes=32,257,68,measured,ok,unavailable,rustc,nightly-2021-05-06,Release,JerryZ
1787147203486791436,PPS-GC,sender_signaling,message_encryption,sender,638,false,32,2,recipient_bits=16;location_bytes=32,-1,,not_applicable,not_applicable,unavailable,rustc,nightly-2021-05-06,Release,JerryZ
1787147203488407632,PPS-GC,sender_signaling,pps_gc_sender_total_signaling,sender,638,false,32,2,recipient_bits=16;location_bytes=32,11305,68,measured,ok,unavailable,rustc,nightly-2021-05-06,Release,JerryZ
1787147203489794280,PPS-GC,sender_signaling,pps_gc_share_generation,sender,639,false,32,2,recipient_bits=16;location_bytes=32,9891,68,measured,ok,unavailable,rustc,nightly-2021-05-06,Release,JerryZ
1787147203491244067,PPS-GC,sender_signaling,pps_gc_sender_preparation,sender,639,false,32,2,recipient_bits=16;location_bytes=32,386,68,measured,ok,unavailable,rustc,nightly-2021-05-06,Release,JerryZ
1787147203492613311,PPS-GC,sender_signaling,message_encryption,sender,639,false,32,2,recipient_bits=16;location_bytes=32,-1,,not_applicable,not_applicable,unavailable,rustc,nightly-2021-05-06,Release,JerryZ
1787147203494071083,PPS-GC,sender_signaling,pps_gc_sender_total_signaling,sender,639,false,32,2,recipient_bits=16;location_bytes=32,10901,68,measured,ok,unavailable,rustc,nightly-2021-05-06,Release,JerryZ
1787147203495349349,PPS-GC,sender_signaling,pps_gc_share_generation,sender,640,false,32,2,recipient_bits=16;location_bytes=32,10552,68,measured,ok,unavailable,rustc,nightly-2021-05-06,Release,JerryZ
1787147203496702191,PPS-GC,sender_signaling,pps_gc_sender_preparation,sender,640,false,32,2,recipient_bits=16;location_bytes=32,413,68,measured,ok,unavailable,rustc,nightly-2021-05-06,Release,JerryZ
1787147203498198517,PPS-GC,sender_signaling,message_encryption,sender,640,false,32,2,recipient_bits=16;location_bytes=32,-1,,not_applicable,not_applicable,unavailable,rustc,nightly-2021-05-06,Release,JerryZ
1787147203499368304,PPS-GC,sender_signaling,pps_gc_sender_total_signaling,sender,640,false,32,2,recipient_bits=16;location_bytes=32,10864,68,measured,ok,unavailable,rustc,nightly-2021-05-06,Release,JerryZ
1787147203500604104,PPS-GC,sender_signaling,pps_gc_share_generation,sender,641,false,32,2,recipient_bits=16;location_bytes=32,10378,68,measured,ok,unavailable,rustc,nightly-2021-05-06,Release,JerryZ
1787147203501726346,PPS-GC,sender_signaling,pps_gc_sender_preparation,sender,641,false,32,2,recipient_bits=16;location_bytes=32,551,68,measured,ok,unavailable,rustc,nightly-2021-05-06,Release,JerryZ
1787147203502996250,PPS-GC,sender_signaling,message_encryption,sender,641,false,32,2,recipient_bits=16;location_bytes=32,-1,,not_applicable,not_applicable,unavailable,rustc,nightly-2021-05-06,Release,JerryZ
1787147203504177366,PPS-GC,sender_signaling,pps_gc_sender_total_signaling,sender,641,false,32,2,recipient_bits=16;location_bytes=32,10974,68,measured,ok,unavailable,rustc,nightly-2021-05-06,Release,JerryZ
1787147203505710513,PPS-GC,sender_signaling,pps_gc_share_generation,sender,642,false,32,2,recipient_bits=16;location_bytes=32,10837,68,measured,ok,unavailable,rustc,nightly-2021-05-06,Release,JerryZ
1787147203507286200,PPS-GC,sender_signaling,pps_gc_sender_preparation,sender,642,false,32,2,recipient_bits=16;location_bytes=32,394,68,measured,ok,unavailable,rustc,nightly-2021-05-06,Release,JerryZ
1787147203508766316,PPS-GC,sender_signaling,message_encryption,sender,642,false,32,2,recipient_bits=16;location_bytes=32,-1,,not_applicable,not_applicable,unavailable,rustc,nightly-2021-05-06,Release,JerryZ
1787147203510096553,PPS-GC,sender_signaling,pps_gc_sender_total_signaling,sender,642,false,32,2,recipient_bits=16;location_bytes=32,13400,68,measured,ok,unavailable,rustc,nightly-2021-05-06,Release,JerryZ
1787147203511487472,PPS-GC,sender_signaling,pps_gc_share_generation,sender,643,false,32,2,recipient_bits=16;location_bytes=32,10984,68,measured,ok,unavailable,rustc,nightly-2021-05-06,Release,JerryZ
1787147203512986365,PPS-GC,sender_signaling,pps_gc_sender_preparation,sender,643,false,32,2,recipient_bits=16;location_bytes=32,753,68,measured,ok,unavailable,rustc,nightly-2021-05-06,Release,JerryZ
1787147203514075854,PPS-GC,sender_signaling,message_encryption,sender,643,false,32,2,recipient_bits=16;location_bytes=32,-1,,not_applicable,not_applicable,unavailable,rustc,nightly-2021-05-06,Release,JerryZ
1787147203515177474,PPS-GC,sender_signaling,pps_gc_sender_total_signaling,sender,643,false,32,2,recipient_bits=16;location_bytes=32,10038,68,measured,ok,unavailable,rustc,nightly-2021-05-06,Release,JerryZ
1787147203516298234,PPS-GC,sender_signaling,pps_gc_share_generation,sender,644,false,32,2,recipient_bits=16;location_bytes=32,9726,68,measured,ok,unavailable,rustc,nightly-2021-05-06,Release,JerryZ
1787147203517832722,PPS-GC,sender_signaling,pps_gc_sender_preparation,sender,644,false,32,2,recipient_bits=16;location_bytes=32,202,68,measured,ok,unavailable,rustc,nightly-2021-05-06,Release,JerryZ
1787147203518993312,PPS-GC,sender_signaling,message_encryption,sender,644,false,32,2,recipient_bits=16;location_bytes=32,-1,,not_applicable,not_applicable,unavailable,rustc,nightly-2021-05-06,Release,JerryZ
1787147203520112694,PPS-GC,sender_signaling,pps_gc_sender_total_signaling,sender,644,false,32,2,recipient_bits=16;location_bytes=32,10662,68,measured,ok,unavailable,rustc,nightly-2021-05-06,Release,JerryZ
1787147203521202926,PPS-GC,sender_signaling,pps_gc_share_generation,sender,645,false,32,2,recipient_bits=16;location_bytes=32,9662,68,measured,ok,unavailable,rustc,nightly-2021-05-06,Release,JerryZ
1787147203522679704,PPS-GC,sender_signaling,pps_gc_sender_preparation,sender,645,false,32,2,recipient_bits=16;location_bytes=32,303,68,measured,ok,unavailable,rustc,nightly-2021-05-06,Release,JerryZ
1787147203523975286,PPS-GC,sender_signaling,message_encryption,sender,645,false,32,2,recipient_bits=16;location_bytes=32,-1,,not_applicable,not_applicable,unavailable,rustc,nightly-2021-05-06,Release,JerryZ
1787147203525188994,PPS-GC,sender_signaling,pps_gc_sender_total_signaling,sender,645,false,32,2,recipient_bits=16;location_bytes=32,11039,68,measured,ok,unavailable,rustc,nightly-2021-05-06,Release,JerryZ
1787147203526969507,PPS-GC,sender_signaling,pps_gc_share_generation,sender,646,false,32,2,recipient_bits=16;location_bytes=32,10745,68,measured,ok,unavailable,rustc,nightly-2021-05-06,Release,JerryZ
1787147203528228206,PPS-GC,sender_signaling,pps_gc_sender_preparation,sender,646,false,32,2,recipient_bits=16;location_bytes=32,753,68,measured,ok,unavailable,rustc,nightly-2021-05-06,Release,JerryZ
1787147203529272153,PPS-GC,sender_signaling,message_encryption,sender,646,false,32,2,recipient_bits=16;location_bytes=32,-1,,not_applicable,not_applicable,unavailable,rustc,nightly-2021-05-06,Release,JerryZ
1787147203530634584,PPS-GC,sender_signaling,pps_gc_sender_total_signaling,sender,646,false,32,2,recipient_bits=16;location_bytes=32,10396,68,measured,ok,unavailable,rustc,nightly-2021-05-06,Release,JerryZ
1787147203531930606,PPS-GC,sender_signaling,pps_gc_share_generation,sender,647,false,32,2,recipient_bits=16;location_bytes=32,21913,68,measured,ok,unavailable,rustc,nightly-2021-05-06,Release,JerryZ
1787147203533464727,PPS-GC,sender_signaling,pps_gc_sender_preparation,sender,647,false,32,2,recipient_bits=16;location_bytes=32,698,68,measured,ok,unavailable,rustc,nightly-2021-05-06,Release,JerryZ
1787147203535433814,PPS-GC,sender_signaling,message_encryption,sender,647,false,32,2,recipient_bits=16;location_bytes=32,-1,,not_applicable,not_applicable,unavailable,rustc,nightly-2021-05-06,Release,JerryZ
1787147203536914738,PPS-GC,sender_signaling,pps_gc_sender_total_signaling,sender,647,false,32,2,recipient_bits=16;location_bytes=32,14207,68,measured,ok,unavailable,rustc,nightly-2021-05-06,Release,JerryZ
1787147203538655182,PPS-GC,sender_signaling,pps_gc_share_generation,sender,648,false,32,2,recipient_bits=16;location_bytes=32,10516,68,measured,ok,unavailable,rustc,nightly-2021-05-06,Release,JerryZ
1787147203539886550,PPS-GC,sender_signaling,pps_gc_sender_preparation,sender,648,false,32,2,recipient_bits=16;location_bytes=32,634,68,measured,ok,unavailable,rustc,nightly-2021-05-06,Release,JerryZ
1787147203541084422,PPS-GC,sender_signaling,message_encryption,sender,648,false,32,2,recipient_bits=16;location_bytes=32,-1,,not_applicable,not_applicable,unavailable,rustc,nightly-2021-05-06,Release,JerryZ
1787147203542613891,PPS-GC,sender_signaling,pps_gc_sender_total_signaling,sender,648,false,32,2,recipient_bits=16;location_bytes=32,10488,68,measured,ok,unavailable,rustc,nightly-2021-05-06,Release,JerryZ
1787147203543694940,PPS-GC,sender_signaling,pps_gc_share_generation,sender,649,false,32,2,recipient_bits=16;location_bytes=32,9634,68,measured,ok,unavailable,rustc,nightly-2021-05-06,Release,JerryZ
1787147203544798700,PPS-GC,sender_signaling,pps_gc_sender_preparation,sender,649,false,32,2,recipient_bits=16;location_bytes=32,119,68,measured,ok,unavailable,rustc,nightly-2021-05-06,Release,JerryZ
1787147203545897428,PPS-GC,sender_signaling,message_encryption,sender,649,false,32,2,recipient_bits=16;location_bytes=32,-1,,not_applicable,not_applicable,unavailable,rustc,nightly-2021-05-06,Release,JerryZ
1787147203547451992,PPS-GC,sender_signaling,pps_gc_sender_total_signaling,sender,649,false,32,2,recipient_bits=16;location_bytes=32,10533,68,measured,ok,unavailable,rustc,nightly-2021-05-06,Release,JerryZ
1787147203548777036,PPS-GC,sender_signaling,pps_gc_share_generation,sender,650,false,32,2,recipient_bits=16;location_bytes=32,21913,68,measured,ok,unavailable,rustc,nightly-2021-05-06,Release,JerryZ
1787147203550151046,PPS-GC,sender_signaling,pps_gc_sender_preparation,sender,650,false,32,2,recipient_bits=16;location_bytes=32,377,68,measured,ok,unavailable,rustc,nightly-2021-05-06,Release,JerryZ
1787147203551651931,PPS-GC,sender_signaling,message_encryption,sender,650,false,32,2,recipient_bits=16;location_bytes=32,-1,,not_applicable,not_applicable,unavailable,rustc,nightly-2021-05-06,Release,JerryZ
1787147203552948487,PPS-GC,sender_signaling,pps_gc_sender_total_signaling,sender,650,false,32,2,recipient_bits=16;location_bytes=32,23684,68,measured,ok,unavailable,rustc,nightly-2021-05-06,Release,JerryZ
1787147203554444312,PPS-GC,sender_signaling,pps_gc_share_generation,sender,651,false,32,2,recipient_bits=16;location_bytes=32,11011,68,measured,ok,unavailable,rustc,nightly-2021-05-06,Release,JerryZ
1787147203555653492,PPS-GC,sender_signaling,pps_gc_sender_preparation,sender,651,false,32,2,recipient_bits=16;location_bytes=32,477,68,measured,ok,unavailable,rustc,nightly-2021-05-06,Release,JerryZ
1787147203556779753,PPS-GC,sender_signaling,message_encryption,sender,651,false,32,2,recipient_bits=16;location_bytes=32,-1,,not_applicable,not_applicable,unavailable,rustc,nightly-2021-05-06,Release,JerryZ
1787147203557902138,PPS-GC,sender_signaling,pps_gc_sender_total_signaling,sender,651,false,32,2,recipient_bits=16;location_bytes=32,10488,68,measured,ok,unavailable,rustc,nightly-2021-05-06,Release,JerryZ
1787147203559319810,PPS-GC,sender_signaling,pps_gc_share_generation,sender,652,false,32,2,recipient_bits=16;location_bytes=32,9946,68,measured,ok,unavailable,rustc,nightly-2021-05-06,Release,JerryZ
1787147203560418207,PPS-GC,sender_signaling,pps_gc_sender_preparation,sender,652,false,32,2,recipient_bits=16;location_bytes=32,220,68,measured,ok,unavailable,rustc,nightly-2021-05-06,Release,JerryZ
1787147203561708132,PPS-GC,sender_signaling,message_encryption,sender,652,false,32,2,recipient_bits=16;location_bytes=32,-1,,not_applicable,not_applicable,unavailable,rustc,nightly-2021-05-06,Release,JerryZ
1787147203562832712,PPS-GC,sender_signaling,pps_gc_sender_total_signaling,sender,652,false,32,2,recipient_bits=16;location_bytes=32,10433,68,measured,ok,unavailable,rustc,nightly-2021-05-06,Release,JerryZ
1787147203563995304,PPS-GC,sender_signaling,pps_gc_share_generation,sender,653,false,32,2,recipient_bits=16;location_bytes=32,10111,68,measured,ok,unavailable,rustc,nightly-2021-05-06,Release,JerryZ
1787147203565694604,PPS-GC,sender_signaling,pps_gc_sender_preparation,sender,653,false,32,2,recipient_bits=16;location_bytes=32,138,68,measured,ok,unavailable,rustc,nightly-2021-05-06,Release,JerryZ
1787147203567063840,PPS-GC,sender_signaling,message_encryption,sender,653,false,32,2,recipient_bits=16;location_bytes=32,-1,,not_applicable,not_applicable,unavailable,rustc,nightly-2021-05-06,Release,JerryZ
1787147203568708258,PPS-GC,sender_signaling,pps_gc_sender_total_signaling,sender,653,false,32,2,recipient_bits=16;location_bytes=32,13629,68,measured,ok,unavailable,rustc,nightly-2021-05-06,Release,JerryZ
1787147203570329358,PPS-GC,sender_signaling,pps_gc_share_generation,sender,654,false,32,2,recipient_bits=16;location_bytes=32,10543,68,measured,ok,unavailable,rustc,nightly-2021-05-06,Release,JerryZ
1787147203572077167,PPS-GC,sender_signaling,pps_gc_sender_preparation,sender,654,false,32,2,recipient_bits=16;location_bytes=32,542,68,measured,ok,unavailable,rustc,nightly-2021-05-06,Release,JerryZ
1787147203573278882,PPS-GC,sender_signaling,message_encryption,sender,654,false,32,2,recipient_bits=16;location_bytes=32,-1,,not_applicable,not_applicable,unavailable,rustc,nightly-2021-05-06,Release,JerryZ
1787147203574360867,PPS-GC,sender_signaling,pps_gc_sender_total_signaling,sender,654,false,32,2,recipient_bits=16;location_bytes=32,10543,68,measured,ok,unavailable,rustc,nightly-2021-05-06,Release,JerryZ
1787147203575415674,PPS-GC,sender_signaling,pps_gc_share_generation,sender,655,false,32,2,recipient_bits=16;location_bytes=32,9625,68,measured,ok,unavailable,rustc,nightly-2021-05-06,Release,JerryZ
1787147203576738775,PPS-GC,sender_signaling,pps_gc_sender_preparation,sender,655,false,32,2,recipient_bits=16;location_bytes=32,147,68,measured,ok,unavailable,rustc,nightly-2021-05-06,Release,JerryZ
1787147203577953429,PPS-GC,sender_signaling,message_encryption,sender,655,false,32,2,recipient_bits=16;location_bytes=32,-1,,not_applicable,not_applicable,unavailable,rustc,nightly-2021-05-06,Release,JerryZ
1787147203579251922,PPS-GC,sender_signaling,pps_gc_sender_total_signaling,sender,655,false,32,2,recipient_bits=16;location_bytes=32,27643,68,measured,ok,unavailable,rustc,nightly-2021-05-06,Release,JerryZ
1787147203581220536,PPS-GC,sender_signaling,pps_gc_share_generation,sender,656,false,32,2,recipient_bits=16;location_bytes=32,10561,68,measured,ok,unavailable,rustc,nightly-2021-05-06,Release,JerryZ
1787147203582475204,PPS-GC,sender_signaling,pps_gc_sender_preparation,sender,656,false,32,2,recipient_bits=16;location_bytes=32,440,68,measured,ok,unavailable,rustc,nightly-2021-05-06,Release,JerryZ
1787147203583595385,PPS-GC,sender_signaling,message_encryption,sender,656,false,32,2,recipient_bits=16;location_bytes=32,-1,,not_applicable,not_applicable,unavailable,rustc,nightly-2021-05-06,Release,JerryZ
1787147203584710635,PPS-GC,sender_signaling,pps_gc_sender_total_signaling,sender,656,false,32,2,recipient_bits=16;location_bytes=32,21959,68,measured,ok,unavailable,rustc,nightly-2021-05-06,Release,JerryZ
1787147203585955889,PPS-GC,sender_signaling,pps_gc_share_generation,sender,657,false,32,2,recipient_bits=16;location_bytes=32,9845,68,measured,ok,unavailable,rustc,nightly-2021-05-06,Release,JerryZ
1787147203587146877,PPS-GC,sender_signaling,pps_gc_sender_preparation,sender,657,false,32,2,recipient_bits=16;location_bytes=32,211,68,measured,ok,unavailable,rustc,nightly-2021-05-06,Release,JerryZ
1787147203588543930,PPS-GC,sender_signaling,message_encryption,sender,657,false,32,2,recipient_bits=16;location_bytes=32,-1,,not_applicable,not_applicable,unavailable,rustc,nightly-2021-05-06,Release,JerryZ
1787147203589845840,PPS-GC,sender_signaling,pps_gc_sender_total_signaling,sender,657,false,32,2,recipient_bits=16;location_bytes=32,10663,68,measured,ok,unavailable,rustc,nightly-2021-05-06,Release,JerryZ
1787147203590985215,PPS-GC,sender_signaling,pps_gc_share_generation,sender,658,false,32,2,recipient_bits=16;location_bytes=32,9624,68,measured,ok,unavailable,rustc,nightly-2021-05-06,Release,JerryZ
1787147203592181658,PPS-GC,sender_signaling,pps_gc_sender_preparation,sender,658,false,32,2,recipient_bits=16;location_bytes=32,138,68,measured,ok,unavailable,rustc,nightly-2021-05-06,Release,JerryZ
1787147203593956513,PPS-GC,sender_signaling,message_encryption,sender,658,false,32,2,recipient_bits=16;location_bytes=32,-1,,not_applicable,not_applicable,unavailable,rustc,nightly-2021-05-06,Release,JerryZ
1787147203595459134,PPS-GC,sender_signaling,pps_gc_sender_total_signaling,sender,658,false,32,2,recipient_bits=16;location_bytes=32,10708,68,measured,ok,unavailable,rustc,nightly-2021-05-06,Release,JerryZ
1787147203596753806,PPS-GC,sender_signaling,pps_gc_share_generation,sender,659,false,32,2,recipient_bits=16;location_bytes=32,10176,68,measured,ok,unavailable,rustc,nightly-2021-05-06,Release,JerryZ
1787147203597966477,PPS-GC,sender_signaling,pps_gc_sender_preparation,sender,659,false,32,2,recipient_bits=16;location_bytes=32,477,68,measured,ok,unavailable,rustc,nightly-2021-05-06,Release,JerryZ
1787147203599374969,PPS-GC,sender_signaling,message_encryption,sender,659,false,32,2,recipient_bits=16;location_bytes=32,-1,,not_applicable,not_applicable,unavailable,rustc,nightly-2021-05-06,Release,JerryZ
1787147203601274415,PPS-GC,sender_signaling,pps_gc_sender_total_signaling,sender,659,false,32,2,recipient_bits=16;location_bytes=32,11003,68,measured,ok,unavailable,rustc,nightly-2021-05-06,Release,JerryZ
1787147203602735517,PPS-GC,sender_signaling,pps_gc_share_generation,sender,660,false,32,2,recipient_bits=16;location_bytes=32,21986,68,measured,ok,unavailable,rustc,nightly-2021-05-06,Release,JerryZ
1787147203603878584,PPS-GC,sender_signaling,pps_gc_sender_preparation,sender,660,false,32,2,recipient_bits=16;location_bytes=32,505,68,measured,ok,unavailable,rustc,nightly-2021-05-06,Release,JerryZ
1787147203605364372,PPS-GC,sender_signaling,message_encryption,sender,660,false,32,2,recipient_bits=16;location_bytes=32,-1,,not_applicable,not_applicable,unavailable,rustc,nightly-2021-05-06,Release,JerryZ
1787147203606653268,PPS-GC,sender_signaling,pps_gc_sender_total_signaling,sender,660,false,32,2,recipient_bits=16;location_bytes=32,22574,68,measured,ok,unavailable,rustc,nightly-2021-05-06,Release,JerryZ
1787147203607952799,PPS-GC,sender_signaling,pps_gc_share_generation,sender,661,false,32,2,recipient_bits=16;location_bytes=32,9964,68,measured,ok,unavailable,rustc,nightly-2021-05-06,Release,JerryZ
1787147203609062501,PPS-GC,sender_signaling,pps_gc_sender_preparation,sender,661,false,32,2,recipient_bits=16;location_bytes=32,303,68,measured,ok,unavailable,rustc,nightly-2021-05-06,Release,JerryZ
1787147203610359809,PPS-GC,sender_signaling,message_encryption,sender,661,false,32,2,recipient_bits=16;location_bytes=32,-1,,not_applicable,not_applicable,unavailable,rustc,nightly-2021-05-06,Release,JerryZ
1787147203611455488,PPS-GC,sender_signaling,pps_gc_sender_total_signaling,sender,661,false,32,2,recipient_bits=16;location_bytes=32,10286,68,measured,ok,unavailable,rustc,nightly-2021-05-06,Release,JerryZ
1787147203612805952,PPS-GC,sender_signaling,pps_gc_share_generation,sender,662,false,32,2,recipient_bits=16;location_bytes=32,9652,68,measured,ok,unavailable,rustc,nightly-2021-05-06,Release,JerryZ
1787147203613949873,PPS-GC,sender_signaling,pps_gc_sender_preparation,sender,662,false,32,2,recipient_bits=16;location_bytes=32,147,68,measured,ok,unavailable,rustc,nightly-2021-05-06,Release,JerryZ
1787147203615028874,PPS-GC,sender_signaling,message_encryption,sender,662,false,32,2,recipient_bits=16;location_bytes=32,-1,,not_applicable,not_applicable,unavailable,rustc,nightly-2021-05-06,Release,JerryZ
1787147203616125926,PPS-GC,sender_signaling,pps_gc_sender_total_signaling,sender,662,false,32,2,recipient_bits=16;location_bytes=32,9964,68,measured,ok,unavailable,rustc,nightly-2021-05-06,Release,JerryZ
1787147203617465071,PPS-GC,sender_signaling,pps_gc_share_generation,sender,663,false,32,2,recipient_bits=16;location_bytes=32,24484,68,measured,ok,unavailable,rustc,nightly-2021-05-06,Release,JerryZ
1787147203619498036,PPS-GC,sender_signaling,pps_gc_sender_preparation,sender,663,false,32,2,recipient_bits=16;location_bytes=32,459,68,measured,ok,unavailable,rustc,nightly-2021-05-06,Release,JerryZ
1787147203620681217,PPS-GC,sender_signaling,message_encryption,sender,663,false,32,2,recipient_bits=16;location_bytes=32,-1,,not_applicable,not_applicable,unavailable,rustc,nightly-2021-05-06,Release,JerryZ
1787147203621855312,PPS-GC,sender_signaling,pps_gc_sender_total_signaling,sender,663,false,32,2,recipient_bits=16;location_bytes=32,10571,68,measured,ok,unavailable,rustc,nightly-2021-05-06,Release,JerryZ
1787147203623213715,PPS-GC,sender_signaling,pps_gc_share_generation,sender,664,false,32,2,recipient_bits=16;location_bytes=32,12086,68,measured,ok,unavailable,rustc,nightly-2021-05-06,Release,JerryZ
1787147203624703037,PPS-GC,sender_signaling,pps_gc_sender_preparation,sender,664,false,32,2,recipient_bits=16;location_bytes=32,312,68,measured,ok,unavailable,rustc,nightly-2021-05-06,Release,JerryZ
1787147203625974879,PPS-GC,sender_signaling,message_encryption,sender,664,false,32,2,recipient_bits=16;location_bytes=32,-1,,not_applicable,not_applicable,unavailable,rustc,nightly-2021-05-06,Release,JerryZ
1787147203627192950,PPS-GC,sender_signaling,pps_gc_sender_total_signaling,sender,664,false,32,2,recipient_bits=16;location_bytes=32,22876,68,measured,ok,unavailable,rustc,nightly-2021-05-06,Release,JerryZ
1787147203628594310,PPS-GC,sender_signaling,pps_gc_share_generation,sender,665,false,32,2,recipient_bits=16;location_bytes=32,10809,68,measured,ok,unavailable,rustc,nightly-2021-05-06,Release,JerryZ
1787147203630229104,PPS-GC,sender_signaling,pps_gc_sender_preparation,sender,665,false,32,2,recipient_bits=16;location_bytes=32,670,68,measured,ok,unavailable,rustc,nightly-2021-05-06,Release,JerryZ
1787147203631652606,PPS-GC,sender_signaling,message_encryption,sender,665,false,32,2,recipient_bits=16;location_bytes=32,-1,,not_applicable,not_applicable,unavailable,rustc,nightly-2021-05-06,Release,JerryZ
1787147203632881055,PPS-GC,sender_signaling,pps_gc_sender_total_signaling,sender,665,false,32,2,recipient_bits=16;location_bytes=32,22656,68,measured,ok,unavailable,rustc,nightly-2021-05-06,Release,JerryZ
1787147203634628744,PPS-GC,sender_signaling,pps_gc_share_generation,sender,666,false,32,2,recipient_bits=16;location_bytes=32,10634,68,measured,ok,unavailable,rustc,nightly-2021-05-06,Release,JerryZ
1787147203635864209,PPS-GC,sender_signaling,pps_gc_sender_preparation,sender,666,false,32,2,recipient_bits=16;location_bytes=32,514,68,measured,ok,unavailable,rustc,nightly-2021-05-06,Release,JerryZ
1787147203637049888,PPS-GC,sender_signaling,message_encryption,sender,666,false,32,2,recipient_bits=16;location_bytes=32,-1,,not_applicable,not_applicable,unavailable,rustc,nightly-2021-05-06,Release,JerryZ
1787147206570661991,PPS-GC,sender_signaling,pps_gc_sender_total_signaling,sender,666,false,32,2,recipient_bits=16;location_bytes=32,10846,68,measured,ok,unavailable,rustc,nightly-2021-05-06,Release,JerryZ
1787147206571880494,PPS-GC,sender_signaling,pps_gc_share_generation,sender,667,false,32,2,recipient_bits=16;location_bytes=32,10057,68,measured,ok,unavailable,rustc,nightly-2021-05-06,Release,JerryZ
1787147206573279255,PPS-GC,sender_signaling,pps_gc_sender_preparation,sender,667,false,32,2,recipient_bits=16;location_bytes=32,753,68,measured,ok,unavailable,rustc,nightly-2021-05-06,Release,JerryZ
1787147206574613005,PPS-GC,sender_signaling,message_encryption,sender,667,false,32,2,recipient_bits=16;location_bytes=32,-1,,not_applicable,not_applicable,unavailable,rustc,nightly-2021-05-06,Release,JerryZ
1787147206575854018,PPS-GC,sender_signaling,pps_gc_sender_total_signaling,sender,667,false,32,2,recipient_bits=16;location_bytes=32,11654,68,measured,ok,unavailable,rustc,nightly-2021-05-06,Release,JerryZ
1787147206577363600,PPS-GC,sender_signaling,pps_gc_share_generation,sender,668,false,32,2,recipient_bits=16;location_bytes=32,11139,68,measured,ok,unavailable,rustc,nightly-2021-05-06,Release,JerryZ
1787147206578856670,PPS-GC,sender_signaling,pps_gc_sender_preparation,sender,668,false,32,2,recipient_bits=16;location_bytes=32,459,68,measured,ok,unavailable,rustc,nightly-2021-05-06,Release,JerryZ
1787147206580031605,PPS-GC,sender_signaling,message_encryption,sender,668,false,32,2,recipient_bits=16;location_bytes=32,-1,,not_applicable,not_applicable,unavailable,rustc,nightly-2021-05-06,Release,JerryZ
1787147206581422275,PPS-GC,sender_signaling,pps_gc_sender_total_signaling,sender,668,false,32,2,recipient_bits=16;location_bytes=32,10864,68,measured,ok,unavailable,rustc,nightly-2021-05-06,Release,JerryZ
1787147206582689892,PPS-GC,sender_signaling,pps_gc_share_generation,sender,669,false,32,2,recipient_bits=16;location_bytes=32,10185,68,measured,ok,unavailable,rustc,nightly-2021-05-06,Release,JerryZ
1787147206584092125,PPS-GC,sender_signaling,pps_gc_sender_preparation,sender,669,false,32,2,recipient_bits=16;location_bytes=32,459,68,measured,ok,unavailable,rustc,nightly-2021-05-06,Release,JerryZ
1787147206585399343,PPS-GC,sender_signaling,message_encryption,sender,669,false,32,2,recipient_bits=16;location_bytes=32,-1,,not_applicable,not_applicable,unavailable,rustc,nightly-2021-05-06,Release,JerryZ
1787147206586857018,PPS-GC,sender_signaling,pps_gc_sender_total_signaling,sender,669,false,32,2,recipient_bits=16;location_bytes=32,11085,68,measured,ok,unavailable,rustc,nightly-2021-05-06,Release,JerryZ
1787147206588100152,PPS-GC,sender_signaling,pps_gc_share_generation,sender,670,false,32,2,recipient_bits=16;location_bytes=32,10212,68,measured,ok,unavailable,rustc,nightly-2021-05-06,Release,JerryZ
1787147206589474190,PPS-GC,sender_signaling,pps_gc_sender_preparation,sender,670,false,32,2,recipient_bits=16;location_bytes=32,468,68,measured,ok,unavailable,rustc,nightly-2021-05-06,Release,JerryZ
1787147206590884615,PPS-GC,sender_signaling,message_encryption,sender,670,false,32,2,recipient_bits=16;location_bytes=32,-1,,not_applicable,not_applicable,unavailable,rustc,nightly-2021-05-06,Release,JerryZ
1787147206592080837,PPS-GC,sender_signaling,pps_gc_sender_total_signaling,sender,670,false,32,2,recipient_bits=16;location_bytes=32,11287,68,measured,ok,unavailable,rustc,nightly-2021-05-06,Release,JerryZ
1787147206594110671,PPS-GC,sender_signaling,pps_gc_share_generation,sender,671,false,32,2,recipient_bits=16;location_bytes=32,11351,68,measured,ok,unavailable,rustc,nightly-2021-05-06,Release,JerryZ
1787147206595545276,PPS-GC,sender_signaling,pps_gc_sender_preparation,sender,671,false,32,2,recipient_bits=16;location_bytes=32,524,68,measured,ok,unavailable,rustc,nightly-2021-05-06,Release,JerryZ
1787147206596903234,PPS-GC,sender_signaling,message_encryption,sender,671,false,32,2,recipient_bits=16;location_bytes=32,-1,,not_applicable,not_applicable,unavailable,rustc,nightly-2021-05-06,Release,JerryZ
1787147206598138056,PPS-GC,sender_signaling,pps_gc_sender_total_signaling,sender,671,false,32,2,recipient_bits=16;location_bytes=32,10249,68,measured,ok,unavailable,rustc,nightly-2021-05-06,Release,JerryZ
1787147206599332222,PPS-GC,sender_signaling,pps_gc_share_generation,sender,672,false,32,2,recipient_bits=16;location_bytes=32,9652,68,measured,ok,unavailable,rustc,nightly-2021-05-06,Release,JerryZ
1787147206600463074,PPS-GC,sender_signaling,pps_gc_sender_preparation,sender,672,false,32,2,recipient_bits=16;location_bytes=32,147,68,measured,ok,unavailable,rustc,nightly-2021-05-06,Release,JerryZ
1787147206602379819,PPS-GC,sender_signaling,message_encryption,sender,672,false,32,2,recipient_bits=16;location_bytes=32,-1,,not_applicable,not_applicable,unavailable,rustc,nightly-2021-05-06,Release,JerryZ
1787147206603843661,PPS-GC,sender_signaling,pps_gc_sender_total_signaling,sender,672,false,32,2,recipient_bits=16;location_bytes=32,11058,68,measured,ok,unavailable,rustc,nightly-2021-05-06,Release,JerryZ
1787147206605231792,PPS-GC,sender_signaling,pps_gc_share_generation,sender,673,false,32,2,recipient_bits=16;location_bytes=32,9973,68,measured,ok,unavailable,rustc,nightly-2021-05-06,Release,JerryZ
1787147206606645853,PPS-GC,sender_signaling,pps_gc_sender_preparation,sender,673,false,32,2,recipient_bits=16;location_bytes=32,505,68,measured,ok,unavailable,rustc,nightly-2021-05-06,Release,JerryZ
1787147206608311201,PPS-GC,sender_signaling,message_encryption,sender,673,false,32,2,recipient_bits=16;location_bytes=32,-1,,not_applicable,not_applicable,unavailable,rustc,nightly-2021-05-06,Release,JerryZ
1787147206610079224,PPS-GC,sender_signaling,pps_gc_sender_total_signaling,sender,673,false,32,2,recipient_bits=16;location_bytes=32,11195,68,measured,ok,unavailable,rustc,nightly-2021-05-06,Release,JerryZ
1787147206612105797,PPS-GC,sender_signaling,pps_gc_share_generation,sender,674,false,32,2,recipient_bits=16;location_bytes=32,13399,68,measured,ok,unavailable,rustc,nightly-2021-05-06,Release,JerryZ
1787147206613504852,PPS-GC,sender_signaling,pps_gc_sender_preparation,sender,674,false,32,2,recipient_bits=16;location_bytes=32,1350,68,measured,ok,unavailable,rustc,nightly-2021-05-06,Release,JerryZ
1787147206615056927,PPS-GC,sender_signaling,message_encryption,sender,674,false,32,2,recipient_bits=16;location_bytes=32,-1,,not_applicable,not_applicable,unavailable,rustc,nightly-2021-05-06,Release,JerryZ
1787147206616788270,PPS-GC,sender_signaling,pps_gc_sender_total_signaling,sender,674,false,32,2,recipient_bits=16;location_bytes=32,10699,68,measured,ok,unavailable,rustc,nightly-2021-05-06,Release,JerryZ
1787147206618127658,PPS-GC,sender_signaling,pps_gc_share_generation,sender,675,false,32,2,recipient_bits=16;location_bytes=32,10028,68,measured,ok,unavailable,rustc,nightly-2021-05-06,Release,JerryZ
1787147206619333056,PPS-GC,sender_signaling,pps_gc_sender_preparation,sender,675,false,32,2,recipient_bits=16;location_bytes=32,147,68,measured,ok,unavailable,rustc,nightly-2021-05-06,Release,JerryZ
1787147206620752087,PPS-GC,sender_signaling,message_encryption,sender,675,false,32,2,recipient_bits=16;location_bytes=32,-1,,not_applicable,not_applicable,unavailable,rustc,nightly-2021-05-06,Release,JerryZ
1787147206622613729,PPS-GC,sender_signaling,pps_gc_sender_total_signaling,sender,675,false,32,2,recipient_bits=16;location_bytes=32,13555,68,measured,ok,unavailable,rustc,nightly-2021-05-06,Release,JerryZ
1787147206624511086,PPS-GC,sender_signaling,pps_gc_share_generation,sender,676,false,32,2,recipient_bits=16;location_bytes=32,10810,68,measured,ok,unavailable,rustc,nightly-2021-05-06,Release,JerryZ
1787147206625931329,PPS-GC,sender_signaling,pps_gc_sender_preparation,sender,676,false,32,2,recipient_bits=16;location_bytes=32,955,68,measured,ok,unavailable,rustc,nightly-2021-05-06,Release,JerryZ
1787147206627849028,PPS-GC,sender_signaling,message_encryption,sender,676,false,32,2,recipient_bits=16;location_bytes=32,-1,,not_applicable,not_applicable,unavailable,rustc,nightly-2021-05-06,Release,JerryZ
1787147206629124259,PPS-GC,sender_signaling,pps_gc_sender_total_signaling,sender,676,false,32,2,recipient_bits=16;location_bytes=32,20737,68,measured,ok,unavailable,rustc,nightly-2021-05-06,Release,JerryZ
1787147206630569811,PPS-GC,sender_signaling,pps_gc_share_generation,sender,677,false,32,2,recipient_bits=16;location_bytes=32,10056,68,measured,ok,unavailable,rustc,nightly-2021-05-06,Release,JerryZ
1787147206631716974,PPS-GC,sender_signaling,pps_gc_sender_preparation,sender,677,false,32,2,recipient_bits=16;location_bytes=32,174,68,measured,ok,unavailable,rustc,nightly-2021-05-06,Release,JerryZ
1787147206633002940,PPS-GC,sender_signaling,message_encryption,sender,677,false,32,2,recipient_bits=16;location_bytes=32,-1,,not_applicable,not_applicable,unavailable,rustc,nightly-2021-05-06,Release,JerryZ
1787147206634454297,PPS-GC,sender_signaling,pps_gc_sender_total_signaling,sender,677,false,32,2,recipient_bits=16;location_bytes=32,11030,68,measured,ok,unavailable,rustc,nightly-2021-05-06,Release,JerryZ
1787147206636170808,PPS-GC,sender_signaling,pps_gc_share_generation,sender,678,false,32,2,recipient_bits=16;location_bytes=32,10451,68,measured,ok,unavailable,rustc,nightly-2021-05-06,Release,JerryZ
1787147206637506266,PPS-GC,sender_signaling,pps_gc_sender_preparation,sender,678,false,32,2,recipient_bits=16;location_bytes=32,147,68,measured,ok,unavailable,rustc,nightly-2021-05-06,Release,JerryZ
1787147206639084065,PPS-GC,sender_signaling,message_encryption,sender,678,false,32,2,recipient_bits=16;location_bytes=32,-1,,not_applicable,not_applicable,unavailable,rustc,nightly-2021-05-06,Release,JerryZ
1787147206640237794,PPS-GC,sender_signaling,pps_gc_sender_total_signaling,sender,678,false,32,2,recipient_bits=16;location_bytes=32,10882,68,measured,ok,unavailable,rustc,nightly-2021-05-06,Release,JerryZ
1787147206641728660,PPS-GC,sender_signaling,pps_gc_share_generation,sender,679,false,32,2,recipient_bits=16;location_bytes=32,27836,68,measured,ok,unavailable,rustc,nightly-2021-05-06,Release,JerryZ
1787147206643401226,PPS-GC,sender_signaling,pps_gc_sender_preparation,sender,679,false,32,2,recipient_bits=16;location_bytes=32,569,68,measured,ok,unavailable,rustc,nightly-2021-05-06,Release,JerryZ
1787147206644619443,PPS-GC,sender_signaling,message_encryption,sender,679,false,32,2,recipient_bits=16;location_bytes=32,-1,,not_applicable,not_applicable,unavailable,rustc,nightly-2021-05-06,Release,JerryZ
1787147206645806565,PPS-GC,sender_signaling,pps_gc_sender_total_signaling,sender,679,false,32,2,recipient_bits=16;location_bytes=32,10552,68,measured,ok,unavailable,rustc,nightly-2021-05-06,Release,JerryZ
1787147206646933450,PPS-GC,sender_signaling,pps_gc_share_generation,sender,680,false,32,2,recipient_bits=16;location_bytes=32,9818,68,measured,ok,unavailable,rustc,nightly-2021-05-06,Release,JerryZ
1787147206648463374,PPS-GC,sender_signaling,pps_gc_sender_preparation,sender,680,false,32,2,recipient_bits=16;location_bytes=32,376,68,measured,ok,unavailable,rustc,nightly-2021-05-06,Release,JerryZ
1787147206649927175,PPS-GC,sender_signaling,message_encryption,sender,680,false,32,2,recipient_bits=16;location_bytes=32,-1,,not_applicable,not_applicable,unavailable,rustc,nightly-2021-05-06,Release,JerryZ
1787147206651357602,PPS-GC,sender_signaling,pps_gc_sender_total_signaling,sender,680,false,32,2,recipient_bits=16;location_bytes=32,12829,68,measured,ok,unavailable,rustc,nightly-2021-05-06,Release,JerryZ
1787147206652987822,PPS-GC,sender_signaling,pps_gc_share_generation,sender,681,false,32,2,recipient_bits=16;location_bytes=32,10414,68,measured,ok,unavailable,rustc,nightly-2021-05-06,Release,JerryZ
1787147206654541789,PPS-GC,sender_signaling,pps_gc_sender_preparation,sender,681,false,32,2,recipient_bits=16;location_bytes=32,137,68,measured,ok,unavailable,rustc,nightly-2021-05-06,Release,JerryZ
1787147206655935426,PPS-GC,sender_signaling,message_encryption,sender,681,false,32,2,recipient_bits=16;location_bytes=32,-1,,not_applicable,not_applicable,unavailable,rustc,nightly-2021-05-06,Release,JerryZ
1787147206657313762,PPS-GC,sender_signaling,pps_gc_sender_total_signaling,sender,681,false,32,2,recipient_bits=16;location_bytes=32,12490,68,measured,ok,unavailable,rustc,nightly-2021-05-06,Release,JerryZ
1787147206658540420,PPS-GC,sender_signaling,pps_gc_share_generation,sender,682,false,32,2,recipient_bits=16;location_bytes=32,9946,68,measured,ok,unavailable,rustc,nightly-2021-05-06,Release,JerryZ
1787147206659603469,PPS-GC,sender_signaling,pps_gc_sender_preparation,sender,682,false,32,2,recipient_bits=16;location_bytes=32,220,68,measured,ok,unavailable,rustc,nightly-2021-05-06,Release,JerryZ
1787147206661024877,PPS-GC,sender_signaling,message_encryption,sender,682,false,32,2,recipient_bits=16;location_bytes=32,-1,,not_applicable,not_applicable,unavailable,rustc,nightly-2021-05-06,Release,JerryZ
1787147206662180798,PPS-GC,sender_signaling,pps_gc_sender_total_signaling,sender,682,false,32,2,recipient_bits=16;location_bytes=32,10102,68,measured,ok,unavailable,rustc,nightly-2021-05-06,Release,JerryZ
1787147206663303780,PPS-GC,sender_signaling,pps_gc_share_generation,sender,683,false,32,2,recipient_bits=16;location_bytes=32,10029,68,measured,ok,unavailable,rustc,nightly-2021-05-06,Release,JerryZ
1787147206664485966,PPS-GC,sender_signaling,pps_gc_sender_preparation,sender,683,false,32,2,recipient_bits=16;location_bytes=32,138,68,measured,ok,unavailable,rustc,nightly-2021-05-06,Release,JerryZ
1787147206665736740,PPS-GC,sender_signaling,message_encryption,sender,683,false,32,2,recipient_bits=16;location_bytes=32,-1,,not_applicable,not_applicable,unavailable,rustc,nightly-2021-05-06,Release,JerryZ
1787147206667444719,PPS-GC,sender_signaling,pps_gc_sender_total_signaling,sender,683,false,32,2,recipient_bits=16;location_bytes=32,12077,68,measured,ok,unavailable,rustc,nightly-2021-05-06,Release,JerryZ
1787147206668788856,PPS-GC,sender_signaling,pps_gc_share_generation,sender,684,false,32,2,recipient_bits=16;location_bytes=32,22904,68,measured,ok,unavailable,rustc,nightly-2021-05-06,Release,JerryZ
1787147206670328322,PPS-GC,sender_signaling,pps_gc_sender_preparation,sender,684,false,32,2,recipient_bits=16;location_bytes=32,799,68,measured,ok,unavailable,rustc,nightly-2021-05-06,Release,JerryZ
1787147206671736175,PPS-GC,sender_signaling,message_encryption,sender,684,false,32,2,recipient_bits=16;location_bytes=32,-1,,not_applicable,not_applicable,unavailable,rustc,nightly-2021-05-06,Release,JerryZ
1787147206673311867,PPS-GC,sender_signaling,pps_gc_sender_total_signaling,sender,684,false,32,2,recipient_bits=16;location_bytes=32,13721,68,measured,ok,unavailable,rustc,nightly-2021-05-06,Release,JerryZ
1787147206674665705,PPS-GC,sender_signaling,pps_gc_share_generation,sender,685,false,32,2,recipient_bits=16;location_bytes=32,9845,68,measured,ok,unavailable,rustc,nightly-2021-05-06,Release,JerryZ
1787147206675761062,PPS-GC,sender_signaling,pps_gc_sender_preparation,sender,685,false,32,2,recipient_bits=16;location_bytes=32,276,68,measured,ok,unavailable,rustc,nightly-2021-05-06,Release,JerryZ
1787147206677031628,PPS-GC,sender_signaling,message_encryption,sender,685,false,32,2,recipient_bits=16;location_bytes=32,-1,,not_applicable,not_applicable,unavailable,rustc,nightly-2021-05-06,Release,JerryZ
1787147206678795600,PPS-GC,sender_signaling,pps_gc_sender_total_signaling,sender,685,false,32,2,recipient_bits=16;location_bytes=32,10874,68,measured,ok,unavailable,rustc,nightly-2021-05-06,Release,JerryZ
1787147206679984448,PPS-GC,sender_signaling,pps_gc_share_generation,sender,686,false,32,2,recipient_bits=16;location_bytes=32,22096,68,measured,ok,unavailable,rustc,nightly-2021-05-06,Release,JerryZ
1787147206681253379,PPS-GC,sender_signaling,pps_gc_sender_preparation,sender,686,false,32,2,recipient_bits=16;location_bytes=32,349,68,measured,ok,unavailable,rustc,nightly-2021-05-06,Release,JerryZ
1787147206682890652,PPS-GC,sender_signaling,message_encryption,sender,686,false,32,2,recipient_bits=16;location_bytes=32,-1,,not_applicable,not_applicable,unavailable,rustc,nightly-2021-05-06,Release,JerryZ
1787147206684246360,PPS-GC,sender_signaling,pps_gc_sender_total_signaling,sender,686,false,32,2,recipient_bits=16;location_bytes=32,23189,68,measured,ok,unavailable,rustc,nightly-2021-05-06,Release,JerryZ
1787147206685669426,PPS-GC,sender_signaling,pps_gc_share_generation,sender,687,false,32,2,recipient_bits=16;location_bytes=32,10516,68,measured,ok,unavailable,rustc,nightly-2021-05-06,Release,JerryZ
1787147206686936855,PPS-GC,sender_signaling,pps_gc_sender_preparation,sender,687,false,32,2,recipient_bits=16;location_bytes=32,413,68,measured,ok,unavailable,rustc,nightly-2021-05-06,Release,JerryZ
1787147206688457420,PPS-GC,sender_signaling,message_encryption,sender,687,false,32,2,recipient_bits=16;location_bytes=32,-1,,not_applicable,not_applicable,unavailable,rustc,nightly-2021-05-06,Release,JerryZ
1787147206689962521,PPS-GC,sender_signaling,pps_gc_sender_total_signaling,sender,687,false,32,2,recipient_bits=16;location_bytes=32,10754,68,measured,ok,unavailable,rustc,nightly-2021-05-06,Release,JerryZ
1787147206691234767,PPS-GC,sender_signaling,pps_gc_share_generation,sender,688,false,32,2,recipient_bits=16;location_bytes=32,9845,68,measured,ok,unavailable,rustc,nightly-2021-05-06,Release,JerryZ
1787147206692402694,PPS-GC,sender_signaling,pps_gc_sender_preparation,sender,688,false,32,2,recipient_bits=16;location_bytes=32,156,68,measured,ok,unavailable,rustc,nightly-2021-05-06,Release,JerryZ
1787147206694093325,PPS-GC,sender_signaling,message_encryption,sender,688,false,32,2,recipient_bits=16;location_bytes=32,-1,,not_applicable,not_applicable,unavailable,rustc,nightly-2021-05-06,Release,JerryZ
1787147206696235595,PPS-GC,sender_signaling,pps_gc_sender_total_signaling,sender,688,false,32,2,recipient_bits=16;location_bytes=32,18790,68,measured,ok,unavailable,rustc,nightly-2021-05-06,Release,JerryZ
1787147206697959246,PPS-GC,sender_signaling,pps_gc_share_generation,sender,689,false,32,2,recipient_bits=16;location_bytes=32,10313,68,measured,ok,unavailable,rustc,nightly-2021-05-06,Release,JerryZ
1787147206699587827,PPS-GC,sender_signaling,pps_gc_sender_preparation,sender,689,false,32,2,recipient_bits=16;location_bytes=32,478,68,measured,ok,unavailable,rustc,nightly-2021-05-06,Release,JerryZ
1787147206701123848,PPS-GC,sender_signaling,message_encryption,sender,689,false,32,2,recipient_bits=16;location_bytes=32,-1,,not_applicable,not_applicable,unavailable,rustc,nightly-2021-05-06,Release,JerryZ
1787147206702469941,PPS-GC,sender_signaling,pps_gc_sender_total_signaling,sender,689,false,32,2,recipient_bits=16;location_bytes=32,22867,68,measured,ok,unavailable,rustc,nightly-2021-05-06,Release,JerryZ
1787147206704034139,PPS-GC,sender_signaling,pps_gc_share_generation,sender,690,false,32,2,recipient_bits=16;location_bytes=32,11572,68,measured,ok,unavailable,rustc,nightly-2021-05-06,Release,JerryZ
1787147206705242714,PPS-GC,sender_signaling,pps_gc_sender_preparation,sender,690,false,32,2,recipient_bits=16;location_bytes=32,1368,68,measured,ok,unavailable,rustc,nightly-2021-05-06,Release,JerryZ
1787147206707017495,PPS-GC,sender_signaling,message_encryption,sender,690,false,32,2,recipient_bits=16;location_bytes=32,-1,,not_applicable,not_applicable,unavailable,rustc,nightly-2021-05-06,Release,JerryZ
1787147206708473545,PPS-GC,sender_signaling,pps_gc_sender_total_signaling,sender,690,false,32,2,recipient_bits=16;location_bytes=32,10222,68,measured,ok,unavailable,rustc,nightly-2021-05-06,Release,JerryZ
1787147206709827178,PPS-GC,sender_signaling,pps_gc_share_generation,sender,691,false,32,2,recipient_bits=16;location_bytes=32,28626,68,measured,ok,unavailable,rustc,nightly-2021-05-06,Release,JerryZ
1787147206711930822,PPS-GC,sender_signaling,pps_gc_sender_preparation,sender,691,false,32,2,recipient_bits=16;location_bytes=32,515,68,measured,ok,unavailable,rustc,nightly-2021-05-06,Release,JerryZ
1787147206713524675,PPS-GC,sender_signaling,message_encryption,sender,691,false,32,2,recipient_bits=16;location_bytes=32,-1,,not_applicable,not_applicable,unavailable,rustc,nightly-2021-05-06,Release,JerryZ
1787147206715099443,PPS-GC,sender_signaling,pps_gc_sender_total_signaling,sender,691,false,32,2,recipient_bits=16;location_bytes=32,27139,68,measured,ok,unavailable,rustc,nightly-2021-05-06,Release,JerryZ
1787147206716578360,PPS-GC,sender_signaling,pps_gc_share_generation,sender,692,false,32,2,recipient_bits=16;location_bytes=32,9918,68,measured,ok,unavailable,rustc,nightly-2021-05-06,Release,JerryZ
1787147206717919420,PPS-GC,sender_signaling,pps_gc_sender_preparation,sender,692,false,32,2,recipient_bits=16;location_bytes=32,404,68,measured,ok,unavailable,rustc,nightly-2021-05-06,Release,JerryZ
1787147206719269443,PPS-GC,sender_signaling,message_encryption,sender,692,false,32,2,recipient_bits=16;location_bytes=32,-1,,not_applicable,not_applicable,unavailable,rustc,nightly-2021-05-06,Release,JerryZ
1787147206720723564,PPS-GC,sender_signaling,pps_gc_sender_total_signaling,sender,692,false,32,2,recipient_bits=16;location_bytes=32,10525,68,measured,ok,unavailable,rustc,nightly-2021-05-06,Release,JerryZ
1787147206722054899,PPS-GC,sender_signaling,pps_gc_share_generation,sender,693,false,32,2,recipient_bits=16;location_bytes=32,9882,68,measured,ok,unavailable,rustc,nightly-2021-05-06,Release,JerryZ
1787147206723412347,PPS-GC,sender_signaling,pps_gc_sender_preparation,sender,693,false,32,2,recipient_bits=16;location_bytes=32,147,68,measured,ok,unavailable,rustc,nightly-2021-05-06,Release,JerryZ
1787147206724805079,PPS-GC,sender_signaling,message_encryption,sender,693,false,32,2,recipient_bits=16;location_bytes=32,-1,,not_applicable,not_applicable,unavailable,rustc,nightly-2021-05-06,Release,JerryZ
1787147206726308132,PPS-GC,sender_signaling,pps_gc_sender_total_signaling,sender,693,false,32,2,recipient_bits=16;location_bytes=32,11865,68,measured,ok,unavailable,rustc,nightly-2021-05-06,Release,JerryZ
1787147206728117885,PPS-GC,sender_signaling,pps_gc_share_generation,sender,694,false,32,2,recipient_bits=16;location_bytes=32,10846,68,measured,ok,unavailable,rustc,nightly-2021-05-06,Release,JerryZ
1787147206729608062,PPS-GC,sender_signaling,pps_gc_sender_preparation,sender,694,false,32,2,recipient_bits=16;location_bytes=32,946,68,measured,ok,unavailable,rustc,nightly-2021-05-06,Release,JerryZ
1787147206730912478,PPS-GC,sender_signaling,message_encryption,sender,694,false,32,2,recipient_bits=16;location_bytes=32,-1,,not_applicable,not_applicable,unavailable,rustc,nightly-2021-05-06,Release,JerryZ
1787147206732173745,PPS-GC,sender_signaling,pps_gc_sender_total_signaling,sender,694,false,32,2,recipient_bits=16;location_bytes=32,10993,68,measured,ok,unavailable,rustc,nightly-2021-05-06,Release,JerryZ
1787147206734060435,PPS-GC,sender_signaling,pps_gc_share_generation,sender,695,false,32,2,recipient_bits=16;location_bytes=32,10828,68,measured,ok,unavailable,rustc,nightly-2021-05-06,Release,JerryZ
1787147206735391687,PPS-GC,sender_signaling,pps_gc_sender_preparation,sender,695,false,32,2,recipient_bits=16;location_bytes=32,890,68,measured,ok,unavailable,rustc,nightly-2021-05-06,Release,JerryZ
1787147206736547877,PPS-GC,sender_signaling,message_encryption,sender,695,false,32,2,recipient_bits=16;location_bytes=32,-1,,not_applicable,not_applicable,unavailable,rustc,nightly-2021-05-06,Release,JerryZ
1787147206738341596,PPS-GC,sender_signaling,pps_gc_sender_total_signaling,sender,695,false,32,2,recipient_bits=16;location_bytes=32,10038,68,measured,ok,unavailable,rustc,nightly-2021-05-06,Release,JerryZ
1787147206739564130,PPS-GC,sender_signaling,pps_gc_share_generation,sender,696,false,32,2,recipient_bits=16;location_bytes=32,21820,68,measured,ok,unavailable,rustc,nightly-2021-05-06,Release,JerryZ
1787147206740963488,PPS-GC,sender_signaling,pps_gc_sender_preparation,sender,696,false,32,2,recipient_bits=16;location_bytes=32,285,68,measured,ok,unavailable,rustc,nightly-2021-05-06,Release,JerryZ
1787147206742248013,PPS-GC,sender_signaling,message_encryption,sender,696,false,32,2,recipient_bits=16;location_bytes=32,-1,,not_applicable,not_applicable,unavailable,rustc,nightly-2021-05-06,Release,JerryZ
1787147206743627745,PPS-GC,sender_signaling,pps_gc_sender_total_signaling,sender,696,false,32,2,recipient_bits=16;location_bytes=32,10800,68,measured,ok,unavailable,rustc,nightly-2021-05-06,Release,JerryZ
1787147206745071167,PPS-GC,sender_signaling,pps_gc_share_generation,sender,697,false,32,2,recipient_bits=16;location_bytes=32,24548,68,measured,ok,unavailable,rustc,nightly-2021-05-06,Release,JerryZ
1787147206747108376,PPS-GC,sender_signaling,pps_gc_sender_preparation,sender,697,false,32,2,recipient_bits=16;location_bytes=32,1479,68,measured,ok,unavailable,rustc,nightly-2021-05-06,Release,JerryZ
1787147206748391265,PPS-GC,sender_signaling,message_encryption,sender,697,false,32,2,recipient_bits=16;location_bytes=32,-1,,not_applicable,not_applicable,unavailable,rustc,nightly-2021-05-06,Release,JerryZ
1787147206749938840,PPS-GC,sender_signaling,pps_gc_sender_total_signaling,sender,697,false,32,2,recipient_bits=16;location_bytes=32,11562,68,measured,ok,unavailable,rustc,nightly-2021-05-06,Release,JerryZ
1787147206751242247,PPS-GC,sender_signaling,pps_gc_share_generation,sender,698,false,32,2,recipient_bits=16;location_bytes=32,10415,68,measured,ok,unavailable,rustc,nightly-2021-05-06,Release,JerryZ
1787147206752477013,PPS-GC,sender_signaling,pps_gc_sender_preparation,sender,698,false,32,2,recipient_bits=16;location_bytes=32,284,68,measured,ok,unavailable,rustc,nightly-2021-05-06,Release,JerryZ
1787147206754050423,PPS-GC,sender_signaling,message_encryption,sender,698,false,32,2,recipient_bits=16;location_bytes=32,-1,,not_applicable,not_applicable,unavailable,rustc,nightly-2021-05-06,Release,JerryZ
1787147206755420642,PPS-GC,sender_signaling,pps_gc_sender_total_signaling,sender,698,false,32,2,recipient_bits=16;location_bytes=32,11213,68,measured,ok,unavailable,rustc,nightly-2021-05-06,Release,JerryZ
1787147206756819129,PPS-GC,sender_signaling,pps_gc_share_generation,sender,699,false,32,2,recipient_bits=16;location_bytes=32,10717,68,measured,ok,unavailable,rustc,nightly-2021-05-06,Release,JerryZ
1787147206758470481,PPS-GC,sender_signaling,pps_gc_sender_preparation,sender,699,false,32,2,recipient_bits=16;location_bytes=32,450,68,measured,ok,unavailable,rustc,nightly-2021-05-06,Release,JerryZ
1787147206760018598,PPS-GC,sender_signaling,message_encryption,sender,699,false,32,2,recipient_bits=16;location_bytes=32,-1,,not_applicable,not_applicable,unavailable,rustc,nightly-2021-05-06,Release,JerryZ
1787147206761490196,PPS-GC,sender_signaling,pps_gc_sender_total_signaling,sender,699,false,32,2,recipient_bits=16;location_bytes=32,10699,68,measured,ok,unavailable,rustc,nightly-2021-05-06,Release,JerryZ
1787147206762764948,PPS-GC,sender_signaling,pps_gc_share_generation,sender,700,false,32,2,recipient_bits=16;location_bytes=32,9698,68,measured,ok,unavailable,rustc,nightly-2021-05-06,Release,JerryZ
1787147206764013344,PPS-GC,sender_signaling,pps_gc_sender_preparation,sender,700,false,32,2,recipient_bits=16;location_bytes=32,147,68,measured,ok,unavailable,rustc,nightly-2021-05-06,Release,JerryZ
1787147206765555602,PPS-GC,sender_signaling,message_encryption,sender,700,false,32,2,recipient_bits=16;location_bytes=32,-1,,not_applicable,not_applicable,unavailable,rustc,nightly-2021-05-06,Release,JerryZ
1787147206767066304,PPS-GC,sender_signaling,pps_gc_sender_total_signaling,sender,700,false,32,2,recipient_bits=16;location_bytes=32,11415,68,measured,ok,unavailable,rustc,nightly-2021-05-06,Release,JerryZ
1787147206768606294,PPS-GC,sender_signaling,pps_gc_share_generation,sender,701,false,32,2,recipient_bits=16;location_bytes=32,10451,68,measured,ok,unavailable,rustc,nightly-2021-05-06,Release,JerryZ
1787147206770425470,PPS-GC,sender_signaling,pps_gc_sender_preparation,sender,701,false,32,2,recipient_bits=16;location_bytes=32,790,68,measured,ok,unavailable,rustc,nightly-2021-05-06,Release,JerryZ
1787147206771762902,PPS-GC,sender_signaling,message_encryption,sender,701,false,32,2,recipient_bits=16;location_bytes=32,-1,,not_applicable,not_applicable,unavailable,rustc,nightly-2021-05-06,Release,JerryZ
1787147206772991910,PPS-GC,sender_signaling,pps_gc_sender_total_signaling,sender,701,false,32,2,recipient_bits=16;location_bytes=32,11847,68,measured,ok,unavailable,rustc,nightly-2021-05-06,Release,JerryZ
1787147206774338352,PPS-GC,sender_signaling,pps_gc_share_generation,sender,702,false,32,2,recipient_bits=16;location_bytes=32,10469,68,measured,ok,unavailable,rustc,nightly-2021-05-06,Release,JerryZ
1787147206775543804,PPS-GC,sender_signaling,pps_gc_sender_preparation,sender,702,false,32,2,recipient_bits=16;location_bytes=32,331,68,measured,ok,unavailable,rustc,nightly-2021-05-06,Release,JerryZ
1787147206777331498,PPS-GC,sender_signaling,message_encryption,sender,702,false,32,2,recipient_bits=16;location_bytes=32,-1,,not_applicable,not_applicable,unavailable,rustc,nightly-2021-05-06,Release,JerryZ
1787147206779019172,PPS-GC,sender_signaling,pps_gc_sender_total_signaling,sender,702,false,32,2,recipient_bits=16;location_bytes=32,10883,68,measured,ok,unavailable,rustc,nightly-2021-05-06,Release,JerryZ
1787147206780398445,PPS-GC,sender_signaling,pps_gc_share_generation,sender,703,false,32,2,recipient_bits=16;location_bytes=32,10121,68,measured,ok,unavailable,rustc,nightly-2021-05-06,Release,JerryZ
1787147206781597423,PPS-GC,sender_signaling,pps_gc_sender_preparation,sender,703,false,32,2,recipient_bits=16;location_bytes=32,367,68,measured,ok,unavailable,rustc,nightly-2021-05-06,Release,JerryZ
1787147206782793747,PPS-GC,sender_signaling,message_encryption,sender,703,false,32,2,recipient_bits=16;location_bytes=32,-1,,not_applicable,not_applicable,unavailable,rustc,nightly-2021-05-06,Release,JerryZ
1787147206784083304,PPS-GC,sender_signaling,pps_gc_sender_total_signaling,sender,703,false,32,2,recipient_bits=16;location_bytes=32,10075,68,measured,ok,unavailable,rustc,nightly-2021-05-06,Release,JerryZ
1787147206785535028,PPS-GC,sender_signaling,pps_gc_share_generation,sender,704,false,32,2,recipient_bits=16;location_bytes=32,21848,68,measured,ok,unavailable,rustc,nightly-2021-05-06,Release,JerryZ
1787147206787546769,PPS-GC,sender_signaling,pps_gc_sender_preparation,sender,704,false,32,2,recipient_bits=16;location_bytes=32,276,68,measured,ok,unavailable,rustc,nightly-2021-05-06,Release,JerryZ
1787147206788950857,PPS-GC,sender_signaling,message_encryption,sender,704,false,32,2,recipient_bits=16;location_bytes=32,-1,,not_applicable,not_applicable,unavailable,rustc,nightly-2021-05-06,Release,JerryZ
1787147206790300706,PPS-GC,sender_signaling,pps_gc_sender_total_signaling,sender,704,false,32,2,recipient_bits=16;location_bytes=32,23327,68,measured,ok,unavailable,rustc,nightly-2021-05-06,Release,JerryZ
1787147206792117062,PPS-GC,sender_signaling,pps_gc_share_generation,sender,705,false,32,2,recipient_bits=16;location_bytes=32,10360,68,measured,ok,unavailable,rustc,nightly-2021-05-06,Release,JerryZ
1787147206793395218,PPS-GC,sender_signaling,pps_gc_sender_preparation,sender,705,false,32,2,recipient_bits=16;location_bytes=32,368,68,measured,ok,unavailable,rustc,nightly-2021-05-06,Release,JerryZ
1787147206794676753,PPS-GC,sender_signaling,message_encryption,sender,705,false,32,2,recipient_bits=16;location_bytes=32,-1,,not_applicable,not_applicable,unavailable,rustc,nightly-2021-05-06,Release,JerryZ
1787147206795829922,PPS-GC,sender_signaling,pps_gc_sender_total_signaling,sender,705,false,32,2,recipient_bits=16;location_bytes=32,10267,68,measured,ok,unavailable,rustc,nightly-2021-05-06,Release,JerryZ
1787147206797294261,PPS-GC,sender_signaling,pps_gc_share_generation,sender,706,false,32,2,recipient_bits=16;location_bytes=32,9744,68,measured,ok,unavailable,rustc,nightly-2021-05-06,Release,JerryZ
1787147206798736237,PPS-GC,sender_signaling,pps_gc_sender_preparation,sender,706,false,32,2,recipient_bits=16;location_bytes=32,220,68,measured,ok,unavailable,rustc,nightly-2021-05-06,Release,JerryZ
1787147206800629417,PPS-GC,sender_signaling,message_encryption,sender,706,false,32,2,recipient_bits=16;location_bytes=32,-1,,not_applicable,not_applicable,unavailable,rustc,nightly-2021-05-06,Release,JerryZ
1787147206802532881,PPS-GC,sender_signaling,pps_gc_sender_total_signaling,sender,706,false,32,2,recipient_bits=16;location_bytes=32,11489,68,measured,ok,unavailable,rustc,nightly-2021-05-06,Release,JerryZ
1787147206803968415,PPS-GC,sender_signaling,pps_gc_share_generation,sender,707,false,32,2,recipient_bits=16;location_bytes=32,10700,68,measured,ok,unavailable,rustc,nightly-2021-05-06,Release,JerryZ
1787147206805435136,PPS-GC,sender_signaling,pps_gc_sender_preparation,sender,707,false,32,2,recipient_bits=16;location_bytes=32,579,68,measured,ok,unavailable,rustc,nightly-2021-05-06,Release,JerryZ
1787147206806936443,PPS-GC,sender_signaling,message_encryption,sender,707,false,32,2,recipient_bits=16;location_bytes=32,-1,,not_applicable,not_applicable,unavailable,rustc,nightly-2021-05-06,Release,JerryZ
1787147206808434637,PPS-GC,sender_signaling,pps_gc_sender_total_signaling,sender,707,false,32,2,recipient_bits=16;location_bytes=32,14299,68,measured,ok,unavailable,rustc,nightly-2021-05-06,Release,JerryZ
1787147206810296288,PPS-GC,sender_signaling,pps_gc_share_generation,sender,708,false,32,2,recipient_bits=16;location_bytes=32,12609,68,measured,ok,unavailable,rustc,nightly-2021-05-06,Release,JerryZ
1787147206811961278,PPS-GC,sender_signaling,pps_gc_sender_preparation,sender,708,false,32,2,recipient_bits=16;location_bytes=32,817,68,measured,ok,unavailable,rustc,nightly-2021-05-06,Release,JerryZ
1787147206813189763,PPS-GC,sender_signaling,message_encryption,sender,708,false,32,2,recipient_bits=16;location_bytes=32,-1,,not_applicable,not_applicable,unavailable,rustc,nightly-2021-05-06,Release,JerryZ
1787147206814587248,PPS-GC,sender_signaling,pps_gc_sender_total_signaling,sender,708,false,32,2,recipient_bits=16;location_bytes=32,10920,68,measured,ok,unavailable,rustc,nightly-2021-05-06,Release,JerryZ
1787147206815796824,PPS-GC,sender_signaling,pps_gc_share_generation,sender,709,false,32,2,recipient_bits=16;location_bytes=32,21545,68,measured,ok,unavailable,rustc,nightly-2021-05-06,Release,JerryZ
1787147206817134926,PPS-GC,sender_signaling,pps_gc_sender_preparation,sender,709,false,32,2,recipient_bits=16;location_bytes=32,257,68,measured,ok,unavailable,rustc,nightly-2021-05-06,Release,JerryZ
1787147206818763750,PPS-GC,sender_signaling,message_encryption,sender,709,false,32,2,recipient_bits=16;location_bytes=32,-1,,not_applicable,not_applicable,unavailable,rustc,nightly-2021-05-06,Release,JerryZ
1787147206819975705,PPS-GC,sender_signaling,pps_gc_sender_total_signaling,sender,709,false,32,2,recipient_bits=16;location_bytes=32,10065,68,measured,ok,unavailable,rustc,nightly-2021-05-06,Release,JerryZ
1787147206821209213,PPS-GC,sender_signaling,pps_gc_share_generation,sender,710,false,32,2,recipient_bits=16;location_bytes=32,9735,68,measured,ok,unavailable,rustc,nightly-2021-05-06,Release,JerryZ
1787147206822363310,PPS-GC,sender_signaling,pps_gc_sender_preparation,sender,710,false,32,2,recipient_bits=16;location_bytes=32,147,68,measured,ok,unavailable,rustc,nightly-2021-05-06,Release,JerryZ
1787147206823870201,PPS-GC,sender_signaling,message_encryption,sender,710,false,32,2,recipient_bits=16;location_bytes=32,-1,,not_applicable,not_applicable,unavailable,rustc,nightly-2021-05-06,Release,JerryZ
1787147206825215770,PPS-GC,sender_signaling,pps_gc_sender_total_signaling,sender,710,false,32,2,recipient_bits=16;location_bytes=32,23290,68,measured,ok,unavailable,rustc,nightly-2021-05-06,Release,JerryZ
1787147206826552192,PPS-GC,sender_signaling,pps_gc_share_generation,sender,711,false,32,2,recipient_bits=16;location_bytes=32,10074,68,measured,ok,unavailable,rustc,nightly-2021-05-06,Release,JerryZ
1787147206828145199,PPS-GC,sender_signaling,pps_gc_sender_preparation,sender,711,false,32,2,recipient_bits=16;location_bytes=32,147,68,measured,ok,unavailable,rustc,nightly-2021-05-06,Release,JerryZ
1787147206829548374,PPS-GC,sender_signaling,message_encryption,sender,711,false,32,2,recipient_bits=16;location_bytes=32,-1,,not_applicable,not_applicable,unavailable,rustc,nightly-2021-05-06,Release,JerryZ
1787147206830938599,PPS-GC,sender_signaling,pps_gc_sender_total_signaling,sender,711,false,32,2,recipient_bits=16;location_bytes=32,10735,68,measured,ok,unavailable,rustc,nightly-2021-05-06,Release,JerryZ
1787147206832303628,PPS-GC,sender_signaling,pps_gc_share_generation,sender,712,false,32,2,recipient_bits=16;location_bytes=32,10230,68,measured,ok,unavailable,rustc,nightly-2021-05-06,Release,JerryZ
1787147206833671734,PPS-GC,sender_signaling,pps_gc_sender_preparation,sender,712,false,32,2,recipient_bits=16;location_bytes=32,220,68,measured,ok,unavailable,rustc,nightly-2021-05-06,Release,JerryZ
1787147206835541862,PPS-GC,sender_signaling,message_encryption,sender,712,false,32,2,recipient_bits=16;location_bytes=32,-1,,not_applicable,not_applicable,unavailable,rustc,nightly-2021-05-06,Release,JerryZ
1787147206837159647,PPS-GC,sender_signaling,pps_gc_sender_total_signaling,sender,712,false,32,2,recipient_bits=16;location_bytes=32,14777,68,measured,ok,unavailable,rustc,nightly-2021-05-06,Release,JerryZ
1787147206838843032,PPS-GC,sender_signaling,pps_gc_share_generation,sender,713,false,32,2,recipient_bits=16;location_bytes=32,10221,68,measured,ok,unavailable,rustc,nightly-2021-05-06,Release,JerryZ
1787147206840134472,PPS-GC,sender_signaling,pps_gc_sender_preparation,sender,713,false,32,2,recipient_bits=16;location_bytes=32,450,68,measured,ok,unavailable,rustc,nightly-2021-05-06,Release,JerryZ
1787147206841651961,PPS-GC,sender_signaling,message_encryption,sender,713,false,32,2,recipient_bits=16;location_bytes=32,-1,,not_applicable,not_applicable,unavailable,rustc,nightly-2021-05-06,Release,JerryZ
1787147206842962080,PPS-GC,sender_signaling,pps_gc_sender_total_signaling,sender,713,false,32,2,recipient_bits=16;location_bytes=32,10809,68,measured,ok,unavailable,rustc,nightly-2021-05-06,Release,JerryZ
1787147206844184091,PPS-GC,sender_signaling,pps_gc_share_generation,sender,714,false,32,2,recipient_bits=16;location_bytes=32,9597,68,measured,ok,unavailable,rustc,nightly-2021-05-06,Release,JerryZ
1787147206845362075,PPS-GC,sender_signaling,pps_gc_sender_preparation,sender,714,false,32,2,recipient_bits=16;location_bytes=32,138,68,measured,ok,unavailable,rustc,nightly-2021-05-06,Release,JerryZ
1787147206846946734,PPS-GC,sender_signaling,message_encryption,sender,714,false,32,2,recipient_bits=16;location_bytes=32,-1,,not_applicable,not_applicable,unavailable,rustc,nightly-2021-05-06,Release,JerryZ
1787147206848381956,PPS-GC,sender_signaling,pps_gc_sender_total_signaling,sender,714,false,32,2,recipient_bits=16;location_bytes=32,12426,68,measured,ok,unavailable,rustc,nightly-2021-05-06,Release,JerryZ
1787147206849850992,PPS-GC,sender_signaling,pps_gc_share_generation,sender,715,false,32,2,recipient_bits=16;location_bytes=32,10314,68,measured,ok,unavailable,rustc,nightly-2021-05-06,Release,JerryZ
1787147206851092344,PPS-GC,sender_signaling,pps_gc_sender_preparation,sender,715,false,32,2,recipient_bits=16;location_bytes=32,294,68,measured,ok,unavailable,rustc,nightly-2021-05-06,Release,JerryZ
1787147206852907163,PPS-GC,sender_signaling,message_encryption,sender,715,false,32,2,recipient_bits=16;location_bytes=32,-1,,not_applicable,not_applicable,unavailable,rustc,nightly-2021-05-06,Release,JerryZ
1787147206854176061,PPS-GC,sender_signaling,pps_gc_sender_total_signaling,sender,715,false,32,2,recipient_bits=16;location_bytes=32,10662,68,measured,ok,unavailable,rustc,nightly-2021-05-06,Release,JerryZ
1787147206855479191,PPS-GC,sender_signaling,pps_gc_share_generation,sender,716,false,32,2,recipient_bits=16;location_bytes=32,9799,68,measured,ok,unavailable,rustc,nightly-2021-05-06,Release,JerryZ
1787147206856916313,PPS-GC,sender_signaling,pps_gc_sender_preparation,sender,716,false,32,2,recipient_bits=16;location_bytes=32,212,68,measured,ok,unavailable,rustc,nightly-2021-05-06,Release,JerryZ
1787147206858249025,PPS-GC,sender_signaling,message_encryption,sender,716,false,32,2,recipient_bits=16;location_bytes=32,-1,,not_applicable,not_applicable,unavailable,rustc,nightly-2021-05-06,Release,JerryZ
1787147206859827935,PPS-GC,sender_signaling,pps_gc_sender_total_signaling,sender,716,false,32,2,recipient_bits=16;location_bytes=32,11131,68,measured,ok,unavailable,rustc,nightly-2021-05-06,Release,JerryZ
1787147206861244431,PPS-GC,sender_signaling,pps_gc_share_generation,sender,717,false,32,2,recipient_bits=16;location_bytes=32,9891,68,measured,ok,unavailable,rustc,nightly-2021-05-06,Release,JerryZ
1787147206862588742,PPS-GC,sender_signaling,pps_gc_sender_preparation,sender,717,false,32,2,recipient_bits=16;location_bytes=32,505,68,measured,ok,unavailable,rustc,nightly-2021-05-06,Release,JerryZ
1787147206863951273,PPS-GC,sender_signaling,message_encryption,sender,717,false,32,2,recipient_bits=16;location_bytes=32,-1,,not_applicable,not_applicable,unavailable,rustc,nightly-2021-05-06,Release,JerryZ
1787147206865877459,PPS-GC,sender_signaling,pps_gc_sender_total_signaling,sender,717,false,32,2,recipient_bits=16;location_bytes=32,23428,68,measured,ok,unavailable,rustc,nightly-2021-05-06,Release,JerryZ
1787147206867690160,PPS-GC,sender_signaling,pps_gc_share_generation,sender,718,false,32,2,recipient_bits=16;location_bytes=32,10956,68,measured,ok,unavailable,rustc,nightly-2021-05-06,Release,JerryZ
1787147206869274130,PPS-GC,sender_signaling,pps_gc_sender_preparation,sender,718,false,32,2,recipient_bits=16;location_bytes=32,606,68,measured,ok,unavailable,rustc,nightly-2021-05-06,Release,JerryZ
1787147206870802768,PPS-GC,sender_signaling,message_encryption,sender,718,false,32,2,recipient_bits=16;location_bytes=32,-1,,not_applicable,not_applicable,unavailable,rustc,nightly-2021-05-06,Release,JerryZ
1787147206872179030,PPS-GC,sender_signaling,pps_gc_sender_total_signaling,sender,718,false,32,2,recipient_bits=16;location_bytes=32,10801,68,measured,ok,unavailable,rustc,nightly-2021-05-06,Release,JerryZ
1787147206873716631,PPS-GC,sender_signaling,pps_gc_share_generation,sender,719,false,32,2,recipient_bits=16;location_bytes=32,9698,68,measured,ok,unavailable,rustc,nightly-2021-05-06,Release,JerryZ
1787147206874896029,PPS-GC,sender_signaling,pps_gc_sender_preparation,sender,719,false,32,2,recipient_bits=16;location_bytes=32,441,68,measured,ok,unavailable,rustc,nightly-2021-05-06,Release,JerryZ
1787147206876064439,PPS-GC,sender_signaling,message_encryption,sender,719,false,32,2,recipient_bits=16;location_bytes=32,-1,,not_applicable,not_applicable,unavailable,rustc,nightly-2021-05-06,Release,JerryZ
1787147206877375536,PPS-GC,sender_signaling,pps_gc_sender_total_signaling,sender,719,false,32,2,recipient_bits=16;location_bytes=32,10268,68,measured,ok,unavailable,rustc,nightly-2021-05-06,Release,JerryZ
1787147206879080806,PPS-GC,sender_signaling,pps_gc_share_generation,sender,720,false,32,2,recipient_bits=16;location_bytes=32,12049,68,measured,ok,unavailable,rustc,nightly-2021-05-06,Release,JerryZ
1787147206880654968,PPS-GC,sender_signaling,pps_gc_sender_preparation,sender,720,false,32,2,recipient_bits=16;location_bytes=32,716,68,measured,ok,unavailable,rustc,nightly-2021-05-06,Release,JerryZ
1787147206882293950,PPS-GC,sender_signaling,message_encryption,sender,720,false,32,2,recipient_bits=16;location_bytes=32,-1,,not_applicable,not_applicable,unavailable,rustc,nightly-2021-05-06,Release,JerryZ
1787147206883620416,PPS-GC,sender_signaling,pps_gc_sender_total_signaling,sender,720,false,32,2,recipient_bits=16;location_bytes=32,10809,68,measured,ok,unavailable,rustc,nightly-2021-05-06,Release,JerryZ
1787147206885016377,PPS-GC,sender_signaling,pps_gc_share_generation,sender,721,false,32,2,recipient_bits=16;location_bytes=32,9808,68,measured,ok,unavailable,rustc,nightly-2021-05-06,Release,JerryZ
1787147206886448934,PPS-GC,sender_signaling,pps_gc_sender_preparation,sender,721,false,32,2,recipient_bits=16;location_bytes=32,147,68,measured,ok,unavailable,rustc,nightly-2021-05-06,Release,JerryZ
1787147206887609285,PPS-GC,sender_signaling,message_encryption,sender,721,false,32,2,recipient_bits=16;location_bytes=32,-1,,not_applicable,not_applicable,unavailable,rustc,nightly-2021-05-06,Release,JerryZ
1787147206889067769,PPS-GC,sender_signaling,pps_gc_sender_total_signaling,sender,721,false,32,2,recipient_bits=16;location_bytes=32,22363,68,measured,ok,unavailable,rustc,nightly-2021-05-06,Release,JerryZ
1787147206890710195,PPS-GC,sender_signaling,pps_gc_share_generation,sender,722,false,32,2,recipient_bits=16;location_bytes=32,9891,68,measured,ok,unavailable,rustc,nightly-2021-05-06,Release,JerryZ
1787147206891941637,PPS-GC,sender_signaling,pps_gc_sender_preparation,sender,722,false,32,2,recipient_bits=16;location_bytes=32,358,68,measured,ok,unavailable,rustc,nightly-2021-05-06,Release,JerryZ
1787147206893215858,PPS-GC,sender_signaling,message_encryption,sender,722,false,32,2,recipient_bits=16;location_bytes=32,-1,,not_applicable,not_applicable,unavailable,rustc,nightly-2021-05-06,Release,JerryZ
1787147206894664786,PPS-GC,sender_signaling,pps_gc_sender_total_signaling,sender,722,false,32,2,recipient_bits=16;location_bytes=32,11452,68,measured,ok,unavailable,rustc,nightly-2021-05-06,Release,JerryZ
1787147206896295176,PPS-GC,sender_signaling,pps_gc_share_generation,sender,723,false,32,2,recipient_bits=16;location_bytes=32,10387,68,measured,ok,unavailable,rustc,nightly-2021-05-06,Release,JerryZ
1787147206898331126,PPS-GC,sender_signaling,pps_gc_sender_preparation,sender,723,false,32,2,recipient_bits=16;location_bytes=32,377,68,measured,ok,unavailable,rustc,nightly-2021-05-06,Release,JerryZ
1787147206899864053,PPS-GC,sender_signaling,message_encryption,sender,723,false,32,2,recipient_bits=16;location_bytes=32,-1,,not_applicable,not_applicable,unavailable,rustc,nightly-2021-05-06,Release,JerryZ
1787147206901123138,PPS-GC,sender_signaling,pps_gc_sender_total_signaling,sender,723,false,32,2,recipient_bits=16;location_bytes=32,10846,68,measured,ok,unavailable,rustc,nightly-2021-05-06,Release,JerryZ
1787147206902479792,PPS-GC,sender_signaling,pps_gc_share_generation,sender,724,false,32,2,recipient_bits=16;location_bytes=32,9946,68,measured,ok,unavailable,rustc,nightly-2021-05-06,Release,JerryZ
1787147206903784108,PPS-GC,sender_signaling,pps_gc_sender_preparation,sender,724,false,32,2,recipient_bits=16;location_bytes=32,450,68,measured,ok,unavailable,rustc,nightly-2021-05-06,Release,JerryZ
1787147206905409010,PPS-GC,sender_signaling,message_encryption,sender,724,false,32,2,recipient_bits=16;location_bytes=32,-1,,not_applicable,not_applicable,unavailable,rustc,nightly-2021-05-06,Release,JerryZ
1787147206906918344,PPS-GC,sender_signaling,pps_gc_sender_total_signaling,sender,724,false,32,2,recipient_bits=16;location_bytes=32,10791,68,measured,ok,unavailable,rustc,nightly-2021-05-06,Release,JerryZ
1787147206908479291,PPS-GC,sender_signaling,pps_gc_share_generation,sender,725,false,32,2,recipient_bits=16;location_bytes=32,11333,68,measured,ok,unavailable,rustc,nightly-2021-05-06,Release,JerryZ
1787147206910118080,PPS-GC,sender_signaling,pps_gc_sender_preparation,sender,725,false,32,2,recipient_bits=16;location_bytes=32,689,68,measured,ok,unavailable,rustc,nightly-2021-05-06,Release,JerryZ
1787147206911893256,PPS-GC,sender_signaling,message_encryption,sender,725,false,32,2,recipient_bits=16;location_bytes=32,-1,,not_applicable,not_applicable,unavailable,rustc,nightly-2021-05-06,Release,JerryZ
1787147206913499883,PPS-GC,sender_signaling,pps_gc_sender_total_signaling,sender,725,false,32,2,recipient_bits=16;location_bytes=32,11232,68,measured,ok,unavailable,rustc,nightly-2021-05-06,Release,JerryZ
1787147206914841723,PPS-GC,sender_signaling,pps_gc_share_generation,sender,726,false,32,2,recipient_bits=16;location_bytes=32,10240,68,measured,ok,unavailable,rustc,nightly-2021-05-06,Release,JerryZ
1787147206916413948,PPS-GC,sender_signaling,pps_gc_sender_preparation,sender,726,false,32,2,recipient_bits=16;location_bytes=32,459,68,measured,ok,unavailable,rustc,nightly-2021-05-06,Release,JerryZ
1787147206917581664,PPS-GC,sender_signaling,message_encryption,sender,726,false,32,2,recipient_bits=16;location_bytes=32,-1,,not_applicable,not_applicable,unavailable,rustc,nightly-2021-05-06,Release,JerryZ
1787147206918656008,PPS-GC,sender_signaling,pps_gc_sender_total_signaling,sender,726,false,32,2,recipient_bits=16;location_bytes=32,10479,68,measured,ok,unavailable,rustc,nightly-2021-05-06,Release,JerryZ
1787147206919739289,PPS-GC,sender_signaling,pps_gc_share_generation,sender,727,false,32,2,recipient_bits=16;location_bytes=32,9799,68,measured,ok,unavailable,rustc,nightly-2021-05-06,Release,JerryZ
1787147206920911974,PPS-GC,sender_signaling,pps_gc_sender_preparation,sender,727,false,32,2,recipient_bits=16;location_bytes=32,147,68,measured,ok,unavailable,rustc,nightly-2021-05-06,Release,JerryZ
1787147206922129668,PPS-GC,sender_signaling,message_encryption,sender,727,false,32,2,recipient_bits=16;location_bytes=32,-1,,not_applicable,not_applicable,unavailable,rustc,nightly-2021-05-06,Release,JerryZ
1787147206923603819,PPS-GC,sender_signaling,pps_gc_sender_total_signaling,sender,727,false,32,2,recipient_bits=16;location_bytes=32,22013,68,measured,ok,unavailable,rustc,nightly-2021-05-06,Release,JerryZ
1787147206925081937,PPS-GC,sender_signaling,pps_gc_share_generation,sender,728,false,32,2,recipient_bits=16;location_bytes=32,22445,68,measured,ok,unavailable,rustc,nightly-2021-05-06,Release,JerryZ
1787147206926502528,PPS-GC,sender_signaling,pps_gc_sender_preparation,sender,728,false,32,2,recipient_bits=16;location_bytes=32,414,68,measured,ok,unavailable,rustc,nightly-2021-05-06,Release,JerryZ
1787147206927685563,PPS-GC,sender_signaling,message_encryption,sender,728,false,32,2,recipient_bits=16;location_bytes=32,-1,,not_applicable,not_applicable,unavailable,rustc,nightly-2021-05-06,Release,JerryZ
1787147206929223922,PPS-GC,sender_signaling,pps_gc_sender_total_signaling,sender,728,false,32,2,recipient_bits=16;location_bytes=32,24162,68,measured,ok,unavailable,rustc,nightly-2021-05-06,Release,JerryZ
1787147206930806208,PPS-GC,sender_signaling,pps_gc_share_generation,sender,729,false,32,2,recipient_bits=16;location_bytes=32,10001,68,measured,ok,unavailable,rustc,nightly-2021-05-06,Release,JerryZ
1787147206932025518,PPS-GC,sender_signaling,pps_gc_sender_preparation,sender,729,false,32,2,recipient_bits=16;location_bytes=32,220,68,measured,ok,unavailable,rustc,nightly-2021-05-06,Release,JerryZ
1787147206933183959,PPS-GC,sender_signaling,message_encryption,sender,729,false,32,2,recipient_bits=16;location_bytes=32,-1,,not_applicable,not_applicable,unavailable,rustc,nightly-2021-05-06,Release,JerryZ
1787147206934342693,PPS-GC,sender_signaling,pps_gc_sender_total_signaling,sender,729,false,32,2,recipient_bits=16;location_bytes=32,10561,68,measured,ok,unavailable,rustc,nightly-2021-05-06,Release,JerryZ
1787147206935745165,PPS-GC,sender_signaling,pps_gc_share_generation,sender,730,false,32,2,recipient_bits=16;location_bytes=32,9799,68,measured,ok,unavailable,rustc,nightly-2021-05-06,Release,JerryZ
1787147206937048755,PPS-GC,sender_signaling,pps_gc_sender_preparation,sender,730,false,32,2,recipient_bits=16;location_bytes=32,147,68,measured,ok,unavailable,rustc,nightly-2021-05-06,Release,JerryZ
1787147206938456071,PPS-GC,sender_signaling,message_encryption,sender,730,false,32,2,recipient_bits=16;location_bytes=32,-1,,not_applicable,not_applicable,unavailable,rustc,nightly-2021-05-06,Release,JerryZ
1787147206939764948,PPS-GC,sender_signaling,pps_gc_sender_total_signaling,sender,730,false,32,2,recipient_bits=16;location_bytes=32,10864,68,measured,ok,unavailable,rustc,nightly-2021-05-06,Release,JerryZ
1787147206941298546,PPS-GC,sender_signaling,pps_gc_share_generation,sender,731,false,32,2,recipient_bits=16;location_bytes=32,22142,68,measured,ok,unavailable,rustc,nightly-2021-05-06,Release,JerryZ
1787147206942883196,PPS-GC,sender_signaling,pps_gc_sender_preparation,sender,731,false,32,2,recipient_bits=16;location_bytes=32,385,68,measured,ok,unavailable,rustc,nightly-2021-05-06,Release,JerryZ
1787147206944127009,PPS-GC,sender_signaling,message_encryption,sender,731,false,32,2,recipient_bits=16;location_bytes=32,-1,,not_applicable,not_applicable,unavailable,rustc,nightly-2021-05-06,Release,JerryZ
1787147206945544836,PPS-GC,sender_signaling,pps_gc_sender_total_signaling,sender,731,false,32,2,recipient_bits=16;location_bytes=32,10276,68,measured,ok,unavailable,rustc,nightly-2021-05-06,Release,JerryZ
1787147206946829370,PPS-GC,sender_signaling,pps_gc_share_generation,sender,732,false,32,2,recipient_bits=16;location_bytes=32,21784,68,measured,ok,unavailable,rustc,nightly-2021-05-06,Release,JerryZ
1787147206948169217,PPS-GC,sender_signaling,pps_gc_sender_preparation,sender,732,false,32,2,recipient_bits=16;location_bytes=32,275,68,measured,ok,unavailable,rustc,nightly-2021-05-06,Release,JerryZ
1787147206949241376,PPS-GC,sender_signaling,message_encryption,sender,732,false,32,2,recipient_bits=16;location_bytes=32,-1,,not_applicable,not_applicable,unavailable,rustc,nightly-2021-05-06,Release,JerryZ
1787147206950405580,PPS-GC,sender_signaling,pps_gc_sender_total_signaling,sender,732,false,32,2,recipient_bits=16;location_bytes=32,10056,68,measured,ok,unavailable,rustc,nightly-2021-05-06,Release,JerryZ
1787147206951582080,PPS-GC,sender_signaling,pps_gc_share_generation,sender,733,false,32,2,recipient_bits=16;location_bytes=32,22252,68,measured,ok,unavailable,rustc,nightly-2021-05-06,Release,JerryZ
1787147206953201059,PPS-GC,sender_signaling,pps_gc_sender_preparation,sender,733,false,32,2,recipient_bits=16;location_bytes=32,285,68,measured,ok,unavailable,rustc,nightly-2021-05-06,Release,JerryZ
1787147206954478852,PPS-GC,sender_signaling,message_encryption,sender,733,false,32,2,recipient_bits=16;location_bytes=32,-1,,not_applicable,not_applicable,unavailable,rustc,nightly-2021-05-06,Release,JerryZ
1787147206955619430,PPS-GC,sender_signaling,pps_gc_sender_total_signaling,sender,733,false,32,2,recipient_bits=16;location_bytes=32,10717,68,measured,ok,unavailable,rustc,nightly-2021-05-06,Release,JerryZ
1787147206956980336,PPS-GC,sender_signaling,pps_gc_share_generation,sender,734,false,32,2,recipient_bits=16;location_bytes=32,10185,68,measured,ok,unavailable,rustc,nightly-2021-05-06,Release,JerryZ
1787147206958225958,PPS-GC,sender_signaling,pps_gc_sender_preparation,sender,734,false,32,2,recipient_bits=16;location_bytes=32,211,68,measured,ok,unavailable,rustc,nightly-2021-05-06,Release,JerryZ
1787147206959834614,PPS-GC,sender_signaling,message_encryption,sender,734,false,32,2,recipient_bits=16;location_bytes=32,-1,,not_applicable,not_applicable,unavailable,rustc,nightly-2021-05-06,Release,JerryZ
1787147206960936969,PPS-GC,sender_signaling,pps_gc_sender_total_signaling,sender,734,false,32,2,recipient_bits=16;location_bytes=32,10699,68,measured,ok,unavailable,rustc,nightly-2021-05-06,Release,JerryZ
1787147206962104851,PPS-GC,sender_signaling,pps_gc_share_generation,sender,735,false,32,2,recipient_bits=16;location_bytes=32,9744,68,measured,ok,unavailable,rustc,nightly-2021-05-06,Release,JerryZ
1787147206963368648,PPS-GC,sender_signaling,pps_gc_sender_preparation,sender,735,false,32,2,recipient_bits=16;location_bytes=32,220,68,measured,ok,unavailable,rustc,nightly-2021-05-06,Release,JerryZ
1787147206964715659,PPS-GC,sender_signaling,message_encryption,sender,735,false,32,2,recipient_bits=16;location_bytes=32,-1,,not_applicable,not_applicable,unavailable,rustc,nightly-2021-05-06,Release,JerryZ
1787147206966037690,PPS-GC,sender_signaling,pps_gc_sender_total_signaling,sender,735,false,32,2,recipient_bits=16;location_bytes=32,10387,68,measured,ok,unavailable,rustc,nightly-2021-05-06,Release,JerryZ
1787147206967238495,PPS-GC,sender_signaling,pps_gc_share_generation,sender,736,false,32,2,recipient_bits=16;location_bytes=32,9780,68,measured,ok,unavailable,rustc,nightly-2021-05-06,Release,JerryZ
1787147206969022864,PPS-GC,sender_signaling,pps_gc_sender_preparation,sender,736,false,32,2,recipient_bits=16;location_bytes=32,147,68,measured,ok,unavailable,rustc,nightly-2021-05-06,Release,JerryZ
1787147206970577520,PPS-GC,sender_signaling,message_encryption,sender,736,false,32,2,recipient_bits=16;location_bytes=32,-1,,not_applicable,not_applicable,unavailable,rustc,nightly-2021-05-06,Release,JerryZ
1787147206972198208,PPS-GC,sender_signaling,pps_gc_sender_total_signaling,sender,736,false,32,2,recipient_bits=16;location_bytes=32,11590,68,measured,ok,unavailable,rustc,nightly-2021-05-06,Release,JerryZ
1787147206973668956,PPS-GC,sender_signaling,pps_gc_share_generation,sender,737,false,32,2,recipient_bits=16;location_bytes=32,22298,68,measured,ok,unavailable,rustc,nightly-2021-05-06,Release,JerryZ
1787147206975487898,PPS-GC,sender_signaling,pps_gc_sender_preparation,sender,737,false,32,2,recipient_bits=16;location_bytes=32,671,68,measured,ok,unavailable,rustc,nightly-2021-05-06,Release,JerryZ
1787147206976637760,PPS-GC,sender_signaling,message_encryption,sender,737,false,32,2,recipient_bits=16;location_bytes=32,-1,,not_applicable,not_applicable,unavailable,rustc,nightly-2021-05-06,Release,JerryZ
1787147206978146819,PPS-GC,sender_signaling,pps_gc_sender_total_signaling,sender,737,false,32,2,recipient_bits=16;location_bytes=32,11296,68,measured,ok,unavailable,rustc,nightly-2021-05-06,Release,JerryZ
1787147206979358333,PPS-GC,sender_signaling,pps_gc_share_generation,sender,738,false,32,2,recipient_bits=16;location_bytes=32,9735,68,measured,ok,unavailable,rustc,nightly-2021-05-06,Release,JerryZ
1787147206980443276,PPS-GC,sender_signaling,pps_gc_sender_preparation,sender,738,false,32,2,recipient_bits=16;location_bytes=32,588,68,measured,ok,unavailable,rustc,nightly-2021-05-06,Release,JerryZ
1787147206981913395,PPS-GC,sender_signaling,message_encryption,sender,738,false,32,2,recipient_bits=16;location_bytes=32,-1,,not_applicable,not_applicable,unavailable,rustc,nightly-2021-05-06,Release,JerryZ
1787147206983063855,PPS-GC,sender_signaling,pps_gc_sender_total_signaling,sender,738,false,32,2,recipient_bits=16;location_bytes=32,10589,68,measured,ok,unavailable,rustc,nightly-2021-05-06,Release,JerryZ
1787147206984571372,PPS-GC,sender_signaling,pps_gc_share_generation,sender,739,false,32,2,recipient_bits=16;location_bytes=32,21876,68,measured,ok,unavailable,rustc,nightly-2021-05-06,Release,JerryZ
1787147206985779809,PPS-GC,sender_signaling,pps_gc_sender_preparation,sender,739,false,32,2,recipient_bits=16;location_bytes=32,367,68,measured,ok,unavailable,rustc,nightly-2021-05-06,Release,JerryZ
1787147206986972790,PPS-GC,sender_signaling,message_encryption,sender,739,false,32,2,recipient_bits=16;location_bytes=32,-1,,not_applicable,not_applicable,unavailable,rustc,nightly-2021-05-06,Release,JerryZ
1787147206988136125,PPS-GC,sender_signaling,pps_gc_sender_total_signaling,sender,739,false,32,2,recipient_bits=16;location_bytes=32,10506,68,measured,ok,unavailable,rustc,nightly-2021-05-06,Release,JerryZ
1787147206989736865,PPS-GC,sender_signaling,pps_gc_share_generation,sender,740,false,32,2,recipient_bits=16;location_bytes=32,22307,68,measured,ok,unavailable,rustc,nightly-2021-05-06,Release,JerryZ
1787147206991281015,PPS-GC,sender_signaling,pps_gc_sender_preparation,sender,740,false,32,2,recipient_bits=16;location_bytes=32,349,68,measured,ok,unavailable,rustc,nightly-2021-05-06,Release,JerryZ
1787147206992725006,PPS-GC,sender_signaling,message_encryption,sender,740,false,32,2,recipient_bits=16;location_bytes=32,-1,,not_applicable,not_applicable,unavailable,rustc,nightly-2021-05-06,Release,JerryZ
1787147206994169466,PPS-GC,sender_signaling,pps_gc_sender_total_signaling,sender,740,false,32,2,recipient_bits=16;location_bytes=32,10562,68,measured,ok,unavailable,rustc,nightly-2021-05-06,Release,JerryZ
1787147206995412223,PPS-GC,sender_signaling,pps_gc_share_generation,sender,741,false,32,2,recipient_bits=16;location_bytes=32,10277,68,measured,ok,unavailable,rustc,nightly-2021-05-06,Release,JerryZ
1787147206996876042,PPS-GC,sender_signaling,pps_gc_sender_preparation,sender,741,false,32,2,recipient_bits=16;location_bytes=32,367,68,measured,ok,unavailable,rustc,nightly-2021-05-06,Release,JerryZ
1787147206998450783,PPS-GC,sender_signaling,message_encryption,sender,741,false,32,2,recipient_bits=16;location_bytes=32,-1,,not_applicable,not_applicable,unavailable,rustc,nightly-2021-05-06,Release,JerryZ
1787147206999691804,PPS-GC,sender_signaling,pps_gc_sender_total_signaling,sender,741,false,32,2,recipient_bits=16;location_bytes=32,22537,68,measured,ok,unavailable,rustc,nightly-2021-05-06,Release,JerryZ
1787147207001065916,PPS-GC,sender_signaling,pps_gc_share_generation,sender,742,false,32,2,recipient_bits=16;location_bytes=32,10002,68,measured,ok,unavailable,rustc,nightly-2021-05-06,Release,JerryZ
1787147207002716221,PPS-GC,sender_signaling,pps_gc_sender_preparation,sender,742,false,32,2,recipient_bits=16;location_bytes=32,230,68,measured,ok,unavailable,rustc,nightly-2021-05-06,Release,JerryZ
1787147207004144922,PPS-GC,sender_signaling,message_encryption,sender,742,false,32,2,recipient_bits=16;location_bytes=32,-1,,not_applicable,not_applicable,unavailable,rustc,nightly-2021-05-06,Release,JerryZ
1787147207005750621,PPS-GC,sender_signaling,pps_gc_sender_total_signaling,sender,742,false,32,2,recipient_bits=16;location_bytes=32,11498,68,measured,ok,unavailable,rustc,nightly-2021-05-06,Release,JerryZ
1787147207007229244,PPS-GC,sender_signaling,pps_gc_share_generation,sender,743,false,32,2,recipient_bits=16;location_bytes=32,11425,68,measured,ok,unavailable,rustc,nightly-2021-05-06,Release,JerryZ
1787147207009072546,PPS-GC,sender_signaling,pps_gc_sender_preparation,sender,743,false,32,2,recipient_bits=16;location_bytes=32,891,68,measured,ok,unavailable,rustc,nightly-2021-05-06,Release,JerryZ
1787147207010363780,PPS-GC,sender_signaling,message_encryption,sender,743,false,32,2,recipient_bits=16;location_bytes=32,-1,,not_applicable,not_applicable,unavailable,rustc,nightly-2021-05-06,Release,JerryZ
1787147207011602445,PPS-GC,sender_signaling,pps_gc_sender_total_signaling,sender,743,false,32,2,recipient_bits=16;location_bytes=32,12527,68,measured,ok,unavailable,rustc,nightly-2021-05-06,Release,JerryZ
1787147207012911655,PPS-GC,sender_signaling,pps_gc_share_generation,sender,744,false,32,2,recipient_bits=16;location_bytes=32,21462,68,measured,ok,unavailable,rustc,nightly-2021-05-06,Release,JerryZ
1787147207014469057,PPS-GC,sender_signaling,pps_gc_sender_preparation,sender,744,false,32,2,recipient_bits=16;location_bytes=32,294,68,measured,ok,unavailable,rustc,nightly-2021-05-06,Release,JerryZ
1787147207015766586,PPS-GC,sender_signaling,message_encryption,sender,744,false,32,2,recipient_bits=16;location_bytes=32,-1,,not_applicable,not_applicable,unavailable,rustc,nightly-2021-05-06,Release,JerryZ
1787147207017334788,PPS-GC,sender_signaling,pps_gc_sender_total_signaling,sender,744,false,32,2,recipient_bits=16;location_bytes=32,20967,68,measured,ok,unavailable,rustc,nightly-2021-05-06,Release,JerryZ
1787147207018728149,PPS-GC,sender_signaling,pps_gc_share_generation,sender,745,false,32,2,recipient_bits=16;location_bytes=32,10010,68,measured,ok,unavailable,rustc,nightly-2021-05-06,Release,JerryZ
1787147207020697709,PPS-GC,sender_signaling,pps_gc_sender_preparation,sender,745,false,32,2,recipient_bits=16;location_bytes=32,211,68,measured,ok,unavailable,rustc,nightly-2021-05-06,Release,JerryZ
1787147207022057274,PPS-GC,sender_signaling,message_encryption,sender,745,false,32,2,recipient_bits=16;location_bytes=32,-1,,not_applicable,not_applicable,unavailable,rustc,nightly-2021-05-06,Release,JerryZ
1787147207023268604,PPS-GC,sender_signaling,pps_gc_sender_total_signaling,sender,745,false,32,2,recipient_bits=16;location_bytes=32,10423,68,measured,ok,unavailable,rustc,nightly-2021-05-06,Release,JerryZ
1787147207024490551,PPS-GC,sender_signaling,pps_gc_share_generation,sender,746,false,32,2,recipient_bits=16;location_bytes=32,9873,68,measured,ok,unavailable,rustc,nightly-2021-05-06,Release,JerryZ
1787147207025772531,PPS-GC,sender_signaling,pps_gc_sender_preparation,sender,746,false,32,2,recipient_bits=16;location_bytes=32,147,68,measured,ok,unavailable,rustc,nightly-2021-05-06,Release,JerryZ
1787147207027308352,PPS-GC,sender_signaling,message_encryption,sender,746,false,32,2,recipient_bits=16;location_bytes=32,-1,,not_applicable,not_applicable,unavailable,rustc,nightly-2021-05-06,Release,JerryZ
1787147207028536241,PPS-GC,sender_signaling,pps_gc_sender_total_signaling,sender,746,false,32,2,recipient_bits=16;location_bytes=32,10690,68,measured,ok,unavailable,rustc,nightly-2021-05-06,Release,JerryZ
1787147207029773699,PPS-GC,sender_signaling,pps_gc_share_generation,sender,747,false,32,2,recipient_bits=16;location_bytes=32,9689,68,measured,ok,unavailable,rustc,nightly-2021-05-06,Release,JerryZ
1787147207031462493,PPS-GC,sender_signaling,pps_gc_sender_preparation,sender,747,false,32,2,recipient_bits=16;location_bytes=32,147,68,measured,ok,unavailable,rustc,nightly-2021-05-06,Release,JerryZ
1787147207032926900,PPS-GC,sender_signaling,message_encryption,sender,747,false,32,2,recipient_bits=16;location_bytes=32,-1,,not_applicable,not_applicable,unavailable,rustc,nightly-2021-05-06,Release,JerryZ
1787147207034513387,PPS-GC,sender_signaling,pps_gc_sender_total_signaling,sender,747,false,32,2,recipient_bits=16;location_bytes=32,11407,68,measured,ok,unavailable,rustc,nightly-2021-05-06,Release,JerryZ
1787147207035904085,PPS-GC,sender_signaling,pps_gc_share_generation,sender,748,false,32,2,recipient_bits=16;location_bytes=32,10093,68,measured,ok,unavailable,rustc,nightly-2021-05-06,Release,JerryZ
1787147207037161655,PPS-GC,sender_signaling,pps_gc_sender_preparation,sender,748,false,32,2,recipient_bits=16;location_bytes=32,239,68,measured,ok,unavailable,rustc,nightly-2021-05-06,Release,JerryZ
1787147207038447879,PPS-GC,sender_signaling,message_encryption,sender,748,false,32,2,recipient_bits=16;location_bytes=32,-1,,not_applicable,not_applicable,unavailable,rustc,nightly-2021-05-06,Release,JerryZ
1787147207040164169,PPS-GC,sender_signaling,pps_gc_sender_total_signaling,sender,748,false,32,2,recipient_bits=16;location_bytes=32,11388,68,measured,ok,unavailable,rustc,nightly-2021-05-06,Release,JerryZ
1787147207041418879,PPS-GC,sender_signaling,pps_gc_share_generation,sender,749,false,32,2,recipient_bits=16;location_bytes=32,10074,68,measured,ok,unavailable,rustc,nightly-2021-05-06,Release,JerryZ
1787147207042711957,PPS-GC,sender_signaling,pps_gc_sender_preparation,sender,749,false,32,2,recipient_bits=16;location_bytes=32,303,68,measured,ok,unavailable,rustc,nightly-2021-05-06,Release,JerryZ
1787147207044084811,PPS-GC,sender_signaling,message_encryption,sender,749,false,32,2,recipient_bits=16;location_bytes=32,-1,,not_applicable,not_applicable,unavailable,rustc,nightly-2021-05-06,Release,JerryZ
1787147207045458152,PPS-GC,sender_signaling,pps_gc_sender_total_signaling,sender,749,false,32,2,recipient_bits=16;location_bytes=32,10644,68,measured,ok,unavailable,rustc,nightly-2021-05-06,Release,JerryZ
1787147207047022580,PPS-GC,sender_signaling,pps_gc_share_generation,sender,750,false,32,2,recipient_bits=16;location_bytes=32,10276,68,measured,ok,unavailable,rustc,nightly-2021-05-06,Release,JerryZ
1787147207048431140,PPS-GC,sender_signaling,pps_gc_sender_preparation,sender,750,false,32,2,recipient_bits=16;location_bytes=32,662,68,measured,ok,unavailable,rustc,nightly-2021-05-06,Release,JerryZ
1787147207049822922,PPS-GC,sender_signaling,message_encryption,sender,750,false,32,2,recipient_bits=16;location_bytes=32,-1,,not_applicable,not_applicable,unavailable,rustc,nightly-2021-05-06,Release,JerryZ
1787147207051487737,PPS-GC,sender_signaling,pps_gc_sender_total_signaling,sender,750,false,32,2,recipient_bits=16;location_bytes=32,11278,68,measured,ok,unavailable,rustc,nightly-2021-05-06,Release,JerryZ
1787147207053155597,PPS-GC,sender_signaling,pps_gc_share_generation,sender,751,false,32,2,recipient_bits=16;location_bytes=32,10139,68,measured,ok,unavailable,rustc,nightly-2021-05-06,Release,JerryZ
1787147207056429780,PPS-GC,sender_signaling,pps_gc_sender_preparation,sender,751,false,32,2,recipient_bits=16;location_bytes=32,395,68,measured,ok,unavailable,rustc,nightly-2021-05-06,Release,JerryZ
1787147207057783486,PPS-GC,sender_signaling,message_encryption,sender,751,false,32,2,recipient_bits=16;location_bytes=32,-1,,not_applicable,not_applicable,unavailable,rustc,nightly-2021-05-06,Release,JerryZ
1787147207059270852,PPS-GC,sender_signaling,pps_gc_sender_total_signaling,sender,751,false,32,2,recipient_bits=16;location_bytes=32,10304,68,measured,ok,unavailable,rustc,nightly-2021-05-06,Release,JerryZ
1787147207060555055,PPS-GC,sender_signaling,pps_gc_share_generation,sender,752,false,32,2,recipient_bits=16;location_bytes=32,22399,68,measured,ok,unavailable,rustc,nightly-2021-05-06,Release,JerryZ
1787147207062309431,PPS-GC,sender_signaling,pps_gc_sender_preparation,sender,752,false,32,2,recipient_bits=16;location_bytes=32,478,68,measured,ok,unavailable,rustc,nightly-2021-05-06,Release,JerryZ
1787147207063720902,PPS-GC,sender_signaling,message_encryption,sender,752,false,32,2,recipient_bits=16;location_bytes=32,-1,,not_applicable,not_applicable,unavailable,rustc,nightly-2021-05-06,Release,JerryZ
1787147207065138357,PPS-GC,sender_signaling,pps_gc_sender_total_signaling,sender,752,false,32,2,recipient_bits=16;location_bytes=32,22905,68,measured,ok,unavailable,rustc,nightly-2021-05-06,Release,JerryZ
1787147207067072840,PPS-GC,sender_signaling,pps_gc_share_generation,sender,753,false,32,2,recipient_bits=16;location_bytes=32,22399,68,measured,ok,unavailable,rustc,nightly-2021-05-06,Release,JerryZ
1787147207068865062,PPS-GC,sender_signaling,pps_gc_sender_preparation,sender,753,false,32,2,recipient_bits=16;location_bytes=32,854,68,measured,ok,unavailable,rustc,nightly-2021-05-06,Release,JerryZ
1787147207070158375,PPS-GC,sender_signaling,message_encryption,sender,753,false,32,2,recipient_bits=16;location_bytes=32,-1,,not_applicable,not_applicable,unavailable,rustc,nightly-2021-05-06,Release,JerryZ
1787147207071497502,PPS-GC,sender_signaling,pps_gc_sender_total_signaling,sender,753,false,32,2,recipient_bits=16;location_bytes=32,11250,68,measured,ok,unavailable,rustc,nightly-2021-05-06,Release,JerryZ
1787147207072811676,PPS-GC,sender_signaling,pps_gc_share_generation,sender,754,false,32,2,recipient_bits=16;location_bytes=32,9946,68,measured,ok,unavailable,rustc,nightly-2021-05-06,Release,JerryZ
1787147207074396336,PPS-GC,sender_signaling,pps_gc_sender_preparation,sender,754,false,32,2,recipient_bits=16;location_bytes=32,220,68,measured,ok,unavailable,rustc,nightly-2021-05-06,Release,JerryZ
1787147207076292551,PPS-GC,sender_signaling,message_encryption,sender,754,false,32,2,recipient_bits=16;location_bytes=32,-1,,not_applicable,not_applicable,unavailable,rustc,nightly-2021-05-06,Release,JerryZ
1787147207077677863,PPS-GC,sender_signaling,pps_gc_sender_total_signaling,sender,754,false,32,2,recipient_bits=16;location_bytes=32,15456,68,measured,ok,unavailable,rustc,nightly-2021-05-06,Release,JerryZ
1787147207079164192,PPS-GC,sender_signaling,pps_gc_share_generation,sender,755,false,32,2,recipient_bits=16;location_bytes=32,11627,68,measured,ok,unavailable,rustc,nightly-2021-05-06,Release,JerryZ
1787147207080577886,PPS-GC,sender_signaling,pps_gc_sender_preparation,sender,755,false,32,2,recipient_bits=16;location_bytes=32,1139,68,measured,ok,unavailable,rustc,nightly-2021-05-06,Release,JerryZ
1787147207083090528,PPS-GC,sender_signaling,message_encryption,sender,755,false,32,2,recipient_bits=16;location_bytes=32,-1,,not_applicable,not_applicable,unavailable,rustc,nightly-2021-05-06,Release,JerryZ
1787147207084486746,PPS-GC,sender_signaling,pps_gc_sender_total_signaling,sender,755,false,32,2,recipient_bits=16;location_bytes=32,11204,68,measured,ok,unavailable,rustc,nightly-2021-05-06,Release,JerryZ
1787147207085798868,PPS-GC,sender_signaling,pps_gc_share_generation,sender,756,false,32,2,recipient_bits=16;location_bytes=32,10359,68,measured,ok,unavailable,rustc,nightly-2021-05-06,Release,JerryZ
1787147207086978973,PPS-GC,sender_signaling,pps_gc_sender_preparation,sender,756,false,32,2,recipient_bits=16;location_bytes=32,523,68,measured,ok,unavailable,rustc,nightly-2021-05-06,Release,JerryZ
1787147207088591532,PPS-GC,sender_signaling,message_encryption,sender,756,false,32,2,recipient_bits=16;location_bytes=32,-1,,not_applicable,not_applicable,unavailable,rustc,nightly-2021-05-06,Release,JerryZ
1787147207089808253,PPS-GC,sender_signaling,pps_gc_sender_total_signaling,sender,756,false,32,2,recipient_bits=16;location_bytes=32,22161,68,measured,ok,unavailable,rustc,nightly-2021-05-06,Release,JerryZ
1787147207091260225,PPS-GC,sender_signaling,pps_gc_share_generation,sender,757,false,32,2,recipient_bits=16;location_bytes=32,9974,68,measured,ok,unavailable,rustc,nightly-2021-05-06,Release,JerryZ
1787147207093115603,PPS-GC,sender_signaling,pps_gc_sender_preparation,sender,757,false,32,2,recipient_bits=16;location_bytes=32,156,68,measured,ok,unavailable,rustc,nightly-2021-05-06,Release,JerryZ
1787147207094488898,PPS-GC,sender_signaling,message_encryption,sender,757,false,32,2,recipient_bits=16;location_bytes=32,-1,,not_applicable,not_applicable,unavailable,rustc,nightly-2021-05-06,Release,JerryZ
1787147207095828071,PPS-GC,sender_signaling,pps_gc_sender_total_signaling,sender,757,false,32,2,recipient_bits=16;location_bytes=32,11351,68,measured,ok,unavailable,rustc,nightly-2021-05-06,Release,JerryZ
1787147207097411274,PPS-GC,sender_signaling,pps_gc_share_generation,sender,758,false,32,2,recipient_bits=16;location_bytes=32,10864,68,measured,ok,unavailable,rustc,nightly-2021-05-06,Release,JerryZ
1787147207098725380,PPS-GC,sender_signaling,pps_gc_sender_preparation,sender,758,false,32,2,recipient_bits=16;location_bytes=32,468,68,measured,ok,unavailable,rustc,nightly-2021-05-06,Release,JerryZ
1787147207099966364,PPS-GC,sender_signaling,message_encryption,sender,758,false,32,2,recipient_bits=16;location_bytes=32,-1,,not_applicable,not_applicable,unavailable,rustc,nightly-2021-05-06,Release,JerryZ
1787147207101535172,PPS-GC,sender_signaling,pps_gc_sender_total_signaling,sender,758,false,32,2,recipient_bits=16;location_bytes=32,22546,68,measured,ok,unavailable,rustc,nightly-2021-05-06,Release,JerryZ
1787147207102857966,PPS-GC,sender_signaling,pps_gc_share_generation,sender,759,false,32,2,recipient_bits=16;location_bytes=32,9670,68,measured,ok,unavailable,rustc,nightly-2021-05-06,Release,JerryZ
1787147207104064290,PPS-GC,sender_signaling,pps_gc_sender_preparation,sender,759,false,32,2,recipient_bits=16;location_bytes=32,137,68,measured,ok,unavailable,rustc,nightly-2021-05-06,Release,JerryZ
1787147207105416821,PPS-GC,sender_signaling,message_encryption,sender,759,false,32,2,recipient_bits=16;location_bytes=32,-1,,not_applicable,not_applicable,unavailable,rustc,nightly-2021-05-06,Release,JerryZ
1787147207106826805,PPS-GC,sender_signaling,pps_gc_sender_total_signaling,sender,759,false,32,2,recipient_bits=16;location_bytes=32,10442,68,measured,ok,unavailable,rustc,nightly-2021-05-06,Release,JerryZ
1787147207108526775,PPS-GC,sender_signaling,pps_gc_share_generation,sender,760,false,32,2,recipient_bits=16;location_bytes=32,10524,68,measured,ok,unavailable,rustc,nightly-2021-05-06,Release,JerryZ
1787147207110124053,PPS-GC,sender_signaling,pps_gc_sender_preparation,sender,760,false,32,2,recipient_bits=16;location_bytes=32,532,68,measured,ok,unavailable,rustc,nightly-2021-05-06,Release,JerryZ
1787147207111570102,PPS-GC,sender_signaling,message_encryption,sender,760,false,32,2,recipient_bits=16;location_bytes=32,-1,,not_applicable,not_applicable,unavailable,rustc,nightly-2021-05-06,Release,JerryZ
1787147207113252183,PPS-GC,sender_signaling,pps_gc_sender_total_signaling,sender,760,false,32,2,recipient_bits=16;location_bytes=32,13317,68,measured,ok,unavailable,rustc,nightly-2021-05-06,Release,JerryZ
1787147207114873999,PPS-GC,sender_signaling,pps_gc_share_generation,sender,761,false,32,2,recipient_bits=16;location_bytes=32,10194,68,measured,ok,unavailable,rustc,nightly-2021-05-06,Release,JerryZ
1787147207116154014,PPS-GC,sender_signaling,pps_gc_sender_preparation,sender,761,false,32,2,recipient_bits=16;location_bytes=32,441,68,measured,ok,unavailable,rustc,nightly-2021-05-06,Release,JerryZ
1787147207117395816,PPS-GC,sender_signaling,message_encryption,sender,761,false,32,2,recipient_bits=16;location_bytes=32,-1,,not_applicable,not_applicable,unavailable,rustc,nightly-2021-05-06,Release,JerryZ
1787147207118950353,PPS-GC,sender_signaling,pps_gc_sender_total_signaling,sender,761,false,32,2,recipient_bits=16;location_bytes=32,11746,68,measured,ok,unavailable,rustc,nightly-2021-05-06,Release,JerryZ
1787147207120151315,PPS-GC,sender_signaling,pps_gc_share_generation,sender,762,false,32,2,recipient_bits=16;location_bytes=32,21673,68,measured,ok,unavailable,rustc,nightly-2021-05-06,Release,JerryZ
1787147207121537045,PPS-GC,sender_signaling,pps_gc_sender_preparation,sender,762,false,32,2,recipient_bits=16;location_bytes=32,285,68,measured,ok,unavailable,rustc,nightly-2021-05-06,Release,JerryZ
1787147207122876985,PPS-GC,sender_signaling,message_encryption,sender,762,false,32,2,recipient_bits=16;location_bytes=32,-1,,not_applicable,not_applicable,unavailable,rustc,nightly-2021-05-06,Release,JerryZ
1787147207124179574,PPS-GC,sender_signaling,pps_gc_sender_total_signaling,sender,762,false,32,2,recipient_bits=16;location_bytes=32,10240,68,measured,ok,unavailable,rustc,nightly-2021-05-06,Release,JerryZ
1787147207125493395,PPS-GC,sender_signaling,pps_gc_share_generation,sender,763,false,32,2,recipient_bits=16;location_bytes=32,11479,68,measured,ok,unavailable,rustc,nightly-2021-05-06,Release,JerryZ
1787147207127600711,PPS-GC,sender_signaling,pps_gc_sender_preparation,sender,763,false,32,2,recipient_bits=16;location_bytes=32,211,68,measured,ok,unavailable,rustc,nightly-2021-05-06,Release,JerryZ
1787147207129150619,PPS-GC,sender_signaling,message_encryption,sender,763,false,32,2,recipient_bits=16;location_bytes=32,-1,,not_applicable,not_applicable,unavailable,rustc,nightly-2021-05-06,Release,JerryZ
1787147207130517091,PPS-GC,sender_signaling,pps_gc_sender_total_signaling,sender,763,false,32,2,recipient_bits=16;location_bytes=32,22619,68,measured,ok,unavailable,rustc,nightly-2021-05-06,Release,JerryZ
1787147207131941548,PPS-GC,sender_signaling,pps_gc_share_generation,sender,764,false,32,2,recipient_bits=16;location_bytes=32,9928,68,measured,ok,unavailable,rustc,nightly-2021-05-06,Release,JerryZ
1787147207133275555,PPS-GC,sender_signaling,pps_gc_sender_preparation,sender,764,false,32,2,recipient_bits=16;location_bytes=32,220,68,measured,ok,unavailable,rustc,nightly-2021-05-06,Release,JerryZ
1787147207135075234,PPS-GC,sender_signaling,message_encryption,sender,764,false,32,2,recipient_bits=16;location_bytes=32,-1,,not_applicable,not_applicable,unavailable,rustc,nightly-2021-05-06,Release,JerryZ
1787147207136310900,PPS-GC,sender_signaling,pps_gc_sender_total_signaling,sender,764,false,32,2,recipient_bits=16;location_bytes=32,11075,68,measured,ok,unavailable,rustc,nightly-2021-05-06,Release,JerryZ
1787147207137574289,PPS-GC,sender_signaling,pps_gc_share_generation,sender,765,false,32,2,recipient_bits=16;location_bytes=32,9854,68,measured,ok,unavailable,rustc,nightly-2021-05-06,Release,JerryZ
1787147207139077125,PPS-GC,sender_signaling,pps_gc_sender_preparation,sender,765,false,32,2,recipient_bits=16;location_bytes=32,303,68,measured,ok,unavailable,rustc,nightly-2021-05-06,Release,JerryZ
1787147207140566493,PPS-GC,sender_signaling,message_encryption,sender,765,false,32,2,recipient_bits=16;location_bytes=32,-1,,not_applicable,not_applicable,unavailable,rustc,nightly-2021-05-06,Release,JerryZ
1787147207142803366,PPS-GC,sender_signaling,pps_gc_sender_total_signaling,sender,765,false,32,2,recipient_bits=16;location_bytes=32,14703,68,measured,ok,unavailable,rustc,nightly-2021-05-06,Release,JerryZ
1787147207144321801,PPS-GC,sender_signaling,pps_gc_share_generation,sender,766,false,32,2,recipient_bits=16;location_bytes=32,11323,68,measured,ok,unavailable,rustc,nightly-2021-05-06,Release,JerryZ
1787147207145759850,PPS-GC,sender_signaling,pps_gc_sender_preparation,sender,766,false,32,2,recipient_bits=16;location_bytes=32,780,68,measured,ok,unavailable,rustc,nightly-2021-05-06,Release,JerryZ
1787147207147099367,PPS-GC,sender_signaling,message_encryption,sender,766,false,32,2,recipient_bits=16;location_bytes=32,-1,,not_applicable,not_applicable,unavailable,rustc,nightly-2021-05-06,Release,JerryZ
1787147207148960963,PPS-GC,sender_signaling,pps_gc_sender_total_signaling,sender,766,false,32,2,recipient_bits=16;location_bytes=32,10800,68,measured,ok,unavailable,rustc,nightly-2021-05-06,Release,JerryZ
1787147207150236019,PPS-GC,sender_signaling,pps_gc_share_generation,sender,767,false,32,2,recipient_bits=16;location_bytes=32,9708,68,measured,ok,unavailable,rustc,nightly-2021-05-06,Release,JerryZ
1787147207151415224,PPS-GC,sender_signaling,pps_gc_sender_preparation,sender,767,false,32,2,recipient_bits=16;location_bytes=32,147,68,measured,ok,unavailable,rustc,nightly-2021-05-06,Release,JerryZ
1787147207152735446,PPS-GC,sender_signaling,message_encryption,sender,767,false,32,2,recipient_bits=16;location_bytes=32,-1,,not_applicable,not_applicable,unavailable,rustc,nightly-2021-05-06,Release,JerryZ
1787147207154151409,PPS-GC,sender_signaling,pps_gc_sender_total_signaling,sender,767,false,32,2,recipient_bits=16;location_bytes=32,12086,68,measured,ok,unavailable,rustc,nightly-2021-05-06,Release,JerryZ
1787147207155654443,PPS-GC,sender_signaling,pps_gc_share_generation,sender,768,false,32,2,recipient_bits=16;location_bytes=32,10644,68,measured,ok,unavailable,rustc,nightly-2021-05-06,Release,JerryZ
1787147207157511520,PPS-GC,sender_signaling,pps_gc_sender_preparation,sender,768,false,32,2,recipient_bits=16;location_bytes=32,551,68,measured,ok,unavailable,rustc,nightly-2021-05-06,Release,JerryZ
1787147207158768456,PPS-GC,sender_signaling,message_encryption,sender,768,false,32,2,recipient_bits=16;location_bytes=32,-1,,not_applicable,not_applicable,unavailable,rustc,nightly-2021-05-06,Release,JerryZ
1787147207159911284,PPS-GC,sender_signaling,pps_gc_sender_total_signaling,sender,768,false,32,2,recipient_bits=16;location_bytes=32,10561,68,measured,ok,unavailable,rustc,nightly-2021-05-06,Release,JerryZ
1787147207161326962,PPS-GC,sender_signaling,pps_gc_share_generation,sender,769,false,32,2,recipient_bits=16;location_bytes=32,10405,68,measured,ok,unavailable,rustc,nightly-2021-05-06,Release,JerryZ
1787147207162603828,PPS-GC,sender_signaling,pps_gc_sender_preparation,sender,769,false,32,2,recipient_bits=16;location_bytes=32,294,68,measured,ok,unavailable,rustc,nightly-2021-05-06,Release,JerryZ
1787147207163965927,PPS-GC,sender_signaling,message_encryption,sender,769,false,32,2,recipient_bits=16;location_bytes=32,-1,,not_applicable,not_applicable,unavailable,rustc,nightly-2021-05-06,Release,JerryZ
1787147207165465348,PPS-GC,sender_signaling,pps_gc_sender_total_signaling,sender,769,false,32,2,recipient_bits=16;location_bytes=32,16035,68,measured,ok,unavailable,rustc,nightly-2021-05-06,Release,JerryZ
1787147207167081843,PPS-GC,sender_signaling,pps_gc_share_generation,sender,770,false,32,2,recipient_bits=16;location_bytes=32,10185,68,measured,ok,unavailable,rustc,nightly-2021-05-06,Release,JerryZ
1787147207168456177,PPS-GC,sender_signaling,pps_gc_sender_preparation,sender,770,false,32,2,recipient_bits=16;location_bytes=32,156,68,measured,ok,unavailable,rustc,nightly-2021-05-06,Release,JerryZ
1787147207170102432,PPS-GC,sender_signaling,message_encryption,sender,770,false,32,2,recipient_bits=16;location_bytes=32,-1,,not_applicable,not_applicable,unavailable,rustc,nightly-2021-05-06,Release,JerryZ
1787147207171757530,PPS-GC,sender_signaling,pps_gc_sender_total_signaling,sender,770,false,32,2,recipient_bits=16;location_bytes=32,13592,68,measured,ok,unavailable,rustc,nightly-2021-05-06,Release,JerryZ
1787147207173428751,PPS-GC,sender_signaling,pps_gc_share_generation,sender,771,false,32,2,recipient_bits=16;location_bytes=32,31436,68,measured,ok,unavailable,rustc,nightly-2021-05-06,Release,JerryZ
1787147207175133217,PPS-GC,sender_signaling,pps_gc_sender_preparation,sender,771,false,32,2,recipient_bits=16;location_bytes=32,1322,68,measured,ok,unavailable,rustc,nightly-2021-05-06,Release,JerryZ
1787147207176963543,PPS-GC,sender_signaling,message_encryption,sender,771,false,32,2,recipient_bits=16;location_bytes=32,-1,,not_applicable,not_applicable,unavailable,rustc,nightly-2021-05-06,Release,JerryZ
1787147207178707347,PPS-GC,sender_signaling,pps_gc_sender_total_signaling,sender,771,false,32,2,recipient_bits=16;location_bytes=32,11158,68,measured,ok,unavailable,rustc,nightly-2021-05-06,Release,JerryZ
1787147207179953162,PPS-GC,sender_signaling,pps_gc_share_generation,sender,772,false,32,2,recipient_bits=16;location_bytes=32,9845,68,measured,ok,unavailable,rustc,nightly-2021-05-06,Release,JerryZ
1787147207181739350,PPS-GC,sender_signaling,pps_gc_sender_preparation,sender,772,false,32,2,recipient_bits=16;location_bytes=32,220,68,measured,ok,unavailable,rustc,nightly-2021-05-06,Release,JerryZ
1787147207182991281,PPS-GC,sender_signaling,message_encryption,sender,772,false,32,2,recipient_bits=16;location_bytes=32,-1,,not_applicable,not_applicable,unavailable,rustc,nightly-2021-05-06,Release,JerryZ
1787147207184290312,PPS-GC,sender_signaling,pps_gc_sender_total_signaling,sender,772,false,32,2,recipient_bits=16;location_bytes=32,11479,68,measured,ok,unavailable,rustc,nightly-2021-05-06,Release,JerryZ
1787147207185747845,PPS-GC,sender_signaling,pps_gc_share_generation,sender,773,false,32,2,recipient_bits=16;location_bytes=32,10148,68,measured,ok,unavailable,rustc,nightly-2021-05-06,Release,JerryZ
1787147207187141477,PPS-GC,sender_signaling,pps_gc_sender_preparation,sender,773,false,32,2,recipient_bits=16;location_bytes=32,312,68,measured,ok,unavailable,rustc,nightly-2021-05-06,Release,JerryZ
1787147207188525935,PPS-GC,sender_signaling,message_encryption,sender,773,false,32,2,recipient_bits=16;location_bytes=32,-1,,not_applicable,not_applicable,unavailable,rustc,nightly-2021-05-06,Release,JerryZ
1787147207190203047,PPS-GC,sender_signaling,pps_gc_sender_total_signaling,sender,773,false,32,2,recipient_bits=16;location_bytes=32,10773,68,measured,ok,unavailable,rustc,nightly-2021-05-06,Release,JerryZ
1787147207191632262,PPS-GC,sender_signaling,pps_gc_share_generation,sender,774,false,32,2,recipient_bits=16;location_bytes=32,10598,68,measured,ok,unavailable,rustc,nightly-2021-05-06,Release,JerryZ
1787147207193010369,PPS-GC,sender_signaling,pps_gc_sender_preparation,sender,774,false,32,2,recipient_bits=16;location_bytes=32,515,68,measured,ok,unavailable,rustc,nightly-2021-05-06,Release,JerryZ
1787147207194320167,PPS-GC,sender_signaling,message_encryption,sender,774,false,32,2,recipient_bits=16;location_bytes=32,-1,,not_applicable,not_applicable,unavailable,rustc,nightly-2021-05-06,Release,JerryZ
1787147207195554585,PPS-GC,sender_signaling,pps_gc_sender_total_signaling,sender,774,false,32,2,recipient_bits=16;location_bytes=32,10323,68,measured,ok,unavailable,rustc,nightly-2021-05-06,Release,JerryZ
1787147207197089404,PPS-GC,sender_signaling,pps_gc_share_generation,sender,775,false,32,2,recipient_bits=16;location_bytes=32,21820,68,measured,ok,unavailable,rustc,nightly-2021-05-06,Release,JerryZ
1787147207198554619,PPS-GC,sender_signaling,pps_gc_sender_preparation,sender,775,false,32,2,recipient_bits=16;location_bytes=32,330,68,measured,ok,unavailable,rustc,nightly-2021-05-06,Release,JerryZ
1787147207199764140,PPS-GC,sender_signaling,message_encryption,sender,775,false,32,2,recipient_bits=16;location_bytes=32,-1,,not_applicable,not_applicable,unavailable,rustc,nightly-2021-05-06,Release,JerryZ
1787147207201162717,PPS-GC,sender_signaling,pps_gc_sender_total_signaling,sender,775,false,32,2,recipient_bits=16;location_bytes=32,13013,68,measured,ok,unavailable,rustc,nightly-2021-05-06,Release,JerryZ
1787147207202844863,PPS-GC,sender_signaling,pps_gc_share_generation,sender,776,false,32,2,recipient_bits=16;location_bytes=32,10405,68,measured,ok,unavailable,rustc,nightly-2021-05-06,Release,JerryZ
1787147207204365713,PPS-GC,sender_signaling,pps_gc_sender_preparation,sender,776,false,32,2,recipient_bits=16;location_bytes=32,211,68,measured,ok,unavailable,rustc,nightly-2021-05-06,Release,JerryZ
1787147207205805755,PPS-GC,sender_signaling,message_encryption,sender,776,false,32,2,recipient_bits=16;location_bytes=32,-1,,not_applicable,not_applicable,unavailable,rustc,nightly-2021-05-06,Release,JerryZ
1787147207207377585,PPS-GC,sender_signaling,pps_gc_sender_total_signaling,sender,776,false,32,2,recipient_bits=16;location_bytes=32,10525,68,measured,ok,unavailable,rustc,nightly-2021-05-06,Release,JerryZ
1787147207208606869,PPS-GC,sender_signaling,pps_gc_share_generation,sender,777,false,32,2,recipient_bits=16;location_bytes=32,9809,68,measured,ok,unavailable,rustc,nightly-2021-05-06,Release,JerryZ
1787147207209996520,PPS-GC,sender_signaling,pps_gc_sender_preparation,sender,777,false,32,2,recipient_bits=16;location_bytes=32,239,68,measured,ok,unavailable,rustc,nightly-2021-05-06,Release,JerryZ
1787147207211282102,PPS-GC,sender_signaling,message_encryption,sender,777,false,32,2,recipient_bits=16;location_bytes=32,-1,,not_applicable,not_applicable,unavailable,rustc,nightly-2021-05-06,Release,JerryZ
1787147207212813027,PPS-GC,sender_signaling,pps_gc_sender_total_signaling,sender,777,false,32,2,recipient_bits=16;location_bytes=32,11030,68,measured,ok,unavailable,rustc,nightly-2021-05-06,Release,JerryZ
1787147207214125003,PPS-GC,sender_signaling,pps_gc_share_generation,sender,778,false,32,2,recipient_bits=16;location_bytes=32,10157,68,measured,ok,unavailable,rustc,nightly-2021-05-06,Release,JerryZ
1787147207215649435,PPS-GC,sender_signaling,pps_gc_sender_preparation,sender,778,false,32,2,recipient_bits=16;location_bytes=32,138,68,measured,ok,unavailable,rustc,nightly-2021-05-06,Release,JerryZ
1787147207216936117,PPS-GC,sender_signaling,message_encryption,sender,778,false,32,2,recipient_bits=16;location_bytes=32,-1,,not_applicable,not_applicable,unavailable,rustc,nightly-2021-05-06,Release,JerryZ
1787147207218430913,PPS-GC,sender_signaling,pps_gc_sender_total_signaling,sender,778,false,32,2,recipient_bits=16;location_bytes=32,10929,68,measured,ok,unavailable,rustc,nightly-2021-05-06,Release,JerryZ
1787147207219770706,PPS-GC,sender_signaling,pps_gc_share_generation,sender,779,false,32,2,recipient_bits=16;location_bytes=32,10552,68,measured,ok,unavailable,rustc,nightly-2021-05-06,Release,JerryZ
1787147207221007613,PPS-GC,sender_signaling,pps_gc_sender_preparation,sender,779,false,32,2,recipient_bits=16;location_bytes=32,771,68,measured,ok,unavailable,rustc,nightly-2021-05-06,Release,JerryZ
1787147207222592938,PPS-GC,sender_signaling,message_encryption,sender,779,false,32,2,recipient_bits=16;location_bytes=32,-1,,not_applicable,not_applicable,unavailable,rustc,nightly-2021-05-06,Release,JerryZ
1787147207224000364,PPS-GC,sender_signaling,pps_gc_sender_total_signaling,sender,779,false,32,2,recipient_bits=16;location_bytes=32,11140,68,measured,ok,unavailable,rustc,nightly-2021-05-06,Release,JerryZ
1787147207225241789,PPS-GC,sender_signaling,pps_gc_share_generation,sender,780,false,32,2,recipient_bits=16;location_bytes=32,9864,68,measured,ok,unavailable,rustc,nightly-2021-05-06,Release,JerryZ
1787147207226556078,PPS-GC,sender_signaling,pps_gc_sender_preparation,sender,780,false,32,2,recipient_bits=16;location_bytes=32,211,68,measured,ok,unavailable,rustc,nightly-2021-05-06,Release,JerryZ
1787147207228015462,PPS-GC,sender_signaling,message_encryption,sender,780,false,32,2,recipient_bits=16;location_bytes=32,-1,,not_applicable,not_applicable,unavailable,rustc,nightly-2021-05-06,Release,JerryZ
1787147207229331073,PPS-GC,sender_signaling,pps_gc_sender_total_signaling,sender,780,false,32,2,recipient_bits=16;location_bytes=32,22684,68,measured,ok,unavailable,rustc,nightly-2021-05-06,Release,JerryZ
1787147207230770455,PPS-GC,sender_signaling,pps_gc_share_generation,sender,781,false,32,2,recipient_bits=16;location_bytes=32,9707,68,measured,ok,unavailable,rustc,nightly-2021-05-06,Release,JerryZ
1787147207232104984,PPS-GC,sender_signaling,pps_gc_sender_preparation,sender,781,false,32,2,recipient_bits=16;location_bytes=32,147,68,measured,ok,unavailable,rustc,nightly-2021-05-06,Release,JerryZ
1787147207233700664,PPS-GC,sender_signaling,message_encryption,sender,781,false,32,2,recipient_bits=16;location_bytes=32,-1,,not_applicable,not_applicable,unavailable,rustc,nightly-2021-05-06,Release,JerryZ
1787147207235650259,PPS-GC,sender_signaling,pps_gc_sender_total_signaling,sender,781,false,32,2,recipient_bits=16;location_bytes=32,11231,68,measured,ok,unavailable,rustc,nightly-2021-05-06,Release,JerryZ
1787147207237004424,PPS-GC,sender_signaling,pps_gc_share_generation,sender,782,false,32,2,recipient_bits=16;location_bytes=32,10112,68,measured,ok,unavailable,rustc,nightly-2021-05-06,Release,JerryZ
1787147207238685081,PPS-GC,sender_signaling,pps_gc_sender_preparation,sender,782,false,32,2,recipient_bits=16;location_bytes=32,284,68,measured,ok,unavailable,rustc,nightly-2021-05-06,Release,JerryZ
1787147207239896797,PPS-GC,sender_signaling,message_encryption,sender,782,false,32,2,recipient_bits=16;location_bytes=32,-1,,not_applicable,not_applicable,unavailable,rustc,nightly-2021-05-06,Release,JerryZ
1787147207241130609,PPS-GC,sender_signaling,pps_gc_sender_total_signaling,sender,782,false,32,2,recipient_bits=16;location_bytes=32,10919,68,measured,ok,unavailable,rustc,nightly-2021-05-06,Release,JerryZ
1787147207242489182,PPS-GC,sender_signaling,pps_gc_share_generation,sender,783,false,32,2,recipient_bits=16;location_bytes=32,9854,68,measured,ok,unavailable,rustc,nightly-2021-05-06,Release,JerryZ
1787147207243768582,PPS-GC,sender_signaling,pps_gc_sender_preparation,sender,783,false,32,2,recipient_bits=16;location_bytes=32,147,68,measured,ok,unavailable,rustc,nightly-2021-05-06,Release,JerryZ
1787147207245666453,PPS-GC,sender_signaling,message_encryption,sender,783,false,32,2,recipient_bits=16;location_bytes=32,-1,,not_applicable,not_applicable,unavailable,rustc,nightly-2021-05-06,Release,JerryZ
1787147207247579671,PPS-GC,sender_signaling,pps_gc_sender_total_signaling,sender,783,false,32,2,recipient_bits=16;location_bytes=32,11618,68,measured,ok,unavailable,rustc,nightly-2021-05-06,Release,JerryZ
1787147207248994119,PPS-GC,sender_signaling,pps_gc_share_generation,sender,784,false,32,2,recipient_bits=16;location_bytes=32,10093,68,measured,ok,unavailable,rustc,nightly-2021-05-06,Release,JerryZ
1787147207250440893,PPS-GC,sender_signaling,pps_gc_sender_preparation,sender,784,false,32,2,recipient_bits=16;location_bytes=32,422,68,measured,ok,unavailable,rustc,nightly-2021-05-06,Release,JerryZ
1787147207251682290,PPS-GC,sender_signaling,message_encryption,sender,784,false,32,2,recipient_bits=16;location_bytes=32,-1,,not_applicable,not_applicable,unavailable,rustc,nightly-2021-05-06,Release,JerryZ
1787147207253311041,PPS-GC,sender_signaling,pps_gc_sender_total_signaling,sender,784,false,32,2,recipient_bits=16;location_bytes=32,11590,68,measured,ok,unavailable,rustc,nightly-2021-05-06,Release,JerryZ
1787147207255069770,PPS-GC,sender_signaling,pps_gc_share_generation,sender,785,false,32,2,recipient_bits=16;location_bytes=32,10360,68,measured,ok,unavailable,rustc,nightly-2021-05-06,Release,JerryZ
1787147207256417387,PPS-GC,sender_signaling,pps_gc_sender_preparation,sender,785,false,32,2,recipient_bits=16;location_bytes=32,413,68,measured,ok,unavailable,rustc,nightly-2021-05-06,Release,JerryZ
1787147207257744103,PPS-GC,sender_signaling,message_encryption,sender,785,false,32,2,recipient_bits=16;location_bytes=32,-1,,not_applicable,not_applicable,unavailable,rustc,nightly-2021-05-06,Release,JerryZ
1787147207258970044,PPS-GC,sender_signaling,pps_gc_sender_total_signaling,sender,785,false,32,2,recipient_bits=16;location_bytes=32,10487,68,measured,ok,unavailable,rustc,nightly-2021-05-06,Release,JerryZ
1787147207260471719,PPS-GC,sender_signaling,pps_gc_share_generation,sender,786,false,32,2,recipient_bits=16;location_bytes=32,22014,68,measured,ok,unavailable,rustc,nightly-2021-05-06,Release,JerryZ
1787147207261871068,PPS-GC,sender_signaling,pps_gc_sender_preparation,sender,786,false,32,2,recipient_bits=16;location_bytes=32,284,68,measured,ok,unavailable,rustc,nightly-2021-05-06,Release,JerryZ
1787147207263204413,PPS-GC,sender_signaling,message_encryption,sender,786,false,32,2,recipient_bits=16;location_bytes=32,-1,,not_applicable,not_applicable,unavailable,rustc,nightly-2021-05-06,Release,JerryZ
1787147207264787934,PPS-GC,sender_signaling,pps_gc_sender_total_signaling,sender,786,false,32,2,recipient_bits=16;location_bytes=32,14841,68,measured,ok,unavailable,rustc,nightly-2021-05-06,Release,JerryZ
1787147207266843665,PPS-GC,sender_signaling,pps_gc_share_generation,sender,787,false,32,2,recipient_bits=16;location_bytes=32,10700,68,measured,ok,unavailable,rustc,nightly-2021-05-06,Release,JerryZ
1787147207268131441,PPS-GC,sender_signaling,pps_gc_sender_preparation,sender,787,false,32,2,recipient_bits=16;location_bytes=32,652,68,measured,ok,unavailable,rustc,nightly-2021-05-06,Release,JerryZ
1787147207269350063,PPS-GC,sender_signaling,message_encryption,sender,787,false,32,2,recipient_bits=16;location_bytes=32,-1,,not_applicable,not_applicable,unavailable,rustc,nightly-2021-05-06,Release,JerryZ
1787147207271138087,PPS-GC,sender_signaling,pps_gc_sender_total_signaling,sender,787,false,32,2,recipient_bits=16;location_bytes=32,11066,68,measured,ok,unavailable,rustc,nightly-2021-05-06,Release,JerryZ
1787147207272307117,PPS-GC,sender_signaling,pps_gc_share_generation,sender,788,false,32,2,recipient_bits=16;location_bytes=32,9634,68,measured,ok,unavailable,rustc,nightly-2021-05-06,Release,JerryZ
1787147207273600981,PPS-GC,sender_signaling,pps_gc_sender_preparation,sender,788,false,32,2,recipient_bits=16;location_bytes=32,147,68,measured,ok,unavailable,rustc,nightly-2021-05-06,Release,JerryZ
1787147207274994141,PPS-GC,sender_signaling,message_encryption,sender,788,false,32,2,recipient_bits=16;location_bytes=32,-1,,not_applicable,not_applicable,unavailable,rustc,nightly-2021-05-06,Release,JerryZ
1787147207276273890,PPS-GC,sender_signaling,pps_gc_sender_total_signaling,sender,788,false,32,2,recipient_bits=16;location_bytes=32,10717,68,measured,ok,unavailable,rustc,nightly-2021-05-06,Release,JerryZ
1787147207277881885,PPS-GC,sender_signaling,pps_gc_share_generation,sender,789,false,32,2,recipient_bits=16;location_bytes=32,21876,68,measured,ok,unavailable,rustc,nightly-2021-05-06,Release,JerryZ
1787147207279866754,PPS-GC,sender_signaling,pps_gc_sender_preparation,sender,789,false,32,2,recipient_bits=16;location_bytes=32,450,68,measured,ok,unavailable,rustc,nightly-2021-05-06,Release,JerryZ
1787147207281488388,PPS-GC,sender_signaling,message_encryption,sender,789,false,32,2,recipient_bits=16;location_bytes=32,-1,,not_applicable,not_applicable,unavailable,rustc,nightly-2021-05-06,Release,JerryZ
1787147207283097700,PPS-GC,sender_signaling,pps_gc_sender_total_signaling,sender,789,false,32,2,recipient_bits=16;location_bytes=32,11682,68,measured,ok,unavailable,rustc,nightly-2021-05-06,Release,JerryZ
1787147207284688362,PPS-GC,sender_signaling,pps_gc_share_generation,sender,790,false,32,2,recipient_bits=16;location_bytes=32,14097,68,measured,ok,unavailable,rustc,nightly-2021-05-06,Release,JerryZ
1787147207286085259,PPS-GC,sender_signaling,pps_gc_sender_preparation,sender,790,false,32,2,recipient_bits=16;location_bytes=32,2011,68,measured,ok,unavailable,rustc,nightly-2021-05-06,Release,JerryZ
1787147207287585510,PPS-GC,sender_signaling,message_encryption,sender,790,false,32,2,recipient_bits=16;location_bytes=32,-1,,not_applicable,not_applicable,unavailable,rustc,nightly-2021-05-06,Release,JerryZ
1787147207288776222,PPS-GC,sender_signaling,pps_gc_sender_total_signaling,sender,790,false,32,2,recipient_bits=16;location_bytes=32,10369,68,measured,ok,unavailable,rustc,nightly-2021-05-06,Release,JerryZ
1787147207290200937,PPS-GC,sender_signaling,pps_gc_share_generation,sender,791,false,32,2,recipient_bits=16;location_bytes=32,9854,68,measured,ok,unavailable,rustc,nightly-2021-05-06,Release,JerryZ
1787147207291546533,PPS-GC,sender_signaling,pps_gc_sender_preparation,sender,791,false,32,2,recipient_bits=16;location_bytes=32,147,68,measured,ok,unavailable,rustc,nightly-2021-05-06,Release,JerryZ
1787147207293584246,PPS-GC,sender_signaling,message_encryption,sender,791,false,32,2,recipient_bits=16;location_bytes=32,-1,,not_applicable,not_applicable,unavailable,rustc,nightly-2021-05-06,Release,JerryZ
1787147207295363050,PPS-GC,sender_signaling,pps_gc_sender_total_signaling,sender,791,false,32,2,recipient_bits=16;location_bytes=32,12959,68,measured,ok,unavailable,rustc,nightly-2021-05-06,Release,JerryZ
1787147207297046123,PPS-GC,sender_signaling,pps_gc_share_generation,sender,792,false,32,2,recipient_bits=16;location_bytes=32,10562,68,measured,ok,unavailable,rustc,nightly-2021-05-06,Release,JerryZ
1787147207298665331,PPS-GC,sender_signaling,pps_gc_sender_preparation,sender,792,false,32,2,recipient_bits=16;location_bytes=32,634,68,measured,ok,unavailable,rustc,nightly-2021-05-06,Release,JerryZ
1787147207299931066,PPS-GC,sender_signaling,message_encryption,sender,792,false,32,2,recipient_bits=16;location_bytes=32,-1,,not_applicable,not_applicable,unavailable,rustc,nightly-2021-05-06,Release,JerryZ
1787147207301130227,PPS-GC,sender_signaling,pps_gc_sender_total_signaling,sender,792,false,32,2,recipient_bits=16;location_bytes=32,22473,68,measured,ok,unavailable,rustc,nightly-2021-05-06,Release,JerryZ
1787147207302610174,PPS-GC,sender_signaling,pps_gc_share_generation,sender,793,false,32,2,recipient_bits=16;location_bytes=32,21830,68,measured,ok,unavailable,rustc,nightly-2021-05-06,Release,JerryZ
1787147207303907575,PPS-GC,sender_signaling,pps_gc_sender_preparation,sender,793,false,32,2,recipient_bits=16;location_bytes=32,661,68,measured,ok,unavailable,rustc,nightly-2021-05-06,Release,JerryZ
1787147207305289999,PPS-GC,sender_signaling,message_encryption,sender,793,false,32,2,recipient_bits=16;location_bytes=32,-1,,not_applicable,not_applicable,unavailable,rustc,nightly-2021-05-06,Release,JerryZ
1787147207306882015,PPS-GC,sender_signaling,pps_gc_sender_total_signaling,sender,793,false,32,2,recipient_bits=16;location_bytes=32,11847,68,measured,ok,unavailable,rustc,nightly-2021-05-06,Release,JerryZ
1787147207308279270,PPS-GC,sender_signaling,pps_gc_share_generation,sender,794,false,32,2,recipient_bits=16;location_bytes=32,10432,68,measured,ok,unavailable,rustc,nightly-2021-05-06,Release,JerryZ
1787147207309733905,PPS-GC,sender_signaling,pps_gc_sender_preparation,sender,794,false,32,2,recipient_bits=16;location_bytes=32,349,68,measured,ok,unavailable,rustc,nightly-2021-05-06,Release,JerryZ
1787147207311292547,PPS-GC,sender_signaling,message_encryption,sender,794,false,32,2,recipient_bits=16;location_bytes=32,-1,,not_applicable,not_applicable,unavailable,rustc,nightly-2021-05-06,Release,JerryZ
1787147207312831370,PPS-GC,sender_signaling,pps_gc_sender_total_signaling,sender,794,false,32,2,recipient_bits=16;location_bytes=32,11838,68,measured,ok,unavailable,rustc,nightly-2021-05-06,Release,JerryZ
1787147207314529458,PPS-GC,sender_signaling,pps_gc_share_generation,sender,795,false,32,2,recipient_bits=16;location_bytes=32,10268,68,measured,ok,unavailable,rustc,nightly-2021-05-06,Release,JerryZ
1787147207315696008,PPS-GC,sender_signaling,pps_gc_sender_preparation,sender,795,false,32,2,recipient_bits=16;location_bytes=32,431,68,measured,ok,unavailable,rustc,nightly-2021-05-06,Release,JerryZ
1787147207316874267,PPS-GC,sender_signaling,message_encryption,sender,795,false,32,2,recipient_bits=16;location_bytes=32,-1,,not_applicable,not_applicable,unavailable,rustc,nightly-2021-05-06,Release,JerryZ
1787147207318340607,PPS-GC,sender_signaling,pps_gc_sender_total_signaling,sender,795,false,32,2,recipient_bits=16;location_bytes=32,10332,68,measured,ok,unavailable,rustc,nightly-2021-05-06,Release,JerryZ
1787147207319735415,PPS-GC,sender_signaling,pps_gc_share_generation,sender,796,false,32,2,recipient_bits=16;location_bytes=32,9597,68,measured,ok,unavailable,rustc,nightly-2021-05-06,Release,JerryZ
1787147207321165172,PPS-GC,sender_signaling,pps_gc_sender_preparation,sender,796,false,32,2,recipient_bits=16;location_bytes=32,146,68,measured,ok,unavailable,rustc,nightly-2021-05-06,Release,JerryZ
1787147207322506396,PPS-GC,sender_signaling,message_encryption,sender,796,false,32,2,recipient_bits=16;location_bytes=32,-1,,not_applicable,not_applicable,unavailable,rustc,nightly-2021-05-06,Release,JerryZ
1787147207323923571,PPS-GC,sender_signaling,pps_gc_sender_total_signaling,sender,796,false,32,2,recipient_bits=16;location_bytes=32,10883,68,measured,ok,unavailable,rustc,nightly-2021-05-06,Release,JerryZ
1787147207325992487,PPS-GC,sender_signaling,pps_gc_share_generation,sender,797,false,32,2,recipient_bits=16;location_bytes=32,11737,68,measured,ok,unavailable,rustc,nightly-2021-05-06,Release,JerryZ
1787147207327518447,PPS-GC,sender_signaling,pps_gc_sender_preparation,sender,797,false,32,2,recipient_bits=16;location_bytes=32,817,68,measured,ok,unavailable,rustc,nightly-2021-05-06,Release,JerryZ
1787147207328948709,PPS-GC,sender_signaling,message_encryption,sender,797,false,32,2,recipient_bits=16;location_bytes=32,-1,,not_applicable,not_applicable,unavailable,rustc,nightly-2021-05-06,Release,JerryZ
1787147207330633251,PPS-GC,sender_signaling,pps_gc_sender_total_signaling,sender,797,false,32,2,recipient_bits=16;location_bytes=32,11865,68,measured,ok,unavailable,rustc,nightly-2021-05-06,Release,JerryZ
1787147207331868073,PPS-GC,sender_signaling,pps_gc_share_generation,sender,798,false,32,2,recipient_bits=16;location_bytes=32,10065,68,measured,ok,unavailable,rustc,nightly-2021-05-06,Release,JerryZ
1787147207333088192,PPS-GC,sender_signaling,pps_gc_sender_preparation,sender,798,false,32,2,recipient_bits=16;location_bytes=32,147,68,measured,ok,unavailable,rustc,nightly-2021-05-06,Release,JerryZ
1787147207334317862,PPS-GC,sender_signaling,message_encryption,sender,798,false,32,2,recipient_bits=16;location_bytes=32,-1,,not_applicable,not_applicable,unavailable,rustc,nightly-2021-05-06,Release,JerryZ
1787147207335505405,PPS-GC,sender_signaling,pps_gc_sender_total_signaling,sender,798,false,32,2,recipient_bits=16;location_bytes=32,9928,68,measured,ok,unavailable,rustc,nightly-2021-05-06,Release,JerryZ
1787147207337060769,PPS-GC,sender_signaling,pps_gc_share_generation,sender,799,false,32,2,recipient_bits=16;location_bytes=32,11618,68,measured,ok,unavailable,rustc,nightly-2021-05-06,Release,JerryZ
1787147207339043572,PPS-GC,sender_signaling,pps_gc_sender_preparation,sender,799,false,32,2,recipient_bits=16;location_bytes=32,156,68,measured,ok,unavailable,rustc,nightly-2021-05-06,Release,JerryZ
1787147207340454033,PPS-GC,sender_signaling,message_encryption,sender,799,false,32,2,recipient_bits=16;location_bytes=32,-1,,not_applicable,not_applicable,unavailable,rustc,nightly-2021-05-06,Release,JerryZ
1787147207342068090,PPS-GC,sender_signaling,pps_gc_sender_total_signaling,sender,799,false,32,2,recipient_bits=16;location_bytes=32,12398,68,measured,ok,unavailable,rustc,nightly-2021-05-06,Release,JerryZ
1787147207343275259,PPS-GC,sender_signaling,pps_gc_share_generation,sender,800,false,32,2,recipient_bits=16;location_bytes=32,9597,68,measured,ok,unavailable,rustc,nightly-2021-05-06,Release,JerryZ
1787147207344868496,PPS-GC,sender_signaling,pps_gc_sender_preparation,sender,800,false,32,2,recipient_bits=16;location_bytes=32,128,68,measured,ok,unavailable,rustc,nightly-2021-05-06,Release,JerryZ
1787147207346604725,PPS-GC,sender_signaling,message_encryption,sender,800,false,32,2,recipient_bits=16;location_bytes=32,-1,,not_applicable,not_applicable,unavailable,rustc,nightly-2021-05-06,Release,JerryZ
1787147207347858585,PPS-GC,sender_signaling,pps_gc_sender_total_signaling,sender,800,false,32,2,recipient_bits=16;location_bytes=32,11801,68,measured,ok,unavailable,rustc,nightly-2021-05-06,Release,JerryZ
1787147207349098817,PPS-GC,sender_signaling,pps_gc_share_generation,sender,801,false,32,2,recipient_bits=16;location_bytes=32,9753,68,measured,ok,unavailable,rustc,nightly-2021-05-06,Release,JerryZ
1787147207350276764,PPS-GC,sender_signaling,pps_gc_sender_preparation,sender,801,false,32,2,recipient_bits=16;location_bytes=32,221,68,measured,ok,unavailable,rustc,nightly-2021-05-06,Release,JerryZ
1787147207351837969,PPS-GC,sender_signaling,message_encryption,sender,801,false,32,2,recipient_bits=16;location_bytes=32,-1,,not_applicable,not_applicable,unavailable,rustc,nightly-2021-05-06,Release,JerryZ
1787147207353384919,PPS-GC,sender_signaling,pps_gc_sender_total_signaling,sender,801,false,32,2,recipient_bits=16;location_bytes=32,26697,68,measured,ok,unavailable,rustc,nightly-2021-05-06,Release,JerryZ
1787147207355047429,PPS-GC,sender_signaling,pps_gc_share_generation,sender,802,false,32,2,recipient_bits=16;location_bytes=32,22344,68,measured,ok,unavailable,rustc,nightly-2021-05-06,Release,JerryZ
1787147207357011130,PPS-GC,sender_signaling,pps_gc_sender_preparation,sender,802,false,32,2,recipient_bits=16;location_bytes=32,799,68,measured,ok,unavailable,rustc,nightly-2021-05-06,Release,JerryZ
1787147207358301578,PPS-GC,sender_signaling,message_encryption,sender,802,false,32,2,recipient_bits=16;location_bytes=32,-1,,not_applicable,not_applicable,unavailable,rustc,nightly-2021-05-06,Release,JerryZ
1787147207359650830,PPS-GC,sender_signaling,pps_gc_sender_total_signaling,sender,802,false,32,2,recipient_bits=16;location_bytes=32,23317,68,measured,ok,unavailable,rustc,nightly-2021-05-06,Release,JerryZ
1787147207361118221,PPS-GC,sender_signaling,pps_gc_share_generation,sender,803,false,32,2,recipient_bits=16;location_bytes=32,9818,68,measured,ok,unavailable,rustc,nightly-2021-05-06,Release,JerryZ
1787147207362374074,PPS-GC,sender_signaling,pps_gc_sender_preparation,sender,803,false,32,2,recipient_bits=16;location_bytes=32,147,68,measured,ok,unavailable,rustc,nightly-2021-05-06,Release,JerryZ
1787147207363528612,PPS-GC,sender_signaling,message_encryption,sender,803,false,32,2,recipient_bits=16;location_bytes=32,-1,,not_applicable,not_applicable,unavailable,rustc,nightly-2021-05-06,Release,JerryZ
1787147207364919985,PPS-GC,sender_signaling,pps_gc_sender_total_signaling,sender,803,false,32,2,recipient_bits=16;location_bytes=32,9845,68,measured,ok,unavailable,rustc,nightly-2021-05-06,Release,JerryZ
1787147207366527103,PPS-GC,sender_signaling,pps_gc_share_generation,sender,804,false,32,2,recipient_bits=16;location_bytes=32,10883,68,measured,ok,unavailable,rustc,nightly-2021-05-06,Release,JerryZ
1787147207367975402,PPS-GC,sender_signaling,pps_gc_sender_preparation,sender,804,false,32,2,recipient_bits=16;location_bytes=32,524,68,measured,ok,unavailable,rustc,nightly-2021-05-06,Release,JerryZ
1787147207369515850,PPS-GC,sender_signaling,message_encryption,sender,804,false,32,2,recipient_bits=16;location_bytes=32,-1,,not_applicable,not_applicable,unavailable,rustc,nightly-2021-05-06,Release,JerryZ
1787147207370950080,PPS-GC,sender_signaling,pps_gc_sender_total_signaling,sender,804,false,32,2,recipient_bits=16;location_bytes=32,11718,68,measured,ok,unavailable,rustc,nightly-2021-05-06,Release,JerryZ
1787147207372874162,PPS-GC,sender_signaling,pps_gc_share_generation,sender,805,false,32,2,recipient_bits=16;location_bytes=32,9955,68,measured,ok,unavailable,rustc,nightly-2021-05-06,Release,JerryZ
1787147207374092967,PPS-GC,sender_signaling,pps_gc_sender_preparation,sender,805,false,32,2,recipient_bits=16;location_bytes=32,284,68,measured,ok,unavailable,rustc,nightly-2021-05-06,Release,JerryZ
1787147207375475106,PPS-GC,sender_signaling,message_encryption,sender,805,false,32,2,recipient_bits=16;location_bytes=32,-1,,not_applicable,not_applicable,unavailable,rustc,nightly-2021-05-06,Release,JerryZ
1787147207376826093,PPS-GC,sender_signaling,pps_gc_sender_total_signaling,sender,805,false,32,2,recipient_bits=16;location_bytes=32,10635,68,measured,ok,unavailable,rustc,nightly-2021-05-06,Release,JerryZ
1787147207378392385,PPS-GC,sender_signaling,pps_gc_share_generation,sender,806,false,32,2,recipient_bits=16;location_bytes=32,9927,68,measured,ok,unavailable,rustc,nightly-2021-05-06,Release,JerryZ
1787147207379792487,PPS-GC,sender_signaling,pps_gc_sender_preparation,sender,806,false,32,2,recipient_bits=16;location_bytes=32,230,68,measured,ok,unavailable,rustc,nightly-2021-05-06,Release,JerryZ
1787147207381158821,PPS-GC,sender_signaling,message_encryption,sender,806,false,32,2,recipient_bits=16;location_bytes=32,-1,,not_applicable,not_applicable,unavailable,rustc,nightly-2021-05-06,Release,JerryZ
1787147207382910698,PPS-GC,sender_signaling,pps_gc_sender_total_signaling,sender,806,false,32,2,recipient_bits=16;location_bytes=32,12040,68,measured,ok,unavailable,rustc,nightly-2021-05-06,Release,JerryZ
1787147207384825064,PPS-GC,sender_signaling,pps_gc_share_generation,sender,807,false,32,2,recipient_bits=16;location_bytes=32,12361,68,measured,ok,unavailable,rustc,nightly-2021-05-06,Release,JerryZ
1787147207386566591,PPS-GC,sender_signaling,pps_gc_sender_preparation,sender,807,false,32,2,recipient_bits=16;location_bytes=32,1249,68,measured,ok,unavailable,rustc,nightly-2021-05-06,Release,JerryZ
1787147207388239717,PPS-GC,sender_signaling,message_encryption,sender,807,false,32,2,recipient_bits=16;location_bytes=32,-1,,not_applicable,not_applicable,unavailable,rustc,nightly-2021-05-06,Release,JerryZ
1787147207389834001,PPS-GC,sender_signaling,pps_gc_sender_total_signaling,sender,807,false,32,2,recipient_bits=16;location_bytes=32,10865,68,measured,ok,unavailable,rustc,nightly-2021-05-06,Release,JerryZ
1787147207391090139,PPS-GC,sender_signaling,pps_gc_share_generation,sender,808,false,32,2,recipient_bits=16;location_bytes=32,10212,68,measured,ok,unavailable,rustc,nightly-2021-05-06,Release,JerryZ
1787147207392414131,PPS-GC,sender_signaling,pps_gc_sender_preparation,sender,808,false,32,2,recipient_bits=16;location_bytes=32,312,68,measured,ok,unavailable,rustc,nightly-2021-05-06,Release,JerryZ
1787147207393622884,PPS-GC,sender_signaling,message_encryption,sender,808,false,32,2,recipient_bits=16;location_bytes=32,-1,,not_applicable,not_applicable,unavailable,rustc,nightly-2021-05-06,Release,JerryZ
1787147207394906785,PPS-GC,sender_signaling,pps_gc_sender_total_signaling,sender,808,false,32,2,recipient_bits=16;location_bytes=32,22436,68,measured,ok,unavailable,rustc,nightly-2021-05-06,Release,JerryZ
1787147207396304638,PPS-GC,sender_signaling,pps_gc_share_generation,sender,809,false,32,2,recipient_bits=16;location_bytes=32,10065,68,measured,ok,unavailable,rustc,nightly-2021-05-06,Release,JerryZ
1787147207397942398,PPS-GC,sender_signaling,pps_gc_sender_preparation,sender,809,false,32,2,recipient_bits=16;location_bytes=32,257,68,measured,ok,unavailable,rustc,nightly-2021-05-06,Release,JerryZ
1787147207399324280,PPS-GC,sender_signaling,message_encryption,sender,809,false,32,2,recipient_bits=16;location_bytes=32,-1,,not_applicable,not_applicable,unavailable,rustc,nightly-2021-05-06,Release,JerryZ
1787147207400714703,PPS-GC,sender_signaling,pps_gc_sender_total_signaling,sender,809,false,32,2,recipient_bits=16;location_bytes=32,11517,68,measured,ok,unavailable,rustc,nightly-2021-05-06,Release,JerryZ
1787147207402358850,PPS-GC,sender_signaling,pps_gc_share_generation,sender,810,false,32,2,recipient_bits=16;location_bytes=32,10625,68,measured,ok,unavailable,rustc,nightly-2021-05-06,Release,JerryZ
1787147207403677754,PPS-GC,sender_signaling,pps_gc_sender_preparation,sender,810,false,32,2,recipient_bits=16;location_bytes=32,303,68,measured,ok,unavailable,rustc,nightly-2021-05-06,Release,JerryZ
1787147207405146698,PPS-GC,sender_signaling,message_encryption,sender,810,false,32,2,recipient_bits=16;location_bytes=32,-1,,not_applicable,not_applicable,unavailable,rustc,nightly-2021-05-06,Release,JerryZ
1787147207406520479,PPS-GC,sender_signaling,pps_gc_sender_total_signaling,sender,810,false,32,2,recipient_bits=16;location_bytes=32,10874,68,measured,ok,unavailable,rustc,nightly-2021-05-06,Release,JerryZ
1787147207407770656,PPS-GC,sender_signaling,pps_gc_share_generation,sender,811,false,32,2,recipient_bits=16;location_bytes=32,10340,68,measured,ok,unavailable,rustc,nightly-2021-05-06,Release,JerryZ
1787147207408984622,PPS-GC,sender_signaling,pps_gc_sender_preparation,sender,811,false,32,2,recipient_bits=16;location_bytes=32,460,68,measured,ok,unavailable,rustc,nightly-2021-05-06,Release,JerryZ
1787147207410663130,PPS-GC,sender_signaling,message_encryption,sender,811,false,32,2,recipient_bits=16;location_bytes=32,-1,,not_applicable,not_applicable,unavailable,rustc,nightly-2021-05-06,Release,JerryZ
1787147207411922013,PPS-GC,sender_signaling,pps_gc_sender_total_signaling,sender,811,false,32,2,recipient_bits=16;location_bytes=32,10965,68,measured,ok,unavailable,rustc,nightly-2021-05-06,Release,JerryZ
1787147207413326643,PPS-GC,sender_signaling,pps_gc_share_generation,sender,812,false,32,2,recipient_bits=16;location_bytes=32,10314,68,measured,ok,unavailable,rustc,nightly-2021-05-06,Release,JerryZ
1787147207415595264,PPS-GC,sender_signaling,pps_gc_sender_preparation,sender,812,false,32,2,recipient_bits=16;location_bytes=32,606,68,measured,ok,unavailable,rustc,nightly-2021-05-06,Release,JerryZ
1787147207416933504,PPS-GC,sender_signaling,message_encryption,sender,812,false,32,2,recipient_bits=16;location_bytes=32,-1,,not_applicable,not_applicable,unavailable,rustc,nightly-2021-05-06,Release,JerryZ
1787147207418587042,PPS-GC,sender_signaling,pps_gc_sender_total_signaling,sender,812,false,32,2,recipient_bits=16;location_bytes=32,11315,68,measured,ok,unavailable,rustc,nightly-2021-05-06,Release,JerryZ
1787147207419938837,PPS-GC,sender_signaling,pps_gc_share_generation,sender,813,false,32,2,recipient_bits=16;location_bytes=32,10056,68,measured,ok,unavailable,rustc,nightly-2021-05-06,Release,JerryZ
1787147207421273441,PPS-GC,sender_signaling,pps_gc_sender_preparation,sender,813,false,32,2,recipient_bits=16;location_bytes=32,303,68,measured,ok,unavailable,rustc,nightly-2021-05-06,Release,JerryZ
1787147207422703813,PPS-GC,sender_signaling,message_encryption,sender,813,false,32,2,recipient_bits=16;location_bytes=32,-1,,not_applicable,not_applicable,unavailable,rustc,nightly-2021-05-06,Release,JerryZ
1787147207424301252,PPS-GC,sender_signaling,pps_gc_sender_total_signaling,sender,813,false,32,2,recipient_bits=16;location_bytes=32,10984,68,measured,ok,unavailable,rustc,nightly-2021-05-06,Release,JerryZ
1787147207425512971,PPS-GC,sender_signaling,pps_gc_share_generation,sender,814,false,32,2,recipient_bits=16;location_bytes=32,9799,68,measured,ok,unavailable,rustc,nightly-2021-05-06,Release,JerryZ
1787147207426774335,PPS-GC,sender_signaling,pps_gc_sender_preparation,sender,814,false,32,2,recipient_bits=16;location_bytes=32,138,68,measured,ok,unavailable,rustc,nightly-2021-05-06,Release,JerryZ
1787147207428269866,PPS-GC,sender_signaling,message_encryption,sender,814,false,32,2,recipient_bits=16;location_bytes=32,-1,,not_applicable,not_applicable,unavailable,rustc,nightly-2021-05-06,Release,JerryZ
1787147207429550735,PPS-GC,sender_signaling,pps_gc_sender_total_signaling,sender,814,false,32,2,recipient_bits=16;location_bytes=32,11700,68,measured,ok,unavailable,rustc,nightly-2021-05-06,Release,JerryZ
1787147207431315460,PPS-GC,sender_signaling,pps_gc_share_generation,sender,815,false,32,2,recipient_bits=16;location_bytes=32,23134,68,measured,ok,unavailable,rustc,nightly-2021-05-06,Release,JerryZ
1787147207432860519,PPS-GC,sender_signaling,pps_gc_sender_preparation,sender,815,false,32,2,recipient_bits=16;location_bytes=32,478,68,measured,ok,unavailable,rustc,nightly-2021-05-06,Release,JerryZ
1787147207434120560,PPS-GC,sender_signaling,message_encryption,sender,815,false,32,2,recipient_bits=16;location_bytes=32,-1,,not_applicable,not_applicable,unavailable,rustc,nightly-2021-05-06,Release,JerryZ
1787147207435339944,PPS-GC,sender_signaling,pps_gc_sender_total_signaling,sender,815,false,32,2,recipient_bits=16;location_bytes=32,10276,68,measured,ok,unavailable,rustc,nightly-2021-05-06,Release,JerryZ
1787147207436921049,PPS-GC,sender_signaling,pps_gc_share_generation,sender,816,false,32,2,recipient_bits=16;location_bytes=32,10222,68,measured,ok,unavailable,rustc,nightly-2021-05-06,Release,JerryZ
1787147207438288457,PPS-GC,sender_signaling,pps_gc_sender_preparation,sender,816,false,32,2,recipient_bits=16;location_bytes=32,450,68,measured,ok,unavailable,rustc,nightly-2021-05-06,Release,JerryZ
1787147207439478766,PPS-GC,sender_signaling,message_encryption,sender,816,false,32,2,recipient_bits=16;location_bytes=32,-1,,not_applicable,not_applicable,unavailable,rustc,nightly-2021-05-06,Release,JerryZ
1787147207440988790,PPS-GC,sender_signaling,pps_gc_sender_total_signaling,sender,816,false,32,2,recipient_bits=16;location_bytes=32,25072,68,measured,ok,unavailable,rustc,nightly-2021-05-06,Release,JerryZ
1787147207442880885,PPS-GC,sender_signaling,pps_gc_share_generation,sender,817,false,32,2,recipient_bits=16;location_bytes=32,10580,68,measured,ok,unavailable,rustc,nightly-2021-05-06,Release,JerryZ
1787147207444219658,PPS-GC,sender_signaling,pps_gc_sender_preparation,sender,817,false,32,2,recipient_bits=16;location_bytes=32,624,68,measured,ok,unavailable,rustc,nightly-2021-05-06,Release,JerryZ
1787147207445589821,PPS-GC,sender_signaling,message_encryption,sender,817,false,32,2,recipient_bits=16;location_bytes=32,-1,,not_applicable,not_applicable,unavailable,rustc,nightly-2021-05-06,Release,JerryZ
1787147207447395350,PPS-GC,sender_signaling,pps_gc_sender_total_signaling,sender,817,false,32,2,recipient_bits=16;location_bytes=32,11351,68,measured,ok,unavailable,rustc,nightly-2021-05-06,Release,JerryZ
1787147207449180124,PPS-GC,sender_signaling,pps_gc_share_generation,sender,818,false,32,2,recipient_bits=16;location_bytes=32,10433,68,measured,ok,unavailable,rustc,nightly-2021-05-06,Release,JerryZ
1787147207450650996,PPS-GC,sender_signaling,pps_gc_sender_preparation,sender,818,false,32,2,recipient_bits=16;location_bytes=32,487,68,measured,ok,unavailable,rustc,nightly-2021-05-06,Release,JerryZ
1787147207452014354,PPS-GC,sender_signaling,message_encryption,sender,818,false,32,2,recipient_bits=16;location_bytes=32,-1,,not_applicable,not_applicable,unavailable,rustc,nightly-2021-05-06,Release,JerryZ
1787147207453364501,PPS-GC,sender_signaling,pps_gc_sender_total_signaling,sender,818,false,32,2,recipient_bits=16;location_bytes=32,10819,68,measured,ok,unavailable,rustc,nightly-2021-05-06,Release,JerryZ
1787147207454667480,PPS-GC,sender_signaling,pps_gc_share_generation,sender,819,false,32,2,recipient_bits=16;location_bytes=32,21931,68,measured,ok,unavailable,rustc,nightly-2021-05-06,Release,JerryZ
1787147207456350075,PPS-GC,sender_signaling,pps_gc_sender_preparation,sender,819,false,32,2,recipient_bits=16;location_bytes=32,432,68,measured,ok,unavailable,rustc,nightly-2021-05-06,Release,JerryZ
1787147207457763779,PPS-GC,sender_signaling,message_encryption,sender,819,false,32,2,recipient_bits=16;location_bytes=32,-1,,not_applicable,not_applicable,unavailable,rustc,nightly-2021-05-06,Release,JerryZ
1787147207459149371,PPS-GC,sender_signaling,pps_gc_sender_total_signaling,sender,819,false,32,2,recipient_bits=16;location_bytes=32,11195,68,measured,ok,unavailable,rustc,nightly-2021-05-06,Release,JerryZ
1787147207460341231,PPS-GC,sender_signaling,pps_gc_share_generation,sender,820,false,32,2,recipient_bits=16;location_bytes=32,9762,68,measured,ok,unavailable,rustc,nightly-2021-05-06,Release,JerryZ
1787147207461665879,PPS-GC,sender_signaling,pps_gc_sender_preparation,sender,820,false,32,2,recipient_bits=16;location_bytes=32,147,68,measured,ok,unavailable,rustc,nightly-2021-05-06,Release,JerryZ
1787147207463085460,PPS-GC,sender_signaling,message_encryption,sender,820,false,32,2,recipient_bits=16;location_bytes=32,-1,,not_applicable,not_applicable,unavailable,rustc,nightly-2021-05-06,Release,JerryZ
1787147207464354455,PPS-GC,sender_signaling,pps_gc_sender_total_signaling,sender,820,false,32,2,recipient_bits=16;location_bytes=32,10892,68,measured,ok,unavailable,rustc,nightly-2021-05-06,Release,JerryZ
1787147207465910645,PPS-GC,sender_signaling,pps_gc_share_generation,sender,821,false,32,2,recipient_bits=16;location_bytes=32,10855,68,measured,ok,unavailable,rustc,nightly-2021-05-06,Release,JerryZ
1787147207467468166,PPS-GC,sender_signaling,pps_gc_sender_preparation,sender,821,false,32,2,recipient_bits=16;location_bytes=32,505,68,measured,ok,unavailable,rustc,nightly-2021-05-06,Release,JerryZ
1787147207468977913,PPS-GC,sender_signaling,message_encryption,sender,821,false,32,2,recipient_bits=16;location_bytes=32,-1,,not_applicable,not_applicable,unavailable,rustc,nightly-2021-05-06,Release,JerryZ
1787147207470278298,PPS-GC,sender_signaling,pps_gc_sender_total_signaling,sender,821,false,32,2,recipient_bits=16;location_bytes=32,13362,68,measured,ok,unavailable,rustc,nightly-2021-05-06,Release,JerryZ
1787147207471610009,PPS-GC,sender_signaling,pps_gc_share_generation,sender,822,false,32,2,recipient_bits=16;location_bytes=32,9845,68,measured,ok,unavailable,rustc,nightly-2021-05-06,Release,JerryZ
1787147207473473065,PPS-GC,sender_signaling,pps_gc_sender_preparation,sender,822,false,32,2,recipient_bits=16;location_bytes=32,229,68,measured,ok,unavailable,rustc,nightly-2021-05-06,Release,JerryZ
1787147207474735907,PPS-GC,sender_signaling,message_encryption,sender,822,false,32,2,recipient_bits=16;location_bytes=32,-1,,not_applicable,not_applicable,unavailable,rustc,nightly-2021-05-06,Release,JerryZ
1787147207476221142,PPS-GC,sender_signaling,pps_gc_sender_total_signaling,sender,822,false,32,2,recipient_bits=16;location_bytes=32,11048,68,measured,ok,unavailable,rustc,nightly-2021-05-06,Release,JerryZ
1787147207477564186,PPS-GC,sender_signaling,pps_gc_share_generation,sender,823,false,32,2,recipient_bits=16;location_bytes=32,10387,68,measured,ok,unavailable,rustc,nightly-2021-05-06,Release,JerryZ
1787147207479151632,PPS-GC,sender_signaling,pps_gc_sender_preparation,sender,823,false,32,2,recipient_bits=16;location_bytes=32,147,68,measured,ok,unavailable,rustc,nightly-2021-05-06,Release,JerryZ
1787147207480463061,PPS-GC,sender_signaling,message_encryption,sender,823,false,32,2,recipient_bits=16;location_bytes=32,-1,,not_applicable,not_applicable,unavailable,rustc,nightly-2021-05-06,Release,JerryZ
1787147207482074775,PPS-GC,sender_signaling,pps_gc_sender_total_signaling,sender,823,false,32,2,recipient_bits=16;location_bytes=32,11094,68,measured,ok,unavailable,rustc,nightly-2021-05-06,Release,JerryZ
1787147207483529999,PPS-GC,sender_signaling,pps_gc_share_generation,sender,824,false,32,2,recipient_bits=16;location_bytes=32,10368,68,measured,ok,unavailable,rustc,nightly-2021-05-06,Release,JerryZ
1787147207484994462,PPS-GC,sender_signaling,pps_gc_sender_preparation,sender,824,false,32,2,recipient_bits=16;location_bytes=32,359,68,measured,ok,unavailable,rustc,nightly-2021-05-06,Release,JerryZ
1787147207486411757,PPS-GC,sender_signaling,message_encryption,sender,824,false,32,2,recipient_bits=16;location_bytes=32,-1,,not_applicable,not_applicable,unavailable,rustc,nightly-2021-05-06,Release,JerryZ
1787147207487803153,PPS-GC,sender_signaling,pps_gc_sender_total_signaling,sender,824,false,32,2,recipient_bits=16;location_bytes=32,11315,68,measured,ok,unavailable,rustc,nightly-2021-05-06,Release,JerryZ
1787147207489303863,PPS-GC,sender_signaling,pps_gc_share_generation,sender,825,false,32,2,recipient_bits=16;location_bytes=32,9992,68,measured,ok,unavailable,rustc,nightly-2021-05-06,Release,JerryZ
1787147207490641764,PPS-GC,sender_signaling,pps_gc_sender_preparation,sender,825,false,32,2,recipient_bits=16;location_bytes=32,212,68,measured,ok,unavailable,rustc,nightly-2021-05-06,Release,JerryZ
1787147207491897668,PPS-GC,sender_signaling,message_encryption,sender,825,false,32,2,recipient_bits=16;location_bytes=32,-1,,not_applicable,not_applicable,unavailable,rustc,nightly-2021-05-06,Release,JerryZ
1787147207493428459,PPS-GC,sender_signaling,pps_gc_sender_total_signaling,sender,825,false,32,2,recipient_bits=16;location_bytes=32,11516,68,measured,ok,unavailable,rustc,nightly-2021-05-06,Release,JerryZ
1787147207495362217,PPS-GC,sender_signaling,pps_gc_share_generation,sender,826,false,32,2,recipient_bits=16;location_bytes=32,10947,68,measured,ok,unavailable,rustc,nightly-2021-05-06,Release,JerryZ
1787147207496688091,PPS-GC,sender_signaling,pps_gc_sender_preparation,sender,826,false,32,2,recipient_bits=16;location_bytes=32,477,68,measured,ok,unavailable,rustc,nightly-2021-05-06,Release,JerryZ
1787147207498223396,PPS-GC,sender_signaling,message_encryption,sender,826,false,32,2,recipient_bits=16;location_bytes=32,-1,,not_applicable,not_applicable,unavailable,rustc,nightly-2021-05-06,Release,JerryZ
1787147207499413438,PPS-GC,sender_signaling,pps_gc_sender_total_signaling,sender,826,false,32,2,recipient_bits=16;location_bytes=32,10479,68,measured,ok,unavailable,rustc,nightly-2021-05-06,Release,JerryZ
1787147207500962666,PPS-GC,sender_signaling,pps_gc_share_generation,sender,827,false,32,2,recipient_bits=16;location_bytes=32,9808,68,measured,ok,unavailable,rustc,nightly-2021-05-06,Release,JerryZ
1787147207502243279,PPS-GC,sender_signaling,pps_gc_sender_preparation,sender,827,false,32,2,recipient_bits=16;location_bytes=32,156,68,measured,ok,unavailable,rustc,nightly-2021-05-06,Release,JerryZ
1787147207503613942,PPS-GC,sender_signaling,message_encryption,sender,827,false,32,2,recipient_bits=16;location_bytes=32,-1,,not_applicable,not_applicable,unavailable,rustc,nightly-2021-05-06,Release,JerryZ
1787147207505520048,PPS-GC,sender_signaling,pps_gc_sender_total_signaling,sender,827,false,32,2,recipient_bits=16;location_bytes=32,11406,68,measured,ok,unavailable,rustc,nightly-2021-05-06,Release,JerryZ
1787147207506999635,PPS-GC,sender_signaling,pps_gc_share_generation,sender,828,false,32,2,recipient_bits=16;location_bytes=32,10056,68,measured,ok,unavailable,rustc,nightly-2021-05-06,Release,JerryZ
1787147207508248040,PPS-GC,sender_signaling,pps_gc_sender_preparation,sender,828,false,32,2,recipient_bits=16;location_bytes=32,303,68,measured,ok,unavailable,rustc,nightly-2021-05-06,Release,JerryZ
1787147207509705880,PPS-GC,sender_signaling,message_encryption,sender,828,false,32,2,recipient_bits=16;location_bytes=32,-1,,not_applicable,not_applicable,unavailable,rustc,nightly-2021-05-06,Release,JerryZ
1787147207511217887,PPS-GC,sender_signaling,pps_gc_sender_total_signaling,sender,828,false,32,2,recipient_bits=16;location_bytes=32,10910,68,measured,ok,unavailable,rustc,nightly-2021-05-06,Release,JerryZ
1787147207512542554,PPS-GC,sender_signaling,pps_gc_share_generation,sender,829,false,32,2,recipient_bits=16;location_bytes=32,10267,68,measured,ok,unavailable,rustc,nightly-2021-05-06,Release,JerryZ
1787147207514200499,PPS-GC,sender_signaling,pps_gc_sender_preparation,sender,829,false,32,2,recipient_bits=16;location_bytes=32,285,68,measured,ok,unavailable,rustc,nightly-2021-05-06,Release,JerryZ
1787147207515396603,PPS-GC,sender_signaling,message_encryption,sender,829,false,32,2,recipient_bits=16;location_bytes=32,-1,,not_applicable,not_applicable,unavailable,rustc,nightly-2021-05-06,Release,JerryZ
1787147207516564888,PPS-GC,sender_signaling,pps_gc_sender_total_signaling,sender,829,false,32,2,recipient_bits=16;location_bytes=32,10304,68,measured,ok,unavailable,rustc,nightly-2021-05-06,Release,JerryZ
1787147207517855617,PPS-GC,sender_signaling,pps_gc_share_generation,sender,830,false,32,2,recipient_bits=16;location_bytes=32,9698,68,measured,ok,unavailable,rustc,nightly-2021-05-06,Release,JerryZ
1787147207519124974,PPS-GC,sender_signaling,pps_gc_sender_preparation,sender,830,false,32,2,recipient_bits=16;location_bytes=32,138,68,measured,ok,unavailable,rustc,nightly-2021-05-06,Release,JerryZ
1787147207520788054,PPS-GC,sender_signaling,message_encryption,sender,830,false,32,2,recipient_bits=16;location_bytes=32,-1,,not_applicable,not_applicable,unavailable,rustc,nightly-2021-05-06,Release,JerryZ
1787147207522241440,PPS-GC,sender_signaling,pps_gc_sender_total_signaling,sender,830,false,32,2,recipient_bits=16;location_bytes=32,11425,68,measured,ok,unavailable,rustc,nightly-2021-05-06,Release,JerryZ
1787147207523882561,PPS-GC,sender_signaling,pps_gc_share_generation,sender,831,false,32,2,recipient_bits=16;location_bytes=32,10543,68,measured,ok,unavailable,rustc,nightly-2021-05-06,Release,JerryZ
1787147207525516326,PPS-GC,sender_signaling,pps_gc_sender_preparation,sender,831,false,32,2,recipient_bits=16;location_bytes=32,533,68,measured,ok,unavailable,rustc,nightly-2021-05-06,Release,JerryZ
1787147207527253638,PPS-GC,sender_signaling,message_encryption,sender,831,false,32,2,recipient_bits=16;location_bytes=32,-1,,not_applicable,not_applicable,unavailable,rustc,nightly-2021-05-06,Release,JerryZ
1787147207528690089,PPS-GC,sender_signaling,pps_gc_sender_total_signaling,sender,831,false,32,2,recipient_bits=16;location_bytes=32,11976,68,measured,ok,unavailable,rustc,nightly-2021-05-06,Release,JerryZ
1787147207530034961,PPS-GC,sender_signaling,pps_gc_share_generation,sender,832,false,32,2,recipient_bits=16;location_bytes=32,9992,68,measured,ok,unavailable,rustc,nightly-2021-05-06,Release,JerryZ
1787147207531317860,PPS-GC,sender_signaling,pps_gc_sender_preparation,sender,832,false,32,2,recipient_bits=16;location_bytes=32,303,68,measured,ok,unavailable,rustc,nightly-2021-05-06,Release,JerryZ
1787147207533206283,PPS-GC,sender_signaling,message_encryption,sender,832,false,32,2,recipient_bits=16;location_bytes=32,-1,,not_applicable,not_applicable,unavailable,rustc,nightly-2021-05-06,Release,JerryZ
1787147207534589551,PPS-GC,sender_signaling,pps_gc_sender_total_signaling,sender,832,false,32,2,recipient_bits=16;location_bytes=32,22335,68,measured,ok,unavailable,rustc,nightly-2021-05-06,Release,JerryZ
1787147207535932797,PPS-GC,sender_signaling,pps_gc_share_generation,sender,833,false,32,2,recipient_bits=16;location_bytes=32,9845,68,measured,ok,unavailable,rustc,nightly-2021-05-06,Release,JerryZ
1787147207538185217,PPS-GC,sender_signaling,pps_gc_sender_preparation,sender,833,false,32,2,recipient_bits=16;location_bytes=32,257,68,measured,ok,unavailable,rustc,nightly-2021-05-06,Release,JerryZ
1787147207539566033,PPS-GC,sender_signaling,message_encryption,sender,833,false,32,2,recipient_bits=16;location_bytes=32,-1,,not_applicable,not_applicable,unavailable,rustc,nightly-2021-05-06,Release,JerryZ
1787147207541000455,PPS-GC,sender_signaling,pps_gc_sender_total_signaling,sender,833,false,32,2,recipient_bits=16;location_bytes=32,23171,68,measured,ok,unavailable,rustc,nightly-2021-05-06,Release,JerryZ
1787147207542410696,PPS-GC,sender_signaling,pps_gc_share_generation,sender,834,false,32,2,recipient_bits=16;location_bytes=32,9928,68,measured,ok,unavailable,rustc,nightly-2021-05-06,Release,JerryZ
1787147207543727272,PPS-GC,sender_signaling,pps_gc_sender_preparation,sender,834,false,32,2,recipient_bits=16;location_bytes=32,431,68,measured,ok,unavailable,rustc,nightly-2021-05-06,Release,JerryZ
1787147207544949365,PPS-GC,sender_signaling,message_encryption,sender,834,false,32,2,recipient_bits=16;location_bytes=32,-1,,not_applicable,not_applicable,unavailable,rustc,nightly-2021-05-06,Release,JerryZ
1787147207546464595,PPS-GC,sender_signaling,pps_gc_sender_total_signaling,sender,834,false,32,2,recipient_bits=16;location_bytes=32,10708,68,measured,ok,unavailable,rustc,nightly-2021-05-06,Release,JerryZ
1787147207547711191,PPS-GC,sender_signaling,pps_gc_share_generation,sender,835,false,32,2,recipient_bits=16;location_bytes=32,22133,68,measured,ok,unavailable,rustc,nightly-2021-05-06,Release,JerryZ
1787147207548998287,PPS-GC,sender_signaling,pps_gc_sender_preparation,sender,835,false,32,2,recipient_bits=16;location_bytes=32,284,68,measured,ok,unavailable,rustc,nightly-2021-05-06,Release,JerryZ
1787147207550428788,PPS-GC,sender_signaling,message_encryption,sender,835,false,32,2,recipient_bits=16;location_bytes=32,-1,,not_applicable,not_applicable,unavailable,rustc,nightly-2021-05-06,Release,JerryZ
1787147207552219393,PPS-GC,sender_signaling,pps_gc_sender_total_signaling,sender,835,false,32,2,recipient_bits=16;location_bytes=32,18579,68,measured,ok,unavailable,rustc,nightly-2021-05-06,Release,JerryZ
1787147207554396639,PPS-GC,sender_signaling,pps_gc_share_generation,sender,836,false,32,2,recipient_bits=16;location_bytes=32,10928,68,measured,ok,unavailable,rustc,nightly-2021-05-06,Release,JerryZ
1787147207556239780,PPS-GC,sender_signaling,pps_gc_sender_preparation,sender,836,false,32,2,recipient_bits=16;location_bytes=32,882,68,measured,ok,unavailable,rustc,nightly-2021-05-06,Release,JerryZ
1787147207557508243,PPS-GC,sender_signaling,message_encryption,sender,836,false,32,2,recipient_bits=16;location_bytes=32,-1,,not_applicable,not_applicable,unavailable,rustc,nightly-2021-05-06,Release,JerryZ
1787147207558900351,PPS-GC,sender_signaling,pps_gc_sender_total_signaling,sender,836,false,32,2,recipient_bits=16;location_bytes=32,13216,68,measured,ok,unavailable,rustc,nightly-2021-05-06,Release,JerryZ
1787147207560442971,PPS-GC,sender_signaling,pps_gc_share_generation,sender,837,false,32,2,recipient_bits=16;location_bytes=32,9680,68,measured,ok,unavailable,rustc,nightly-2021-05-06,Release,JerryZ
1787147207561671750,PPS-GC,sender_signaling,pps_gc_sender_preparation,sender,837,false,32,2,recipient_bits=16;location_bytes=32,137,68,measured,ok,unavailable,rustc,nightly-2021-05-06,Release,JerryZ
1787147207563316342,PPS-GC,sender_signaling,message_encryption,sender,837,false,32,2,recipient_bits=16;location_bytes=32,-1,,not_applicable,not_applicable,unavailable,rustc,nightly-2021-05-06,Release,JerryZ
1787147207564815863,PPS-GC,sender_signaling,pps_gc_sender_total_signaling,sender,837,false,32,2,recipient_bits=16;location_bytes=32,22427,68,measured,ok,unavailable,rustc,nightly-2021-05-06,Release,JerryZ
1787147207566401878,PPS-GC,sender_signaling,pps_gc_share_generation,sender,838,false,32,2,recipient_bits=16;location_bytes=32,10148,68,measured,ok,unavailable,rustc,nightly-2021-05-06,Release,JerryZ
1787147207567846989,PPS-GC,sender_signaling,pps_gc_sender_preparation,sender,838,false,32,2,recipient_bits=16;location_bytes=32,294,68,measured,ok,unavailable,rustc,nightly-2021-05-06,Release,JerryZ
1787147207569515496,PPS-GC,sender_signaling,message_encryption,sender,838,false,32,2,recipient_bits=16;location_bytes=32,-1,,not_applicable,not_applicable,unavailable,rustc,nightly-2021-05-06,Release,JerryZ
1787147207571019623,PPS-GC,sender_signaling,pps_gc_sender_total_signaling,sender,838,false,32,2,recipient_bits=16;location_bytes=32,23042,68,measured,ok,unavailable,rustc,nightly-2021-05-06,Release,JerryZ
1787147207572363612,PPS-GC,sender_signaling,pps_gc_share_generation,sender,839,false,32,2,recipient_bits=16;location_bytes=32,9799,68,measured,ok,unavailable,rustc,nightly-2021-05-06,Release,JerryZ
1787147207573778877,PPS-GC,sender_signaling,pps_gc_sender_preparation,sender,839,false,32,2,recipient_bits=16;location_bytes=32,395,68,measured,ok,unavailable,rustc,nightly-2021-05-06,Release,JerryZ
1787147207575458268,PPS-GC,sender_signaling,message_encryption,sender,839,false,32,2,recipient_bits=16;location_bytes=32,-1,,not_applicable,not_applicable,unavailable,rustc,nightly-2021-05-06,Release,JerryZ
1787147207576659386,PPS-GC,sender_signaling,pps_gc_sender_total_signaling,sender,839,false,32,2,recipient_bits=16;location_bytes=32,10479,68,measured,ok,unavailable,rustc,nightly-2021-05-06,Release,JerryZ
1787147207577979498,PPS-GC,sender_signaling,pps_gc_share_generation,sender,840,false,32,2,recipient_bits=16;location_bytes=32,9689,68,measured,ok,unavailable,rustc,nightly-2021-05-06,Release,JerryZ
1787147207579183655,PPS-GC,sender_signaling,pps_gc_sender_preparation,sender,840,false,32,2,recipient_bits=16;location_bytes=32,147,68,measured,ok,unavailable,rustc,nightly-2021-05-06,Release,JerryZ
1787147207580801294,PPS-GC,sender_signaling,message_encryption,sender,840,false,32,2,recipient_bits=16;location_bytes=32,-1,,not_applicable,not_applicable,unavailable,rustc,nightly-2021-05-06,Release,JerryZ
1787147207582187060,PPS-GC,sender_signaling,pps_gc_sender_total_signaling,sender,840,false,32,2,recipient_bits=16;location_bytes=32,11250,68,measured,ok,unavailable,rustc,nightly-2021-05-06,Release,JerryZ
1787147207583508935,PPS-GC,sender_signaling,pps_gc_share_generation,sender,841,false,32,2,recipient_bits=16;location_bytes=32,22224,68,measured,ok,unavailable,rustc,nightly-2021-05-06,Release,JerryZ
1787147207585166927,PPS-GC,sender_signaling,pps_gc_sender_preparation,sender,841,false,32,2,recipient_bits=16;location_bytes=32,312,68,measured,ok,unavailable,rustc,nightly-2021-05-06,Release,JerryZ
1787147207587268356,PPS-GC,sender_signaling,message_encryption,sender,841,false,32,2,recipient_bits=16;location_bytes=32,-1,,not_applicable,not_applicable,unavailable,rustc,nightly-2021-05-06,Release,JerryZ
1787147207588535744,PPS-GC,sender_signaling,pps_gc_sender_total_signaling,sender,841,false,32,2,recipient_bits=16;location_bytes=32,11158,68,measured,ok,unavailable,rustc,nightly-2021-05-06,Release,JerryZ
1787147207590107987,PPS-GC,sender_signaling,pps_gc_share_generation,sender,842,false,32,2,recipient_bits=16;location_bytes=32,10056,68,measured,ok,unavailable,rustc,nightly-2021-05-06,Release,JerryZ
1787147207591428521,PPS-GC,sender_signaling,pps_gc_sender_preparation,sender,842,false,32,2,recipient_bits=16;location_bytes=32,532,68,measured,ok,unavailable,rustc,nightly-2021-05-06,Release,JerryZ
1787147207593299140,PPS-GC,sender_signaling,message_encryption,sender,842,false,32,2,recipient_bits=16;location_bytes=32,-1,,not_applicable,not_applicable,unavailable,rustc,nightly-2021-05-06,Release,JerryZ
1787147207594557008,PPS-GC,sender_signaling,pps_gc_sender_total_signaling,sender,842,false,32,2,recipient_bits=16;location_bytes=32,10460,68,measured,ok,unavailable,rustc,nightly-2021-05-06,Release,JerryZ
1787147207595969665,PPS-GC,sender_signaling,pps_gc_share_generation,sender,843,false,32,2,recipient_bits=16;location_bytes=32,10129,68,measured,ok,unavailable,rustc,nightly-2021-05-06,Release,JerryZ
1787147207597799191,PPS-GC,sender_signaling,pps_gc_sender_preparation,sender,843,false,32,2,recipient_bits=16;location_bytes=32,212,68,measured,ok,unavailable,rustc,nightly-2021-05-06,Release,JerryZ
1787147207599083679,PPS-GC,sender_signaling,message_encryption,sender,843,false,32,2,recipient_bits=16;location_bytes=32,-1,,not_applicable,not_applicable,unavailable,rustc,nightly-2021-05-06,Release,JerryZ
1787147207600812147,PPS-GC,sender_signaling,pps_gc_sender_total_signaling,sender,843,false,32,2,recipient_bits=16;location_bytes=32,11507,68,measured,ok,unavailable,rustc,nightly-2021-05-06,Release,JerryZ
1787147207602265111,PPS-GC,sender_signaling,pps_gc_share_generation,sender,844,false,32,2,recipient_bits=16;location_bytes=32,10084,68,measured,ok,unavailable,rustc,nightly-2021-05-06,Release,JerryZ
1787147207603499694,PPS-GC,sender_signaling,pps_gc_sender_preparation,sender,844,false,32,2,recipient_bits=16;location_bytes=32,533,68,measured,ok,unavailable,rustc,nightly-2021-05-06,Release,JerryZ
1787147207604769983,PPS-GC,sender_signaling,message_encryption,sender,844,false,32,2,recipient_bits=16;location_bytes=32,-1,,not_applicable,not_applicable,unavailable,rustc,nightly-2021-05-06,Release,JerryZ
1787147207606434523,PPS-GC,sender_signaling,pps_gc_sender_total_signaling,sender,844,false,32,2,recipient_bits=16;location_bytes=32,10396,68,measured,ok,unavailable,rustc,nightly-2021-05-06,Release,JerryZ
1787147207607663757,PPS-GC,sender_signaling,pps_gc_share_generation,sender,845,false,32,2,recipient_bits=16;location_bytes=32,21646,68,measured,ok,unavailable,rustc,nightly-2021-05-06,Release,JerryZ
1787147207608971686,PPS-GC,sender_signaling,pps_gc_sender_preparation,sender,845,false,32,2,recipient_bits=16;location_bytes=32,285,68,measured,ok,unavailable,rustc,nightly-2021-05-06,Release,JerryZ
1787147207610189316,PPS-GC,sender_signaling,message_encryption,sender,845,false,32,2,recipient_bits=16;location_bytes=32,-1,,not_applicable,not_applicable,unavailable,rustc,nightly-2021-05-06,Release,JerryZ
1787147207612066359,PPS-GC,sender_signaling,pps_gc_sender_total_signaling,sender,845,false,32,2,recipient_bits=16;location_bytes=32,12343,68,measured,ok,unavailable,rustc,nightly-2021-05-06,Release,JerryZ
1787147207613998670,PPS-GC,sender_signaling,pps_gc_share_generation,sender,846,false,32,2,recipient_bits=16;location_bytes=32,10414,68,measured,ok,unavailable,rustc,nightly-2021-05-06,Release,JerryZ
1787147207615341474,PPS-GC,sender_signaling,pps_gc_sender_preparation,sender,846,false,32,2,recipient_bits=16;location_bytes=32,432,68,measured,ok,unavailable,rustc,nightly-2021-05-06,Release,JerryZ
1787147207616724390,PPS-GC,sender_signaling,message_encryption,sender,846,false,32,2,recipient_bits=16;location_bytes=32,-1,,not_applicable,not_applicable,unavailable,rustc,nightly-2021-05-06,Release,JerryZ
1787147207617937000,PPS-GC,sender_signaling,pps_gc_sender_total_signaling,sender,846,false,32,2,recipient_bits=16;location_bytes=32,10561,68,measured,ok,unavailable,rustc,nightly-2021-05-06,Release,JerryZ
1787147207619504340,PPS-GC,sender_signaling,pps_gc_share_generation,sender,847,false,32,2,recipient_bits=16;location_bytes=32,10066,68,measured,ok,unavailable,rustc,nightly-2021-05-06,Release,JerryZ
1787147207620768413,PPS-GC,sender_signaling,pps_gc_sender_preparation,sender,847,false,32,2,recipient_bits=16;location_bytes=32,230,68,measured,ok,unavailable,rustc,nightly-2021-05-06,Release,JerryZ
1787147207622200907,PPS-GC,sender_signaling,message_encryption,sender,847,false,32,2,recipient_bits=16;location_bytes=32,-1,,not_applicable,not_applicable,unavailable,rustc,nightly-2021-05-06,Release,JerryZ
1787147207624271993,PPS-GC,sender_signaling,pps_gc_sender_total_signaling,sender,847,false,32,2,recipient_bits=16;location_bytes=32,10947,68,measured,ok,unavailable,rustc,nightly-2021-05-06,Release,JerryZ
1787147207625481211,PPS-GC,sender_signaling,pps_gc_share_generation,sender,848,false,32,2,recipient_bits=16;location_bytes=32,9588,68,measured,ok,unavailable,rustc,nightly-2021-05-06,Release,JerryZ
1787147207626937266,PPS-GC,sender_signaling,pps_gc_sender_preparation,sender,848,false,32,2,recipient_bits=16;location_bytes=32,147,68,measured,ok,unavailable,rustc,nightly-2021-05-06,Release,JerryZ
1787147207628411311,PPS-GC,sender_signaling,message_encryption,sender,848,false,32,2,recipient_bits=16;location_bytes=32,-1,,not_applicable,not_applicable,unavailable,rustc,nightly-2021-05-06,Release,JerryZ
1787147207629712908,PPS-GC,sender_signaling,pps_gc_sender_total_signaling,sender,848,false,32,2,recipient_bits=16;location_bytes=32,11360,68,measured,ok,unavailable,rustc,nightly-2021-05-06,Release,JerryZ
1787147207631327920,PPS-GC,sender_signaling,pps_gc_share_generation,sender,849,false,32,2,recipient_bits=16;location_bytes=32,22059,68,measured,ok,unavailable,rustc,nightly-2021-05-06,Release,JerryZ
1787147207632993883,PPS-GC,sender_signaling,pps_gc_sender_preparation,sender,849,false,32,2,recipient_bits=16;location_bytes=32,385,68,measured,ok,unavailable,rustc,nightly-2021-05-06,Release,JerryZ
1787147207634337560,PPS-GC,sender_signaling,message_encryption,sender,849,false,32,2,recipient_bits=16;location_bytes=32,-1,,not_applicable,not_applicable,unavailable,rustc,nightly-2021-05-06,Release,JerryZ
1787147207635721609,PPS-GC,sender_signaling,pps_gc_sender_total_signaling,sender,849,false,32,2,recipient_bits=16;location_bytes=32,10552,68,measured,ok,unavailable,rustc,nightly-2021-05-06,Release,JerryZ
1787147207636964577,PPS-GC,sender_signaling,pps_gc_share_generation,sender,850,false,32,2,recipient_bits=16;location_bytes=32,9772,68,measured,ok,unavailable,rustc,nightly-2021-05-06,Release,JerryZ
1787147207638206489,PPS-GC,sender_signaling,pps_gc_sender_preparation,sender,850,false,32,2,recipient_bits=16;location_bytes=32,138,68,measured,ok,unavailable,rustc,nightly-2021-05-06,Release,JerryZ
1787147207639710946,PPS-GC,sender_signaling,message_encryption,sender,850,false,32,2,recipient_bits=16;location_bytes=32,-1,,not_applicable,not_applicable,unavailable,rustc,nightly-2021-05-06,Release,JerryZ
1787147207641052842,PPS-GC,sender_signaling,pps_gc_sender_total_signaling,sender,850,false,32,2,recipient_bits=16;location_bytes=32,22206,68,measured,ok,unavailable,rustc,nightly-2021-05-06,Release,JerryZ
1787147207642888448,PPS-GC,sender_signaling,pps_gc_share_generation,sender,851,false,32,2,recipient_bits=16;location_bytes=32,10414,68,measured,ok,unavailable,rustc,nightly-2021-05-06,Release,JerryZ
1787147207644434672,PPS-GC,sender_signaling,pps_gc_sender_preparation,sender,851,false,32,2,recipient_bits=16;location_bytes=32,147,68,measured,ok,unavailable,rustc,nightly-2021-05-06,Release,JerryZ
1787147207646017798,PPS-GC,sender_signaling,message_encryption,sender,851,false,32,2,recipient_bits=16;location_bytes=32,-1,,not_applicable,not_applicable,unavailable,rustc,nightly-2021-05-06,Release,JerryZ
1787147207647532431,PPS-GC,sender_signaling,pps_gc_sender_total_signaling,sender,851,false,32,2,recipient_bits=16;location_bytes=32,11489,68,measured,ok,unavailable,rustc,nightly-2021-05-06,Release,JerryZ
1787147207649010990,PPS-GC,sender_signaling,pps_gc_share_generation,sender,852,false,32,2,recipient_bits=16;location_bytes=32,10663,68,measured,ok,unavailable,rustc,nightly-2021-05-06,Release,JerryZ
1787147207650426439,PPS-GC,sender_signaling,pps_gc_sender_preparation,sender,852,false,32,2,recipient_bits=16;location_bytes=32,330,68,measured,ok,unavailable,rustc,nightly-2021-05-06,Release,JerryZ
1787147207651924421,PPS-GC,sender_signaling,message_encryption,sender,852,false,32,2,recipient_bits=16;location_bytes=32,-1,,not_applicable,not_applicable,unavailable,rustc,nightly-2021-05-06,Release,JerryZ
1787147207653385504,PPS-GC,sender_signaling,pps_gc_sender_total_signaling,sender,852,false,32,2,recipient_bits=16;location_bytes=32,15070,68,measured,ok,unavailable,rustc,nightly-2021-05-06,Release,JerryZ
1787147207654794918,PPS-GC,sender_signaling,pps_gc_share_generation,sender,853,false,32,2,recipient_bits=16;location_bytes=32,21940,68,measured,ok,unavailable,rustc,nightly-2021-05-06,Release,JerryZ
1787147207656551259,PPS-GC,sender_signaling,pps_gc_sender_preparation,sender,853,false,32,2,recipient_bits=16;location_bytes=32,432,68,measured,ok,unavailable,rustc,nightly-2021-05-06,Release,JerryZ
1787147207658215032,PPS-GC,sender_signaling,message_encryption,sender,853,false,32,2,recipient_bits=16;location_bytes=32,-1,,not_applicable,not_applicable,unavailable,rustc,nightly-2021-05-06,Release,JerryZ
1787147207660271347,PPS-GC,sender_signaling,pps_gc_sender_total_signaling,sender,853,false,32,2,recipient_bits=16;location_bytes=32,12931,68,measured,ok,unavailable,rustc,nightly-2021-05-06,Release,JerryZ
1787147207662033234,PPS-GC,sender_signaling,pps_gc_share_generation,sender,854,false,32,2,recipient_bits=16;location_bytes=32,10552,68,measured,ok,unavailable,rustc,nightly-2021-05-06,Release,JerryZ
1787147207663322397,PPS-GC,sender_signaling,pps_gc_sender_preparation,sender,854,false,32,2,recipient_bits=16;location_bytes=32,294,68,measured,ok,unavailable,rustc,nightly-2021-05-06,Release,JerryZ
1787147207664624416,PPS-GC,sender_signaling,message_encryption,sender,854,false,32,2,recipient_bits=16;location_bytes=32,-1,,not_applicable,not_applicable,unavailable,rustc,nightly-2021-05-06,Release,JerryZ
1787147207666420514,PPS-GC,sender_signaling,pps_gc_sender_total_signaling,sender,854,false,32,2,recipient_bits=16;location_bytes=32,11314,68,measured,ok,unavailable,rustc,nightly-2021-05-06,Release,JerryZ
1787147207667624727,PPS-GC,sender_signaling,pps_gc_share_generation,sender,855,false,32,2,recipient_bits=16;location_bytes=32,10038,68,measured,ok,unavailable,rustc,nightly-2021-05-06,Release,JerryZ
1787147207668763763,PPS-GC,sender_signaling,pps_gc_sender_preparation,sender,855,false,32,2,recipient_bits=16;location_bytes=32,423,68,measured,ok,unavailable,rustc,nightly-2021-05-06,Release,JerryZ
1787147207669906720,PPS-GC,sender_signaling,message_encryption,sender,855,false,32,2,recipient_bits=16;location_bytes=32,-1,,not_applicable,not_applicable,unavailable,rustc,nightly-2021-05-06,Release,JerryZ
1787147207671091656,PPS-GC,sender_signaling,pps_gc_sender_total_signaling,sender,855,false,32,2,recipient_bits=16;location_bytes=32,10093,68,measured,ok,unavailable,rustc,nightly-2021-05-06,Release,JerryZ
1787147207672485329,PPS-GC,sender_signaling,pps_gc_share_generation,sender,856,false,32,2,recipient_bits=16;location_bytes=32,9818,68,measured,ok,unavailable,rustc,nightly-2021-05-06,Release,JerryZ
1787147207673712060,PPS-GC,sender_signaling,pps_gc_sender_preparation,sender,856,false,32,2,recipient_bits=16;location_bytes=32,321,68,measured,ok,unavailable,rustc,nightly-2021-05-06,Release,JerryZ
1787147207674927918,PPS-GC,sender_signaling,message_encryption,sender,856,false,32,2,recipient_bits=16;location_bytes=32,-1,,not_applicable,not_applicable,unavailable,rustc,nightly-2021-05-06,Release,JerryZ
1787147207676116307,PPS-GC,sender_signaling,pps_gc_sender_total_signaling,sender,856,false,32,2,recipient_bits=16;location_bytes=32,10671,68,measured,ok,unavailable,rustc,nightly-2021-05-06,Release,JerryZ
1787147207677835085,PPS-GC,sender_signaling,pps_gc_share_generation,sender,857,false,32,2,recipient_bits=16;location_bytes=32,10011,68,measured,ok,unavailable,rustc,nightly-2021-05-06,Release,JerryZ
1787147207679112814,PPS-GC,sender_signaling,pps_gc_sender_preparation,sender,857,false,32,2,recipient_bits=16;location_bytes=32,285,68,measured,ok,unavailable,rustc,nightly-2021-05-06,Release,JerryZ
1787147207680364663,PPS-GC,sender_signaling,message_encryption,sender,857,false,32,2,recipient_bits=16;location_bytes=32,-1,,not_applicable,not_applicable,unavailable,rustc,nightly-2021-05-06,Release,JerryZ
1787147207681972934,PPS-GC,sender_signaling,pps_gc_sender_total_signaling,sender,857,false,32,2,recipient_bits=16;location_bytes=32,10525,68,measured,ok,unavailable,rustc,nightly-2021-05-06,Release,JerryZ
1787147207683468170,PPS-GC,sender_signaling,pps_gc_share_generation,sender,858,false,32,2,recipient_bits=16;location_bytes=32,10258,68,measured,ok,unavailable,rustc,nightly-2021-05-06,Release,JerryZ
1787147207685067670,PPS-GC,sender_signaling,pps_gc_sender_preparation,sender,858,false,32,2,recipient_bits=16;location_bytes=32,561,68,measured,ok,unavailable,rustc,nightly-2021-05-06,Release,JerryZ
1787147207686500247,PPS-GC,sender_signaling,message_encryption,sender,858,false,32,2,recipient_bits=16;location_bytes=32,-1,,not_applicable,not_applicable,unavailable,rustc,nightly-2021-05-06,Release,JerryZ
1787147207688271180,PPS-GC,sender_signaling,pps_gc_sender_total_signaling,sender,858,false,32,2,recipient_bits=16;location_bytes=32,12499,68,measured,ok,unavailable,rustc,nightly-2021-05-06,Release,JerryZ
1787147207689861185,PPS-GC,sender_signaling,pps_gc_share_generation,sender,859,false,32,2,recipient_bits=16;location_bytes=32,10608,68,measured,ok,unavailable,rustc,nightly-2021-05-06,Release,JerryZ
1787147207691364030,PPS-GC,sender_signaling,pps_gc_sender_preparation,sender,859,false,32,2,recipient_bits=16;location_bytes=32,376,68,measured,ok,unavailable,rustc,nightly-2021-05-06,Release,JerryZ
1787147207693008816,PPS-GC,sender_signaling,message_encryption,sender,859,false,32,2,recipient_bits=16;location_bytes=32,-1,,not_applicable,not_applicable,unavailable,rustc,nightly-2021-05-06,Release,JerryZ
1787147207694527921,PPS-GC,sender_signaling,pps_gc_sender_total_signaling,sender,859,false,32,2,recipient_bits=16;location_bytes=32,11131,68,measured,ok,unavailable,rustc,nightly-2021-05-06,Release,JerryZ
1787147207695907080,PPS-GC,sender_signaling,pps_gc_share_generation,sender,860,false,32,2,recipient_bits=16;location_bytes=32,10175,68,measured,ok,unavailable,rustc,nightly-2021-05-06,Release,JerryZ
1787147207697588223,PPS-GC,sender_signaling,pps_gc_sender_preparation,sender,860,false,32,2,recipient_bits=16;location_bytes=32,460,68,measured,ok,unavailable,rustc,nightly-2021-05-06,Release,JerryZ
1787147207698791545,PPS-GC,sender_signaling,message_encryption,sender,860,false,32,2,recipient_bits=16;location_bytes=32,-1,,not_applicable,not_applicable,unavailable,rustc,nightly-2021-05-06,Release,JerryZ
1787147207700017891,PPS-GC,sender_signaling,pps_gc_sender_total_signaling,sender,860,false,32,2,recipient_bits=16;location_bytes=32,21830,68,measured,ok,unavailable,rustc,nightly-2021-05-06,Release,JerryZ
1787147207701422410,PPS-GC,sender_signaling,pps_gc_share_generation,sender,861,false,32,2,recipient_bits=16;location_bytes=32,11471,68,measured,ok,unavailable,rustc,nightly-2021-05-06,Release,JerryZ
1787147207702943973,PPS-GC,sender_signaling,pps_gc_sender_preparation,sender,861,false,32,2,recipient_bits=16;location_bytes=32,147,68,measured,ok,unavailable,rustc,nightly-2021-05-06,Release,JerryZ
1787147207704626315,PPS-GC,sender_signaling,message_encryption,sender,861,false,32,2,recipient_bits=16;location_bytes=32,-1,,not_applicable,not_applicable,unavailable,rustc,nightly-2021-05-06,Release,JerryZ
1787147207706139373,PPS-GC,sender_signaling,pps_gc_sender_total_signaling,sender,861,false,32,2,recipient_bits=16;location_bytes=32,10736,68,measured,ok,unavailable,rustc,nightly-2021-05-06,Release,JerryZ
1787147207707567444,PPS-GC,sender_signaling,pps_gc_share_generation,sender,862,false,32,2,recipient_bits=16;location_bytes=32,11415,68,measured,ok,unavailable,rustc,nightly-2021-05-06,Release,JerryZ
1787147207708964801,PPS-GC,sender_signaling,pps_gc_sender_preparation,sender,862,false,32,2,recipient_bits=16;location_bytes=32,1029,68,measured,ok,unavailable,rustc,nightly-2021-05-06,Release,JerryZ
1787147207710433933,PPS-GC,sender_signaling,message_encryption,sender,862,false,32,2,recipient_bits=16;location_bytes=32,-1,,not_applicable,not_applicable,unavailable,rustc,nightly-2021-05-06,Release,JerryZ
1787147207711706023,PPS-GC,sender_signaling,pps_gc_sender_total_signaling,sender,862,false,32,2,recipient_bits=16;location_bytes=32,10184,68,measured,ok,unavailable,rustc,nightly-2021-05-06,Release,JerryZ
1787147207712918110,PPS-GC,sender_signaling,pps_gc_share_generation,sender,863,false,32,2,recipient_bits=16;location_bytes=32,9689,68,measured,ok,unavailable,rustc,nightly-2021-05-06,Release,JerryZ
1787147207714488194,PPS-GC,sender_signaling,pps_gc_sender_preparation,sender,863,false,32,2,recipient_bits=16;location_bytes=32,267,68,measured,ok,unavailable,rustc,nightly-2021-05-06,Release,JerryZ
1787147207715984102,PPS-GC,sender_signaling,message_encryption,sender,863,false,32,2,recipient_bits=16;location_bytes=32,-1,,not_applicable,not_applicable,unavailable,rustc,nightly-2021-05-06,Release,JerryZ
1787147207717258212,PPS-GC,sender_signaling,pps_gc_sender_total_signaling,sender,863,false,32,2,recipient_bits=16;location_bytes=32,10507,68,measured,ok,unavailable,rustc,nightly-2021-05-06,Release,JerryZ
1787147207718634386,PPS-GC,sender_signaling,pps_gc_share_generation,sender,864,false,32,2,recipient_bits=16;location_bytes=32,10901,68,measured,ok,unavailable,rustc,nightly-2021-05-06,Release,JerryZ
1787147207719964044,PPS-GC,sender_signaling,pps_gc_sender_preparation,sender,864,false,32,2,recipient_bits=16;location_bytes=32,386,68,measured,ok,unavailable,rustc,nightly-2021-05-06,Release,JerryZ
1787147207721401125,PPS-GC,sender_signaling,message_encryption,sender,864,false,32,2,recipient_bits=16;location_bytes=32,-1,,not_applicable,not_applicable,unavailable,rustc,nightly-2021-05-06,Release,JerryZ
1787147207723587096,PPS-GC,sender_signaling,pps_gc_sender_total_signaling,sender,864,false,32,2,recipient_bits=16;location_bytes=32,15953,68,measured,ok,unavailable,rustc,nightly-2021-05-06,Release,JerryZ
1787147207725099984,PPS-GC,sender_signaling,pps_gc_share_generation,sender,865,false,32,2,recipient_bits=16;location_bytes=32,10093,68,measured,ok,unavailable,rustc,nightly-2021-05-06,Release,JerryZ
1787147207726563031,PPS-GC,sender_signaling,pps_gc_sender_preparation,sender,865,false,32,2,recipient_bits=16;location_bytes=32,450,68,measured,ok,unavailable,rustc,nightly-2021-05-06,Release,JerryZ
1787147207727738618,PPS-GC,sender_signaling,message_encryption,sender,865,false,32,2,recipient_bits=16;location_bytes=32,-1,,not_applicable,not_applicable,unavailable,rustc,nightly-2021-05-06,Release,JerryZ
1787147207728896407,PPS-GC,sender_signaling,pps_gc_sender_total_signaling,sender,865,false,32,2,recipient_bits=16;location_bytes=32,10240,68,measured,ok,unavailable,rustc,nightly-2021-05-06,Release,JerryZ
1787147207730513338,PPS-GC,sender_signaling,pps_gc_share_generation,sender,866,false,32,2,recipient_bits=16;location_bytes=32,23795,68,measured,ok,unavailable,rustc,nightly-2021-05-06,Release,JerryZ
1787147207731791838,PPS-GC,sender_signaling,pps_gc_sender_preparation,sender,866,false,32,2,recipient_bits=16;location_bytes=32,312,68,measured,ok,unavailable,rustc,nightly-2021-05-06,Release,JerryZ
1787147207733181351,PPS-GC,sender_signaling,message_encryption,sender,866,false,32,2,recipient_bits=16;location_bytes=32,-1,,not_applicable,not_applicable,unavailable,rustc,nightly-2021-05-06,Release,JerryZ
1787147207734548098,PPS-GC,sender_signaling,pps_gc_sender_total_signaling,sender,866,false,32,2,recipient_bits=16;location_bytes=32,11875,68,measured,ok,unavailable,rustc,nightly-2021-05-06,Release,JerryZ
1787147207736432359,PPS-GC,sender_signaling,pps_gc_share_generation,sender,867,false,32,2,recipient_bits=16;location_bytes=32,10460,68,measured,ok,unavailable,rustc,nightly-2021-05-06,Release,JerryZ
1787147207737903029,PPS-GC,sender_signaling,pps_gc_sender_preparation,sender,867,false,32,2,recipient_bits=16;location_bytes=32,303,68,measured,ok,unavailable,rustc,nightly-2021-05-06,Release,JerryZ
1787147207739482711,PPS-GC,sender_signaling,message_encryption,sender,867,false,32,2,recipient_bits=16;location_bytes=32,-1,,not_applicable,not_applicable,unavailable,rustc,nightly-2021-05-06,Release,JerryZ
1787147207741122390,PPS-GC,sender_signaling,pps_gc_sender_total_signaling,sender,867,false,32,2,recipient_bits=16;location_bytes=32,10589,68,measured,ok,unavailable,rustc,nightly-2021-05-06,Release,JerryZ
1787147207742424006,PPS-GC,sender_signaling,pps_gc_share_generation,sender,868,false,32,2,recipient_bits=16;location_bytes=32,9882,68,measured,ok,unavailable,rustc,nightly-2021-05-06,Release,JerryZ
1787147207743590335,PPS-GC,sender_signaling,pps_gc_sender_preparation,sender,868,false,32,2,recipient_bits=16;location_bytes=32,147,68,measured,ok,unavailable,rustc,nightly-2021-05-06,Release,JerryZ
1787147207744927960,PPS-GC,sender_signaling,message_encryption,sender,868,false,32,2,recipient_bits=16;location_bytes=32,-1,,not_applicable,not_applicable,unavailable,rustc,nightly-2021-05-06,Release,JerryZ
1787147207746255088,PPS-GC,sender_signaling,pps_gc_sender_total_signaling,sender,868,false,32,2,recipient_bits=16;location_bytes=32,10846,68,measured,ok,unavailable,rustc,nightly-2021-05-06,Release,JerryZ
1787147207747444239,PPS-GC,sender_signaling,pps_gc_share_generation,sender,869,false,32,2,recipient_bits=16;location_bytes=32,9781,68,measured,ok,unavailable,rustc,nightly-2021-05-06,Release,JerryZ
1787147207749204364,PPS-GC,sender_signaling,pps_gc_sender_preparation,sender,869,false,32,2,recipient_bits=16;location_bytes=32,147,68,measured,ok,unavailable,rustc,nightly-2021-05-06,Release,JerryZ
1787147207750711228,PPS-GC,sender_signaling,message_encryption,sender,869,false,32,2,recipient_bits=16;location_bytes=32,-1,,not_applicable,not_applicable,unavailable,rustc,nightly-2021-05-06,Release,JerryZ
1787147207752176631,PPS-GC,sender_signaling,pps_gc_sender_total_signaling,sender,869,false,32,2,recipient_bits=16;location_bytes=32,22711,68,measured,ok,unavailable,rustc,nightly-2021-05-06,Release,JerryZ
1787147207753993754,PPS-GC,sender_signaling,pps_gc_share_generation,sender,870,false,32,2,recipient_bits=16;location_bytes=32,11314,68,measured,ok,unavailable,rustc,nightly-2021-05-06,Release,JerryZ
1787147207755443210,PPS-GC,sender_signaling,pps_gc_sender_preparation,sender,870,false,32,2,recipient_bits=16;location_bytes=32,679,68,measured,ok,unavailable,rustc,nightly-2021-05-06,Release,JerryZ
1787147207757011228,PPS-GC,sender_signaling,message_encryption,sender,870,false,32,2,recipient_bits=16;location_bytes=32,-1,,not_applicable,not_applicable,unavailable,rustc,nightly-2021-05-06,Release,JerryZ
1787147207758394167,PPS-GC,sender_signaling,pps_gc_sender_total_signaling,sender,870,false,32,2,recipient_bits=16;location_bytes=32,11012,68,measured,ok,unavailable,rustc,nightly-2021-05-06,Release,JerryZ
1787147207759757911,PPS-GC,sender_signaling,pps_gc_share_generation,sender,871,false,32,2,recipient_bits=16;location_bytes=32,9909,68,measured,ok,unavailable,rustc,nightly-2021-05-06,Release,JerryZ
1787147207761114712,PPS-GC,sender_signaling,pps_gc_sender_preparation,sender,871,false,32,2,recipient_bits=16;location_bytes=32,138,68,measured,ok,unavailable,rustc,nightly-2021-05-06,Release,JerryZ
1787147207762834318,PPS-GC,sender_signaling,message_encryption,sender,871,false,32,2,recipient_bits=16;location_bytes=32,-1,,not_applicable,not_applicable,unavailable,rustc,nightly-2021-05-06,Release,JerryZ
1787147207764374243,PPS-GC,sender_signaling,pps_gc_sender_total_signaling,sender,871,false,32,2,recipient_bits=16;location_bytes=32,22978,68,measured,ok,unavailable,rustc,nightly-2021-05-06,Release,JerryZ
1787147207766126653,PPS-GC,sender_signaling,pps_gc_share_generation,sender,872,false,32,2,recipient_bits=16;location_bytes=32,10562,68,measured,ok,unavailable,rustc,nightly-2021-05-06,Release,JerryZ
1787147207767451981,PPS-GC,sender_signaling,pps_gc_sender_preparation,sender,872,false,32,2,recipient_bits=16;location_bytes=32,496,68,measured,ok,unavailable,rustc,nightly-2021-05-06,Release,JerryZ
1787147207769502308,PPS-GC,sender_signaling,message_encryption,sender,872,false,32,2,recipient_bits=16;location_bytes=32,-1,,not_applicable,not_applicable,unavailable,rustc,nightly-2021-05-06,Release,JerryZ
1787147207770866212,PPS-GC,sender_signaling,pps_gc_sender_total_signaling,sender,872,false,32,2,recipient_bits=16;location_bytes=32,10883,68,measured,ok,unavailable,rustc,nightly-2021-05-06,Release,JerryZ
1787147207772311462,PPS-GC,sender_signaling,pps_gc_share_generation,sender,873,false,32,2,recipient_bits=16;location_bytes=32,20066,68,measured,ok,unavailable,rustc,nightly-2021-05-06,Release,JerryZ
1787147207774043337,PPS-GC,sender_signaling,pps_gc_sender_preparation,sender,873,false,32,2,recipient_bits=16;location_bytes=32,331,68,measured,ok,unavailable,rustc,nightly-2021-05-06,Release,JerryZ
1787147207775236731,PPS-GC,sender_signaling,message_encryption,sender,873,false,32,2,recipient_bits=16;location_bytes=32,-1,,not_applicable,not_applicable,unavailable,rustc,nightly-2021-05-06,Release,JerryZ
1787147207776497837,PPS-GC,sender_signaling,pps_gc_sender_total_signaling,sender,873,false,32,2,recipient_bits=16;location_bytes=32,10700,68,measured,ok,unavailable,rustc,nightly-2021-05-06,Release,JerryZ
1787147207777744892,PPS-GC,sender_signaling,pps_gc_share_generation,sender,874,false,32,2,recipient_bits=16;location_bytes=32,9863,68,measured,ok,unavailable,rustc,nightly-2021-05-06,Release,JerryZ
1787147207779050153,PPS-GC,sender_signaling,pps_gc_sender_preparation,sender,874,false,32,2,recipient_bits=16;location_bytes=32,358,68,measured,ok,unavailable,rustc,nightly-2021-05-06,Release,JerryZ
1787147207780438225,PPS-GC,sender_signaling,message_encryption,sender,874,false,32,2,recipient_bits=16;location_bytes=32,-1,,not_applicable,not_applicable,unavailable,rustc,nightly-2021-05-06,Release,JerryZ
1787147207782566072,PPS-GC,sender_signaling,pps_gc_sender_total_signaling,sender,874,false,32,2,recipient_bits=16;location_bytes=32,15466,68,measured,ok,unavailable,rustc,nightly-2021-05-06,Release,JerryZ
1787147207784255210,PPS-GC,sender_signaling,pps_gc_share_generation,sender,875,false,32,2,recipient_bits=16;location_bytes=32,15190,68,measured,ok,unavailable,rustc,nightly-2021-05-06,Release,JerryZ
1787147207785588601,PPS-GC,sender_signaling,pps_gc_sender_preparation,sender,875,false,32,2,recipient_bits=16;location_bytes=32,505,68,measured,ok,unavailable,rustc,nightly-2021-05-06,Release,JerryZ
1787147207786837309,PPS-GC,sender_signaling,message_encryption,sender,875,false,32,2,recipient_bits=16;location_bytes=32,-1,,not_applicable,not_applicable,unavailable,rustc,nightly-2021-05-06,Release,JerryZ
1787147207788169342,PPS-GC,sender_signaling,pps_gc_sender_total_signaling,sender,875,false,32,2,recipient_bits=16;location_bytes=32,11021,68,measured,ok,unavailable,rustc,nightly-2021-05-06,Release,JerryZ
1787147207789740556,PPS-GC,sender_signaling,pps_gc_share_generation,sender,876,false,32,2,recipient_bits=16;location_bytes=32,10377,68,measured,ok,unavailable,rustc,nightly-2021-05-06,Release,JerryZ
1787147207791006695,PPS-GC,sender_signaling,pps_gc_sender_preparation,sender,876,false,32,2,recipient_bits=16;location_bytes=32,238,68,measured,ok,unavailable,rustc,nightly-2021-05-06,Release,JerryZ
1787147207792400019,PPS-GC,sender_signaling,message_encryption,sender,876,false,32,2,recipient_bits=16;location_bytes=32,-1,,not_applicable,not_applicable,unavailable,rustc,nightly-2021-05-06,Release,JerryZ
1787147207793776243,PPS-GC,sender_signaling,pps_gc_sender_total_signaling,sender,876,false,32,2,recipient_bits=16;location_bytes=32,11140,68,measured,ok,unavailable,rustc,nightly-2021-05-06,Release,JerryZ
1787147207795429147,PPS-GC,sender_signaling,pps_gc_share_generation,sender,877,false,32,2,recipient_bits=16;location_bytes=32,11195,68,measured,ok,unavailable,rustc,nightly-2021-05-06,Release,JerryZ
1787147207796737742,PPS-GC,sender_signaling,pps_gc_sender_preparation,sender,877,false,32,2,recipient_bits=16;location_bytes=32,303,68,measured,ok,unavailable,rustc,nightly-2021-05-06,Release,JerryZ
1787147207798079702,PPS-GC,sender_signaling,message_encryption,sender,877,false,32,2,recipient_bits=16;location_bytes=32,-1,,not_applicable,not_applicable,unavailable,rustc,nightly-2021-05-06,Release,JerryZ
1787147207799553624,PPS-GC,sender_signaling,pps_gc_sender_total_signaling,sender,877,false,32,2,recipient_bits=16;location_bytes=32,12949,68,measured,ok,unavailable,rustc,nightly-2021-05-06,Release,JerryZ
1787147207801144326,PPS-GC,sender_signaling,pps_gc_share_generation,sender,878,false,32,2,recipient_bits=16;location_bytes=32,9799,68,measured,ok,unavailable,rustc,nightly-2021-05-06,Release,JerryZ
1787147207802463570,PPS-GC,sender_signaling,pps_gc_sender_preparation,sender,878,false,32,2,recipient_bits=16;location_bytes=32,156,68,measured,ok,unavailable,rustc,nightly-2021-05-06,Release,JerryZ
1787147207803792567,PPS-GC,sender_signaling,message_encryption,sender,878,false,32,2,recipient_bits=16;location_bytes=32,-1,,not_applicable,not_applicable,unavailable,rustc,nightly-2021-05-06,Release,JerryZ
1787147207805370744,PPS-GC,sender_signaling,pps_gc_sender_total_signaling,sender,878,false,32,2,recipient_bits=16;location_bytes=32,10470,68,measured,ok,unavailable,rustc,nightly-2021-05-06,Release,JerryZ
1787147207806711234,PPS-GC,sender_signaling,pps_gc_share_generation,sender,879,false,32,2,recipient_bits=16;location_bytes=32,10175,68,measured,ok,unavailable,rustc,nightly-2021-05-06,Release,JerryZ
1787147207808085493,PPS-GC,sender_signaling,pps_gc_sender_preparation,sender,879,false,32,2,recipient_bits=16;location_bytes=32,790,68,measured,ok,unavailable,rustc,nightly-2021-05-06,Release,JerryZ
1787147207809761531,PPS-GC,sender_signaling,message_encryption,sender,879,false,32,2,recipient_bits=16;location_bytes=32,-1,,not_applicable,not_applicable,unavailable,rustc,nightly-2021-05-06,Release,JerryZ
1787147207811220915,PPS-GC,sender_signaling,pps_gc_sender_total_signaling,sender,879,false,32,2,recipient_bits=16;location_bytes=32,17036,68,measured,ok,unavailable,rustc,nightly-2021-05-06,Release,JerryZ
1787147207812767939,PPS-GC,sender_signaling,pps_gc_share_generation,sender,880,false,32,2,recipient_bits=16;location_bytes=32,14428,68,measured,ok,unavailable,rustc,nightly-2021-05-06,Release,JerryZ
1787147207814657403,PPS-GC,sender_signaling,pps_gc_sender_preparation,sender,880,false,32,2,recipient_bits=16;location_bytes=32,634,68,measured,ok,unavailable,rustc,nightly-2021-05-06,Release,JerryZ
1787147207816401157,PPS-GC,sender_signaling,message_encryption,sender,880,false,32,2,recipient_bits=16;location_bytes=32,-1,,not_applicable,not_applicable,unavailable,rustc,nightly-2021-05-06,Release,JerryZ
1787147207817810985,PPS-GC,sender_signaling,pps_gc_sender_total_signaling,sender,880,false,32,2,recipient_bits=16;location_bytes=32,10772,68,measured,ok,unavailable,rustc,nightly-2021-05-06,Release,JerryZ
1787147207819289783,PPS-GC,sender_signaling,pps_gc_share_generation,sender,881,false,32,2,recipient_bits=16;location_bytes=32,10268,68,measured,ok,unavailable,rustc,nightly-2021-05-06,Release,JerryZ
1787147207820483765,PPS-GC,sender_signaling,pps_gc_sender_preparation,sender,881,false,32,2,recipient_bits=16;location_bytes=32,367,68,measured,ok,unavailable,rustc,nightly-2021-05-06,Release,JerryZ
1787147207821997782,PPS-GC,sender_signaling,message_encryption,sender,881,false,32,2,recipient_bits=16;location_bytes=32,-1,,not_applicable,not_applicable,unavailable,rustc,nightly-2021-05-06,Release,JerryZ
1787147207823347236,PPS-GC,sender_signaling,pps_gc_sender_total_signaling,sender,881,false,32,2,recipient_bits=16;location_bytes=32,10121,68,measured,ok,unavailable,rustc,nightly-2021-05-06,Release,JerryZ
1787147207824779077,PPS-GC,sender_signaling,pps_gc_share_generation,sender,882,false,32,2,recipient_bits=16;location_bytes=32,22427,68,measured,ok,unavailable,rustc,nightly-2021-05-06,Release,JerryZ
1787147207826645807,PPS-GC,sender_signaling,pps_gc_sender_preparation,sender,882,false,32,2,recipient_bits=16;location_bytes=32,633,68,measured,ok,unavailable,rustc,nightly-2021-05-06,Release,JerryZ
1787147207828493802,PPS-GC,sender_signaling,message_encryption,sender,882,false,32,2,recipient_bits=16;location_bytes=32,-1,,not_applicable,not_applicable,unavailable,rustc,nightly-2021-05-06,Release,JerryZ
1787147207830058054,PPS-GC,sender_signaling,pps_gc_sender_total_signaling,sender,882,false,32,2,recipient_bits=16;location_bytes=32,11011,68,measured,ok,unavailable,rustc,nightly-2021-05-06,Release,JerryZ
1787147207831635496,PPS-GC,sender_signaling,pps_gc_share_generation,sender,883,false,32,2,recipient_bits=16;location_bytes=32,10764,68,measured,ok,unavailable,rustc,nightly-2021-05-06,Release,JerryZ
1787147207833185734,PPS-GC,sender_signaling,pps_gc_sender_preparation,sender,883,false,32,2,recipient_bits=16;location_bytes=32,772,68,measured,ok,unavailable,rustc,nightly-2021-05-06,Release,JerryZ
1787147207834670795,PPS-GC,sender_signaling,message_encryption,sender,883,false,32,2,recipient_bits=16;location_bytes=32,-1,,not_applicable,not_applicable,unavailable,rustc,nightly-2021-05-06,Release,JerryZ
1787147207835885991,PPS-GC,sender_signaling,pps_gc_sender_total_signaling,sender,883,false,32,2,recipient_bits=16;location_bytes=32,11508,68,measured,ok,unavailable,rustc,nightly-2021-05-06,Release,JerryZ
1787147207837200951,PPS-GC,sender_signaling,pps_gc_share_generation,sender,884,false,32,2,recipient_bits=16;location_bytes=32,9873,68,measured,ok,unavailable,rustc,nightly-2021-05-06,Release,JerryZ
1787147207838397743,PPS-GC,sender_signaling,pps_gc_sender_preparation,sender,884,false,32,2,recipient_bits=16;location_bytes=32,147,68,measured,ok,unavailable,rustc,nightly-2021-05-06,Release,JerryZ
1787147207839703399,PPS-GC,sender_signaling,message_encryption,sender,884,false,32,2,recipient_bits=16;location_bytes=32,-1,,not_applicable,not_applicable,unavailable,rustc,nightly-2021-05-06,Release,JerryZ
1787147207841795820,PPS-GC,sender_signaling,pps_gc_sender_total_signaling,sender,884,false,32,2,recipient_bits=16;location_bytes=32,14143,68,measured,ok,unavailable,rustc,nightly-2021-05-06,Release,JerryZ
1787147207843289799,PPS-GC,sender_signaling,pps_gc_share_generation,sender,885,false,32,2,recipient_bits=16;location_bytes=32,10369,68,measured,ok,unavailable,rustc,nightly-2021-05-06,Release,JerryZ
1787147207844605750,PPS-GC,sender_signaling,pps_gc_sender_preparation,sender,885,false,32,2,recipient_bits=16;location_bytes=32,376,68,measured,ok,unavailable,rustc,nightly-2021-05-06,Release,JerryZ
1787147207846165944,PPS-GC,sender_signaling,message_encryption,sender,885,false,32,2,recipient_bits=16;location_bytes=32,-1,,not_applicable,not_applicable,unavailable,rustc,nightly-2021-05-06,Release,JerryZ
1787147207847400895,PPS-GC,sender_signaling,pps_gc_sender_total_signaling,sender,885,false,32,2,recipient_bits=16;location_bytes=32,10460,68,measured,ok,unavailable,rustc,nightly-2021-05-06,Release,JerryZ
1787147207849074913,PPS-GC,sender_signaling,pps_gc_share_generation,sender,886,false,32,2,recipient_bits=16;location_bytes=32,10194,68,measured,ok,unavailable,rustc,nightly-2021-05-06,Release,JerryZ
1787147207850406413,PPS-GC,sender_signaling,pps_gc_sender_preparation,sender,886,false,32,2,recipient_bits=16;location_bytes=32,312,68,measured,ok,unavailable,rustc,nightly-2021-05-06,Release,JerryZ
1787147207851642971,PPS-GC,sender_signaling,message_encryption,sender,886,false,32,2,recipient_bits=16;location_bytes=32,-1,,not_applicable,not_applicable,unavailable,rustc,nightly-2021-05-06,Release,JerryZ
1787147207853193035,PPS-GC,sender_signaling,pps_gc_sender_total_signaling,sender,886,false,32,2,recipient_bits=16;location_bytes=32,10984,68,measured,ok,unavailable,rustc,nightly-2021-05-06,Release,JerryZ
1787147207854767950,PPS-GC,sender_signaling,pps_gc_share_generation,sender,887,false,32,2,recipient_bits=16;location_bytes=32,9854,68,measured,ok,unavailable,rustc,nightly-2021-05-06,Release,JerryZ
1787147207856063973,PPS-GC,sender_signaling,pps_gc_sender_preparation,sender,887,false,32,2,recipient_bits=16;location_bytes=32,248,68,measured,ok,unavailable,rustc,nightly-2021-05-06,Release,JerryZ
1787147207857291741,PPS-GC,sender_signaling,message_encryption,sender,887,false,32,2,recipient_bits=16;location_bytes=32,-1,,not_applicable,not_applicable,unavailable,rustc,nightly-2021-05-06,Release,JerryZ
1787147207858611633,PPS-GC,sender_signaling,pps_gc_sender_total_signaling,sender,887,false,32,2,recipient_bits=16;location_bytes=32,11370,68,measured,ok,unavailable,rustc,nightly-2021-05-06,Release,JerryZ
1787147207860759606,PPS-GC,sender_signaling,pps_gc_share_generation,sender,888,false,32,2,recipient_bits=16;location_bytes=32,11002,68,measured,ok,unavailable,rustc,nightly-2021-05-06,Release,JerryZ
1787147207862289640,PPS-GC,sender_signaling,pps_gc_sender_preparation,sender,888,false,32,2,recipient_bits=16;location_bytes=32,689,68,measured,ok,unavailable,rustc,nightly-2021-05-06,Release,JerryZ
1787147207863614334,PPS-GC,sender_signaling,message_encryption,sender,888,false,32,2,recipient_bits=16;location_bytes=32,-1,,not_applicable,not_applicable,unavailable,rustc,nightly-2021-05-06,Release,JerryZ
1787147207865294707,PPS-GC,sender_signaling,pps_gc_sender_total_signaling,sender,888,false,32,2,recipient_bits=16;location_bytes=32,11618,68,measured,ok,unavailable,rustc,nightly-2021-05-06,Release,JerryZ
1787147207866792392,PPS-GC,sender_signaling,pps_gc_share_generation,sender,889,false,32,2,recipient_bits=16;location_bytes=32,12288,68,measured,ok,unavailable,rustc,nightly-2021-05-06,Release,JerryZ
1787147207868289842,PPS-GC,sender_signaling,pps_gc_sender_preparation,sender,889,false,32,2,recipient_bits=16;location_bytes=32,1286,68,measured,ok,unavailable,rustc,nightly-2021-05-06,Release,JerryZ
1787147207869464827,PPS-GC,sender_signaling,message_encryption,sender,889,false,32,2,recipient_bits=16;location_bytes=32,-1,,not_applicable,not_applicable,unavailable,rustc,nightly-2021-05-06,Release,JerryZ
1787147207870819791,PPS-GC,sender_signaling,pps_gc_sender_total_signaling,sender,889,false,32,2,recipient_bits=16;location_bytes=32,10699,68,measured,ok,unavailable,rustc,nightly-2021-05-06,Release,JerryZ
1787147207872089015,PPS-GC,sender_signaling,pps_gc_share_generation,sender,890,false,32,2,recipient_bits=16;location_bytes=32,10359,68,measured,ok,unavailable,rustc,nightly-2021-05-06,Release,JerryZ
1787147207873874597,PPS-GC,sender_signaling,pps_gc_sender_preparation,sender,890,false,32,2,recipient_bits=16;location_bytes=32,147,68,measured,ok,unavailable,rustc,nightly-2021-05-06,Release,JerryZ
1787147207875258568,PPS-GC,sender_signaling,message_encryption,sender,890,false,32,2,recipient_bits=16;location_bytes=32,-1,,not_applicable,not_applicable,unavailable,rustc,nightly-2021-05-06,Release,JerryZ
1787147207876743790,PPS-GC,sender_signaling,pps_gc_sender_total_signaling,sender,890,false,32,2,recipient_bits=16;location_bytes=32,11259,68,measured,ok,unavailable,rustc,nightly-2021-05-06,Release,JerryZ
1787147207877967922,PPS-GC,sender_signaling,pps_gc_share_generation,sender,891,false,32,2,recipient_bits=16;location_bytes=32,9661,68,measured,ok,unavailable,rustc,nightly-2021-05-06,Release,JerryZ
1787147207879351034,PPS-GC,sender_signaling,pps_gc_sender_preparation,sender,891,false,32,2,recipient_bits=16;location_bytes=32,147,68,measured,ok,unavailable,rustc,nightly-2021-05-06,Release,JerryZ
1787147207880870378,PPS-GC,sender_signaling,message_encryption,sender,891,false,32,2,recipient_bits=16;location_bytes=32,-1,,not_applicable,not_applicable,unavailable,rustc,nightly-2021-05-06,Release,JerryZ
1787147207882109471,PPS-GC,sender_signaling,pps_gc_sender_total_signaling,sender,891,false,32,2,recipient_bits=16;location_bytes=32,10735,68,measured,ok,unavailable,rustc,nightly-2021-05-06,Release,JerryZ
1787147207883210485,PPS-GC,sender_signaling,pps_gc_share_generation,sender,892,false,32,2,recipient_bits=16;location_bytes=32,9679,68,measured,ok,unavailable,rustc,nightly-2021-05-06,Release,JerryZ
1787147207884302931,PPS-GC,sender_signaling,pps_gc_sender_preparation,sender,892,false,32,2,recipient_bits=16;location_bytes=32,138,68,measured,ok,unavailable,rustc,nightly-2021-05-06,Release,JerryZ
1787147207886071853,PPS-GC,sender_signaling,message_encryption,sender,892,false,32,2,recipient_bits=16;location_bytes=32,-1,,not_applicable,not_applicable,unavailable,rustc,nightly-2021-05-06,Release,JerryZ
1787147207887470394,PPS-GC,sender_signaling,pps_gc_sender_total_signaling,sender,892,false,32,2,recipient_bits=16;location_bytes=32,11801,68,measured,ok,unavailable,rustc,nightly-2021-05-06,Release,JerryZ
1787147207888815091,PPS-GC,sender_signaling,pps_gc_share_generation,sender,893,false,32,2,recipient_bits=16;location_bytes=32,10378,68,measured,ok,unavailable,rustc,nightly-2021-05-06,Release,JerryZ
1787147207890524843,PPS-GC,sender_signaling,pps_gc_sender_preparation,sender,893,false,32,2,recipient_bits=16;location_bytes=32,285,68,measured,ok,unavailable,rustc,nightly-2021-05-06,Release,JerryZ
1787147207891839500,PPS-GC,sender_signaling,message_encryption,sender,893,false,32,2,recipient_bits=16;location_bytes=32,-1,,not_applicable,not_applicable,unavailable,rustc,nightly-2021-05-06,Release,JerryZ
1787147207892917767,PPS-GC,sender_signaling,pps_gc_sender_total_signaling,sender,893,false,32,2,recipient_bits=16;location_bytes=32,10351,68,measured,ok,unavailable,rustc,nightly-2021-05-06,Release,JerryZ
1787147207894449849,PPS-GC,sender_signaling,pps_gc_share_generation,sender,894,false,32,2,recipient_bits=16;location_bytes=32,21858,68,measured,ok,unavailable,rustc,nightly-2021-05-06,Release,JerryZ
1787147207895726485,PPS-GC,sender_signaling,pps_gc_sender_preparation,sender,894,false,32,2,recipient_bits=16;location_bytes=32,349,68,measured,ok,unavailable,rustc,nightly-2021-05-06,Release,JerryZ
1787147207897056102,PPS-GC,sender_signaling,message_encryption,sender,894,false,32,2,recipient_bits=16;location_bytes=32,-1,,not_applicable,not_applicable,unavailable,rustc,nightly-2021-05-06,Release,JerryZ
1787147207898981561,PPS-GC,sender_signaling,pps_gc_sender_total_signaling,sender,894,false,32,2,recipient_bits=16;location_bytes=32,12233,68,measured,ok,unavailable,rustc,nightly-2021-05-06,Release,JerryZ
1787147207900206897,PPS-GC,sender_signaling,pps_gc_share_generation,sender,895,false,32,2,recipient_bits=16;location_bytes=32,10057,68,measured,ok,unavailable,rustc,nightly-2021-05-06,Release,JerryZ
1787147207901446788,PPS-GC,sender_signaling,pps_gc_sender_preparation,sender,895,false,32,2,recipient_bits=16;location_bytes=32,165,68,measured,ok,unavailable,rustc,nightly-2021-05-06,Release,JerryZ
1787147207903034285,PPS-GC,sender_signaling,message_encryption,sender,895,false,32,2,recipient_bits=16;location_bytes=32,-1,,not_applicable,not_applicable,unavailable,rustc,nightly-2021-05-06,Release,JerryZ
1787147207904639341,PPS-GC,sender_signaling,pps_gc_sender_total_signaling,sender,895,false,32,2,recipient_bits=16;location_bytes=32,11213,68,measured,ok,unavailable,rustc,nightly-2021-05-06,Release,JerryZ
1787147207906456424,PPS-GC,sender_signaling,pps_gc_share_generation,sender,896,false,32,2,recipient_bits=16;location_bytes=32,11370,68,measured,ok,unavailable,rustc,nightly-2021-05-06,Release,JerryZ
1787147207907789420,PPS-GC,sender_signaling,pps_gc_sender_preparation,sender,896,false,32,2,recipient_bits=16;location_bytes=32,432,68,measured,ok,unavailable,rustc,nightly-2021-05-06,Release,JerryZ
1787147207909004433,PPS-GC,sender_signaling,message_encryption,sender,896,false,32,2,recipient_bits=16;location_bytes=32,-1,,not_applicable,not_applicable,unavailable,rustc,nightly-2021-05-06,Release,JerryZ
1787147207910432435,PPS-GC,sender_signaling,pps_gc_sender_total_signaling,sender,896,false,32,2,recipient_bits=16;location_bytes=32,10726,68,measured,ok,unavailable,rustc,nightly-2021-05-06,Release,JerryZ
1787147207911856351,PPS-GC,sender_signaling,pps_gc_share_generation,sender,897,false,32,2,recipient_bits=16;location_bytes=32,9708,68,measured,ok,unavailable,rustc,nightly-2021-05-06,Release,JerryZ
1787147207913040763,PPS-GC,sender_signaling,pps_gc_sender_preparation,sender,897,false,32,2,recipient_bits=16;location_bytes=32,147,68,measured,ok,unavailable,rustc,nightly-2021-05-06,Release,JerryZ
1787147207914368433,PPS-GC,sender_signaling,message_encryption,sender,897,false,32,2,recipient_bits=16;location_bytes=32,-1,,not_applicable,not_applicable,unavailable,rustc,nightly-2021-05-06,Release,JerryZ
1787147207915515146,PPS-GC,sender_signaling,pps_gc_sender_total_signaling,sender,897,false,32,2,recipient_bits=16;location_bytes=32,9817,68,measured,ok,unavailable,rustc,nightly-2021-05-06,Release,JerryZ
1787147207917319435,PPS-GC,sender_signaling,pps_gc_share_generation,sender,898,false,32,2,recipient_bits=16;location_bytes=32,22179,68,measured,ok,unavailable,rustc,nightly-2021-05-06,Release,JerryZ
1787147207919219704,PPS-GC,sender_signaling,pps_gc_sender_preparation,sender,898,false,32,2,recipient_bits=16;location_bytes=32,542,68,measured,ok,unavailable,rustc,nightly-2021-05-06,Release,JerryZ
1787147207920506138,PPS-GC,sender_signaling,message_encryption,sender,898,false,32,2,recipient_bits=16;location_bytes=32,-1,,not_applicable,not_applicable,unavailable,rustc,nightly-2021-05-06,Release,JerryZ
1787147207922307709,PPS-GC,sender_signaling,pps_gc_sender_total_signaling,sender,898,false,32,2,recipient_bits=16;location_bytes=32,14612,68,measured,ok,unavailable,rustc,nightly-2021-05-06,Release,JerryZ
1787147207923653590,PPS-GC,sender_signaling,pps_gc_share_generation,sender,899,false,32,2,recipient_bits=16;location_bytes=32,10084,68,measured,ok,unavailable,rustc,nightly-2021-05-06,Release,JerryZ
1787147207924917966,PPS-GC,sender_signaling,pps_gc_sender_preparation,sender,899,false,32,2,recipient_bits=16;location_bytes=32,385,68,measured,ok,unavailable,rustc,nightly-2021-05-06,Release,JerryZ
1787147207926163872,PPS-GC,sender_signaling,message_encryption,sender,899,false,32,2,recipient_bits=16;location_bytes=32,-1,,not_applicable,not_applicable,unavailable,rustc,nightly-2021-05-06,Release,JerryZ
1787147207927316784,PPS-GC,sender_signaling,pps_gc_sender_total_signaling,sender,899,false,32,2,recipient_bits=16;location_bytes=32,9808,68,measured,ok,unavailable,rustc,nightly-2021-05-06,Release,JerryZ
1787147207928619989,PPS-GC,sender_signaling,pps_gc_share_generation,sender,900,false,32,2,recipient_bits=16;location_bytes=32,21536,68,measured,ok,unavailable,rustc,nightly-2021-05-06,Release,JerryZ
1787147207930387552,PPS-GC,sender_signaling,pps_gc_sender_preparation,sender,900,false,32,2,recipient_bits=16;location_bytes=32,275,68,measured,ok,unavailable,rustc,nightly-2021-05-06,Release,JerryZ
1787147207931911433,PPS-GC,sender_signaling,message_encryption,sender,900,false,32,2,recipient_bits=16;location_bytes=32,-1,,not_applicable,not_applicable,unavailable,rustc,nightly-2021-05-06,Release,JerryZ
1787147207933249848,PPS-GC,sender_signaling,pps_gc_sender_total_signaling,sender,900,false,32,2,recipient_bits=16;location_bytes=32,10754,68,measured,ok,unavailable,rustc,nightly-2021-05-06,Release,JerryZ
1787147207934700406,PPS-GC,sender_signaling,pps_gc_share_generation,sender,901,false,32,2,recipient_bits=16;location_bytes=32,10295,68,measured,ok,unavailable,rustc,nightly-2021-05-06,Release,JerryZ
1787147207936212349,PPS-GC,sender_signaling,pps_gc_sender_preparation,sender,901,false,32,2,recipient_bits=16;location_bytes=32,211,68,measured,ok,unavailable,rustc,nightly-2021-05-06,Release,JerryZ
1787147207938368226,PPS-GC,sender_signaling,message_encryption,sender,901,false,32,2,recipient_bits=16;location_bytes=32,-1,,not_applicable,not_applicable,unavailable,rustc,nightly-2021-05-06,Release,JerryZ
1787147207939653439,PPS-GC,sender_signaling,pps_gc_sender_total_signaling,sender,901,false,32,2,recipient_bits=16;location_bytes=32,10763,68,measured,ok,unavailable,rustc,nightly-2021-05-06,Release,JerryZ
1787147207941012981,PPS-GC,sender_signaling,pps_gc_share_generation,sender,902,false,32,2,recipient_bits=16;location_bytes=32,10790,68,measured,ok,unavailable,rustc,nightly-2021-05-06,Release,JerryZ
1787147207942206215,PPS-GC,sender_signaling,pps_gc_sender_preparation,sender,902,false,32,2,recipient_bits=16;location_bytes=32,211,68,measured,ok,unavailable,rustc,nightly-2021-05-06,Release,JerryZ
1787147207943494876,PPS-GC,sender_signaling,message_encryption,sender,902,false,32,2,recipient_bits=16;location_bytes=32,-1,,not_applicable,not_applicable,unavailable,rustc,nightly-2021-05-06,Release,JerryZ
1787147207944608665,PPS-GC,sender_signaling,pps_gc_sender_total_signaling,sender,902,false,32,2,recipient_bits=16;location_bytes=32,22151,68,measured,ok,unavailable,rustc,nightly-2021-05-06,Release,JerryZ
1787147207945830189,PPS-GC,sender_signaling,pps_gc_share_generation,sender,903,false,32,2,recipient_bits=16;location_bytes=32,9624,68,measured,ok,unavailable,rustc,nightly-2021-05-06,Release,JerryZ
1787147207947385313,PPS-GC,sender_signaling,pps_gc_sender_preparation,sender,903,false,32,2,recipient_bits=16;location_bytes=32,138,68,measured,ok,unavailable,rustc,nightly-2021-05-06,Release,JerryZ
1787147207948478540,PPS-GC,sender_signaling,message_encryption,sender,903,false,32,2,recipient_bits=16;location_bytes=32,-1,,not_applicable,not_applicable,unavailable,rustc,nightly-2021-05-06,Release,JerryZ
1787147207949668150,PPS-GC,sender_signaling,pps_gc_sender_total_signaling,sender,903,false,32,2,recipient_bits=16;location_bytes=32,22335,68,measured,ok,unavailable,rustc,nightly-2021-05-06,Release,JerryZ
1787147207950965817,PPS-GC,sender_signaling,pps_gc_share_generation,sender,904,false,32,2,recipient_bits=16;location_bytes=32,10130,68,measured,ok,unavailable,rustc,nightly-2021-05-06,Release,JerryZ
1787147207952265742,PPS-GC,sender_signaling,pps_gc_sender_preparation,sender,904,false,32,2,recipient_bits=16;location_bytes=32,367,68,measured,ok,unavailable,rustc,nightly-2021-05-06,Release,JerryZ
1787147207953723519,PPS-GC,sender_signaling,message_encryption,sender,904,false,32,2,recipient_bits=16;location_bytes=32,-1,,not_applicable,not_applicable,unavailable,rustc,nightly-2021-05-06,Release,JerryZ
1787147207955222057,PPS-GC,sender_signaling,pps_gc_sender_total_signaling,sender,904,false,32,2,recipient_bits=16;location_bytes=32,10515,68,measured,ok,unavailable,rustc,nightly-2021-05-06,Release,JerryZ
1787147207956487236,PPS-GC,sender_signaling,pps_gc_share_generation,sender,905,false,32,2,recipient_bits=16;location_bytes=32,9634,68,measured,ok,unavailable,rustc,nightly-2021-05-06,Release,JerryZ
1787147207957670308,PPS-GC,sender_signaling,pps_gc_sender_preparation,sender,905,false,32,2,recipient_bits=16;location_bytes=32,137,68,measured,ok,unavailable,rustc,nightly-2021-05-06,Release,JerryZ
1787147207958846969,PPS-GC,sender_signaling,message_encryption,sender,905,false,32,2,recipient_bits=16;location_bytes=32,-1,,not_applicable,not_applicable,unavailable,rustc,nightly-2021-05-06,Release,JerryZ
1787147207960244252,PPS-GC,sender_signaling,pps_gc_sender_total_signaling,sender,905,false,32,2,recipient_bits=16;location_bytes=32,13473,68,measured,ok,unavailable,rustc,nightly-2021-05-06,Release,JerryZ
1787147207962502394,PPS-GC,sender_signaling,pps_gc_share_generation,sender,906,false,32,2,recipient_bits=16;location_bytes=32,10304,68,measured,ok,unavailable,rustc,nightly-2021-05-06,Release,JerryZ
1787147207963930736,PPS-GC,sender_signaling,pps_gc_sender_preparation,sender,906,false,32,2,recipient_bits=16;location_bytes=32,257,68,measured,ok,unavailable,rustc,nightly-2021-05-06,Release,JerryZ
1787147207965434063,PPS-GC,sender_signaling,message_encryption,sender,906,false,32,2,recipient_bits=16;location_bytes=32,-1,,not_applicable,not_applicable,unavailable,rustc,nightly-2021-05-06,Release,JerryZ
1787147207967369570,PPS-GC,sender_signaling,pps_gc_sender_total_signaling,sender,906,false,32,2,recipient_bits=16;location_bytes=32,11553,68,measured,ok,unavailable,rustc,nightly-2021-05-06,Release,JerryZ
1787147207969343511,PPS-GC,sender_signaling,pps_gc_share_generation,sender,907,false,32,2,recipient_bits=16;location_bytes=32,11287,68,measured,ok,unavailable,rustc,nightly-2021-05-06,Release,JerryZ
1787147207970944077,PPS-GC,sender_signaling,pps_gc_sender_preparation,sender,907,false,32,2,recipient_bits=16;location_bytes=32,551,68,measured,ok,unavailable,rustc,nightly-2021-05-06,Release,JerryZ
1787147207972212070,PPS-GC,sender_signaling,message_encryption,sender,907,false,32,2,recipient_bits=16;location_bytes=32,-1,,not_applicable,not_applicable,unavailable,rustc,nightly-2021-05-06,Release,JerryZ
1787147207973348203,PPS-GC,sender_signaling,pps_gc_sender_total_signaling,sender,907,false,32,2,recipient_bits=16;location_bytes=32,10617,68,measured,ok,unavailable,rustc,nightly-2021-05-06,Release,JerryZ
1787147207974738130,PPS-GC,sender_signaling,pps_gc_share_generation,sender,908,false,32,2,recipient_bits=16;location_bytes=32,9625,68,measured,ok,unavailable,rustc,nightly-2021-05-06,Release,JerryZ
1787147207976077362,PPS-GC,sender_signaling,pps_gc_sender_preparation,sender,908,false,32,2,recipient_bits=16;location_bytes=32,147,68,measured,ok,unavailable,rustc,nightly-2021-05-06,Release,JerryZ
1787147207977318788,PPS-GC,sender_signaling,message_encryption,sender,908,false,32,2,recipient_bits=16;location_bytes=32,-1,,not_applicable,not_applicable,unavailable,rustc,nightly-2021-05-06,Release,JerryZ
1787147207979099070,PPS-GC,sender_signaling,pps_gc_sender_total_signaling,sender,908,false,32,2,recipient_bits=16;location_bytes=32,10846,68,measured,ok,unavailable,rustc,nightly-2021-05-06,Release,JerryZ
1787147207980397076,PPS-GC,sender_signaling,pps_gc_share_generation,sender,909,false,32,2,recipient_bits=16;location_bytes=32,10626,68,measured,ok,unavailable,rustc,nightly-2021-05-06,Release,JerryZ
1787147207981515077,PPS-GC,sender_signaling,pps_gc_sender_preparation,sender,909,false,32,2,recipient_bits=16;location_bytes=32,257,68,measured,ok,unavailable,rustc,nightly-2021-05-06,Release,JerryZ
1787147207982625849,PPS-GC,sender_signaling,message_encryption,sender,909,false,32,2,recipient_bits=16;location_bytes=32,-1,,not_applicable,not_applicable,unavailable,rustc,nightly-2021-05-06,Release,JerryZ
1787147207983764876,PPS-GC,sender_signaling,pps_gc_sender_total_signaling,sender,909,false,32,2,recipient_bits=16;location_bytes=32,22206,68,measured,ok,unavailable,rustc,nightly-2021-05-06,Release,JerryZ
1787147207984985160,PPS-GC,sender_signaling,pps_gc_share_generation,sender,910,false,32,2,recipient_bits=16;location_bytes=32,9873,68,measured,ok,unavailable,rustc,nightly-2021-05-06,Release,JerryZ
1787147207986398579,PPS-GC,sender_signaling,pps_gc_sender_preparation,sender,910,false,32,2,recipient_bits=16;location_bytes=32,147,68,measured,ok,unavailable,rustc,nightly-2021-05-06,Release,JerryZ
1787147207987476056,PPS-GC,sender_signaling,message_encryption,sender,910,false,32,2,recipient_bits=16;location_bytes=32,-1,,not_applicable,not_applicable,unavailable,rustc,nightly-2021-05-06,Release,JerryZ
1787147207988594510,PPS-GC,sender_signaling,pps_gc_sender_total_signaling,sender,910,false,32,2,recipient_bits=16;location_bytes=32,9946,68,measured,ok,unavailable,rustc,nightly-2021-05-06,Release,JerryZ
1787147207989760491,PPS-GC,sender_signaling,pps_gc_share_generation,sender,911,false,32,2,recipient_bits=16;location_bytes=32,9919,68,measured,ok,unavailable,rustc,nightly-2021-05-06,Release,JerryZ
1787147207991108300,PPS-GC,sender_signaling,pps_gc_sender_preparation,sender,911,false,32,2,recipient_bits=16;location_bytes=32,146,68,measured,ok,unavailable,rustc,nightly-2021-05-06,Release,JerryZ
1787147207992980954,PPS-GC,sender_signaling,message_encryption,sender,911,false,32,2,recipient_bits=16;location_bytes=32,-1,,not_applicable,not_applicable,unavailable,rustc,nightly-2021-05-06,Release,JerryZ
1787147207994422649,PPS-GC,sender_signaling,pps_gc_sender_total_signaling,sender,911,false,32,2,recipient_bits=16;location_bytes=32,13068,68,measured,ok,unavailable,rustc,nightly-2021-05-06,Release,JerryZ
1787147207995698431,PPS-GC,sender_signaling,pps_gc_share_generation,sender,912,false,32,2,recipient_bits=16;location_bytes=32,11305,68,measured,ok,unavailable,rustc,nightly-2021-05-06,Release,JerryZ
1787147207997052210,PPS-GC,sender_signaling,pps_gc_sender_preparation,sender,912,false,32,2,recipient_bits=16;location_bytes=32,955,68,measured,ok,unavailable,rustc,nightly-2021-05-06,Release,JerryZ
1787147207998806613,PPS-GC,sender_signaling,message_encryption,sender,912,false,32,2,recipient_bits=16;location_bytes=32,-1,,not_applicable,not_applicable,unavailable,rustc,nightly-2021-05-06,Release,JerryZ
1787147208000014178,PPS-GC,sender_signaling,pps_gc_sender_total_signaling,sender,912,false,32,2,recipient_bits=16;location_bytes=32,14391,68,measured,ok,unavailable,rustc,nightly-2021-05-06,Release,JerryZ
1787147208001401597,PPS-GC,sender_signaling,pps_gc_share_generation,sender,913,false,32,2,recipient_bits=16;location_bytes=32,10506,68,measured,ok,unavailable,rustc,nightly-2021-05-06,Release,JerryZ
1787147208002662014,PPS-GC,sender_signaling,pps_gc_sender_preparation,sender,913,false,32,2,recipient_bits=16;location_bytes=32,340,68,measured,ok,unavailable,rustc,nightly-2021-05-06,Release,JerryZ
1787147208004129424,PPS-GC,sender_signaling,message_encryption,sender,913,false,32,2,recipient_bits=16;location_bytes=32,-1,,not_applicable,not_applicable,unavailable,rustc,nightly-2021-05-06,Release,JerryZ
1787147208005211437,PPS-GC,sender_signaling,pps_gc_sender_total_signaling,sender,913,false,32,2,recipient_bits=16;location_bytes=32,10552,68,measured,ok,unavailable,rustc,nightly-2021-05-06,Release,JerryZ
1787147208006385362,PPS-GC,sender_signaling,pps_gc_share_generation,sender,914,false,32,2,recipient_bits=16;location_bytes=32,21545,68,measured,ok,unavailable,rustc,nightly-2021-05-06,Release,JerryZ
1787147208007941909,PPS-GC,sender_signaling,pps_gc_sender_preparation,sender,914,false,32,2,recipient_bits=16;location_bytes=32,285,68,measured,ok,unavailable,rustc,nightly-2021-05-06,Release,JerryZ
1787147208009216809,PPS-GC,sender_signaling,message_encryption,sender,914,false,32,2,recipient_bits=16;location_bytes=32,-1,,not_applicable,not_applicable,unavailable,rustc,nightly-2021-05-06,Release,JerryZ
1787147208010417376,PPS-GC,sender_signaling,pps_gc_sender_total_signaling,sender,914,false,32,2,recipient_bits=16;location_bytes=32,10314,68,measured,ok,unavailable,rustc,nightly-2021-05-06,Release,JerryZ
1787147208011633665,PPS-GC,sender_signaling,pps_gc_share_generation,sender,915,false,32,2,recipient_bits=16;location_bytes=32,25871,68,measured,ok,unavailable,rustc,nightly-2021-05-06,Release,JerryZ
1787147208013072266,PPS-GC,sender_signaling,pps_gc_sender_preparation,sender,915,false,32,2,recipient_bits=16;location_bytes=32,285,68,measured,ok,unavailable,rustc,nightly-2021-05-06,Release,JerryZ
1787147208014561616,PPS-GC,sender_signaling,message_encryption,sender,915,false,32,2,recipient_bits=16;location_bytes=32,-1,,not_applicable,not_applicable,unavailable,rustc,nightly-2021-05-06,Release,JerryZ
1787147208015727032,PPS-GC,sender_signaling,pps_gc_sender_total_signaling,sender,915,false,32,2,recipient_bits=16;location_bytes=32,10460,68,measured,ok,unavailable,rustc,nightly-2021-05-06,Release,JerryZ
1787147208017144689,PPS-GC,sender_signaling,pps_gc_share_generation,sender,916,false,32,2,recipient_bits=16;location_bytes=32,13748,68,measured,ok,unavailable,rustc,nightly-2021-05-06,Release,JerryZ
1787147208018459005,PPS-GC,sender_signaling,pps_gc_sender_preparation,sender,916,false,32,2,recipient_bits=16;location_bytes=32,1120,68,measured,ok,unavailable,rustc,nightly-2021-05-06,Release,JerryZ
1787147208019592291,PPS-GC,sender_signaling,message_encryption,sender,916,false,32,2,recipient_bits=16;location_bytes=32,-1,,not_applicable,not_applicable,unavailable,rustc,nightly-2021-05-06,Release,JerryZ
1787147208020855730,PPS-GC,sender_signaling,pps_gc_sender_total_signaling,sender,916,false,32,2,recipient_bits=16;location_bytes=32,25421,68,measured,ok,unavailable,rustc,nightly-2021-05-06,Release,JerryZ
1787147208022494215,PPS-GC,sender_signaling,pps_gc_share_generation,sender,917,false,32,2,recipient_bits=16;location_bytes=32,21922,68,measured,ok,unavailable,rustc,nightly-2021-05-06,Release,JerryZ
1787147208023872166,PPS-GC,sender_signaling,pps_gc_sender_preparation,sender,917,false,32,2,recipient_bits=16;location_bytes=32,469,68,measured,ok,unavailable,rustc,nightly-2021-05-06,Release,JerryZ
1787147208024999382,PPS-GC,sender_signaling,message_encryption,sender,917,false,32,2,recipient_bits=16;location_bytes=32,-1,,not_applicable,not_applicable,unavailable,rustc,nightly-2021-05-06,Release,JerryZ
1787147208026315554,PPS-GC,sender_signaling,pps_gc_sender_total_signaling,sender,917,false,32,2,recipient_bits=16;location_bytes=32,23262,68,measured,ok,unavailable,rustc,nightly-2021-05-06,Release,JerryZ
1787147208027931779,PPS-GC,sender_signaling,pps_gc_share_generation,sender,918,false,32,2,recipient_bits=16;location_bytes=32,10800,68,measured,ok,unavailable,rustc,nightly-2021-05-06,Release,JerryZ
1787147208029725617,PPS-GC,sender_signaling,pps_gc_sender_preparation,sender,918,false,32,2,recipient_bits=16;location_bytes=32,386,68,measured,ok,unavailable,rustc,nightly-2021-05-06,Release,JerryZ
1787147208030999755,PPS-GC,sender_signaling,message_encryption,sender,918,false,32,2,recipient_bits=16;location_bytes=32,-1,,not_applicable,not_applicable,unavailable,rustc,nightly-2021-05-06,Release,JerryZ
1787147208032242594,PPS-GC,sender_signaling,pps_gc_sender_total_signaling,sender,918,false,32,2,recipient_bits=16;location_bytes=32,10332,68,measured,ok,unavailable,rustc,nightly-2021-05-06,Release,JerryZ
1787147208033814360,PPS-GC,sender_signaling,pps_gc_share_generation,sender,919,false,32,2,recipient_bits=16;location_bytes=32,22078,68,measured,ok,unavailable,rustc,nightly-2021-05-06,Release,JerryZ
1787147208035394794,PPS-GC,sender_signaling,pps_gc_sender_preparation,sender,919,false,32,2,recipient_bits=16;location_bytes=32,671,68,measured,ok,unavailable,rustc,nightly-2021-05-06,Release,JerryZ
1787147208036623528,PPS-GC,sender_signaling,message_encryption,sender,919,false,32,2,recipient_bits=16;location_bytes=32,-1,,not_applicable,not_applicable,unavailable,rustc,nightly-2021-05-06,Release,JerryZ
1787147208037779241,PPS-GC,sender_signaling,pps_gc_sender_total_signaling,sender,919,false,32,2,recipient_bits=16;location_bytes=32,10479,68,measured,ok,unavailable,rustc,nightly-2021-05-06,Release,JerryZ
1787147208039607224,PPS-GC,sender_signaling,pps_gc_share_generation,sender,920,false,32,2,recipient_bits=16;location_bytes=32,10754,68,measured,ok,unavailable,rustc,nightly-2021-05-06,Release,JerryZ
1787147208041089456,PPS-GC,sender_signaling,pps_gc_sender_preparation,sender,920,false,32,2,recipient_bits=16;location_bytes=32,588,68,measured,ok,unavailable,rustc,nightly-2021-05-06,Release,JerryZ
1787147208042644920,PPS-GC,sender_signaling,message_encryption,sender,920,false,32,2,recipient_bits=16;location_bytes=32,-1,,not_applicable,not_applicable,unavailable,rustc,nightly-2021-05-06,Release,JerryZ
1787147208044265543,PPS-GC,sender_signaling,pps_gc_sender_total_signaling,sender,920,false,32,2,recipient_bits=16;location_bytes=32,11159,68,measured,ok,unavailable,rustc,nightly-2021-05-06,Release,JerryZ
1787147208045922791,PPS-GC,sender_signaling,pps_gc_share_generation,sender,921,false,32,2,recipient_bits=16;location_bytes=32,10001,68,measured,ok,unavailable,rustc,nightly-2021-05-06,Release,JerryZ
1787147208047330365,PPS-GC,sender_signaling,pps_gc_sender_preparation,sender,921,false,32,2,recipient_bits=16;location_bytes=32,212,68,measured,ok,unavailable,rustc,nightly-2021-05-06,Release,JerryZ
1787147208048540689,PPS-GC,sender_signaling,message_encryption,sender,921,false,32,2,recipient_bits=16;location_bytes=32,-1,,not_applicable,not_applicable,unavailable,rustc,nightly-2021-05-06,Release,JerryZ
1787147208049767539,PPS-GC,sender_signaling,pps_gc_sender_total_signaling,sender,921,false,32,2,recipient_bits=16;location_bytes=32,10176,68,measured,ok,unavailable,rustc,nightly-2021-05-06,Release,JerryZ
1787147208050884855,PPS-GC,sender_signaling,pps_gc_share_generation,sender,922,false,32,2,recipient_bits=16;location_bytes=32,9579,68,measured,ok,unavailable,rustc,nightly-2021-05-06,Release,JerryZ
1787147208051971276,PPS-GC,sender_signaling,pps_gc_sender_preparation,sender,922,false,32,2,recipient_bits=16;location_bytes=32,138,68,measured,ok,unavailable,rustc,nightly-2021-05-06,Release,JerryZ
1787147208053362140,PPS-GC,sender_signaling,message_encryption,sender,922,false,32,2,recipient_bits=16;location_bytes=32,-1,,not_applicable,not_applicable,unavailable,rustc,nightly-2021-05-06,Release,JerryZ
1787147208054834876,PPS-GC,sender_signaling,pps_gc_sender_total_signaling,sender,922,false,32,2,recipient_bits=16;location_bytes=32,22794,68,measured,ok,unavailable,rustc,nightly-2021-05-06,Release,JerryZ
1787147208056305850,PPS-GC,sender_signaling,pps_gc_share_generation,sender,923,false,32,2,recipient_bits=16;location_bytes=32,11443,68,measured,ok,unavailable,rustc,nightly-2021-05-06,Release,JerryZ
1787147208057527282,PPS-GC,sender_signaling,pps_gc_sender_preparation,sender,923,false,32,2,recipient_bits=16;location_bytes=32,799,68,measured,ok,unavailable,rustc,nightly-2021-05-06,Release,JerryZ
1787147208059487759,PPS-GC,sender_signaling,message_encryption,sender,923,false,32,2,recipient_bits=16;location_bytes=32,-1,,not_applicable,not_applicable,unavailable,rustc,nightly-2021-05-06,Release,JerryZ
1787147208060820526,PPS-GC,sender_signaling,pps_gc_sender_total_signaling,sender,923,false,32,2,recipient_bits=16;location_bytes=32,11075,68,measured,ok,unavailable,rustc,nightly-2021-05-06,Release,JerryZ
1787147208062062153,PPS-GC,sender_signaling,pps_gc_share_generation,sender,924,false,32,2,recipient_bits=16;location_bytes=32,9900,68,measured,ok,unavailable,rustc,nightly-2021-05-06,Release,JerryZ
1787147208063127874,PPS-GC,sender_signaling,pps_gc_sender_preparation,sender,924,false,32,2,recipient_bits=16;location_bytes=32,147,68,measured,ok,unavailable,rustc,nightly-2021-05-06,Release,JerryZ
1787147208064265881,PPS-GC,sender_signaling,message_encryption,sender,924,false,32,2,recipient_bits=16;location_bytes=32,-1,,not_applicable,not_applicable,unavailable,rustc,nightly-2021-05-06,Release,JerryZ
1787147208065435204,PPS-GC,sender_signaling,pps_gc_sender_total_signaling,sender,924,false,32,2,recipient_bits=16;location_bytes=32,9818,68,measured,ok,unavailable,rustc,nightly-2021-05-06,Release,JerryZ
1787147208067045789,PPS-GC,sender_signaling,pps_gc_share_generation,sender,925,false,32,2,recipient_bits=16;location_bytes=32,21573,68,measured,ok,unavailable,rustc,nightly-2021-05-06,Release,JerryZ
1787147208068338437,PPS-GC,sender_signaling,pps_gc_sender_preparation,sender,925,false,32,2,recipient_bits=16;location_bytes=32,285,68,measured,ok,unavailable,rustc,nightly-2021-05-06,Release,JerryZ
1787147208069757729,PPS-GC,sender_signaling,message_encryption,sender,925,false,32,2,recipient_bits=16;location_bytes=32,-1,,not_applicable,not_applicable,unavailable,rustc,nightly-2021-05-06,Release,JerryZ
1787147208071200458,PPS-GC,sender_signaling,pps_gc_sender_total_signaling,sender,925,false,32,2,recipient_bits=16;location_bytes=32,13491,68,measured,ok,unavailable,rustc,nightly-2021-05-06,Release,JerryZ
1787147208072615930,PPS-GC,sender_signaling,pps_gc_share_generation,sender,926,false,32,2,recipient_bits=16;location_bytes=32,10359,68,measured,ok,unavailable,rustc,nightly-2021-05-06,Release,JerryZ
1787147208074350836,PPS-GC,sender_signaling,pps_gc_sender_preparation,sender,926,false,32,2,recipient_bits=16;location_bytes=32,607,68,measured,ok,unavailable,rustc,nightly-2021-05-06,Release,JerryZ
1787147208075601317,PPS-GC,sender_signaling,message_encryption,sender,926,false,32,2,recipient_bits=16;location_bytes=32,-1,,not_applicable,not_applicable,unavailable,rustc,nightly-2021-05-06,Release,JerryZ
1787147208076667644,PPS-GC,sender_signaling,pps_gc_sender_total_signaling,sender,926,false,32,2,recipient_bits=16;location_bytes=32,10341,68,measured,ok,unavailable,rustc,nightly-2021-05-06,Release,JerryZ
1787147208078159474,PPS-GC,sender_signaling,pps_gc_share_generation,sender,927,false,32,2,recipient_bits=16;location_bytes=32,10515,68,measured,ok,unavailable,rustc,nightly-2021-05-06,Release,JerryZ
1787147208079681725,PPS-GC,sender_signaling,pps_gc_sender_preparation,sender,927,false,32,2,recipient_bits=16;location_bytes=32,515,68,measured,ok,unavailable,rustc,nightly-2021-05-06,Release,JerryZ
1787147208080869089,PPS-GC,sender_signaling,message_encryption,sender,927,false,32,2,recipient_bits=16;location_bytes=32,-1,,not_applicable,not_applicable,unavailable,rustc,nightly-2021-05-06,Release,JerryZ
1787147208082407490,PPS-GC,sender_signaling,pps_gc_sender_total_signaling,sender,927,false,32,2,recipient_bits=16;location_bytes=32,10625,68,measured,ok,unavailable,rustc,nightly-2021-05-06,Release,JerryZ
1787147208083480669,PPS-GC,sender_signaling,pps_gc_share_generation,sender,928,false,32,2,recipient_bits=16;location_bytes=32,9653,68,measured,ok,unavailable,rustc,nightly-2021-05-06,Release,JerryZ
1787147208084937026,PPS-GC,sender_signaling,pps_gc_sender_preparation,sender,928,false,32,2,recipient_bits=16;location_bytes=32,157,68,measured,ok,unavailable,rustc,nightly-2021-05-06,Release,JerryZ
1787147208086188177,PPS-GC,sender_signaling,message_encryption,sender,928,false,32,2,recipient_bits=16;location_bytes=32,-1,,not_applicable,not_applicable,unavailable,rustc,nightly-2021-05-06,Release,JerryZ
1787147208087350116,PPS-GC,sender_signaling,pps_gc_sender_total_signaling,sender,928,false,32,2,recipient_bits=16;location_bytes=32,11112,68,measured,ok,unavailable,rustc,nightly-2021-05-06,Release,JerryZ
1787147208088804407,PPS-GC,sender_signaling,pps_gc_share_generation,sender,929,false,32,2,recipient_bits=16;location_bytes=32,22206,68,measured,ok,unavailable,rustc,nightly-2021-05-06,Release,JerryZ
1787147208090271569,PPS-GC,sender_signaling,pps_gc_sender_preparation,sender,929,false,32,2,recipient_bits=16;location_bytes=32,266,68,measured,ok,unavailable,rustc,nightly-2021-05-06,Release,JerryZ
1787147208091448281,PPS-GC,sender_signaling,message_encryption,sender,929,false,32,2,recipient_bits=16;location_bytes=32,-1,,not_applicable,not_applicable,unavailable,rustc,nightly-2021-05-06,Release,JerryZ
1787147208092691318,PPS-GC,sender_signaling,pps_gc_sender_total_signaling,sender,929,false,32,2,recipient_bits=16;location_bytes=32,14933,68,measured,ok,unavailable,rustc,nightly-2021-05-06,Release,JerryZ
1787147208093805121,PPS-GC,sender_signaling,pps_gc_share_generation,sender,930,false,32,2,recipient_bits=16;location_bytes=32,9689,68,measured,ok,unavailable,rustc,nightly-2021-05-06,Release,JerryZ
1787147208094890371,PPS-GC,sender_signaling,pps_gc_sender_preparation,sender,930,false,32,2,recipient_bits=16;location_bytes=32,138,68,measured,ok,unavailable,rustc,nightly-2021-05-06,Release,JerryZ
1787147208096290676,PPS-GC,sender_signaling,message_encryption,sender,930,false,32,2,recipient_bits=16;location_bytes=32,-1,,not_applicable,not_applicable,unavailable,rustc,nightly-2021-05-06,Release,JerryZ
1787147208097909636,PPS-GC,sender_signaling,pps_gc_sender_total_signaling,sender,930,false,32,2,recipient_bits=16;location_bytes=32,22234,68,measured,ok,unavailable,rustc,nightly-2021-05-06,Release,JerryZ
1787147208099052363,PPS-GC,sender_signaling,pps_gc_share_generation,sender,931,false,32,2,recipient_bits=16;location_bytes=32,9551,68,measured,ok,unavailable,rustc,nightly-2021-05-06,Release,JerryZ
1787147208100488824,PPS-GC,sender_signaling,pps_gc_sender_preparation,sender,931,false,32,2,recipient_bits=16;location_bytes=32,165,68,measured,ok,unavailable,rustc,nightly-2021-05-06,Release,JerryZ
1787147208102070756,PPS-GC,sender_signaling,message_encryption,sender,931,false,32,2,recipient_bits=16;location_bytes=32,-1,,not_applicable,not_applicable,unavailable,rustc,nightly-2021-05-06,Release,JerryZ
1787147208103969413,PPS-GC,sender_signaling,pps_gc_sender_total_signaling,sender,931,false,32,2,recipient_bits=16;location_bytes=32,11517,68,measured,ok,unavailable,rustc,nightly-2021-05-06,Release,JerryZ
1787147208105677557,PPS-GC,sender_signaling,pps_gc_share_generation,sender,932,false,32,2,recipient_bits=16;location_bytes=32,10304,68,measured,ok,unavailable,rustc,nightly-2021-05-06,Release,JerryZ
1787147208106882490,PPS-GC,sender_signaling,pps_gc_sender_preparation,sender,932,false,32,2,recipient_bits=16;location_bytes=32,606,68,measured,ok,unavailable,rustc,nightly-2021-05-06,Release,JerryZ
1787147208108120564,PPS-GC,sender_signaling,message_encryption,sender,932,false,32,2,recipient_bits=16;location_bytes=32,-1,,not_applicable,not_applicable,unavailable,rustc,nightly-2021-05-06,Release,JerryZ
1787147208109660002,PPS-GC,sender_signaling,pps_gc_sender_total_signaling,sender,932,false,32,2,recipient_bits=16;location_bytes=32,10607,68,measured,ok,unavailable,rustc,nightly-2021-05-06,Release,JerryZ
1787147208110807385,PPS-GC,sender_signaling,pps_gc_share_generation,sender,933,false,32,2,recipient_bits=16;location_bytes=32,9487,68,measured,ok,unavailable,rustc,nightly-2021-05-06,Release,JerryZ
1787147208111959011,PPS-GC,sender_signaling,pps_gc_sender_preparation,sender,933,false,32,2,recipient_bits=16;location_bytes=32,128,68,measured,ok,unavailable,rustc,nightly-2021-05-06,Release,JerryZ
1787147208113256503,PPS-GC,sender_signaling,message_encryption,sender,933,false,32,2,recipient_bits=16;location_bytes=32,-1,,not_applicable,not_applicable,unavailable,rustc,nightly-2021-05-06,Release,JerryZ
1787147208114965566,PPS-GC,sender_signaling,pps_gc_sender_total_signaling,sender,933,false,32,2,recipient_bits=16;location_bytes=32,10957,68,measured,ok,unavailable,rustc,nightly-2021-05-06,Release,JerryZ
1787147208116268343,PPS-GC,sender_signaling,pps_gc_share_generation,sender,934,false,32,2,recipient_bits=16;location_bytes=32,10166,68,measured,ok,unavailable,rustc,nightly-2021-05-06,Release,JerryZ
1787147208117959970,PPS-GC,sender_signaling,pps_gc_sender_preparation,sender,934,false,32,2,recipient_bits=16;location_bytes=32,368,68,measured,ok,unavailable,rustc,nightly-2021-05-06,Release,JerryZ
1787147208119848861,PPS-GC,sender_signaling,message_encryption,sender,934,false,32,2,recipient_bits=16;location_bytes=32,-1,,not_applicable,not_applicable,unavailable,rustc,nightly-2021-05-06,Release,JerryZ
1787147208121299907,PPS-GC,sender_signaling,pps_gc_sender_total_signaling,sender,934,false,32,2,recipient_bits=16;location_bytes=32,13859,68,measured,ok,unavailable,rustc,nightly-2021-05-06,Release,JerryZ
1787147208122663999,PPS-GC,sender_signaling,pps_gc_share_generation,sender,935,false,32,2,recipient_bits=16;location_bytes=32,12995,68,measured,ok,unavailable,rustc,nightly-2021-05-06,Release,JerryZ
1787147208123927741,PPS-GC,sender_signaling,pps_gc_sender_preparation,sender,935,false,32,2,recipient_bits=16;location_bytes=32,487,68,measured,ok,unavailable,rustc,nightly-2021-05-06,Release,JerryZ
1787147208125291871,PPS-GC,sender_signaling,message_encryption,sender,935,false,32,2,recipient_bits=16;location_bytes=32,-1,,not_applicable,not_applicable,unavailable,rustc,nightly-2021-05-06,Release,JerryZ
1787147208126582126,PPS-GC,sender_signaling,pps_gc_sender_total_signaling,sender,935,false,32,2,recipient_bits=16;location_bytes=32,10433,68,measured,ok,unavailable,rustc,nightly-2021-05-06,Release,JerryZ
1787147208128109754,PPS-GC,sender_signaling,pps_gc_share_generation,sender,936,false,32,2,recipient_bits=16;location_bytes=32,9772,68,measured,ok,unavailable,rustc,nightly-2021-05-06,Release,JerryZ
1787147208129322085,PPS-GC,sender_signaling,pps_gc_sender_preparation,sender,936,false,32,2,recipient_bits=16;location_bytes=32,137,68,measured,ok,unavailable,rustc,nightly-2021-05-06,Release,JerryZ
1787147208130782460,PPS-GC,sender_signaling,message_encryption,sender,936,false,32,2,recipient_bits=16;location_bytes=32,-1,,not_applicable,not_applicable,unavailable,rustc,nightly-2021-05-06,Release,JerryZ
1787147208132106824,PPS-GC,sender_signaling,pps_gc_sender_total_signaling,sender,936,false,32,2,recipient_bits=16;location_bytes=32,10773,68,measured,ok,unavailable,rustc,nightly-2021-05-06,Release,JerryZ
1787147208133514539,PPS-GC,sender_signaling,pps_gc_share_generation,sender,937,false,32,2,recipient_bits=16;location_bytes=32,22417,68,measured,ok,unavailable,rustc,nightly-2021-05-06,Release,JerryZ
1787147208135688567,PPS-GC,sender_signaling,pps_gc_sender_preparation,sender,937,false,32,2,recipient_bits=16;location_bytes=32,1019,68,measured,ok,unavailable,rustc,nightly-2021-05-06,Release,JerryZ
1787147208137269521,PPS-GC,sender_signaling,message_encryption,sender,937,false,32,2,recipient_bits=16;location_bytes=32,-1,,not_applicable,not_applicable,unavailable,rustc,nightly-2021-05-06,Release,JerryZ
1787147208138763243,PPS-GC,sender_signaling,pps_gc_sender_total_signaling,sender,937,false,32,2,recipient_bits=16;location_bytes=32,12150,68,measured,ok,unavailable,rustc,nightly-2021-05-06,Release,JerryZ
1787147208140343939,PPS-GC,sender_signaling,pps_gc_share_generation,sender,938,false,32,2,recipient_bits=16;location_bytes=32,9946,68,measured,ok,unavailable,rustc,nightly-2021-05-06,Release,JerryZ
1787147208141535422,PPS-GC,sender_signaling,pps_gc_sender_preparation,sender,938,false,32,2,recipient_bits=16;location_bytes=32,303,68,measured,ok,unavailable,rustc,nightly-2021-05-06,Release,JerryZ
1787147208142776673,PPS-GC,sender_signaling,message_encryption,sender,938,false,32,2,recipient_bits=16;location_bytes=32,-1,,not_applicable,not_applicable,unavailable,rustc,nightly-2021-05-06,Release,JerryZ
1787147208144786936,PPS-GC,sender_signaling,pps_gc_sender_total_signaling,sender,938,false,32,2,recipient_bits=16;location_bytes=32,11112,68,measured,ok,unavailable,rustc,nightly-2021-05-06,Release,JerryZ
1787147208146392236,PPS-GC,sender_signaling,pps_gc_share_generation,sender,939,false,32,2,recipient_bits=16;location_bytes=32,14153,68,measured,ok,unavailable,rustc,nightly-2021-05-06,Release,JerryZ
1787147208148275243,PPS-GC,sender_signaling,pps_gc_sender_preparation,sender,939,false,32,2,recipient_bits=16;location_bytes=32,689,68,measured,ok,unavailable,rustc,nightly-2021-05-06,Release,JerryZ
1787147208149796902,PPS-GC,sender_signaling,message_encryption,sender,939,false,32,2,recipient_bits=16;location_bytes=32,-1,,not_applicable,not_applicable,unavailable,rustc,nightly-2021-05-06,Release,JerryZ
1787147208151476636,PPS-GC,sender_signaling,pps_gc_sender_total_signaling,sender,939,false,32,2,recipient_bits=16;location_bytes=32,14465,68,measured,ok,unavailable,rustc,nightly-2021-05-06,Release,JerryZ
1787147208152847593,PPS-GC,sender_signaling,pps_gc_share_generation,sender,940,false,32,2,recipient_bits=16;location_bytes=32,9790,68,measured,ok,unavailable,rustc,nightly-2021-05-06,Release,JerryZ
1787147208154419607,PPS-GC,sender_signaling,pps_gc_sender_preparation,sender,940,false,32,2,recipient_bits=16;location_bytes=32,634,68,measured,ok,unavailable,rustc,nightly-2021-05-06,Release,JerryZ
1787147208155724179,PPS-GC,sender_signaling,message_encryption,sender,940,false,32,2,recipient_bits=16;location_bytes=32,-1,,not_applicable,not_applicable,unavailable,rustc,nightly-2021-05-06,Release,JerryZ
1787147208156833478,PPS-GC,sender_signaling,pps_gc_sender_total_signaling,sender,940,false,32,2,recipient_bits=16;location_bytes=32,10616,68,measured,ok,unavailable,rustc,nightly-2021-05-06,Release,JerryZ
1787147208157968839,PPS-GC,sender_signaling,pps_gc_share_generation,sender,941,false,32,2,recipient_bits=16;location_bytes=32,21416,68,measured,ok,unavailable,rustc,nightly-2021-05-06,Release,JerryZ
1787147208159179646,PPS-GC,sender_signaling,pps_gc_sender_preparation,sender,941,false,32,2,recipient_bits=16;location_bytes=32,294,68,measured,ok,unavailable,rustc,nightly-2021-05-06,Release,JerryZ
1787147208160642009,PPS-GC,sender_signaling,message_encryption,sender,941,false,32,2,recipient_bits=16;location_bytes=32,-1,,not_applicable,not_applicable,unavailable,rustc,nightly-2021-05-06,Release,JerryZ
1787147208162135855,PPS-GC,sender_signaling,pps_gc_sender_total_signaling,sender,941,false,32,2,recipient_bits=16;location_bytes=32,11929,68,measured,ok,unavailable,rustc,nightly-2021-05-06,Release,JerryZ
1787147208163472035,PPS-GC,sender_signaling,pps_gc_share_generation,sender,942,false,32,2,recipient_bits=16;location_bytes=32,10525,68,measured,ok,unavailable,rustc,nightly-2021-05-06,Release,JerryZ
1787147208164817021,PPS-GC,sender_signaling,pps_gc_sender_preparation,sender,942,false,32,2,recipient_bits=16;location_bytes=32,440,68,measured,ok,unavailable,rustc,nightly-2021-05-06,Release,JerryZ
1787147208166659736,PPS-GC,sender_signaling,message_encryption,sender,942,false,32,2,recipient_bits=16;location_bytes=32,-1,,not_applicable,not_applicable,unavailable,rustc,nightly-2021-05-06,Release,JerryZ
1787147208167822208,PPS-GC,sender_signaling,pps_gc_sender_total_signaling,sender,942,false,32,2,recipient_bits=16;location_bytes=32,10809,68,measured,ok,unavailable,rustc,nightly-2021-05-06,Release,JerryZ
1787147208169096235,PPS-GC,sender_signaling,pps_gc_share_generation,sender,943,false,32,2,recipient_bits=16;location_bytes=32,22133,68,measured,ok,unavailable,rustc,nightly-2021-05-06,Release,JerryZ
1787147208170725619,PPS-GC,sender_signaling,pps_gc_sender_preparation,sender,943,false,32,2,recipient_bits=16;location_bytes=32,413,68,measured,ok,unavailable,rustc,nightly-2021-05-06,Release,JerryZ
1787147208172326359,PPS-GC,sender_signaling,message_encryption,sender,943,false,32,2,recipient_bits=16;location_bytes=32,-1,,not_applicable,not_applicable,unavailable,rustc,nightly-2021-05-06,Release,JerryZ
1787147208173579705,PPS-GC,sender_signaling,pps_gc_sender_total_signaling,sender,943,false,32,2,recipient_bits=16;location_bytes=32,24438,68,measured,ok,unavailable,rustc,nightly-2021-05-06,Release,JerryZ
1787147208174877757,PPS-GC,sender_signaling,pps_gc_share_generation,sender,944,false,32,2,recipient_bits=16;location_bytes=32,9625,68,measured,ok,unavailable,rustc,nightly-2021-05-06,Release,JerryZ
1787147208176260824,PPS-GC,sender_signaling,pps_gc_sender_preparation,sender,944,false,32,2,recipient_bits=16;location_bytes=32,137,68,measured,ok,unavailable,rustc,nightly-2021-05-06,Release,JerryZ
1787147208177814400,PPS-GC,sender_signaling,message_encryption,sender,944,false,32,2,recipient_bits=16;location_bytes=32,-1,,not_applicable,not_applicable,unavailable,rustc,nightly-2021-05-06,Release,JerryZ
1787147208179118307,PPS-GC,sender_signaling,pps_gc_sender_total_signaling,sender,944,false,32,2,recipient_bits=16;location_bytes=32,10864,68,measured,ok,unavailable,rustc,nightly-2021-05-06,Release,JerryZ
1787147208180504404,PPS-GC,sender_signaling,pps_gc_share_generation,sender,945,false,32,2,recipient_bits=16;location_bytes=32,22243,68,measured,ok,unavailable,rustc,nightly-2021-05-06,Release,JerryZ
1787147208182071853,PPS-GC,sender_signaling,pps_gc_sender_preparation,sender,945,false,32,2,recipient_bits=16;location_bytes=32,422,68,measured,ok,unavailable,rustc,nightly-2021-05-06,Release,JerryZ
1787147208183287885,PPS-GC,sender_signaling,message_encryption,sender,945,false,32,2,recipient_bits=16;location_bytes=32,-1,,not_applicable,not_applicable,unavailable,rustc,nightly-2021-05-06,Release,JerryZ
1787147208184759859,PPS-GC,sender_signaling,pps_gc_sender_total_signaling,sender,945,false,32,2,recipient_bits=16;location_bytes=32,13197,68,measured,ok,unavailable,rustc,nightly-2021-05-06,Release,JerryZ
1787147208185996344,PPS-GC,sender_signaling,pps_gc_share_generation,sender,946,false,32,2,recipient_bits=16;location_bytes=32,10249,68,measured,ok,unavailable,rustc,nightly-2021-05-06,Release,JerryZ
1787147208187206305,PPS-GC,sender_signaling,pps_gc_sender_preparation,sender,946,false,32,2,recipient_bits=16;location_bytes=32,294,68,measured,ok,unavailable,rustc,nightly-2021-05-06,Release,JerryZ
1787147208188402537,PPS-GC,sender_signaling,message_encryption,sender,946,false,32,2,recipient_bits=16;location_bytes=32,-1,,not_applicable,not_applicable,unavailable,rustc,nightly-2021-05-06,Release,JerryZ
1787147208189677575,PPS-GC,sender_signaling,pps_gc_sender_total_signaling,sender,946,false,32,2,recipient_bits=16;location_bytes=32,13179,68,measured,ok,unavailable,rustc,nightly-2021-05-06,Release,JerryZ
1787147208191224314,PPS-GC,sender_signaling,pps_gc_share_generation,sender,947,false,32,2,recipient_bits=16;location_bytes=32,12573,68,measured,ok,unavailable,rustc,nightly-2021-05-06,Release,JerryZ
1787147208192545583,PPS-GC,sender_signaling,pps_gc_sender_preparation,sender,947,false,32,2,recipient_bits=16;location_bytes=32,303,68,measured,ok,unavailable,rustc,nightly-2021-05-06,Release,JerryZ
1787147208194031847,PPS-GC,sender_signaling,message_encryption,sender,947,false,32,2,recipient_bits=16;location_bytes=32,-1,,not_applicable,not_applicable,unavailable,rustc,nightly-2021-05-06,Release,JerryZ
1787147208195239439,PPS-GC,sender_signaling,pps_gc_sender_total_signaling,sender,947,false,32,2,recipient_bits=16;location_bytes=32,11030,68,measured,ok,unavailable,rustc,nightly-2021-05-06,Release,JerryZ
1787147208196945260,PPS-GC,sender_signaling,pps_gc_share_generation,sender,948,false,32,2,recipient_bits=16;location_bytes=32,9909,68,measured,ok,unavailable,rustc,nightly-2021-05-06,Release,JerryZ
1787147208198183388,PPS-GC,sender_signaling,pps_gc_sender_preparation,sender,948,false,32,2,recipient_bits=16;location_bytes=32,147,68,measured,ok,unavailable,rustc,nightly-2021-05-06,Release,JerryZ
1787147208199267605,PPS-GC,sender_signaling,message_encryption,sender,948,false,32,2,recipient_bits=16;location_bytes=32,-1,,not_applicable,not_applicable,unavailable,rustc,nightly-2021-05-06,Release,JerryZ
1787147208200935910,PPS-GC,sender_signaling,pps_gc_sender_total_signaling,sender,948,false,32,2,recipient_bits=16;location_bytes=32,10773,68,measured,ok,unavailable,rustc,nightly-2021-05-06,Release,JerryZ
1787147208202196034,PPS-GC,sender_signaling,pps_gc_share_generation,sender,949,false,32,2,recipient_bits=16;location_bytes=32,9974,68,measured,ok,unavailable,rustc,nightly-2021-05-06,Release,JerryZ
1787147208203314126,PPS-GC,sender_signaling,pps_gc_sender_preparation,sender,949,false,32,2,recipient_bits=16;location_bytes=32,147,68,measured,ok,unavailable,rustc,nightly-2021-05-06,Release,JerryZ
1787147208204402756,PPS-GC,sender_signaling,message_encryption,sender,949,false,32,2,recipient_bits=16;location_bytes=32,-1,,not_applicable,not_applicable,unavailable,rustc,nightly-2021-05-06,Release,JerryZ
1787147208205766564,PPS-GC,sender_signaling,pps_gc_sender_total_signaling,sender,949,false,32,2,recipient_bits=16;location_bytes=32,10066,68,measured,ok,unavailable,rustc,nightly-2021-05-06,Release,JerryZ
1787147208207077785,PPS-GC,sender_signaling,pps_gc_share_generation,sender,950,false,32,2,recipient_bits=16;location_bytes=32,10295,68,measured,ok,unavailable,rustc,nightly-2021-05-06,Release,JerryZ
1787147208208603898,PPS-GC,sender_signaling,pps_gc_sender_preparation,sender,950,false,32,2,recipient_bits=16;location_bytes=32,220,68,measured,ok,unavailable,rustc,nightly-2021-05-06,Release,JerryZ
1787147208209978112,PPS-GC,sender_signaling,message_encryption,sender,950,false,32,2,recipient_bits=16;location_bytes=32,-1,,not_applicable,not_applicable,unavailable,rustc,nightly-2021-05-06,Release,JerryZ
1787147208211134789,PPS-GC,sender_signaling,pps_gc_sender_total_signaling,sender,950,false,32,2,recipient_bits=16;location_bytes=32,10782,68,measured,ok,unavailable,rustc,nightly-2021-05-06,Release,JerryZ
1787147208212468237,PPS-GC,sender_signaling,pps_gc_share_generation,sender,951,false,32,2,recipient_bits=16;location_bytes=32,21747,68,measured,ok,unavailable,rustc,nightly-2021-05-06,Release,JerryZ
1787147208213721610,PPS-GC,sender_signaling,pps_gc_sender_preparation,sender,951,false,32,2,recipient_bits=16;location_bytes=32,349,68,measured,ok,unavailable,rustc,nightly-2021-05-06,Release,JerryZ
1787147208215256806,PPS-GC,sender_signaling,message_encryption,sender,951,false,32,2,recipient_bits=16;location_bytes=32,-1,,not_applicable,not_applicable,unavailable,rustc,nightly-2021-05-06,Release,JerryZ
1787147208216577633,PPS-GC,sender_signaling,pps_gc_sender_total_signaling,sender,951,false,32,2,recipient_bits=16;location_bytes=32,10634,68,measured,ok,unavailable,rustc,nightly-2021-05-06,Release,JerryZ
1787147208217829271,PPS-GC,sender_signaling,pps_gc_share_generation,sender,952,false,32,2,recipient_bits=16;location_bytes=32,10717,68,measured,ok,unavailable,rustc,nightly-2021-05-06,Release,JerryZ
1787147208219106568,PPS-GC,sender_signaling,pps_gc_sender_preparation,sender,952,false,32,2,recipient_bits=16;location_bytes=32,285,68,measured,ok,unavailable,rustc,nightly-2021-05-06,Release,JerryZ
1787147208220680675,PPS-GC,sender_signaling,message_encryption,sender,952,false,32,2,recipient_bits=16;location_bytes=32,-1,,not_applicable,not_applicable,unavailable,rustc,nightly-2021-05-06,Release,JerryZ
1787147208222053345,PPS-GC,sender_signaling,pps_gc_sender_total_signaling,sender,952,false,32,2,recipient_bits=16;location_bytes=32,23309,68,measured,ok,unavailable,rustc,nightly-2021-05-06,Release,JerryZ
1787147208223599520,PPS-GC,sender_signaling,pps_gc_share_generation,sender,953,false,32,2,recipient_bits=16;location_bytes=32,22748,68,measured,ok,unavailable,rustc,nightly-2021-05-06,Release,JerryZ
1787147208225162106,PPS-GC,sender_signaling,pps_gc_sender_preparation,sender,953,false,32,2,recipient_bits=16;location_bytes=32,541,68,measured,ok,unavailable,rustc,nightly-2021-05-06,Release,JerryZ
1787147208226897398,PPS-GC,sender_signaling,message_encryption,sender,953,false,32,2,recipient_bits=16;location_bytes=32,-1,,not_applicable,not_applicable,unavailable,rustc,nightly-2021-05-06,Release,JerryZ
1787147208228554645,PPS-GC,sender_signaling,pps_gc_sender_total_signaling,sender,953,false,32,2,recipient_bits=16;location_bytes=32,11250,68,measured,ok,unavailable,rustc,nightly-2021-05-06,Release,JerryZ
1787147208229871883,PPS-GC,sender_signaling,pps_gc_share_generation,sender,954,false,32,2,recipient_bits=16;location_bytes=32,10139,68,measured,ok,unavailable,rustc,nightly-2021-05-06,Release,JerryZ
1787147208231533933,PPS-GC,sender_signaling,pps_gc_sender_preparation,sender,954,false,32,2,recipient_bits=16;location_bytes=32,441,68,measured,ok,unavailable,rustc,nightly-2021-05-06,Release,JerryZ
1787147208232598433,PPS-GC,sender_signaling,message_encryption,sender,954,false,32,2,recipient_bits=16;location_bytes=32,-1,,not_applicable,not_applicable,unavailable,rustc,nightly-2021-05-06,Release,JerryZ
1787147208233816462,PPS-GC,sender_signaling,pps_gc_sender_total_signaling,sender,954,false,32,2,recipient_bits=16;location_bytes=32,22317,68,measured,ok,unavailable,rustc,nightly-2021-05-06,Release,JerryZ
1787147208235159290,PPS-GC,sender_signaling,pps_gc_share_generation,sender,955,false,32,2,recipient_bits=16;location_bytes=32,10359,68,measured,ok,unavailable,rustc,nightly-2021-05-06,Release,JerryZ
1787147208236229906,PPS-GC,sender_signaling,pps_gc_sender_preparation,sender,955,false,32,2,recipient_bits=16;location_bytes=32,147,68,measured,ok,unavailable,rustc,nightly-2021-05-06,Release,JerryZ
1787147208237464829,PPS-GC,sender_signaling,message_encryption,sender,955,false,32,2,recipient_bits=16;location_bytes=32,-1,,not_applicable,not_applicable,unavailable,rustc,nightly-2021-05-06,Release,JerryZ
1787147208239291297,PPS-GC,sender_signaling,pps_gc_sender_total_signaling,sender,955,false,32,2,recipient_bits=16;location_bytes=32,26670,68,measured,ok,unavailable,rustc,nightly-2021-05-06,Release,JerryZ
1787147208240778397,PPS-GC,sender_signaling,pps_gc_share_generation,sender,956,false,32,2,recipient_bits=16;location_bytes=32,22381,68,measured,ok,unavailable,rustc,nightly-2021-05-06,Release,JerryZ
1787147208242275517,PPS-GC,sender_signaling,pps_gc_sender_preparation,sender,956,false,32,2,recipient_bits=16;location_bytes=32,772,68,measured,ok,unavailable,rustc,nightly-2021-05-06,Release,JerryZ
1787147208243618097,PPS-GC,sender_signaling,message_encryption,sender,956,false,32,2,recipient_bits=16;location_bytes=32,-1,,not_applicable,not_applicable,unavailable,rustc,nightly-2021-05-06,Release,JerryZ
1787147208244807721,PPS-GC,sender_signaling,pps_gc_sender_total_signaling,sender,956,false,32,2,recipient_bits=16;location_bytes=32,14612,68,measured,ok,unavailable,rustc,nightly-2021-05-06,Release,JerryZ
1787147208246600750,PPS-GC,sender_signaling,pps_gc_share_generation,sender,957,false,32,2,recipient_bits=16;location_bytes=32,12848,68,measured,ok,unavailable,rustc,nightly-2021-05-06,Release,JerryZ
1787147208247832569,PPS-GC,sender_signaling,pps_gc_sender_preparation,sender,957,false,32,2,recipient_bits=16;location_bytes=32,1524,68,measured,ok,unavailable,rustc,nightly-2021-05-06,Release,JerryZ
1787147208248951207,PPS-GC,sender_signaling,message_encryption,sender,957,false,32,2,recipient_bits=16;location_bytes=32,-1,,not_applicable,not_applicable,unavailable,rustc,nightly-2021-05-06,Release,JerryZ
1787147208250145125,PPS-GC,sender_signaling,pps_gc_sender_total_signaling,sender,957,false,32,2,recipient_bits=16;location_bytes=32,9964,68,measured,ok,unavailable,rustc,nightly-2021-05-06,Release,JerryZ
1787147208251568242,PPS-GC,sender_signaling,pps_gc_share_generation,sender,958,false,32,2,recipient_bits=16;location_bytes=32,9725,68,measured,ok,unavailable,rustc,nightly-2021-05-06,Release,JerryZ
1787147208252807793,PPS-GC,sender_signaling,pps_gc_sender_preparation,sender,958,false,32,2,recipient_bits=16;location_bytes=32,147,68,measured,ok,unavailable,rustc,nightly-2021-05-06,Release,JerryZ
1787147208254248883,PPS-GC,sender_signaling,message_encryption,sender,958,false,32,2,recipient_bits=16;location_bytes=32,-1,,not_applicable,not_applicable,unavailable,rustc,nightly-2021-05-06,Release,JerryZ
1787147208255790820,PPS-GC,sender_signaling,pps_gc_sender_total_signaling,sender,958,false,32,2,recipient_bits=16;location_bytes=32,11866,68,measured,ok,unavailable,rustc,nightly-2021-05-06,Release,JerryZ
1787147208258023964,PPS-GC,sender_signaling,pps_gc_share_generation,sender,959,false,32,2,recipient_bits=16;location_bytes=32,11030,68,measured,ok,unavailable,rustc,nightly-2021-05-06,Release,JerryZ
1787147208259267410,PPS-GC,sender_signaling,pps_gc_sender_preparation,sender,959,false,32,2,recipient_bits=16;location_bytes=32,734,68,measured,ok,unavailable,rustc,nightly-2021-05-06,Release,JerryZ
1787147208260452465,PPS-GC,sender_signaling,message_encryption,sender,959,false,32,2,recipient_bits=16;location_bytes=32,-1,,not_applicable,not_applicable,unavailable,rustc,nightly-2021-05-06,Release,JerryZ
1787147208261938941,PPS-GC,sender_signaling,pps_gc_sender_total_signaling,sender,959,false,32,2,recipient_bits=16;location_bytes=32,11011,68,measured,ok,unavailable,rustc,nightly-2021-05-06,Release,JerryZ
1787147208263176995,PPS-GC,sender_signaling,pps_gc_share_generation,sender,960,false,32,2,recipient_bits=16;location_bytes=32,9854,68,measured,ok,unavailable,rustc,nightly-2021-05-06,Release,JerryZ
1787147208264286909,PPS-GC,sender_signaling,pps_gc_sender_preparation,sender,960,false,32,2,recipient_bits=16;location_bytes=32,220,68,measured,ok,unavailable,rustc,nightly-2021-05-06,Release,JerryZ
1787147208265450993,PPS-GC,sender_signaling,message_encryption,sender,960,false,32,2,recipient_bits=16;location_bytes=32,-1,,not_applicable,not_applicable,unavailable,rustc,nightly-2021-05-06,Release,JerryZ
1787147208266803923,PPS-GC,sender_signaling,pps_gc_sender_total_signaling,sender,960,false,32,2,recipient_bits=16;location_bytes=32,10203,68,measured,ok,unavailable,rustc,nightly-2021-05-06,Release,JerryZ
1787147208268074919,PPS-GC,sender_signaling,pps_gc_share_generation,sender,961,false,32,2,recipient_bits=16;location_bytes=32,21582,68,measured,ok,unavailable,rustc,nightly-2021-05-06,Release,JerryZ
1787147208269546462,PPS-GC,sender_signaling,pps_gc_sender_preparation,sender,961,false,32,2,recipient_bits=16;location_bytes=32,284,68,measured,ok,unavailable,rustc,nightly-2021-05-06,Release,JerryZ
1787147208270842430,PPS-GC,sender_signaling,message_encryption,sender,961,false,32,2,recipient_bits=16;location_bytes=32,-1,,not_applicable,not_applicable,unavailable,rustc,nightly-2021-05-06,Release,JerryZ
1787147208272277348,PPS-GC,sender_signaling,pps_gc_sender_total_signaling,sender,961,false,32,2,recipient_bits=16;location_bytes=32,11195,68,measured,ok,unavailable,rustc,nightly-2021-05-06,Release,JerryZ
1787147208273718915,PPS-GC,sender_signaling,pps_gc_share_generation,sender,962,false,32,2,recipient_bits=16;location_bytes=32,10406,68,measured,ok,unavailable,rustc,nightly-2021-05-06,Release,JerryZ
1787147208275060231,PPS-GC,sender_signaling,pps_gc_sender_preparation,sender,962,false,32,2,recipient_bits=16;location_bytes=32,340,68,measured,ok,unavailable,rustc,nightly-2021-05-06,Release,JerryZ
1787147208276592681,PPS-GC,sender_signaling,message_encryption,sender,962,false,32,2,recipient_bits=16;location_bytes=32,-1,,not_applicable,not_applicable,unavailable,rustc,nightly-2021-05-06,Release,JerryZ
1787147208277801063,PPS-GC,sender_signaling,pps_gc_sender_total_signaling,sender,962,false,32,2,recipient_bits=16;location_bytes=32,10433,68,measured,ok,unavailable,rustc,nightly-2021-05-06,Release,JerryZ
1787147208278938069,PPS-GC,sender_signaling,pps_gc_share_generation,sender,963,false,32,2,recipient_bits=16;location_bytes=32,9606,68,measured,ok,unavailable,rustc,nightly-2021-05-06,Release,JerryZ
1787147208279989693,PPS-GC,sender_signaling,pps_gc_sender_preparation,sender,963,false,32,2,recipient_bits=16;location_bytes=32,156,68,measured,ok,unavailable,rustc,nightly-2021-05-06,Release,JerryZ
1787147208281369600,PPS-GC,sender_signaling,message_encryption,sender,963,false,32,2,recipient_bits=16;location_bytes=32,-1,,not_applicable,not_applicable,unavailable,rustc,nightly-2021-05-06,Release,JerryZ
1787147208282584916,PPS-GC,sender_signaling,pps_gc_sender_total_signaling,sender,963,false,32,2,recipient_bits=16;location_bytes=32,22032,68,measured,ok,unavailable,rustc,nightly-2021-05-06,Release,JerryZ
1787147208284287926,PPS-GC,sender_signaling,pps_gc_share_generation,sender,964,false,32,2,recipient_bits=16;location_bytes=32,12710,68,measured,ok,unavailable,rustc,nightly-2021-05-06,Release,JerryZ
1787147208286133322,PPS-GC,sender_signaling,pps_gc_sender_preparation,sender,964,false,32,2,recipient_bits=16;location_bytes=32,1699,68,measured,ok,unavailable,rustc,nightly-2021-05-06,Release,JerryZ
1787147208287379063,PPS-GC,sender_signaling,message_encryption,sender,964,false,32,2,recipient_bits=16;location_bytes=32,-1,,not_applicable,not_applicable,unavailable,rustc,nightly-2021-05-06,Release,JerryZ
1787147208288995613,PPS-GC,sender_signaling,pps_gc_sender_total_signaling,sender,964,false,32,2,recipient_bits=16;location_bytes=32,13555,68,measured,ok,unavailable,rustc,nightly-2021-05-06,Release,JerryZ
1787147208290350058,PPS-GC,sender_signaling,pps_gc_share_generation,sender,965,false,32,2,recipient_bits=16;location_bytes=32,10010,68,measured,ok,unavailable,rustc,nightly-2021-05-06,Release,JerryZ
1787147208291678637,PPS-GC,sender_signaling,pps_gc_sender_preparation,sender,965,false,32,2,recipient_bits=16;location_bytes=32,211,68,measured,ok,unavailable,rustc,nightly-2021-05-06,Release,JerryZ
1787147208293069197,PPS-GC,sender_signaling,message_encryption,sender,965,false,32,2,recipient_bits=16;location_bytes=32,-1,,not_applicable,not_applicable,unavailable,rustc,nightly-2021-05-06,Release,JerryZ
1787147208294977529,PPS-GC,sender_signaling,pps_gc_sender_total_signaling,sender,965,false,32,2,recipient_bits=16;location_bytes=32,12866,68,measured,ok,unavailable,rustc,nightly-2021-05-06,Release,JerryZ
1787147208296308019,PPS-GC,sender_signaling,pps_gc_share_generation,sender,966,false,32,2,recipient_bits=16;location_bytes=32,9928,68,measured,ok,unavailable,rustc,nightly-2021-05-06,Release,JerryZ
1787147208297586399,PPS-GC,sender_signaling,pps_gc_sender_preparation,sender,966,false,32,2,recipient_bits=16;location_bytes=32,165,68,measured,ok,unavailable,rustc,nightly-2021-05-06,Release,JerryZ
1787147208298999433,PPS-GC,sender_signaling,message_encryption,sender,966,false,32,2,recipient_bits=16;location_bytes=32,-1,,not_applicable,not_applicable,unavailable,rustc,nightly-2021-05-06,Release,JerryZ
1787147208300314219,PPS-GC,sender_signaling,pps_gc_sender_total_signaling,sender,966,false,32,2,recipient_bits=16;location_bytes=32,11076,68,measured,ok,unavailable,rustc,nightly-2021-05-06,Release,JerryZ
1787147208302121925,PPS-GC,sender_signaling,pps_gc_share_generation,sender,967,false,32,2,recipient_bits=16;location_bytes=32,10377,68,measured,ok,unavailable,rustc,nightly-2021-05-06,Release,JerryZ
1787147208303624711,PPS-GC,sender_signaling,pps_gc_sender_preparation,sender,967,false,32,2,recipient_bits=16;location_bytes=32,983,68,measured,ok,unavailable,rustc,nightly-2021-05-06,Release,JerryZ
1787147208305174159,PPS-GC,sender_signaling,message_encryption,sender,967,false,32,2,recipient_bits=16;location_bytes=32,-1,,not_applicable,not_applicable,unavailable,rustc,nightly-2021-05-06,Release,JerryZ
1787147208306500369,PPS-GC,sender_signaling,pps_gc_sender_total_signaling,sender,967,false,32,2,recipient_bits=16;location_bytes=32,22803,68,measured,ok,unavailable,rustc,nightly-2021-05-06,Release,JerryZ
1787147208308137651,PPS-GC,sender_signaling,pps_gc_share_generation,sender,968,false,32,2,recipient_bits=16;location_bytes=32,11452,68,measured,ok,unavailable,rustc,nightly-2021-05-06,Release,JerryZ
1787147208309282482,PPS-GC,sender_signaling,pps_gc_sender_preparation,sender,968,false,32,2,recipient_bits=16;location_bytes=32,267,68,measured,ok,unavailable,rustc,nightly-2021-05-06,Release,JerryZ
1787147208310602345,PPS-GC,sender_signaling,message_encryption,sender,968,false,32,2,recipient_bits=16;location_bytes=32,-1,,not_applicable,not_applicable,unavailable,rustc,nightly-2021-05-06,Release,JerryZ
1787147208311865214,PPS-GC,sender_signaling,pps_gc_sender_total_signaling,sender,968,false,32,2,recipient_bits=16;location_bytes=32,10479,68,measured,ok,unavailable,rustc,nightly-2021-05-06,Release,JerryZ
1787147208313502635,PPS-GC,sender_signaling,pps_gc_share_generation,sender,969,false,32,2,recipient_bits=16;location_bytes=32,21572,68,measured,ok,unavailable,rustc,nightly-2021-05-06,Release,JerryZ
1787147208315084842,PPS-GC,sender_signaling,pps_gc_sender_preparation,sender,969,false,32,2,recipient_bits=16;location_bytes=32,349,68,measured,ok,unavailable,rustc,nightly-2021-05-06,Release,JerryZ
1787147208316553464,PPS-GC,sender_signaling,message_encryption,sender,969,false,32,2,recipient_bits=16;location_bytes=32,-1,,not_applicable,not_applicable,unavailable,rustc,nightly-2021-05-06,Release,JerryZ
1787147208318400146,PPS-GC,sender_signaling,pps_gc_sender_total_signaling,sender,969,false,32,2,recipient_bits=16;location_bytes=32,16200,68,measured,ok,unavailable,rustc,nightly-2021-05-06,Release,JerryZ
1787147208320138550,PPS-GC,sender_signaling,pps_gc_share_generation,sender,970,false,32,2,recipient_bits=16;location_bytes=32,10543,68,measured,ok,unavailable,rustc,nightly-2021-05-06,Release,JerryZ
1787147208321590798,PPS-GC,sender_signaling,pps_gc_sender_preparation,sender,970,false,32,2,recipient_bits=16;location_bytes=32,624,68,measured,ok,unavailable,rustc,nightly-2021-05-06,Release,JerryZ
1787147208322928616,PPS-GC,sender_signaling,message_encryption,sender,970,false,32,2,recipient_bits=16;location_bytes=32,-1,,not_applicable,not_applicable,unavailable,rustc,nightly-2021-05-06,Release,JerryZ
1787147208324209292,PPS-GC,sender_signaling,pps_gc_sender_total_signaling,sender,970,false,32,2,recipient_bits=16;location_bytes=32,22518,68,measured,ok,unavailable,rustc,nightly-2021-05-06,Release,JerryZ
1787147208325670815,PPS-GC,sender_signaling,pps_gc_share_generation,sender,971,false,32,2,recipient_bits=16;location_bytes=32,33833,68,measured,ok,unavailable,rustc,nightly-2021-05-06,Release,JerryZ
1787147208327506035,PPS-GC,sender_signaling,pps_gc_sender_preparation,sender,971,false,32,2,recipient_bits=16;location_bytes=32,239,68,measured,ok,unavailable,rustc,nightly-2021-05-06,Release,JerryZ
1787147208329009933,PPS-GC,sender_signaling,message_encryption,sender,971,false,32,2,recipient_bits=16;location_bytes=32,-1,,not_applicable,not_applicable,unavailable,rustc,nightly-2021-05-06,Release,JerryZ
1787147208330484001,PPS-GC,sender_signaling,pps_gc_sender_total_signaling,sender,971,false,32,2,recipient_bits=16;location_bytes=32,13326,68,measured,ok,unavailable,rustc,nightly-2021-05-06,Release,JerryZ
1787147208332005467,PPS-GC,sender_signaling,pps_gc_share_generation,sender,972,false,32,2,recipient_bits=16;location_bytes=32,10461,68,measured,ok,unavailable,rustc,nightly-2021-05-06,Release,JerryZ
1787147208333454555,PPS-GC,sender_signaling,pps_gc_sender_preparation,sender,972,false,32,2,recipient_bits=16;location_bytes=32,514,68,measured,ok,unavailable,rustc,nightly-2021-05-06,Release,JerryZ
1787147208335587421,PPS-GC,sender_signaling,message_encryption,sender,972,false,32,2,recipient_bits=16;location_bytes=32,-1,,not_applicable,not_applicable,unavailable,rustc,nightly-2021-05-06,Release,JerryZ
1787147208336993787,PPS-GC,sender_signaling,pps_gc_sender_total_signaling,sender,972,false,32,2,recipient_bits=16;location_bytes=32,22922,68,measured,ok,unavailable,rustc,nightly-2021-05-06,Release,JerryZ
1787147208338709553,PPS-GC,sender_signaling,pps_gc_share_generation,sender,973,false,32,2,recipient_bits=16;location_bytes=32,10617,68,measured,ok,unavailable,rustc,nightly-2021-05-06,Release,JerryZ
1787147208339995442,PPS-GC,sender_signaling,pps_gc_sender_preparation,sender,973,false,32,2,recipient_bits=16;location_bytes=32,487,68,measured,ok,unavailable,rustc,nightly-2021-05-06,Release,JerryZ
1787147208341444544,PPS-GC,sender_signaling,message_encryption,sender,973,false,32,2,recipient_bits=16;location_bytes=32,-1,,not_applicable,not_applicable,unavailable,rustc,nightly-2021-05-06,Release,JerryZ
1787147208342766612,PPS-GC,sender_signaling,pps_gc_sender_total_signaling,sender,973,false,32,2,recipient_bits=16;location_bytes=32,21738,68,measured,ok,unavailable,rustc,nightly-2021-05-06,Release,JerryZ
1787147208344357645,PPS-GC,sender_signaling,pps_gc_share_generation,sender,974,false,32,2,recipient_bits=16;location_bytes=32,23960,68,measured,ok,unavailable,rustc,nightly-2021-05-06,Release,JerryZ
1787147208346371765,PPS-GC,sender_signaling,pps_gc_sender_preparation,sender,974,false,32,2,recipient_bits=16;location_bytes=32,717,68,measured,ok,unavailable,rustc,nightly-2021-05-06,Release,JerryZ
1787147208347858480,PPS-GC,sender_signaling,message_encryption,sender,974,false,32,2,recipient_bits=16;location_bytes=32,-1,,not_applicable,not_applicable,unavailable,rustc,nightly-2021-05-06,Release,JerryZ
1787147208349673616,PPS-GC,sender_signaling,pps_gc_sender_total_signaling,sender,974,false,32,2,recipient_bits=16;location_bytes=32,11387,68,measured,ok,unavailable,rustc,nightly-2021-05-06,Release,JerryZ
1787147208351001194,PPS-GC,sender_signaling,pps_gc_share_generation,sender,975,false,32,2,recipient_bits=16;location_bytes=32,9707,68,measured,ok,unavailable,rustc,nightly-2021-05-06,Release,JerryZ
1787147208352189730,PPS-GC,sender_signaling,pps_gc_sender_preparation,sender,975,false,32,2,recipient_bits=16;location_bytes=32,395,68,measured,ok,unavailable,rustc,nightly-2021-05-06,Release,JerryZ
1787147208353463610,PPS-GC,sender_signaling,message_encryption,sender,975,false,32,2,recipient_bits=16;location_bytes=32,-1,,not_applicable,not_applicable,unavailable,rustc,nightly-2021-05-06,Release,JerryZ
1787147208355002626,PPS-GC,sender_signaling,pps_gc_sender_total_signaling,sender,975,false,32,2,recipient_bits=16;location_bytes=32,10525,68,measured,ok,unavailable,rustc,nightly-2021-05-06,Release,JerryZ
1787147208356176468,PPS-GC,sender_signaling,pps_gc_share_generation,sender,976,false,32,2,recipient_bits=16;location_bytes=32,9496,68,measured,ok,unavailable,rustc,nightly-2021-05-06,Release,JerryZ
1787147208357449659,PPS-GC,sender_signaling,pps_gc_sender_preparation,sender,976,false,32,2,recipient_bits=16;location_bytes=32,147,68,measured,ok,unavailable,rustc,nightly-2021-05-06,Release,JerryZ
1787147208358709581,PPS-GC,sender_signaling,message_encryption,sender,976,false,32,2,recipient_bits=16;location_bytes=32,-1,,not_applicable,not_applicable,unavailable,rustc,nightly-2021-05-06,Release,JerryZ
1787147208360187727,PPS-GC,sender_signaling,pps_gc_sender_total_signaling,sender,976,false,32,2,recipient_bits=16;location_bytes=32,12160,68,measured,ok,unavailable,rustc,nightly-2021-05-06,Release,JerryZ
1787147208361908839,PPS-GC,sender_signaling,pps_gc_share_generation,sender,977,false,32,2,recipient_bits=16;location_bytes=32,10846,68,measured,ok,unavailable,rustc,nightly-2021-05-06,Release,JerryZ
1787147208363500881,PPS-GC,sender_signaling,pps_gc_sender_preparation,sender,977,false,32,2,recipient_bits=16;location_bytes=32,708,68,measured,ok,unavailable,rustc,nightly-2021-05-06,Release,JerryZ
1787147208365331509,PPS-GC,sender_signaling,message_encryption,sender,977,false,32,2,recipient_bits=16;location_bytes=32,-1,,not_applicable,not_applicable,unavailable,rustc,nightly-2021-05-06,Release,JerryZ
1787147208366724467,PPS-GC,sender_signaling,pps_gc_sender_total_signaling,sender,977,false,32,2,recipient_bits=16;location_bytes=32,11222,68,measured,ok,unavailable,rustc,nightly-2021-05-06,Release,JerryZ
1787147208368271619,PPS-GC,sender_signaling,pps_gc_share_generation,sender,978,false,32,2,recipient_bits=16;location_bytes=32,22215,68,measured,ok,unavailable,rustc,nightly-2021-05-06,Release,JerryZ
1787147208369527931,PPS-GC,sender_signaling,pps_gc_sender_preparation,sender,978,false,32,2,recipient_bits=16;location_bytes=32,634,68,measured,ok,unavailable,rustc,nightly-2021-05-06,Release,JerryZ
1787147208370684182,PPS-GC,sender_signaling,message_encryption,sender,978,false,32,2,recipient_bits=16;location_bytes=32,-1,,not_applicable,not_applicable,unavailable,rustc,nightly-2021-05-06,Release,JerryZ
1787147208371962723,PPS-GC,sender_signaling,pps_gc_sender_total_signaling,sender,978,false,32,2,recipient_bits=16;location_bytes=32,9818,68,measured,ok,unavailable,rustc,nightly-2021-05-06,Release,JerryZ
1787147208373482256,PPS-GC,sender_signaling,pps_gc_share_generation,sender,979,false,32,2,recipient_bits=16;location_bytes=32,9671,68,measured,ok,unavailable,rustc,nightly-2021-05-06,Release,JerryZ
1787147208375065165,PPS-GC,sender_signaling,pps_gc_sender_preparation,sender,979,false,32,2,recipient_bits=16;location_bytes=32,156,68,measured,ok,unavailable,rustc,nightly-2021-05-06,Release,JerryZ
1787147208377027544,PPS-GC,sender_signaling,message_encryption,sender,979,false,32,2,recipient_bits=16;location_bytes=32,-1,,not_applicable,not_applicable,unavailable,rustc,nightly-2021-05-06,Release,JerryZ
1787147208378653723,PPS-GC,sender_signaling,pps_gc_sender_total_signaling,sender,979,false,32,2,recipient_bits=16;location_bytes=32,11158,68,measured,ok,unavailable,rustc,nightly-2021-05-06,Release,JerryZ
1787147208380155168,PPS-GC,sender_signaling,pps_gc_share_generation,sender,980,false,32,2,recipient_bits=16;location_bytes=32,10120,68,measured,ok,unavailable,rustc,nightly-2021-05-06,Release,JerryZ
1787147208381431464,PPS-GC,sender_signaling,pps_gc_sender_preparation,sender,980,false,32,2,recipient_bits=16;location_bytes=32,468,68,measured,ok,unavailable,rustc,nightly-2021-05-06,Release,JerryZ
1787147208382734787,PPS-GC,sender_signaling,message_encryption,sender,980,false,32,2,recipient_bits=16;location_bytes=32,-1,,not_applicable,not_applicable,unavailable,rustc,nightly-2021-05-06,Release,JerryZ
1787147208383898325,PPS-GC,sender_signaling,pps_gc_sender_total_signaling,sender,980,false,32,2,recipient_bits=16;location_bytes=32,10295,68,measured,ok,unavailable,rustc,nightly-2021-05-06,Release,JerryZ
1787147208385052670,PPS-GC,sender_signaling,pps_gc_share_generation,sender,981,false,32,2,recipient_bits=16;location_bytes=32,9643,68,measured,ok,unavailable,rustc,nightly-2021-05-06,Release,JerryZ
1787147208386520456,PPS-GC,sender_signaling,pps_gc_sender_preparation,sender,981,false,32,2,recipient_bits=16;location_bytes=32,147,68,measured,ok,unavailable,rustc,nightly-2021-05-06,Release,JerryZ
1787147208388005830,PPS-GC,sender_signaling,message_encryption,sender,981,false,32,2,recipient_bits=16;location_bytes=32,-1,,not_applicable,not_applicable,unavailable,rustc,nightly-2021-05-06,Release,JerryZ
1787147208389494004,PPS-GC,sender_signaling,pps_gc_sender_total_signaling,sender,981,false,32,2,recipient_bits=16;location_bytes=32,10258,68,measured,ok,unavailable,rustc,nightly-2021-05-06,Release,JerryZ
1787147208390999216,PPS-GC,sender_signaling,pps_gc_share_generation,sender,982,false,32,2,recipient_bits=16;location_bytes=32,10690,68,measured,ok,unavailable,rustc,nightly-2021-05-06,Release,JerryZ
1787147208392591113,PPS-GC,sender_signaling,pps_gc_sender_preparation,sender,982,false,32,2,recipient_bits=16;location_bytes=32,560,68,measured,ok,unavailable,rustc,nightly-2021-05-06,Release,JerryZ
1787147208394206345,PPS-GC,sender_signaling,message_encryption,sender,982,false,32,2,recipient_bits=16;location_bytes=32,-1,,not_applicable,not_applicable,unavailable,rustc,nightly-2021-05-06,Release,JerryZ
1787147208395790256,PPS-GC,sender_signaling,pps_gc_sender_total_signaling,sender,982,false,32,2,recipient_bits=16;location_bytes=32,11030,68,measured,ok,unavailable,rustc,nightly-2021-05-06,Release,JerryZ
1787147208397169800,PPS-GC,sender_signaling,pps_gc_share_generation,sender,983,false,32,2,recipient_bits=16;location_bytes=32,9937,68,measured,ok,unavailable,rustc,nightly-2021-05-06,Release,JerryZ
1787147208398635557,PPS-GC,sender_signaling,pps_gc_sender_preparation,sender,983,false,32,2,recipient_bits=16;location_bytes=32,377,68,measured,ok,unavailable,rustc,nightly-2021-05-06,Release,JerryZ
1787147208400050399,PPS-GC,sender_signaling,message_encryption,sender,983,false,32,2,recipient_bits=16;location_bytes=32,-1,,not_applicable,not_applicable,unavailable,rustc,nightly-2021-05-06,Release,JerryZ
1787147208401340921,PPS-GC,sender_signaling,pps_gc_sender_total_signaling,sender,983,false,32,2,recipient_bits=16;location_bytes=32,10534,68,measured,ok,unavailable,rustc,nightly-2021-05-06,Release,JerryZ
1787147208402951974,PPS-GC,sender_signaling,pps_gc_share_generation,sender,984,false,32,2,recipient_bits=16;location_bytes=32,10515,68,measured,ok,unavailable,rustc,nightly-2021-05-06,Release,JerryZ
1787147208404552843,PPS-GC,sender_signaling,pps_gc_sender_preparation,sender,984,false,32,2,recipient_bits=16;location_bytes=32,725,68,measured,ok,unavailable,rustc,nightly-2021-05-06,Release,JerryZ
1787147208405863100,PPS-GC,sender_signaling,message_encryption,sender,984,false,32,2,recipient_bits=16;location_bytes=32,-1,,not_applicable,not_applicable,unavailable,rustc,nightly-2021-05-06,Release,JerryZ
1787147208407356510,PPS-GC,sender_signaling,pps_gc_sender_total_signaling,sender,984,false,32,2,recipient_bits=16;location_bytes=32,12784,68,measured,ok,unavailable,rustc,nightly-2021-05-06,Release,JerryZ
1787147208408664838,PPS-GC,sender_signaling,pps_gc_share_generation,sender,985,false,32,2,recipient_bits=16;location_bytes=32,9927,68,measured,ok,unavailable,rustc,nightly-2021-05-06,Release,JerryZ
1787147208410169168,PPS-GC,sender_signaling,pps_gc_sender_preparation,sender,985,false,32,2,recipient_bits=16;location_bytes=32,349,68,measured,ok,unavailable,rustc,nightly-2021-05-06,Release,JerryZ
1787147208411482492,PPS-GC,sender_signaling,message_encryption,sender,985,false,32,2,recipient_bits=16;location_bytes=32,-1,,not_applicable,not_applicable,unavailable,rustc,nightly-2021-05-06,Release,JerryZ
1787147208413193107,PPS-GC,sender_signaling,pps_gc_sender_total_signaling,sender,985,false,32,2,recipient_bits=16;location_bytes=32,14446,68,measured,ok,unavailable,rustc,nightly-2021-05-06,Release,JerryZ
1787147208414630054,PPS-GC,sender_signaling,pps_gc_share_generation,sender,986,false,32,2,recipient_bits=16;location_bytes=32,9835,68,measured,ok,unavailable,rustc,nightly-2021-05-06,Release,JerryZ
1787147208415784270,PPS-GC,sender_signaling,pps_gc_sender_preparation,sender,986,false,32,2,recipient_bits=16;location_bytes=32,395,68,measured,ok,unavailable,rustc,nightly-2021-05-06,Release,JerryZ
1787147208416915224,PPS-GC,sender_signaling,message_encryption,sender,986,false,32,2,recipient_bits=16;location_bytes=32,-1,,not_applicable,not_applicable,unavailable,rustc,nightly-2021-05-06,Release,JerryZ
1787147208418371641,PPS-GC,sender_signaling,pps_gc_sender_total_signaling,sender,986,false,32,2,recipient_bits=16;location_bytes=32,10267,68,measured,ok,unavailable,rustc,nightly-2021-05-06,Release,JerryZ
1787147208420007610,PPS-GC,sender_signaling,pps_gc_share_generation,sender,987,false,32,2,recipient_bits=16;location_bytes=32,10534,68,measured,ok,unavailable,rustc,nightly-2021-05-06,Release,JerryZ
1787147208421599750,PPS-GC,sender_signaling,pps_gc_sender_preparation,sender,987,false,32,2,recipient_bits=16;location_bytes=32,514,68,measured,ok,unavailable,rustc,nightly-2021-05-06,Release,JerryZ
1787147208423382333,PPS-GC,sender_signaling,message_encryption,sender,987,false,32,2,recipient_bits=16;location_bytes=32,-1,,not_applicable,not_applicable,unavailable,rustc,nightly-2021-05-06,Release,JerryZ
1787147208424719563,PPS-GC,sender_signaling,pps_gc_sender_total_signaling,sender,987,false,32,2,recipient_bits=16;location_bytes=32,27634,68,measured,ok,unavailable,rustc,nightly-2021-05-06,Release,JerryZ
1787147208426600885,PPS-GC,sender_signaling,pps_gc_share_generation,sender,988,false,32,2,recipient_bits=16;location_bytes=32,10184,68,measured,ok,unavailable,rustc,nightly-2021-05-06,Release,JerryZ
1787147208427771908,PPS-GC,sender_signaling,pps_gc_sender_preparation,sender,988,false,32,2,recipient_bits=16;location_bytes=32,524,68,measured,ok,unavailable,rustc,nightly-2021-05-06,Release,JerryZ
1787147208429081761,PPS-GC,sender_signaling,message_encryption,sender,988,false,32,2,recipient_bits=16;location_bytes=32,-1,,not_applicable,not_applicable,unavailable,rustc,nightly-2021-05-06,Release,JerryZ
1787147208430618554,PPS-GC,sender_signaling,pps_gc_sender_total_signaling,sender,988,false,32,2,recipient_bits=16;location_bytes=32,10727,68,measured,ok,unavailable,rustc,nightly-2021-05-06,Release,JerryZ
1787147208432116344,PPS-GC,sender_signaling,pps_gc_share_generation,sender,989,false,32,2,recipient_bits=16;location_bytes=32,9854,68,measured,ok,unavailable,rustc,nightly-2021-05-06,Release,JerryZ
1787147208433396006,PPS-GC,sender_signaling,pps_gc_sender_preparation,sender,989,false,32,2,recipient_bits=16;location_bytes=32,239,68,measured,ok,unavailable,rustc,nightly-2021-05-06,Release,JerryZ
1787147208434784101,PPS-GC,sender_signaling,message_encryption,sender,989,false,32,2,recipient_bits=16;location_bytes=32,-1,,not_applicable,not_applicable,unavailable,rustc,nightly-2021-05-06,Release,JerryZ
1787147208436576735,PPS-GC,sender_signaling,pps_gc_sender_total_signaling,sender,989,false,32,2,recipient_bits=16;location_bytes=32,10754,68,measured,ok,unavailable,rustc,nightly-2021-05-06,Release,JerryZ
1787147208437856448,PPS-GC,sender_signaling,pps_gc_share_generation,sender,990,false,32,2,recipient_bits=16;location_bytes=32,9845,68,measured,ok,unavailable,rustc,nightly-2021-05-06,Release,JerryZ
1787147208439112393,PPS-GC,sender_signaling,pps_gc_sender_preparation,sender,990,false,32,2,recipient_bits=16;location_bytes=32,202,68,measured,ok,unavailable,rustc,nightly-2021-05-06,Release,JerryZ
1787147208440623537,PPS-GC,sender_signaling,message_encryption,sender,990,false,32,2,recipient_bits=16;location_bytes=32,-1,,not_applicable,not_applicable,unavailable,rustc,nightly-2021-05-06,Release,JerryZ
1787147208442311569,PPS-GC,sender_signaling,pps_gc_sender_total_signaling,sender,990,false,32,2,recipient_bits=16;location_bytes=32,14657,68,measured,ok,unavailable,rustc,nightly-2021-05-06,Release,JerryZ
1787147208443640479,PPS-GC,sender_signaling,pps_gc_share_generation,sender,991,false,32,2,recipient_bits=16;location_bytes=32,22133,68,measured,ok,unavailable,rustc,nightly-2021-05-06,Release,JerryZ
1787147208445399520,PPS-GC,sender_signaling,pps_gc_sender_preparation,sender,991,false,32,2,recipient_bits=16;location_bytes=32,349,68,measured,ok,unavailable,rustc,nightly-2021-05-06,Release,JerryZ
1787147208446705589,PPS-GC,sender_signaling,message_encryption,sender,991,false,32,2,recipient_bits=16;location_bytes=32,-1,,not_applicable,not_applicable,unavailable,rustc,nightly-2021-05-06,Release,JerryZ
1787147208447995831,PPS-GC,sender_signaling,pps_gc_sender_total_signaling,sender,991,false,32,2,recipient_bits=16;location_bytes=32,13170,68,measured,ok,unavailable,rustc,nightly-2021-05-06,Release,JerryZ
1787147208449382167,PPS-GC,sender_signaling,pps_gc_share_generation,sender,992,false,32,2,recipient_bits=16;location_bytes=32,9753,68,measured,ok,unavailable,rustc,nightly-2021-05-06,Release,JerryZ
1787147208450561523,PPS-GC,sender_signaling,pps_gc_sender_preparation,sender,992,false,32,2,recipient_bits=16;location_bytes=32,358,68,measured,ok,unavailable,rustc,nightly-2021-05-06,Release,JerryZ
1787147208452032239,PPS-GC,sender_signaling,message_encryption,sender,992,false,32,2,recipient_bits=16;location_bytes=32,-1,,not_applicable,not_applicable,unavailable,rustc,nightly-2021-05-06,Release,JerryZ
1787147208453353986,PPS-GC,sender_signaling,pps_gc_sender_total_signaling,sender,992,false,32,2,recipient_bits=16;location_bytes=32,15980,68,measured,ok,unavailable,rustc,nightly-2021-05-06,Release,JerryZ
1787147208454701851,PPS-GC,sender_signaling,pps_gc_share_generation,sender,993,false,32,2,recipient_bits=16;location_bytes=32,10203,68,measured,ok,unavailable,rustc,nightly-2021-05-06,Release,JerryZ
1787147208456142995,PPS-GC,sender_signaling,pps_gc_sender_preparation,sender,993,false,32,2,recipient_bits=16;location_bytes=32,414,68,measured,ok,unavailable,rustc,nightly-2021-05-06,Release,JerryZ
1787147208458046175,PPS-GC,sender_signaling,message_encryption,sender,993,false,32,2,recipient_bits=16;location_bytes=32,-1,,not_applicable,not_applicable,unavailable,rustc,nightly-2021-05-06,Release,JerryZ
1787147208459510018,PPS-GC,sender_signaling,pps_gc_sender_total_signaling,sender,993,false,32,2,recipient_bits=16;location_bytes=32,11636,68,measured,ok,unavailable,rustc,nightly-2021-05-06,Release,JerryZ
1787147208460742070,PPS-GC,sender_signaling,pps_gc_share_generation,sender,994,false,32,2,recipient_bits=16;location_bytes=32,10001,68,measured,ok,unavailable,rustc,nightly-2021-05-06,Release,JerryZ
1787147208462324443,PPS-GC,sender_signaling,pps_gc_sender_preparation,sender,994,false,32,2,recipient_bits=16;location_bytes=32,146,68,measured,ok,unavailable,rustc,nightly-2021-05-06,Release,JerryZ
1787147208463823092,PPS-GC,sender_signaling,message_encryption,sender,994,false,32,2,recipient_bits=16;location_bytes=32,-1,,not_applicable,not_applicable,unavailable,rustc,nightly-2021-05-06,Release,JerryZ
1787147208465130111,PPS-GC,sender_signaling,pps_gc_sender_total_signaling,sender,994,false,32,2,recipient_bits=16;location_bytes=32,10837,68,measured,ok,unavailable,rustc,nightly-2021-05-06,Release,JerryZ
1787147208466619577,PPS-GC,sender_signaling,pps_gc_share_generation,sender,995,false,32,2,recipient_bits=16;location_bytes=32,9909,68,measured,ok,unavailable,rustc,nightly-2021-05-06,Release,JerryZ
1787147208467975867,PPS-GC,sender_signaling,pps_gc_sender_preparation,sender,995,false,32,2,recipient_bits=16;location_bytes=32,395,68,measured,ok,unavailable,rustc,nightly-2021-05-06,Release,JerryZ
1787147208469365096,PPS-GC,sender_signaling,message_encryption,sender,995,false,32,2,recipient_bits=16;location_bytes=32,-1,,not_applicable,not_applicable,unavailable,rustc,nightly-2021-05-06,Release,JerryZ
1787147208471327594,PPS-GC,sender_signaling,pps_gc_sender_total_signaling,sender,995,false,32,2,recipient_bits=16;location_bytes=32,23033,68,measured,ok,unavailable,rustc,nightly-2021-05-06,Release,JerryZ
1787147208472886823,PPS-GC,sender_signaling,pps_gc_share_generation,sender,996,false,32,2,recipient_bits=16;location_bytes=32,10074,68,measured,ok,unavailable,rustc,nightly-2021-05-06,Release,JerryZ
1787147208474189275,PPS-GC,sender_signaling,pps_gc_sender_preparation,sender,996,false,32,2,recipient_bits=16;location_bytes=32,285,68,measured,ok,unavailable,rustc,nightly-2021-05-06,Release,JerryZ
1787147208475533833,PPS-GC,sender_signaling,message_encryption,sender,996,false,32,2,recipient_bits=16;location_bytes=32,-1,,not_applicable,not_applicable,unavailable,rustc,nightly-2021-05-06,Release,JerryZ
1787147208476767219,PPS-GC,sender_signaling,pps_gc_sender_total_signaling,sender,996,false,32,2,recipient_bits=16;location_bytes=32,10846,68,measured,ok,unavailable,rustc,nightly-2021-05-06,Release,JerryZ
1787147208478291214,PPS-GC,sender_signaling,pps_gc_share_generation,sender,997,false,32,2,recipient_bits=16;location_bytes=32,9928,68,measured,ok,unavailable,rustc,nightly-2021-05-06,Release,JerryZ
1787147208479584886,PPS-GC,sender_signaling,pps_gc_sender_preparation,sender,997,false,32,2,recipient_bits=16;location_bytes=32,579,68,measured,ok,unavailable,rustc,nightly-2021-05-06,Release,JerryZ
1787147208480937737,PPS-GC,sender_signaling,message_encryption,sender,997,false,32,2,recipient_bits=16;location_bytes=32,-1,,not_applicable,not_applicable,unavailable,rustc,nightly-2021-05-06,Release,JerryZ
1787147208482290470,PPS-GC,sender_signaling,pps_gc_sender_total_signaling,sender,997,false,32,2,recipient_bits=16;location_bytes=32,11866,68,measured,ok,unavailable,rustc,nightly-2021-05-06,Release,JerryZ
1787147208484585853,PPS-GC,sender_signaling,pps_gc_share_generation,sender,998,false,32,2,recipient_bits=16;location_bytes=32,11479,68,measured,ok,unavailable,rustc,nightly-2021-05-06,Release,JerryZ
1787147208486145102,PPS-GC,sender_signaling,pps_gc_sender_preparation,sender,998,false,32,2,recipient_bits=16;location_bytes=32,698,68,measured,ok,unavailable,rustc,nightly-2021-05-06,Release,JerryZ
1787147208487631090,PPS-GC,sender_signaling,message_encryption,sender,998,false,32,2,recipient_bits=16;location_bytes=32,-1,,not_applicable,not_applicable,unavailable,rustc,nightly-2021-05-06,Release,JerryZ
1787147208488992740,PPS-GC,sender_signaling,pps_gc_sender_total_signaling,sender,998,false,32,2,recipient_bits=16;location_bytes=32,11140,68,measured,ok,unavailable,rustc,nightly-2021-05-06,Release,JerryZ
1787147208490596006,PPS-GC,sender_signaling,pps_gc_share_generation,sender,999,false,32,2,recipient_bits=16;location_bytes=32,11655,68,measured,ok,unavailable,rustc,nightly-2021-05-06,Release,JerryZ
1787147208491809668,PPS-GC,sender_signaling,pps_gc_sender_preparation,sender,999,false,32,2,recipient_bits=16;location_bytes=32,1011,68,measured,ok,unavailable,rustc,nightly-2021-05-06,Release,JerryZ
1787147208493060259,PPS-GC,sender_signaling,message_encryption,sender,999,false,32,2,recipient_bits=16;location_bytes=32,-1,,not_applicable,not_applicable,unavailable,rustc,nightly-2021-05-06,Release,JerryZ
1787147208494588291,PPS-GC,sender_signaling,pps_gc_sender_total_signaling,sender,999,false,32,2,recipient_bits=16;location_bytes=32,10157,68,measured,ok,unavailable,rustc,nightly-2021-05-06,Release,JerryZ
