timestamp,scheme,experiment,operation,role,trial,warmup,message_size_bytes,recipient_input_size,scheme_specific_parameters,wall_time_ns,output_bytes,output_bytes_status,status,git_commit,compiler,compiler_version,build_type,machine_id
1787147277935000858,PPS-GC,sender_signaling,pps_gc_share_generation,sender,0,true,32,2,recipient_bits=16;location_bytes=32,10112,68,measured,ok,unavailable,rustc,nightly-2021-05-06,Release,JerryZ
1787147277936990329,PPS-GC,sender_signaling,pps_gc_sender_preparation,sender,0,true,32,2,recipient_bits=16;location_bytes=32,101,68,measured,ok,unavailable,rustc,nightly-2021-05-06,Release,JerryZ
1787147277938392663,PPS-GC,sender_signaling,pps_gc_share_generation,sender,0,true,32,2,recipient_bits=16;location_bytes=32,8954,68,measured,ok,unavailable,rustc,nightly-2021-05-06,Release,JerryZ
1787147277939717283,PPS-GC,sender_signaling,pps_gc_sender_preparation,sender,0,true,32,2,recipient_bits=16;location_bytes=32,28,68,measured,ok,unavailable,rustc,nightly-2021-05-06,Release,JerryZ
1787147277942038872,PPS-GC,sender_signaling,pps_gc_share_generation,sender,0,true,32,2,recipient_bits=16;location_bytes=32,11204,68,measured,ok,unavailable,rustc,nightly-2021-05-06,Release,JerryZ
1787147277943506599,PPS-GC,sender_signaling,pps_gc_sender_preparation,sender,0,true,32,2,recipient_bits=16;location_bytes=32,56,68,measured,ok,unavailable,rustc,nightly-2021-05-06,Release,JerryZ
1787147277944908649,PPS-GC,sender_signaling,pps_gc_share_generation,sender,0,true,32,2,recipient_bits=16;location_bytes=32,8963,68,measured,ok,unavailable,rustc,nightly-2021-05-06,Release,JerryZ
1787147277946121439,PPS-GC,sender_signaling,pps_gc_sender_preparation,sender,0,true,32,2,recipient_bits=16;location_bytes=32,37,68,measured,ok,unavailable,rustc,nightly-2021-05-06,Release,JerryZ
1787147277947408976,PPS-GC,sender_signaling,pps_gc_share_generation,sender,0,true,32,2,recipient_bits=16;location_bytes=32,8991,68,measured,ok,unavailable,rustc,nightly-2021-05-06,Release,JerryZ
1787147277948800152,PPS-GC,sender_signaling,pps_gc_sender_preparation,sender,0,true,32,2,recipient_bits=16;location_bytes=32,37,68,measured,ok,unavailable,rustc,nightly-2021-05-06,Release,JerryZ
1787147277950280906,PPS-GC,sender_signaling,pps_gc_share_generation,sender,0,true,32,2,recipient_bits=16;location_bytes=32,8954,68,measured,ok,unavailable,rustc,nightly-2021-05-06,Release,JerryZ
1787147277951594575,PPS-GC,sender_signaling,pps_gc_sender_preparation,sender,0,true,32,2,recipient_bits=16;location_bytes=32,27,68,measured,ok,unavailable,rustc,nightly-2021-05-06,Release,JerryZ
1787147277953220667,PPS-GC,sender_signaling,pps_gc_share_generation,sender,0,true,32,2,recipient_bits=16;location_bytes=32,8963,68,measured,ok,unavailable,rustc,nightly-2021-05-06,Release,JerryZ
1787147277954477254,PPS-GC,sender_signaling,pps_gc_sender_preparation,sender,0,true,32,2,recipient_bits=16;location_bytes=32,28,68,measured,ok,unavailable,rustc,nightly-2021-05-06,Release,JerryZ
1787147277956000382,PPS-GC,sender_signaling,pps_gc_share_generation,sender,0,true,32,2,recipient_bits=16;location_bytes=32,20324,68,measured,ok,unavailable,rustc,nightly-2021-05-06,Release,JerryZ
1787147277957767978,PPS-GC,sender_signaling,pps_gc_sender_preparation,sender,0,true,32,2,recipient_bits=16;location_bytes=32,64,68,measured,ok,unavailable,rustc,nightly-2021-05-06,Release,JerryZ
1787147277958985401,PPS-GC,sender_signaling,pps_gc_share_generation,sender,0,true,32,2,recipient_bits=16;location_bytes=32,8945,68,measured,ok,unavailable,rustc,nightly-2021-05-06,Release,JerryZ
1787147277960357089,PPS-GC,sender_signaling,pps_gc_sender_preparation,sender,0,true,32,2,recipient_bits=16;location_bytes=32,27,68,measured,ok,unavailable,rustc,nightly-2021-05-06,Release,JerryZ
1787147277961523455,PPS-GC,sender_signaling,pps_gc_share_generation,sender,0,true,32,2,recipient_bits=16;location_bytes=32,8972,68,measured,ok,unavailable,rustc,nightly-2021-05-06,Release,JerryZ
1787147277963003318,PPS-GC,sender_signaling,pps_gc_sender_preparation,sender,0,true,32,2,recipient_bits=16;location_bytes=32,27,68,measured,ok,unavailable,rustc,nightly-2021-05-06,Release,JerryZ
1787147277964755287,PPS-GC,sender_signaling,pps_gc_share_generation,sender,0,true,32,2,recipient_bits=16;location_bytes=32,8982,68,measured,ok,unavailable,rustc,nightly-2021-05-06,Release,JerryZ
1787147277966239485,PPS-GC,sender_signaling,pps_gc_sender_preparation,sender,0,true,32,2,recipient_bits=16;location_bytes=32,27,68,measured,ok,unavailable,rustc,nightly-2021-05-06,Release,JerryZ
1787147277967424081,PPS-GC,sender_signaling,pps_gc_share_generation,sender,0,true,32,2,recipient_bits=16;location_bytes=32,8954,68,measured,ok,unavailable,rustc,nightly-2021-05-06,Release,JerryZ
1787147277968544749,PPS-GC,sender_signaling,pps_gc_sender_preparation,sender,0,true,32,2,recipient_bits=16;location_bytes=32,28,68,measured,ok,unavailable,rustc,nightly-2021-05-06,Release,JerryZ
1787147277969839977,PPS-GC,sender_signaling,pps_gc_share_generation,sender,0,true,32,2,recipient_bits=16;location_bytes=32,20204,68,measured,ok,unavailable,rustc,nightly-2021-05-06,Release,JerryZ
1787147277971350693,PPS-GC,sender_signaling,pps_gc_sender_preparation,sender,0,true,32,2,recipient_bits=16;location_bytes=32,74,68,measured,ok,unavailable,rustc,nightly-2021-05-06,Release,JerryZ
1787147277973046720,PPS-GC,sender_signaling,pps_gc_share_generation,sender,0,true,32,2,recipient_bits=16;location_bytes=32,20158,68,measured,ok,unavailable,rustc,nightly-2021-05-06,Release,JerryZ
1787147277974562689,PPS-GC,sender_signaling,pps_gc_sender_preparation,sender,0,true,32,2,recipient_bits=16;location_bytes=32,65,68,measured,ok,unavailable,rustc,nightly-2021-05-06,Release,JerryZ
1787147277975838856,PPS-GC,sender_signaling,pps_gc_share_generation,sender,0,true,32,2,recipient_bits=16;location_bytes=32,8964,68,measured,ok,unavailable,rustc,nightly-2021-05-06,Release,JerryZ
1787147277977040773,PPS-GC,sender_signaling,pps_gc_sender_preparation,sender,0,true,32,2,recipient_bits=16;location_bytes=32,28,68,measured,ok,unavailable,rustc,nightly-2021-05-06,Release,JerryZ
1787147277978336263,PPS-GC,sender_signaling,pps_gc_share_generation,sender,0,true,32,2,recipient_bits=16;location_bytes=32,8991,68,measured,ok,unavailable,rustc,nightly-2021-05-06,Release,JerryZ
1787147277979746573,PPS-GC,sender_signaling,pps_gc_sender_preparation,sender,0,true,32,2,recipient_bits=16;location_bytes=32,37,68,measured,ok,unavailable,rustc,nightly-2021-05-06,Release,JerryZ
1787147277980956878,PPS-GC,sender_signaling,pps_gc_share_generation,sender,0,true,32,2,recipient_bits=16;location_bytes=32,8963,68,measured,ok,unavailable,rustc,nightly-2021-05-06,Release,JerryZ
1787147277982212483,PPS-GC,sender_signaling,pps_gc_sender_preparation,sender,0,true,32,2,recipient_bits=16;location_bytes=32,28,68,measured,ok,unavailable,rustc,nightly-2021-05-06,Release,JerryZ
1787147277983512427,PPS-GC,sender_signaling,pps_gc_share_generation,sender,0,true,32,2,recipient_bits=16;location_bytes=32,8963,68,measured,ok,unavailable,rustc,nightly-2021-05-06,Release,JerryZ
1787147277985161263,PPS-GC,sender_signaling,pps_gc_sender_preparation,sender,0,true,32,2,recipient_bits=16;location_bytes=32,27,68,measured,ok,unavailable,rustc,nightly-2021-05-06,Release,JerryZ
1787147277986605209,PPS-GC,sender_signaling,pps_gc_share_generation,sender,0,true,32,2,recipient_bits=16;location_bytes=32,8936,68,measured,ok,unavailable,rustc,nightly-2021-05-06,Release,JerryZ
1787147277988087589,PPS-GC,sender_signaling,pps_gc_sender_preparation,sender,0,true,32,2,recipient_bits=16;location_bytes=32,37,68,measured,ok,unavailable,rustc,nightly-2021-05-06,Release,JerryZ
1787147277989416986,PPS-GC,sender_signaling,pps_gc_share_generation,sender,0,true,32,2,recipient_bits=16;location_bytes=32,8945,68,measured,ok,unavailable,rustc,nightly-2021-05-06,Release,JerryZ
1787147277990765430,PPS-GC,sender_signaling,pps_gc_sender_preparation,sender,0,true,32,2,recipient_bits=16;location_bytes=32,27,68,measured,ok,unavailable,rustc,nightly-2021-05-06,Release,JerryZ
1787147277991967356,PPS-GC,sender_signaling,pps_gc_share_generation,sender,0,true,32,2,recipient_bits=16;location_bytes=32,20048,68,measured,ok,unavailable,rustc,nightly-2021-05-06,Release,JerryZ
1787147277993517291,PPS-GC,sender_signaling,pps_gc_sender_preparation,sender,0,true,32,2,recipient_bits=16;location_bytes=32,65,68,measured,ok,unavailable,rustc,nightly-2021-05-06,Release,JerryZ
1787147277995314527,PPS-GC,sender_signaling,pps_gc_share_generation,sender,0,true,32,2,recipient_bits=16;location_bytes=32,8963,68,measured,ok,unavailable,rustc,nightly-2021-05-06,Release,JerryZ
1787147277996629771,PPS-GC,sender_signaling,pps_gc_sender_preparation,sender,0,true,32,2,recipient_bits=16;location_bytes=32,37,68,measured,ok,unavailable,rustc,nightly-2021-05-06,Release,JerryZ
1787147277997956862,PPS-GC,sender_signaling,pps_gc_share_generation,sender,0,true,32,2,recipient_bits=16;location_bytes=32,8955,68,measured,ok,unavailable,rustc,nightly-2021-05-06,Release,JerryZ
1787147277999150105,PPS-GC,sender_signaling,pps_gc_sender_preparation,sender,0,true,32,2,recipient_bits=16;location_bytes=32,28,68,measured,ok,unavailable,rustc,nightly-2021-05-06,Release,JerryZ
1787147278000545427,PPS-GC,sender_signaling,pps_gc_share_generation,sender,0,true,32,2,recipient_bits=16;location_bytes=32,8991,68,measured,ok,unavailable,rustc,nightly-2021-05-06,Release,JerryZ
1787147278002085866,PPS-GC,sender_signaling,pps_gc_sender_preparation,sender,0,true,32,2,recipient_bits=16;location_bytes=32,27,68,measured,ok,unavailable,rustc,nightly-2021-05-06,Release,JerryZ
1787147278003853696,PPS-GC,sender_signaling,pps_gc_share_generation,sender,0,true,32,2,recipient_bits=16;location_bytes=32,9001,68,measured,ok,unavailable,rustc,nightly-2021-05-06,Release,JerryZ
1787147278005074214,PPS-GC,sender_signaling,pps_gc_sender_preparation,sender,0,true,32,2,recipient_bits=16;location_bytes=32,37,68,measured,ok,unavailable,rustc,nightly-2021-05-06,Release,JerryZ
1787147278006233252,PPS-GC,sender_signaling,pps_gc_share_generation,sender,0,true,32,2,recipient_bits=16;location_bytes=32,8991,68,measured,ok,unavailable,rustc,nightly-2021-05-06,Release,JerryZ
1787147278007381503,PPS-GC,sender_signaling,pps_gc_sender_preparation,sender,0,true,32,2,recipient_bits=16;location_bytes=32,36,68,measured,ok,unavailable,rustc,nightly-2021-05-06,Release,JerryZ
1787147278008797465,PPS-GC,sender_signaling,pps_gc_share_generation,sender,0,true,32,2,recipient_bits=16;location_bytes=32,9083,68,measured,ok,unavailable,rustc,nightly-2021-05-06,Release,JerryZ
1787147278010563458,PPS-GC,sender_signaling,pps_gc_sender_preparation,sender,0,true,32,2,recipient_bits=16;location_bytes=32,27,68,measured,ok,unavailable,rustc,nightly-2021-05-06,Release,JerryZ
1787147278011809664,PPS-GC,sender_signaling,pps_gc_share_generation,sender,0,true,32,2,recipient_bits=16;location_bytes=32,9037,68,measured,ok,unavailable,rustc,nightly-2021-05-06,Release,JerryZ
1787147278013130115,PPS-GC,sender_signaling,pps_gc_sender_preparation,sender,0,true,32,2,recipient_bits=16;location_bytes=32,28,68,measured,ok,unavailable,rustc,nightly-2021-05-06,Release,JerryZ
1787147278014635642,PPS-GC,sender_signaling,pps_gc_share_generation,sender,0,true,32,2,recipient_bits=16;location_bytes=32,9027,68,measured,ok,unavailable,rustc,nightly-2021-05-06,Release,JerryZ
1787147278015844520,PPS-GC,sender_signaling,pps_gc_sender_preparation,sender,0,true,32,2,recipient_bits=16;location_bytes=32,27,68,measured,ok,unavailable,rustc,nightly-2021-05-06,Release,JerryZ
1787147278017308895,PPS-GC,sender_signaling,pps_gc_share_generation,sender,0,true,32,2,recipient_bits=16;location_bytes=32,9055,68,measured,ok,unavailable,rustc,nightly-2021-05-06,Release,JerryZ
1787147278018635152,PPS-GC,sender_signaling,pps_gc_sender_preparation,sender,0,true,32,2,recipient_bits=16;location_bytes=32,28,68,measured,ok,unavailable,rustc,nightly-2021-05-06,Release,JerryZ
1787147278020829800,PPS-GC,sender_signaling,pps_gc_share_generation,sender,0,true,32,2,recipient_bits=16;location_bytes=32,9055,68,measured,ok,unavailable,rustc,nightly-2021-05-06,Release,JerryZ
1787147278022018033,PPS-GC,sender_signaling,pps_gc_sender_preparation,sender,0,true,32,2,recipient_bits=16;location_bytes=32,27,68,measured,ok,unavailable,rustc,nightly-2021-05-06,Release,JerryZ
1787147278023953163,PPS-GC,sender_signaling,pps_gc_share_generation,sender,0,true,32,2,recipient_bits=16;location_bytes=32,9184,68,measured,ok,unavailable,rustc,nightly-2021-05-06,Release,JerryZ
1787147278025713012,PPS-GC,sender_signaling,pps_gc_sender_preparation,sender,0,true,32,2,recipient_bits=16;location_bytes=32,28,68,measured,ok,unavailable,rustc,nightly-2021-05-06,Release,JerryZ
1787147278026931028,PPS-GC,sender_signaling,pps_gc_share_generation,sender,0,true,32,2,recipient_bits=16;location_bytes=32,9009,68,measured,ok,unavailable,rustc,nightly-2021-05-06,Release,JerryZ
1787147278028062330,PPS-GC,sender_signaling,pps_gc_sender_preparation,sender,0,true,32,2,recipient_bits=16;location_bytes=32,37,68,measured,ok,unavailable,rustc,nightly-2021-05-06,Release,JerryZ
1787147278029257037,PPS-GC,sender_signaling,pps_gc_share_generation,sender,0,true,32,2,recipient_bits=16;location_bytes=32,9055,68,measured,ok,unavailable,rustc,nightly-2021-05-06,Release,JerryZ
1787147278030539978,PPS-GC,sender_signaling,pps_gc_sender_preparation,sender,0,true,32,2,recipient_bits=16;location_bytes=32,27,68,measured,ok,unavailable,rustc,nightly-2021-05-06,Release,JerryZ
1787147278032145741,PPS-GC,sender_signaling,pps_gc_share_generation,sender,0,true,32,2,recipient_bits=16;location_bytes=32,9037,68,measured,ok,unavailable,rustc,nightly-2021-05-06,Release,JerryZ
1787147278033853973,PPS-GC,sender_signaling,pps_gc_sender_preparation,sender,0,true,32,2,recipient_bits=16;location_bytes=32,110,68,measured,ok,unavailable,rustc,nightly-2021-05-06,Release,JerryZ
1787147278035172331,PPS-GC,sender_signaling,pps_gc_share_generation,sender,0,true,32,2,recipient_bits=16;location_bytes=32,9000,68,measured,ok,unavailable,rustc,nightly-2021-05-06,Release,JerryZ
1787147278036329349,PPS-GC,sender_signaling,pps_gc_sender_preparation,sender,0,true,32,2,recipient_bits=16;location_bytes=32,28,68,measured,ok,unavailable,rustc,nightly-2021-05-06,Release,JerryZ
1787147278037459045,PPS-GC,sender_signaling,pps_gc_share_generation,sender,0,true,32,2,recipient_bits=16;location_bytes=32,8991,68,measured,ok,unavailable,rustc,nightly-2021-05-06,Release,JerryZ
1787147278038762102,PPS-GC,sender_signaling,pps_gc_sender_preparation,sender,0,true,32,2,recipient_bits=16;location_bytes=32,27,68,measured,ok,unavailable,rustc,nightly-2021-05-06,Release,JerryZ
1787147278040292136,PPS-GC,sender_signaling,pps_gc_share_generation,sender,0,true,32,2,recipient_bits=16;location_bytes=32,8955,68,measured,ok,unavailable,rustc,nightly-2021-05-06,Release,JerryZ
1787147278041434000,PPS-GC,sender_signaling,pps_gc_sender_preparation,sender,0,true,32,2,recipient_bits=16;location_bytes=32,28,68,measured,ok,unavailable,rustc,nightly-2021-05-06,Release,JerryZ
1787147278042711848,PPS-GC,sender_signaling,pps_gc_share_generation,sender,0,true,32,2,recipient_bits=16;location_bytes=32,8963,68,measured,ok,unavailable,rustc,nightly-2021-05-06,Release,JerryZ
1787147278043841874,PPS-GC,sender_signaling,pps_gc_sender_preparation,sender,0,true,32,2,recipient_bits=16;location_bytes=32,27,68,measured,ok,unavailable,rustc,nightly-2021-05-06,Release,JerryZ
1787147278045501161,PPS-GC,sender_signaling,pps_gc_share_generation,sender,0,true,32,2,recipient_bits=16;location_bytes=32,9119,68,measured,ok,unavailable,rustc,nightly-2021-05-06,Release,JerryZ
1787147278047257474,PPS-GC,sender_signaling,pps_gc_sender_preparation,sender,0,true,32,2,recipient_bits=16;location_bytes=32,27,68,measured,ok,unavailable,rustc,nightly-2021-05-06,Release,JerryZ
1787147278048752242,PPS-GC,sender_signaling,pps_gc_share_generation,sender,0,true,32,2,recipient_bits=16;location_bytes=32,8954,68,measured,ok,unavailable,rustc,nightly-2021-05-06,Release,JerryZ
1787147278050993706,PPS-GC,sender_signaling,pps_gc_sender_preparation,sender,0,true,32,2,recipient_bits=16;location_bytes=32,28,68,measured,ok,unavailable,rustc,nightly-2021-05-06,Release,JerryZ
1787147278052702833,PPS-GC,sender_signaling,pps_gc_share_generation,sender,0,true,32,2,recipient_bits=16;location_bytes=32,8991,68,measured,ok,unavailable,rustc,nightly-2021-05-06,Release,JerryZ
1787147278054618677,PPS-GC,sender_signaling,pps_gc_sender_preparation,sender,0,true,32,2,recipient_bits=16;location_bytes=32,28,68,measured,ok,unavailable,rustc,nightly-2021-05-06,Release,JerryZ
1787147278056007833,PPS-GC,sender_signaling,pps_gc_share_generation,sender,0,true,32,2,recipient_bits=16;location_bytes=32,8945,68,measured,ok,unavailable,rustc,nightly-2021-05-06,Release,JerryZ
1787147278057526571,PPS-GC,sender_signaling,pps_gc_sender_preparation,sender,0,true,32,2,recipient_bits=16;location_bytes=32,28,68,measured,ok,unavailable,rustc,nightly-2021-05-06,Release,JerryZ
1787147278058724410,PPS-GC,sender_signaling,pps_gc_share_generation,sender,0,true,32,2,recipient_bits=16;location_bytes=32,8991,68,measured,ok,unavailable,rustc,nightly-2021-05-06,Release,JerryZ
1787147278059833313,PPS-GC,sender_signaling,pps_gc_sender_preparation,sender,0,true,32,2,recipient_bits=16;location_bytes=32,28,68,measured,ok,unavailable,rustc,nightly-2021-05-06,Release,JerryZ
1787147278061050419,PPS-GC,sender_signaling,pps_gc_share_generation,sender,0,true,32,2,recipient_bits=16;location_bytes=32,8954,68,measured,ok,unavailable,rustc,nightly-2021-05-06,Release,JerryZ
1787147278062593361,PPS-GC,sender_signaling,pps_gc_sender_preparation,sender,0,true,32,2,recipient_bits=16;location_bytes=32,28,68,measured,ok,unavailable,rustc,nightly-2021-05-06,Release,JerryZ
1787147278064358743,PPS-GC,sender_signaling,pps_gc_share_generation,sender,0,true,32,2,recipient_bits=16;location_bytes=32,8954,68,measured,ok,unavailable,rustc,nightly-2021-05-06,Release,JerryZ
1787147278066027971,PPS-GC,sender_signaling,pps_gc_sender_preparation,sender,0,true,32,2,recipient_bits=16;location_bytes=32,27,68,measured,ok,unavailable,rustc,nightly-2021-05-06,Release,JerryZ
1787147278067266086,PPS-GC,sender_signaling,pps_gc_share_generation,sender,0,true,32,2,recipient_bits=16;location_bytes=32,8963,68,measured,ok,unavailable,rustc,nightly-2021-05-06,Release,JerryZ
1787147278068405048,PPS-GC,sender_signaling,pps_gc_sender_preparation,sender,0,true,32,2,recipient_bits=16;location_bytes=32,28,68,measured,ok,unavailable,rustc,nightly-2021-05-06,Release,JerryZ
1787147278069754111,PPS-GC,sender_signaling,pps_gc_share_generation,sender,0,true,32,2,recipient_bits=16;location_bytes=32,8945,68,measured,ok,unavailable,rustc,nightly-2021-05-06,Release,JerryZ
1787147278070929730,PPS-GC,sender_signaling,pps_gc_sender_preparation,sender,0,true,32,2,recipient_bits=16;location_bytes=32,28,68,measured,ok,unavailable,rustc,nightly-2021-05-06,Release,JerryZ
1787147278072343323,PPS-GC,sender_signaling,pps_gc_share_generation,sender,0,true,32,2,recipient_bits=16;location_bytes=32,8954,68,measured,ok,unavailable,rustc,nightly-2021-05-06,Release,JerryZ
1787147278073456846,PPS-GC,sender_signaling,pps_gc_sender_preparation,sender,0,true,32,2,recipient_bits=16;location_bytes=32,27,68,measured,ok,unavailable,rustc,nightly-2021-05-06,Release,JerryZ
1787147278074628961,PPS-GC,sender_signaling,pps_gc_share_generation,sender,0,true,32,2,recipient_bits=16;location_bytes=32,8955,68,measured,ok,unavailable,rustc,nightly-2021-05-06,Release,JerryZ
1787147278075813157,PPS-GC,sender_signaling,pps_gc_sender_preparation,sender,0,true,32,2,recipient_bits=16;location_bytes=32,28,68,measured,ok,unavailable,rustc,nightly-2021-05-06,Release,JerryZ
1787147278077391227,PPS-GC,sender_signaling,pps_gc_share_generation,sender,0,true,32,2,recipient_bits=16;location_bytes=32,9313,68,measured,ok,unavailable,rustc,nightly-2021-05-06,Release,JerryZ
1787147278079390406,PPS-GC,sender_signaling,pps_gc_sender_preparation,sender,0,true,32,2,recipient_bits=16;location_bytes=32,28,68,measured,ok,unavailable,rustc,nightly-2021-05-06,Release,JerryZ
1787147278080892623,PPS-GC,sender_signaling,pps_gc_share_generation,sender,0,true,32,2,recipient_bits=16;location_bytes=32,9009,68,measured,ok,unavailable,rustc,nightly-2021-05-06,Release,JerryZ
1787147278082556374,PPS-GC,sender_signaling,pps_gc_sender_preparation,sender,0,true,32,2,recipient_bits=16;location_bytes=32,27,68,measured,ok,unavailable,rustc,nightly-2021-05-06,Release,JerryZ
1787147278084431690,PPS-GC,sender_signaling,pps_gc_share_generation,sender,0,true,32,2,recipient_bits=16;location_bytes=32,8899,68,measured,ok,unavailable,rustc,nightly-2021-05-06,Release,JerryZ
1787147278085626461,PPS-GC,sender_signaling,pps_gc_sender_preparation,sender,0,true,32,2,recipient_bits=16;location_bytes=32,27,68,measured,ok,unavailable,rustc,nightly-2021-05-06,Release,JerryZ
1787147278086815897,PPS-GC,sender_signaling,pps_gc_share_generation,sender,0,true,32,2,recipient_bits=16;location_bytes=32,8890,68,measured,ok,unavailable,rustc,nightly-2021-05-06,Release,JerryZ
1787147278088358004,PPS-GC,sender_signaling,pps_gc_sender_preparation,sender,0,true,32,2,recipient_bits=16;location_bytes=32,28,68,measured,ok,unavailable,rustc,nightly-2021-05-06,Release,JerryZ
1787147278089734747,PPS-GC,sender_signaling,pps_gc_share_generation,sender,0,true,32,2,recipient_bits=16;location_bytes=32,22307,68,measured,ok,unavailable,rustc,nightly-2021-05-06,Release,JerryZ
1787147278091030296,PPS-GC,sender_signaling,pps_gc_sender_preparation,sender,0,true,32,2,recipient_bits=16;location_bytes=32,65,68,measured,ok,unavailable,rustc,nightly-2021-05-06,Release,JerryZ
1787147278092455714,PPS-GC,sender_signaling,pps_gc_share_generation,sender,0,true,32,2,recipient_bits=16;location_bytes=32,20223,68,measured,ok,unavailable,rustc,nightly-2021-05-06,Release,JerryZ
1787147278094243146,PPS-GC,sender_signaling,pps_gc_sender_preparation,sender,0,true,32,2,recipient_bits=16;location_bytes=32,64,68,measured,ok,unavailable,rustc,nightly-2021-05-06,Release,JerryZ
1787147278095666460,PPS-GC,sender_signaling,pps_gc_share_generation,sender,0,true,32,2,recipient_bits=16;location_bytes=32,8954,68,measured,ok,unavailable,rustc,nightly-2021-05-06,Release,JerryZ
1787147278097111223,PPS-GC,sender_signaling,pps_gc_sender_preparation,sender,0,true,32,2,recipient_bits=16;location_bytes=32,27,68,measured,ok,unavailable,rustc,nightly-2021-05-06,Release,JerryZ
1787147278098351555,PPS-GC,sender_signaling,pps_gc_share_generation,sender,0,true,32,2,recipient_bits=16;location_bytes=32,8918,68,measured,ok,unavailable,rustc,nightly-2021-05-06,Release,JerryZ
1787147278099514060,PPS-GC,sender_signaling,pps_gc_sender_preparation,sender,0,true,32,2,recipient_bits=16;location_bytes=32,28,68,measured,ok,unavailable,rustc,nightly-2021-05-06,Release,JerryZ
1787147278100749809,PPS-GC,sender_signaling,pps_gc_share_generation,sender,0,true,32,2,recipient_bits=16;location_bytes=32,8900,68,measured,ok,unavailable,rustc,nightly-2021-05-06,Release,JerryZ
1787147278101926484,PPS-GC,sender_signaling,pps_gc_sender_preparation,sender,0,true,32,2,recipient_bits=16;location_bytes=32,28,68,measured,ok,unavailable,rustc,nightly-2021-05-06,Release,JerryZ
1787147278103306097,PPS-GC,sender_signaling,pps_gc_share_generation,sender,0,true,32,2,recipient_bits=16;location_bytes=32,8954,68,measured,ok,unavailable,rustc,nightly-2021-05-06,Release,JerryZ
1787147278104390921,PPS-GC,sender_signaling,pps_gc_sender_preparation,sender,0,true,32,2,recipient_bits=16;location_bytes=32,27,68,measured,ok,unavailable,rustc,nightly-2021-05-06,Release,JerryZ
1787147278105595510,PPS-GC,sender_signaling,pps_gc_share_generation,sender,0,true,32,2,recipient_bits=16;location_bytes=32,20167,68,measured,ok,unavailable,rustc,nightly-2021-05-06,Release,JerryZ
1787147278106959511,PPS-GC,sender_signaling,pps_gc_sender_preparation,sender,0,true,32,2,recipient_bits=16;location_bytes=32,64,68,measured,ok,unavailable,rustc,nightly-2021-05-06,Release,JerryZ
1787147278109406939,PPS-GC,sender_signaling,pps_gc_share_generation,sender,0,true,32,2,recipient_bits=16;location_bytes=32,22528,68,measured,ok,unavailable,rustc,nightly-2021-05-06,Release,JerryZ
1787147278111015045,PPS-GC,sender_signaling,pps_gc_sender_preparation,sender,0,true,32,2,recipient_bits=16;location_bytes=32,74,68,measured,ok,unavailable,rustc,nightly-2021-05-06,Release,JerryZ
1787147278112253145,PPS-GC,sender_signaling,pps_gc_share_generation,sender,0,true,32,2,recipient_bits=16;location_bytes=32,8890,68,measured,ok,unavailable,rustc,nightly-2021-05-06,Release,JerryZ
1787147278113945856,PPS-GC,sender_signaling,pps_gc_sender_preparation,sender,0,true,32,2,recipient_bits=16;location_bytes=32,28,68,measured,ok,unavailable,rustc,nightly-2021-05-06,Release,JerryZ
1787147278115304112,PPS-GC,sender_signaling,pps_gc_share_generation,sender,0,true,32,2,recipient_bits=16;location_bytes=32,8908,68,measured,ok,unavailable,rustc,nightly-2021-05-06,Release,JerryZ
1787147278116456556,PPS-GC,sender_signaling,pps_gc_sender_preparation,sender,0,true,32,2,recipient_bits=16;location_bytes=32,28,68,measured,ok,unavailable,rustc,nightly-2021-05-06,Release,JerryZ
1787147278117641611,PPS-GC,sender_signaling,pps_gc_share_generation,sender,0,true,32,2,recipient_bits=16;location_bytes=32,8964,68,measured,ok,unavailable,rustc,nightly-2021-05-06,Release,JerryZ
1787147278118864118,PPS-GC,sender_signaling,pps_gc_sender_preparation,sender,0,true,32,2,recipient_bits=16;location_bytes=32,37,68,measured,ok,unavailable,rustc,nightly-2021-05-06,Release,JerryZ
1787147278120045715,PPS-GC,sender_signaling,pps_gc_share_generation,sender,0,true,32,2,recipient_bits=16;location_bytes=32,20029,68,measured,ok,unavailable,rustc,nightly-2021-05-06,Release,JerryZ
1787147278121568434,PPS-GC,sender_signaling,pps_gc_sender_preparation,sender,0,true,32,2,recipient_bits=16;location_bytes=32,74,68,measured,ok,unavailable,rustc,nightly-2021-05-06,Release,JerryZ
1787147278123308786,PPS-GC,sender_signaling,pps_gc_share_generation,sender,0,true,32,2,recipient_bits=16;location_bytes=32,9138,68,measured,ok,unavailable,rustc,nightly-2021-05-06,Release,JerryZ
1787147278124991900,PPS-GC,sender_signaling,pps_gc_sender_preparation,sender,0,true,32,2,recipient_bits=16;location_bytes=32,27,68,measured,ok,unavailable,rustc,nightly-2021-05-06,Release,JerryZ
1787147278126433555,PPS-GC,sender_signaling,pps_gc_share_generation,sender,0,true,32,2,recipient_bits=16;location_bytes=32,9019,68,measured,ok,unavailable,rustc,nightly-2021-05-06,Release,JerryZ
1787147278127752060,PPS-GC,sender_signaling,pps_gc_sender_preparation,sender,0,true,32,2,recipient_bits=16;location_bytes=32,28,68,measured,ok,unavailable,rustc,nightly-2021-05-06,Release,JerryZ
1787147278129003422,PPS-GC,sender_signaling,pps_gc_share_generation,sender,0,true,32,2,recipient_bits=16;location_bytes=32,8890,68,measured,ok,unavailable,rustc,nightly-2021-05-06,Release,JerryZ
1787147278130466158,PPS-GC,sender_signaling,pps_gc_sender_preparation,sender,0,true,32,2,recipient_bits=16;location_bytes=32,27,68,measured,ok,unavailable,rustc,nightly-2021-05-06,Release,JerryZ
1787147278131804398,PPS-GC,sender_signaling,pps_gc_share_generation,sender,0,true,32,2,recipient_bits=16;location_bytes=32,20021,68,measured,ok,unavailable,rustc,nightly-2021-05-06,Release,JerryZ
1787147278133430968,PPS-GC,sender_signaling,pps_gc_sender_preparation,sender,0,true,32,2,recipient_bits=16;location_bytes=32,64,68,measured,ok,unavailable,rustc,nightly-2021-05-06,Release,JerryZ
1787147278134679924,PPS-GC,sender_signaling,pps_gc_share_generation,sender,0,true,32,2,recipient_bits=16;location_bytes=32,8954,68,measured,ok,unavailable,rustc,nightly-2021-05-06,Release,JerryZ
1787147278135974876,PPS-GC,sender_signaling,pps_gc_sender_preparation,sender,0,true,32,2,recipient_bits=16;location_bytes=32,28,68,measured,ok,unavailable,rustc,nightly-2021-05-06,Release,JerryZ
1787147278137218056,PPS-GC,sender_signaling,pps_gc_share_generation,sender,0,true,32,2,recipient_bits=16;location_bytes=32,8982,68,measured,ok,unavailable,rustc,nightly-2021-05-06,Release,JerryZ
1787147278138782088,PPS-GC,sender_signaling,pps_gc_sender_preparation,sender,0,true,32,2,recipient_bits=16;location_bytes=32,37,68,measured,ok,unavailable,rustc,nightly-2021-05-06,Release,JerryZ
1787147278140542460,PPS-GC,sender_signaling,pps_gc_share_generation,sender,0,true,32,2,recipient_bits=16;location_bytes=32,9027,68,measured,ok,unavailable,rustc,nightly-2021-05-06,Release,JerryZ
1787147278141994244,PPS-GC,sender_signaling,pps_gc_sender_preparation,sender,0,true,32,2,recipient_bits=16;location_bytes=32,27,68,measured,ok,unavailable,rustc,nightly-2021-05-06,Release,JerryZ
1787147278143239591,PPS-GC,sender_signaling,pps_gc_share_generation,sender,0,true,32,2,recipient_bits=16;location_bytes=32,8972,68,measured,ok,unavailable,rustc,nightly-2021-05-06,Release,JerryZ
1787147278144645543,PPS-GC,sender_signaling,pps_gc_sender_preparation,sender,0,true,32,2,recipient_bits=16;location_bytes=32,27,68,measured,ok,unavailable,rustc,nightly-2021-05-06,Release,JerryZ
1787147278146031957,PPS-GC,sender_signaling,pps_gc_share_generation,sender,0,true,32,2,recipient_bits=16;location_bytes=32,8973,68,measured,ok,unavailable,rustc,nightly-2021-05-06,Release,JerryZ
1787147278147181067,PPS-GC,sender_signaling,pps_gc_sender_preparation,sender,0,true,32,2,recipient_bits=16;location_bytes=32,28,68,measured,ok,unavailable,rustc,nightly-2021-05-06,Release,JerryZ
1787147278148408624,PPS-GC,sender_signaling,pps_gc_share_generation,sender,0,true,32,2,recipient_bits=16;location_bytes=32,8964,68,measured,ok,unavailable,rustc,nightly-2021-05-06,Release,JerryZ
1787147278149623720,PPS-GC,sender_signaling,pps_gc_sender_preparation,sender,0,true,32,2,recipient_bits=16;location_bytes=32,28,68,measured,ok,unavailable,rustc,nightly-2021-05-06,Release,JerryZ
1787147278150825829,PPS-GC,sender_signaling,pps_gc_share_generation,sender,0,true,32,2,recipient_bits=16;location_bytes=32,8963,68,measured,ok,unavailable,rustc,nightly-2021-05-06,Release,JerryZ
1787147278152250351,PPS-GC,sender_signaling,pps_gc_sender_preparation,sender,0,true,32,2,recipient_bits=16;location_bytes=32,27,68,measured,ok,unavailable,rustc,nightly-2021-05-06,Release,JerryZ
1787147278153955180,PPS-GC,sender_signaling,pps_gc_share_generation,sender,0,true,32,2,recipient_bits=16;location_bytes=32,8963,68,measured,ok,unavailable,rustc,nightly-2021-05-06,Release,JerryZ
1787147278155663140,PPS-GC,sender_signaling,pps_gc_sender_preparation,sender,0,true,32,2,recipient_bits=16;location_bytes=32,27,68,measured,ok,unavailable,rustc,nightly-2021-05-06,Release,JerryZ
1787147278157385216,PPS-GC,sender_signaling,pps_gc_share_generation,sender,0,true,32,2,recipient_bits=16;location_bytes=32,8981,68,measured,ok,unavailable,rustc,nightly-2021-05-06,Release,JerryZ
1787147278158740754,PPS-GC,sender_signaling,pps_gc_sender_preparation,sender,0,true,32,2,recipient_bits=16;location_bytes=32,27,68,measured,ok,unavailable,rustc,nightly-2021-05-06,Release,JerryZ
1787147278160249358,PPS-GC,sender_signaling,pps_gc_share_generation,sender,0,true,32,2,recipient_bits=16;location_bytes=32,8955,68,measured,ok,unavailable,rustc,nightly-2021-05-06,Release,JerryZ
1787147278161678825,PPS-GC,sender_signaling,pps_gc_sender_preparation,sender,0,true,32,2,recipient_bits=16;location_bytes=32,28,68,measured,ok,unavailable,rustc,nightly-2021-05-06,Release,JerryZ
1787147278162928539,PPS-GC,sender_signaling,pps_gc_share_generation,sender,0,true,32,2,recipient_bits=16;location_bytes=32,8954,68,measured,ok,unavailable,rustc,nightly-2021-05-06,Release,JerryZ
1787147278164129964,PPS-GC,sender_signaling,pps_gc_sender_preparation,sender,0,true,32,2,recipient_bits=16;location_bytes=32,27,68,measured,ok,unavailable,rustc,nightly-2021-05-06,Release,JerryZ
1787147278165660343,PPS-GC,sender_signaling,pps_gc_share_generation,sender,0,true,32,2,recipient_bits=16;location_bytes=32,8991,68,measured,ok,unavailable,rustc,nightly-2021-05-06,Release,JerryZ
1787147278166846711,PPS-GC,sender_signaling,pps_gc_sender_preparation,sender,0,true,32,2,recipient_bits=16;location_bytes=32,37,68,measured,ok,unavailable,rustc,nightly-2021-05-06,Release,JerryZ
1787147278168299795,PPS-GC,sender_signaling,pps_gc_share_generation,sender,0,true,32,2,recipient_bits=16;location_bytes=32,20168,68,measured,ok,unavailable,rustc,nightly-2021-05-06,Release,JerryZ
1787147278169712832,PPS-GC,sender_signaling,pps_gc_sender_preparation,sender,0,true,32,2,recipient_bits=16;location_bytes=32,64,68,measured,ok,unavailable,rustc,nightly-2021-05-06,Release,JerryZ
1787147278171470207,PPS-GC,sender_signaling,pps_gc_share_generation,sender,0,true,32,2,recipient_bits=16;location_bytes=32,20177,68,measured,ok,unavailable,rustc,nightly-2021-05-06,Release,JerryZ
1787147278172796582,PPS-GC,sender_signaling,pps_gc_sender_preparation,sender,0,true,32,2,recipient_bits=16;location_bytes=32,73,68,measured,ok,unavailable,rustc,nightly-2021-05-06,Release,JerryZ
1787147278173896780,PPS-GC,sender_signaling,pps_gc_share_generation,sender,0,true,32,2,recipient_bits=16;location_bytes=32,8964,68,measured,ok,unavailable,rustc,nightly-2021-05-06,Release,JerryZ
1787147278175281692,PPS-GC,sender_signaling,pps_gc_sender_preparation,sender,0,true,32,2,recipient_bits=16;location_bytes=32,28,68,measured,ok,unavailable,rustc,nightly-2021-05-06,Release,JerryZ
1787147278176521106,PPS-GC,sender_signaling,pps_gc_share_generation,sender,0,true,32,2,recipient_bits=16;location_bytes=32,8945,68,measured,ok,unavailable,rustc,nightly-2021-05-06,Release,JerryZ
1787147278177598408,PPS-GC,sender_signaling,pps_gc_sender_preparation,sender,0,true,32,2,recipient_bits=16;location_bytes=32,27,68,measured,ok,unavailable,rustc,nightly-2021-05-06,Release,JerryZ
1787147278178733301,PPS-GC,sender_signaling,pps_gc_share_generation,sender,0,true,32,2,recipient_bits=16;location_bytes=32,8918,68,measured,ok,unavailable,rustc,nightly-2021-05-06,Release,JerryZ
1787147278179809680,PPS-GC,sender_signaling,pps_gc_sender_preparation,sender,0,true,32,2,recipient_bits=16;location_bytes=32,28,68,measured,ok,unavailable,rustc,nightly-2021-05-06,Release,JerryZ
1787147278180936230,PPS-GC,sender_signaling,pps_gc_share_generation,sender,0,true,32,2,recipient_bits=16;location_bytes=32,8963,68,measured,ok,unavailable,rustc,nightly-2021-05-06,Release,JerryZ
1787147278182377076,PPS-GC,sender_signaling,pps_gc_sender_preparation,sender,0,true,32,2,recipient_bits=16;location_bytes=32,27,68,measured,ok,unavailable,rustc,nightly-2021-05-06,Release,JerryZ
1787147278183622423,PPS-GC,sender_signaling,pps_gc_share_generation,sender,0,true,32,2,recipient_bits=16;location_bytes=32,9065,68,measured,ok,unavailable,rustc,nightly-2021-05-06,Release,JerryZ
1787147278184893167,PPS-GC,sender_signaling,pps_gc_sender_preparation,sender,0,true,32,2,recipient_bits=16;location_bytes=32,37,68,measured,ok,unavailable,rustc,nightly-2021-05-06,Release,JerryZ
1787147278186242235,PPS-GC,sender_signaling,pps_gc_share_generation,sender,0,true,32,2,recipient_bits=16;location_bytes=32,8973,68,measured,ok,unavailable,rustc,nightly-2021-05-06,Release,JerryZ
1787147278187470344,PPS-GC,sender_signaling,pps_gc_sender_preparation,sender,0,true,32,2,recipient_bits=16;location_bytes=32,28,68,measured,ok,unavailable,rustc,nightly-2021-05-06,Release,JerryZ
1787147278188770642,PPS-GC,sender_signaling,pps_gc_share_generation,sender,0,true,32,2,recipient_bits=16;location_bytes=32,8982,68,measured,ok,unavailable,rustc,nightly-2021-05-06,Release,JerryZ
1787147278189900291,PPS-GC,sender_signaling,pps_gc_sender_preparation,sender,0,true,32,2,recipient_bits=16;location_bytes=32,37,68,measured,ok,unavailable,rustc,nightly-2021-05-06,Release,JerryZ
1787147278191264581,PPS-GC,sender_signaling,pps_gc_share_generation,sender,0,true,32,2,recipient_bits=16;location_bytes=32,8963,68,measured,ok,unavailable,rustc,nightly-2021-05-06,Release,JerryZ
1787147278192340928,PPS-GC,sender_signaling,pps_gc_sender_preparation,sender,0,true,32,2,recipient_bits=16;location_bytes=32,27,68,measured,ok,unavailable,rustc,nightly-2021-05-06,Release,JerryZ
1787147278193831040,PPS-GC,sender_signaling,pps_gc_share_generation,sender,0,true,32,2,recipient_bits=16;location_bytes=32,8964,68,measured,ok,unavailable,rustc,nightly-2021-05-06,Release,JerryZ
1787147278194959450,PPS-GC,sender_signaling,pps_gc_sender_preparation,sender,0,true,32,2,recipient_bits=16;location_bytes=32,37,68,measured,ok,unavailable,rustc,nightly-2021-05-06,Release,JerryZ
1787147278196124581,PPS-GC,sender_signaling,pps_gc_share_generation,sender,0,true,32,2,recipient_bits=16;location_bytes=32,8982,68,measured,ok,unavailable,rustc,nightly-2021-05-06,Release,JerryZ
1787147278197314090,PPS-GC,sender_signaling,pps_gc_sender_preparation,sender,0,true,32,2,recipient_bits=16;location_bytes=32,27,68,measured,ok,unavailable,rustc,nightly-2021-05-06,Release,JerryZ
1787147278199028870,PPS-GC,sender_signaling,pps_gc_share_generation,sender,0,true,32,2,recipient_bits=16;location_bytes=32,20130,68,measured,ok,unavailable,rustc,nightly-2021-05-06,Release,JerryZ
1787147278200643284,PPS-GC,sender_signaling,pps_gc_sender_preparation,sender,0,true,32,2,recipient_bits=16;location_bytes=32,64,68,measured,ok,unavailable,rustc,nightly-2021-05-06,Release,JerryZ
1787147278201866779,PPS-GC,sender_signaling,pps_gc_share_generation,sender,0,true,32,2,recipient_bits=16;location_bytes=32,8945,68,measured,ok,unavailable,rustc,nightly-2021-05-06,Release,JerryZ
1787147278203455051,PPS-GC,sender_signaling,pps_gc_sender_preparation,sender,0,true,32,2,recipient_bits=16;location_bytes=32,27,68,measured,ok,unavailable,rustc,nightly-2021-05-06,Release,JerryZ
1787147278204518761,PPS-GC,sender_signaling,pps_gc_share_generation,sender,0,true,32,2,recipient_bits=16;location_bytes=32,8973,68,measured,ok,unavailable,rustc,nightly-2021-05-06,Release,JerryZ
1787147278205620024,PPS-GC,sender_signaling,pps_gc_sender_preparation,sender,0,true,32,2,recipient_bits=16;location_bytes=32,37,68,measured,ok,unavailable,rustc,nightly-2021-05-06,Release,JerryZ
1787147278206814768,PPS-GC,sender_signaling,pps_gc_share_generation,sender,0,true,32,2,recipient_bits=16;location_bytes=32,20213,68,measured,ok,unavailable,rustc,nightly-2021-05-06,Release,JerryZ
1787147278208273673,PPS-GC,sender_signaling,pps_gc_sender_preparation,sender,0,true,32,2,recipient_bits=16;location_bytes=32,156,68,measured,ok,unavailable,rustc,nightly-2021-05-06,Release,JerryZ
1787147278209410073,PPS-GC,sender_signaling,pps_gc_share_generation,sender,0,true,32,2,recipient_bits=16;location_bytes=32,8917,68,measured,ok,unavailable,rustc,nightly-2021-05-06,Release,JerryZ
1787147278210912698,PPS-GC,sender_signaling,pps_gc_sender_preparation,sender,0,true,32,2,recipient_bits=16;location_bytes=32,27,68,measured,ok,unavailable,rustc,nightly-2021-05-06,Release,JerryZ
1787147278212169267,PPS-GC,sender_signaling,pps_gc_share_generation,sender,0,true,32,2,recipient_bits=16;location_bytes=32,20085,68,measured,ok,unavailable,rustc,nightly-2021-05-06,Release,JerryZ
1787147278213384684,PPS-GC,sender_signaling,pps_gc_sender_preparation,sender,0,true,32,2,recipient_bits=16;location_bytes=32,64,68,measured,ok,unavailable,rustc,nightly-2021-05-06,Release,JerryZ
1787147278214622138,PPS-GC,sender_signaling,pps_gc_share_generation,sender,0,false,32,2,recipient_bits=16;location_bytes=32,8899,68,measured,ok,unavailable,rustc,nightly-2021-05-06,Release,JerryZ
1787147278215898002,PPS-GC,sender_signaling,pps_gc_sender_preparation,sender,0,false,32,2,recipient_bits=16;location_bytes=32,27,68,measured,ok,unavailable,rustc,nightly-2021-05-06,Release,JerryZ
1787147278217973513,PPS-GC,sender_signaling,message_encryption,sender,0,false,32,2,recipient_bits=16;location_bytes=32,-1,,not_applicable,not_applicable,unavailable,rustc,nightly-2021-05-06,Release,JerryZ
1787147278219222509,PPS-GC,sender_signaling,pps_gc_sender_total_signaling,sender,0,false,32,2,recipient_bits=16;location_bytes=32,10864,68,measured,ok,unavailable,rustc,nightly-2021-05-06,Release,JerryZ
1787147278220266180,PPS-GC,sender_signaling,pps_gc_share_generation,sender,1,false,32,2,recipient_bits=16;location_bytes=32,9542,68,measured,ok,unavailable,rustc,nightly-2021-05-06,Release,JerryZ
1787147278221354241,PPS-GC,sender_signaling,pps_gc_sender_preparation,sender,1,false,32,2,recipient_bits=16;location_bytes=32,147,68,measured,ok,unavailable,rustc,nightly-2021-05-06,Release,JerryZ
1787147278222984511,PPS-GC,sender_signaling,message_encryption,sender,1,false,32,2,recipient_bits=16;location_bytes=32,-1,,not_applicable,not_applicable,unavailable,rustc,nightly-2021-05-06,Release,JerryZ
1787147278224071452,PPS-GC,sender_signaling,pps_gc_sender_total_signaling,sender,1,false,32,2,recipient_bits=16;location_bytes=32,10295,68,measured,ok,unavailable,rustc,nightly-2021-05-06,Release,JerryZ
1787147278225195651,PPS-GC,sender_signaling,pps_gc_share_generation,sender,2,false,32,2,recipient_bits=16;location_bytes=32,9744,68,measured,ok,unavailable,rustc,nightly-2021-05-06,Release,JerryZ
1787147278226765882,PPS-GC,sender_signaling,pps_gc_sender_preparation,sender,2,false,32,2,recipient_bits=16;location_bytes=32,147,68,measured,ok,unavailable,rustc,nightly-2021-05-06,Release,JerryZ
1787147278227835754,PPS-GC,sender_signaling,message_encryption,sender,2,false,32,2,recipient_bits=16;location_bytes=32,-1,,not_applicable,not_applicable,unavailable,rustc,nightly-2021-05-06,Release,JerryZ
1787147278228917102,PPS-GC,sender_signaling,pps_gc_sender_total_signaling,sender,2,false,32,2,recipient_bits=16;location_bytes=32,21609,68,measured,ok,unavailable,rustc,nightly-2021-05-06,Release,JerryZ
1787147278230388784,PPS-GC,sender_signaling,pps_gc_share_generation,sender,3,false,32,2,recipient_bits=16;location_bytes=32,24328,68,measured,ok,unavailable,rustc,nightly-2021-05-06,Release,JerryZ
1787147278232199303,PPS-GC,sender_signaling,pps_gc_sender_preparation,sender,3,false,32,2,recipient_bits=16;location_bytes=32,285,68,measured,ok,unavailable,rustc,nightly-2021-05-06,Release,JerryZ
1787147278233450164,PPS-GC,sender_signaling,message_encryption,sender,3,false,32,2,recipient_bits=16;location_bytes=32,-1,,not_applicable,not_applicable,unavailable,rustc,nightly-2021-05-06,Release,JerryZ
1787147278235077840,PPS-GC,sender_signaling,pps_gc_sender_total_signaling,sender,3,false,32,2,recipient_bits=16;location_bytes=32,12434,68,measured,ok,unavailable,rustc,nightly-2021-05-06,Release,JerryZ
1787147278236304709,PPS-GC,sender_signaling,pps_gc_share_generation,sender,4,false,32,2,recipient_bits=16;location_bytes=32,9909,68,measured,ok,unavailable,rustc,nightly-2021-05-06,Release,JerryZ
1787147278237436682,PPS-GC,sender_signaling,pps_gc_sender_preparation,sender,4,false,32,2,recipient_bits=16;location_bytes=32,239,68,measured,ok,unavailable,rustc,nightly-2021-05-06,Release,JerryZ
1787147278239091110,PPS-GC,sender_signaling,message_encryption,sender,4,false,32,2,recipient_bits=16;location_bytes=32,-1,,not_applicable,not_applicable,unavailable,rustc,nightly-2021-05-06,Release,JerryZ
1787147278240157754,PPS-GC,sender_signaling,pps_gc_sender_total_signaling,sender,4,false,32,2,recipient_bits=16;location_bytes=32,10488,68,measured,ok,unavailable,rustc,nightly-2021-05-06,Release,JerryZ
1787147278241445530,PPS-GC,sender_signaling,pps_gc_share_generation,sender,5,false,32,2,recipient_bits=16;location_bytes=32,11296,68,measured,ok,unavailable,rustc,nightly-2021-05-06,Release,JerryZ
1787147278242874469,PPS-GC,sender_signaling,pps_gc_sender_preparation,sender,5,false,32,2,recipient_bits=16;location_bytes=32,367,68,measured,ok,unavailable,rustc,nightly-2021-05-06,Release,JerryZ
1787147278244038567,PPS-GC,sender_signaling,message_encryption,sender,5,false,32,2,recipient_bits=16;location_bytes=32,-1,,not_applicable,not_applicable,unavailable,rustc,nightly-2021-05-06,Release,JerryZ
1787147278245483826,PPS-GC,sender_signaling,pps_gc_sender_total_signaling,sender,5,false,32,2,recipient_bits=16;location_bytes=32,13601,68,measured,ok,unavailable,rustc,nightly-2021-05-06,Release,JerryZ
1787147278246990891,PPS-GC,sender_signaling,pps_gc_share_generation,sender,6,false,32,2,recipient_bits=16;location_bytes=32,10598,68,measured,ok,unavailable,rustc,nightly-2021-05-06,Release,JerryZ
1787147278248323902,PPS-GC,sender_signaling,pps_gc_sender_preparation,sender,6,false,32,2,recipient_bits=16;location_bytes=32,478,68,measured,ok,unavailable,rustc,nightly-2021-05-06,Release,JerryZ
1787147278249401879,PPS-GC,sender_signaling,message_encryption,sender,6,false,32,2,recipient_bits=16;location_bytes=32,-1,,not_applicable,not_applicable,unavailable,rustc,nightly-2021-05-06,Release,JerryZ
1787147278250504450,PPS-GC,sender_signaling,pps_gc_sender_total_signaling,sender,6,false,32,2,recipient_bits=16;location_bytes=32,9735,68,measured,ok,unavailable,rustc,nightly-2021-05-06,Release,JerryZ
1787147278251655534,PPS-GC,sender_signaling,pps_gc_share_generation,sender,7,false,32,2,recipient_bits=16;location_bytes=32,9992,68,measured,ok,unavailable,rustc,nightly-2021-05-06,Release,JerryZ
1787147278253148397,PPS-GC,sender_signaling,pps_gc_sender_preparation,sender,7,false,32,2,recipient_bits=16;location_bytes=32,147,68,measured,ok,unavailable,rustc,nightly-2021-05-06,Release,JerryZ
1787147278254292511,PPS-GC,sender_signaling,message_encryption,sender,7,false,32,2,recipient_bits=16;location_bytes=32,-1,,not_applicable,not_applicable,unavailable,rustc,nightly-2021-05-06,Release,JerryZ
1787147278255353457,PPS-GC,sender_signaling,pps_gc_sender_total_signaling,sender,7,false,32,2,recipient_bits=16;location_bytes=32,10130,68,measured,ok,unavailable,rustc,nightly-2021-05-06,Release,JerryZ
1787147278256694158,PPS-GC,sender_signaling,pps_gc_share_generation,sender,8,false,32,2,recipient_bits=16;location_bytes=32,9560,68,measured,ok,unavailable,rustc,nightly-2021-05-06,Release,JerryZ
1787147278257883952,PPS-GC,sender_signaling,pps_gc_sender_preparation,sender,8,false,32,2,recipient_bits=16;location_bytes=32,147,68,measured,ok,unavailable,rustc,nightly-2021-05-06,Release,JerryZ
1787147278259035826,PPS-GC,sender_signaling,message_encryption,sender,8,false,32,2,recipient_bits=16;location_bytes=32,-1,,not_applicable,not_applicable,unavailable,rustc,nightly-2021-05-06,Release,JerryZ
1787147278260472388,PPS-GC,sender_signaling,pps_gc_sender_total_signaling,sender,8,false,32,2,recipient_bits=16;location_bytes=32,11682,68,measured,ok,unavailable,rustc,nightly-2021-05-06,Release,JerryZ
1787147278261783996,PPS-GC,sender_signaling,pps_gc_share_generation,sender,9,false,32,2,recipient_bits=16;location_bytes=32,10764,68,measured,ok,unavailable,rustc,nightly-2021-05-06,Release,JerryZ
1787147278263313971,PPS-GC,sender_signaling,pps_gc_sender_preparation,sender,9,false,32,2,recipient_bits=16;location_bytes=32,156,68,measured,ok,unavailable,rustc,nightly-2021-05-06,Release,JerryZ
1787147278265024756,PPS-GC,sender_signaling,message_encryption,sender,9,false,32,2,recipient_bits=16;location_bytes=32,-1,,not_applicable,not_applicable,unavailable,rustc,nightly-2021-05-06,Release,JerryZ
1787147278266211593,PPS-GC,sender_signaling,pps_gc_sender_total_signaling,sender,9,false,32,2,recipient_bits=16;location_bytes=32,10203,68,measured,ok,unavailable,rustc,nightly-2021-05-06,Release,JerryZ
1787147278267396832,PPS-GC,sender_signaling,pps_gc_share_generation,sender,10,false,32,2,recipient_bits=16;location_bytes=32,9524,68,measured,ok,unavailable,rustc,nightly-2021-05-06,Release,JerryZ
1787147278268595369,PPS-GC,sender_signaling,pps_gc_sender_preparation,sender,10,false,32,2,recipient_bits=16;location_bytes=32,147,68,measured,ok,unavailable,rustc,nightly-2021-05-06,Release,JerryZ
1787147278269932879,PPS-GC,sender_signaling,message_encryption,sender,10,false,32,2,recipient_bits=16;location_bytes=32,-1,,not_applicable,not_applicable,unavailable,rustc,nightly-2021-05-06,Release,JerryZ
1787147278271397309,PPS-GC,sender_signaling,pps_gc_sender_total_signaling,sender,10,false,32,2,recipient_bits=16;location_bytes=32,10295,68,measured,ok,unavailable,rustc,nightly-2021-05-06,Release,JerryZ
1787147278272611348,PPS-GC,sender_signaling,pps_gc_share_generation,sender,11,false,32,2,recipient_bits=16;location_bytes=32,21306,68,measured,ok,unavailable,rustc,nightly-2021-05-06,Release,JerryZ
1787147278273902274,PPS-GC,sender_signaling,pps_gc_sender_preparation,sender,11,false,32,2,recipient_bits=16;location_bytes=32,276,68,measured,ok,unavailable,rustc,nightly-2021-05-06,Release,JerryZ
1787147278275192777,PPS-GC,sender_signaling,message_encryption,sender,11,false,32,2,recipient_bits=16;location_bytes=32,-1,,not_applicable,not_applicable,unavailable,rustc,nightly-2021-05-06,Release,JerryZ
1787147278276960051,PPS-GC,sender_signaling,pps_gc_sender_total_signaling,sender,11,false,32,2,recipient_bits=16;location_bytes=32,10956,68,measured,ok,unavailable,rustc,nightly-2021-05-06,Release,JerryZ
1787147278278406615,PPS-GC,sender_signaling,pps_gc_share_generation,sender,12,false,32,2,recipient_bits=16;location_bytes=32,27707,68,measured,ok,unavailable,rustc,nightly-2021-05-06,Release,JerryZ
1787147278279699923,PPS-GC,sender_signaling,pps_gc_sender_preparation,sender,12,false,32,2,recipient_bits=16;location_bytes=32,395,68,measured,ok,unavailable,rustc,nightly-2021-05-06,Release,JerryZ
1787147278281161859,PPS-GC,sender_signaling,message_encryption,sender,12,false,32,2,recipient_bits=16;location_bytes=32,-1,,not_applicable,not_applicable,unavailable,rustc,nightly-2021-05-06,Release,JerryZ
1787147278282276259,PPS-GC,sender_signaling,pps_gc_sender_total_signaling,sender,12,false,32,2,recipient_bits=16;location_bytes=32,10341,68,measured,ok,unavailable,rustc,nightly-2021-05-06,Release,JerryZ
1787147278283529669,PPS-GC,sender_signaling,pps_gc_share_generation,sender,13,false,32,2,recipient_bits=16;location_bytes=32,10359,68,measured,ok,unavailable,rustc,nightly-2021-05-06,Release,JerryZ
1787147278284668874,PPS-GC,sender_signaling,pps_gc_sender_preparation,sender,13,false,32,2,recipient_bits=16;location_bytes=32,551,68,measured,ok,unavailable,rustc,nightly-2021-05-06,Release,JerryZ
1787147278285705795,PPS-GC,sender_signaling,message_encryption,sender,13,false,32,2,recipient_bits=16;location_bytes=32,-1,,not_applicable,not_applicable,unavailable,rustc,nightly-2021-05-06,Release,JerryZ
1787147278286812063,PPS-GC,sender_signaling,pps_gc_sender_total_signaling,sender,13,false,32,2,recipient_bits=16;location_bytes=32,10157,68,measured,ok,unavailable,rustc,nightly-2021-05-06,Release,JerryZ
1787147278288198674,PPS-GC,sender_signaling,pps_gc_share_generation,sender,14,false,32,2,recipient_bits=16;location_bytes=32,9523,68,measured,ok,unavailable,rustc,nightly-2021-05-06,Release,JerryZ
1787147278289304289,PPS-GC,sender_signaling,pps_gc_sender_preparation,sender,14,false,32,2,recipient_bits=16;location_bytes=32,137,68,measured,ok,unavailable,rustc,nightly-2021-05-06,Release,JerryZ
1787147278290506426,PPS-GC,sender_signaling,message_encryption,sender,14,false,32,2,recipient_bits=16;location_bytes=32,-1,,not_applicable,not_applicable,unavailable,rustc,nightly-2021-05-06,Release,JerryZ
1787147278292064462,PPS-GC,sender_signaling,pps_gc_sender_total_signaling,sender,14,false,32,2,recipient_bits=16;location_bytes=32,12232,68,measured,ok,unavailable,rustc,nightly-2021-05-06,Release,JerryZ
1787147278293664638,PPS-GC,sender_signaling,pps_gc_share_generation,sender,15,false,32,2,recipient_bits=16;location_bytes=32,10754,68,measured,ok,unavailable,rustc,nightly-2021-05-06,Release,JerryZ
1787147278295431994,PPS-GC,sender_signaling,pps_gc_sender_preparation,sender,15,false,32,2,recipient_bits=16;location_bytes=32,138,68,measured,ok,unavailable,rustc,nightly-2021-05-06,Release,JerryZ
1787147278296625902,PPS-GC,sender_signaling,message_encryption,sender,15,false,32,2,recipient_bits=16;location_bytes=32,-1,,not_applicable,not_applicable,unavailable,rustc,nightly-2021-05-06,Release,JerryZ
1787147278297746689,PPS-GC,sender_signaling,pps_gc_sender_total_signaling,sender,15,false,32,2,recipient_bits=16;location_bytes=32,10286,68,measured,ok,unavailable,rustc,nightly-2021-05-06,Release,JerryZ
1787147278298986911,PPS-GC,sender_signaling,pps_gc_share_generation,sender,16,false,32,2,recipient_bits=16;location_bytes=32,11259,68,measured,ok,unavailable,rustc,nightly-2021-05-06,Release,JerryZ
1787147278300523319,PPS-GC,sender_signaling,pps_gc_sender_preparation,sender,16,false,32,2,recipient_bits=16;location_bytes=32,680,68,measured,ok,unavailable,rustc,nightly-2021-05-06,Release,JerryZ
1787147278301654282,PPS-GC,sender_signaling,message_encryption,sender,16,false,32,2,recipient_bits=16;location_bytes=32,-1,,not_applicable,not_applicable,unavailable,rustc,nightly-2021-05-06,Release,JerryZ
1787147278302812979,PPS-GC,sender_signaling,pps_gc_sender_total_signaling,sender,16,false,32,2,recipient_bits=16;location_bytes=32,9964,68,measured,ok,unavailable,rustc,nightly-2021-05-06,Release,JerryZ
1787147278303923857,PPS-GC,sender_signaling,pps_gc_share_generation,sender,17,false,32,2,recipient_bits=16;location_bytes=32,9753,68,measured,ok,unavailable,rustc,nightly-2021-05-06,Release,JerryZ
1787147278305254401,PPS-GC,sender_signaling,pps_gc_sender_preparation,sender,17,false,32,2,recipient_bits=16;location_bytes=32,147,68,measured,ok,unavailable,rustc,nightly-2021-05-06,Release,JerryZ
1787147278306964310,PPS-GC,sender_signaling,message_encryption,sender,17,false,32,2,recipient_bits=16;location_bytes=32,-1,,not_applicable,not_applicable,unavailable,rustc,nightly-2021-05-06,Release,JerryZ
1787147278308427147,PPS-GC,sender_signaling,pps_gc_sender_total_signaling,sender,17,false,32,2,recipient_bits=16;location_bytes=32,11406,68,measured,ok,unavailable,rustc,nightly-2021-05-06,Release,JerryZ
1787147278309932624,PPS-GC,sender_signaling,pps_gc_share_generation,sender,18,false,32,2,recipient_bits=16;location_bytes=32,9826,68,measured,ok,unavailable,rustc,nightly-2021-05-06,Release,JerryZ
1787147278310975423,PPS-GC,sender_signaling,pps_gc_sender_preparation,sender,18,false,32,2,recipient_bits=16;location_bytes=32,147,68,measured,ok,unavailable,rustc,nightly-2021-05-06,Release,JerryZ
1787147278312016587,PPS-GC,sender_signaling,message_encryption,sender,18,false,32,2,recipient_bits=16;location_bytes=32,-1,,not_applicable,not_applicable,unavailable,rustc,nightly-2021-05-06,Release,JerryZ
1787147278313072757,PPS-GC,sender_signaling,pps_gc_sender_total_signaling,sender,18,false,32,2,recipient_bits=16;location_bytes=32,9790,68,measured,ok,unavailable,rustc,nightly-2021-05-06,Release,JerryZ
1787147278314391363,PPS-GC,sender_signaling,pps_gc_share_generation,sender,19,false,32,2,recipient_bits=16;location_bytes=32,19690,68,measured,ok,unavailable,rustc,nightly-2021-05-06,Release,JerryZ
1787147278315558904,PPS-GC,sender_signaling,pps_gc_sender_preparation,sender,19,false,32,2,recipient_bits=16;location_bytes=32,349,68,measured,ok,unavailable,rustc,nightly-2021-05-06,Release,JerryZ
1787147278316851294,PPS-GC,sender_signaling,message_encryption,sender,19,false,32,2,recipient_bits=16;location_bytes=32,-1,,not_applicable,not_applicable,unavailable,rustc,nightly-2021-05-06,Release,JerryZ
1787147278318099447,PPS-GC,sender_signaling,pps_gc_sender_total_signaling,sender,19,false,32,2,recipient_bits=16;location_bytes=32,10240,68,measured,ok,unavailable,rustc,nightly-2021-05-06,Release,JerryZ
1787147278319191351,PPS-GC,sender_signaling,pps_gc_share_generation,sender,20,false,32,2,recipient_bits=16;location_bytes=32,10222,68,measured,ok,unavailable,rustc,nightly-2021-05-06,Release,JerryZ
1787147278320357193,PPS-GC,sender_signaling,pps_gc_sender_preparation,sender,20,false,32,2,recipient_bits=16;location_bytes=32,128,68,measured,ok,unavailable,rustc,nightly-2021-05-06,Release,JerryZ
1787147278321931356,PPS-GC,sender_signaling,message_encryption,sender,20,false,32,2,recipient_bits=16;location_bytes=32,-1,,not_applicable,not_applicable,unavailable,rustc,nightly-2021-05-06,Release,JerryZ
1787147278323818446,PPS-GC,sender_signaling,pps_gc_sender_total_signaling,sender,20,false,32,2,recipient_bits=16;location_bytes=32,12710,68,measured,ok,unavailable,rustc,nightly-2021-05-06,Release,JerryZ
1787147278325145757,PPS-GC,sender_signaling,pps_gc_share_generation,sender,21,false,32,2,recipient_bits=16;location_bytes=32,10828,68,measured,ok,unavailable,rustc,nightly-2021-05-06,Release,JerryZ
1787147278326538306,PPS-GC,sender_signaling,pps_gc_sender_preparation,sender,21,false,32,2,recipient_bits=16;location_bytes=32,478,68,measured,ok,unavailable,rustc,nightly-2021-05-06,Release,JerryZ
1787147278327604491,PPS-GC,sender_signaling,message_encryption,sender,21,false,32,2,recipient_bits=16;location_bytes=32,-1,,not_applicable,not_applicable,unavailable,rustc,nightly-2021-05-06,Release,JerryZ
1787147278329030767,PPS-GC,sender_signaling,pps_gc_sender_total_signaling,sender,21,false,32,2,recipient_bits=16;location_bytes=32,14317,68,measured,ok,unavailable,rustc,nightly-2021-05-06,Release,JerryZ
1787147278330406546,PPS-GC,sender_signaling,pps_gc_share_generation,sender,22,false,32,2,recipient_bits=16;location_bytes=32,9634,68,measured,ok,unavailable,rustc,nightly-2021-05-06,Release,JerryZ
1787147278331661209,PPS-GC,sender_signaling,pps_gc_sender_preparation,sender,22,false,32,2,recipient_bits=16;location_bytes=32,303,68,measured,ok,unavailable,rustc,nightly-2021-05-06,Release,JerryZ
1787147278332781776,PPS-GC,sender_signaling,message_encryption,sender,22,false,32,2,recipient_bits=16;location_bytes=32,-1,,not_applicable,not_applicable,unavailable,rustc,nightly-2021-05-06,Release,JerryZ
1787147278334264146,PPS-GC,sender_signaling,pps_gc_sender_total_signaling,sender,22,false,32,2,recipient_bits=16;location_bytes=32,10506,68,measured,ok,unavailable,rustc,nightly-2021-05-06,Release,JerryZ
1787147278335270963,PPS-GC,sender_signaling,pps_gc_share_generation,sender,23,false,32,2,recipient_bits=16;location_bytes=32,9487,68,measured,ok,unavailable,rustc,nightly-2021-05-06,Release,JerryZ
1787147278336432609,PPS-GC,sender_signaling,pps_gc_sender_preparation,sender,23,false,32,2,recipient_bits=16;location_bytes=32,138,68,measured,ok,unavailable,rustc,nightly-2021-05-06,Release,JerryZ
1787147278338181506,PPS-GC,sender_signaling,message_encryption,sender,23,false,32,2,recipient_bits=16;location_bytes=32,-1,,not_applicable,not_applicable,unavailable,rustc,nightly-2021-05-06,Release,JerryZ
1787147278339617760,PPS-GC,sender_signaling,pps_gc_sender_total_signaling,sender,23,false,32,2,recipient_bits=16;location_bytes=32,12150,68,measured,ok,unavailable,rustc,nightly-2021-05-06,Release,JerryZ
1787147278340814428,PPS-GC,sender_signaling,pps_gc_share_generation,sender,24,false,32,2,recipient_bits=16;location_bytes=32,9560,68,measured,ok,unavailable,rustc,nightly-2021-05-06,Release,JerryZ
1787147278341868885,PPS-GC,sender_signaling,pps_gc_sender_preparation,sender,24,false,32,2,recipient_bits=16;location_bytes=32,211,68,measured,ok,unavailable,rustc,nightly-2021-05-06,Release,JerryZ
1787147278342889680,PPS-GC,sender_signaling,message_encryption,sender,24,false,32,2,recipient_bits=16;location_bytes=32,-1,,not_applicable,not_applicable,unavailable,rustc,nightly-2021-05-06,Release,JerryZ
1787147278344077187,PPS-GC,sender_signaling,pps_gc_sender_total_signaling,sender,24,false,32,2,recipient_bits=16;location_bytes=32,21610,68,measured,ok,unavailable,rustc,nightly-2021-05-06,Release,JerryZ
1787147278345626801,PPS-GC,sender_signaling,pps_gc_share_generation,sender,25,false,32,2,recipient_bits=16;location_bytes=32,29361,68,measured,ok,unavailable,rustc,nightly-2021-05-06,Release,JerryZ
1787147278346695167,PPS-GC,sender_signaling,pps_gc_sender_preparation,sender,25,false,32,2,recipient_bits=16;location_bytes=32,156,68,measured,ok,unavailable,rustc,nightly-2021-05-06,Release,JerryZ
1787147278347727000,PPS-GC,sender_signaling,message_encryption,sender,25,false,32,2,recipient_bits=16;location_bytes=32,-1,,not_applicable,not_applicable,unavailable,rustc,nightly-2021-05-06,Release,JerryZ
1787147278349033391,PPS-GC,sender_signaling,pps_gc_sender_total_signaling,sender,25,false,32,2,recipient_bits=16;location_bytes=32,13647,68,measured,ok,unavailable,rustc,nightly-2021-05-06,Release,JerryZ
1787147278350479348,PPS-GC,sender_signaling,pps_gc_share_generation,sender,26,false,32,2,recipient_bits=16;location_bytes=32,10203,68,measured,ok,unavailable,rustc,nightly-2021-05-06,Release,JerryZ
1787147278351943378,PPS-GC,sender_signaling,pps_gc_sender_preparation,sender,26,false,32,2,recipient_bits=16;location_bytes=32,459,68,measured,ok,unavailable,rustc,nightly-2021-05-06,Release,JerryZ
1787147278353346419,PPS-GC,sender_signaling,message_encryption,sender,26,false,32,2,recipient_bits=16;location_bytes=32,-1,,not_applicable,not_applicable,unavailable,rustc,nightly-2021-05-06,Release,JerryZ
1787147278354733739,PPS-GC,sender_signaling,pps_gc_sender_total_signaling,sender,26,false,32,2,recipient_bits=16;location_bytes=32,10819,68,measured,ok,unavailable,rustc,nightly-2021-05-06,Release,JerryZ
1787147278356239391,PPS-GC,sender_signaling,pps_gc_share_generation,sender,27,false,32,2,recipient_bits=16;location_bytes=32,10267,68,measured,ok,unavailable,rustc,nightly-2021-05-06,Release,JerryZ
1787147278357660230,PPS-GC,sender_signaling,pps_gc_sender_preparation,sender,27,false,32,2,recipient_bits=16;location_bytes=32,239,68,measured,ok,unavailable,rustc,nightly-2021-05-06,Release,JerryZ
1787147278358801139,PPS-GC,sender_signaling,message_encryption,sender,27,false,32,2,recipient_bits=16;location_bytes=32,-1,,not_applicable,not_applicable,unavailable,rustc,nightly-2021-05-06,Release,JerryZ
1787147278359955649,PPS-GC,sender_signaling,pps_gc_sender_total_signaling,sender,27,false,32,2,recipient_bits=16;location_bytes=32,10296,68,measured,ok,unavailable,rustc,nightly-2021-05-06,Release,JerryZ
1787147278361367970,PPS-GC,sender_signaling,pps_gc_share_generation,sender,28,false,32,2,recipient_bits=16;location_bytes=32,21343,68,measured,ok,unavailable,rustc,nightly-2021-05-06,Release,JerryZ
1787147278362579562,PPS-GC,sender_signaling,pps_gc_sender_preparation,sender,28,false,32,2,recipient_bits=16;location_bytes=32,294,68,measured,ok,unavailable,rustc,nightly-2021-05-06,Release,JerryZ
1787147278363702158,PPS-GC,sender_signaling,message_encryption,sender,28,false,32,2,recipient_bits=16;location_bytes=32,-1,,not_applicable,not_applicable,unavailable,rustc,nightly-2021-05-06,Release,JerryZ
1787147278364868984,PPS-GC,sender_signaling,pps_gc_sender_total_signaling,sender,28,false,32,2,recipient_bits=16;location_bytes=32,10341,68,measured,ok,unavailable,rustc,nightly-2021-05-06,Release,JerryZ
1787147278365971325,PPS-GC,sender_signaling,pps_gc_share_generation,sender,29,false,32,2,recipient_bits=16;location_bytes=32,9597,68,measured,ok,unavailable,rustc,nightly-2021-05-06,Release,JerryZ
1787147278367138715,PPS-GC,sender_signaling,pps_gc_sender_preparation,sender,29,false,32,2,recipient_bits=16;location_bytes=32,146,68,measured,ok,unavailable,rustc,nightly-2021-05-06,Release,JerryZ
1787147278368901709,PPS-GC,sender_signaling,message_encryption,sender,29,false,32,2,recipient_bits=16;location_bytes=32,-1,,not_applicable,not_applicable,unavailable,rustc,nightly-2021-05-06,Release,JerryZ
1787147278370224223,PPS-GC,sender_signaling,pps_gc_sender_total_signaling,sender,29,false,32,2,recipient_bits=16;location_bytes=32,10718,68,measured,ok,unavailable,rustc,nightly-2021-05-06,Release,JerryZ
1787147278371370375,PPS-GC,sender_signaling,pps_gc_share_generation,sender,30,false,32,2,recipient_bits=16;location_bytes=32,9523,68,measured,ok,unavailable,rustc,nightly-2021-05-06,Release,JerryZ
1787147278372373684,PPS-GC,sender_signaling,pps_gc_sender_preparation,sender,30,false,32,2,recipient_bits=16;location_bytes=32,147,68,measured,ok,unavailable,rustc,nightly-2021-05-06,Release,JerryZ
1787147278373475809,PPS-GC,sender_signaling,message_encryption,sender,30,false,32,2,recipient_bits=16;location_bytes=32,-1,,not_applicable,not_applicable,unavailable,rustc,nightly-2021-05-06,Release,JerryZ
1787147278375015188,PPS-GC,sender_signaling,pps_gc_sender_total_signaling,sender,30,false,32,2,recipient_bits=16;location_bytes=32,10139,68,measured,ok,unavailable,rustc,nightly-2021-05-06,Release,JerryZ
1787147278376288348,PPS-GC,sender_signaling,pps_gc_share_generation,sender,31,false,32,2,recipient_bits=16;location_bytes=32,9597,68,measured,ok,unavailable,rustc,nightly-2021-05-06,Release,JerryZ
1787147278377506694,PPS-GC,sender_signaling,pps_gc_sender_preparation,sender,31,false,32,2,recipient_bits=16;location_bytes=32,147,68,measured,ok,unavailable,rustc,nightly-2021-05-06,Release,JerryZ
1787147278378575795,PPS-GC,sender_signaling,message_encryption,sender,31,false,32,2,recipient_bits=16;location_bytes=32,-1,,not_applicable,not_applicable,unavailable,rustc,nightly-2021-05-06,Release,JerryZ
1787147278379836680,PPS-GC,sender_signaling,pps_gc_sender_total_signaling,sender,31,false,32,2,recipient_bits=16;location_bytes=32,9900,68,measured,ok,unavailable,rustc,nightly-2021-05-06,Release,JerryZ
1787147278380907848,PPS-GC,sender_signaling,pps_gc_share_generation,sender,32,false,32,2,recipient_bits=16;location_bytes=32,9780,68,measured,ok,unavailable,rustc,nightly-2021-05-06,Release,JerryZ
1787147278382198424,PPS-GC,sender_signaling,pps_gc_sender_preparation,sender,32,false,32,2,recipient_bits=16;location_bytes=32,156,68,measured,ok,unavailable,rustc,nightly-2021-05-06,Release,JerryZ
1787147278383880786,PPS-GC,sender_signaling,message_encryption,sender,32,false,32,2,recipient_bits=16;location_bytes=32,-1,,not_applicable,not_applicable,unavailable,rustc,nightly-2021-05-06,Release,JerryZ
1787147278387483196,PPS-GC,sender_signaling,pps_gc_sender_total_signaling,sender,32,false,32,2,recipient_bits=16;location_bytes=32,11930,68,measured,ok,unavailable,rustc,nightly-2021-05-06,Release,JerryZ
1787147278388721692,PPS-GC,sender_signaling,pps_gc_share_generation,sender,33,false,32,2,recipient_bits=16;location_bytes=32,9414,68,measured,ok,unavailable,rustc,nightly-2021-05-06,Release,JerryZ
1787147278390036495,PPS-GC,sender_signaling,pps_gc_sender_preparation,sender,33,false,32,2,recipient_bits=16;location_bytes=32,137,68,measured,ok,unavailable,rustc,nightly-2021-05-06,Release,JerryZ
1787147278391565730,PPS-GC,sender_signaling,message_encryption,sender,33,false,32,2,recipient_bits=16;location_bytes=32,-1,,not_applicable,not_applicable,unavailable,rustc,nightly-2021-05-06,Release,JerryZ
1787147278392688290,PPS-GC,sender_signaling,pps_gc_sender_total_signaling,sender,33,false,32,2,recipient_bits=16;location_bytes=32,15879,68,measured,ok,unavailable,rustc,nightly-2021-05-06,Release,JerryZ
1787147278393930656,PPS-GC,sender_signaling,pps_gc_share_generation,sender,34,false,32,2,recipient_bits=16;location_bytes=32,9918,68,measured,ok,unavailable,rustc,nightly-2021-05-06,Release,JerryZ
1787147278394990054,PPS-GC,sender_signaling,pps_gc_sender_preparation,sender,34,false,32,2,recipient_bits=16;location_bytes=32,147,68,measured,ok,unavailable,rustc,nightly-2021-05-06,Release,JerryZ
1787147278396076292,PPS-GC,sender_signaling,message_encryption,sender,34,false,32,2,recipient_bits=16;location_bytes=32,-1,,not_applicable,not_applicable,unavailable,rustc,nightly-2021-05-06,Release,JerryZ
1787147278397216053,PPS-GC,sender_signaling,pps_gc_sender_total_signaling,sender,34,false,32,2,recipient_bits=16;location_bytes=32,22418,68,measured,ok,unavailable,rustc,nightly-2021-05-06,Release,JerryZ
1787147278399145030,PPS-GC,sender_signaling,pps_gc_share_generation,sender,35,false,32,2,recipient_bits=16;location_bytes=32,14529,68,measured,ok,unavailable,rustc,nightly-2021-05-06,Release,JerryZ
1787147278400560653,PPS-GC,sender_signaling,pps_gc_sender_preparation,sender,35,false,32,2,recipient_bits=16;location_bytes=32,615,68,measured,ok,unavailable,rustc,nightly-2021-05-06,Release,JerryZ
1787147278401778191,PPS-GC,sender_signaling,message_encryption,sender,35,false,32,2,recipient_bits=16;location_bytes=32,-1,,not_applicable,not_applicable,unavailable,rustc,nightly-2021-05-06,Release,JerryZ
1787147278402837612,PPS-GC,sender_signaling,pps_gc_sender_total_signaling,sender,35,false,32,2,recipient_bits=16;location_bytes=32,10029,68,measured,ok,unavailable,rustc,nightly-2021-05-06,Release,JerryZ
1787147278403890788,PPS-GC,sender_signaling,pps_gc_share_generation,sender,36,false,32,2,recipient_bits=16;location_bytes=32,11820,68,measured,ok,unavailable,rustc,nightly-2021-05-06,Release,JerryZ
1787147278405215547,PPS-GC,sender_signaling,pps_gc_sender_preparation,sender,36,false,32,2,recipient_bits=16;location_bytes=32,138,68,measured,ok,unavailable,rustc,nightly-2021-05-06,Release,JerryZ
1787147278406547203,PPS-GC,sender_signaling,message_encryption,sender,36,false,32,2,recipient_bits=16;location_bytes=32,-1,,not_applicable,not_applicable,unavailable,rustc,nightly-2021-05-06,Release,JerryZ
1787147278407693635,PPS-GC,sender_signaling,pps_gc_sender_total_signaling,sender,36,false,32,2,recipient_bits=16;location_bytes=32,10414,68,measured,ok,unavailable,rustc,nightly-2021-05-06,Release,JerryZ
1787147278408834852,PPS-GC,sender_signaling,pps_gc_share_generation,sender,37,false,32,2,recipient_bits=16;location_bytes=32,9661,68,measured,ok,unavailable,rustc,nightly-2021-05-06,Release,JerryZ
1787147278410194022,PPS-GC,sender_signaling,pps_gc_sender_preparation,sender,37,false,32,2,recipient_bits=16;location_bytes=32,211,68,measured,ok,unavailable,rustc,nightly-2021-05-06,Release,JerryZ
1787147278411225148,PPS-GC,sender_signaling,message_encryption,sender,37,false,32,2,recipient_bits=16;location_bytes=32,-1,,not_applicable,not_applicable,unavailable,rustc,nightly-2021-05-06,Release,JerryZ
1787147278412312134,PPS-GC,sender_signaling,pps_gc_sender_total_signaling,sender,37,false,32,2,recipient_bits=16;location_bytes=32,21783,68,measured,ok,unavailable,rustc,nightly-2021-05-06,Release,JerryZ
1787147278414570767,PPS-GC,sender_signaling,pps_gc_share_generation,sender,38,false,32,2,recipient_bits=16;location_bytes=32,16319,68,measured,ok,unavailable,rustc,nightly-2021-05-06,Release,JerryZ
1787147278416022758,PPS-GC,sender_signaling,pps_gc_sender_preparation,sender,38,false,32,2,recipient_bits=16;location_bytes=32,789,68,measured,ok,unavailable,rustc,nightly-2021-05-06,Release,JerryZ
1787147278417342295,PPS-GC,sender_signaling,message_encryption,sender,38,false,32,2,recipient_bits=16;location_bytes=32,-1,,not_applicable,not_applicable,unavailable,rustc,nightly-2021-05-06,Release,JerryZ
1787147278418451800,PPS-GC,sender_signaling,pps_gc_sender_total_signaling,sender,38,false,32,2,recipient_bits=16;location_bytes=32,10782,68,measured,ok,unavailable,rustc,nightly-2021-05-06,Release,JerryZ
1787147278419493800,PPS-GC,sender_signaling,pps_gc_share_generation,sender,39,false,32,2,recipient_bits=16;location_bytes=32,9579,68,measured,ok,unavailable,rustc,nightly-2021-05-06,Release,JerryZ
1787147278420649421,PPS-GC,sender_signaling,pps_gc_sender_preparation,sender,39,false,32,2,recipient_bits=16;location_bytes=32,138,68,measured,ok,unavailable,rustc,nightly-2021-05-06,Release,JerryZ
1787147278422398727,PPS-GC,sender_signaling,message_encryption,sender,39,false,32,2,recipient_bits=16;location_bytes=32,-1,,not_applicable,not_applicable,unavailable,rustc,nightly-2021-05-06,Release,JerryZ
1787147278423505835,PPS-GC,sender_signaling,pps_gc_sender_total_signaling,sender,39,false,32,2,recipient_bits=16;location_bytes=32,10406,68,measured,ok,unavailable,rustc,nightly-2021-05-06,Release,JerryZ
1787147278424599314,PPS-GC,sender_signaling,pps_gc_share_generation,sender,40,false,32,2,recipient_bits=16;location_bytes=32,9633,68,measured,ok,unavailable,rustc,nightly-2021-05-06,Release,JerryZ
1787147278425698299,PPS-GC,sender_signaling,pps_gc_sender_preparation,sender,40,false,32,2,recipient_bits=16;location_bytes=32,147,68,measured,ok,unavailable,rustc,nightly-2021-05-06,Release,JerryZ
1787147278426754010,PPS-GC,sender_signaling,message_encryption,sender,40,false,32,2,recipient_bits=16;location_bytes=32,-1,,not_applicable,not_applicable,unavailable,rustc,nightly-2021-05-06,Release,JerryZ
1787147278428213485,PPS-GC,sender_signaling,pps_gc_sender_total_signaling,sender,40,false,32,2,recipient_bits=16;location_bytes=32,22390,68,measured,ok,unavailable,rustc,nightly-2021-05-06,Release,JerryZ
1787147278429899850,PPS-GC,sender_signaling,pps_gc_share_generation,sender,41,false,32,2,recipient_bits=16;location_bytes=32,10350,68,measured,ok,unavailable,rustc,nightly-2021-05-06,Release,JerryZ
1787147278431418703,PPS-GC,sender_signaling,pps_gc_sender_preparation,sender,41,false,32,2,recipient_bits=16;location_bytes=32,230,68,measured,ok,unavailable,rustc,nightly-2021-05-06,Release,JerryZ
1787147278432730255,PPS-GC,sender_signaling,message_encryption,sender,41,false,32,2,recipient_bits=16;location_bytes=32,-1,,not_applicable,not_applicable,unavailable,rustc,nightly-2021-05-06,Release,JerryZ
1787147278434096286,PPS-GC,sender_signaling,pps_gc_sender_total_signaling,sender,41,false,32,2,recipient_bits=16;location_bytes=32,10332,68,measured,ok,unavailable,rustc,nightly-2021-05-06,Release,JerryZ
1787147278435279844,PPS-GC,sender_signaling,pps_gc_share_generation,sender,42,false,32,2,recipient_bits=16;location_bytes=32,12223,68,measured,ok,unavailable,rustc,nightly-2021-05-06,Release,JerryZ
1787147278436405489,PPS-GC,sender_signaling,pps_gc_sender_preparation,sender,42,false,32,2,recipient_bits=16;location_bytes=32,322,68,measured,ok,unavailable,rustc,nightly-2021-05-06,Release,JerryZ
1787147278437644967,PPS-GC,sender_signaling,message_encryption,sender,42,false,32,2,recipient_bits=16;location_bytes=32,-1,,not_applicable,not_applicable,unavailable,rustc,nightly-2021-05-06,Release,JerryZ
1787147278438999821,PPS-GC,sender_signaling,pps_gc_sender_total_signaling,sender,42,false,32,2,recipient_bits=16;location_bytes=32,11627,68,measured,ok,unavailable,rustc,nightly-2021-05-06,Release,JerryZ
1787147278440114813,PPS-GC,sender_signaling,pps_gc_share_generation,sender,43,false,32,2,recipient_bits=16;location_bytes=32,9524,68,measured,ok,unavailable,rustc,nightly-2021-05-06,Release,JerryZ
1787147278441155555,PPS-GC,sender_signaling,pps_gc_sender_preparation,sender,43,false,32,2,recipient_bits=16;location_bytes=32,147,68,measured,ok,unavailable,rustc,nightly-2021-05-06,Release,JerryZ
1787147278442591993,PPS-GC,sender_signaling,message_encryption,sender,43,false,32,2,recipient_bits=16;location_bytes=32,-1,,not_applicable,not_applicable,unavailable,rustc,nightly-2021-05-06,Release,JerryZ
1787147278444005683,PPS-GC,sender_signaling,pps_gc_sender_total_signaling,sender,43,false,32,2,recipient_bits=16;location_bytes=32,11260,68,measured,ok,unavailable,rustc,nightly-2021-05-06,Release,JerryZ
1787147278445574336,PPS-GC,sender_signaling,pps_gc_share_generation,sender,44,false,32,2,recipient_bits=16;location_bytes=32,10157,68,measured,ok,unavailable,rustc,nightly-2021-05-06,Release,JerryZ
1787147278447179930,PPS-GC,sender_signaling,pps_gc_sender_preparation,sender,44,false,32,2,recipient_bits=16;location_bytes=32,275,68,measured,ok,unavailable,rustc,nightly-2021-05-06,Release,JerryZ
1787147278448291786,PPS-GC,sender_signaling,message_encryption,sender,44,false,32,2,recipient_bits=16;location_bytes=32,-1,,not_applicable,not_applicable,unavailable,rustc,nightly-2021-05-06,Release,JerryZ
1787147278449337950,PPS-GC,sender_signaling,pps_gc_sender_total_signaling,sender,44,false,32,2,recipient_bits=16;location_bytes=32,9974,68,measured,ok,unavailable,rustc,nightly-2021-05-06,Release,JerryZ
1787147278450714500,PPS-GC,sender_signaling,pps_gc_share_generation,sender,45,false,32,2,recipient_bits=16;location_bytes=32,9616,68,measured,ok,unavailable,rustc,nightly-2021-05-06,Release,JerryZ
1787147278451938926,PPS-GC,sender_signaling,pps_gc_sender_preparation,sender,45,false,32,2,recipient_bits=16;location_bytes=32,230,68,measured,ok,unavailable,rustc,nightly-2021-05-06,Release,JerryZ
1787147278453124147,PPS-GC,sender_signaling,message_encryption,sender,45,false,32,2,recipient_bits=16;location_bytes=32,-1,,not_applicable,not_applicable,unavailable,rustc,nightly-2021-05-06,Release,JerryZ
1787147278454201421,PPS-GC,sender_signaling,pps_gc_sender_total_signaling,sender,45,false,32,2,recipient_bits=16;location_bytes=32,9854,68,measured,ok,unavailable,rustc,nightly-2021-05-06,Release,JerryZ
1787147278455355518,PPS-GC,sender_signaling,pps_gc_share_generation,sender,46,false,32,2,recipient_bits=16;location_bytes=32,9625,68,measured,ok,unavailable,rustc,nightly-2021-05-06,Release,JerryZ
1787147278456821477,PPS-GC,sender_signaling,pps_gc_sender_preparation,sender,46,false,32,2,recipient_bits=16;location_bytes=32,202,68,measured,ok,unavailable,rustc,nightly-2021-05-06,Release,JerryZ
1787147278458020207,PPS-GC,sender_signaling,message_encryption,sender,46,false,32,2,recipient_bits=16;location_bytes=32,-1,,not_applicable,not_applicable,unavailable,rustc,nightly-2021-05-06,Release,JerryZ
1787147278459184589,PPS-GC,sender_signaling,pps_gc_sender_total_signaling,sender,46,false,32,2,recipient_bits=16;location_bytes=32,10791,68,measured,ok,unavailable,rustc,nightly-2021-05-06,Release,JerryZ
1787147278460384963,PPS-GC,sender_signaling,pps_gc_share_generation,sender,47,false,32,2,recipient_bits=16;location_bytes=32,10506,68,measured,ok,unavailable,rustc,nightly-2021-05-06,Release,JerryZ
1787147278462053277,PPS-GC,sender_signaling,pps_gc_sender_preparation,sender,47,false,32,2,recipient_bits=16;location_bytes=32,312,68,measured,ok,unavailable,rustc,nightly-2021-05-06,Release,JerryZ
1787147278463242153,PPS-GC,sender_signaling,message_encryption,sender,47,false,32,2,recipient_bits=16;location_bytes=32,-1,,not_applicable,not_applicable,unavailable,rustc,nightly-2021-05-06,Release,JerryZ
1787147278464382460,PPS-GC,sender_signaling,pps_gc_sender_total_signaling,sender,47,false,32,2,recipient_bits=16;location_bytes=32,22426,68,measured,ok,unavailable,rustc,nightly-2021-05-06,Release,JerryZ
1787147278466388943,PPS-GC,sender_signaling,pps_gc_share_generation,sender,48,false,32,2,recipient_bits=16;location_bytes=32,10396,68,measured,ok,unavailable,rustc,nightly-2021-05-06,Release,JerryZ
1787147278467677766,PPS-GC,sender_signaling,pps_gc_sender_preparation,sender,48,false,32,2,recipient_bits=16;location_bytes=32,496,68,measured,ok,unavailable,rustc,nightly-2021-05-06,Release,JerryZ
1787147278469098683,PPS-GC,sender_signaling,message_encryption,sender,48,false,32,2,recipient_bits=16;location_bytes=32,-1,,not_applicable,not_applicable,unavailable,rustc,nightly-2021-05-06,Release,JerryZ
1787147278470377463,PPS-GC,sender_signaling,pps_gc_sender_total_signaling,sender,48,false,32,2,recipient_bits=16;location_bytes=32,10194,68,measured,ok,unavailable,rustc,nightly-2021-05-06,Release,JerryZ
1787147278471711038,PPS-GC,sender_signaling,pps_gc_share_generation,sender,49,false,32,2,recipient_bits=16;location_bytes=32,9533,68,measured,ok,unavailable,rustc,nightly-2021-05-06,Release,JerryZ
1787147278472762038,PPS-GC,sender_signaling,pps_gc_sender_preparation,sender,49,false,32,2,recipient_bits=16;location_bytes=32,147,68,measured,ok,unavailable,rustc,nightly-2021-05-06,Release,JerryZ
1787147278474203586,PPS-GC,sender_signaling,message_encryption,sender,49,false,32,2,recipient_bits=16;location_bytes=32,-1,,not_applicable,not_applicable,unavailable,rustc,nightly-2021-05-06,Release,JerryZ
1787147278475529488,PPS-GC,sender_signaling,pps_gc_sender_total_signaling,sender,49,false,32,2,recipient_bits=16;location_bytes=32,10984,68,measured,ok,unavailable,rustc,nightly-2021-05-06,Release,JerryZ
1787147278477002483,PPS-GC,sender_signaling,pps_gc_share_generation,sender,50,false,32,2,recipient_bits=16;location_bytes=32,10396,68,measured,ok,unavailable,rustc,nightly-2021-05-06,Release,JerryZ
1787147278478161690,PPS-GC,sender_signaling,pps_gc_sender_preparation,sender,50,false,32,2,recipient_bits=16;location_bytes=32,276,68,measured,ok,unavailable,rustc,nightly-2021-05-06,Release,JerryZ
1787147278479420242,PPS-GC,sender_signaling,message_encryption,sender,50,false,32,2,recipient_bits=16;location_bytes=32,-1,,not_applicable,not_applicable,unavailable,rustc,nightly-2021-05-06,Release,JerryZ
1787147278480484439,PPS-GC,sender_signaling,pps_gc_sender_total_signaling,sender,50,false,32,2,recipient_bits=16;location_bytes=32,9855,68,measured,ok,unavailable,rustc,nightly-2021-05-06,Release,JerryZ
1787147278481745141,PPS-GC,sender_signaling,pps_gc_share_generation,sender,51,false,32,2,recipient_bits=16;location_bytes=32,9864,68,measured,ok,unavailable,rustc,nightly-2021-05-06,Release,JerryZ
1787147278483188476,PPS-GC,sender_signaling,pps_gc_sender_preparation,sender,51,false,32,2,recipient_bits=16;location_bytes=32,147,68,measured,ok,unavailable,rustc,nightly-2021-05-06,Release,JerryZ
1787147278484353910,PPS-GC,sender_signaling,message_encryption,sender,51,false,32,2,recipient_bits=16;location_bytes=32,-1,,not_applicable,not_applicable,unavailable,rustc,nightly-2021-05-06,Release,JerryZ
1787147278485758530,PPS-GC,sender_signaling,pps_gc_sender_total_signaling,sender,51,false,32,2,recipient_bits=16;location_bytes=32,10387,68,measured,ok,unavailable,rustc,nightly-2021-05-06,Release,JerryZ
1787147278486850380,PPS-GC,sender_signaling,pps_gc_share_generation,sender,52,false,32,2,recipient_bits=16;location_bytes=32,9653,68,measured,ok,unavailable,rustc,nightly-2021-05-06,Release,JerryZ
1787147278487906394,PPS-GC,sender_signaling,pps_gc_sender_preparation,sender,52,false,32,2,recipient_bits=16;location_bytes=32,146,68,measured,ok,unavailable,rustc,nightly-2021-05-06,Release,JerryZ
1787147278489038486,PPS-GC,sender_signaling,message_encryption,sender,52,false,32,2,recipient_bits=16;location_bytes=32,-1,,not_applicable,not_applicable,unavailable,rustc,nightly-2021-05-06,Release,JerryZ
1787147278491017326,PPS-GC,sender_signaling,pps_gc_sender_total_signaling,sender,52,false,32,2,recipient_bits=16;location_bytes=32,13932,68,measured,ok,unavailable,rustc,nightly-2021-05-06,Release,JerryZ
1787147278492248479,PPS-GC,sender_signaling,pps_gc_share_generation,sender,53,false,32,2,recipient_bits=16;location_bytes=32,9946,68,measured,ok,unavailable,rustc,nightly-2021-05-06,Release,JerryZ
1787147278493398250,PPS-GC,sender_signaling,pps_gc_sender_preparation,sender,53,false,32,2,recipient_bits=16;location_bytes=32,211,68,measured,ok,unavailable,rustc,nightly-2021-05-06,Release,JerryZ
1787147278494706001,PPS-GC,sender_signaling,message_encryption,sender,53,false,32,2,recipient_bits=16;location_bytes=32,-1,,not_applicable,not_applicable,unavailable,rustc,nightly-2021-05-06,Release,JerryZ
1787147278495843341,PPS-GC,sender_signaling,pps_gc_sender_total_signaling,sender,53,false,32,2,recipient_bits=16;location_bytes=32,21637,68,measured,ok,unavailable,rustc,nightly-2021-05-06,Release,JerryZ
1787147278497117520,PPS-GC,sender_signaling,pps_gc_share_generation,sender,54,false,32,2,recipient_bits=16;location_bytes=32,9624,68,measured,ok,unavailable,rustc,nightly-2021-05-06,Release,JerryZ
1787147278498214678,PPS-GC,sender_signaling,pps_gc_sender_preparation,sender,54,false,32,2,recipient_bits=16;location_bytes=32,147,68,measured,ok,unavailable,rustc,nightly-2021-05-06,Release,JerryZ
1787147278499315316,PPS-GC,sender_signaling,message_encryption,sender,54,false,32,2,recipient_bits=16;location_bytes=32,-1,,not_applicable,not_applicable,unavailable,rustc,nightly-2021-05-06,Release,JerryZ
1787147278500548687,PPS-GC,sender_signaling,pps_gc_sender_total_signaling,sender,54,false,32,2,recipient_bits=16;location_bytes=32,22041,68,measured,ok,unavailable,rustc,nightly-2021-05-06,Release,JerryZ
1787147278502339209,PPS-GC,sender_signaling,pps_gc_share_generation,sender,55,false,32,2,recipient_bits=16;location_bytes=32,14042,68,measured,ok,unavailable,rustc,nightly-2021-05-06,Release,JerryZ
1787147278503614004,PPS-GC,sender_signaling,pps_gc_sender_preparation,sender,55,false,32,2,recipient_bits=16;location_bytes=32,533,68,measured,ok,unavailable,rustc,nightly-2021-05-06,Release,JerryZ
1787147278504820158,PPS-GC,sender_signaling,message_encryption,sender,55,false,32,2,recipient_bits=16;location_bytes=32,-1,,not_applicable,not_applicable,unavailable,rustc,nightly-2021-05-06,Release,JerryZ
1787147278511068951,PPS-GC,sender_signaling,pps_gc_sender_total_signaling,sender,55,false,32,2,recipient_bits=16;location_bytes=32,22097,68,measured,ok,unavailable,rustc,nightly-2021-05-06,Release,JerryZ
1787147278512942054,PPS-GC,sender_signaling,pps_gc_share_generation,sender,56,false,32,2,recipient_bits=16;location_bytes=32,10121,68,measured,ok,unavailable,rustc,nightly-2021-05-06,Release,JerryZ
1787147278514455805,PPS-GC,sender_signaling,pps_gc_sender_preparation,sender,56,false,32,2,recipient_bits=16;location_bytes=32,358,68,measured,ok,unavailable,rustc,nightly-2021-05-06,Release,JerryZ
1787147278515519037,PPS-GC,sender_signaling,message_encryption,sender,56,false,32,2,recipient_bits=16;location_bytes=32,-1,,not_applicable,not_applicable,unavailable,rustc,nightly-2021-05-06,Release,JerryZ
1787147278516585668,PPS-GC,sender_signaling,pps_gc_sender_total_signaling,sender,56,false,32,2,recipient_bits=16;location_bytes=32,9836,68,measured,ok,unavailable,rustc,nightly-2021-05-06,Release,JerryZ
1787147278517665335,PPS-GC,sender_signaling,pps_gc_share_generation,sender,57,false,32,2,recipient_bits=16;location_bytes=32,21343,68,measured,ok,unavailable,rustc,nightly-2021-05-06,Release,JerryZ
1787147278519105354,PPS-GC,sender_signaling,pps_gc_sender_preparation,sender,57,false,32,2,recipient_bits=16;location_bytes=32,285,68,measured,ok,unavailable,rustc,nightly-2021-05-06,Release,JerryZ
1787147278520446579,PPS-GC,sender_signaling,message_encryption,sender,57,false,32,2,recipient_bits=16;location_bytes=32,-1,,not_applicable,not_applicable,unavailable,rustc,nightly-2021-05-06,Release,JerryZ
1787147278522019906,PPS-GC,sender_signaling,pps_gc_sender_total_signaling,sender,57,false,32,2,recipient_bits=16;location_bytes=32,12113,68,measured,ok,unavailable,rustc,nightly-2021-05-06,Release,JerryZ
1787147278523664847,PPS-GC,sender_signaling,pps_gc_share_generation,sender,58,false,32,2,recipient_bits=16;location_bytes=32,10442,68,measured,ok,unavailable,rustc,nightly-2021-05-06,Release,JerryZ
1787147278525200649,PPS-GC,sender_signaling,pps_gc_sender_preparation,sender,58,false,32,2,recipient_bits=16;location_bytes=32,505,68,measured,ok,unavailable,rustc,nightly-2021-05-06,Release,JerryZ
1787147278526341907,PPS-GC,sender_signaling,message_encryption,sender,58,false,32,2,recipient_bits=16;location_bytes=32,-1,,not_applicable,not_applicable,unavailable,rustc,nightly-2021-05-06,Release,JerryZ
1787147278527432066,PPS-GC,sender_signaling,pps_gc_sender_total_signaling,sender,58,false,32,2,recipient_bits=16;location_bytes=32,10176,68,measured,ok,unavailable,rustc,nightly-2021-05-06,Release,JerryZ
1787147278528748908,PPS-GC,sender_signaling,pps_gc_share_generation,sender,59,false,32,2,recipient_bits=16;location_bytes=32,9487,68,measured,ok,unavailable,rustc,nightly-2021-05-06,Release,JerryZ
1787147278529919609,PPS-GC,sender_signaling,pps_gc_sender_preparation,sender,59,false,32,2,recipient_bits=16;location_bytes=32,137,68,measured,ok,unavailable,rustc,nightly-2021-05-06,Release,JerryZ
1787147278531356630,PPS-GC,sender_signaling,message_encryption,sender,59,false,32,2,recipient_bits=16;location_bytes=32,-1,,not_applicable,not_applicable,unavailable,rustc,nightly-2021-05-06,Release,JerryZ
1787147278532545374,PPS-GC,sender_signaling,pps_gc_sender_total_signaling,sender,59,false,32,2,recipient_bits=16;location_bytes=32,21683,68,measured,ok,unavailable,rustc,nightly-2021-05-06,Release,JerryZ
1787147278534043989,PPS-GC,sender_signaling,pps_gc_share_generation,sender,60,false,32,2,recipient_bits=16;location_bytes=32,10313,68,measured,ok,unavailable,rustc,nightly-2021-05-06,Release,JerryZ
1787147278535335517,PPS-GC,sender_signaling,pps_gc_sender_preparation,sender,60,false,32,2,recipient_bits=16;location_bytes=32,514,68,measured,ok,unavailable,rustc,nightly-2021-05-06,Release,JerryZ
1787147278537378769,PPS-GC,sender_signaling,message_encryption,sender,60,false,32,2,recipient_bits=16;location_bytes=32,-1,,not_applicable,not_applicable,unavailable,rustc,nightly-2021-05-06,Release,JerryZ
1787147278538849003,PPS-GC,sender_signaling,pps_gc_sender_total_signaling,sender,60,false,32,2,recipient_bits=16;location_bytes=32,13592,68,measured,ok,unavailable,rustc,nightly-2021-05-06,Release,JerryZ
1787147278540106587,PPS-GC,sender_signaling,pps_gc_share_generation,sender,61,false,32,2,recipient_bits=16;location_bytes=32,10507,68,measured,ok,unavailable,rustc,nightly-2021-05-06,Release,JerryZ
1787147278541184752,PPS-GC,sender_signaling,pps_gc_sender_preparation,sender,61,false,32,2,recipient_bits=16;location_bytes=32,532,68,measured,ok,unavailable,rustc,nightly-2021-05-06,Release,JerryZ
1787147278542389672,PPS-GC,sender_signaling,message_encryption,sender,61,false,32,2,recipient_bits=16;location_bytes=32,-1,,not_applicable,not_applicable,unavailable,rustc,nightly-2021-05-06,Release,JerryZ
1787147278544036771,PPS-GC,sender_signaling,pps_gc_sender_total_signaling,sender,61,false,32,2,recipient_bits=16;location_bytes=32,10690,68,measured,ok,unavailable,rustc,nightly-2021-05-06,Release,JerryZ
1787147278545127987,PPS-GC,sender_signaling,pps_gc_share_generation,sender,62,false,32,2,recipient_bits=16;location_bytes=32,10965,68,measured,ok,unavailable,rustc,nightly-2021-05-06,Release,JerryZ
1787147278546329830,PPS-GC,sender_signaling,pps_gc_sender_preparation,sender,62,false,32,2,recipient_bits=16;location_bytes=32,156,68,measured,ok,unavailable,rustc,nightly-2021-05-06,Release,JerryZ
1787147278547381197,PPS-GC,sender_signaling,message_encryption,sender,62,false,32,2,recipient_bits=16;location_bytes=32,-1,,not_applicable,not_applicable,unavailable,rustc,nightly-2021-05-06,Release,JerryZ
1787147278548763620,PPS-GC,sender_signaling,pps_gc_sender_total_signaling,sender,62,false,32,2,recipient_bits=16;location_bytes=32,9753,68,measured,ok,unavailable,rustc,nightly-2021-05-06,Release,JerryZ
1787147278549944561,PPS-GC,sender_signaling,pps_gc_share_generation,sender,63,false,32,2,recipient_bits=16;location_bytes=32,21885,68,measured,ok,unavailable,rustc,nightly-2021-05-06,Release,JerryZ
1787147278551657490,PPS-GC,sender_signaling,pps_gc_sender_preparation,sender,63,false,32,2,recipient_bits=16;location_bytes=32,349,68,measured,ok,unavailable,rustc,nightly-2021-05-06,Release,JerryZ
1787147278553225008,PPS-GC,sender_signaling,message_encryption,sender,63,false,32,2,recipient_bits=16;location_bytes=32,-1,,not_applicable,not_applicable,unavailable,rustc,nightly-2021-05-06,Release,JerryZ
1787147278554363625,PPS-GC,sender_signaling,pps_gc_sender_total_signaling,sender,63,false,32,2,recipient_bits=16;location_bytes=32,10781,68,measured,ok,unavailable,rustc,nightly-2021-05-06,Release,JerryZ
1787147278555407526,PPS-GC,sender_signaling,pps_gc_share_generation,sender,64,false,32,2,recipient_bits=16;location_bytes=32,9487,68,measured,ok,unavailable,rustc,nightly-2021-05-06,Release,JerryZ
1787147278556449920,PPS-GC,sender_signaling,pps_gc_sender_preparation,sender,64,false,32,2,recipient_bits=16;location_bytes=32,147,68,measured,ok,unavailable,rustc,nightly-2021-05-06,Release,JerryZ
1787147278557556459,PPS-GC,sender_signaling,message_encryption,sender,64,false,32,2,recipient_bits=16;location_bytes=32,-1,,not_applicable,not_applicable,unavailable,rustc,nightly-2021-05-06,Release,JerryZ
1787147278558738221,PPS-GC,sender_signaling,pps_gc_sender_total_signaling,sender,64,false,32,2,recipient_bits=16;location_bytes=32,9707,68,measured,ok,unavailable,rustc,nightly-2021-05-06,Release,JerryZ
1787147278560133787,PPS-GC,sender_signaling,pps_gc_share_generation,sender,65,false,32,2,recipient_bits=16;location_bytes=32,9633,68,measured,ok,unavailable,rustc,nightly-2021-05-06,Release,JerryZ
1787147278561325978,PPS-GC,sender_signaling,pps_gc_sender_preparation,sender,65,false,32,2,recipient_bits=16;location_bytes=32,147,68,measured,ok,unavailable,rustc,nightly-2021-05-06,Release,JerryZ
1787147278562566443,PPS-GC,sender_signaling,message_encryption,sender,65,false,32,2,recipient_bits=16;location_bytes=32,-1,,not_applicable,not_applicable,unavailable,rustc,nightly-2021-05-06,Release,JerryZ
1787147278563773636,PPS-GC,sender_signaling,pps_gc_sender_total_signaling,sender,65,false,32,2,recipient_bits=16;location_bytes=32,9982,68,measured,ok,unavailable,rustc,nightly-2021-05-06,Release,JerryZ
1787147278565029911,PPS-GC,sender_signaling,pps_gc_share_generation,sender,66,false,32,2,recipient_bits=16;location_bytes=32,9569,68,measured,ok,unavailable,rustc,nightly-2021-05-06,Release,JerryZ
1787147278566720744,PPS-GC,sender_signaling,pps_gc_sender_preparation,sender,66,false,32,2,recipient_bits=16;location_bytes=32,147,68,measured,ok,unavailable,rustc,nightly-2021-05-06,Release,JerryZ
1787147278569046322,PPS-GC,sender_signaling,message_encryption,sender,66,false,32,2,recipient_bits=16;location_bytes=32,-1,,not_applicable,not_applicable,unavailable,rustc,nightly-2021-05-06,Release,JerryZ
1787147278570627257,PPS-GC,sender_signaling,pps_gc_sender_total_signaling,sender,66,false,32,2,recipient_bits=16;location_bytes=32,11158,68,measured,ok,unavailable,rustc,nightly-2021-05-06,Release,JerryZ
1787147278572081493,PPS-GC,sender_signaling,pps_gc_share_generation,sender,67,false,32,2,recipient_bits=16;location_bytes=32,9725,68,measured,ok,unavailable,rustc,nightly-2021-05-06,Release,JerryZ
1787147278573537534,PPS-GC,sender_signaling,pps_gc_sender_preparation,sender,67,false,32,2,recipient_bits=16;location_bytes=32,147,68,measured,ok,unavailable,rustc,nightly-2021-05-06,Release,JerryZ
1787147278574790898,PPS-GC,sender_signaling,message_encryption,sender,67,false,32,2,recipient_bits=16;location_bytes=32,-1,,not_applicable,not_applicable,unavailable,rustc,nightly-2021-05-06,Release,JerryZ
1787147278575854975,PPS-GC,sender_signaling,pps_gc_sender_total_signaling,sender,67,false,32,2,recipient_bits=16;location_bytes=32,10222,68,measured,ok,unavailable,rustc,nightly-2021-05-06,Release,JerryZ
1787147278576941975,PPS-GC,sender_signaling,pps_gc_share_generation,sender,68,false,32,2,recipient_bits=16;location_bytes=32,9496,68,measured,ok,unavailable,rustc,nightly-2021-05-06,Release,JerryZ
1787147278578283393,PPS-GC,sender_signaling,pps_gc_sender_preparation,sender,68,false,32,2,recipient_bits=16;location_bytes=32,147,68,measured,ok,unavailable,rustc,nightly-2021-05-06,Release,JerryZ
1787147278579583650,PPS-GC,sender_signaling,message_encryption,sender,68,false,32,2,recipient_bits=16;location_bytes=32,-1,,not_applicable,not_applicable,unavailable,rustc,nightly-2021-05-06,Release,JerryZ
1787147278580803806,PPS-GC,sender_signaling,pps_gc_sender_total_signaling,sender,68,false,32,2,recipient_bits=16;location_bytes=32,10139,68,measured,ok,unavailable,rustc,nightly-2021-05-06,Release,JerryZ
1787147278582333988,PPS-GC,sender_signaling,pps_gc_share_generation,sender,69,false,32,2,recipient_bits=16;location_bytes=32,22363,68,measured,ok,unavailable,rustc,nightly-2021-05-06,Release,JerryZ
1787147278583756251,PPS-GC,sender_signaling,pps_gc_sender_preparation,sender,69,false,32,2,recipient_bits=16;location_bytes=32,367,68,measured,ok,unavailable,rustc,nightly-2021-05-06,Release,JerryZ
1787147278585000803,PPS-GC,sender_signaling,message_encryption,sender,69,false,32,2,recipient_bits=16;location_bytes=32,-1,,not_applicable,not_applicable,unavailable,rustc,nightly-2021-05-06,Release,JerryZ
1787147278586292991,PPS-GC,sender_signaling,pps_gc_sender_total_signaling,sender,69,false,32,2,recipient_bits=16;location_bytes=32,9890,68,measured,ok,unavailable,rustc,nightly-2021-05-06,Release,JerryZ
1787147278587541662,PPS-GC,sender_signaling,pps_gc_share_generation,sender,70,false,32,2,recipient_bits=16;location_bytes=32,9514,68,measured,ok,unavailable,rustc,nightly-2021-05-06,Release,JerryZ
1787147278588640969,PPS-GC,sender_signaling,pps_gc_sender_preparation,sender,70,false,32,2,recipient_bits=16;location_bytes=32,138,68,measured,ok,unavailable,rustc,nightly-2021-05-06,Release,JerryZ
1787147278589713284,PPS-GC,sender_signaling,message_encryption,sender,70,false,32,2,recipient_bits=16;location_bytes=32,-1,,not_applicable,not_applicable,unavailable,rustc,nightly-2021-05-06,Release,JerryZ
1787147278590791835,PPS-GC,sender_signaling,pps_gc_sender_total_signaling,sender,70,false,32,2,recipient_bits=16;location_bytes=32,9891,68,measured,ok,unavailable,rustc,nightly-2021-05-06,Release,JerryZ
1787147278591868705,PPS-GC,sender_signaling,pps_gc_share_generation,sender,71,false,32,2,recipient_bits=16;location_bytes=32,9808,68,measured,ok,unavailable,rustc,nightly-2021-05-06,Release,JerryZ
1787147278592963061,PPS-GC,sender_signaling,pps_gc_sender_preparation,sender,71,false,32,2,recipient_bits=16;location_bytes=32,120,68,measured,ok,unavailable,rustc,nightly-2021-05-06,Release,JerryZ
1787147278594478484,PPS-GC,sender_signaling,message_encryption,sender,71,false,32,2,recipient_bits=16;location_bytes=32,-1,,not_applicable,not_applicable,unavailable,rustc,nightly-2021-05-06,Release,JerryZ
1787147278595922315,PPS-GC,sender_signaling,pps_gc_sender_total_signaling,sender,71,false,32,2,recipient_bits=16;location_bytes=32,13243,68,measured,ok,unavailable,rustc,nightly-2021-05-06,Release,JerryZ
1787147278597265358,PPS-GC,sender_signaling,pps_gc_share_generation,sender,72,false,32,2,recipient_bits=16;location_bytes=32,11489,68,measured,ok,unavailable,rustc,nightly-2021-05-06,Release,JerryZ
1787147278598918891,PPS-GC,sender_signaling,pps_gc_sender_preparation,sender,72,false,32,2,recipient_bits=16;location_bytes=32,156,68,measured,ok,unavailable,rustc,nightly-2021-05-06,Release,JerryZ
1787147278600264938,PPS-GC,sender_signaling,message_encryption,sender,72,false,32,2,recipient_bits=16;location_bytes=32,-1,,not_applicable,not_applicable,unavailable,rustc,nightly-2021-05-06,Release,JerryZ
1787147278601957088,PPS-GC,sender_signaling,pps_gc_sender_total_signaling,sender,72,false,32,2,recipient_bits=16;location_bytes=32,10892,68,measured,ok,unavailable,rustc,nightly-2021-05-06,Release,JerryZ
1787147278603057272,PPS-GC,sender_signaling,pps_gc_share_generation,sender,73,false,32,2,recipient_bits=16;location_bytes=32,9634,68,measured,ok,unavailable,rustc,nightly-2021-05-06,Release,JerryZ
1787147278604322566,PPS-GC,sender_signaling,pps_gc_sender_preparation,sender,73,false,32,2,recipient_bits=16;location_bytes=32,147,68,measured,ok,unavailable,rustc,nightly-2021-05-06,Release,JerryZ
1787147278605910742,PPS-GC,sender_signaling,message_encryption,sender,73,false,32,2,recipient_bits=16;location_bytes=32,-1,,not_applicable,not_applicable,unavailable,rustc,nightly-2021-05-06,Release,JerryZ
1787147278606973892,PPS-GC,sender_signaling,pps_gc_sender_total_signaling,sender,73,false,32,2,recipient_bits=16;location_bytes=32,10810,68,measured,ok,unavailable,rustc,nightly-2021-05-06,Release,JerryZ
1787147278608029842,PPS-GC,sender_signaling,pps_gc_share_generation,sender,74,false,32,2,recipient_bits=16;location_bytes=32,9432,68,measured,ok,unavailable,rustc,nightly-2021-05-06,Release,JerryZ
1787147278609063447,PPS-GC,sender_signaling,pps_gc_sender_preparation,sender,74,false,32,2,recipient_bits=16;location_bytes=32,146,68,measured,ok,unavailable,rustc,nightly-2021-05-06,Release,JerryZ
1787147278610138343,PPS-GC,sender_signaling,message_encryption,sender,74,false,32,2,recipient_bits=16;location_bytes=32,-1,,not_applicable,not_applicable,unavailable,rustc,nightly-2021-05-06,Release,JerryZ
1787147278611202370,PPS-GC,sender_signaling,pps_gc_sender_total_signaling,sender,74,false,32,2,recipient_bits=16;location_bytes=32,9918,68,measured,ok,unavailable,rustc,nightly-2021-05-06,Release,JerryZ
1787147278612758592,PPS-GC,sender_signaling,pps_gc_share_generation,sender,75,false,32,2,recipient_bits=16;location_bytes=32,10194,68,measured,ok,unavailable,rustc,nightly-2021-05-06,Release,JerryZ
1787147278613911462,PPS-GC,sender_signaling,pps_gc_sender_preparation,sender,75,false,32,2,recipient_bits=16;location_bytes=32,505,68,measured,ok,unavailable,rustc,nightly-2021-05-06,Release,JerryZ
1787147278615435063,PPS-GC,sender_signaling,message_encryption,sender,75,false,32,2,recipient_bits=16;location_bytes=32,-1,,not_applicable,not_applicable,unavailable,rustc,nightly-2021-05-06,Release,JerryZ
1787147278616493970,PPS-GC,sender_signaling,pps_gc_sender_total_signaling,sender,75,false,32,2,recipient_bits=16;location_bytes=32,10102,68,measured,ok,unavailable,rustc,nightly-2021-05-06,Release,JerryZ
1787147278617625190,PPS-GC,sender_signaling,pps_gc_share_generation,sender,76,false,32,2,recipient_bits=16;location_bytes=32,15943,68,measured,ok,unavailable,rustc,nightly-2021-05-06,Release,JerryZ
1787147278619033530,PPS-GC,sender_signaling,pps_gc_sender_preparation,sender,76,false,32,2,recipient_bits=16;location_bytes=32,156,68,measured,ok,unavailable,rustc,nightly-2021-05-06,Release,JerryZ
1787147278620152007,PPS-GC,sender_signaling,message_encryption,sender,76,false,32,2,recipient_bits=16;location_bytes=32,-1,,not_applicable,not_applicable,unavailable,rustc,nightly-2021-05-06,Release,JerryZ
1787147278621231573,PPS-GC,sender_signaling,pps_gc_sender_total_signaling,sender,76,false,32,2,recipient_bits=16;location_bytes=32,10029,68,measured,ok,unavailable,rustc,nightly-2021-05-06,Release,JerryZ
1787147278622402669,PPS-GC,sender_signaling,pps_gc_share_generation,sender,77,false,32,2,recipient_bits=16;location_bytes=32,9652,68,measured,ok,unavailable,rustc,nightly-2021-05-06,Release,JerryZ
1787147278623672987,PPS-GC,sender_signaling,pps_gc_sender_preparation,sender,77,false,32,2,recipient_bits=16;location_bytes=32,147,68,measured,ok,unavailable,rustc,nightly-2021-05-06,Release,JerryZ
1787147278624775205,PPS-GC,sender_signaling,message_encryption,sender,77,false,32,2,recipient_bits=16;location_bytes=32,-1,,not_applicable,not_applicable,unavailable,rustc,nightly-2021-05-06,Release,JerryZ
1787147278626142650,PPS-GC,sender_signaling,pps_gc_sender_total_signaling,sender,77,false,32,2,recipient_bits=16;location_bytes=32,9826,68,measured,ok,unavailable,rustc,nightly-2021-05-06,Release,JerryZ
1787147278627706297,PPS-GC,sender_signaling,pps_gc_share_generation,sender,78,false,32,2,recipient_bits=16;location_bytes=32,10819,68,measured,ok,unavailable,rustc,nightly-2021-05-06,Release,JerryZ
1787147278630011925,PPS-GC,sender_signaling,pps_gc_sender_preparation,sender,78,false,32,2,recipient_bits=16;location_bytes=32,478,68,measured,ok,unavailable,rustc,nightly-2021-05-06,Release,JerryZ
1787147278631538013,PPS-GC,sender_signaling,message_encryption,sender,78,false,32,2,recipient_bits=16;location_bytes=32,-1,,not_applicable,not_applicable,unavailable,rustc,nightly-2021-05-06,Release,JerryZ
1787147278632706455,PPS-GC,sender_signaling,pps_gc_sender_total_signaling,sender,78,false,32,2,recipient_bits=16;location_bytes=32,10993,68,measured,ok,unavailable,rustc,nightly-2021-05-06,Release,JerryZ
1787147278634179385,PPS-GC,sender_signaling,pps_gc_share_generation,sender,79,false,32,2,recipient_bits=16;location_bytes=32,9716,68,measured,ok,unavailable,rustc,nightly-2021-05-06,Release,JerryZ
1787147278635257577,PPS-GC,sender_signaling,pps_gc_sender_preparation,sender,79,false,32,2,recipient_bits=16;location_bytes=32,137,68,measured,ok,unavailable,rustc,nightly-2021-05-06,Release,JerryZ
1787147278636386428,PPS-GC,sender_signaling,message_encryption,sender,79,false,32,2,recipient_bits=16;location_bytes=32,-1,,not_applicable,not_applicable,unavailable,rustc,nightly-2021-05-06,Release,JerryZ
1787147278637529385,PPS-GC,sender_signaling,pps_gc_sender_total_signaling,sender,79,false,32,2,recipient_bits=16;location_bytes=32,10313,68,measured,ok,unavailable,rustc,nightly-2021-05-06,Release,JerryZ
1787147278638861940,PPS-GC,sender_signaling,pps_gc_share_generation,sender,80,false,32,2,recipient_bits=16;location_bytes=32,22059,68,measured,ok,unavailable,rustc,nightly-2021-05-06,Release,JerryZ
1787147278640166035,PPS-GC,sender_signaling,pps_gc_sender_preparation,sender,80,false,32,2,recipient_bits=16;location_bytes=32,275,68,measured,ok,unavailable,rustc,nightly-2021-05-06,Release,JerryZ
1787147278641656451,PPS-GC,sender_signaling,message_encryption,sender,80,false,32,2,recipient_bits=16;location_bytes=32,-1,,not_applicable,not_applicable,unavailable,rustc,nightly-2021-05-06,Release,JerryZ
1787147278643169275,PPS-GC,sender_signaling,pps_gc_sender_total_signaling,sender,80,false,32,2,recipient_bits=16;location_bytes=32,12058,68,measured,ok,unavailable,rustc,nightly-2021-05-06,Release,JerryZ
1787147278644491655,PPS-GC,sender_signaling,pps_gc_share_generation,sender,81,false,32,2,recipient_bits=16;location_bytes=32,10221,68,measured,ok,unavailable,rustc,nightly-2021-05-06,Release,JerryZ
1787147278645782828,PPS-GC,sender_signaling,pps_gc_sender_preparation,sender,81,false,32,2,recipient_bits=16;location_bytes=32,229,68,measured,ok,unavailable,rustc,nightly-2021-05-06,Release,JerryZ
1787147278646862656,PPS-GC,sender_signaling,message_encryption,sender,81,false,32,2,recipient_bits=16;location_bytes=32,-1,,not_applicable,not_applicable,unavailable,rustc,nightly-2021-05-06,Release,JerryZ
1787147278648110427,PPS-GC,sender_signaling,pps_gc_sender_total_signaling,sender,81,false,32,2,recipient_bits=16;location_bytes=32,9964,68,measured,ok,unavailable,rustc,nightly-2021-05-06,Release,JerryZ
1787147278649193211,PPS-GC,sender_signaling,pps_gc_share_generation,sender,82,false,32,2,recipient_bits=16;location_bytes=32,21361,68,measured,ok,unavailable,rustc,nightly-2021-05-06,Release,JerryZ
1787147278650601597,PPS-GC,sender_signaling,pps_gc_sender_preparation,sender,82,false,32,2,recipient_bits=16;location_bytes=32,276,68,measured,ok,unavailable,rustc,nightly-2021-05-06,Release,JerryZ
1787147278651678027,PPS-GC,sender_signaling,message_encryption,sender,82,false,32,2,recipient_bits=16;location_bytes=32,-1,,not_applicable,not_applicable,unavailable,rustc,nightly-2021-05-06,Release,JerryZ
1787147278653010087,PPS-GC,sender_signaling,pps_gc_sender_total_signaling,sender,82,false,32,2,recipient_bits=16;location_bytes=32,10259,68,measured,ok,unavailable,rustc,nightly-2021-05-06,Release,JerryZ
1787147278654156533,PPS-GC,sender_signaling,pps_gc_share_generation,sender,83,false,32,2,recipient_bits=16;location_bytes=32,21278,68,measured,ok,unavailable,rustc,nightly-2021-05-06,Release,JerryZ
1787147278655319106,PPS-GC,sender_signaling,pps_gc_sender_preparation,sender,83,false,32,2,recipient_bits=16;location_bytes=32,275,68,measured,ok,unavailable,rustc,nightly-2021-05-06,Release,JerryZ
1787147278656398888,PPS-GC,sender_signaling,message_encryption,sender,83,false,32,2,recipient_bits=16;location_bytes=32,-1,,not_applicable,not_applicable,unavailable,rustc,nightly-2021-05-06,Release,JerryZ
1787147278658403549,PPS-GC,sender_signaling,pps_gc_sender_total_signaling,sender,83,false,32,2,recipient_bits=16;location_bytes=32,18864,68,measured,ok,unavailable,rustc,nightly-2021-05-06,Release,JerryZ
1787147278660701539,PPS-GC,sender_signaling,pps_gc_share_generation,sender,84,false,32,2,recipient_bits=16;location_bytes=32,12077,68,measured,ok,unavailable,rustc,nightly-2021-05-06,Release,JerryZ
1787147278662081547,PPS-GC,sender_signaling,pps_gc_sender_preparation,sender,84,false,32,2,recipient_bits=16;location_bytes=32,688,68,measured,ok,unavailable,rustc,nightly-2021-05-06,Release,JerryZ
1787147278663386101,PPS-GC,sender_signaling,message_encryption,sender,84,false,32,2,recipient_bits=16;location_bytes=32,-1,,not_applicable,not_applicable,unavailable,rustc,nightly-2021-05-06,Release,JerryZ
1787147278664534265,PPS-GC,sender_signaling,pps_gc_sender_total_signaling,sender,84,false,32,2,recipient_bits=16;location_bytes=32,20407,68,measured,ok,unavailable,rustc,nightly-2021-05-06,Release,JerryZ
1787147278665741527,PPS-GC,sender_signaling,pps_gc_share_generation,sender,85,false,32,2,recipient_bits=16;location_bytes=32,9964,68,measured,ok,unavailable,rustc,nightly-2021-05-06,Release,JerryZ
1787147278666768741,PPS-GC,sender_signaling,pps_gc_sender_preparation,sender,85,false,32,2,recipient_bits=16;location_bytes=32,147,68,measured,ok,unavailable,rustc,nightly-2021-05-06,Release,JerryZ
1787147278667842517,PPS-GC,sender_signaling,message_encryption,sender,85,false,32,2,recipient_bits=16;location_bytes=32,-1,,not_applicable,not_applicable,unavailable,rustc,nightly-2021-05-06,Release,JerryZ
1787147278668893067,PPS-GC,sender_signaling,pps_gc_sender_total_signaling,sender,85,false,32,2,recipient_bits=16;location_bytes=32,9928,68,measured,ok,unavailable,rustc,nightly-2021-05-06,Release,JerryZ
1787147278670287361,PPS-GC,sender_signaling,pps_gc_share_generation,sender,86,false,32,2,recipient_bits=16;location_bytes=32,19754,68,measured,ok,unavailable,rustc,nightly-2021-05-06,Release,JerryZ
1787147278671463058,PPS-GC,sender_signaling,pps_gc_sender_preparation,sender,86,false,32,2,recipient_bits=16;location_bytes=32,257,68,measured,ok,unavailable,rustc,nightly-2021-05-06,Release,JerryZ
1787147278672766588,PPS-GC,sender_signaling,message_encryption,sender,86,false,32,2,recipient_bits=16;location_bytes=32,-1,,not_applicable,not_applicable,unavailable,rustc,nightly-2021-05-06,Release,JerryZ
1787147278674527364,PPS-GC,sender_signaling,pps_gc_sender_total_signaling,sender,86,false,32,2,recipient_bits=16;location_bytes=32,14106,68,measured,ok,unavailable,rustc,nightly-2021-05-06,Release,JerryZ
1787147278675934111,PPS-GC,sender_signaling,pps_gc_share_generation,sender,87,false,32,2,recipient_bits=16;location_bytes=32,10322,68,measured,ok,unavailable,rustc,nightly-2021-05-06,Release,JerryZ
1787147278677356929,PPS-GC,sender_signaling,pps_gc_sender_preparation,sender,87,false,32,2,recipient_bits=16;location_bytes=32,238,68,measured,ok,unavailable,rustc,nightly-2021-05-06,Release,JerryZ
1787147278678616722,PPS-GC,sender_signaling,message_encryption,sender,87,false,32,2,recipient_bits=16;location_bytes=32,-1,,not_applicable,not_applicable,unavailable,rustc,nightly-2021-05-06,Release,JerryZ
1787147278679695815,PPS-GC,sender_signaling,pps_gc_sender_total_signaling,sender,87,false,32,2,recipient_bits=16;location_bytes=32,9928,68,measured,ok,unavailable,rustc,nightly-2021-05-06,Release,JerryZ
1787147278680964938,PPS-GC,sender_signaling,pps_gc_share_generation,sender,88,false,32,2,recipient_bits=16;location_bytes=32,9809,68,measured,ok,unavailable,rustc,nightly-2021-05-06,Release,JerryZ
1787147278682280219,PPS-GC,sender_signaling,pps_gc_sender_preparation,sender,88,false,32,2,recipient_bits=16;location_bytes=32,294,68,measured,ok,unavailable,rustc,nightly-2021-05-06,Release,JerryZ
1787147278683347795,PPS-GC,sender_signaling,message_encryption,sender,88,false,32,2,recipient_bits=16;location_bytes=32,-1,,not_applicable,not_applicable,unavailable,rustc,nightly-2021-05-06,Release,JerryZ
1787147278684653801,PPS-GC,sender_signaling,pps_gc_sender_total_signaling,sender,88,false,32,2,recipient_bits=16;location_bytes=32,10011,68,measured,ok,unavailable,rustc,nightly-2021-05-06,Release,JerryZ
1787147278686020658,PPS-GC,sender_signaling,pps_gc_share_generation,sender,89,false,32,2,recipient_bits=16;location_bytes=32,9973,68,measured,ok,unavailable,rustc,nightly-2021-05-06,Release,JerryZ
1787147278687153306,PPS-GC,sender_signaling,pps_gc_sender_preparation,sender,89,false,32,2,recipient_bits=16;location_bytes=32,156,68,measured,ok,unavailable,rustc,nightly-2021-05-06,Release,JerryZ
1787147278688701225,PPS-GC,sender_signaling,message_encryption,sender,89,false,32,2,recipient_bits=16;location_bytes=32,-1,,not_applicable,not_applicable,unavailable,rustc,nightly-2021-05-06,Release,JerryZ
1787147278690682123,PPS-GC,sender_signaling,pps_gc_sender_total_signaling,sender,89,false,32,2,recipient_bits=16;location_bytes=32,12499,68,measured,ok,unavailable,rustc,nightly-2021-05-06,Release,JerryZ
1787147278692313234,PPS-GC,sender_signaling,pps_gc_share_generation,sender,90,false,32,2,recipient_bits=16;location_bytes=32,10938,68,measured,ok,unavailable,rustc,nightly-2021-05-06,Release,JerryZ
1787147278693424667,PPS-GC,sender_signaling,pps_gc_sender_preparation,sender,90,false,32,2,recipient_bits=16;location_bytes=32,404,68,measured,ok,unavailable,rustc,nightly-2021-05-06,Release,JerryZ
1787147278694480433,PPS-GC,sender_signaling,message_encryption,sender,90,false,32,2,recipient_bits=16;location_bytes=32,-1,,not_applicable,not_applicable,unavailable,rustc,nightly-2021-05-06,Release,JerryZ
1787147278695762083,PPS-GC,sender_signaling,pps_gc_sender_total_signaling,sender,90,false,32,2,recipient_bits=16;location_bytes=32,9826,68,measured,ok,unavailable,rustc,nightly-2021-05-06,Release,JerryZ
1787147278696819319,PPS-GC,sender_signaling,pps_gc_share_generation,sender,91,false,32,2,recipient_bits=16;location_bytes=32,9423,68,measured,ok,unavailable,rustc,nightly-2021-05-06,Release,JerryZ
1787147278697941970,PPS-GC,sender_signaling,pps_gc_sender_preparation,sender,91,false,32,2,recipient_bits=16;location_bytes=32,137,68,measured,ok,unavailable,rustc,nightly-2021-05-06,Release,JerryZ
1787147278699267009,PPS-GC,sender_signaling,message_encryption,sender,91,false,32,2,recipient_bits=16;location_bytes=32,-1,,not_applicable,not_applicable,unavailable,rustc,nightly-2021-05-06,Release,JerryZ
1787147278700331348,PPS-GC,sender_signaling,pps_gc_sender_total_signaling,sender,91,false,32,2,recipient_bits=16;location_bytes=32,9928,68,measured,ok,unavailable,rustc,nightly-2021-05-06,Release,JerryZ
1787147278701391834,PPS-GC,sender_signaling,pps_gc_share_generation,sender,92,false,32,2,recipient_bits=16;location_bytes=32,9478,68,measured,ok,unavailable,rustc,nightly-2021-05-06,Release,JerryZ
1787147278702539594,PPS-GC,sender_signaling,pps_gc_sender_preparation,sender,92,false,32,2,recipient_bits=16;location_bytes=32,146,68,measured,ok,unavailable,rustc,nightly-2021-05-06,Release,JerryZ
1787147278703713133,PPS-GC,sender_signaling,message_encryption,sender,92,false,32,2,recipient_bits=16;location_bytes=32,-1,,not_applicable,not_applicable,unavailable,rustc,nightly-2021-05-06,Release,JerryZ
1787147278705540583,PPS-GC,sender_signaling,pps_gc_sender_total_signaling,sender,92,false,32,2,recipient_bits=16;location_bytes=32,13307,68,measured,ok,unavailable,rustc,nightly-2021-05-06,Release,JerryZ
1787147278707025847,PPS-GC,sender_signaling,pps_gc_share_generation,sender,93,false,32,2,recipient_bits=16;location_bytes=32,11470,68,measured,ok,unavailable,rustc,nightly-2021-05-06,Release,JerryZ
1787147278708178961,PPS-GC,sender_signaling,pps_gc_sender_preparation,sender,93,false,32,2,recipient_bits=16;location_bytes=32,579,68,measured,ok,unavailable,rustc,nightly-2021-05-06,Release,JerryZ
1787147278709303155,PPS-GC,sender_signaling,message_encryption,sender,93,false,32,2,recipient_bits=16;location_bytes=32,-1,,not_applicable,not_applicable,unavailable,rustc,nightly-2021-05-06,Release,JerryZ
1787147278710870218,PPS-GC,sender_signaling,pps_gc_sender_total_signaling,sender,93,false,32,2,recipient_bits=16;location_bytes=32,22565,68,measured,ok,unavailable,rustc,nightly-2021-05-06,Release,JerryZ
1787147278712061977,PPS-GC,sender_signaling,pps_gc_share_generation,sender,94,false,32,2,recipient_bits=16;location_bytes=32,9560,68,measured,ok,unavailable,rustc,nightly-2021-05-06,Release,JerryZ
1787147278713156554,PPS-GC,sender_signaling,pps_gc_sender_preparation,sender,94,false,32,2,recipient_bits=16;location_bytes=32,156,68,measured,ok,unavailable,rustc,nightly-2021-05-06,Release,JerryZ
1787147278714707068,PPS-GC,sender_signaling,message_encryption,sender,94,false,32,2,recipient_bits=16;location_bytes=32,-1,,not_applicable,not_applicable,unavailable,rustc,nightly-2021-05-06,Release,JerryZ
1787147278715801572,PPS-GC,sender_signaling,pps_gc_sender_total_signaling,sender,94,false,32,2,recipient_bits=16;location_bytes=32,9845,68,measured,ok,unavailable,rustc,nightly-2021-05-06,Release,JerryZ
1787147278716860755,PPS-GC,sender_signaling,pps_gc_share_generation,sender,95,false,32,2,recipient_bits=16;location_bytes=32,9570,68,measured,ok,unavailable,rustc,nightly-2021-05-06,Release,JerryZ
1787147278718070538,PPS-GC,sender_signaling,pps_gc_sender_preparation,sender,95,false,32,2,recipient_bits=16;location_bytes=32,147,68,measured,ok,unavailable,rustc,nightly-2021-05-06,Release,JerryZ
1787147278719631733,PPS-GC,sender_signaling,message_encryption,sender,95,false,32,2,recipient_bits=16;location_bytes=32,-1,,not_applicable,not_applicable,unavailable,rustc,nightly-2021-05-06,Release,JerryZ
1787147278721151908,PPS-GC,sender_signaling,pps_gc_sender_total_signaling,sender,95,false,32,2,recipient_bits=16;location_bytes=32,11580,68,measured,ok,unavailable,rustc,nightly-2021-05-06,Release,JerryZ
1787147278722898385,PPS-GC,sender_signaling,pps_gc_share_generation,sender,96,false,32,2,recipient_bits=16;location_bytes=32,12922,68,measured,ok,unavailable,rustc,nightly-2021-05-06,Release,JerryZ
1787147278724019641,PPS-GC,sender_signaling,pps_gc_sender_preparation,sender,96,false,32,2,recipient_bits=16;location_bytes=32,643,68,measured,ok,unavailable,rustc,nightly-2021-05-06,Release,JerryZ
1787147278725090845,PPS-GC,sender_signaling,message_encryption,sender,96,false,32,2,recipient_bits=16;location_bytes=32,-1,,not_applicable,not_applicable,unavailable,rustc,nightly-2021-05-06,Release,JerryZ
1787147278726276910,PPS-GC,sender_signaling,pps_gc_sender_total_signaling,sender,96,false,32,2,recipient_bits=16;location_bytes=32,9864,68,measured,ok,unavailable,rustc,nightly-2021-05-06,Release,JerryZ
1787147278727367060,PPS-GC,sender_signaling,pps_gc_share_generation,sender,97,false,32,2,recipient_bits=16;location_bytes=32,9441,68,measured,ok,unavailable,rustc,nightly-2021-05-06,Release,JerryZ
1787147278728612241,PPS-GC,sender_signaling,pps_gc_sender_preparation,sender,97,false,32,2,recipient_bits=16;location_bytes=32,138,68,measured,ok,unavailable,rustc,nightly-2021-05-06,Release,JerryZ
1787147278729725865,PPS-GC,sender_signaling,message_encryption,sender,97,false,32,2,recipient_bits=16;location_bytes=32,-1,,not_applicable,not_applicable,unavailable,rustc,nightly-2021-05-06,Release,JerryZ
1787147278730763264,PPS-GC,sender_signaling,pps_gc_sender_total_signaling,sender,97,false,32,2,recipient_bits=16;location_bytes=32,9671,68,measured,ok,unavailable,rustc,nightly-2021-05-06,Release,JerryZ
1787147278731807706,PPS-GC,sender_signaling,pps_gc_share_generation,sender,98,false,32,2,recipient_bits=16;location_bytes=32,9790,68,measured,ok,unavailable,rustc,nightly-2021-05-06,Release,JerryZ
1787147278733140551,PPS-GC,sender_signaling,pps_gc_sender_preparation,sender,98,false,32,2,recipient_bits=16;location_bytes=32,147,68,measured,ok,unavailable,rustc,nightly-2021-05-06,Release,JerryZ
1787147278734508914,PPS-GC,sender_signaling,message_encryption,sender,98,false,32,2,recipient_bits=16;location_bytes=32,-1,,not_applicable,not_applicable,unavailable,rustc,nightly-2021-05-06,Release,JerryZ
1787147278735825439,PPS-GC,sender_signaling,pps_gc_sender_total_signaling,sender,98,false,32,2,recipient_bits=16;location_bytes=32,13482,68,measured,ok,unavailable,rustc,nightly-2021-05-06,Release,JerryZ
1787147278737654695,PPS-GC,sender_signaling,pps_gc_share_generation,sender,99,false,32,2,recipient_bits=16;location_bytes=32,11507,68,measured,ok,unavailable,rustc,nightly-2021-05-06,Release,JerryZ
1787147278738818136,PPS-GC,sender_signaling,pps_gc_sender_preparation,sender,99,false,32,2,recipient_bits=16;location_bytes=32,423,68,measured,ok,unavailable,rustc,nightly-2021-05-06,Release,JerryZ
1787147278739949686,PPS-GC,sender_signaling,message_encryption,sender,99,false,32,2,recipient_bits=16;location_bytes=32,-1,,not_applicable,not_applicable,unavailable,rustc,nightly-2021-05-06,Release,JerryZ
1787147278741262172,PPS-GC,sender_signaling,pps_gc_sender_total_signaling,sender,99,false,32,2,recipient_bits=16;location_bytes=32,22730,68,measured,ok,unavailable,rustc,nightly-2021-05-06,Release,JerryZ
1787147278742632917,PPS-GC,sender_signaling,pps_gc_share_generation,sender,100,false,32,2,recipient_bits=16;location_bytes=32,11672,68,measured,ok,unavailable,rustc,nightly-2021-05-06,Release,JerryZ
1787147278743808632,PPS-GC,sender_signaling,pps_gc_sender_preparation,sender,100,false,32,2,recipient_bits=16;location_bytes=32,487,68,measured,ok,unavailable,rustc,nightly-2021-05-06,Release,JerryZ
1787147278745171632,PPS-GC,sender_signaling,message_encryption,sender,100,false,32,2,recipient_bits=16;location_bytes=32,-1,,not_applicable,not_applicable,unavailable,rustc,nightly-2021-05-06,Release,JerryZ
1787147278746286046,PPS-GC,sender_signaling,pps_gc_sender_total_signaling,sender,100,false,32,2,recipient_bits=16;location_bytes=32,10084,68,measured,ok,unavailable,rustc,nightly-2021-05-06,Release,JerryZ
1787147278747349728,PPS-GC,sender_signaling,pps_gc_share_generation,sender,101,false,32,2,recipient_bits=16;location_bytes=32,9515,68,measured,ok,unavailable,rustc,nightly-2021-05-06,Release,JerryZ
1787147278748453948,PPS-GC,sender_signaling,pps_gc_sender_preparation,sender,101,false,32,2,recipient_bits=16;location_bytes=32,138,68,measured,ok,unavailable,rustc,nightly-2021-05-06,Release,JerryZ
1787147278749894459,PPS-GC,sender_signaling,message_encryption,sender,101,false,32,2,recipient_bits=16;location_bytes=32,-1,,not_applicable,not_applicable,unavailable,rustc,nightly-2021-05-06,Release,JerryZ
1787147278751974353,PPS-GC,sender_signaling,pps_gc_sender_total_signaling,sender,101,false,32,2,recipient_bits=16;location_bytes=32,11921,68,measured,ok,unavailable,rustc,nightly-2021-05-06,Release,JerryZ
1787147278753362980,PPS-GC,sender_signaling,pps_gc_share_generation,sender,102,false,32,2,recipient_bits=16;location_bytes=32,11140,68,measured,ok,unavailable,rustc,nightly-2021-05-06,Release,JerryZ
1787147278754638628,PPS-GC,sender_signaling,pps_gc_sender_preparation,sender,102,false,32,2,recipient_bits=16;location_bytes=32,469,68,measured,ok,unavailable,rustc,nightly-2021-05-06,Release,JerryZ
1787147278755662719,PPS-GC,sender_signaling,message_encryption,sender,102,false,32,2,recipient_bits=16;location_bytes=32,-1,,not_applicable,not_applicable,unavailable,rustc,nightly-2021-05-06,Release,JerryZ
1787147278757060434,PPS-GC,sender_signaling,pps_gc_sender_total_signaling,sender,102,false,32,2,recipient_bits=16;location_bytes=32,11131,68,measured,ok,unavailable,rustc,nightly-2021-05-06,Release,JerryZ
1787147278758149409,PPS-GC,sender_signaling,pps_gc_share_generation,sender,103,false,32,2,recipient_bits=16;location_bytes=32,9560,68,measured,ok,unavailable,rustc,nightly-2021-05-06,Release,JerryZ
1787147278759173436,PPS-GC,sender_signaling,pps_gc_sender_preparation,sender,103,false,32,2,recipient_bits=16;location_bytes=32,147,68,measured,ok,unavailable,rustc,nightly-2021-05-06,Release,JerryZ
1787147278760223665,PPS-GC,sender_signaling,message_encryption,sender,103,false,32,2,recipient_bits=16;location_bytes=32,-1,,not_applicable,not_applicable,unavailable,rustc,nightly-2021-05-06,Release,JerryZ
1787147278761481364,PPS-GC,sender_signaling,pps_gc_sender_total_signaling,sender,103,false,32,2,recipient_bits=16;location_bytes=32,11599,68,measured,ok,unavailable,rustc,nightly-2021-05-06,Release,JerryZ
1787147278762523400,PPS-GC,sender_signaling,pps_gc_share_generation,sender,104,false,32,2,recipient_bits=16;location_bytes=32,9625,68,measured,ok,unavailable,rustc,nightly-2021-05-06,Release,JerryZ
1787147278763576930,PPS-GC,sender_signaling,pps_gc_sender_preparation,sender,104,false,32,2,recipient_bits=16;location_bytes=32,147,68,measured,ok,unavailable,rustc,nightly-2021-05-06,Release,JerryZ
1787147278765100008,PPS-GC,sender_signaling,message_encryption,sender,104,false,32,2,recipient_bits=16;location_bytes=32,-1,,not_applicable,not_applicable,unavailable,rustc,nightly-2021-05-06,Release,JerryZ
1787147278766491491,PPS-GC,sender_signaling,pps_gc_sender_total_signaling,sender,104,false,32,2,recipient_bits=16;location_bytes=32,13014,68,measured,ok,unavailable,rustc,nightly-2021-05-06,Release,JerryZ
1787147278767797726,PPS-GC,sender_signaling,pps_gc_share_generation,sender,105,false,32,2,recipient_bits=16;location_bytes=32,11516,68,measured,ok,unavailable,rustc,nightly-2021-05-06,Release,JerryZ
1787147278768874706,PPS-GC,sender_signaling,pps_gc_sender_preparation,sender,105,false,32,2,recipient_bits=16;location_bytes=32,147,68,measured,ok,unavailable,rustc,nightly-2021-05-06,Release,JerryZ
1787147278769936759,PPS-GC,sender_signaling,message_encryption,sender,105,false,32,2,recipient_bits=16;location_bytes=32,-1,,not_applicable,not_applicable,unavailable,rustc,nightly-2021-05-06,Release,JerryZ
1787147278770984590,PPS-GC,sender_signaling,pps_gc_sender_total_signaling,sender,105,false,32,2,recipient_bits=16;location_bytes=32,9708,68,measured,ok,unavailable,rustc,nightly-2021-05-06,Release,JerryZ
1787147278772306805,PPS-GC,sender_signaling,pps_gc_share_generation,sender,106,false,32,2,recipient_bits=16;location_bytes=32,10763,68,measured,ok,unavailable,rustc,nightly-2021-05-06,Release,JerryZ
1787147278773392918,PPS-GC,sender_signaling,pps_gc_sender_preparation,sender,106,false,32,2,recipient_bits=16;location_bytes=32,147,68,measured,ok,unavailable,rustc,nightly-2021-05-06,Release,JerryZ
1787147278774527477,PPS-GC,sender_signaling,message_encryption,sender,106,false,32,2,recipient_bits=16;location_bytes=32,-1,,not_applicable,not_applicable,unavailable,rustc,nightly-2021-05-06,Release,JerryZ
1787147278775652052,PPS-GC,sender_signaling,pps_gc_sender_total_signaling,sender,106,false,32,2,recipient_bits=16;location_bytes=32,10791,68,measured,ok,unavailable,rustc,nightly-2021-05-06,Release,JerryZ
1787147278776832607,PPS-GC,sender_signaling,pps_gc_share_generation,sender,107,false,32,2,recipient_bits=16;location_bytes=32,9597,68,measured,ok,unavailable,rustc,nightly-2021-05-06,Release,JerryZ
1787147278778567481,PPS-GC,sender_signaling,pps_gc_sender_preparation,sender,107,false,32,2,recipient_bits=16;location_bytes=32,138,68,measured,ok,unavailable,rustc,nightly-2021-05-06,Release,JerryZ
1787147278780000608,PPS-GC,sender_signaling,message_encryption,sender,107,false,32,2,recipient_bits=16;location_bytes=32,-1,,not_applicable,not_applicable,unavailable,rustc,nightly-2021-05-06,Release,JerryZ
1787147278781758478,PPS-GC,sender_signaling,pps_gc_sender_total_signaling,sender,107,false,32,2,recipient_bits=16;location_bytes=32,11516,68,measured,ok,unavailable,rustc,nightly-2021-05-06,Release,JerryZ
1787147278783487359,PPS-GC,sender_signaling,pps_gc_share_generation,sender,108,false,32,2,recipient_bits=16;location_bytes=32,10074,68,measured,ok,unavailable,rustc,nightly-2021-05-06,Release,JerryZ
1787147278784789410,PPS-GC,sender_signaling,pps_gc_sender_preparation,sender,108,false,32,2,recipient_bits=16;location_bytes=32,230,68,measured,ok,unavailable,rustc,nightly-2021-05-06,Release,JerryZ
1787147278786125970,PPS-GC,sender_signaling,message_encryption,sender,108,false,32,2,recipient_bits=16;location_bytes=32,-1,,not_applicable,not_applicable,unavailable,rustc,nightly-2021-05-06,Release,JerryZ
1787147278787395392,PPS-GC,sender_signaling,pps_gc_sender_total_signaling,sender,108,false,32,2,recipient_bits=16;location_bytes=32,22693,68,measured,ok,unavailable,rustc,nightly-2021-05-06,Release,JerryZ
1787147278788836536,PPS-GC,sender_signaling,pps_gc_share_generation,sender,109,false,32,2,recipient_bits=16;location_bytes=32,9643,68,measured,ok,unavailable,rustc,nightly-2021-05-06,Release,JerryZ
1787147278789986560,PPS-GC,sender_signaling,pps_gc_sender_preparation,sender,109,false,32,2,recipient_bits=16;location_bytes=32,138,68,measured,ok,unavailable,rustc,nightly-2021-05-06,Release,JerryZ
1787147278791028399,PPS-GC,sender_signaling,message_encryption,sender,109,false,32,2,recipient_bits=16;location_bytes=32,-1,,not_applicable,not_applicable,unavailable,rustc,nightly-2021-05-06,Release,JerryZ
1787147278792418835,PPS-GC,sender_signaling,pps_gc_sender_total_signaling,sender,109,false,32,2,recipient_bits=16;location_bytes=32,9707,68,measured,ok,unavailable,rustc,nightly-2021-05-06,Release,JerryZ
1787147278793459292,PPS-GC,sender_signaling,pps_gc_share_generation,sender,110,false,32,2,recipient_bits=16;location_bytes=32,9634,68,measured,ok,unavailable,rustc,nightly-2021-05-06,Release,JerryZ
1787147278794564701,PPS-GC,sender_signaling,pps_gc_sender_preparation,sender,110,false,32,2,recipient_bits=16;location_bytes=32,147,68,measured,ok,unavailable,rustc,nightly-2021-05-06,Release,JerryZ
1787147278795789095,PPS-GC,sender_signaling,message_encryption,sender,110,false,32,2,recipient_bits=16;location_bytes=32,-1,,not_applicable,not_applicable,unavailable,rustc,nightly-2021-05-06,Release,JerryZ
1787147278797562021,PPS-GC,sender_signaling,pps_gc_sender_total_signaling,sender,110,false,32,2,recipient_bits=16;location_bytes=32,12398,68,measured,ok,unavailable,rustc,nightly-2021-05-06,Release,JerryZ
1787147278798847198,PPS-GC,sender_signaling,pps_gc_share_generation,sender,111,false,32,2,recipient_bits=16;location_bytes=32,9753,68,measured,ok,unavailable,rustc,nightly-2021-05-06,Release,JerryZ
1787147278799857100,PPS-GC,sender_signaling,pps_gc_sender_preparation,sender,111,false,32,2,recipient_bits=16;location_bytes=32,147,68,measured,ok,unavailable,rustc,nightly-2021-05-06,Release,JerryZ
1787147278800862346,PPS-GC,sender_signaling,message_encryption,sender,111,false,32,2,recipient_bits=16;location_bytes=32,-1,,not_applicable,not_applicable,unavailable,rustc,nightly-2021-05-06,Release,JerryZ
1787147278802261337,PPS-GC,sender_signaling,pps_gc_sender_total_signaling,sender,111,false,32,2,recipient_bits=16;location_bytes=32,9910,68,measured,ok,unavailable,rustc,nightly-2021-05-06,Release,JerryZ
1787147278803356566,PPS-GC,sender_signaling,pps_gc_share_generation,sender,112,false,32,2,recipient_bits=16;location_bytes=32,9515,68,measured,ok,unavailable,rustc,nightly-2021-05-06,Release,JerryZ
1787147278804392963,PPS-GC,sender_signaling,pps_gc_sender_preparation,sender,112,false,32,2,recipient_bits=16;location_bytes=32,147,68,measured,ok,unavailable,rustc,nightly-2021-05-06,Release,JerryZ
1787147278805465774,PPS-GC,sender_signaling,message_encryption,sender,112,false,32,2,recipient_bits=16;location_bytes=32,-1,,not_applicable,not_applicable,unavailable,rustc,nightly-2021-05-06,Release,JerryZ
1787147278806857254,PPS-GC,sender_signaling,pps_gc_sender_total_signaling,sender,112,false,32,2,recipient_bits=16;location_bytes=32,9947,68,measured,ok,unavailable,rustc,nightly-2021-05-06,Release,JerryZ
1787147278808030329,PPS-GC,sender_signaling,pps_gc_share_generation,sender,113,false,32,2,recipient_bits=16;location_bytes=32,19681,68,measured,ok,unavailable,rustc,nightly-2021-05-06,Release,JerryZ
1787147278809413685,PPS-GC,sender_signaling,pps_gc_sender_preparation,sender,113,false,32,2,recipient_bits=16;location_bytes=32,266,68,measured,ok,unavailable,rustc,nightly-2021-05-06,Release,JerryZ
1787147278810779675,PPS-GC,sender_signaling,message_encryption,sender,113,false,32,2,recipient_bits=16;location_bytes=32,-1,,not_applicable,not_applicable,unavailable,rustc,nightly-2021-05-06,Release,JerryZ
1787147278812883075,PPS-GC,sender_signaling,pps_gc_sender_total_signaling,sender,113,false,32,2,recipient_bits=16;location_bytes=32,16494,68,measured,ok,unavailable,rustc,nightly-2021-05-06,Release,JerryZ
1787147278814406469,PPS-GC,sender_signaling,pps_gc_share_generation,sender,114,false,32,2,recipient_bits=16;location_bytes=32,11498,68,measured,ok,unavailable,rustc,nightly-2021-05-06,Release,JerryZ
1787147278815941995,PPS-GC,sender_signaling,pps_gc_sender_preparation,sender,114,false,32,2,recipient_bits=16;location_bytes=32,248,68,measured,ok,unavailable,rustc,nightly-2021-05-06,Release,JerryZ
1787147278817299108,PPS-GC,sender_signaling,message_encryption,sender,114,false,32,2,recipient_bits=16;location_bytes=32,-1,,not_applicable,not_applicable,unavailable,rustc,nightly-2021-05-06,Release,JerryZ
1787147278818866226,PPS-GC,sender_signaling,pps_gc_sender_total_signaling,sender,114,false,32,2,recipient_bits=16;location_bytes=32,10736,68,measured,ok,unavailable,rustc,nightly-2021-05-06,Release,JerryZ
1787147278819921056,PPS-GC,sender_signaling,pps_gc_share_generation,sender,115,false,32,2,recipient_bits=16;location_bytes=32,9542,68,measured,ok,unavailable,rustc,nightly-2021-05-06,Release,JerryZ
1787147278820967335,PPS-GC,sender_signaling,pps_gc_sender_preparation,sender,115,false,32,2,recipient_bits=16;location_bytes=32,165,68,measured,ok,unavailable,rustc,nightly-2021-05-06,Release,JerryZ
1787147278822081693,PPS-GC,sender_signaling,message_encryption,sender,115,false,32,2,recipient_bits=16;location_bytes=32,-1,,not_applicable,not_applicable,unavailable,rustc,nightly-2021-05-06,Release,JerryZ
1787147278823128996,PPS-GC,sender_signaling,pps_gc_sender_total_signaling,sender,115,false,32,2,recipient_bits=16;location_bytes=32,9634,68,measured,ok,unavailable,rustc,nightly-2021-05-06,Release,JerryZ
1787147278824578792,PPS-GC,sender_signaling,pps_gc_share_generation,sender,116,false,32,2,recipient_bits=16;location_bytes=32,9615,68,measured,ok,unavailable,rustc,nightly-2021-05-06,Release,JerryZ
1787147278825703156,PPS-GC,sender_signaling,pps_gc_sender_preparation,sender,116,false,32,2,recipient_bits=16;location_bytes=32,202,68,measured,ok,unavailable,rustc,nightly-2021-05-06,Release,JerryZ
1787147278827195698,PPS-GC,sender_signaling,message_encryption,sender,116,false,32,2,recipient_bits=16;location_bytes=32,-1,,not_applicable,not_applicable,unavailable,rustc,nightly-2021-05-06,Release,JerryZ
1787147278828642431,PPS-GC,sender_signaling,pps_gc_sender_total_signaling,sender,116,false,32,2,recipient_bits=16;location_bytes=32,22445,68,measured,ok,unavailable,rustc,nightly-2021-05-06,Release,JerryZ
1787147278829936717,PPS-GC,sender_signaling,pps_gc_share_generation,sender,117,false,32,2,recipient_bits=16;location_bytes=32,9588,68,measured,ok,unavailable,rustc,nightly-2021-05-06,Release,JerryZ
1787147278831232207,PPS-GC,sender_signaling,pps_gc_sender_preparation,sender,117,false,32,2,recipient_bits=16;location_bytes=32,138,68,measured,ok,unavailable,rustc,nightly-2021-05-06,Release,JerryZ
1787147278832344518,PPS-GC,sender_signaling,message_encryption,sender,117,false,32,2,recipient_bits=16;location_bytes=32,-1,,not_applicable,not_applicable,unavailable,rustc,nightly-2021-05-06,Release,JerryZ
1787147278833501599,PPS-GC,sender_signaling,pps_gc_sender_total_signaling,sender,117,false,32,2,recipient_bits=16;location_bytes=32,9716,68,measured,ok,unavailable,rustc,nightly-2021-05-06,Release,JerryZ
1787147278834566540,PPS-GC,sender_signaling,pps_gc_share_generation,sender,118,false,32,2,recipient_bits=16;location_bytes=32,9469,68,measured,ok,unavailable,rustc,nightly-2021-05-06,Release,JerryZ
1787147278835817681,PPS-GC,sender_signaling,pps_gc_sender_preparation,sender,118,false,32,2,recipient_bits=16;location_bytes=32,147,68,measured,ok,unavailable,rustc,nightly-2021-05-06,Release,JerryZ
1787147278836903685,PPS-GC,sender_signaling,message_encryption,sender,118,false,32,2,recipient_bits=16;location_bytes=32,-1,,not_applicable,not_applicable,unavailable,rustc,nightly-2021-05-06,Release,JerryZ
1787147278838050035,PPS-GC,sender_signaling,pps_gc_sender_total_signaling,sender,118,false,32,2,recipient_bits=16;location_bytes=32,10139,68,measured,ok,unavailable,rustc,nightly-2021-05-06,Release,JerryZ
1787147278839123608,PPS-GC,sender_signaling,pps_gc_share_generation,sender,119,false,32,2,recipient_bits=16;location_bytes=32,9854,68,measured,ok,unavailable,rustc,nightly-2021-05-06,Release,JerryZ
1787147278840618864,PPS-GC,sender_signaling,pps_gc_sender_preparation,sender,119,false,32,2,recipient_bits=16;location_bytes=32,147,68,measured,ok,unavailable,rustc,nightly-2021-05-06,Release,JerryZ
1787147278842447440,PPS-GC,sender_signaling,message_encryption,sender,119,false,32,2,recipient_bits=16;location_bytes=32,-1,,not_applicable,not_applicable,unavailable,rustc,nightly-2021-05-06,Release,JerryZ
1787147278844497873,PPS-GC,sender_signaling,pps_gc_sender_total_signaling,sender,119,false,32,2,recipient_bits=16;location_bytes=32,50740,68,measured,ok,unavailable,rustc,nightly-2021-05-06,Release,JerryZ
1787147278846769417,PPS-GC,sender_signaling,pps_gc_share_generation,sender,120,false,32,2,recipient_bits=16;location_bytes=32,14023,68,measured,ok,unavailable,rustc,nightly-2021-05-06,Release,JerryZ
1787147278848665204,PPS-GC,sender_signaling,pps_gc_sender_preparation,sender,120,false,32,2,recipient_bits=16;location_bytes=32,1726,68,measured,ok,unavailable,rustc,nightly-2021-05-06,Release,JerryZ
1787147278850115450,PPS-GC,sender_signaling,message_encryption,sender,120,false,32,2,recipient_bits=16;location_bytes=32,-1,,not_applicable,not_applicable,unavailable,rustc,nightly-2021-05-06,Release,JerryZ
1787147278851309928,PPS-GC,sender_signaling,pps_gc_sender_total_signaling,sender,120,false,32,2,recipient_bits=16;location_bytes=32,10855,68,measured,ok,unavailable,rustc,nightly-2021-05-06,Release,JerryZ
1787147278852420526,PPS-GC,sender_signaling,pps_gc_share_generation,sender,121,false,32,2,recipient_bits=16;location_bytes=32,9487,68,measured,ok,unavailable,rustc,nightly-2021-05-06,Release,JerryZ
1787147278853530271,PPS-GC,sender_signaling,pps_gc_sender_preparation,sender,121,false,32,2,recipient_bits=16;location_bytes=32,146,68,measured,ok,unavailable,rustc,nightly-2021-05-06,Release,JerryZ
1787147278854869710,PPS-GC,sender_signaling,message_encryption,sender,121,false,32,2,recipient_bits=16;location_bytes=32,-1,,not_applicable,not_applicable,unavailable,rustc,nightly-2021-05-06,Release,JerryZ
1787147278855983085,PPS-GC,sender_signaling,pps_gc_sender_total_signaling,sender,121,false,32,2,recipient_bits=16;location_bytes=32,21527,68,measured,ok,unavailable,rustc,nightly-2021-05-06,Release,JerryZ
1787147278857591393,PPS-GC,sender_signaling,pps_gc_share_generation,sender,122,false,32,2,recipient_bits=16;location_bytes=32,10231,68,measured,ok,unavailable,rustc,nightly-2021-05-06,Release,JerryZ
1787147278858926414,PPS-GC,sender_signaling,pps_gc_sender_preparation,sender,122,false,32,2,recipient_bits=16;location_bytes=32,422,68,measured,ok,unavailable,rustc,nightly-2021-05-06,Release,JerryZ
1787147278860387148,PPS-GC,sender_signaling,message_encryption,sender,122,false,32,2,recipient_bits=16;location_bytes=32,-1,,not_applicable,not_applicable,unavailable,rustc,nightly-2021-05-06,Release,JerryZ
1787147278861708720,PPS-GC,sender_signaling,pps_gc_sender_total_signaling,sender,122,false,32,2,recipient_bits=16;location_bytes=32,10038,68,measured,ok,unavailable,rustc,nightly-2021-05-06,Release,JerryZ
1787147278862805500,PPS-GC,sender_signaling,pps_gc_share_generation,sender,123,false,32,2,recipient_bits=16;location_bytes=32,9551,68,measured,ok,unavailable,rustc,nightly-2021-05-06,Release,JerryZ
1787147278864016316,PPS-GC,sender_signaling,pps_gc_sender_preparation,sender,123,false,32,2,recipient_bits=16;location_bytes=32,138,68,measured,ok,unavailable,rustc,nightly-2021-05-06,Release,JerryZ
1787147278865117257,PPS-GC,sender_signaling,message_encryption,sender,123,false,32,2,recipient_bits=16;location_bytes=32,-1,,not_applicable,not_applicable,unavailable,rustc,nightly-2021-05-06,Release,JerryZ
1787147278866437286,PPS-GC,sender_signaling,pps_gc_sender_total_signaling,sender,123,false,32,2,recipient_bits=16;location_bytes=32,9818,68,measured,ok,unavailable,rustc,nightly-2021-05-06,Release,JerryZ
1787147278867480305,PPS-GC,sender_signaling,pps_gc_share_generation,sender,124,false,32,2,recipient_bits=16;location_bytes=32,9533,68,measured,ok,unavailable,rustc,nightly-2021-05-06,Release,JerryZ
1787147278868646285,PPS-GC,sender_signaling,pps_gc_sender_preparation,sender,124,false,32,2,recipient_bits=16;location_bytes=32,147,68,measured,ok,unavailable,rustc,nightly-2021-05-06,Release,JerryZ
1787147278870136448,PPS-GC,sender_signaling,message_encryption,sender,124,false,32,2,recipient_bits=16;location_bytes=32,-1,,not_applicable,not_applicable,unavailable,rustc,nightly-2021-05-06,Release,JerryZ
1787147278871681732,PPS-GC,sender_signaling,pps_gc_sender_total_signaling,sender,124,false,32,2,recipient_bits=16;location_bytes=32,12022,68,measured,ok,unavailable,rustc,nightly-2021-05-06,Release,JerryZ
1787147278873210288,PPS-GC,sender_signaling,pps_gc_share_generation,sender,125,false,32,2,recipient_bits=16;location_bytes=32,10571,68,measured,ok,unavailable,rustc,nightly-2021-05-06,Release,JerryZ
1787147278874768287,PPS-GC,sender_signaling,pps_gc_sender_preparation,sender,125,false,32,2,recipient_bits=16;location_bytes=32,137,68,measured,ok,unavailable,rustc,nightly-2021-05-06,Release,JerryZ
1787147278876110673,PPS-GC,sender_signaling,message_encryption,sender,125,false,32,2,recipient_bits=16;location_bytes=32,-1,,not_applicable,not_applicable,unavailable,rustc,nightly-2021-05-06,Release,JerryZ
1787147278877246278,PPS-GC,sender_signaling,pps_gc_sender_total_signaling,sender,125,false,32,2,recipient_bits=16;location_bytes=32,22840,68,measured,ok,unavailable,rustc,nightly-2021-05-06,Release,JerryZ
1787147278878521977,PPS-GC,sender_signaling,pps_gc_share_generation,sender,126,false,32,2,recipient_bits=16;location_bytes=32,9615,68,measured,ok,unavailable,rustc,nightly-2021-05-06,Release,JerryZ
1787147278879700108,PPS-GC,sender_signaling,pps_gc_sender_preparation,sender,126,false,32,2,recipient_bits=16;location_bytes=32,221,68,measured,ok,unavailable,rustc,nightly-2021-05-06,Release,JerryZ
1787147278881174369,PPS-GC,sender_signaling,message_encryption,sender,126,false,32,2,recipient_bits=16;location_bytes=32,-1,,not_applicable,not_applicable,unavailable,rustc,nightly-2021-05-06,Release,JerryZ
1787147278882292934,PPS-GC,sender_signaling,pps_gc_sender_total_signaling,sender,126,false,32,2,recipient_bits=16;location_bytes=32,10552,68,measured,ok,unavailable,rustc,nightly-2021-05-06,Release,JerryZ
1787147278883344622,PPS-GC,sender_signaling,pps_gc_share_generation,sender,127,false,32,2,recipient_bits=16;location_bytes=32,9578,68,measured,ok,unavailable,rustc,nightly-2021-05-06,Release,JerryZ
1787147278884433000,PPS-GC,sender_signaling,pps_gc_sender_preparation,sender,127,false,32,2,recipient_bits=16;location_bytes=32,138,68,measured,ok,unavailable,rustc,nightly-2021-05-06,Release,JerryZ
1787147278885721225,PPS-GC,sender_signaling,message_encryption,sender,127,false,32,2,recipient_bits=16;location_bytes=32,-1,,not_applicable,not_applicable,unavailable,rustc,nightly-2021-05-06,Release,JerryZ
1787147278886958187,PPS-GC,sender_signaling,pps_gc_sender_total_signaling,sender,127,false,32,2,recipient_bits=16;location_bytes=32,22261,68,measured,ok,unavailable,rustc,nightly-2021-05-06,Release,JerryZ
1787147278888720194,PPS-GC,sender_signaling,pps_gc_share_generation,sender,128,false,32,2,recipient_bits=16;location_bytes=32,25311,68,measured,ok,unavailable,rustc,nightly-2021-05-06,Release,JerryZ
1787147278890492482,PPS-GC,sender_signaling,pps_gc_sender_preparation,sender,128,false,32,2,recipient_bits=16;location_bytes=32,1258,68,measured,ok,unavailable,rustc,nightly-2021-05-06,Release,JerryZ
1787147278891767506,PPS-GC,sender_signaling,message_encryption,sender,128,false,32,2,recipient_bits=16;location_bytes=32,-1,,not_applicable,not_applicable,unavailable,rustc,nightly-2021-05-06,Release,JerryZ
1787147278892822510,PPS-GC,sender_signaling,pps_gc_sender_total_signaling,sender,128,false,32,2,recipient_bits=16;location_bytes=32,10277,68,measured,ok,unavailable,rustc,nightly-2021-05-06,Release,JerryZ
1787147278893937162,PPS-GC,sender_signaling,pps_gc_share_generation,sender,129,false,32,2,recipient_bits=16;location_bytes=32,9487,68,measured,ok,unavailable,rustc,nightly-2021-05-06,Release,JerryZ
1787147278895454285,PPS-GC,sender_signaling,pps_gc_sender_preparation,sender,129,false,32,2,recipient_bits=16;location_bytes=32,238,68,measured,ok,unavailable,rustc,nightly-2021-05-06,Release,JerryZ
1787147278896549106,PPS-GC,sender_signaling,message_encryption,sender,129,false,32,2,recipient_bits=16;location_bytes=32,-1,,not_applicable,not_applicable,unavailable,rustc,nightly-2021-05-06,Release,JerryZ
1787147278897712832,PPS-GC,sender_signaling,pps_gc_sender_total_signaling,sender,129,false,32,2,recipient_bits=16;location_bytes=32,10194,68,measured,ok,unavailable,rustc,nightly-2021-05-06,Release,JerryZ
1787147278898776606,PPS-GC,sender_signaling,pps_gc_share_generation,sender,130,false,32,2,recipient_bits=16;location_bytes=32,9633,68,measured,ok,unavailable,rustc,nightly-2021-05-06,Release,JerryZ
1787147278899840771,PPS-GC,sender_signaling,pps_gc_sender_preparation,sender,130,false,32,2,recipient_bits=16;location_bytes=32,128,68,measured,ok,unavailable,rustc,nightly-2021-05-06,Release,JerryZ
1787147278901459511,PPS-GC,sender_signaling,message_encryption,sender,130,false,32,2,recipient_bits=16;location_bytes=32,-1,,not_applicable,not_applicable,unavailable,rustc,nightly-2021-05-06,Release,JerryZ
1787147278903018979,PPS-GC,sender_signaling,pps_gc_sender_total_signaling,sender,130,false,32,2,recipient_bits=16;location_bytes=32,11957,68,measured,ok,unavailable,rustc,nightly-2021-05-06,Release,JerryZ
1787147278904351604,PPS-GC,sender_signaling,pps_gc_share_generation,sender,131,false,32,2,recipient_bits=16;location_bytes=32,22565,68,measured,ok,unavailable,rustc,nightly-2021-05-06,Release,JerryZ
1787147278905984955,PPS-GC,sender_signaling,pps_gc_sender_preparation,sender,131,false,32,2,recipient_bits=16;location_bytes=32,542,68,measured,ok,unavailable,rustc,nightly-2021-05-06,Release,JerryZ
1787147278907116607,PPS-GC,sender_signaling,message_encryption,sender,131,false,32,2,recipient_bits=16;location_bytes=32,-1,,not_applicable,not_applicable,unavailable,rustc,nightly-2021-05-06,Release,JerryZ
1787147278908182718,PPS-GC,sender_signaling,pps_gc_sender_total_signaling,sender,131,false,32,2,recipient_bits=16;location_bytes=32,10828,68,measured,ok,unavailable,rustc,nightly-2021-05-06,Release,JerryZ
1787147278909642446,PPS-GC,sender_signaling,pps_gc_share_generation,sender,132,false,32,2,recipient_bits=16;location_bytes=32,9845,68,measured,ok,unavailable,rustc,nightly-2021-05-06,Release,JerryZ
1787147278910772031,PPS-GC,sender_signaling,pps_gc_sender_preparation,sender,132,false,32,2,recipient_bits=16;location_bytes=32,147,68,measured,ok,unavailable,rustc,nightly-2021-05-06,Release,JerryZ
1787147278911877932,PPS-GC,sender_signaling,message_encryption,sender,132,false,32,2,recipient_bits=16;location_bytes=32,-1,,not_applicable,not_applicable,unavailable,rustc,nightly-2021-05-06,Release,JerryZ
1787147278913175961,PPS-GC,sender_signaling,pps_gc_sender_total_signaling,sender,132,false,32,2,recipient_bits=16;location_bytes=32,22372,68,measured,ok,unavailable,rustc,nightly-2021-05-06,Release,JerryZ
1787147278914492367,PPS-GC,sender_signaling,pps_gc_share_generation,sender,133,false,32,2,recipient_bits=16;location_bytes=32,10433,68,measured,ok,unavailable,rustc,nightly-2021-05-06,Release,JerryZ
1787147278915896184,PPS-GC,sender_signaling,pps_gc_sender_preparation,sender,133,false,32,2,recipient_bits=16;location_bytes=32,276,68,measured,ok,unavailable,rustc,nightly-2021-05-06,Release,JerryZ
1787147278917306016,PPS-GC,sender_signaling,message_encryption,sender,133,false,32,2,recipient_bits=16;location_bytes=32,-1,,not_applicable,not_applicable,unavailable,rustc,nightly-2021-05-06,Release,JerryZ
1787147278919008173,PPS-GC,sender_signaling,pps_gc_sender_total_signaling,sender,133,false,32,2,recipient_bits=16;location_bytes=32,15024,68,measured,ok,unavailable,rustc,nightly-2021-05-06,Release,JerryZ
1787147278920473397,PPS-GC,sender_signaling,pps_gc_share_generation,sender,134,false,32,2,recipient_bits=16;location_bytes=32,10093,68,measured,ok,unavailable,rustc,nightly-2021-05-06,Release,JerryZ
1787147278921797788,PPS-GC,sender_signaling,pps_gc_sender_preparation,sender,134,false,32,2,recipient_bits=16;location_bytes=32,165,68,measured,ok,unavailable,rustc,nightly-2021-05-06,Release,JerryZ
1787147278922916941,PPS-GC,sender_signaling,message_encryption,sender,134,false,32,2,recipient_bits=16;location_bytes=32,-1,,not_applicable,not_applicable,unavailable,rustc,nightly-2021-05-06,Release,JerryZ
1787147278924016702,PPS-GC,sender_signaling,pps_gc_sender_total_signaling,sender,134,false,32,2,recipient_bits=16;location_bytes=32,21573,68,measured,ok,unavailable,rustc,nightly-2021-05-06,Release,JerryZ
1787147278925665385,PPS-GC,sender_signaling,pps_gc_share_generation,sender,135,false,32,2,recipient_bits=16;location_bytes=32,10185,68,measured,ok,unavailable,rustc,nightly-2021-05-06,Release,JerryZ
1787147278926831288,PPS-GC,sender_signaling,pps_gc_sender_preparation,sender,135,false,32,2,recipient_bits=16;location_bytes=32,349,68,measured,ok,unavailable,rustc,nightly-2021-05-06,Release,JerryZ
1787147278927922453,PPS-GC,sender_signaling,message_encryption,sender,135,false,32,2,recipient_bits=16;location_bytes=32,-1,,not_applicable,not_applicable,unavailable,rustc,nightly-2021-05-06,Release,JerryZ
1787147278928975271,PPS-GC,sender_signaling,pps_gc_sender_total_signaling,sender,135,false,32,2,recipient_bits=16;location_bytes=32,9790,68,measured,ok,unavailable,rustc,nightly-2021-05-06,Release,JerryZ
1787147278930048293,PPS-GC,sender_signaling,pps_gc_share_generation,sender,136,false,32,2,recipient_bits=16;location_bytes=32,9551,68,measured,ok,unavailable,rustc,nightly-2021-05-06,Release,JerryZ
1787147278931162371,PPS-GC,sender_signaling,pps_gc_sender_preparation,sender,136,false,32,2,recipient_bits=16;location_bytes=32,147,68,measured,ok,unavailable,rustc,nightly-2021-05-06,Release,JerryZ
1787147278932658522,PPS-GC,sender_signaling,message_encryption,sender,136,false,32,2,recipient_bits=16;location_bytes=32,-1,,not_applicable,not_applicable,unavailable,rustc,nightly-2021-05-06,Release,JerryZ
1787147278934223372,PPS-GC,sender_signaling,pps_gc_sender_total_signaling,sender,136,false,32,2,recipient_bits=16;location_bytes=32,11470,68,measured,ok,unavailable,rustc,nightly-2021-05-06,Release,JerryZ
1787147278935812366,PPS-GC,sender_signaling,pps_gc_share_generation,sender,137,false,32,2,recipient_bits=16;location_bytes=32,10414,68,measured,ok,unavailable,rustc,nightly-2021-05-06,Release,JerryZ
1787147278936956154,PPS-GC,sender_signaling,pps_gc_sender_preparation,sender,137,false,32,2,recipient_bits=16;location_bytes=32,276,68,measured,ok,unavailable,rustc,nightly-2021-05-06,Release,JerryZ
1787147278938071982,PPS-GC,sender_signaling,message_encryption,sender,137,false,32,2,recipient_bits=16;location_bytes=32,-1,,not_applicable,not_applicable,unavailable,rustc,nightly-2021-05-06,Release,JerryZ
1787147278939426647,PPS-GC,sender_signaling,pps_gc_sender_total_signaling,sender,137,false,32,2,recipient_bits=16;location_bytes=32,11562,68,measured,ok,unavailable,rustc,nightly-2021-05-06,Release,JerryZ
1787147278940585584,PPS-GC,sender_signaling,pps_gc_share_generation,sender,138,false,32,2,recipient_bits=16;location_bytes=32,9615,68,measured,ok,unavailable,rustc,nightly-2021-05-06,Release,JerryZ
1787147278941674099,PPS-GC,sender_signaling,pps_gc_sender_preparation,sender,138,false,32,2,recipient_bits=16;location_bytes=32,138,68,measured,ok,unavailable,rustc,nightly-2021-05-06,Release,JerryZ
1787147278942866686,PPS-GC,sender_signaling,message_encryption,sender,138,false,32,2,recipient_bits=16;location_bytes=32,-1,,not_applicable,not_applicable,unavailable,rustc,nightly-2021-05-06,Release,JerryZ
1787147278944438543,PPS-GC,sender_signaling,pps_gc_sender_total_signaling,sender,138,false,32,2,recipient_bits=16;location_bytes=32,11231,68,measured,ok,unavailable,rustc,nightly-2021-05-06,Release,JerryZ
1787147278945779484,PPS-GC,sender_signaling,pps_gc_share_generation,sender,139,false,32,2,recipient_bits=16;location_bytes=32,11985,68,measured,ok,unavailable,rustc,nightly-2021-05-06,Release,JerryZ
1787147278947158617,PPS-GC,sender_signaling,pps_gc_sender_preparation,sender,139,false,32,2,recipient_bits=16;location_bytes=32,597,68,measured,ok,unavailable,rustc,nightly-2021-05-06,Release,JerryZ
1787147278949257543,PPS-GC,sender_signaling,message_encryption,sender,139,false,32,2,recipient_bits=16;location_bytes=32,-1,,not_applicable,not_applicable,unavailable,rustc,nightly-2021-05-06,Release,JerryZ
1787147278950793625,PPS-GC,sender_signaling,pps_gc_sender_total_signaling,sender,139,false,32,2,recipient_bits=16;location_bytes=32,14437,68,measured,ok,unavailable,rustc,nightly-2021-05-06,Release,JerryZ
1787147278951955008,PPS-GC,sender_signaling,pps_gc_share_generation,sender,140,false,32,2,recipient_bits=16;location_bytes=32,9597,68,measured,ok,unavailable,rustc,nightly-2021-05-06,Release,JerryZ
1787147278953019233,PPS-GC,sender_signaling,pps_gc_sender_preparation,sender,140,false,32,2,recipient_bits=16;location_bytes=32,358,68,measured,ok,unavailable,rustc,nightly-2021-05-06,Release,JerryZ
1787147278954112560,PPS-GC,sender_signaling,message_encryption,sender,140,false,32,2,recipient_bits=16;location_bytes=32,-1,,not_applicable,not_applicable,unavailable,rustc,nightly-2021-05-06,Release,JerryZ
1787147278955369313,PPS-GC,sender_signaling,pps_gc_sender_total_signaling,sender,140,false,32,2,recipient_bits=16;location_bytes=32,22271,68,measured,ok,unavailable,rustc,nightly-2021-05-06,Release,JerryZ
1787147278956920874,PPS-GC,sender_signaling,pps_gc_share_generation,sender,141,false,32,2,recipient_bits=16;location_bytes=32,9726,68,measured,ok,unavailable,rustc,nightly-2021-05-06,Release,JerryZ
1787147278958059753,PPS-GC,sender_signaling,pps_gc_sender_preparation,sender,141,false,32,2,recipient_bits=16;location_bytes=32,293,68,measured,ok,unavailable,rustc,nightly-2021-05-06,Release,JerryZ
1787147278959138846,PPS-GC,sender_signaling,message_encryption,sender,141,false,32,2,recipient_bits=16;location_bytes=32,-1,,not_applicable,not_applicable,unavailable,rustc,nightly-2021-05-06,Release,JerryZ
1787147278960156472,PPS-GC,sender_signaling,pps_gc_sender_total_signaling,sender,141,false,32,2,recipient_bits=16;location_bytes=32,9744,68,measured,ok,unavailable,rustc,nightly-2021-05-06,Release,JerryZ
1787147278961197076,PPS-GC,sender_signaling,pps_gc_share_generation,sender,142,false,32,2,recipient_bits=16;location_bytes=32,9515,68,measured,ok,unavailable,rustc,nightly-2021-05-06,Release,JerryZ
1787147278962578296,PPS-GC,sender_signaling,pps_gc_sender_preparation,sender,142,false,32,2,recipient_bits=16;location_bytes=32,137,68,measured,ok,unavailable,rustc,nightly-2021-05-06,Release,JerryZ
1787147278964546378,PPS-GC,sender_signaling,message_encryption,sender,142,false,32,2,recipient_bits=16;location_bytes=32,-1,,not_applicable,not_applicable,unavailable,rustc,nightly-2021-05-06,Release,JerryZ
1787147278965946889,PPS-GC,sender_signaling,pps_gc_sender_total_signaling,sender,142,false,32,2,recipient_bits=16;location_bytes=32,10671,68,measured,ok,unavailable,rustc,nightly-2021-05-06,Release,JerryZ
1787147278967313282,PPS-GC,sender_signaling,pps_gc_share_generation,sender,143,false,32,2,recipient_bits=16;location_bytes=32,9974,68,measured,ok,unavailable,rustc,nightly-2021-05-06,Release,JerryZ
1787147278968655416,PPS-GC,sender_signaling,pps_gc_sender_preparation,sender,143,false,32,2,recipient_bits=16;location_bytes=32,220,68,measured,ok,unavailable,rustc,nightly-2021-05-06,Release,JerryZ
1787147278969710879,PPS-GC,sender_signaling,message_encryption,sender,143,false,32,2,recipient_bits=16;location_bytes=32,-1,,not_applicable,not_applicable,unavailable,rustc,nightly-2021-05-06,Release,JerryZ
1787147278971058542,PPS-GC,sender_signaling,pps_gc_sender_total_signaling,sender,143,false,32,2,recipient_bits=16;location_bytes=32,10148,68,measured,ok,unavailable,rustc,nightly-2021-05-06,Release,JerryZ
1787147278972163808,PPS-GC,sender_signaling,pps_gc_share_generation,sender,144,false,32,2,recipient_bits=16;location_bytes=32,9854,68,measured,ok,unavailable,rustc,nightly-2021-05-06,Release,JerryZ
1787147278973583536,PPS-GC,sender_signaling,pps_gc_sender_preparation,sender,144,false,32,2,recipient_bits=16;location_bytes=32,359,68,measured,ok,unavailable,rustc,nightly-2021-05-06,Release,JerryZ
1787147278974787652,PPS-GC,sender_signaling,message_encryption,sender,144,false,32,2,recipient_bits=16;location_bytes=32,-1,,not_applicable,not_applicable,unavailable,rustc,nightly-2021-05-06,Release,JerryZ
1787147278975900445,PPS-GC,sender_signaling,pps_gc_sender_total_signaling,sender,144,false,32,2,recipient_bits=16;location_bytes=32,10276,68,measured,ok,unavailable,rustc,nightly-2021-05-06,Release,JerryZ
1787147278977247975,PPS-GC,sender_signaling,pps_gc_share_generation,sender,145,false,32,2,recipient_bits=16;location_bytes=32,21701,68,measured,ok,unavailable,rustc,nightly-2021-05-06,Release,JerryZ
1787147278978739589,PPS-GC,sender_signaling,pps_gc_sender_preparation,sender,145,false,32,2,recipient_bits=16;location_bytes=32,275,68,measured,ok,unavailable,rustc,nightly-2021-05-06,Release,JerryZ
1787147278980356878,PPS-GC,sender_signaling,message_encryption,sender,145,false,32,2,recipient_bits=16;location_bytes=32,-1,,not_applicable,not_applicable,unavailable,rustc,nightly-2021-05-06,Release,JerryZ
1787147278982107925,PPS-GC,sender_signaling,pps_gc_sender_total_signaling,sender,145,false,32,2,recipient_bits=16;location_bytes=32,12013,68,measured,ok,unavailable,rustc,nightly-2021-05-06,Release,JerryZ
1787147278983360485,PPS-GC,sender_signaling,pps_gc_share_generation,sender,146,false,32,2,recipient_bits=16;location_bytes=32,9946,68,measured,ok,unavailable,rustc,nightly-2021-05-06,Release,JerryZ
1787147278984462445,PPS-GC,sender_signaling,pps_gc_sender_preparation,sender,146,false,32,2,recipient_bits=16;location_bytes=32,431,68,measured,ok,unavailable,rustc,nightly-2021-05-06,Release,JerryZ
1787147278985801030,PPS-GC,sender_signaling,message_encryption,sender,146,false,32,2,recipient_bits=16;location_bytes=32,-1,,not_applicable,not_applicable,unavailable,rustc,nightly-2021-05-06,Release,JerryZ
1787147278986942926,PPS-GC,sender_signaling,pps_gc_sender_total_signaling,sender,146,false,32,2,recipient_bits=16;location_bytes=32,10515,68,measured,ok,unavailable,rustc,nightly-2021-05-06,Release,JerryZ
1787147278987990804,PPS-GC,sender_signaling,pps_gc_share_generation,sender,147,false,32,2,recipient_bits=16;location_bytes=32,9496,68,measured,ok,unavailable,rustc,nightly-2021-05-06,Release,JerryZ
1787147278989042851,PPS-GC,sender_signaling,pps_gc_sender_preparation,sender,147,false,32,2,recipient_bits=16;location_bytes=32,147,68,measured,ok,unavailable,rustc,nightly-2021-05-06,Release,JerryZ
1787147278990081278,PPS-GC,sender_signaling,message_encryption,sender,147,false,32,2,recipient_bits=16;location_bytes=32,-1,,not_applicable,not_applicable,unavailable,rustc,nightly-2021-05-06,Release,JerryZ
1787147278991371332,PPS-GC,sender_signaling,pps_gc_sender_total_signaling,sender,147,false,32,2,recipient_bits=16;location_bytes=32,9624,68,measured,ok,unavailable,rustc,nightly-2021-05-06,Release,JerryZ
1787147278992474481,PPS-GC,sender_signaling,pps_gc_share_generation,sender,148,false,32,2,recipient_bits=16;location_bytes=32,9560,68,measured,ok,unavailable,rustc,nightly-2021-05-06,Release,JerryZ
1787147278993772896,PPS-GC,sender_signaling,pps_gc_sender_preparation,sender,148,false,32,2,recipient_bits=16;location_bytes=32,147,68,measured,ok,unavailable,rustc,nightly-2021-05-06,Release,JerryZ
1787147278995262412,PPS-GC,sender_signaling,message_encryption,sender,148,false,32,2,recipient_bits=16;location_bytes=32,-1,,not_applicable,not_applicable,unavailable,rustc,nightly-2021-05-06,Release,JerryZ
1787147278997090918,PPS-GC,sender_signaling,pps_gc_sender_total_signaling,sender,148,false,32,2,recipient_bits=16;location_bytes=32,11700,68,measured,ok,unavailable,rustc,nightly-2021-05-06,Release,JerryZ
1787147278998748258,PPS-GC,sender_signaling,pps_gc_share_generation,sender,149,false,32,2,recipient_bits=16;location_bytes=32,10184,68,measured,ok,unavailable,rustc,nightly-2021-05-06,Release,JerryZ
1787147278999804042,PPS-GC,sender_signaling,pps_gc_sender_preparation,sender,149,false,32,2,recipient_bits=16;location_bytes=32,257,68,measured,ok,unavailable,rustc,nightly-2021-05-06,Release,JerryZ
1787147279001469014,PPS-GC,sender_signaling,message_encryption,sender,149,false,32,2,recipient_bits=16;location_bytes=32,-1,,not_applicable,not_applicable,unavailable,rustc,nightly-2021-05-06,Release,JerryZ
1787147279002682465,PPS-GC,sender_signaling,pps_gc_sender_total_signaling,sender,149,false,32,2,recipient_bits=16;location_bytes=32,10479,68,measured,ok,unavailable,rustc,nightly-2021-05-06,Release,JerryZ
1787147279003684901,PPS-GC,sender_signaling,pps_gc_share_generation,sender,150,false,32,2,recipient_bits=16;location_bytes=32,9506,68,measured,ok,unavailable,rustc,nightly-2021-05-06,Release,JerryZ
1787147279004685500,PPS-GC,sender_signaling,pps_gc_sender_preparation,sender,150,false,32,2,recipient_bits=16;location_bytes=32,120,68,measured,ok,unavailable,rustc,nightly-2021-05-06,Release,JerryZ
1787147279005785624,PPS-GC,sender_signaling,message_encryption,sender,150,false,32,2,recipient_bits=16;location_bytes=32,-1,,not_applicable,not_applicable,unavailable,rustc,nightly-2021-05-06,Release,JerryZ
1787147279006951916,PPS-GC,sender_signaling,pps_gc_sender_total_signaling,sender,150,false,32,2,recipient_bits=16;location_bytes=32,9671,68,measured,ok,unavailable,rustc,nightly-2021-05-06,Release,JerryZ
1787147279008281901,PPS-GC,sender_signaling,pps_gc_share_generation,sender,151,false,32,2,recipient_bits=16;location_bytes=32,9514,68,measured,ok,unavailable,rustc,nightly-2021-05-06,Release,JerryZ
1787147279009517127,PPS-GC,sender_signaling,pps_gc_sender_preparation,sender,151,false,32,2,recipient_bits=16;location_bytes=32,147,68,measured,ok,unavailable,rustc,nightly-2021-05-06,Release,JerryZ
1787147279010880774,PPS-GC,sender_signaling,message_encryption,sender,151,false,32,2,recipient_bits=16;location_bytes=32,-1,,not_applicable,not_applicable,unavailable,rustc,nightly-2021-05-06,Release,JerryZ
1787147279012284472,PPS-GC,sender_signaling,pps_gc_sender_total_signaling,sender,151,false,32,2,recipient_bits=16;location_bytes=32,10764,68,measured,ok,unavailable,rustc,nightly-2021-05-06,Release,JerryZ
1787147279013454410,PPS-GC,sender_signaling,pps_gc_share_generation,sender,152,false,32,2,recipient_bits=16;location_bytes=32,9579,68,measured,ok,unavailable,rustc,nightly-2021-05-06,Release,JerryZ
1787147279014911929,PPS-GC,sender_signaling,pps_gc_sender_preparation,sender,152,false,32,2,recipient_bits=16;location_bytes=32,165,68,measured,ok,unavailable,rustc,nightly-2021-05-06,Release,JerryZ
1787147279016292838,PPS-GC,sender_signaling,message_encryption,sender,152,false,32,2,recipient_bits=16;location_bytes=32,-1,,not_applicable,not_applicable,unavailable,rustc,nightly-2021-05-06,Release,JerryZ
1787147279017815010,PPS-GC,sender_signaling,pps_gc_sender_total_signaling,sender,152,false,32,2,recipient_bits=16;location_bytes=32,10966,68,measured,ok,unavailable,rustc,nightly-2021-05-06,Release,JerryZ
1787147279019004391,PPS-GC,sender_signaling,pps_gc_share_generation,sender,153,false,32,2,recipient_bits=16;location_bytes=32,9901,68,measured,ok,unavailable,rustc,nightly-2021-05-06,Release,JerryZ
1787147279020380097,PPS-GC,sender_signaling,pps_gc_sender_preparation,sender,153,false,32,2,recipient_bits=16;location_bytes=32,284,68,measured,ok,unavailable,rustc,nightly-2021-05-06,Release,JerryZ
1787147279021679577,PPS-GC,sender_signaling,message_encryption,sender,153,false,32,2,recipient_bits=16;location_bytes=32,-1,,not_applicable,not_applicable,unavailable,rustc,nightly-2021-05-06,Release,JerryZ
1787147279022899503,PPS-GC,sender_signaling,pps_gc_sender_total_signaling,sender,153,false,32,2,recipient_bits=16;location_bytes=32,9910,68,measured,ok,unavailable,rustc,nightly-2021-05-06,Release,JerryZ
1787147279024130256,PPS-GC,sender_signaling,pps_gc_share_generation,sender,154,false,32,2,recipient_bits=16;location_bytes=32,21922,68,measured,ok,unavailable,rustc,nightly-2021-05-06,Release,JerryZ
1787147279026237389,PPS-GC,sender_signaling,pps_gc_sender_preparation,sender,154,false,32,2,recipient_bits=16;location_bytes=32,450,68,measured,ok,unavailable,rustc,nightly-2021-05-06,Release,JerryZ
1787147279027476895,PPS-GC,sender_signaling,message_encryption,sender,154,false,32,2,recipient_bits=16;location_bytes=32,-1,,not_applicable,not_applicable,unavailable,rustc,nightly-2021-05-06,Release,JerryZ
1787147279028666313,PPS-GC,sender_signaling,pps_gc_sender_total_signaling,sender,154,false,32,2,recipient_bits=16;location_bytes=32,10470,68,measured,ok,unavailable,rustc,nightly-2021-05-06,Release,JerryZ
1787147279029980538,PPS-GC,sender_signaling,pps_gc_share_generation,sender,155,false,32,2,recipient_bits=16;location_bytes=32,9533,68,measured,ok,unavailable,rustc,nightly-2021-05-06,Release,JerryZ
1787147279031035257,PPS-GC,sender_signaling,pps_gc_sender_preparation,sender,155,false,32,2,recipient_bits=16;location_bytes=32,147,68,measured,ok,unavailable,rustc,nightly-2021-05-06,Release,JerryZ
1787147279032189611,PPS-GC,sender_signaling,message_encryption,sender,155,false,32,2,recipient_bits=16;location_bytes=32,-1,,not_applicable,not_applicable,unavailable,rustc,nightly-2021-05-06,Release,JerryZ
1787147279033275069,PPS-GC,sender_signaling,pps_gc_sender_total_signaling,sender,155,false,32,2,recipient_bits=16;location_bytes=32,9679,68,measured,ok,unavailable,rustc,nightly-2021-05-06,Release,JerryZ
1787147279034363511,PPS-GC,sender_signaling,pps_gc_share_generation,sender,156,false,32,2,recipient_bits=16;location_bytes=32,9523,68,measured,ok,unavailable,rustc,nightly-2021-05-06,Release,JerryZ
1787147279035400873,PPS-GC,sender_signaling,pps_gc_sender_preparation,sender,156,false,32,2,recipient_bits=16;location_bytes=32,147,68,measured,ok,unavailable,rustc,nightly-2021-05-06,Release,JerryZ
1787147279036754790,PPS-GC,sender_signaling,message_encryption,sender,156,false,32,2,recipient_bits=16;location_bytes=32,-1,,not_applicable,not_applicable,unavailable,rustc,nightly-2021-05-06,Release,JerryZ
1787147279038008723,PPS-GC,sender_signaling,pps_gc_sender_total_signaling,sender,156,false,32,2,recipient_bits=16;location_bytes=32,20360,68,measured,ok,unavailable,rustc,nightly-2021-05-06,Release,JerryZ
1787147279039189334,PPS-GC,sender_signaling,pps_gc_share_generation,sender,157,false,32,2,recipient_bits=16;location_bytes=32,10423,68,measured,ok,unavailable,rustc,nightly-2021-05-06,Release,JerryZ
1787147279040395048,PPS-GC,sender_signaling,pps_gc_sender_preparation,sender,157,false,32,2,recipient_bits=16;location_bytes=32,147,68,measured,ok,unavailable,rustc,nightly-2021-05-06,Release,JerryZ
1787147279041742559,PPS-GC,sender_signaling,message_encryption,sender,157,false,32,2,recipient_bits=16;location_bytes=32,-1,,not_applicable,not_applicable,unavailable,rustc,nightly-2021-05-06,Release,JerryZ
1787147279043647208,PPS-GC,sender_signaling,pps_gc_sender_total_signaling,sender,157,false,32,2,recipient_bits=16;location_bytes=32,12655,68,measured,ok,unavailable,rustc,nightly-2021-05-06,Release,JerryZ
1787147279044820701,PPS-GC,sender_signaling,pps_gc_share_generation,sender,158,false,32,2,recipient_bits=16;location_bytes=32,10671,68,measured,ok,unavailable,rustc,nightly-2021-05-06,Release,JerryZ
1787147279046046307,PPS-GC,sender_signaling,pps_gc_sender_preparation,sender,158,false,32,2,recipient_bits=16;location_bytes=32,165,68,measured,ok,unavailable,rustc,nightly-2021-05-06,Release,JerryZ
1787147279047249863,PPS-GC,sender_signaling,message_encryption,sender,158,false,32,2,recipient_bits=16;location_bytes=32,-1,,not_applicable,not_applicable,unavailable,rustc,nightly-2021-05-06,Release,JerryZ
1787147279048615760,PPS-GC,sender_signaling,pps_gc_sender_total_signaling,sender,158,false,32,2,recipient_bits=16;location_bytes=32,10754,68,measured,ok,unavailable,rustc,nightly-2021-05-06,Release,JerryZ
1787147279049842725,PPS-GC,sender_signaling,pps_gc_share_generation,sender,159,false,32,2,recipient_bits=16;location_bytes=32,9716,68,measured,ok,unavailable,rustc,nightly-2021-05-06,Release,JerryZ
1787147279050975543,PPS-GC,sender_signaling,pps_gc_sender_preparation,sender,159,false,32,2,recipient_bits=16;location_bytes=32,147,68,measured,ok,unavailable,rustc,nightly-2021-05-06,Release,JerryZ
1787147279052146364,PPS-GC,sender_signaling,message_encryption,sender,159,false,32,2,recipient_bits=16;location_bytes=32,-1,,not_applicable,not_applicable,unavailable,rustc,nightly-2021-05-06,Release,JerryZ
1787147279053843616,PPS-GC,sender_signaling,pps_gc_sender_total_signaling,sender,159,false,32,2,recipient_bits=16;location_bytes=32,10552,68,measured,ok,unavailable,rustc,nightly-2021-05-06,Release,JerryZ
1787147279055122019,PPS-GC,sender_signaling,pps_gc_share_generation,sender,160,false,32,2,recipient_bits=16;location_bytes=32,10570,68,measured,ok,unavailable,rustc,nightly-2021-05-06,Release,JerryZ
1787147279056813371,PPS-GC,sender_signaling,pps_gc_sender_preparation,sender,160,false,32,2,recipient_bits=16;location_bytes=32,441,68,measured,ok,unavailable,rustc,nightly-2021-05-06,Release,JerryZ
1787147279058565340,PPS-GC,sender_signaling,message_encryption,sender,160,false,32,2,recipient_bits=16;location_bytes=32,-1,,not_applicable,not_applicable,unavailable,rustc,nightly-2021-05-06,Release,JerryZ
1787147279059667324,PPS-GC,sender_signaling,pps_gc_sender_total_signaling,sender,160,false,32,2,recipient_bits=16;location_bytes=32,10461,68,measured,ok,unavailable,rustc,nightly-2021-05-06,Release,JerryZ
1787147279060706931,PPS-GC,sender_signaling,pps_gc_share_generation,sender,161,false,32,2,recipient_bits=16;location_bytes=32,10277,68,measured,ok,unavailable,rustc,nightly-2021-05-06,Release,JerryZ
1787147279061850255,PPS-GC,sender_signaling,pps_gc_sender_preparation,sender,161,false,32,2,recipient_bits=16;location_bytes=32,156,68,measured,ok,unavailable,rustc,nightly-2021-05-06,Release,JerryZ
1787147279063177337,PPS-GC,sender_signaling,message_encryption,sender,161,false,32,2,recipient_bits=16;location_bytes=32,-1,,not_applicable,not_applicable,unavailable,rustc,nightly-2021-05-06,Release,JerryZ
1787147279064448021,PPS-GC,sender_signaling,pps_gc_sender_total_signaling,sender,161,false,32,2,recipient_bits=16;location_bytes=32,10718,68,measured,ok,unavailable,rustc,nightly-2021-05-06,Release,JerryZ
1787147279065942992,PPS-GC,sender_signaling,pps_gc_share_generation,sender,162,false,32,2,recipient_bits=16;location_bytes=32,9542,68,measured,ok,unavailable,rustc,nightly-2021-05-06,Release,JerryZ
1787147279067055707,PPS-GC,sender_signaling,pps_gc_sender_preparation,sender,162,false,32,2,recipient_bits=16;location_bytes=32,138,68,measured,ok,unavailable,rustc,nightly-2021-05-06,Release,JerryZ
1787147279068153479,PPS-GC,sender_signaling,message_encryption,sender,162,false,32,2,recipient_bits=16;location_bytes=32,-1,,not_applicable,not_applicable,unavailable,rustc,nightly-2021-05-06,Release,JerryZ
1787147279069289066,PPS-GC,sender_signaling,pps_gc_sender_total_signaling,sender,162,false,32,2,recipient_bits=16;location_bytes=32,21784,68,measured,ok,unavailable,rustc,nightly-2021-05-06,Release,JerryZ
1787147279070830483,PPS-GC,sender_signaling,pps_gc_share_generation,sender,163,false,32,2,recipient_bits=16;location_bytes=32,10819,68,measured,ok,unavailable,rustc,nightly-2021-05-06,Release,JerryZ
1787147279072435457,PPS-GC,sender_signaling,pps_gc_sender_preparation,sender,163,false,32,2,recipient_bits=16;location_bytes=32,422,68,measured,ok,unavailable,rustc,nightly-2021-05-06,Release,JerryZ
1787147279073733128,PPS-GC,sender_signaling,message_encryption,sender,163,false,32,2,recipient_bits=16;location_bytes=32,-1,,not_applicable,not_applicable,unavailable,rustc,nightly-2021-05-06,Release,JerryZ
1787147279074801398,PPS-GC,sender_signaling,pps_gc_sender_total_signaling,sender,163,false,32,2,recipient_bits=16;location_bytes=32,10910,68,measured,ok,unavailable,rustc,nightly-2021-05-06,Release,JerryZ
1787147279075859267,PPS-GC,sender_signaling,pps_gc_share_generation,sender,164,false,32,2,recipient_bits=16;location_bytes=32,9523,68,measured,ok,unavailable,rustc,nightly-2021-05-06,Release,JerryZ
1787147279077272658,PPS-GC,sender_signaling,pps_gc_sender_preparation,sender,164,false,32,2,recipient_bits=16;location_bytes=32,147,68,measured,ok,unavailable,rustc,nightly-2021-05-06,Release,JerryZ
1787147279078557964,PPS-GC,sender_signaling,message_encryption,sender,164,false,32,2,recipient_bits=16;location_bytes=32,-1,,not_applicable,not_applicable,unavailable,rustc,nightly-2021-05-06,Release,JerryZ
1787147279079697266,PPS-GC,sender_signaling,pps_gc_sender_total_signaling,sender,164,false,32,2,recipient_bits=16;location_bytes=32,10093,68,measured,ok,unavailable,rustc,nightly-2021-05-06,Release,JerryZ
1787147279081264491,PPS-GC,sender_signaling,pps_gc_share_generation,sender,165,false,32,2,recipient_bits=16;location_bytes=32,21710,68,measured,ok,unavailable,rustc,nightly-2021-05-06,Release,JerryZ
1787147279082650533,PPS-GC,sender_signaling,pps_gc_sender_preparation,sender,165,false,32,2,recipient_bits=16;location_bytes=32,561,68,measured,ok,unavailable,rustc,nightly-2021-05-06,Release,JerryZ
1787147279083771168,PPS-GC,sender_signaling,message_encryption,sender,165,false,32,2,recipient_bits=16;location_bytes=32,-1,,not_applicable,not_applicable,unavailable,rustc,nightly-2021-05-06,Release,JerryZ
1787147279085108316,PPS-GC,sender_signaling,pps_gc_sender_total_signaling,sender,165,false,32,2,recipient_bits=16;location_bytes=32,26899,68,measured,ok,unavailable,rustc,nightly-2021-05-06,Release,JerryZ
1787147279086619459,PPS-GC,sender_signaling,pps_gc_share_generation,sender,166,false,32,2,recipient_bits=16;location_bytes=32,11067,68,measured,ok,unavailable,rustc,nightly-2021-05-06,Release,JerryZ
1787147279087850392,PPS-GC,sender_signaling,pps_gc_sender_preparation,sender,166,false,32,2,recipient_bits=16;location_bytes=32,138,68,measured,ok,unavailable,rustc,nightly-2021-05-06,Release,JerryZ
1787147279089332491,PPS-GC,sender_signaling,message_encryption,sender,166,false,32,2,recipient_bits=16;location_bytes=32,-1,,not_applicable,not_applicable,unavailable,rustc,nightly-2021-05-06,Release,JerryZ
1787147279090506737,PPS-GC,sender_signaling,pps_gc_sender_total_signaling,sender,166,false,32,2,recipient_bits=16;location_bytes=32,10102,68,measured,ok,unavailable,rustc,nightly-2021-05-06,Release,JerryZ
1787147279091559518,PPS-GC,sender_signaling,pps_gc_share_generation,sender,167,false,32,2,recipient_bits=16;location_bytes=32,9487,68,measured,ok,unavailable,rustc,nightly-2021-05-06,Release,JerryZ
1787147279092689866,PPS-GC,sender_signaling,pps_gc_sender_preparation,sender,167,false,32,2,recipient_bits=16;location_bytes=32,147,68,measured,ok,unavailable,rustc,nightly-2021-05-06,Release,JerryZ
1787147279093997947,PPS-GC,sender_signaling,message_encryption,sender,167,false,32,2,recipient_bits=16;location_bytes=32,-1,,not_applicable,not_applicable,unavailable,rustc,nightly-2021-05-06,Release,JerryZ
1787147279095324689,PPS-GC,sender_signaling,pps_gc_sender_total_signaling,sender,167,false,32,2,recipient_bits=16;location_bytes=32,10709,68,measured,ok,unavailable,rustc,nightly-2021-05-06,Release,JerryZ
1787147279096382283,PPS-GC,sender_signaling,pps_gc_share_generation,sender,168,false,32,2,recipient_bits=16;location_bytes=32,9551,68,measured,ok,unavailable,rustc,nightly-2021-05-06,Release,JerryZ
1787147279097444137,PPS-GC,sender_signaling,pps_gc_sender_preparation,sender,168,false,32,2,recipient_bits=16;location_bytes=32,220,68,measured,ok,unavailable,rustc,nightly-2021-05-06,Release,JerryZ
1787147279098521136,PPS-GC,sender_signaling,message_encryption,sender,168,false,32,2,recipient_bits=16;location_bytes=32,-1,,not_applicable,not_applicable,unavailable,rustc,nightly-2021-05-06,Release,JerryZ
1787147279099899285,PPS-GC,sender_signaling,pps_gc_sender_total_signaling,sender,168,false,32,2,recipient_bits=16;location_bytes=32,10184,68,measured,ok,unavailable,rustc,nightly-2021-05-06,Release,JerryZ
1787147279101295479,PPS-GC,sender_signaling,pps_gc_share_generation,sender,169,false,32,2,recipient_bits=16;location_bytes=32,11645,68,measured,ok,unavailable,rustc,nightly-2021-05-06,Release,JerryZ
1787147279102779379,PPS-GC,sender_signaling,pps_gc_sender_preparation,sender,169,false,32,2,recipient_bits=16;location_bytes=32,735,68,measured,ok,unavailable,rustc,nightly-2021-05-06,Release,JerryZ
1787147279104034772,PPS-GC,sender_signaling,message_encryption,sender,169,false,32,2,recipient_bits=16;location_bytes=32,-1,,not_applicable,not_applicable,unavailable,rustc,nightly-2021-05-06,Release,JerryZ
1787147279105405712,PPS-GC,sender_signaling,pps_gc_sender_total_signaling,sender,169,false,32,2,recipient_bits=16;location_bytes=32,23005,68,measured,ok,unavailable,rustc,nightly-2021-05-06,Release,JerryZ
1787147279106565700,PPS-GC,sender_signaling,pps_gc_share_generation,sender,170,false,32,2,recipient_bits=16;location_bytes=32,21297,68,measured,ok,unavailable,rustc,nightly-2021-05-06,Release,JerryZ
1787147279107778256,PPS-GC,sender_signaling,pps_gc_sender_preparation,sender,170,false,32,2,recipient_bits=16;location_bytes=32,276,68,measured,ok,unavailable,rustc,nightly-2021-05-06,Release,JerryZ
1787147279109369169,PPS-GC,sender_signaling,message_encryption,sender,170,false,32,2,recipient_bits=16;location_bytes=32,-1,,not_applicable,not_applicable,unavailable,rustc,nightly-2021-05-06,Release,JerryZ
1787147279110568496,PPS-GC,sender_signaling,pps_gc_sender_total_signaling,sender,170,false,32,2,recipient_bits=16;location_bytes=32,10570,68,measured,ok,unavailable,rustc,nightly-2021-05-06,Release,JerryZ
1787147279111638166,PPS-GC,sender_signaling,pps_gc_share_generation,sender,171,false,32,2,recipient_bits=16;location_bytes=32,9625,68,measured,ok,unavailable,rustc,nightly-2021-05-06,Release,JerryZ
1787147279112688348,PPS-GC,sender_signaling,pps_gc_sender_preparation,sender,171,false,32,2,recipient_bits=16;location_bytes=32,147,68,measured,ok,unavailable,rustc,nightly-2021-05-06,Release,JerryZ
1787147279113781290,PPS-GC,sender_signaling,message_encryption,sender,171,false,32,2,recipient_bits=16;location_bytes=32,-1,,not_applicable,not_applicable,unavailable,rustc,nightly-2021-05-06,Release,JerryZ
1787147279114820287,PPS-GC,sender_signaling,pps_gc_sender_total_signaling,sender,171,false,32,2,recipient_bits=16;location_bytes=32,9726,68,measured,ok,unavailable,rustc,nightly-2021-05-06,Release,JerryZ
1787147279116493082,PPS-GC,sender_signaling,pps_gc_share_generation,sender,172,false,32,2,recipient_bits=16;location_bytes=32,11636,68,measured,ok,unavailable,rustc,nightly-2021-05-06,Release,JerryZ
1787147279118048978,PPS-GC,sender_signaling,pps_gc_sender_preparation,sender,172,false,32,2,recipient_bits=16;location_bytes=32,486,68,measured,ok,unavailable,rustc,nightly-2021-05-06,Release,JerryZ
1787147279119395553,PPS-GC,sender_signaling,message_encryption,sender,172,false,32,2,recipient_bits=16;location_bytes=32,-1,,not_applicable,not_applicable,unavailable,rustc,nightly-2021-05-06,Release,JerryZ
1787147279120489960,PPS-GC,sender_signaling,pps_gc_sender_total_signaling,sender,172,false,32,2,recipient_bits=16;location_bytes=32,10277,68,measured,ok,unavailable,rustc,nightly-2021-05-06,Release,JerryZ
1787147279121559694,PPS-GC,sender_signaling,pps_gc_share_generation,sender,173,false,32,2,recipient_bits=16;location_bytes=32,9514,68,measured,ok,unavailable,rustc,nightly-2021-05-06,Release,JerryZ
1787147279122940690,PPS-GC,sender_signaling,pps_gc_sender_preparation,sender,173,false,32,2,recipient_bits=16;location_bytes=32,147,68,measured,ok,unavailable,rustc,nightly-2021-05-06,Release,JerryZ
1787147279124326806,PPS-GC,sender_signaling,message_encryption,sender,173,false,32,2,recipient_bits=16;location_bytes=32,-1,,not_applicable,not_applicable,unavailable,rustc,nightly-2021-05-06,Release,JerryZ
1787147279125461636,PPS-GC,sender_signaling,pps_gc_sender_total_signaling,sender,173,false,32,2,recipient_bits=16;location_bytes=32,10047,68,measured,ok,unavailable,rustc,nightly-2021-05-06,Release,JerryZ
1787147279126640487,PPS-GC,sender_signaling,pps_gc_share_generation,sender,174,false,32,2,recipient_bits=16;location_bytes=32,9588,68,measured,ok,unavailable,rustc,nightly-2021-05-06,Release,JerryZ
1787147279127990226,PPS-GC,sender_signaling,pps_gc_sender_preparation,sender,174,false,32,2,recipient_bits=16;location_bytes=32,147,68,measured,ok,unavailable,rustc,nightly-2021-05-06,Release,JerryZ
1787147279129318562,PPS-GC,sender_signaling,message_encryption,sender,174,false,32,2,recipient_bits=16;location_bytes=32,-1,,not_applicable,not_applicable,unavailable,rustc,nightly-2021-05-06,Release,JerryZ
1787147279130588112,PPS-GC,sender_signaling,pps_gc_sender_total_signaling,sender,174,false,32,2,recipient_bits=16;location_bytes=32,22473,68,measured,ok,unavailable,rustc,nightly-2021-05-06,Release,JerryZ
1787147279132327706,PPS-GC,sender_signaling,pps_gc_share_generation,sender,175,false,32,2,recipient_bits=16;location_bytes=32,10203,68,measured,ok,unavailable,rustc,nightly-2021-05-06,Release,JerryZ
1787147279133692432,PPS-GC,sender_signaling,pps_gc_sender_preparation,sender,175,false,32,2,recipient_bits=16;location_bytes=32,450,68,measured,ok,unavailable,rustc,nightly-2021-05-06,Release,JerryZ
1787147279134801423,PPS-GC,sender_signaling,message_encryption,sender,175,false,32,2,recipient_bits=16;location_bytes=32,-1,,not_applicable,not_applicable,unavailable,rustc,nightly-2021-05-06,Release,JerryZ
1787147279135807275,PPS-GC,sender_signaling,pps_gc_sender_total_signaling,sender,175,false,32,2,recipient_bits=16;location_bytes=32,9983,68,measured,ok,unavailable,rustc,nightly-2021-05-06,Release,JerryZ
1787147279136803402,PPS-GC,sender_signaling,pps_gc_share_generation,sender,176,false,32,2,recipient_bits=16;location_bytes=32,9523,68,measured,ok,unavailable,rustc,nightly-2021-05-06,Release,JerryZ
1787147279137890797,PPS-GC,sender_signaling,pps_gc_sender_preparation,sender,176,false,32,2,recipient_bits=16;location_bytes=32,138,68,measured,ok,unavailable,rustc,nightly-2021-05-06,Release,JerryZ
1787147279139301378,PPS-GC,sender_signaling,message_encryption,sender,176,false,32,2,recipient_bits=16;location_bytes=32,-1,,not_applicable,not_applicable,unavailable,rustc,nightly-2021-05-06,Release,JerryZ
1787147279140378441,PPS-GC,sender_signaling,pps_gc_sender_total_signaling,sender,176,false,32,2,recipient_bits=16;location_bytes=32,10010,68,measured,ok,unavailable,rustc,nightly-2021-05-06,Release,JerryZ
1787147279141443065,PPS-GC,sender_signaling,pps_gc_share_generation,sender,177,false,32,2,recipient_bits=16;location_bytes=32,9560,68,measured,ok,unavailable,rustc,nightly-2021-05-06,Release,JerryZ
1787147279142548556,PPS-GC,sender_signaling,pps_gc_sender_preparation,sender,177,false,32,2,recipient_bits=16;location_bytes=32,211,68,measured,ok,unavailable,rustc,nightly-2021-05-06,Release,JerryZ
1787147279143585312,PPS-GC,sender_signaling,message_encryption,sender,177,false,32,2,recipient_bits=16;location_bytes=32,-1,,not_applicable,not_applicable,unavailable,rustc,nightly-2021-05-06,Release,JerryZ
1787147279144911329,PPS-GC,sender_signaling,pps_gc_sender_total_signaling,sender,177,false,32,2,recipient_bits=16;location_bytes=32,10010,68,measured,ok,unavailable,rustc,nightly-2021-05-06,Release,JerryZ
1787147279146401478,PPS-GC,sender_signaling,pps_gc_share_generation,sender,178,false,32,2,recipient_bits=16;location_bytes=32,21673,68,measured,ok,unavailable,rustc,nightly-2021-05-06,Release,JerryZ
1787147279147810663,PPS-GC,sender_signaling,pps_gc_sender_preparation,sender,178,false,32,2,recipient_bits=16;location_bytes=32,414,68,measured,ok,unavailable,rustc,nightly-2021-05-06,Release,JerryZ
1787147279149570242,PPS-GC,sender_signaling,message_encryption,sender,178,false,32,2,recipient_bits=16;location_bytes=32,-1,,not_applicable,not_applicable,unavailable,rustc,nightly-2021-05-06,Release,JerryZ
1787147279151416017,PPS-GC,sender_signaling,pps_gc_sender_total_signaling,sender,178,false,32,2,recipient_bits=16;location_bytes=32,11718,68,measured,ok,unavailable,rustc,nightly-2021-05-06,Release,JerryZ
1787147279152618407,PPS-GC,sender_signaling,pps_gc_share_generation,sender,179,false,32,2,recipient_bits=16;location_bytes=32,9753,68,measured,ok,unavailable,rustc,nightly-2021-05-06,Release,JerryZ
1787147279153839439,PPS-GC,sender_signaling,pps_gc_sender_preparation,sender,179,false,32,2,recipient_bits=16;location_bytes=32,276,68,measured,ok,unavailable,rustc,nightly-2021-05-06,Release,JerryZ
1787147279155099246,PPS-GC,sender_signaling,message_encryption,sender,179,false,32,2,recipient_bits=16;location_bytes=32,-1,,not_applicable,not_applicable,unavailable,rustc,nightly-2021-05-06,Release,JerryZ
1787147279156578563,PPS-GC,sender_signaling,pps_gc_sender_total_signaling,sender,179,false,32,2,recipient_bits=16;location_bytes=32,10920,68,measured,ok,unavailable,rustc,nightly-2021-05-06,Release,JerryZ
1787147279157812131,PPS-GC,sender_signaling,pps_gc_share_generation,sender,180,false,32,2,recipient_bits=16;location_bytes=32,9790,68,measured,ok,unavailable,rustc,nightly-2021-05-06,Release,JerryZ
1787147279158860031,PPS-GC,sender_signaling,pps_gc_sender_preparation,sender,180,false,32,2,recipient_bits=16;location_bytes=32,220,68,measured,ok,unavailable,rustc,nightly-2021-05-06,Release,JerryZ
1787147279160182145,PPS-GC,sender_signaling,message_encryption,sender,180,false,32,2,recipient_bits=16;location_bytes=32,-1,,not_applicable,not_applicable,unavailable,rustc,nightly-2021-05-06,Release,JerryZ
1787147279161431918,PPS-GC,sender_signaling,pps_gc_sender_total_signaling,sender,180,false,32,2,recipient_bits=16;location_bytes=32,10763,68,measured,ok,unavailable,rustc,nightly-2021-05-06,Release,JerryZ
1787147279162743195,PPS-GC,sender_signaling,pps_gc_share_generation,sender,181,false,32,2,recipient_bits=16;location_bytes=32,22096,68,measured,ok,unavailable,rustc,nightly-2021-05-06,Release,JerryZ
1787147279163978866,PPS-GC,sender_signaling,pps_gc_sender_preparation,sender,181,false,32,2,recipient_bits=16;location_bytes=32,285,68,measured,ok,unavailable,rustc,nightly-2021-05-06,Release,JerryZ
1787147279165180659,PPS-GC,sender_signaling,message_encryption,sender,181,false,32,2,recipient_bits=16;location_bytes=32,-1,,not_applicable,not_applicable,unavailable,rustc,nightly-2021-05-06,Release,JerryZ
1787147279166246775,PPS-GC,sender_signaling,pps_gc_sender_total_signaling,sender,181,false,32,2,recipient_bits=16;location_bytes=32,10157,68,measured,ok,unavailable,rustc,nightly-2021-05-06,Release,JerryZ
1787147279167516532,PPS-GC,sender_signaling,pps_gc_share_generation,sender,182,false,32,2,recipient_bits=16;location_bytes=32,21279,68,measured,ok,unavailable,rustc,nightly-2021-05-06,Release,JerryZ
1787147279168727990,PPS-GC,sender_signaling,pps_gc_sender_preparation,sender,182,false,32,2,recipient_bits=16;location_bytes=32,276,68,measured,ok,unavailable,rustc,nightly-2021-05-06,Release,JerryZ
1787147279170020358,PPS-GC,sender_signaling,message_encryption,sender,182,false,32,2,recipient_bits=16;location_bytes=32,-1,,not_applicable,not_applicable,unavailable,rustc,nightly-2021-05-06,Release,JerryZ
1787147279171148116,PPS-GC,sender_signaling,pps_gc_sender_total_signaling,sender,182,false,32,2,recipient_bits=16;location_bytes=32,10405,68,measured,ok,unavailable,rustc,nightly-2021-05-06,Release,JerryZ
1787147279172233197,PPS-GC,sender_signaling,pps_gc_share_generation,sender,183,false,32,2,recipient_bits=16;location_bytes=32,9588,68,measured,ok,unavailable,rustc,nightly-2021-05-06,Release,JerryZ
1787147279173574542,PPS-GC,sender_signaling,pps_gc_sender_preparation,sender,183,false,32,2,recipient_bits=16;location_bytes=32,147,68,measured,ok,unavailable,rustc,nightly-2021-05-06,Release,JerryZ
1787147279174664702,PPS-GC,sender_signaling,message_encryption,sender,183,false,32,2,recipient_bits=16;location_bytes=32,-1,,not_applicable,not_applicable,unavailable,rustc,nightly-2021-05-06,Release,JerryZ
1787147279175831114,PPS-GC,sender_signaling,pps_gc_sender_total_signaling,sender,183,false,32,2,recipient_bits=16;location_bytes=32,10534,68,measured,ok,unavailable,rustc,nightly-2021-05-06,Release,JerryZ
1787147279177130589,PPS-GC,sender_signaling,pps_gc_share_generation,sender,184,false,32,2,recipient_bits=16;location_bytes=32,20709,68,measured,ok,unavailable,rustc,nightly-2021-05-06,Release,JerryZ
1787147279179128215,PPS-GC,sender_signaling,pps_gc_sender_preparation,sender,184,false,32,2,recipient_bits=16;location_bytes=32,441,68,measured,ok,unavailable,rustc,nightly-2021-05-06,Release,JerryZ
1787147279180651371,PPS-GC,sender_signaling,message_encryption,sender,184,false,32,2,recipient_bits=16;location_bytes=32,-1,,not_applicable,not_applicable,unavailable,rustc,nightly-2021-05-06,Release,JerryZ
1787147279181912339,PPS-GC,sender_signaling,pps_gc_sender_total_signaling,sender,184,false,32,2,recipient_bits=16;location_bytes=32,10865,68,measured,ok,unavailable,rustc,nightly-2021-05-06,Release,JerryZ
1787147279183299611,PPS-GC,sender_signaling,pps_gc_share_generation,sender,185,false,32,2,recipient_bits=16;location_bytes=32,9891,68,measured,ok,unavailable,rustc,nightly-2021-05-06,Release,JerryZ
1787147279184509169,PPS-GC,sender_signaling,pps_gc_sender_preparation,sender,185,false,32,2,recipient_bits=16;location_bytes=32,147,68,measured,ok,unavailable,rustc,nightly-2021-05-06,Release,JerryZ
1787147279185747922,PPS-GC,sender_signaling,message_encryption,sender,185,false,32,2,recipient_bits=16;location_bytes=32,-1,,not_applicable,not_applicable,unavailable,rustc,nightly-2021-05-06,Release,JerryZ
1787147279186871937,PPS-GC,sender_signaling,pps_gc_sender_total_signaling,sender,185,false,32,2,recipient_bits=16;location_bytes=32,21775,68,measured,ok,unavailable,rustc,nightly-2021-05-06,Release,JerryZ
1787147279188127688,PPS-GC,sender_signaling,pps_gc_share_generation,sender,186,false,32,2,recipient_bits=16;location_bytes=32,9863,68,measured,ok,unavailable,rustc,nightly-2021-05-06,Release,JerryZ
1787147279189311738,PPS-GC,sender_signaling,pps_gc_sender_preparation,sender,186,false,32,2,recipient_bits=16;location_bytes=32,147,68,measured,ok,unavailable,rustc,nightly-2021-05-06,Release,JerryZ
1787147279190811447,PPS-GC,sender_signaling,message_encryption,sender,186,false,32,2,recipient_bits=16;location_bytes=32,-1,,not_applicable,not_applicable,unavailable,rustc,nightly-2021-05-06,Release,JerryZ
1787147279191881696,PPS-GC,sender_signaling,pps_gc_sender_total_signaling,sender,186,false,32,2,recipient_bits=16;location_bytes=32,10570,68,measured,ok,unavailable,rustc,nightly-2021-05-06,Release,JerryZ
1787147279193081969,PPS-GC,sender_signaling,pps_gc_share_generation,sender,187,false,32,2,recipient_bits=16;location_bytes=32,10984,68,measured,ok,unavailable,rustc,nightly-2021-05-06,Release,JerryZ
1787147279194420531,PPS-GC,sender_signaling,pps_gc_sender_preparation,sender,187,false,32,2,recipient_bits=16;location_bytes=32,138,68,measured,ok,unavailable,rustc,nightly-2021-05-06,Release,JerryZ
1787147279195641990,PPS-GC,sender_signaling,message_encryption,sender,187,false,32,2,recipient_bits=16;location_bytes=32,-1,,not_applicable,not_applicable,unavailable,rustc,nightly-2021-05-06,Release,JerryZ
1787147279196936507,PPS-GC,sender_signaling,pps_gc_sender_total_signaling,sender,187,false,32,2,recipient_bits=16;location_bytes=32,10249,68,measured,ok,unavailable,rustc,nightly-2021-05-06,Release,JerryZ
1787147279198220200,PPS-GC,sender_signaling,pps_gc_share_generation,sender,188,false,32,2,recipient_bits=16;location_bytes=32,21187,68,measured,ok,unavailable,rustc,nightly-2021-05-06,Release,JerryZ
1787147279199460009,PPS-GC,sender_signaling,pps_gc_sender_preparation,sender,188,false,32,2,recipient_bits=16;location_bytes=32,276,68,measured,ok,unavailable,rustc,nightly-2021-05-06,Release,JerryZ
1787147279200567952,PPS-GC,sender_signaling,message_encryption,sender,188,false,32,2,recipient_bits=16;location_bytes=32,-1,,not_applicable,not_applicable,unavailable,rustc,nightly-2021-05-06,Release,JerryZ
1787147279201886269,PPS-GC,sender_signaling,pps_gc_sender_total_signaling,sender,188,false,32,2,recipient_bits=16;location_bytes=32,10185,68,measured,ok,unavailable,rustc,nightly-2021-05-06,Release,JerryZ
1787147279202947292,PPS-GC,sender_signaling,pps_gc_share_generation,sender,189,false,32,2,recipient_bits=16;location_bytes=32,9496,68,measured,ok,unavailable,rustc,nightly-2021-05-06,Release,JerryZ
1787147279204012242,PPS-GC,sender_signaling,pps_gc_sender_preparation,sender,189,false,32,2,recipient_bits=16;location_bytes=32,184,68,measured,ok,unavailable,rustc,nightly-2021-05-06,Release,JerryZ
1787147279205048915,PPS-GC,sender_signaling,message_encryption,sender,189,false,32,2,recipient_bits=16;location_bytes=32,-1,,not_applicable,not_applicable,unavailable,rustc,nightly-2021-05-06,Release,JerryZ
1787147279206455561,PPS-GC,sender_signaling,pps_gc_sender_total_signaling,sender,189,false,32,2,recipient_bits=16;location_bytes=32,19754,68,measured,ok,unavailable,rustc,nightly-2021-05-06,Release,JerryZ
1787147279208174436,PPS-GC,sender_signaling,pps_gc_share_generation,sender,190,false,32,2,recipient_bits=16;location_bytes=32,26697,68,measured,ok,unavailable,rustc,nightly-2021-05-06,Release,JerryZ
1787147279210215731,PPS-GC,sender_signaling,pps_gc_sender_preparation,sender,190,false,32,2,recipient_bits=16;location_bytes=32,477,68,measured,ok,unavailable,rustc,nightly-2021-05-06,Release,JerryZ
1787147279211507511,PPS-GC,sender_signaling,message_encryption,sender,190,false,32,2,recipient_bits=16;location_bytes=32,-1,,not_applicable,not_applicable,unavailable,rustc,nightly-2021-05-06,Release,JerryZ
1787147279212791103,PPS-GC,sender_signaling,pps_gc_sender_total_signaling,sender,190,false,32,2,recipient_bits=16;location_bytes=32,11480,68,measured,ok,unavailable,rustc,nightly-2021-05-06,Release,JerryZ
1787147279213874604,PPS-GC,sender_signaling,pps_gc_share_generation,sender,191,false,32,2,recipient_bits=16;location_bytes=32,9551,68,measured,ok,unavailable,rustc,nightly-2021-05-06,Release,JerryZ
1787147279214911695,PPS-GC,sender_signaling,pps_gc_sender_preparation,sender,191,false,32,2,recipient_bits=16;location_bytes=32,138,68,measured,ok,unavailable,rustc,nightly-2021-05-06,Release,JerryZ
1787147279216249707,PPS-GC,sender_signaling,message_encryption,sender,191,false,32,2,recipient_bits=16;location_bytes=32,-1,,not_applicable,not_applicable,unavailable,rustc,nightly-2021-05-06,Release,JerryZ
1787147279217645659,PPS-GC,sender_signaling,pps_gc_sender_total_signaling,sender,191,false,32,2,recipient_bits=16;location_bytes=32,12564,68,measured,ok,unavailable,rustc,nightly-2021-05-06,Release,JerryZ
1787147279218826498,PPS-GC,sender_signaling,pps_gc_share_generation,sender,192,false,32,2,recipient_bits=16;location_bytes=32,9431,68,measured,ok,unavailable,rustc,nightly-2021-05-06,Release,JerryZ
1787147279219929754,PPS-GC,sender_signaling,pps_gc_sender_preparation,sender,192,false,32,2,recipient_bits=16;location_bytes=32,137,68,measured,ok,unavailable,rustc,nightly-2021-05-06,Release,JerryZ
1787147279221297208,PPS-GC,sender_signaling,message_encryption,sender,192,false,32,2,recipient_bits=16;location_bytes=32,-1,,not_applicable,not_applicable,unavailable,rustc,nightly-2021-05-06,Release,JerryZ
1787147279222884866,PPS-GC,sender_signaling,pps_gc_sender_total_signaling,sender,192,false,32,2,recipient_bits=16;location_bytes=32,13693,68,measured,ok,unavailable,rustc,nightly-2021-05-06,Release,JerryZ
1787147279224544175,PPS-GC,sender_signaling,pps_gc_share_generation,sender,193,false,32,2,recipient_bits=16;location_bytes=32,10856,68,measured,ok,unavailable,rustc,nightly-2021-05-06,Release,JerryZ
1787147279225713948,PPS-GC,sender_signaling,pps_gc_sender_preparation,sender,193,false,32,2,recipient_bits=16;location_bytes=32,505,68,measured,ok,unavailable,rustc,nightly-2021-05-06,Release,JerryZ
1787147279226837840,PPS-GC,sender_signaling,message_encryption,sender,193,false,32,2,recipient_bits=16;location_bytes=32,-1,,not_applicable,not_applicable,unavailable,rustc,nightly-2021-05-06,Release,JerryZ
1787147279228187385,PPS-GC,sender_signaling,pps_gc_sender_total_signaling,sender,193,false,32,2,recipient_bits=16;location_bytes=32,9946,68,measured,ok,unavailable,rustc,nightly-2021-05-06,Release,JerryZ
1787147279229256018,PPS-GC,sender_signaling,pps_gc_share_generation,sender,194,false,32,2,recipient_bits=16;location_bytes=32,9460,68,measured,ok,unavailable,rustc,nightly-2021-05-06,Release,JerryZ
1787147279230582843,PPS-GC,sender_signaling,pps_gc_sender_preparation,sender,194,false,32,2,recipient_bits=16;location_bytes=32,147,68,measured,ok,unavailable,rustc,nightly-2021-05-06,Release,JerryZ
1787147279231803944,PPS-GC,sender_signaling,message_encryption,sender,194,false,32,2,recipient_bits=16;location_bytes=32,-1,,not_applicable,not_applicable,unavailable,rustc,nightly-2021-05-06,Release,JerryZ
1787147279233109472,PPS-GC,sender_signaling,pps_gc_sender_total_signaling,sender,194,false,32,2,recipient_bits=16;location_bytes=32,9882,68,measured,ok,unavailable,rustc,nightly-2021-05-06,Release,JerryZ
1787147279234327106,PPS-GC,sender_signaling,pps_gc_share_generation,sender,195,false,32,2,recipient_bits=16;location_bytes=32,21187,68,measured,ok,unavailable,rustc,nightly-2021-05-06,Release,JerryZ
1787147279235479389,PPS-GC,sender_signaling,pps_gc_sender_preparation,sender,195,false,32,2,recipient_bits=16;location_bytes=32,285,68,measured,ok,unavailable,rustc,nightly-2021-05-06,Release,JerryZ
1787147279236836617,PPS-GC,sender_signaling,message_encryption,sender,195,false,32,2,recipient_bits=16;location_bytes=32,-1,,not_applicable,not_applicable,unavailable,rustc,nightly-2021-05-06,Release,JerryZ
1787147279238188316,PPS-GC,sender_signaling,pps_gc_sender_total_signaling,sender,195,false,32,2,recipient_bits=16;location_bytes=32,10643,68,measured,ok,unavailable,rustc,nightly-2021-05-06,Release,JerryZ
1787147279239639802,PPS-GC,sender_signaling,pps_gc_share_generation,sender,196,false,32,2,recipient_bits=16;location_bytes=32,12022,68,measured,ok,unavailable,rustc,nightly-2021-05-06,Release,JerryZ
1787147279241639218,PPS-GC,sender_signaling,pps_gc_sender_preparation,sender,196,false,32,2,recipient_bits=16;location_bytes=32,1791,68,measured,ok,unavailable,rustc,nightly-2021-05-06,Release,JerryZ
1787147279242926856,PPS-GC,sender_signaling,message_encryption,sender,196,false,32,2,recipient_bits=16;location_bytes=32,-1,,not_applicable,not_applicable,unavailable,rustc,nightly-2021-05-06,Release,JerryZ
1787147279244007299,PPS-GC,sender_signaling,pps_gc_sender_total_signaling,sender,196,false,32,2,recipient_bits=16;location_bytes=32,10497,68,measured,ok,unavailable,rustc,nightly-2021-05-06,Release,JerryZ
1787147279245353180,PPS-GC,sender_signaling,pps_gc_share_generation,sender,197,false,32,2,recipient_bits=16;location_bytes=32,21114,68,measured,ok,unavailable,rustc,nightly-2021-05-06,Release,JerryZ
1787147279246612059,PPS-GC,sender_signaling,pps_gc_sender_preparation,sender,197,false,32,2,recipient_bits=16;location_bytes=32,285,68,measured,ok,unavailable,rustc,nightly-2021-05-06,Release,JerryZ
1787147279247669276,PPS-GC,sender_signaling,message_encryption,sender,197,false,32,2,recipient_bits=16;location_bytes=32,-1,,not_applicable,not_applicable,unavailable,rustc,nightly-2021-05-06,Release,JerryZ
1787147279248800537,PPS-GC,sender_signaling,pps_gc_sender_total_signaling,sender,197,false,32,2,recipient_bits=16;location_bytes=32,9771,68,measured,ok,unavailable,rustc,nightly-2021-05-06,Release,JerryZ
1787147279249895206,PPS-GC,sender_signaling,pps_gc_share_generation,sender,198,false,32,2,recipient_bits=16;location_bytes=32,9523,68,measured,ok,unavailable,rustc,nightly-2021-05-06,Release,JerryZ
1787147279251162006,PPS-GC,sender_signaling,pps_gc_sender_preparation,sender,198,false,32,2,recipient_bits=16;location_bytes=32,147,68,measured,ok,unavailable,rustc,nightly-2021-05-06,Release,JerryZ
1787147279252261330,PPS-GC,sender_signaling,message_encryption,sender,198,false,32,2,recipient_bits=16;location_bytes=32,-1,,not_applicable,not_applicable,unavailable,rustc,nightly-2021-05-06,Release,JerryZ
1787147279253448025,PPS-GC,sender_signaling,pps_gc_sender_total_signaling,sender,198,false,32,2,recipient_bits=16;location_bytes=32,10387,68,measured,ok,unavailable,rustc,nightly-2021-05-06,Release,JerryZ
1787147279254783000,PPS-GC,sender_signaling,pps_gc_share_generation,sender,199,false,32,2,recipient_bits=16;location_bytes=32,9992,68,measured,ok,unavailable,rustc,nightly-2021-05-06,Release,JerryZ
1787147279256698051,PPS-GC,sender_signaling,pps_gc_sender_preparation,sender,199,false,32,2,recipient_bits=16;location_bytes=32,358,68,measured,ok,unavailable,rustc,nightly-2021-05-06,Release,JerryZ
1787147279258095595,PPS-GC,sender_signaling,message_encryption,sender,199,false,32,2,recipient_bits=16;location_bytes=32,-1,,not_applicable,not_applicable,unavailable,rustc,nightly-2021-05-06,Release,JerryZ
1787147279259389249,PPS-GC,sender_signaling,pps_gc_sender_total_signaling,sender,199,false,32,2,recipient_bits=16;location_bytes=32,10837,68,measured,ok,unavailable,rustc,nightly-2021-05-06,Release,JerryZ
1787147279260608578,PPS-GC,sender_signaling,pps_gc_share_generation,sender,200,false,32,2,recipient_bits=16;location_bytes=32,9891,68,measured,ok,unavailable,rustc,nightly-2021-05-06,Release,JerryZ
1787147279262167119,PPS-GC,sender_signaling,pps_gc_sender_preparation,sender,200,false,32,2,recipient_bits=16;location_bytes=32,184,68,measured,ok,unavailable,rustc,nightly-2021-05-06,Release,JerryZ
1787147279263212480,PPS-GC,sender_signaling,message_encryption,sender,200,false,32,2,recipient_bits=16;location_bytes=32,-1,,not_applicable,not_applicable,unavailable,rustc,nightly-2021-05-06,Release,JerryZ
1787147279264278725,PPS-GC,sender_signaling,pps_gc_sender_total_signaling,sender,200,false,32,2,recipient_bits=16;location_bytes=32,10001,68,measured,ok,unavailable,rustc,nightly-2021-05-06,Release,JerryZ
1787147279265691850,PPS-GC,sender_signaling,pps_gc_share_generation,sender,201,false,32,2,recipient_bits=16;location_bytes=32,21343,68,measured,ok,unavailable,rustc,nightly-2021-05-06,Release,JerryZ
1787147279266850896,PPS-GC,sender_signaling,pps_gc_sender_preparation,sender,201,false,32,2,recipient_bits=16;location_bytes=32,284,68,measured,ok,unavailable,rustc,nightly-2021-05-06,Release,JerryZ
1787147279267917251,PPS-GC,sender_signaling,message_encryption,sender,201,false,32,2,recipient_bits=16;location_bytes=32,-1,,not_applicable,not_applicable,unavailable,rustc,nightly-2021-05-06,Release,JerryZ
1787147279269761347,PPS-GC,sender_signaling,pps_gc_sender_total_signaling,sender,201,false,32,2,recipient_bits=16;location_bytes=32,13270,68,measured,ok,unavailable,rustc,nightly-2021-05-06,Release,JerryZ
1787147279271026301,PPS-GC,sender_signaling,pps_gc_share_generation,sender,202,false,32,2,recipient_bits=16;location_bytes=32,9726,68,measured,ok,unavailable,rustc,nightly-2021-05-06,Release,JerryZ
1787147279272367586,PPS-GC,sender_signaling,pps_gc_sender_preparation,sender,202,false,32,2,recipient_bits=16;location_bytes=32,523,68,measured,ok,unavailable,rustc,nightly-2021-05-06,Release,JerryZ
1787147279273938259,PPS-GC,sender_signaling,message_encryption,sender,202,false,32,2,recipient_bits=16;location_bytes=32,-1,,not_applicable,not_applicable,unavailable,rustc,nightly-2021-05-06,Release,JerryZ
1787147279274946710,PPS-GC,sender_signaling,pps_gc_sender_total_signaling,sender,202,false,32,2,recipient_bits=16;location_bytes=32,9735,68,measured,ok,unavailable,rustc,nightly-2021-05-06,Release,JerryZ
1787147279276035684,PPS-GC,sender_signaling,pps_gc_share_generation,sender,203,false,32,2,recipient_bits=16;location_bytes=32,9606,68,measured,ok,unavailable,rustc,nightly-2021-05-06,Release,JerryZ
1787147279277077987,PPS-GC,sender_signaling,pps_gc_sender_preparation,sender,203,false,32,2,recipient_bits=16;location_bytes=32,147,68,measured,ok,unavailable,rustc,nightly-2021-05-06,Release,JerryZ
1787147279278162911,PPS-GC,sender_signaling,message_encryption,sender,203,false,32,2,recipient_bits=16;location_bytes=32,-1,,not_applicable,not_applicable,unavailable,rustc,nightly-2021-05-06,Release,JerryZ
1787147279279454177,PPS-GC,sender_signaling,pps_gc_sender_total_signaling,sender,203,false,32,2,recipient_bits=16;location_bytes=32,9615,68,measured,ok,unavailable,rustc,nightly-2021-05-06,Release,JerryZ
1787147279280492852,PPS-GC,sender_signaling,pps_gc_share_generation,sender,204,false,32,2,recipient_bits=16;location_bytes=32,9496,68,measured,ok,unavailable,rustc,nightly-2021-05-06,Release,JerryZ
1787147279281725773,PPS-GC,sender_signaling,pps_gc_sender_preparation,sender,204,false,32,2,recipient_bits=16;location_bytes=32,129,68,measured,ok,unavailable,rustc,nightly-2021-05-06,Release,JerryZ
1787147279282823509,PPS-GC,sender_signaling,message_encryption,sender,204,false,32,2,recipient_bits=16;location_bytes=32,-1,,not_applicable,not_applicable,unavailable,rustc,nightly-2021-05-06,Release,JerryZ
1787147279287259030,PPS-GC,sender_signaling,pps_gc_sender_total_signaling,sender,204,false,32,2,recipient_bits=16;location_bytes=32,18184,68,measured,ok,unavailable,rustc,nightly-2021-05-06,Release,JerryZ
1787147279288545713,PPS-GC,sender_signaling,pps_gc_share_generation,sender,205,false,32,2,recipient_bits=16;location_bytes=32,10093,68,measured,ok,unavailable,rustc,nightly-2021-05-06,Release,JerryZ
1787147279290069530,PPS-GC,sender_signaling,pps_gc_sender_preparation,sender,205,false,32,2,recipient_bits=16;location_bytes=32,358,68,measured,ok,unavailable,rustc,nightly-2021-05-06,Release,JerryZ
1787147279291799843,PPS-GC,sender_signaling,message_encryption,sender,205,false,32,2,recipient_bits=16;location_bytes=32,-1,,not_applicable,not_applicable,unavailable,rustc,nightly-2021-05-06,Release,JerryZ
1787147279292879965,PPS-GC,sender_signaling,pps_gc_sender_total_signaling,sender,205,false,32,2,recipient_bits=16;location_bytes=32,22344,68,measured,ok,unavailable,rustc,nightly-2021-05-06,Release,JerryZ
1787147279294088347,PPS-GC,sender_signaling,pps_gc_share_generation,sender,206,false,32,2,recipient_bits=16;location_bytes=32,9570,68,measured,ok,unavailable,rustc,nightly-2021-05-06,Release,JerryZ
1787147279295113889,PPS-GC,sender_signaling,pps_gc_sender_preparation,sender,206,false,32,2,recipient_bits=16;location_bytes=32,138,68,measured,ok,unavailable,rustc,nightly-2021-05-06,Release,JerryZ
1787147279296118924,PPS-GC,sender_signaling,message_encryption,sender,206,false,32,2,recipient_bits=16;location_bytes=32,-1,,not_applicable,not_applicable,unavailable,rustc,nightly-2021-05-06,Release,JerryZ
1787147279297151088,PPS-GC,sender_signaling,pps_gc_sender_total_signaling,sender,206,false,32,2,recipient_bits=16;location_bytes=32,9579,68,measured,ok,unavailable,rustc,nightly-2021-05-06,Release,JerryZ
1787147279298705321,PPS-GC,sender_signaling,pps_gc_share_generation,sender,207,false,32,2,recipient_bits=16;location_bytes=32,22418,68,measured,ok,unavailable,rustc,nightly-2021-05-06,Release,JerryZ
1787147279300105207,PPS-GC,sender_signaling,pps_gc_sender_preparation,sender,207,false,32,2,recipient_bits=16;location_bytes=32,284,68,measured,ok,unavailable,rustc,nightly-2021-05-06,Release,JerryZ
1787147279301408940,PPS-GC,sender_signaling,message_encryption,sender,207,false,32,2,recipient_bits=16;location_bytes=32,-1,,not_applicable,not_applicable,unavailable,rustc,nightly-2021-05-06,Release,JerryZ
1787147279302957553,PPS-GC,sender_signaling,pps_gc_sender_total_signaling,sender,207,false,32,2,recipient_bits=16;location_bytes=32,11121,68,measured,ok,unavailable,rustc,nightly-2021-05-06,Release,JerryZ
1787147279304185055,PPS-GC,sender_signaling,pps_gc_share_generation,sender,208,false,32,2,recipient_bits=16;location_bytes=32,9561,68,measured,ok,unavailable,rustc,nightly-2021-05-06,Release,JerryZ
1787147279305573264,PPS-GC,sender_signaling,pps_gc_sender_preparation,sender,208,false,32,2,recipient_bits=16;location_bytes=32,147,68,measured,ok,unavailable,rustc,nightly-2021-05-06,Release,JerryZ
1787147279306725360,PPS-GC,sender_signaling,message_encryption,sender,208,false,32,2,recipient_bits=16;location_bytes=32,-1,,not_applicable,not_applicable,unavailable,rustc,nightly-2021-05-06,Release,JerryZ
1787147279307985254,PPS-GC,sender_signaling,pps_gc_sender_total_signaling,sender,208,false,32,2,recipient_bits=16;location_bytes=32,9992,68,measured,ok,unavailable,rustc,nightly-2021-05-06,Release,JerryZ
1787147279309326526,PPS-GC,sender_signaling,pps_gc_share_generation,sender,209,false,32,2,recipient_bits=16;location_bytes=32,9468,68,measured,ok,unavailable,rustc,nightly-2021-05-06,Release,JerryZ
1787147279310657878,PPS-GC,sender_signaling,pps_gc_sender_preparation,sender,209,false,32,2,recipient_bits=16;location_bytes=32,138,68,measured,ok,unavailable,rustc,nightly-2021-05-06,Release,JerryZ
1787147279311850078,PPS-GC,sender_signaling,message_encryption,sender,209,false,32,2,recipient_bits=16;location_bytes=32,-1,,not_applicable,not_applicable,unavailable,rustc,nightly-2021-05-06,Release,JerryZ
1787147279312932257,PPS-GC,sender_signaling,pps_gc_sender_total_signaling,sender,209,false,32,2,recipient_bits=16;location_bytes=32,9983,68,measured,ok,unavailable,rustc,nightly-2021-05-06,Release,JerryZ
1787147279314128594,PPS-GC,sender_signaling,pps_gc_share_generation,sender,210,false,32,2,recipient_bits=16;location_bytes=32,21546,68,measured,ok,unavailable,rustc,nightly-2021-05-06,Release,JerryZ
1787147279315735308,PPS-GC,sender_signaling,pps_gc_sender_preparation,sender,210,false,32,2,recipient_bits=16;location_bytes=32,276,68,measured,ok,unavailable,rustc,nightly-2021-05-06,Release,JerryZ
1787147279316834188,PPS-GC,sender_signaling,message_encryption,sender,210,false,32,2,recipient_bits=16;location_bytes=32,-1,,not_applicable,not_applicable,unavailable,rustc,nightly-2021-05-06,Release,JerryZ
1787147279318356108,PPS-GC,sender_signaling,pps_gc_sender_total_signaling,sender,210,false,32,2,recipient_bits=16;location_bytes=32,10093,68,measured,ok,unavailable,rustc,nightly-2021-05-06,Release,JerryZ
1787147279319427946,PPS-GC,sender_signaling,pps_gc_share_generation,sender,211,false,32,2,recipient_bits=16;location_bytes=32,9533,68,measured,ok,unavailable,rustc,nightly-2021-05-06,Release,JerryZ
1787147279320625243,PPS-GC,sender_signaling,pps_gc_sender_preparation,sender,211,false,32,2,recipient_bits=16;location_bytes=32,147,68,measured,ok,unavailable,rustc,nightly-2021-05-06,Release,JerryZ
1787147279321983678,PPS-GC,sender_signaling,message_encryption,sender,211,false,32,2,recipient_bits=16;location_bytes=32,-1,,not_applicable,not_applicable,unavailable,rustc,nightly-2021-05-06,Release,JerryZ
1787147279323658081,PPS-GC,sender_signaling,pps_gc_sender_total_signaling,sender,211,false,32,2,recipient_bits=16;location_bytes=32,11461,68,measured,ok,unavailable,rustc,nightly-2021-05-06,Release,JerryZ
1787147279324876832,PPS-GC,sender_signaling,pps_gc_share_generation,sender,212,false,32,2,recipient_bits=16;location_bytes=32,9606,68,measured,ok,unavailable,rustc,nightly-2021-05-06,Release,JerryZ
1787147279326048083,PPS-GC,sender_signaling,pps_gc_sender_preparation,sender,212,false,32,2,recipient_bits=16;location_bytes=32,165,68,measured,ok,unavailable,rustc,nightly-2021-05-06,Release,JerryZ
1787147279327172259,PPS-GC,sender_signaling,message_encryption,sender,212,false,32,2,recipient_bits=16;location_bytes=32,-1,,not_applicable,not_applicable,unavailable,rustc,nightly-2021-05-06,Release,JerryZ
1787147279328289410,PPS-GC,sender_signaling,pps_gc_sender_total_signaling,sender,212,false,32,2,recipient_bits=16;location_bytes=32,12215,68,measured,ok,unavailable,rustc,nightly-2021-05-06,Release,JerryZ
1787147279329518864,PPS-GC,sender_signaling,pps_gc_share_generation,sender,213,false,32,2,recipient_bits=16;location_bytes=32,11507,68,measured,ok,unavailable,rustc,nightly-2021-05-06,Release,JerryZ
1787147279331617846,PPS-GC,sender_signaling,pps_gc_sender_preparation,sender,213,false,32,2,recipient_bits=16;location_bytes=32,349,68,measured,ok,unavailable,rustc,nightly-2021-05-06,Release,JerryZ
1787147279333015469,PPS-GC,sender_signaling,message_encryption,sender,213,false,32,2,recipient_bits=16;location_bytes=32,-1,,not_applicable,not_applicable,unavailable,rustc,nightly-2021-05-06,Release,JerryZ
1787147279334151037,PPS-GC,sender_signaling,pps_gc_sender_total_signaling,sender,213,false,32,2,recipient_bits=16;location_bytes=32,10332,68,measured,ok,unavailable,rustc,nightly-2021-05-06,Release,JerryZ
1787147279335165169,PPS-GC,sender_signaling,pps_gc_share_generation,sender,214,false,32,2,recipient_bits=16;location_bytes=32,10589,68,measured,ok,unavailable,rustc,nightly-2021-05-06,Release,JerryZ
1787147279336185233,PPS-GC,sender_signaling,pps_gc_sender_preparation,sender,214,false,32,2,recipient_bits=16;location_bytes=32,147,68,measured,ok,unavailable,rustc,nightly-2021-05-06,Release,JerryZ
1787147279337537777,PPS-GC,sender_signaling,message_encryption,sender,214,false,32,2,recipient_bits=16;location_bytes=32,-1,,not_applicable,not_applicable,unavailable,rustc,nightly-2021-05-06,Release,JerryZ
1787147279338861424,PPS-GC,sender_signaling,pps_gc_sender_total_signaling,sender,214,false,32,2,recipient_bits=16;location_bytes=32,13390,68,measured,ok,unavailable,rustc,nightly-2021-05-06,Release,JerryZ
1787147279340386986,PPS-GC,sender_signaling,pps_gc_share_generation,sender,215,false,32,2,recipient_bits=16;location_bytes=32,9754,68,measured,ok,unavailable,rustc,nightly-2021-05-06,Release,JerryZ
1787147279341842301,PPS-GC,sender_signaling,pps_gc_sender_preparation,sender,215,false,32,2,recipient_bits=16;location_bytes=32,147,68,measured,ok,unavailable,rustc,nightly-2021-05-06,Release,JerryZ
1787147279342920916,PPS-GC,sender_signaling,message_encryption,sender,215,false,32,2,recipient_bits=16;location_bytes=32,-1,,not_applicable,not_applicable,unavailable,rustc,nightly-2021-05-06,Release,JerryZ
1787147279343996583,PPS-GC,sender_signaling,pps_gc_sender_total_signaling,sender,215,false,32,2,recipient_bits=16;location_bytes=32,9965,68,measured,ok,unavailable,rustc,nightly-2021-05-06,Release,JerryZ
1787147279345145262,PPS-GC,sender_signaling,pps_gc_share_generation,sender,216,false,32,2,recipient_bits=16;location_bytes=32,21711,68,measured,ok,unavailable,rustc,nightly-2021-05-06,Release,JerryZ
1787147279346705722,PPS-GC,sender_signaling,pps_gc_sender_preparation,sender,216,false,32,2,recipient_bits=16;location_bytes=32,367,68,measured,ok,unavailable,rustc,nightly-2021-05-06,Release,JerryZ
1787147279348060318,PPS-GC,sender_signaling,message_encryption,sender,216,false,32,2,recipient_bits=16;location_bytes=32,-1,,not_applicable,not_applicable,unavailable,rustc,nightly-2021-05-06,Release,JerryZ
1787147279349487935,PPS-GC,sender_signaling,pps_gc_sender_total_signaling,sender,216,false,32,2,recipient_bits=16;location_bytes=32,10139,68,measured,ok,unavailable,rustc,nightly-2021-05-06,Release,JerryZ
1787147279350565724,PPS-GC,sender_signaling,pps_gc_share_generation,sender,217,false,32,2,recipient_bits=16;location_bytes=32,9588,68,measured,ok,unavailable,rustc,nightly-2021-05-06,Release,JerryZ
1787147279351627056,PPS-GC,sender_signaling,pps_gc_sender_preparation,sender,217,false,32,2,recipient_bits=16;location_bytes=32,147,68,measured,ok,unavailable,rustc,nightly-2021-05-06,Release,JerryZ
1787147279352746719,PPS-GC,sender_signaling,message_encryption,sender,217,false,32,2,recipient_bits=16;location_bytes=32,-1,,not_applicable,not_applicable,unavailable,rustc,nightly-2021-05-06,Release,JerryZ
1787147279353957907,PPS-GC,sender_signaling,pps_gc_sender_total_signaling,sender,217,false,32,2,recipient_bits=16;location_bytes=32,22656,68,measured,ok,unavailable,rustc,nightly-2021-05-06,Release,JerryZ
1787147279355381400,PPS-GC,sender_signaling,pps_gc_share_generation,sender,218,false,32,2,recipient_bits=16;location_bytes=32,9478,68,measured,ok,unavailable,rustc,nightly-2021-05-06,Release,JerryZ
1787147279356457591,PPS-GC,sender_signaling,pps_gc_sender_preparation,sender,218,false,32,2,recipient_bits=16;location_bytes=32,147,68,measured,ok,unavailable,rustc,nightly-2021-05-06,Release,JerryZ
1787147279357548885,PPS-GC,sender_signaling,message_encryption,sender,218,false,32,2,recipient_bits=16;location_bytes=32,-1,,not_applicable,not_applicable,unavailable,rustc,nightly-2021-05-06,Release,JerryZ
1787147279358906080,PPS-GC,sender_signaling,pps_gc_sender_total_signaling,sender,218,false,32,2,recipient_bits=16;location_bytes=32,10525,68,measured,ok,unavailable,rustc,nightly-2021-05-06,Release,JerryZ
1787147279360590893,PPS-GC,sender_signaling,pps_gc_share_generation,sender,219,false,32,2,recipient_bits=16;location_bytes=32,22895,68,measured,ok,unavailable,rustc,nightly-2021-05-06,Release,JerryZ
1787147279362334055,PPS-GC,sender_signaling,pps_gc_sender_preparation,sender,219,false,32,2,recipient_bits=16;location_bytes=32,716,68,measured,ok,unavailable,rustc,nightly-2021-05-06,Release,JerryZ
1787147279363770883,PPS-GC,sender_signaling,message_encryption,sender,219,false,32,2,recipient_bits=16;location_bytes=32,-1,,not_applicable,not_applicable,unavailable,rustc,nightly-2021-05-06,Release,JerryZ
1787147279364945845,PPS-GC,sender_signaling,pps_gc_sender_total_signaling,sender,219,false,32,2,recipient_bits=16;location_bytes=32,13491,68,measured,ok,unavailable,rustc,nightly-2021-05-06,Release,JerryZ
1787147279366330023,PPS-GC,sender_signaling,pps_gc_share_generation,sender,220,false,32,2,recipient_bits=16;location_bytes=32,10497,68,measured,ok,unavailable,rustc,nightly-2021-05-06,Release,JerryZ
1787147279367414258,PPS-GC,sender_signaling,pps_gc_sender_preparation,sender,220,false,32,2,recipient_bits=16;location_bytes=32,267,68,measured,ok,unavailable,rustc,nightly-2021-05-06,Release,JerryZ
1787147279368722826,PPS-GC,sender_signaling,message_encryption,sender,220,false,32,2,recipient_bits=16;location_bytes=32,-1,,not_applicable,not_applicable,unavailable,rustc,nightly-2021-05-06,Release,JerryZ
1787147279370334385,PPS-GC,sender_signaling,pps_gc_sender_total_signaling,sender,220,false,32,2,recipient_bits=16;location_bytes=32,10892,68,measured,ok,unavailable,rustc,nightly-2021-05-06,Release,JerryZ
1787147279371378083,PPS-GC,sender_signaling,pps_gc_share_generation,sender,221,false,32,2,recipient_bits=16;location_bytes=32,9532,68,measured,ok,unavailable,rustc,nightly-2021-05-06,Release,JerryZ
1787147279372445595,PPS-GC,sender_signaling,pps_gc_sender_preparation,sender,221,false,32,2,recipient_bits=16;location_bytes=32,147,68,measured,ok,unavailable,rustc,nightly-2021-05-06,Release,JerryZ
1787147279373624442,PPS-GC,sender_signaling,message_encryption,sender,221,false,32,2,recipient_bits=16;location_bytes=32,-1,,not_applicable,not_applicable,unavailable,rustc,nightly-2021-05-06,Release,JerryZ
1787147279374785661,PPS-GC,sender_signaling,pps_gc_sender_total_signaling,sender,221,false,32,2,recipient_bits=16;location_bytes=32,9900,68,measured,ok,unavailable,rustc,nightly-2021-05-06,Release,JerryZ
1787147279376002983,PPS-GC,sender_signaling,pps_gc_share_generation,sender,222,false,32,2,recipient_bits=16;location_bytes=32,22482,68,measured,ok,unavailable,rustc,nightly-2021-05-06,Release,JerryZ
1787147279377678764,PPS-GC,sender_signaling,pps_gc_sender_preparation,sender,222,false,32,2,recipient_bits=16;location_bytes=32,450,68,measured,ok,unavailable,rustc,nightly-2021-05-06,Release,JerryZ
1787147279378916341,PPS-GC,sender_signaling,message_encryption,sender,222,false,32,2,recipient_bits=16;location_bytes=32,-1,,not_applicable,not_applicable,unavailable,rustc,nightly-2021-05-06,Release,JerryZ
1787147279379969939,PPS-GC,sender_signaling,pps_gc_sender_total_signaling,sender,222,false,32,2,recipient_bits=16;location_bytes=32,10524,68,measured,ok,unavailable,rustc,nightly-2021-05-06,Release,JerryZ
1787147279381028681,PPS-GC,sender_signaling,pps_gc_share_generation,sender,223,false,32,2,recipient_bits=16;location_bytes=32,9487,68,measured,ok,unavailable,rustc,nightly-2021-05-06,Release,JerryZ
1787147279382126518,PPS-GC,sender_signaling,pps_gc_sender_preparation,sender,223,false,32,2,recipient_bits=16;location_bytes=32,146,68,measured,ok,unavailable,rustc,nightly-2021-05-06,Release,JerryZ
1787147279383497030,PPS-GC,sender_signaling,message_encryption,sender,223,false,32,2,recipient_bits=16;location_bytes=32,-1,,not_applicable,not_applicable,unavailable,rustc,nightly-2021-05-06,Release,JerryZ
1787147279384617404,PPS-GC,sender_signaling,pps_gc_sender_total_signaling,sender,223,false,32,2,recipient_bits=16;location_bytes=32,10451,68,measured,ok,unavailable,rustc,nightly-2021-05-06,Release,JerryZ
1787147279385747310,PPS-GC,sender_signaling,pps_gc_share_generation,sender,224,false,32,2,recipient_bits=16;location_bytes=32,9689,68,measured,ok,unavailable,rustc,nightly-2021-05-06,Release,JerryZ
1787147279386807751,PPS-GC,sender_signaling,pps_gc_sender_preparation,sender,224,false,32,2,recipient_bits=16;location_bytes=32,147,68,measured,ok,unavailable,rustc,nightly-2021-05-06,Release,JerryZ
1787147279388158031,PPS-GC,sender_signaling,message_encryption,sender,224,false,32,2,recipient_bits=16;location_bytes=32,-1,,not_applicable,not_applicable,unavailable,rustc,nightly-2021-05-06,Release,JerryZ
1787147279389362629,PPS-GC,sender_signaling,pps_gc_sender_total_signaling,sender,224,false,32,2,recipient_bits=16;location_bytes=32,9873,68,measured,ok,unavailable,rustc,nightly-2021-05-06,Release,JerryZ
1787147279390627537,PPS-GC,sender_signaling,pps_gc_share_generation,sender,225,false,32,2,recipient_bits=16;location_bytes=32,20829,68,measured,ok,unavailable,rustc,nightly-2021-05-06,Release,JerryZ
1787147279392241208,PPS-GC,sender_signaling,pps_gc_sender_preparation,sender,225,false,32,2,recipient_bits=16;location_bytes=32,257,68,measured,ok,unavailable,rustc,nightly-2021-05-06,Release,JerryZ
1787147279395057962,PPS-GC,sender_signaling,message_encryption,sender,225,false,32,2,recipient_bits=16;location_bytes=32,-1,,not_applicable,not_applicable,unavailable,rustc,nightly-2021-05-06,Release,JerryZ
1787147279396415259,PPS-GC,sender_signaling,pps_gc_sender_total_signaling,sender,225,false,32,2,recipient_bits=16;location_bytes=32,10965,68,measured,ok,unavailable,rustc,nightly-2021-05-06,Release,JerryZ
1787147279397617611,PPS-GC,sender_signaling,pps_gc_share_generation,sender,226,false,32,2,recipient_bits=16;location_bytes=32,33245,68,measured,ok,unavailable,rustc,nightly-2021-05-06,Release,JerryZ
1787147279399099813,PPS-GC,sender_signaling,pps_gc_sender_preparation,sender,226,false,32,2,recipient_bits=16;location_bytes=32,239,68,measured,ok,unavailable,rustc,nightly-2021-05-06,Release,JerryZ
1787147279400292684,PPS-GC,sender_signaling,message_encryption,sender,226,false,32,2,recipient_bits=16;location_bytes=32,-1,,not_applicable,not_applicable,unavailable,rustc,nightly-2021-05-06,Release,JerryZ
1787147279401385571,PPS-GC,sender_signaling,pps_gc_sender_total_signaling,sender,226,false,32,2,recipient_bits=16;location_bytes=32,10488,68,measured,ok,unavailable,rustc,nightly-2021-05-06,Release,JerryZ
1787147279402500820,PPS-GC,sender_signaling,pps_gc_share_generation,sender,227,false,32,2,recipient_bits=16;location_bytes=32,9533,68,measured,ok,unavailable,rustc,nightly-2021-05-06,Release,JerryZ
1787147279403563180,PPS-GC,sender_signaling,pps_gc_sender_preparation,sender,227,false,32,2,recipient_bits=16;location_bytes=32,138,68,measured,ok,unavailable,rustc,nightly-2021-05-06,Release,JerryZ
1787147279404597291,PPS-GC,sender_signaling,message_encryption,sender,227,false,32,2,recipient_bits=16;location_bytes=32,-1,,not_applicable,not_applicable,unavailable,rustc,nightly-2021-05-06,Release,JerryZ
1787147279405986905,PPS-GC,sender_signaling,pps_gc_sender_total_signaling,sender,227,false,32,2,recipient_bits=16;location_bytes=32,21866,68,measured,ok,unavailable,rustc,nightly-2021-05-06,Release,JerryZ
1787147279407530518,PPS-GC,sender_signaling,pps_gc_share_generation,sender,228,false,32,2,recipient_bits=16;location_bytes=32,9973,68,measured,ok,unavailable,rustc,nightly-2021-05-06,Release,JerryZ
1787147279408813256,PPS-GC,sender_signaling,pps_gc_sender_preparation,sender,228,false,32,2,recipient_bits=16;location_bytes=32,221,68,measured,ok,unavailable,rustc,nightly-2021-05-06,Release,JerryZ
1787147279410101225,PPS-GC,sender_signaling,message_encryption,sender,228,false,32,2,recipient_bits=16;location_bytes=32,-1,,not_applicable,not_applicable,unavailable,rustc,nightly-2021-05-06,Release,JerryZ
1787147279411183596,PPS-GC,sender_signaling,pps_gc_sender_total_signaling,sender,228,false,32,2,recipient_bits=16;location_bytes=32,10194,68,measured,ok,unavailable,rustc,nightly-2021-05-06,Release,JerryZ
1787147279412612388,PPS-GC,sender_signaling,pps_gc_share_generation,sender,229,false,32,2,recipient_bits=16;location_bytes=32,9808,68,measured,ok,unavailable,rustc,nightly-2021-05-06,Release,JerryZ
1787147279413934291,PPS-GC,sender_signaling,pps_gc_sender_preparation,sender,229,false,32,2,recipient_bits=16;location_bytes=32,395,68,measured,ok,unavailable,rustc,nightly-2021-05-06,Release,JerryZ
1787147279415119396,PPS-GC,sender_signaling,message_encryption,sender,229,false,32,2,recipient_bits=16;location_bytes=32,-1,,not_applicable,not_applicable,unavailable,rustc,nightly-2021-05-06,Release,JerryZ
1787147279416172380,PPS-GC,sender_signaling,pps_gc_sender_total_signaling,sender,229,false,32,2,recipient_bits=16;location_bytes=32,10331,68,measured,ok,unavailable,rustc,nightly-2021-05-06,Release,JerryZ
1787147279417490375,PPS-GC,sender_signaling,pps_gc_share_generation,sender,230,false,32,2,recipient_bits=16;location_bytes=32,12279,68,measured,ok,unavailable,rustc,nightly-2021-05-06,Release,JerryZ
1787147279418621365,PPS-GC,sender_signaling,pps_gc_sender_preparation,sender,230,false,32,2,recipient_bits=16;location_bytes=32,165,68,measured,ok,unavailable,rustc,nightly-2021-05-06,Release,JerryZ
1787147279419969666,PPS-GC,sender_signaling,message_encryption,sender,230,false,32,2,recipient_bits=16;location_bytes=32,-1,,not_applicable,not_applicable,unavailable,rustc,nightly-2021-05-06,Release,JerryZ
1787147279421910862,PPS-GC,sender_signaling,pps_gc_sender_total_signaling,sender,230,false,32,2,recipient_bits=16;location_bytes=32,11370,68,measured,ok,unavailable,rustc,nightly-2021-05-06,Release,JerryZ
1787147279423408882,PPS-GC,sender_signaling,pps_gc_share_generation,sender,231,false,32,2,recipient_bits=16;location_bytes=32,11213,68,measured,ok,unavailable,rustc,nightly-2021-05-06,Release,JerryZ
1787147279425020459,PPS-GC,sender_signaling,pps_gc_sender_preparation,sender,231,false,32,2,recipient_bits=16;location_bytes=32,680,68,measured,ok,unavailable,rustc,nightly-2021-05-06,Release,JerryZ
1787147279426608153,PPS-GC,sender_signaling,message_encryption,sender,231,false,32,2,recipient_bits=16;location_bytes=32,-1,,not_applicable,not_applicable,unavailable,rustc,nightly-2021-05-06,Release,JerryZ
1787147279427991229,PPS-GC,sender_signaling,pps_gc_sender_total_signaling,sender,231,false,32,2,recipient_bits=16;location_bytes=32,10608,68,measured,ok,unavailable,rustc,nightly-2021-05-06,Release,JerryZ
1787147279429234054,PPS-GC,sender_signaling,pps_gc_share_generation,sender,232,false,32,2,recipient_bits=16;location_bytes=32,10129,68,measured,ok,unavailable,rustc,nightly-2021-05-06,Release,JerryZ
1787147279430794762,PPS-GC,sender_signaling,pps_gc_sender_preparation,sender,232,false,32,2,recipient_bits=16;location_bytes=32,450,68,measured,ok,unavailable,rustc,nightly-2021-05-06,Release,JerryZ
1787147279432320425,PPS-GC,sender_signaling,message_encryption,sender,232,false,32,2,recipient_bits=16;location_bytes=32,-1,,not_applicable,not_applicable,unavailable,rustc,nightly-2021-05-06,Release,JerryZ
1787147279433457890,PPS-GC,sender_signaling,pps_gc_sender_total_signaling,sender,232,false,32,2,recipient_bits=16;location_bytes=32,10855,68,measured,ok,unavailable,rustc,nightly-2021-05-06,Release,JerryZ
1787147279434669660,PPS-GC,sender_signaling,pps_gc_share_generation,sender,233,false,32,2,recipient_bits=16;location_bytes=32,9542,68,measured,ok,unavailable,rustc,nightly-2021-05-06,Release,JerryZ
1787147279435998139,PPS-GC,sender_signaling,pps_gc_sender_preparation,sender,233,false,32,2,recipient_bits=16;location_bytes=32,147,68,measured,ok,unavailable,rustc,nightly-2021-05-06,Release,JerryZ
1787147279438292575,PPS-GC,sender_signaling,message_encryption,sender,233,false,32,2,recipient_bits=16;location_bytes=32,-1,,not_applicable,not_applicable,unavailable,rustc,nightly-2021-05-06,Release,JerryZ
1787147279439687336,PPS-GC,sender_signaling,pps_gc_sender_total_signaling,sender,233,false,32,2,recipient_bits=16;location_bytes=32,11323,68,measured,ok,unavailable,rustc,nightly-2021-05-06,Release,JerryZ
1787147279440857794,PPS-GC,sender_signaling,pps_gc_share_generation,sender,234,false,32,2,recipient_bits=16;location_bytes=32,21407,68,measured,ok,unavailable,rustc,nightly-2021-05-06,Release,JerryZ
1787147279442147140,PPS-GC,sender_signaling,pps_gc_sender_preparation,sender,234,false,32,2,recipient_bits=16;location_bytes=32,285,68,measured,ok,unavailable,rustc,nightly-2021-05-06,Release,JerryZ
1787147279443652204,PPS-GC,sender_signaling,message_encryption,sender,234,false,32,2,recipient_bits=16;location_bytes=32,-1,,not_applicable,not_applicable,unavailable,rustc,nightly-2021-05-06,Release,JerryZ
1787147279444796806,PPS-GC,sender_signaling,pps_gc_sender_total_signaling,sender,234,false,32,2,recipient_bits=16;location_bytes=32,10212,68,measured,ok,unavailable,rustc,nightly-2021-05-06,Release,JerryZ
1787147279445943657,PPS-GC,sender_signaling,pps_gc_share_generation,sender,235,false,32,2,recipient_bits=16;location_bytes=32,9551,68,measured,ok,unavailable,rustc,nightly-2021-05-06,Release,JerryZ
1787147279446998679,PPS-GC,sender_signaling,pps_gc_sender_preparation,sender,235,false,32,2,recipient_bits=16;location_bytes=32,138,68,measured,ok,unavailable,rustc,nightly-2021-05-06,Release,JerryZ
1787147279448278005,PPS-GC,sender_signaling,message_encryption,sender,235,false,32,2,recipient_bits=16;location_bytes=32,-1,,not_applicable,not_applicable,unavailable,rustc,nightly-2021-05-06,Release,JerryZ
1787147279449384470,PPS-GC,sender_signaling,pps_gc_sender_total_signaling,sender,235,false,32,2,recipient_bits=16;location_bytes=32,19846,68,measured,ok,unavailable,rustc,nightly-2021-05-06,Release,JerryZ
1787147279450567354,PPS-GC,sender_signaling,pps_gc_share_generation,sender,236,false,32,2,recipient_bits=16;location_bytes=32,10084,68,measured,ok,unavailable,rustc,nightly-2021-05-06,Release,JerryZ
1787147279451990645,PPS-GC,sender_signaling,pps_gc_sender_preparation,sender,236,false,32,2,recipient_bits=16;location_bytes=32,156,68,measured,ok,unavailable,rustc,nightly-2021-05-06,Release,JerryZ
1787147279453462532,PPS-GC,sender_signaling,message_encryption,sender,236,false,32,2,recipient_bits=16;location_bytes=32,-1,,not_applicable,not_applicable,unavailable,rustc,nightly-2021-05-06,Release,JerryZ
1787147279455343923,PPS-GC,sender_signaling,pps_gc_sender_total_signaling,sender,236,false,32,2,recipient_bits=16;location_bytes=32,12122,68,measured,ok,unavailable,rustc,nightly-2021-05-06,Release,JerryZ
1787147279456951643,PPS-GC,sender_signaling,pps_gc_share_generation,sender,237,false,32,2,recipient_bits=16;location_bytes=32,10892,68,measured,ok,unavailable,rustc,nightly-2021-05-06,Release,JerryZ
1787147279458095729,PPS-GC,sender_signaling,pps_gc_sender_preparation,sender,237,false,32,2,recipient_bits=16;location_bytes=32,220,68,measured,ok,unavailable,rustc,nightly-2021-05-06,Release,JerryZ
1787147279459198323,PPS-GC,sender_signaling,message_encryption,sender,237,false,32,2,recipient_bits=16;location_bytes=32,-1,,not_applicable,not_applicable,unavailable,rustc,nightly-2021-05-06,Release,JerryZ
1787147279460536812,PPS-GC,sender_signaling,pps_gc_sender_total_signaling,sender,237,false,32,2,recipient_bits=16;location_bytes=32,11682,68,measured,ok,unavailable,rustc,nightly-2021-05-06,Release,JerryZ
1787147279461702094,PPS-GC,sender_signaling,pps_gc_share_generation,sender,238,false,32,2,recipient_bits=16;location_bytes=32,19470,68,measured,ok,unavailable,rustc,nightly-2021-05-06,Release,JerryZ
1787147279462868874,PPS-GC,sender_signaling,pps_gc_sender_preparation,sender,238,false,32,2,recipient_bits=16;location_bytes=32,266,68,measured,ok,unavailable,rustc,nightly-2021-05-06,Release,JerryZ
1787147279464049925,PPS-GC,sender_signaling,message_encryption,sender,238,false,32,2,recipient_bits=16;location_bytes=32,-1,,not_applicable,not_applicable,unavailable,rustc,nightly-2021-05-06,Release,JerryZ
1787147279465319585,PPS-GC,sender_signaling,pps_gc_sender_total_signaling,sender,238,false,32,2,recipient_bits=16;location_bytes=32,10910,68,measured,ok,unavailable,rustc,nightly-2021-05-06,Release,JerryZ
1787147279466781352,PPS-GC,sender_signaling,pps_gc_share_generation,sender,239,false,32,2,recipient_bits=16;location_bytes=32,10268,68,measured,ok,unavailable,rustc,nightly-2021-05-06,Release,JerryZ
1787147279468225619,PPS-GC,sender_signaling,pps_gc_sender_preparation,sender,239,false,32,2,recipient_bits=16;location_bytes=32,386,68,measured,ok,unavailable,rustc,nightly-2021-05-06,Release,JerryZ
1787147279469560043,PPS-GC,sender_signaling,message_encryption,sender,239,false,32,2,recipient_bits=16;location_bytes=32,-1,,not_applicable,not_applicable,unavailable,rustc,nightly-2021-05-06,Release,JerryZ
1787147279470757841,PPS-GC,sender_signaling,pps_gc_sender_total_signaling,sender,239,false,32,2,recipient_bits=16;location_bytes=32,12591,68,measured,ok,unavailable,rustc,nightly-2021-05-06,Release,JerryZ
1787147279472010571,PPS-GC,sender_signaling,pps_gc_share_generation,sender,240,false,32,2,recipient_bits=16;location_bytes=32,9533,68,measured,ok,unavailable,rustc,nightly-2021-05-06,Release,JerryZ
1787147279472990314,PPS-GC,sender_signaling,pps_gc_sender_preparation,sender,240,false,32,2,recipient_bits=16;location_bytes=32,147,68,measured,ok,unavailable,rustc,nightly-2021-05-06,Release,JerryZ
1787147279474079977,PPS-GC,sender_signaling,message_encryption,sender,240,false,32,2,recipient_bits=16;location_bytes=32,-1,,not_applicable,not_applicable,unavailable,rustc,nightly-2021-05-06,Release,JerryZ
1787147279475678408,PPS-GC,sender_signaling,pps_gc_sender_total_signaling,sender,240,false,32,2,recipient_bits=16;location_bytes=32,11149,68,measured,ok,unavailable,rustc,nightly-2021-05-06,Release,JerryZ
1787147279476763006,PPS-GC,sender_signaling,pps_gc_share_generation,sender,241,false,32,2,recipient_bits=16;location_bytes=32,9477,68,measured,ok,unavailable,rustc,nightly-2021-05-06,Release,JerryZ
1787147279477863258,PPS-GC,sender_signaling,pps_gc_sender_preparation,sender,241,false,32,2,recipient_bits=16;location_bytes=32,138,68,measured,ok,unavailable,rustc,nightly-2021-05-06,Release,JerryZ
1787147279478909914,PPS-GC,sender_signaling,message_encryption,sender,241,false,32,2,recipient_bits=16;location_bytes=32,-1,,not_applicable,not_applicable,unavailable,rustc,nightly-2021-05-06,Release,JerryZ
1787147279479959463,PPS-GC,sender_signaling,pps_gc_sender_total_signaling,sender,241,false,32,2,recipient_bits=16;location_bytes=32,9597,68,measured,ok,unavailable,rustc,nightly-2021-05-06,Release,JerryZ
1787147279481009489,PPS-GC,sender_signaling,pps_gc_share_generation,sender,242,false,32,2,recipient_bits=16;location_bytes=32,9524,68,measured,ok,unavailable,rustc,nightly-2021-05-06,Release,JerryZ
1787147279482655661,PPS-GC,sender_signaling,pps_gc_sender_preparation,sender,242,false,32,2,recipient_bits=16;location_bytes=32,138,68,measured,ok,unavailable,rustc,nightly-2021-05-06,Release,JerryZ
1787147279484403635,PPS-GC,sender_signaling,message_encryption,sender,242,false,32,2,recipient_bits=16;location_bytes=32,-1,,not_applicable,not_applicable,unavailable,rustc,nightly-2021-05-06,Release,JerryZ
1787147279485644666,PPS-GC,sender_signaling,pps_gc_sender_total_signaling,sender,242,false,32,2,recipient_bits=16;location_bytes=32,12857,68,measured,ok,unavailable,rustc,nightly-2021-05-06,Release,JerryZ
1787147279487186107,PPS-GC,sender_signaling,pps_gc_share_generation,sender,243,false,32,2,recipient_bits=16;location_bytes=32,10029,68,measured,ok,unavailable,rustc,nightly-2021-05-06,Release,JerryZ
1787147279488293344,PPS-GC,sender_signaling,pps_gc_sender_preparation,sender,243,false,32,2,recipient_bits=16;location_bytes=32,285,68,measured,ok,unavailable,rustc,nightly-2021-05-06,Release,JerryZ
1787147279489561829,PPS-GC,sender_signaling,message_encryption,sender,243,false,32,2,recipient_bits=16;location_bytes=32,-1,,not_applicable,not_applicable,unavailable,rustc,nightly-2021-05-06,Release,JerryZ
1787147279490672799,PPS-GC,sender_signaling,pps_gc_sender_total_signaling,sender,243,false,32,2,recipient_bits=16;location_bytes=32,10607,68,measured,ok,unavailable,rustc,nightly-2021-05-06,Release,JerryZ
1787147279491745987,PPS-GC,sender_signaling,pps_gc_share_generation,sender,244,false,32,2,recipient_bits=16;location_bytes=32,9570,68,measured,ok,unavailable,rustc,nightly-2021-05-06,Release,JerryZ
1787147279492779096,PPS-GC,sender_signaling,pps_gc_sender_preparation,sender,244,false,32,2,recipient_bits=16;location_bytes=32,147,68,measured,ok,unavailable,rustc,nightly-2021-05-06,Release,JerryZ
1787147279494134161,PPS-GC,sender_signaling,message_encryption,sender,244,false,32,2,recipient_bits=16;location_bytes=32,-1,,not_applicable,not_applicable,unavailable,rustc,nightly-2021-05-06,Release,JerryZ
1787147279495186985,PPS-GC,sender_signaling,pps_gc_sender_total_signaling,sender,244,false,32,2,recipient_bits=16;location_bytes=32,9716,68,measured,ok,unavailable,rustc,nightly-2021-05-06,Release,JerryZ
1787147279496225700,PPS-GC,sender_signaling,pps_gc_share_generation,sender,245,false,32,2,recipient_bits=16;location_bytes=32,9652,68,measured,ok,unavailable,rustc,nightly-2021-05-06,Release,JerryZ
1787147279497353123,PPS-GC,sender_signaling,pps_gc_sender_preparation,sender,245,false,32,2,recipient_bits=16;location_bytes=32,137,68,measured,ok,unavailable,rustc,nightly-2021-05-06,Release,JerryZ
1787147279499021111,PPS-GC,sender_signaling,message_encryption,sender,245,false,32,2,recipient_bits=16;location_bytes=32,-1,,not_applicable,not_applicable,unavailable,rustc,nightly-2021-05-06,Release,JerryZ
1787147279500714814,PPS-GC,sender_signaling,pps_gc_sender_total_signaling,sender,245,false,32,2,recipient_bits=16;location_bytes=32,31050,68,measured,ok,unavailable,rustc,nightly-2021-05-06,Release,JerryZ
1787147279502393933,PPS-GC,sender_signaling,pps_gc_share_generation,sender,246,false,32,2,recipient_bits=16;location_bytes=32,10277,68,measured,ok,unavailable,rustc,nightly-2021-05-06,Release,JerryZ
1787147279503720859,PPS-GC,sender_signaling,pps_gc_sender_preparation,sender,246,false,32,2,recipient_bits=16;location_bytes=32,285,68,measured,ok,unavailable,rustc,nightly-2021-05-06,Release,JerryZ
1787147279504772207,PPS-GC,sender_signaling,message_encryption,sender,246,false,32,2,recipient_bits=16;location_bytes=32,-1,,not_applicable,not_applicable,unavailable,rustc,nightly-2021-05-06,Release,JerryZ
1787147279505941475,PPS-GC,sender_signaling,pps_gc_sender_total_signaling,sender,246,false,32,2,recipient_bits=16;location_bytes=32,11370,68,measured,ok,unavailable,rustc,nightly-2021-05-06,Release,JerryZ
1787147279506967413,PPS-GC,sender_signaling,pps_gc_share_generation,sender,247,false,32,2,recipient_bits=16;location_bytes=32,9459,68,measured,ok,unavailable,rustc,nightly-2021-05-06,Release,JerryZ
1787147279507964228,PPS-GC,sender_signaling,pps_gc_sender_preparation,sender,247,false,32,2,recipient_bits=16;location_bytes=32,147,68,measured,ok,unavailable,rustc,nightly-2021-05-06,Release,JerryZ
1787147279509006558,PPS-GC,sender_signaling,message_encryption,sender,247,false,32,2,recipient_bits=16;location_bytes=32,-1,,not_applicable,not_applicable,unavailable,rustc,nightly-2021-05-06,Release,JerryZ
1787147279510343770,PPS-GC,sender_signaling,pps_gc_sender_total_signaling,sender,247,false,32,2,recipient_bits=16;location_bytes=32,9772,68,measured,ok,unavailable,rustc,nightly-2021-05-06,Release,JerryZ
1787147279511493128,PPS-GC,sender_signaling,pps_gc_share_generation,sender,248,false,32,2,recipient_bits=16;location_bytes=32,9845,68,measured,ok,unavailable,rustc,nightly-2021-05-06,Release,JerryZ
1787147279512624449,PPS-GC,sender_signaling,pps_gc_sender_preparation,sender,248,false,32,2,recipient_bits=16;location_bytes=32,146,68,measured,ok,unavailable,rustc,nightly-2021-05-06,Release,JerryZ
1787147279513920311,PPS-GC,sender_signaling,message_encryption,sender,248,false,32,2,recipient_bits=16;location_bytes=32,-1,,not_applicable,not_applicable,unavailable,rustc,nightly-2021-05-06,Release,JerryZ
1787147279515401813,PPS-GC,sender_signaling,pps_gc_sender_total_signaling,sender,248,false,32,2,recipient_bits=16;location_bytes=32,17201,68,measured,ok,unavailable,rustc,nightly-2021-05-06,Release,JerryZ
1787147279517152616,PPS-GC,sender_signaling,pps_gc_share_generation,sender,249,false,32,2,recipient_bits=16;location_bytes=32,10846,68,measured,ok,unavailable,rustc,nightly-2021-05-06,Release,JerryZ
1787147279518470129,PPS-GC,sender_signaling,pps_gc_sender_preparation,sender,249,false,32,2,recipient_bits=16;location_bytes=32,275,68,measured,ok,unavailable,rustc,nightly-2021-05-06,Release,JerryZ
1787147279519535464,PPS-GC,sender_signaling,message_encryption,sender,249,false,32,2,recipient_bits=16;location_bytes=32,-1,,not_applicable,not_applicable,unavailable,rustc,nightly-2021-05-06,Release,JerryZ
1787147279520617982,PPS-GC,sender_signaling,pps_gc_sender_total_signaling,sender,249,false,32,2,recipient_bits=16;location_bytes=32,9936,68,measured,ok,unavailable,rustc,nightly-2021-05-06,Release,JerryZ
1787147279522112714,PPS-GC,sender_signaling,pps_gc_share_generation,sender,250,false,32,2,recipient_bits=16;location_bytes=32,10093,68,measured,ok,unavailable,rustc,nightly-2021-05-06,Release,JerryZ
1787147279523305029,PPS-GC,sender_signaling,pps_gc_sender_preparation,sender,250,false,32,2,recipient_bits=16;location_bytes=32,211,68,measured,ok,unavailable,rustc,nightly-2021-05-06,Release,JerryZ
1787147279524379020,PPS-GC,sender_signaling,message_encryption,sender,250,false,32,2,recipient_bits=16;location_bytes=32,-1,,not_applicable,not_applicable,unavailable,rustc,nightly-2021-05-06,Release,JerryZ
1787147279526048317,PPS-GC,sender_signaling,pps_gc_sender_total_signaling,sender,250,false,32,2,recipient_bits=16;location_bytes=32,10240,68,measured,ok,unavailable,rustc,nightly-2021-05-06,Release,JerryZ
1787147279527262150,PPS-GC,sender_signaling,pps_gc_share_generation,sender,251,false,32,2,recipient_bits=16;location_bytes=32,21297,68,measured,ok,unavailable,rustc,nightly-2021-05-06,Release,JerryZ
1787147279528571691,PPS-GC,sender_signaling,pps_gc_sender_preparation,sender,251,false,32,2,recipient_bits=16;location_bytes=32,285,68,measured,ok,unavailable,rustc,nightly-2021-05-06,Release,JerryZ
1787147279529922058,PPS-GC,sender_signaling,message_encryption,sender,251,false,32,2,recipient_bits=16;location_bytes=32,-1,,not_applicable,not_applicable,unavailable,rustc,nightly-2021-05-06,Release,JerryZ
1787147279531527014,PPS-GC,sender_signaling,pps_gc_sender_total_signaling,sender,251,false,32,2,recipient_bits=16;location_bytes=32,12949,68,measured,ok,unavailable,rustc,nightly-2021-05-06,Release,JerryZ
1787147279532780264,PPS-GC,sender_signaling,pps_gc_share_generation,sender,252,false,32,2,recipient_bits=16;location_bytes=32,9854,68,measured,ok,unavailable,rustc,nightly-2021-05-06,Release,JerryZ
1787147279534292675,PPS-GC,sender_signaling,pps_gc_sender_preparation,sender,252,false,32,2,recipient_bits=16;location_bytes=32,212,68,measured,ok,unavailable,rustc,nightly-2021-05-06,Release,JerryZ
1787147279535922918,PPS-GC,sender_signaling,message_encryption,sender,252,false,32,2,recipient_bits=16;location_bytes=32,-1,,not_applicable,not_applicable,unavailable,rustc,nightly-2021-05-06,Release,JerryZ
1787147279537174253,PPS-GC,sender_signaling,pps_gc_sender_total_signaling,sender,252,false,32,2,recipient_bits=16;location_bytes=32,10892,68,measured,ok,unavailable,rustc,nightly-2021-05-06,Release,JerryZ
1787147279538545633,PPS-GC,sender_signaling,pps_gc_share_generation,sender,253,false,32,2,recipient_bits=16;location_bytes=32,9689,68,measured,ok,unavailable,rustc,nightly-2021-05-06,Release,JerryZ
1787147279540005811,PPS-GC,sender_signaling,pps_gc_sender_preparation,sender,253,false,32,2,recipient_bits=16;location_bytes=32,138,68,measured,ok,unavailable,rustc,nightly-2021-05-06,Release,JerryZ
1787147279541155104,PPS-GC,sender_signaling,message_encryption,sender,253,false,32,2,recipient_bits=16;location_bytes=32,-1,,not_applicable,not_applicable,unavailable,rustc,nightly-2021-05-06,Release,JerryZ
1787147279542354761,PPS-GC,sender_signaling,pps_gc_sender_total_signaling,sender,253,false,32,2,recipient_bits=16;location_bytes=32,10038,68,measured,ok,unavailable,rustc,nightly-2021-05-06,Release,JerryZ
1787147279543625501,PPS-GC,sender_signaling,pps_gc_share_generation,sender,254,false,32,2,recipient_bits=16;location_bytes=32,10332,68,measured,ok,unavailable,rustc,nightly-2021-05-06,Release,JerryZ
1787147279545467793,PPS-GC,sender_signaling,pps_gc_sender_preparation,sender,254,false,32,2,recipient_bits=16;location_bytes=32,138,68,measured,ok,unavailable,rustc,nightly-2021-05-06,Release,JerryZ
1787147279546917763,PPS-GC,sender_signaling,message_encryption,sender,254,false,32,2,recipient_bits=16;location_bytes=32,-1,,not_applicable,not_applicable,unavailable,rustc,nightly-2021-05-06,Release,JerryZ
1787147279548191772,PPS-GC,sender_signaling,pps_gc_sender_total_signaling,sender,254,false,32,2,recipient_bits=16;location_bytes=32,10350,68,measured,ok,unavailable,rustc,nightly-2021-05-06,Release,JerryZ
1787147279549368075,PPS-GC,sender_signaling,pps_gc_share_generation,sender,255,false,32,2,recipient_bits=16;location_bytes=32,22950,68,measured,ok,unavailable,rustc,nightly-2021-05-06,Release,JerryZ
1787147279550819386,PPS-GC,sender_signaling,pps_gc_sender_preparation,sender,255,false,32,2,recipient_bits=16;location_bytes=32,276,68,measured,ok,unavailable,rustc,nightly-2021-05-06,Release,JerryZ
1787147279551933712,PPS-GC,sender_signaling,message_encryption,sender,255,false,32,2,recipient_bits=16;location_bytes=32,-1,,not_applicable,not_applicable,unavailable,rustc,nightly-2021-05-06,Release,JerryZ
1787147279553374191,PPS-GC,sender_signaling,pps_gc_sender_total_signaling,sender,255,false,32,2,recipient_bits=16;location_bytes=32,10644,68,measured,ok,unavailable,rustc,nightly-2021-05-06,Release,JerryZ
1787147279554916182,PPS-GC,sender_signaling,pps_gc_share_generation,sender,256,false,32,2,recipient_bits=16;location_bytes=32,9919,68,measured,ok,unavailable,rustc,nightly-2021-05-06,Release,JerryZ
1787147279556078076,PPS-GC,sender_signaling,pps_gc_sender_preparation,sender,256,false,32,2,recipient_bits=16;location_bytes=32,248,68,measured,ok,unavailable,rustc,nightly-2021-05-06,Release,JerryZ
1787147279557203212,PPS-GC,sender_signaling,message_encryption,sender,256,false,32,2,recipient_bits=16;location_bytes=32,-1,,not_applicable,not_applicable,unavailable,rustc,nightly-2021-05-06,Release,JerryZ
1787147279558498298,PPS-GC,sender_signaling,pps_gc_sender_total_signaling,sender,256,false,32,2,recipient_bits=16;location_bytes=32,12563,68,measured,ok,unavailable,rustc,nightly-2021-05-06,Release,JerryZ
1787147279559946793,PPS-GC,sender_signaling,pps_gc_share_generation,sender,257,false,32,2,recipient_bits=16;location_bytes=32,14914,68,measured,ok,unavailable,rustc,nightly-2021-05-06,Release,JerryZ
1787147279561303943,PPS-GC,sender_signaling,pps_gc_sender_preparation,sender,257,false,32,2,recipient_bits=16;location_bytes=32,367,68,measured,ok,unavailable,rustc,nightly-2021-05-06,Release,JerryZ
1787147279562931983,PPS-GC,sender_signaling,message_encryption,sender,257,false,32,2,recipient_bits=16;location_bytes=32,-1,,not_applicable,not_applicable,unavailable,rustc,nightly-2021-05-06,Release,JerryZ
1787147279564061122,PPS-GC,sender_signaling,pps_gc_sender_total_signaling,sender,257,false,32,2,recipient_bits=16;location_bytes=32,10598,68,measured,ok,unavailable,rustc,nightly-2021-05-06,Release,JerryZ
1787147279565243913,PPS-GC,sender_signaling,pps_gc_share_generation,sender,258,false,32,2,recipient_bits=16;location_bytes=32,9679,68,measured,ok,unavailable,rustc,nightly-2021-05-06,Release,JerryZ
1787147279566517945,PPS-GC,sender_signaling,pps_gc_sender_preparation,sender,258,false,32,2,recipient_bits=16;location_bytes=32,137,68,measured,ok,unavailable,rustc,nightly-2021-05-06,Release,JerryZ
1787147279567704157,PPS-GC,sender_signaling,message_encryption,sender,258,false,32,2,recipient_bits=16;location_bytes=32,-1,,not_applicable,not_applicable,unavailable,rustc,nightly-2021-05-06,Release,JerryZ
1787147279570096704,PPS-GC,sender_signaling,pps_gc_sender_total_signaling,sender,258,false,32,2,recipient_bits=16;location_bytes=32,10984,68,measured,ok,unavailable,rustc,nightly-2021-05-06,Release,JerryZ
1787147279571358062,PPS-GC,sender_signaling,pps_gc_share_generation,sender,259,false,32,2,recipient_bits=16;location_bytes=32,9570,68,measured,ok,unavailable,rustc,nightly-2021-05-06,Release,JerryZ
1787147279572488212,PPS-GC,sender_signaling,pps_gc_sender_preparation,sender,259,false,32,2,recipient_bits=16;location_bytes=32,146,68,measured,ok,unavailable,rustc,nightly-2021-05-06,Release,JerryZ
1787147279573802125,PPS-GC,sender_signaling,message_encryption,sender,259,false,32,2,recipient_bits=16;location_bytes=32,-1,,not_applicable,not_applicable,unavailable,rustc,nightly-2021-05-06,Release,JerryZ
1787147279575638563,PPS-GC,sender_signaling,pps_gc_sender_total_signaling,sender,259,false,32,2,recipient_bits=16;location_bytes=32,23823,68,measured,ok,unavailable,rustc,nightly-2021-05-06,Release,JerryZ
1787147279577886036,PPS-GC,sender_signaling,pps_gc_share_generation,sender,260,false,32,2,recipient_bits=16;location_bytes=32,10277,68,measured,ok,unavailable,rustc,nightly-2021-05-06,Release,JerryZ
1787147279579203146,PPS-GC,sender_signaling,pps_gc_sender_preparation,sender,260,false,32,2,recipient_bits=16;location_bytes=32,138,68,measured,ok,unavailable,rustc,nightly-2021-05-06,Release,JerryZ
1787147279580378168,PPS-GC,sender_signaling,message_encryption,sender,260,false,32,2,recipient_bits=16;location_bytes=32,-1,,not_applicable,not_applicable,unavailable,rustc,nightly-2021-05-06,Release,JerryZ
1787147279581819024,PPS-GC,sender_signaling,pps_gc_sender_total_signaling,sender,260,false,32,2,recipient_bits=16;location_bytes=32,10479,68,measured,ok,unavailable,rustc,nightly-2021-05-06,Release,JerryZ
1787147279583146914,PPS-GC,sender_signaling,pps_gc_share_generation,sender,261,false,32,2,recipient_bits=16;location_bytes=32,9808,68,measured,ok,unavailable,rustc,nightly-2021-05-06,Release,JerryZ
1787147279584314786,PPS-GC,sender_signaling,pps_gc_sender_preparation,sender,261,false,32,2,recipient_bits=16;location_bytes=32,532,68,measured,ok,unavailable,rustc,nightly-2021-05-06,Release,JerryZ
1787147279585738528,PPS-GC,sender_signaling,message_encryption,sender,261,false,32,2,recipient_bits=16;location_bytes=32,-1,,not_applicable,not_applicable,unavailable,rustc,nightly-2021-05-06,Release,JerryZ
1787147279586884740,PPS-GC,sender_signaling,pps_gc_sender_total_signaling,sender,261,false,32,2,recipient_bits=16;location_bytes=32,14170,68,measured,ok,unavailable,rustc,nightly-2021-05-06,Release,JerryZ
1787147279588103771,PPS-GC,sender_signaling,pps_gc_share_generation,sender,262,false,32,2,recipient_bits=16;location_bytes=32,30977,68,measured,ok,unavailable,rustc,nightly-2021-05-06,Release,JerryZ
1787147279589359987,PPS-GC,sender_signaling,pps_gc_sender_preparation,sender,262,false,32,2,recipient_bits=16;location_bytes=32,294,68,measured,ok,unavailable,rustc,nightly-2021-05-06,Release,JerryZ
1787147279590658690,PPS-GC,sender_signaling,message_encryption,sender,262,false,32,2,recipient_bits=16;location_bytes=32,-1,,not_applicable,not_applicable,unavailable,rustc,nightly-2021-05-06,Release,JerryZ
1787147279592022301,PPS-GC,sender_signaling,pps_gc_sender_total_signaling,sender,262,false,32,2,recipient_bits=16;location_bytes=32,15521,68,measured,ok,unavailable,rustc,nightly-2021-05-06,Release,JerryZ
1787147279593479012,PPS-GC,sender_signaling,pps_gc_share_generation,sender,263,false,32,2,recipient_bits=16;location_bytes=32,12233,68,measured,ok,unavailable,rustc,nightly-2021-05-06,Release,JerryZ
1787147279594631736,PPS-GC,sender_signaling,pps_gc_sender_preparation,sender,263,false,32,2,recipient_bits=16;location_bytes=32,147,68,measured,ok,unavailable,rustc,nightly-2021-05-06,Release,JerryZ
1787147279595730211,PPS-GC,sender_signaling,message_encryption,sender,263,false,32,2,recipient_bits=16;location_bytes=32,-1,,not_applicable,not_applicable,unavailable,rustc,nightly-2021-05-06,Release,JerryZ
1787147279596902381,PPS-GC,sender_signaling,pps_gc_sender_total_signaling,sender,263,false,32,2,recipient_bits=16;location_bytes=32,10304,68,measured,ok,unavailable,rustc,nightly-2021-05-06,Release,JerryZ
1787147279598168106,PPS-GC,sender_signaling,pps_gc_share_generation,sender,264,false,32,2,recipient_bits=16;location_bytes=32,9671,68,measured,ok,unavailable,rustc,nightly-2021-05-06,Release,JerryZ
1787147279599487777,PPS-GC,sender_signaling,pps_gc_sender_preparation,sender,264,false,32,2,recipient_bits=16;location_bytes=32,220,68,measured,ok,unavailable,rustc,nightly-2021-05-06,Release,JerryZ
1787147279600586698,PPS-GC,sender_signaling,message_encryption,sender,264,false,32,2,recipient_bits=16;location_bytes=32,-1,,not_applicable,not_applicable,unavailable,rustc,nightly-2021-05-06,Release,JerryZ
1787147279601795245,PPS-GC,sender_signaling,pps_gc_sender_total_signaling,sender,264,false,32,2,recipient_bits=16;location_bytes=32,10185,68,measured,ok,unavailable,rustc,nightly-2021-05-06,Release,JerryZ
1787147279602964926,PPS-GC,sender_signaling,pps_gc_share_generation,sender,265,false,32,2,recipient_bits=16;location_bytes=32,9836,68,measured,ok,unavailable,rustc,nightly-2021-05-06,Release,JerryZ
1787147279604473112,PPS-GC,sender_signaling,pps_gc_sender_preparation,sender,265,false,32,2,recipient_bits=16;location_bytes=32,221,68,measured,ok,unavailable,rustc,nightly-2021-05-06,Release,JerryZ
1787147279606573964,PPS-GC,sender_signaling,message_encryption,sender,265,false,32,2,recipient_bits=16;location_bytes=32,-1,,not_applicable,not_applicable,unavailable,rustc,nightly-2021-05-06,Release,JerryZ
1787147279607835869,PPS-GC,sender_signaling,pps_gc_sender_total_signaling,sender,265,false,32,2,recipient_bits=16;location_bytes=32,12407,68,measured,ok,unavailable,rustc,nightly-2021-05-06,Release,JerryZ
1787147279609668122,PPS-GC,sender_signaling,pps_gc_share_generation,sender,266,false,32,2,recipient_bits=16;location_bytes=32,10543,68,measured,ok,unavailable,rustc,nightly-2021-05-06,Release,JerryZ
1787147279610740364,PPS-GC,sender_signaling,pps_gc_sender_preparation,sender,266,false,32,2,recipient_bits=16;location_bytes=32,349,68,measured,ok,unavailable,rustc,nightly-2021-05-06,Release,JerryZ
1787147279611738098,PPS-GC,sender_signaling,message_encryption,sender,266,false,32,2,recipient_bits=16;location_bytes=32,-1,,not_applicable,not_applicable,unavailable,rustc,nightly-2021-05-06,Release,JerryZ
1787147279612896750,PPS-GC,sender_signaling,pps_gc_sender_total_signaling,sender,266,false,32,2,recipient_bits=16;location_bytes=32,12260,68,measured,ok,unavailable,rustc,nightly-2021-05-06,Release,JerryZ
1787147279614152061,PPS-GC,sender_signaling,pps_gc_share_generation,sender,267,false,32,2,recipient_bits=16;location_bytes=32,9735,68,measured,ok,unavailable,rustc,nightly-2021-05-06,Release,JerryZ
1787147279615218048,PPS-GC,sender_signaling,pps_gc_sender_preparation,sender,267,false,32,2,recipient_bits=16;location_bytes=32,147,68,measured,ok,unavailable,rustc,nightly-2021-05-06,Release,JerryZ
1787147279616506173,PPS-GC,sender_signaling,message_encryption,sender,267,false,32,2,recipient_bits=16;location_bytes=32,-1,,not_applicable,not_applicable,unavailable,rustc,nightly-2021-05-06,Release,JerryZ
1787147279617630863,PPS-GC,sender_signaling,pps_gc_sender_total_signaling,sender,267,false,32,2,recipient_bits=16;location_bytes=32,36065,68,measured,ok,unavailable,rustc,nightly-2021-05-06,Release,JerryZ
1787147279618702218,PPS-GC,sender_signaling,pps_gc_share_generation,sender,268,false,32,2,recipient_bits=16;location_bytes=32,9496,68,measured,ok,unavailable,rustc,nightly-2021-05-06,Release,JerryZ
1787147279619858983,PPS-GC,sender_signaling,pps_gc_sender_preparation,sender,268,false,32,2,recipient_bits=16;location_bytes=32,147,68,measured,ok,unavailable,rustc,nightly-2021-05-06,Release,JerryZ
1787147279621395226,PPS-GC,sender_signaling,message_encryption,sender,268,false,32,2,recipient_bits=16;location_bytes=32,-1,,not_applicable,not_applicable,unavailable,rustc,nightly-2021-05-06,Release,JerryZ
1787147279622973557,PPS-GC,sender_signaling,pps_gc_sender_total_signaling,sender,268,false,32,2,recipient_bits=16;location_bytes=32,11663,68,measured,ok,unavailable,rustc,nightly-2021-05-06,Release,JerryZ
1787147279624133885,PPS-GC,sender_signaling,pps_gc_share_generation,sender,269,false,32,2,recipient_bits=16;location_bytes=32,9882,68,measured,ok,unavailable,rustc,nightly-2021-05-06,Release,JerryZ
1787147279625142823,PPS-GC,sender_signaling,pps_gc_sender_preparation,sender,269,false,32,2,recipient_bits=16;location_bytes=32,147,68,measured,ok,unavailable,rustc,nightly-2021-05-06,Release,JerryZ
1787147279626176442,PPS-GC,sender_signaling,message_encryption,sender,269,false,32,2,recipient_bits=16;location_bytes=32,-1,,not_applicable,not_applicable,unavailable,rustc,nightly-2021-05-06,Release,JerryZ
1787147279627618938,PPS-GC,sender_signaling,pps_gc_sender_total_signaling,sender,269,false,32,2,recipient_bits=16;location_bytes=32,22169,68,measured,ok,unavailable,rustc,nightly-2021-05-06,Release,JerryZ
1787147279628865424,PPS-GC,sender_signaling,pps_gc_share_generation,sender,270,false,32,2,recipient_bits=16;location_bytes=32,9653,68,measured,ok,unavailable,rustc,nightly-2021-05-06,Release,JerryZ
1787147279630004211,PPS-GC,sender_signaling,pps_gc_sender_preparation,sender,270,false,32,2,recipient_bits=16;location_bytes=32,138,68,measured,ok,unavailable,rustc,nightly-2021-05-06,Release,JerryZ
1787147279631026475,PPS-GC,sender_signaling,message_encryption,sender,270,false,32,2,recipient_bits=16;location_bytes=32,-1,,not_applicable,not_applicable,unavailable,rustc,nightly-2021-05-06,Release,JerryZ
1787147279632406368,PPS-GC,sender_signaling,pps_gc_sender_total_signaling,sender,270,false,32,2,recipient_bits=16;location_bytes=32,21609,68,measured,ok,unavailable,rustc,nightly-2021-05-06,Release,JerryZ
1787147279633736734,PPS-GC,sender_signaling,pps_gc_share_generation,sender,271,false,32,2,recipient_bits=16;location_bytes=32,9551,68,measured,ok,unavailable,rustc,nightly-2021-05-06,Release,JerryZ
1787147279634980607,PPS-GC,sender_signaling,pps_gc_sender_preparation,sender,271,false,32,2,recipient_bits=16;location_bytes=32,284,68,measured,ok,unavailable,rustc,nightly-2021-05-06,Release,JerryZ
1787147279636726147,PPS-GC,sender_signaling,message_encryption,sender,271,false,32,2,recipient_bits=16;location_bytes=32,-1,,not_applicable,not_applicable,unavailable,rustc,nightly-2021-05-06,Release,JerryZ
1787147279638622416,PPS-GC,sender_signaling,pps_gc_sender_total_signaling,sender,271,false,32,2,recipient_bits=16;location_bytes=32,13198,68,measured,ok,unavailable,rustc,nightly-2021-05-06,Release,JerryZ
1787147279639876716,PPS-GC,sender_signaling,pps_gc_share_generation,sender,272,false,32,2,recipient_bits=16;location_bytes=32,9716,68,measured,ok,unavailable,rustc,nightly-2021-05-06,Release,JerryZ
1787147279640976225,PPS-GC,sender_signaling,pps_gc_sender_preparation,sender,272,false,32,2,recipient_bits=16;location_bytes=32,230,68,measured,ok,unavailable,rustc,nightly-2021-05-06,Release,JerryZ
1787147279642091869,PPS-GC,sender_signaling,message_encryption,sender,272,false,32,2,recipient_bits=16;location_bytes=32,-1,,not_applicable,not_applicable,unavailable,rustc,nightly-2021-05-06,Release,JerryZ
1787147279643218456,PPS-GC,sender_signaling,pps_gc_sender_total_signaling,sender,272,false,32,2,recipient_bits=16;location_bytes=32,11645,68,measured,ok,unavailable,rustc,nightly-2021-05-06,Release,JerryZ
1787147279644749707,PPS-GC,sender_signaling,pps_gc_share_generation,sender,273,false,32,2,recipient_bits=16;location_bytes=32,9845,68,measured,ok,unavailable,rustc,nightly-2021-05-06,Release,JerryZ
1787147279645964756,PPS-GC,sender_signaling,pps_gc_sender_preparation,sender,273,false,32,2,recipient_bits=16;location_bytes=32,358,68,measured,ok,unavailable,rustc,nightly-2021-05-06,Release,JerryZ
1787147279647035308,PPS-GC,sender_signaling,message_encryption,sender,273,false,32,2,recipient_bits=16;location_bytes=32,-1,,not_applicable,not_applicable,unavailable,rustc,nightly-2021-05-06,Release,JerryZ
1787147279648074047,PPS-GC,sender_signaling,pps_gc_sender_total_signaling,sender,273,false,32,2,recipient_bits=16;location_bytes=32,9734,68,measured,ok,unavailable,rustc,nightly-2021-05-06,Release,JerryZ
1787147279649108176,PPS-GC,sender_signaling,pps_gc_share_generation,sender,274,false,32,2,recipient_bits=16;location_bytes=32,9588,68,measured,ok,unavailable,rustc,nightly-2021-05-06,Release,JerryZ
1787147279650739976,PPS-GC,sender_signaling,pps_gc_sender_preparation,sender,274,false,32,2,recipient_bits=16;location_bytes=32,146,68,measured,ok,unavailable,rustc,nightly-2021-05-06,Release,JerryZ
1787147279652193032,PPS-GC,sender_signaling,message_encryption,sender,274,false,32,2,recipient_bits=16;location_bytes=32,-1,,not_applicable,not_applicable,unavailable,rustc,nightly-2021-05-06,Release,JerryZ
1787147279653912173,PPS-GC,sender_signaling,pps_gc_sender_total_signaling,sender,274,false,32,2,recipient_bits=16;location_bytes=32,15392,68,measured,ok,unavailable,rustc,nightly-2021-05-06,Release,JerryZ
1787147279655014689,PPS-GC,sender_signaling,pps_gc_share_generation,sender,275,false,32,2,recipient_bits=16;location_bytes=32,9597,68,measured,ok,unavailable,rustc,nightly-2021-05-06,Release,JerryZ
1787147279656290875,PPS-GC,sender_signaling,pps_gc_sender_preparation,sender,275,false,32,2,recipient_bits=16;location_bytes=32,138,68,measured,ok,unavailable,rustc,nightly-2021-05-06,Release,JerryZ
1787147279657333499,PPS-GC,sender_signaling,message_encryption,sender,275,false,32,2,recipient_bits=16;location_bytes=32,-1,,not_applicable,not_applicable,unavailable,rustc,nightly-2021-05-06,Release,JerryZ
1787147279658558201,PPS-GC,sender_signaling,pps_gc_sender_total_signaling,sender,275,false,32,2,recipient_bits=16;location_bytes=32,10240,68,measured,ok,unavailable,rustc,nightly-2021-05-06,Release,JerryZ
1787147279659979931,PPS-GC,sender_signaling,pps_gc_share_generation,sender,276,false,32,2,recipient_bits=16;location_bytes=32,9542,68,measured,ok,unavailable,rustc,nightly-2021-05-06,Release,JerryZ
1787147279661050078,PPS-GC,sender_signaling,pps_gc_sender_preparation,sender,276,false,32,2,recipient_bits=16;location_bytes=32,147,68,measured,ok,unavailable,rustc,nightly-2021-05-06,Release,JerryZ
1787147279662231295,PPS-GC,sender_signaling,message_encryption,sender,276,false,32,2,recipient_bits=16;location_bytes=32,-1,,not_applicable,not_applicable,unavailable,rustc,nightly-2021-05-06,Release,JerryZ
1787147279663448879,PPS-GC,sender_signaling,pps_gc_sender_total_signaling,sender,276,false,32,2,recipient_bits=16;location_bytes=32,9983,68,measured,ok,unavailable,rustc,nightly-2021-05-06,Release,JerryZ
1787147279664549912,PPS-GC,sender_signaling,pps_gc_share_generation,sender,277,false,32,2,recipient_bits=16;location_bytes=32,9754,68,measured,ok,unavailable,rustc,nightly-2021-05-06,Release,JerryZ
1787147279665829895,PPS-GC,sender_signaling,pps_gc_sender_preparation,sender,277,false,32,2,recipient_bits=16;location_bytes=32,137,68,measured,ok,unavailable,rustc,nightly-2021-05-06,Release,JerryZ
1787147279667830602,PPS-GC,sender_signaling,message_encryption,sender,277,false,32,2,recipient_bits=16;location_bytes=32,-1,,not_applicable,not_applicable,unavailable,rustc,nightly-2021-05-06,Release,JerryZ
1787147279669352444,PPS-GC,sender_signaling,pps_gc_sender_total_signaling,sender,277,false,32,2,recipient_bits=16;location_bytes=32,13233,68,measured,ok,unavailable,rustc,nightly-2021-05-06,Release,JerryZ
1787147279670702872,PPS-GC,sender_signaling,pps_gc_share_generation,sender,278,false,32,2,recipient_bits=16;location_bytes=32,12784,68,measured,ok,unavailable,rustc,nightly-2021-05-06,Release,JerryZ
1787147279671928042,PPS-GC,sender_signaling,pps_gc_sender_preparation,sender,278,false,32,2,recipient_bits=16;location_bytes=32,156,68,measured,ok,unavailable,rustc,nightly-2021-05-06,Release,JerryZ
1787147279673122686,PPS-GC,sender_signaling,message_encryption,sender,278,false,32,2,recipient_bits=16;location_bytes=32,-1,,not_applicable,not_applicable,unavailable,rustc,nightly-2021-05-06,Release,JerryZ
1787147279674908736,PPS-GC,sender_signaling,pps_gc_sender_total_signaling,sender,278,false,32,2,recipient_bits=16;location_bytes=32,10653,68,measured,ok,unavailable,rustc,nightly-2021-05-06,Release,JerryZ
1787147279676063026,PPS-GC,sender_signaling,pps_gc_share_generation,sender,279,false,32,2,recipient_bits=16;location_bytes=32,9606,68,measured,ok,unavailable,rustc,nightly-2021-05-06,Release,JerryZ
1787147279677199857,PPS-GC,sender_signaling,pps_gc_sender_preparation,sender,279,false,32,2,recipient_bits=16;location_bytes=32,212,68,measured,ok,unavailable,rustc,nightly-2021-05-06,Release,JerryZ
1787147279678498579,PPS-GC,sender_signaling,message_encryption,sender,279,false,32,2,recipient_bits=16;location_bytes=32,-1,,not_applicable,not_applicable,unavailable,rustc,nightly-2021-05-06,Release,JerryZ
1787147279679839515,PPS-GC,sender_signaling,pps_gc_sender_total_signaling,sender,279,false,32,2,recipient_bits=16;location_bytes=32,9588,68,measured,ok,unavailable,rustc,nightly-2021-05-06,Release,JerryZ
1787147279681701171,PPS-GC,sender_signaling,pps_gc_share_generation,sender,280,false,32,2,recipient_bits=16;location_bytes=32,15117,68,measured,ok,unavailable,rustc,nightly-2021-05-06,Release,JerryZ
1787147279683239057,PPS-GC,sender_signaling,pps_gc_sender_preparation,sender,280,false,32,2,recipient_bits=16;location_bytes=32,1892,68,measured,ok,unavailable,rustc,nightly-2021-05-06,Release,JerryZ
1787147279684601143,PPS-GC,sender_signaling,message_encryption,sender,280,false,32,2,recipient_bits=16;location_bytes=32,-1,,not_applicable,not_applicable,unavailable,rustc,nightly-2021-05-06,Release,JerryZ
1787147279686006870,PPS-GC,sender_signaling,pps_gc_sender_total_signaling,sender,280,false,32,2,recipient_bits=16;location_bytes=32,10405,68,measured,ok,unavailable,rustc,nightly-2021-05-06,Release,JerryZ
1787147279687140193,PPS-GC,sender_signaling,pps_gc_share_generation,sender,281,false,32,2,recipient_bits=16;location_bytes=32,9551,68,measured,ok,unavailable,rustc,nightly-2021-05-06,Release,JerryZ
1787147279688425306,PPS-GC,sender_signaling,pps_gc_sender_preparation,sender,281,false,32,2,recipient_bits=16;location_bytes=32,146,68,measured,ok,unavailable,rustc,nightly-2021-05-06,Release,JerryZ
1787147279689979466,PPS-GC,sender_signaling,message_encryption,sender,281,false,32,2,recipient_bits=16;location_bytes=32,-1,,not_applicable,not_applicable,unavailable,rustc,nightly-2021-05-06,Release,JerryZ
1787147279691140450,PPS-GC,sender_signaling,pps_gc_sender_total_signaling,sender,281,false,32,2,recipient_bits=16;location_bytes=32,10084,68,measured,ok,unavailable,rustc,nightly-2021-05-06,Release,JerryZ
1787147279692248499,PPS-GC,sender_signaling,pps_gc_share_generation,sender,282,false,32,2,recipient_bits=16;location_bytes=32,9505,68,measured,ok,unavailable,rustc,nightly-2021-05-06,Release,JerryZ
1787147279693357274,PPS-GC,sender_signaling,pps_gc_sender_preparation,sender,282,false,32,2,recipient_bits=16;location_bytes=32,138,68,measured,ok,unavailable,rustc,nightly-2021-05-06,Release,JerryZ
1787147279694701282,PPS-GC,sender_signaling,message_encryption,sender,282,false,32,2,recipient_bits=16;location_bytes=32,-1,,not_applicable,not_applicable,unavailable,rustc,nightly-2021-05-06,Release,JerryZ
1787147279695980232,PPS-GC,sender_signaling,pps_gc_sender_total_signaling,sender,282,false,32,2,recipient_bits=16;location_bytes=32,20517,68,measured,ok,unavailable,rustc,nightly-2021-05-06,Release,JerryZ
1787147279698184667,PPS-GC,sender_signaling,pps_gc_share_generation,sender,283,false,32,2,recipient_bits=16;location_bytes=32,11727,68,measured,ok,unavailable,rustc,nightly-2021-05-06,Release,JerryZ
1787147279699922667,PPS-GC,sender_signaling,pps_gc_sender_preparation,sender,283,false,32,2,recipient_bits=16;location_bytes=32,469,68,measured,ok,unavailable,rustc,nightly-2021-05-06,Release,JerryZ
1787147279701315680,PPS-GC,sender_signaling,message_encryption,sender,283,false,32,2,recipient_bits=16;location_bytes=32,-1,,not_applicable,not_applicable,unavailable,rustc,nightly-2021-05-06,Release,JerryZ
1787147279702581387,PPS-GC,sender_signaling,pps_gc_sender_total_signaling,sender,283,false,32,2,recipient_bits=16;location_bytes=32,10240,68,measured,ok,unavailable,rustc,nightly-2021-05-06,Release,JerryZ
1787147279703764545,PPS-GC,sender_signaling,pps_gc_share_generation,sender,284,false,32,2,recipient_bits=16;location_bytes=32,9771,68,measured,ok,unavailable,rustc,nightly-2021-05-06,Release,JerryZ
1787147279705278673,PPS-GC,sender_signaling,pps_gc_sender_preparation,sender,284,false,32,2,recipient_bits=16;location_bytes=32,303,68,measured,ok,unavailable,rustc,nightly-2021-05-06,Release,JerryZ
1787147279706468224,PPS-GC,sender_signaling,message_encryption,sender,284,false,32,2,recipient_bits=16;location_bytes=32,-1,,not_applicable,not_applicable,unavailable,rustc,nightly-2021-05-06,Release,JerryZ
1787147279707694000,PPS-GC,sender_signaling,pps_gc_sender_total_signaling,sender,284,false,32,2,recipient_bits=16;location_bytes=32,21619,68,measured,ok,unavailable,rustc,nightly-2021-05-06,Release,JerryZ
1787147279709038338,PPS-GC,sender_signaling,pps_gc_share_generation,sender,285,false,32,2,recipient_bits=16;location_bytes=32,9771,68,measured,ok,unavailable,rustc,nightly-2021-05-06,Release,JerryZ
1787147279710546345,PPS-GC,sender_signaling,pps_gc_sender_preparation,sender,285,false,32,2,recipient_bits=16;location_bytes=32,220,68,measured,ok,unavailable,rustc,nightly-2021-05-06,Release,JerryZ
1787147279711897457,PPS-GC,sender_signaling,message_encryption,sender,285,false,32,2,recipient_bits=16;location_bytes=32,-1,,not_applicable,not_applicable,unavailable,rustc,nightly-2021-05-06,Release,JerryZ
1787147279713675581,PPS-GC,sender_signaling,pps_gc_sender_total_signaling,sender,285,false,32,2,recipient_bits=16;location_bytes=32,13271,68,measured,ok,unavailable,rustc,nightly-2021-05-06,Release,JerryZ
1787147279715126222,PPS-GC,sender_signaling,pps_gc_share_generation,sender,286,false,32,2,recipient_bits=16;location_bytes=32,10130,68,measured,ok,unavailable,rustc,nightly-2021-05-06,Release,JerryZ
1787147279716585322,PPS-GC,sender_signaling,pps_gc_sender_preparation,sender,286,false,32,2,recipient_bits=16;location_bytes=32,147,68,measured,ok,unavailable,rustc,nightly-2021-05-06,Release,JerryZ
1787147279717720510,PPS-GC,sender_signaling,message_encryption,sender,286,false,32,2,recipient_bits=16;location_bytes=32,-1,,not_applicable,not_applicable,unavailable,rustc,nightly-2021-05-06,Release,JerryZ
1787147279718860615,PPS-GC,sender_signaling,pps_gc_sender_total_signaling,sender,286,false,32,2,recipient_bits=16;location_bytes=32,9826,68,measured,ok,unavailable,rustc,nightly-2021-05-06,Release,JerryZ
1787147279720369081,PPS-GC,sender_signaling,pps_gc_share_generation,sender,287,false,32,2,recipient_bits=16;location_bytes=32,9762,68,measured,ok,unavailable,rustc,nightly-2021-05-06,Release,JerryZ
1787147279721537330,PPS-GC,sender_signaling,pps_gc_sender_preparation,sender,287,false,32,2,recipient_bits=16;location_bytes=32,359,68,measured,ok,unavailable,rustc,nightly-2021-05-06,Release,JerryZ
1787147279722678138,PPS-GC,sender_signaling,message_encryption,sender,287,false,32,2,recipient_bits=16;location_bytes=32,-1,,not_applicable,not_applicable,unavailable,rustc,nightly-2021-05-06,Release,JerryZ
1787147279723810983,PPS-GC,sender_signaling,pps_gc_sender_total_signaling,sender,287,false,32,2,recipient_bits=16;location_bytes=32,9689,68,measured,ok,unavailable,rustc,nightly-2021-05-06,Release,JerryZ
1787147279724968808,PPS-GC,sender_signaling,pps_gc_share_generation,sender,288,false,32,2,recipient_bits=16;location_bytes=32,9679,68,measured,ok,unavailable,rustc,nightly-2021-05-06,Release,JerryZ
1787147279726249296,PPS-GC,sender_signaling,pps_gc_sender_preparation,sender,288,false,32,2,recipient_bits=16;location_bytes=32,138,68,measured,ok,unavailable,rustc,nightly-2021-05-06,Release,JerryZ
1787147279728238790,PPS-GC,sender_signaling,message_encryption,sender,288,false,32,2,recipient_bits=16;location_bytes=32,-1,,not_applicable,not_applicable,unavailable,rustc,nightly-2021-05-06,Release,JerryZ
1787147279730093907,PPS-GC,sender_signaling,pps_gc_sender_total_signaling,sender,288,false,32,2,recipient_bits=16;location_bytes=32,11076,68,measured,ok,unavailable,rustc,nightly-2021-05-06,Release,JerryZ
1787147279731590622,PPS-GC,sender_signaling,pps_gc_share_generation,sender,289,false,32,2,recipient_bits=16;location_bytes=32,10037,68,measured,ok,unavailable,rustc,nightly-2021-05-06,Release,JerryZ
1787147279732755500,PPS-GC,sender_signaling,pps_gc_sender_preparation,sender,289,false,32,2,recipient_bits=16;location_bytes=32,229,68,measured,ok,unavailable,rustc,nightly-2021-05-06,Release,JerryZ
1787147279733915773,PPS-GC,sender_signaling,message_encryption,sender,289,false,32,2,recipient_bits=16;location_bytes=32,-1,,not_applicable,not_applicable,unavailable,rustc,nightly-2021-05-06,Release,JerryZ
1787147279735350737,PPS-GC,sender_signaling,pps_gc_sender_total_signaling,sender,289,false,32,2,recipient_bits=16;location_bytes=32,10415,68,measured,ok,unavailable,rustc,nightly-2021-05-06,Release,JerryZ
1787147279736466436,PPS-GC,sender_signaling,pps_gc_share_generation,sender,290,false,32,2,recipient_bits=16;location_bytes=32,9469,68,measured,ok,unavailable,rustc,nightly-2021-05-06,Release,JerryZ
1787147279737644025,PPS-GC,sender_signaling,pps_gc_sender_preparation,sender,290,false,32,2,recipient_bits=16;location_bytes=32,128,68,measured,ok,unavailable,rustc,nightly-2021-05-06,Release,JerryZ
1787147279738807618,PPS-GC,sender_signaling,message_encryption,sender,290,false,32,2,recipient_bits=16;location_bytes=32,-1,,not_applicable,not_applicable,unavailable,rustc,nightly-2021-05-06,Release,JerryZ
1787147279740273907,PPS-GC,sender_signaling,pps_gc_sender_total_signaling,sender,290,false,32,2,recipient_bits=16;location_bytes=32,10516,68,measured,ok,unavailable,rustc,nightly-2021-05-06,Release,JerryZ
1787147279741657929,PPS-GC,sender_signaling,pps_gc_share_generation,sender,291,false,32,2,recipient_bits=16;location_bytes=32,12269,68,measured,ok,unavailable,rustc,nightly-2021-05-06,Release,JerryZ
1787147279743374458,PPS-GC,sender_signaling,pps_gc_sender_preparation,sender,291,false,32,2,recipient_bits=16;location_bytes=32,588,68,measured,ok,unavailable,rustc,nightly-2021-05-06,Release,JerryZ
1787147279745285504,PPS-GC,sender_signaling,message_encryption,sender,291,false,32,2,recipient_bits=16;location_bytes=32,-1,,not_applicable,not_applicable,unavailable,rustc,nightly-2021-05-06,Release,JerryZ
1787147279746717726,PPS-GC,sender_signaling,pps_gc_sender_total_signaling,sender,291,false,32,2,recipient_bits=16;location_bytes=32,11012,68,measured,ok,unavailable,rustc,nightly-2021-05-06,Release,JerryZ
1787147279747840286,PPS-GC,sender_signaling,pps_gc_share_generation,sender,292,false,32,2,recipient_bits=16;location_bytes=32,9524,68,measured,ok,unavailable,rustc,nightly-2021-05-06,Release,JerryZ
1787147279748953597,PPS-GC,sender_signaling,pps_gc_sender_preparation,sender,292,false,32,2,recipient_bits=16;location_bytes=32,147,68,measured,ok,unavailable,rustc,nightly-2021-05-06,Release,JerryZ
1787147279750390044,PPS-GC,sender_signaling,message_encryption,sender,292,false,32,2,recipient_bits=16;location_bytes=32,-1,,not_applicable,not_applicable,unavailable,rustc,nightly-2021-05-06,Release,JerryZ
1787147279751576169,PPS-GC,sender_signaling,pps_gc_sender_total_signaling,sender,292,false,32,2,recipient_bits=16;location_bytes=32,10323,68,measured,ok,unavailable,rustc,nightly-2021-05-06,Release,JerryZ
1787147279752962689,PPS-GC,sender_signaling,pps_gc_share_generation,sender,293,false,32,2,recipient_bits=16;location_bytes=32,9606,68,measured,ok,unavailable,rustc,nightly-2021-05-06,Release,JerryZ
1787147279754133229,PPS-GC,sender_signaling,pps_gc_sender_preparation,sender,293,false,32,2,recipient_bits=16;location_bytes=32,147,68,measured,ok,unavailable,rustc,nightly-2021-05-06,Release,JerryZ
1787147279755331219,PPS-GC,sender_signaling,message_encryption,sender,293,false,32,2,recipient_bits=16;location_bytes=32,-1,,not_applicable,not_applicable,unavailable,rustc,nightly-2021-05-06,Release,JerryZ
1787147279756551003,PPS-GC,sender_signaling,pps_gc_sender_total_signaling,sender,293,false,32,2,recipient_bits=16;location_bytes=32,19717,68,measured,ok,unavailable,rustc,nightly-2021-05-06,Release,JerryZ
1787147279758098160,PPS-GC,sender_signaling,pps_gc_share_generation,sender,294,false,32,2,recipient_bits=16;location_bytes=32,25338,68,measured,ok,unavailable,rustc,nightly-2021-05-06,Release,JerryZ
1787147279760595741,PPS-GC,sender_signaling,pps_gc_sender_preparation,sender,294,false,32,2,recipient_bits=16;location_bytes=32,634,68,measured,ok,unavailable,rustc,nightly-2021-05-06,Release,JerryZ
1787147279762236105,PPS-GC,sender_signaling,message_encryption,sender,294,false,32,2,recipient_bits=16;location_bytes=32,-1,,not_applicable,not_applicable,unavailable,rustc,nightly-2021-05-06,Release,JerryZ
1787147279763436497,PPS-GC,sender_signaling,pps_gc_sender_total_signaling,sender,294,false,32,2,recipient_bits=16;location_bytes=32,10681,68,measured,ok,unavailable,rustc,nightly-2021-05-06,Release,JerryZ
1787147279764592041,PPS-GC,sender_signaling,pps_gc_share_generation,sender,295,false,32,2,recipient_bits=16;location_bytes=32,11011,68,measured,ok,unavailable,rustc,nightly-2021-05-06,Release,JerryZ
1787147279766365133,PPS-GC,sender_signaling,pps_gc_sender_preparation,sender,295,false,32,2,recipient_bits=16;location_bytes=32,147,68,measured,ok,unavailable,rustc,nightly-2021-05-06,Release,JerryZ
1787147279767513701,PPS-GC,sender_signaling,message_encryption,sender,295,false,32,2,recipient_bits=16;location_bytes=32,-1,,not_applicable,not_applicable,unavailable,rustc,nightly-2021-05-06,Release,JerryZ
1787147279768735409,PPS-GC,sender_signaling,pps_gc_sender_total_signaling,sender,295,false,32,2,recipient_bits=16;location_bytes=32,10249,68,measured,ok,unavailable,rustc,nightly-2021-05-06,Release,JerryZ
1787147279769956221,PPS-GC,sender_signaling,pps_gc_share_generation,sender,296,false,32,2,recipient_bits=16;location_bytes=32,9661,68,measured,ok,unavailable,rustc,nightly-2021-05-06,Release,JerryZ
1787147279771359607,PPS-GC,sender_signaling,pps_gc_sender_preparation,sender,296,false,32,2,recipient_bits=16;location_bytes=32,138,68,measured,ok,unavailable,rustc,nightly-2021-05-06,Release,JerryZ
1787147279772656199,PPS-GC,sender_signaling,message_encryption,sender,296,false,32,2,recipient_bits=16;location_bytes=32,-1,,not_applicable,not_applicable,unavailable,rustc,nightly-2021-05-06,Release,JerryZ
1787147279774616051,PPS-GC,sender_signaling,pps_gc_sender_total_signaling,sender,296,false,32,2,recipient_bits=16;location_bytes=32,10809,68,measured,ok,unavailable,rustc,nightly-2021-05-06,Release,JerryZ
1787147279776116744,PPS-GC,sender_signaling,pps_gc_share_generation,sender,297,false,32,2,recipient_bits=16;location_bytes=32,9753,68,measured,ok,unavailable,rustc,nightly-2021-05-06,Release,JerryZ
1787147279777309481,PPS-GC,sender_signaling,pps_gc_sender_preparation,sender,297,false,32,2,recipient_bits=16;location_bytes=32,212,68,measured,ok,unavailable,rustc,nightly-2021-05-06,Release,JerryZ
1787147279778512449,PPS-GC,sender_signaling,message_encryption,sender,297,false,32,2,recipient_bits=16;location_bytes=32,-1,,not_applicable,not_applicable,unavailable,rustc,nightly-2021-05-06,Release,JerryZ
1787147279779802722,PPS-GC,sender_signaling,pps_gc_sender_total_signaling,sender,297,false,32,2,recipient_bits=16;location_bytes=32,10616,68,measured,ok,unavailable,rustc,nightly-2021-05-06,Release,JerryZ
1787147279781053510,PPS-GC,sender_signaling,pps_gc_share_generation,sender,298,false,32,2,recipient_bits=16;location_bytes=32,9854,68,measured,ok,unavailable,rustc,nightly-2021-05-06,Release,JerryZ
1787147279782218577,PPS-GC,sender_signaling,pps_gc_sender_preparation,sender,298,false,32,2,recipient_bits=16;location_bytes=32,147,68,measured,ok,unavailable,rustc,nightly-2021-05-06,Release,JerryZ
1787147279783539791,PPS-GC,sender_signaling,message_encryption,sender,298,false,32,2,recipient_bits=16;location_bytes=32,-1,,not_applicable,not_applicable,unavailable,rustc,nightly-2021-05-06,Release,JerryZ
1787147279784763243,PPS-GC,sender_signaling,pps_gc_sender_total_signaling,sender,298,false,32,2,recipient_bits=16;location_bytes=32,21600,68,measured,ok,unavailable,rustc,nightly-2021-05-06,Release,JerryZ
1787147279786078616,PPS-GC,sender_signaling,pps_gc_share_generation,sender,299,false,32,2,recipient_bits=16;location_bytes=32,9652,68,measured,ok,unavailable,rustc,nightly-2021-05-06,Release,JerryZ
1787147279787235188,PPS-GC,sender_signaling,pps_gc_sender_preparation,sender,299,false,32,2,recipient_bits=16;location_bytes=32,147,68,measured,ok,unavailable,rustc,nightly-2021-05-06,Release,JerryZ
1787147279788631520,PPS-GC,sender_signaling,message_encryption,sender,299,false,32,2,recipient_bits=16;location_bytes=32,-1,,not_applicable,not_applicable,unavailable,rustc,nightly-2021-05-06,Release,JerryZ
1787147279791071225,PPS-GC,sender_signaling,pps_gc_sender_total_signaling,sender,299,false,32,2,recipient_bits=16;location_bytes=32,11406,68,measured,ok,unavailable,rustc,nightly-2021-05-06,Release,JerryZ
1787147279792513251,PPS-GC,sender_signaling,pps_gc_share_generation,sender,300,false,32,2,recipient_bits=16;location_bytes=32,24301,68,measured,ok,unavailable,rustc,nightly-2021-05-06,Release,JerryZ
1787147279793900735,PPS-GC,sender_signaling,pps_gc_sender_preparation,sender,300,false,32,2,recipient_bits=16;location_bytes=32,1543,68,measured,ok,unavailable,rustc,nightly-2021-05-06,Release,JerryZ
1787147279795052793,PPS-GC,sender_signaling,message_encryption,sender,300,false,32,2,recipient_bits=16;location_bytes=32,-1,,not_applicable,not_applicable,unavailable,rustc,nightly-2021-05-06,Release,JerryZ
1787147279796555441,PPS-GC,sender_signaling,pps_gc_sender_total_signaling,sender,300,false,32,2,recipient_bits=16;location_bytes=32,10442,68,measured,ok,unavailable,rustc,nightly-2021-05-06,Release,JerryZ
1787147279797720916,PPS-GC,sender_signaling,pps_gc_share_generation,sender,301,false,32,2,recipient_bits=16;location_bytes=32,9459,68,measured,ok,unavailable,rustc,nightly-2021-05-06,Release,JerryZ
1787147279798851208,PPS-GC,sender_signaling,pps_gc_sender_preparation,sender,301,false,32,2,recipient_bits=16;location_bytes=32,147,68,measured,ok,unavailable,rustc,nightly-2021-05-06,Release,JerryZ
1787147279800336784,PPS-GC,sender_signaling,message_encryption,sender,301,false,32,2,recipient_bits=16;location_bytes=32,-1,,not_applicable,not_applicable,unavailable,rustc,nightly-2021-05-06,Release,JerryZ
1787147279801490550,PPS-GC,sender_signaling,pps_gc_sender_total_signaling,sender,301,false,32,2,recipient_bits=16;location_bytes=32,21426,68,measured,ok,unavailable,rustc,nightly-2021-05-06,Release,JerryZ
1787147279802857811,PPS-GC,sender_signaling,pps_gc_share_generation,sender,302,false,32,2,recipient_bits=16;location_bytes=32,25733,68,measured,ok,unavailable,rustc,nightly-2021-05-06,Release,JerryZ
1787147279804404440,PPS-GC,sender_signaling,pps_gc_sender_preparation,sender,302,false,32,2,recipient_bits=16;location_bytes=32,432,68,measured,ok,unavailable,rustc,nightly-2021-05-06,Release,JerryZ
1787147279805786726,PPS-GC,sender_signaling,message_encryption,sender,302,false,32,2,recipient_bits=16;location_bytes=32,-1,,not_applicable,not_applicable,unavailable,rustc,nightly-2021-05-06,Release,JerryZ
1787147279807142324,PPS-GC,sender_signaling,pps_gc_sender_total_signaling,sender,302,false,32,2,recipient_bits=16;location_bytes=32,11333,68,measured,ok,unavailable,rustc,nightly-2021-05-06,Release,JerryZ
1787147279808535873,PPS-GC,sender_signaling,pps_gc_share_generation,sender,303,false,32,2,recipient_bits=16;location_bytes=32,9569,68,measured,ok,unavailable,rustc,nightly-2021-05-06,Release,JerryZ
1787147279809736628,PPS-GC,sender_signaling,pps_gc_sender_preparation,sender,303,false,32,2,recipient_bits=16;location_bytes=32,147,68,measured,ok,unavailable,rustc,nightly-2021-05-06,Release,JerryZ
1787147279811041431,PPS-GC,sender_signaling,message_encryption,sender,303,false,32,2,recipient_bits=16;location_bytes=32,-1,,not_applicable,not_applicable,unavailable,rustc,nightly-2021-05-06,Release,JerryZ
1787147279812194857,PPS-GC,sender_signaling,pps_gc_sender_total_signaling,sender,303,false,32,2,recipient_bits=16;location_bytes=32,10002,68,measured,ok,unavailable,rustc,nightly-2021-05-06,Release,JerryZ
1787147279813333497,PPS-GC,sender_signaling,pps_gc_share_generation,sender,304,false,32,2,recipient_bits=16;location_bytes=32,13473,68,measured,ok,unavailable,rustc,nightly-2021-05-06,Release,JerryZ
1787147279814799144,PPS-GC,sender_signaling,pps_gc_sender_preparation,sender,304,false,32,2,recipient_bits=16;location_bytes=32,165,68,measured,ok,unavailable,rustc,nightly-2021-05-06,Release,JerryZ
1787147279815940640,PPS-GC,sender_signaling,message_encryption,sender,304,false,32,2,recipient_bits=16;location_bytes=32,-1,,not_applicable,not_applicable,unavailable,rustc,nightly-2021-05-06,Release,JerryZ
1787147279817086315,PPS-GC,sender_signaling,pps_gc_sender_total_signaling,sender,304,false,32,2,recipient_bits=16;location_bytes=32,10148,68,measured,ok,unavailable,rustc,nightly-2021-05-06,Release,JerryZ
1787147279818510571,PPS-GC,sender_signaling,pps_gc_share_generation,sender,305,false,32,2,recipient_bits=16;location_bytes=32,10965,68,measured,ok,unavailable,rustc,nightly-2021-05-06,Release,JerryZ
1787147279820443323,PPS-GC,sender_signaling,pps_gc_sender_preparation,sender,305,false,32,2,recipient_bits=16;location_bytes=32,726,68,measured,ok,unavailable,rustc,nightly-2021-05-06,Release,JerryZ
1787147279822257190,PPS-GC,sender_signaling,message_encryption,sender,305,false,32,2,recipient_bits=16;location_bytes=32,-1,,not_applicable,not_applicable,unavailable,rustc,nightly-2021-05-06,Release,JerryZ
1787147279823597690,PPS-GC,sender_signaling,pps_gc_sender_total_signaling,sender,305,false,32,2,recipient_bits=16;location_bytes=32,10800,68,measured,ok,unavailable,rustc,nightly-2021-05-06,Release,JerryZ
1787147279824697511,PPS-GC,sender_signaling,pps_gc_share_generation,sender,306,false,32,2,recipient_bits=16;location_bytes=32,9542,68,measured,ok,unavailable,rustc,nightly-2021-05-06,Release,JerryZ
1787147279826219683,PPS-GC,sender_signaling,pps_gc_sender_preparation,sender,306,false,32,2,recipient_bits=16;location_bytes=32,138,68,measured,ok,unavailable,rustc,nightly-2021-05-06,Release,JerryZ
1787147279827545856,PPS-GC,sender_signaling,message_encryption,sender,306,false,32,2,recipient_bits=16;location_bytes=32,-1,,not_applicable,not_applicable,unavailable,rustc,nightly-2021-05-06,Release,JerryZ
1787147279828690962,PPS-GC,sender_signaling,pps_gc_sender_total_signaling,sender,306,false,32,2,recipient_bits=16;location_bytes=32,10524,68,measured,ok,unavailable,rustc,nightly-2021-05-06,Release,JerryZ
1787147279830100551,PPS-GC,sender_signaling,pps_gc_share_generation,sender,307,false,32,2,recipient_bits=16;location_bytes=32,9468,68,measured,ok,unavailable,rustc,nightly-2021-05-06,Release,JerryZ
1787147279831217968,PPS-GC,sender_signaling,pps_gc_sender_preparation,sender,307,false,32,2,recipient_bits=16;location_bytes=32,147,68,measured,ok,unavailable,rustc,nightly-2021-05-06,Release,JerryZ
1787147279832456197,PPS-GC,sender_signaling,message_encryption,sender,307,false,32,2,recipient_bits=16;location_bytes=32,-1,,not_applicable,not_applicable,unavailable,rustc,nightly-2021-05-06,Release,JerryZ
1787147279833687088,PPS-GC,sender_signaling,pps_gc_sender_total_signaling,sender,307,false,32,2,recipient_bits=16;location_bytes=32,24153,68,measured,ok,unavailable,rustc,nightly-2021-05-06,Release,JerryZ
1787147279835309309,PPS-GC,sender_signaling,pps_gc_share_generation,sender,308,false,32,2,recipient_bits=16;location_bytes=32,10249,68,measured,ok,unavailable,rustc,nightly-2021-05-06,Release,JerryZ
1787147279836771976,PPS-GC,sender_signaling,pps_gc_sender_preparation,sender,308,false,32,2,recipient_bits=16;location_bytes=32,248,68,measured,ok,unavailable,rustc,nightly-2021-05-06,Release,JerryZ
1787147279838388287,PPS-GC,sender_signaling,message_encryption,sender,308,false,32,2,recipient_bits=16;location_bytes=32,-1,,not_applicable,not_applicable,unavailable,rustc,nightly-2021-05-06,Release,JerryZ
1787147279839512013,PPS-GC,sender_signaling,pps_gc_sender_total_signaling,sender,308,false,32,2,recipient_bits=16;location_bytes=32,10360,68,measured,ok,unavailable,rustc,nightly-2021-05-06,Release,JerryZ
1787147279840691549,PPS-GC,sender_signaling,pps_gc_share_generation,sender,309,false,32,2,recipient_bits=16;location_bytes=32,9680,68,measured,ok,unavailable,rustc,nightly-2021-05-06,Release,JerryZ
1787147279842060123,PPS-GC,sender_signaling,pps_gc_sender_preparation,sender,309,false,32,2,recipient_bits=16;location_bytes=32,221,68,measured,ok,unavailable,rustc,nightly-2021-05-06,Release,JerryZ
1787147279843376001,PPS-GC,sender_signaling,message_encryption,sender,309,false,32,2,recipient_bits=16;location_bytes=32,-1,,not_applicable,not_applicable,unavailable,rustc,nightly-2021-05-06,Release,JerryZ
1787147279844923365,PPS-GC,sender_signaling,pps_gc_sender_total_signaling,sender,309,false,32,2,recipient_bits=16;location_bytes=32,25669,68,measured,ok,unavailable,rustc,nightly-2021-05-06,Release,JerryZ
1787147279846422597,PPS-GC,sender_signaling,pps_gc_share_generation,sender,310,false,32,2,recipient_bits=16;location_bytes=32,10010,68,measured,ok,unavailable,rustc,nightly-2021-05-06,Release,JerryZ
1787147279847713559,PPS-GC,sender_signaling,pps_gc_sender_preparation,sender,310,false,32,2,recipient_bits=16;location_bytes=32,276,68,measured,ok,unavailable,rustc,nightly-2021-05-06,Release,JerryZ
1787147279849059211,PPS-GC,sender_signaling,message_encryption,sender,310,false,32,2,recipient_bits=16;location_bytes=32,-1,,not_applicable,not_applicable,unavailable,rustc,nightly-2021-05-06,Release,JerryZ
1787147279850874346,PPS-GC,sender_signaling,pps_gc_sender_total_signaling,sender,310,false,32,2,recipient_bits=16;location_bytes=32,11966,68,measured,ok,unavailable,rustc,nightly-2021-05-06,Release,JerryZ
1787147279852453230,PPS-GC,sender_signaling,pps_gc_share_generation,sender,311,false,32,2,recipient_bits=16;location_bytes=32,10451,68,measured,ok,unavailable,rustc,nightly-2021-05-06,Release,JerryZ
1787147279853740363,PPS-GC,sender_signaling,pps_gc_sender_preparation,sender,311,false,32,2,recipient_bits=16;location_bytes=32,515,68,measured,ok,unavailable,rustc,nightly-2021-05-06,Release,JerryZ
1787147279855203484,PPS-GC,sender_signaling,message_encryption,sender,311,false,32,2,recipient_bits=16;location_bytes=32,-1,,not_applicable,not_applicable,unavailable,rustc,nightly-2021-05-06,Release,JerryZ
1787147279856430133,PPS-GC,sender_signaling,pps_gc_sender_total_signaling,sender,311,false,32,2,recipient_bits=16;location_bytes=32,22216,68,measured,ok,unavailable,rustc,nightly-2021-05-06,Release,JerryZ
1787147279858016509,PPS-GC,sender_signaling,pps_gc_share_generation,sender,312,false,32,2,recipient_bits=16;location_bytes=32,9900,68,measured,ok,unavailable,rustc,nightly-2021-05-06,Release,JerryZ
1787147279859231251,PPS-GC,sender_signaling,pps_gc_sender_preparation,sender,312,false,32,2,recipient_bits=16;location_bytes=32,147,68,measured,ok,unavailable,rustc,nightly-2021-05-06,Release,JerryZ
1787147279860376352,PPS-GC,sender_signaling,message_encryption,sender,312,false,32,2,recipient_bits=16;location_bytes=32,-1,,not_applicable,not_applicable,unavailable,rustc,nightly-2021-05-06,Release,JerryZ
1787147279861524020,PPS-GC,sender_signaling,pps_gc_sender_total_signaling,sender,312,false,32,2,recipient_bits=16;location_bytes=32,10056,68,measured,ok,unavailable,rustc,nightly-2021-05-06,Release,JerryZ
1787147279862989759,PPS-GC,sender_signaling,pps_gc_share_generation,sender,313,false,32,2,recipient_bits=16;location_bytes=32,9514,68,measured,ok,unavailable,rustc,nightly-2021-05-06,Release,JerryZ
1787147279864220742,PPS-GC,sender_signaling,pps_gc_sender_preparation,sender,313,false,32,2,recipient_bits=16;location_bytes=32,138,68,measured,ok,unavailable,rustc,nightly-2021-05-06,Release,JerryZ
1787147279865666098,PPS-GC,sender_signaling,message_encryption,sender,313,false,32,2,recipient_bits=16;location_bytes=32,-1,,not_applicable,not_applicable,unavailable,rustc,nightly-2021-05-06,Release,JerryZ
1787147279867102948,PPS-GC,sender_signaling,pps_gc_sender_total_signaling,sender,313,false,32,2,recipient_bits=16;location_bytes=32,13262,68,measured,ok,unavailable,rustc,nightly-2021-05-06,Release,JerryZ
1787147279868449849,PPS-GC,sender_signaling,pps_gc_share_generation,sender,314,false,32,2,recipient_bits=16;location_bytes=32,10479,68,measured,ok,unavailable,rustc,nightly-2021-05-06,Release,JerryZ
1787147279869879229,PPS-GC,sender_signaling,pps_gc_sender_preparation,sender,314,false,32,2,recipient_bits=16;location_bytes=32,340,68,measured,ok,unavailable,rustc,nightly-2021-05-06,Release,JerryZ
1787147279871450893,PPS-GC,sender_signaling,message_encryption,sender,314,false,32,2,recipient_bits=16;location_bytes=32,-1,,not_applicable,not_applicable,unavailable,rustc,nightly-2021-05-06,Release,JerryZ
1787147279872798657,PPS-GC,sender_signaling,pps_gc_sender_total_signaling,sender,314,false,32,2,recipient_bits=16;location_bytes=32,11526,68,measured,ok,unavailable,rustc,nightly-2021-05-06,Release,JerryZ
1787147279874158030,PPS-GC,sender_signaling,pps_gc_share_generation,sender,315,false,32,2,recipient_bits=16;location_bytes=32,9634,68,measured,ok,unavailable,rustc,nightly-2021-05-06,Release,JerryZ
1787147279875596502,PPS-GC,sender_signaling,pps_gc_sender_preparation,sender,315,false,32,2,recipient_bits=16;location_bytes=32,330,68,measured,ok,unavailable,rustc,nightly-2021-05-06,Release,JerryZ
1787147279876721573,PPS-GC,sender_signaling,message_encryption,sender,315,false,32,2,recipient_bits=16;location_bytes=32,-1,,not_applicable,not_applicable,unavailable,rustc,nightly-2021-05-06,Release,JerryZ
1787147279878045399,PPS-GC,sender_signaling,pps_gc_sender_total_signaling,sender,315,false,32,2,recipient_bits=16;location_bytes=32,10029,68,measured,ok,unavailable,rustc,nightly-2021-05-06,Release,JerryZ
1787147279879385201,PPS-GC,sender_signaling,pps_gc_share_generation,sender,316,false,32,2,recipient_bits=16;location_bytes=32,29306,68,measured,ok,unavailable,rustc,nightly-2021-05-06,Release,JerryZ
1787147279881764192,PPS-GC,sender_signaling,pps_gc_sender_preparation,sender,316,false,32,2,recipient_bits=16;location_bytes=32,486,68,measured,ok,unavailable,rustc,nightly-2021-05-06,Release,JerryZ
1787147279883411980,PPS-GC,sender_signaling,message_encryption,sender,316,false,32,2,recipient_bits=16;location_bytes=32,-1,,not_applicable,not_applicable,unavailable,rustc,nightly-2021-05-06,Release,JerryZ
1787147279884803611,PPS-GC,sender_signaling,pps_gc_sender_total_signaling,sender,316,false,32,2,recipient_bits=16;location_bytes=32,11287,68,measured,ok,unavailable,rustc,nightly-2021-05-06,Release,JerryZ
1787147279886284121,PPS-GC,sender_signaling,pps_gc_share_generation,sender,317,false,32,2,recipient_bits=16;location_bytes=32,21683,68,measured,ok,unavailable,rustc,nightly-2021-05-06,Release,JerryZ
1787147279887964990,PPS-GC,sender_signaling,pps_gc_sender_preparation,sender,317,false,32,2,recipient_bits=16;location_bytes=32,459,68,measured,ok,unavailable,rustc,nightly-2021-05-06,Release,JerryZ
1787147279889238397,PPS-GC,sender_signaling,message_encryption,sender,317,false,32,2,recipient_bits=16;location_bytes=32,-1,,not_applicable,not_applicable,unavailable,rustc,nightly-2021-05-06,Release,JerryZ
1787147279890939080,PPS-GC,sender_signaling,pps_gc_sender_total_signaling,sender,317,false,32,2,recipient_bits=16;location_bytes=32,10580,68,measured,ok,unavailable,rustc,nightly-2021-05-06,Release,JerryZ
1787147279892085205,PPS-GC,sender_signaling,pps_gc_share_generation,sender,318,false,32,2,recipient_bits=16;location_bytes=32,9514,68,measured,ok,unavailable,rustc,nightly-2021-05-06,Release,JerryZ
1787147279893254501,PPS-GC,sender_signaling,pps_gc_sender_preparation,sender,318,false,32,2,recipient_bits=16;location_bytes=32,147,68,measured,ok,unavailable,rustc,nightly-2021-05-06,Release,JerryZ
1787147279895005744,PPS-GC,sender_signaling,message_encryption,sender,318,false,32,2,recipient_bits=16;location_bytes=32,-1,,not_applicable,not_applicable,unavailable,rustc,nightly-2021-05-06,Release,JerryZ
1787147279896747676,PPS-GC,sender_signaling,pps_gc_sender_total_signaling,sender,318,false,32,2,recipient_bits=16;location_bytes=32,11103,68,measured,ok,unavailable,rustc,nightly-2021-05-06,Release,JerryZ
1787147279898532637,PPS-GC,sender_signaling,pps_gc_share_generation,sender,319,false,32,2,recipient_bits=16;location_bytes=32,13216,68,measured,ok,unavailable,rustc,nightly-2021-05-06,Release,JerryZ
1787147279899780583,PPS-GC,sender_signaling,pps_gc_sender_preparation,sender,319,false,32,2,recipient_bits=16;location_bytes=32,1285,68,measured,ok,unavailable,rustc,nightly-2021-05-06,Release,JerryZ
1787147279900884256,PPS-GC,sender_signaling,message_encryption,sender,319,false,32,2,recipient_bits=16;location_bytes=32,-1,,not_applicable,not_applicable,unavailable,rustc,nightly-2021-05-06,Release,JerryZ
1787147279902408661,PPS-GC,sender_signaling,pps_gc_sender_total_signaling,sender,319,false,32,2,recipient_bits=16;location_bytes=32,22317,68,measured,ok,unavailable,rustc,nightly-2021-05-06,Release,JerryZ
1787147279903722463,PPS-GC,sender_signaling,pps_gc_share_generation,sender,320,false,32,2,recipient_bits=16;location_bytes=32,9910,68,measured,ok,unavailable,rustc,nightly-2021-05-06,Release,JerryZ
1787147279904895001,PPS-GC,sender_signaling,pps_gc_sender_preparation,sender,320,false,32,2,recipient_bits=16;location_bytes=32,147,68,measured,ok,unavailable,rustc,nightly-2021-05-06,Release,JerryZ
1787147279906186445,PPS-GC,sender_signaling,message_encryption,sender,320,false,32,2,recipient_bits=16;location_bytes=32,-1,,not_applicable,not_applicable,unavailable,rustc,nightly-2021-05-06,Release,JerryZ
1787147279907429904,PPS-GC,sender_signaling,pps_gc_sender_total_signaling,sender,320,false,32,2,recipient_bits=16;location_bytes=32,9973,68,measured,ok,unavailable,rustc,nightly-2021-05-06,Release,JerryZ
1787147279909037762,PPS-GC,sender_signaling,pps_gc_share_generation,sender,321,false,32,2,recipient_bits=16;location_bytes=32,9964,68,measured,ok,unavailable,rustc,nightly-2021-05-06,Release,JerryZ
1787147279910459565,PPS-GC,sender_signaling,pps_gc_sender_preparation,sender,321,false,32,2,recipient_bits=16;location_bytes=32,137,68,measured,ok,unavailable,rustc,nightly-2021-05-06,Release,JerryZ
1787147279911975484,PPS-GC,sender_signaling,message_encryption,sender,321,false,32,2,recipient_bits=16;location_bytes=32,-1,,not_applicable,not_applicable,unavailable,rustc,nightly-2021-05-06,Release,JerryZ
1787147279914059443,PPS-GC,sender_signaling,pps_gc_sender_total_signaling,sender,321,false,32,2,recipient_bits=16;location_bytes=32,23437,68,measured,ok,unavailable,rustc,nightly-2021-05-06,Release,JerryZ
1787147279915391387,PPS-GC,sender_signaling,pps_gc_share_generation,sender,322,false,32,2,recipient_bits=16;location_bytes=32,9726,68,measured,ok,unavailable,rustc,nightly-2021-05-06,Release,JerryZ
1787147279916559470,PPS-GC,sender_signaling,pps_gc_sender_preparation,sender,322,false,32,2,recipient_bits=16;location_bytes=32,312,68,measured,ok,unavailable,rustc,nightly-2021-05-06,Release,JerryZ
1787147279917767806,PPS-GC,sender_signaling,message_encryption,sender,322,false,32,2,recipient_bits=16;location_bytes=32,-1,,not_applicable,not_applicable,unavailable,rustc,nightly-2021-05-06,Release,JerryZ
1787147279918991892,PPS-GC,sender_signaling,pps_gc_sender_total_signaling,sender,322,false,32,2,recipient_bits=16;location_bytes=32,10635,68,measured,ok,unavailable,rustc,nightly-2021-05-06,Release,JerryZ
1787147279920094344,PPS-GC,sender_signaling,pps_gc_share_generation,sender,323,false,32,2,recipient_bits=16;location_bytes=32,9524,68,measured,ok,unavailable,rustc,nightly-2021-05-06,Release,JerryZ
1787147279921487269,PPS-GC,sender_signaling,pps_gc_sender_preparation,sender,323,false,32,2,recipient_bits=16;location_bytes=32,147,68,measured,ok,unavailable,rustc,nightly-2021-05-06,Release,JerryZ
1787147279922607652,PPS-GC,sender_signaling,message_encryption,sender,323,false,32,2,recipient_bits=16;location_bytes=32,-1,,not_applicable,not_applicable,unavailable,rustc,nightly-2021-05-06,Release,JerryZ
1787147279923948850,PPS-GC,sender_signaling,pps_gc_sender_total_signaling,sender,323,false,32,2,recipient_bits=16;location_bytes=32,21609,68,measured,ok,unavailable,rustc,nightly-2021-05-06,Release,JerryZ
1787147279925160777,PPS-GC,sender_signaling,pps_gc_share_generation,sender,324,false,32,2,recipient_bits=16;location_bytes=32,22151,68,measured,ok,unavailable,rustc,nightly-2021-05-06,Release,JerryZ
1787147279926626662,PPS-GC,sender_signaling,pps_gc_sender_preparation,sender,324,false,32,2,recipient_bits=16;location_bytes=32,284,68,measured,ok,unavailable,rustc,nightly-2021-05-06,Release,JerryZ
1787147279928266084,PPS-GC,sender_signaling,message_encryption,sender,324,false,32,2,recipient_bits=16;location_bytes=32,-1,,not_applicable,not_applicable,unavailable,rustc,nightly-2021-05-06,Release,JerryZ
1787147279929702003,PPS-GC,sender_signaling,pps_gc_sender_total_signaling,sender,324,false,32,2,recipient_bits=16;location_bytes=32,10718,68,measured,ok,unavailable,rustc,nightly-2021-05-06,Release,JerryZ
1787147279930807141,PPS-GC,sender_signaling,pps_gc_share_generation,sender,325,false,32,2,recipient_bits=16;location_bytes=32,9469,68,measured,ok,unavailable,rustc,nightly-2021-05-06,Release,JerryZ
1787147279931906117,PPS-GC,sender_signaling,pps_gc_sender_preparation,sender,325,false,32,2,recipient_bits=16;location_bytes=32,137,68,measured,ok,unavailable,rustc,nightly-2021-05-06,Release,JerryZ
1787147279933658164,PPS-GC,sender_signaling,message_encryption,sender,325,false,32,2,recipient_bits=16;location_bytes=32,-1,,not_applicable,not_applicable,unavailable,rustc,nightly-2021-05-06,Release,JerryZ
1787147279934957470,PPS-GC,sender_signaling,pps_gc_sender_total_signaling,sender,325,false,32,2,recipient_bits=16;location_bytes=32,10167,68,measured,ok,unavailable,rustc,nightly-2021-05-06,Release,JerryZ
1787147279936083988,PPS-GC,sender_signaling,pps_gc_share_generation,sender,326,false,32,2,recipient_bits=16;location_bytes=32,9552,68,measured,ok,unavailable,rustc,nightly-2021-05-06,Release,JerryZ
1787147279937226164,PPS-GC,sender_signaling,pps_gc_sender_preparation,sender,326,false,32,2,recipient_bits=16;location_bytes=32,128,68,measured,ok,unavailable,rustc,nightly-2021-05-06,Release,JerryZ
1787147279938972099,PPS-GC,sender_signaling,message_encryption,sender,326,false,32,2,recipient_bits=16;location_bytes=32,-1,,not_applicable,not_applicable,unavailable,rustc,nightly-2021-05-06,Release,JerryZ
1787147279940388797,PPS-GC,sender_signaling,pps_gc_sender_total_signaling,sender,326,false,32,2,recipient_bits=16;location_bytes=32,21352,68,measured,ok,unavailable,rustc,nightly-2021-05-06,Release,JerryZ
1787147279942003166,PPS-GC,sender_signaling,pps_gc_share_generation,sender,327,false,32,2,recipient_bits=16;location_bytes=32,11076,68,measured,ok,unavailable,rustc,nightly-2021-05-06,Release,JerryZ
1787147279944513201,PPS-GC,sender_signaling,pps_gc_sender_preparation,sender,327,false,32,2,recipient_bits=16;location_bytes=32,147,68,measured,ok,unavailable,rustc,nightly-2021-05-06,Release,JerryZ
1787147279946030810,PPS-GC,sender_signaling,message_encryption,sender,327,false,32,2,recipient_bits=16;location_bytes=32,-1,,not_applicable,not_applicable,unavailable,rustc,nightly-2021-05-06,Release,JerryZ
1787147279947255612,PPS-GC,sender_signaling,pps_gc_sender_total_signaling,sender,327,false,32,2,recipient_bits=16;location_bytes=32,12545,68,measured,ok,unavailable,rustc,nightly-2021-05-06,Release,JerryZ
1787147279948658181,PPS-GC,sender_signaling,pps_gc_share_generation,sender,328,false,32,2,recipient_bits=16;location_bytes=32,9964,68,measured,ok,unavailable,rustc,nightly-2021-05-06,Release,JerryZ
1787147279949929154,PPS-GC,sender_signaling,pps_gc_sender_preparation,sender,328,false,32,2,recipient_bits=16;location_bytes=32,175,68,measured,ok,unavailable,rustc,nightly-2021-05-06,Release,JerryZ
1787147279951159486,PPS-GC,sender_signaling,message_encryption,sender,328,false,32,2,recipient_bits=16;location_bytes=32,-1,,not_applicable,not_applicable,unavailable,rustc,nightly-2021-05-06,Release,JerryZ
1787147279952567954,PPS-GC,sender_signaling,pps_gc_sender_total_signaling,sender,328,false,32,2,recipient_bits=16;location_bytes=32,10314,68,measured,ok,unavailable,rustc,nightly-2021-05-06,Release,JerryZ
1787147279953789946,PPS-GC,sender_signaling,pps_gc_share_generation,sender,329,false,32,2,recipient_bits=16;location_bytes=32,9680,68,measured,ok,unavailable,rustc,nightly-2021-05-06,Release,JerryZ
1787147279954902275,PPS-GC,sender_signaling,pps_gc_sender_preparation,sender,329,false,32,2,recipient_bits=16;location_bytes=32,220,68,measured,ok,unavailable,rustc,nightly-2021-05-06,Release,JerryZ
1787147279956213052,PPS-GC,sender_signaling,message_encryption,sender,329,false,32,2,recipient_bits=16;location_bytes=32,-1,,not_applicable,not_applicable,unavailable,rustc,nightly-2021-05-06,Release,JerryZ
1787147279957464005,PPS-GC,sender_signaling,pps_gc_sender_total_signaling,sender,329,false,32,2,recipient_bits=16;location_bytes=32,10313,68,measured,ok,unavailable,rustc,nightly-2021-05-06,Release,JerryZ
1787147279959111013,PPS-GC,sender_signaling,pps_gc_share_generation,sender,330,false,32,2,recipient_bits=16;location_bytes=32,10203,68,measured,ok,unavailable,rustc,nightly-2021-05-06,Release,JerryZ
1787147279960435202,PPS-GC,sender_signaling,pps_gc_sender_preparation,sender,330,false,32,2,recipient_bits=16;location_bytes=32,220,68,measured,ok,unavailable,rustc,nightly-2021-05-06,Release,JerryZ
1787147279961538586,PPS-GC,sender_signaling,message_encryption,sender,330,false,32,2,recipient_bits=16;location_bytes=32,-1,,not_applicable,not_applicable,unavailable,rustc,nightly-2021-05-06,Release,JerryZ
1787147279962779717,PPS-GC,sender_signaling,pps_gc_sender_total_signaling,sender,330,false,32,2,recipient_bits=16;location_bytes=32,9698,68,measured,ok,unavailable,rustc,nightly-2021-05-06,Release,JerryZ
1787147279964404546,PPS-GC,sender_signaling,pps_gc_share_generation,sender,331,false,32,2,recipient_bits=16;location_bytes=32,10534,68,measured,ok,unavailable,rustc,nightly-2021-05-06,Release,JerryZ
1787147279965568717,PPS-GC,sender_signaling,pps_gc_sender_preparation,sender,331,false,32,2,recipient_bits=16;location_bytes=32,285,68,measured,ok,unavailable,rustc,nightly-2021-05-06,Release,JerryZ
1787147279966687769,PPS-GC,sender_signaling,message_encryption,sender,331,false,32,2,recipient_bits=16;location_bytes=32,-1,,not_applicable,not_applicable,unavailable,rustc,nightly-2021-05-06,Release,JerryZ
1787147279968264824,PPS-GC,sender_signaling,pps_gc_sender_total_signaling,sender,331,false,32,2,recipient_bits=16;location_bytes=32,9808,68,measured,ok,unavailable,rustc,nightly-2021-05-06,Release,JerryZ
1787147279969400130,PPS-GC,sender_signaling,pps_gc_share_generation,sender,332,false,32,2,recipient_bits=16;location_bytes=32,9487,68,measured,ok,unavailable,rustc,nightly-2021-05-06,Release,JerryZ
1787147279970549943,PPS-GC,sender_signaling,pps_gc_sender_preparation,sender,332,false,32,2,recipient_bits=16;location_bytes=32,129,68,measured,ok,unavailable,rustc,nightly-2021-05-06,Release,JerryZ
1787147279971840501,PPS-GC,sender_signaling,message_encryption,sender,332,false,32,2,recipient_bits=16;location_bytes=32,-1,,not_applicable,not_applicable,unavailable,rustc,nightly-2021-05-06,Release,JerryZ
1787147279973363579,PPS-GC,sender_signaling,pps_gc_sender_total_signaling,sender,332,false,32,2,recipient_bits=16;location_bytes=32,17505,68,measured,ok,unavailable,rustc,nightly-2021-05-06,Release,JerryZ
1787147279974950846,PPS-GC,sender_signaling,pps_gc_share_generation,sender,333,false,32,2,recipient_bits=16;location_bytes=32,21508,68,measured,ok,unavailable,rustc,nightly-2021-05-06,Release,JerryZ
1787147279976781594,PPS-GC,sender_signaling,pps_gc_sender_preparation,sender,333,false,32,2,recipient_bits=16;location_bytes=32,386,68,measured,ok,unavailable,rustc,nightly-2021-05-06,Release,JerryZ
1787147279977989048,PPS-GC,sender_signaling,message_encryption,sender,333,false,32,2,recipient_bits=16;location_bytes=32,-1,,not_applicable,not_applicable,unavailable,rustc,nightly-2021-05-06,Release,JerryZ
1787147279979286953,PPS-GC,sender_signaling,pps_gc_sender_total_signaling,sender,333,false,32,2,recipient_bits=16;location_bytes=32,10497,68,measured,ok,unavailable,rustc,nightly-2021-05-06,Release,JerryZ
1787147279980407088,PPS-GC,sender_signaling,pps_gc_share_generation,sender,334,false,32,2,recipient_bits=16;location_bytes=32,9551,68,measured,ok,unavailable,rustc,nightly-2021-05-06,Release,JerryZ
1787147279981692935,PPS-GC,sender_signaling,pps_gc_sender_preparation,sender,334,false,32,2,recipient_bits=16;location_bytes=32,147,68,measured,ok,unavailable,rustc,nightly-2021-05-06,Release,JerryZ
1787147279983184145,PPS-GC,sender_signaling,message_encryption,sender,334,false,32,2,recipient_bits=16;location_bytes=32,-1,,not_applicable,not_applicable,unavailable,rustc,nightly-2021-05-06,Release,JerryZ
1787147279984743425,PPS-GC,sender_signaling,pps_gc_sender_total_signaling,sender,334,false,32,2,recipient_bits=16;location_bytes=32,10497,68,measured,ok,unavailable,rustc,nightly-2021-05-06,Release,JerryZ
1787147279986368576,PPS-GC,sender_signaling,pps_gc_share_generation,sender,335,false,32,2,recipient_bits=16;location_bytes=32,10350,68,measured,ok,unavailable,rustc,nightly-2021-05-06,Release,JerryZ
1787147279987919733,PPS-GC,sender_signaling,pps_gc_sender_preparation,sender,335,false,32,2,recipient_bits=16;location_bytes=32,606,68,measured,ok,unavailable,rustc,nightly-2021-05-06,Release,JerryZ
1787147279989381450,PPS-GC,sender_signaling,message_encryption,sender,335,false,32,2,recipient_bits=16;location_bytes=32,-1,,not_applicable,not_applicable,unavailable,rustc,nightly-2021-05-06,Release,JerryZ
1787147279990928282,PPS-GC,sender_signaling,pps_gc_sender_total_signaling,sender,335,false,32,2,recipient_bits=16;location_bytes=32,10938,68,measured,ok,unavailable,rustc,nightly-2021-05-06,Release,JerryZ
1787147279992036891,PPS-GC,sender_signaling,pps_gc_share_generation,sender,336,false,32,2,recipient_bits=16;location_bytes=32,9532,68,measured,ok,unavailable,rustc,nightly-2021-05-06,Release,JerryZ
1787147279993125462,PPS-GC,sender_signaling,pps_gc_sender_preparation,sender,336,false,32,2,recipient_bits=16;location_bytes=32,147,68,measured,ok,unavailable,rustc,nightly-2021-05-06,Release,JerryZ
1787147279994463027,PPS-GC,sender_signaling,message_encryption,sender,336,false,32,2,recipient_bits=16;location_bytes=32,-1,,not_applicable,not_applicable,unavailable,rustc,nightly-2021-05-06,Release,JerryZ
1787147279996107688,PPS-GC,sender_signaling,pps_gc_sender_total_signaling,sender,336,false,32,2,recipient_bits=16;location_bytes=32,10708,68,measured,ok,unavailable,rustc,nightly-2021-05-06,Release,JerryZ
1787147279997322618,PPS-GC,sender_signaling,pps_gc_share_generation,sender,337,false,32,2,recipient_bits=16;location_bytes=32,9799,68,measured,ok,unavailable,rustc,nightly-2021-05-06,Release,JerryZ
1787147279998455712,PPS-GC,sender_signaling,pps_gc_sender_preparation,sender,337,false,32,2,recipient_bits=16;location_bytes=32,597,68,measured,ok,unavailable,rustc,nightly-2021-05-06,Release,JerryZ
1787147279999574800,PPS-GC,sender_signaling,message_encryption,sender,337,false,32,2,recipient_bits=16;location_bytes=32,-1,,not_applicable,not_applicable,unavailable,rustc,nightly-2021-05-06,Release,JerryZ
1787147280000686256,PPS-GC,sender_signaling,pps_gc_sender_total_signaling,sender,337,false,32,2,recipient_bits=16;location_bytes=32,9937,68,measured,ok,unavailable,rustc,nightly-2021-05-06,Release,JerryZ
1787147280001987091,PPS-GC,sender_signaling,pps_gc_share_generation,sender,338,false,32,2,recipient_bits=16;location_bytes=32,9781,68,measured,ok,unavailable,rustc,nightly-2021-05-06,Release,JerryZ
1787147280004236857,PPS-GC,sender_signaling,pps_gc_sender_preparation,sender,338,false,32,2,recipient_bits=16;location_bytes=32,515,68,measured,ok,unavailable,rustc,nightly-2021-05-06,Release,JerryZ
1787147280005802391,PPS-GC,sender_signaling,message_encryption,sender,338,false,32,2,recipient_bits=16;location_bytes=32,-1,,not_applicable,not_applicable,unavailable,rustc,nightly-2021-05-06,Release,JerryZ
1787147280007096903,PPS-GC,sender_signaling,pps_gc_sender_total_signaling,sender,338,false,32,2,recipient_bits=16;location_bytes=32,10846,68,measured,ok,unavailable,rustc,nightly-2021-05-06,Release,JerryZ
1787147280008254558,PPS-GC,sender_signaling,pps_gc_share_generation,sender,339,false,32,2,recipient_bits=16;location_bytes=32,21223,68,measured,ok,unavailable,rustc,nightly-2021-05-06,Release,JerryZ
1787147280009505897,PPS-GC,sender_signaling,pps_gc_sender_preparation,sender,339,false,32,2,recipient_bits=16;location_bytes=32,294,68,measured,ok,unavailable,rustc,nightly-2021-05-06,Release,JerryZ
1787147280011028080,PPS-GC,sender_signaling,message_encryption,sender,339,false,32,2,recipient_bits=16;location_bytes=32,-1,,not_applicable,not_applicable,unavailable,rustc,nightly-2021-05-06,Release,JerryZ
1787147280012179687,PPS-GC,sender_signaling,pps_gc_sender_total_signaling,sender,339,false,32,2,recipient_bits=16;location_bytes=32,22114,68,measured,ok,unavailable,rustc,nightly-2021-05-06,Release,JerryZ
1787147280013408880,PPS-GC,sender_signaling,pps_gc_share_generation,sender,340,false,32,2,recipient_bits=16;location_bytes=32,21664,68,measured,ok,unavailable,rustc,nightly-2021-05-06,Release,JerryZ
1787147280014575351,PPS-GC,sender_signaling,pps_gc_sender_preparation,sender,340,false,32,2,recipient_bits=16;location_bytes=32,156,68,measured,ok,unavailable,rustc,nightly-2021-05-06,Release,JerryZ
1787147280016032159,PPS-GC,sender_signaling,message_encryption,sender,340,false,32,2,recipient_bits=16;location_bytes=32,-1,,not_applicable,not_applicable,unavailable,rustc,nightly-2021-05-06,Release,JerryZ
1787147280017388225,PPS-GC,sender_signaling,pps_gc_sender_total_signaling,sender,340,false,32,2,recipient_bits=16;location_bytes=32,13996,68,measured,ok,unavailable,rustc,nightly-2021-05-06,Release,JerryZ
1787147280018963333,PPS-GC,sender_signaling,pps_gc_share_generation,sender,341,false,32,2,recipient_bits=16;location_bytes=32,10461,68,measured,ok,unavailable,rustc,nightly-2021-05-06,Release,JerryZ
1787147280020677070,PPS-GC,sender_signaling,pps_gc_sender_preparation,sender,341,false,32,2,recipient_bits=16;location_bytes=32,496,68,measured,ok,unavailable,rustc,nightly-2021-05-06,Release,JerryZ
1787147280022259231,PPS-GC,sender_signaling,message_encryption,sender,341,false,32,2,recipient_bits=16;location_bytes=32,-1,,not_applicable,not_applicable,unavailable,rustc,nightly-2021-05-06,Release,JerryZ
1787147280023493310,PPS-GC,sender_signaling,pps_gc_sender_total_signaling,sender,341,false,32,2,recipient_bits=16;location_bytes=32,10736,68,measured,ok,unavailable,rustc,nightly-2021-05-06,Release,JerryZ
1787147280024861011,PPS-GC,sender_signaling,pps_gc_share_generation,sender,342,false,32,2,recipient_bits=16;location_bytes=32,9992,68,measured,ok,unavailable,rustc,nightly-2021-05-06,Release,JerryZ
1787147280026419277,PPS-GC,sender_signaling,pps_gc_sender_preparation,sender,342,false,32,2,recipient_bits=16;location_bytes=32,303,68,measured,ok,unavailable,rustc,nightly-2021-05-06,Release,JerryZ
1787147280027529475,PPS-GC,sender_signaling,message_encryption,sender,342,false,32,2,recipient_bits=16;location_bytes=32,-1,,not_applicable,not_applicable,unavailable,rustc,nightly-2021-05-06,Release,JerryZ
1787147280028804512,PPS-GC,sender_signaling,pps_gc_sender_total_signaling,sender,342,false,32,2,recipient_bits=16;location_bytes=32,21830,68,measured,ok,unavailable,rustc,nightly-2021-05-06,Release,JerryZ
1787147280030125763,PPS-GC,sender_signaling,pps_gc_share_generation,sender,343,false,32,2,recipient_bits=16;location_bytes=32,9515,68,measured,ok,unavailable,rustc,nightly-2021-05-06,Release,JerryZ
1787147280031232977,PPS-GC,sender_signaling,pps_gc_sender_preparation,sender,343,false,32,2,recipient_bits=16;location_bytes=32,147,68,measured,ok,unavailable,rustc,nightly-2021-05-06,Release,JerryZ
1787147280032503920,PPS-GC,sender_signaling,message_encryption,sender,343,false,32,2,recipient_bits=16;location_bytes=32,-1,,not_applicable,not_applicable,unavailable,rustc,nightly-2021-05-06,Release,JerryZ
1787147280034863965,PPS-GC,sender_signaling,pps_gc_sender_total_signaling,sender,343,false,32,2,recipient_bits=16;location_bytes=32,18624,68,measured,ok,unavailable,rustc,nightly-2021-05-06,Release,JerryZ
1787147280036571540,PPS-GC,sender_signaling,pps_gc_share_generation,sender,344,false,32,2,recipient_bits=16;location_bytes=32,21949,68,measured,ok,unavailable,rustc,nightly-2021-05-06,Release,JerryZ
1787147280038032292,PPS-GC,sender_signaling,pps_gc_sender_preparation,sender,344,false,32,2,recipient_bits=16;location_bytes=32,569,68,measured,ok,unavailable,rustc,nightly-2021-05-06,Release,JerryZ
1787147280039162869,PPS-GC,sender_signaling,message_encryption,sender,344,false,32,2,recipient_bits=16;location_bytes=32,-1,,not_applicable,not_applicable,unavailable,rustc,nightly-2021-05-06,Release,JerryZ
1787147280040321254,PPS-GC,sender_signaling,pps_gc_sender_total_signaling,sender,344,false,32,2,recipient_bits=16;location_bytes=32,9946,68,measured,ok,unavailable,rustc,nightly-2021-05-06,Release,JerryZ
1787147280041741322,PPS-GC,sender_signaling,pps_gc_share_generation,sender,345,false,32,2,recipient_bits=16;location_bytes=32,9578,68,measured,ok,unavailable,rustc,nightly-2021-05-06,Release,JerryZ
1787147280042849261,PPS-GC,sender_signaling,pps_gc_sender_preparation,sender,345,false,32,2,recipient_bits=16;location_bytes=32,137,68,measured,ok,unavailable,rustc,nightly-2021-05-06,Release,JerryZ
1787147280043970406,PPS-GC,sender_signaling,message_encryption,sender,345,false,32,2,recipient_bits=16;location_bytes=32,-1,,not_applicable,not_applicable,unavailable,rustc,nightly-2021-05-06,Release,JerryZ
1787147280045205393,PPS-GC,sender_signaling,pps_gc_sender_total_signaling,sender,345,false,32,2,recipient_bits=16;location_bytes=32,24226,68,measured,ok,unavailable,rustc,nightly-2021-05-06,Release,JerryZ
1787147280046789635,PPS-GC,sender_signaling,pps_gc_share_generation,sender,346,false,32,2,recipient_bits=16;location_bytes=32,9744,68,measured,ok,unavailable,rustc,nightly-2021-05-06,Release,JerryZ
1787147280048002429,PPS-GC,sender_signaling,pps_gc_sender_preparation,sender,346,false,32,2,recipient_bits=16;location_bytes=32,146,68,measured,ok,unavailable,rustc,nightly-2021-05-06,Release,JerryZ
1787147280049414498,PPS-GC,sender_signaling,message_encryption,sender,346,false,32,2,recipient_bits=16;location_bytes=32,-1,,not_applicable,not_applicable,unavailable,rustc,nightly-2021-05-06,Release,JerryZ
1787147280050978067,PPS-GC,sender_signaling,pps_gc_sender_total_signaling,sender,346,false,32,2,recipient_bits=16;location_bytes=32,13096,68,measured,ok,unavailable,rustc,nightly-2021-05-06,Release,JerryZ
1787147280052691010,PPS-GC,sender_signaling,pps_gc_share_generation,sender,347,false,32,2,recipient_bits=16;location_bytes=32,10001,68,measured,ok,unavailable,rustc,nightly-2021-05-06,Release,JerryZ
1787147280054059106,PPS-GC,sender_signaling,pps_gc_sender_preparation,sender,347,false,32,2,recipient_bits=16;location_bytes=32,615,68,measured,ok,unavailable,rustc,nightly-2021-05-06,Release,JerryZ
1787147280055697353,PPS-GC,sender_signaling,message_encryption,sender,347,false,32,2,recipient_bits=16;location_bytes=32,-1,,not_applicable,not_applicable,unavailable,rustc,nightly-2021-05-06,Release,JerryZ
1787147280057305468,PPS-GC,sender_signaling,pps_gc_sender_total_signaling,sender,347,false,32,2,recipient_bits=16;location_bytes=32,10699,68,measured,ok,unavailable,rustc,nightly-2021-05-06,Release,JerryZ
1787147280058456745,PPS-GC,sender_signaling,pps_gc_share_generation,sender,348,false,32,2,recipient_bits=16;location_bytes=32,9579,68,measured,ok,unavailable,rustc,nightly-2021-05-06,Release,JerryZ
1787147280059623910,PPS-GC,sender_signaling,pps_gc_sender_preparation,sender,348,false,32,2,recipient_bits=16;location_bytes=32,147,68,measured,ok,unavailable,rustc,nightly-2021-05-06,Release,JerryZ
1787147280060859967,PPS-GC,sender_signaling,message_encryption,sender,348,false,32,2,recipient_bits=16;location_bytes=32,-1,,not_applicable,not_applicable,unavailable,rustc,nightly-2021-05-06,Release,JerryZ
1787147280062148569,PPS-GC,sender_signaling,pps_gc_sender_total_signaling,sender,348,false,32,2,recipient_bits=16;location_bytes=32,10047,68,measured,ok,unavailable,rustc,nightly-2021-05-06,Release,JerryZ
1787147280063747308,PPS-GC,sender_signaling,pps_gc_share_generation,sender,349,false,32,2,recipient_bits=16;location_bytes=32,21775,68,measured,ok,unavailable,rustc,nightly-2021-05-06,Release,JerryZ
1787147280065918846,PPS-GC,sender_signaling,pps_gc_sender_preparation,sender,349,false,32,2,recipient_bits=16;location_bytes=32,1644,68,measured,ok,unavailable,rustc,nightly-2021-05-06,Release,JerryZ
1787147280067500709,PPS-GC,sender_signaling,message_encryption,sender,349,false,32,2,recipient_bits=16;location_bytes=32,-1,,not_applicable,not_applicable,unavailable,rustc,nightly-2021-05-06,Release,JerryZ
1787147280068660867,PPS-GC,sender_signaling,pps_gc_sender_total_signaling,sender,349,false,32,2,recipient_bits=16;location_bytes=32,11094,68,measured,ok,unavailable,rustc,nightly-2021-05-06,Release,JerryZ
1787147280069832964,PPS-GC,sender_signaling,pps_gc_share_generation,sender,350,false,32,2,recipient_bits=16;location_bytes=32,9542,68,measured,ok,unavailable,rustc,nightly-2021-05-06,Release,JerryZ
1787147280070965093,PPS-GC,sender_signaling,pps_gc_sender_preparation,sender,350,false,32,2,recipient_bits=16;location_bytes=32,147,68,measured,ok,unavailable,rustc,nightly-2021-05-06,Release,JerryZ
1787147280072466088,PPS-GC,sender_signaling,message_encryption,sender,350,false,32,2,recipient_bits=16;location_bytes=32,-1,,not_applicable,not_applicable,unavailable,rustc,nightly-2021-05-06,Release,JerryZ
1787147280073627467,PPS-GC,sender_signaling,pps_gc_sender_total_signaling,sender,350,false,32,2,recipient_bits=16;location_bytes=32,22776,68,measured,ok,unavailable,rustc,nightly-2021-05-06,Release,JerryZ
1787147280074810805,PPS-GC,sender_signaling,pps_gc_share_generation,sender,351,false,32,2,recipient_bits=16;location_bytes=32,9523,68,measured,ok,unavailable,rustc,nightly-2021-05-06,Release,JerryZ
1787147280075916826,PPS-GC,sender_signaling,pps_gc_sender_preparation,sender,351,false,32,2,recipient_bits=16;location_bytes=32,138,68,measured,ok,unavailable,rustc,nightly-2021-05-06,Release,JerryZ
1787147280077333524,PPS-GC,sender_signaling,message_encryption,sender,351,false,32,2,recipient_bits=16;location_bytes=32,-1,,not_applicable,not_applicable,unavailable,rustc,nightly-2021-05-06,Release,JerryZ
1787147280078674418,PPS-GC,sender_signaling,pps_gc_sender_total_signaling,sender,351,false,32,2,recipient_bits=16;location_bytes=32,22776,68,measured,ok,unavailable,rustc,nightly-2021-05-06,Release,JerryZ
1787147280080257025,PPS-GC,sender_signaling,pps_gc_share_generation,sender,352,false,32,2,recipient_bits=16;location_bytes=32,10644,68,measured,ok,unavailable,rustc,nightly-2021-05-06,Release,JerryZ
1787147280082334517,PPS-GC,sender_signaling,pps_gc_sender_preparation,sender,352,false,32,2,recipient_bits=16;location_bytes=32,239,68,measured,ok,unavailable,rustc,nightly-2021-05-06,Release,JerryZ
1787147280083513043,PPS-GC,sender_signaling,message_encryption,sender,352,false,32,2,recipient_bits=16;location_bytes=32,-1,,not_applicable,not_applicable,unavailable,rustc,nightly-2021-05-06,Release,JerryZ
1787147280084714835,PPS-GC,sender_signaling,pps_gc_sender_total_signaling,sender,352,false,32,2,recipient_bits=16;location_bytes=32,20626,68,measured,ok,unavailable,rustc,nightly-2021-05-06,Release,JerryZ
1787147280086024863,PPS-GC,sender_signaling,pps_gc_share_generation,sender,353,false,32,2,recipient_bits=16;location_bytes=32,10010,68,measured,ok,unavailable,rustc,nightly-2021-05-06,Release,JerryZ
1787147280087231284,PPS-GC,sender_signaling,pps_gc_sender_preparation,sender,353,false,32,2,recipient_bits=16;location_bytes=32,147,68,measured,ok,unavailable,rustc,nightly-2021-05-06,Release,JerryZ
1787147280088398890,PPS-GC,sender_signaling,message_encryption,sender,353,false,32,2,recipient_bits=16;location_bytes=32,-1,,not_applicable,not_applicable,unavailable,rustc,nightly-2021-05-06,Release,JerryZ
1787147280089855046,PPS-GC,sender_signaling,pps_gc_sender_total_signaling,sender,353,false,32,2,recipient_bits=16;location_bytes=32,10341,68,measured,ok,unavailable,rustc,nightly-2021-05-06,Release,JerryZ
1787147280091079917,PPS-GC,sender_signaling,pps_gc_share_generation,sender,354,false,32,2,recipient_bits=16;location_bytes=32,19818,68,measured,ok,unavailable,rustc,nightly-2021-05-06,Release,JerryZ
1787147280092303268,PPS-GC,sender_signaling,pps_gc_sender_preparation,sender,354,false,32,2,recipient_bits=16;location_bytes=32,267,68,measured,ok,unavailable,rustc,nightly-2021-05-06,Release,JerryZ
1787147280093890040,PPS-GC,sender_signaling,message_encryption,sender,354,false,32,2,recipient_bits=16;location_bytes=32,-1,,not_applicable,not_applicable,unavailable,rustc,nightly-2021-05-06,Release,JerryZ
1787147280095481605,PPS-GC,sender_signaling,pps_gc_sender_total_signaling,sender,354,false,32,2,recipient_bits=16;location_bytes=32,12536,68,measured,ok,unavailable,rustc,nightly-2021-05-06,Release,JerryZ
1787147280097395389,PPS-GC,sender_signaling,pps_gc_share_generation,sender,355,false,32,2,recipient_bits=16;location_bytes=32,20535,68,measured,ok,unavailable,rustc,nightly-2021-05-06,Release,JerryZ
1787147280098904772,PPS-GC,sender_signaling,pps_gc_sender_preparation,sender,355,false,32,2,recipient_bits=16;location_bytes=32,303,68,measured,ok,unavailable,rustc,nightly-2021-05-06,Release,JerryZ
1787147280100305265,PPS-GC,sender_signaling,message_encryption,sender,355,false,32,2,recipient_bits=16;location_bytes=32,-1,,not_applicable,not_applicable,unavailable,rustc,nightly-2021-05-06,Release,JerryZ
1787147280101825688,PPS-GC,sender_signaling,pps_gc_sender_total_signaling,sender,355,false,32,2,recipient_bits=16;location_bytes=32,10432,68,measured,ok,unavailable,rustc,nightly-2021-05-06,Release,JerryZ
1787147280103295725,PPS-GC,sender_signaling,pps_gc_share_generation,sender,356,false,32,2,recipient_bits=16;location_bytes=32,9579,68,measured,ok,unavailable,rustc,nightly-2021-05-06,Release,JerryZ
1787147280104657908,PPS-GC,sender_signaling,pps_gc_sender_preparation,sender,356,false,32,2,recipient_bits=16;location_bytes=32,147,68,measured,ok,unavailable,rustc,nightly-2021-05-06,Release,JerryZ
1787147280105832851,PPS-GC,sender_signaling,message_encryption,sender,356,false,32,2,recipient_bits=16;location_bytes=32,-1,,not_applicable,not_applicable,unavailable,rustc,nightly-2021-05-06,Release,JerryZ
1787147280106964696,PPS-GC,sender_signaling,pps_gc_sender_total_signaling,sender,356,false,32,2,recipient_bits=16;location_bytes=32,9790,68,measured,ok,unavailable,rustc,nightly-2021-05-06,Release,JerryZ
1787147280108276312,PPS-GC,sender_signaling,pps_gc_share_generation,sender,357,false,32,2,recipient_bits=16;location_bytes=32,24318,68,measured,ok,unavailable,rustc,nightly-2021-05-06,Release,JerryZ
1787147280109870688,PPS-GC,sender_signaling,pps_gc_sender_preparation,sender,357,false,32,2,recipient_bits=16;location_bytes=32,303,68,measured,ok,unavailable,rustc,nightly-2021-05-06,Release,JerryZ
1787147280111588246,PPS-GC,sender_signaling,message_encryption,sender,357,false,32,2,recipient_bits=16;location_bytes=32,-1,,not_applicable,not_applicable,unavailable,rustc,nightly-2021-05-06,Release,JerryZ
1787147280112789276,PPS-GC,sender_signaling,pps_gc_sender_total_signaling,sender,357,false,32,2,recipient_bits=16;location_bytes=32,11030,68,measured,ok,unavailable,rustc,nightly-2021-05-06,Release,JerryZ
1787147280114001611,PPS-GC,sender_signaling,pps_gc_share_generation,sender,358,false,32,2,recipient_bits=16;location_bytes=32,9523,68,measured,ok,unavailable,rustc,nightly-2021-05-06,Release,JerryZ
1787147280115110496,PPS-GC,sender_signaling,pps_gc_sender_preparation,sender,358,false,32,2,recipient_bits=16;location_bytes=32,138,68,measured,ok,unavailable,rustc,nightly-2021-05-06,Release,JerryZ
1787147280116775509,PPS-GC,sender_signaling,message_encryption,sender,358,false,32,2,recipient_bits=16;location_bytes=32,-1,,not_applicable,not_applicable,unavailable,rustc,nightly-2021-05-06,Release,JerryZ
1787147280118018390,PPS-GC,sender_signaling,pps_gc_sender_total_signaling,sender,358,false,32,2,recipient_bits=16;location_bytes=32,10167,68,measured,ok,unavailable,rustc,nightly-2021-05-06,Release,JerryZ
1787147280119182102,PPS-GC,sender_signaling,pps_gc_share_generation,sender,359,false,32,2,recipient_bits=16;location_bytes=32,9597,68,measured,ok,unavailable,rustc,nightly-2021-05-06,Release,JerryZ
1787147280120367024,PPS-GC,sender_signaling,pps_gc_sender_preparation,sender,359,false,32,2,recipient_bits=16;location_bytes=32,138,68,measured,ok,unavailable,rustc,nightly-2021-05-06,Release,JerryZ
1787147280121774028,PPS-GC,sender_signaling,message_encryption,sender,359,false,32,2,recipient_bits=16;location_bytes=32,-1,,not_applicable,not_applicable,unavailable,rustc,nightly-2021-05-06,Release,JerryZ
1787147280122917834,PPS-GC,sender_signaling,pps_gc_sender_total_signaling,sender,359,false,32,2,recipient_bits=16;location_bytes=32,10258,68,measured,ok,unavailable,rustc,nightly-2021-05-06,Release,JerryZ
1787147280124386871,PPS-GC,sender_signaling,pps_gc_share_generation,sender,360,false,32,2,recipient_bits=16;location_bytes=32,9974,68,measured,ok,unavailable,rustc,nightly-2021-05-06,Release,JerryZ
1787147280125869669,PPS-GC,sender_signaling,pps_gc_sender_preparation,sender,360,false,32,2,recipient_bits=16;location_bytes=32,404,68,measured,ok,unavailable,rustc,nightly-2021-05-06,Release,JerryZ
1787147280128065829,PPS-GC,sender_signaling,message_encryption,sender,360,false,32,2,recipient_bits=16;location_bytes=32,-1,,not_applicable,not_applicable,unavailable,rustc,nightly-2021-05-06,Release,JerryZ
1787147280129305532,PPS-GC,sender_signaling,pps_gc_sender_total_signaling,sender,360,false,32,2,recipient_bits=16;location_bytes=32,12536,68,measured,ok,unavailable,rustc,nightly-2021-05-06,Release,JerryZ
1787147280130427591,PPS-GC,sender_signaling,pps_gc_share_generation,sender,361,false,32,2,recipient_bits=16;location_bytes=32,9487,68,measured,ok,unavailable,rustc,nightly-2021-05-06,Release,JerryZ
1787147280131571255,PPS-GC,sender_signaling,pps_gc_sender_preparation,sender,361,false,32,2,recipient_bits=16;location_bytes=32,147,68,measured,ok,unavailable,rustc,nightly-2021-05-06,Release,JerryZ
1787147280133236750,PPS-GC,sender_signaling,message_encryption,sender,361,false,32,2,recipient_bits=16;location_bytes=32,-1,,not_applicable,not_applicable,unavailable,rustc,nightly-2021-05-06,Release,JerryZ
1787147280134509125,PPS-GC,sender_signaling,pps_gc_sender_total_signaling,sender,361,false,32,2,recipient_bits=16;location_bytes=32,10221,68,measured,ok,unavailable,rustc,nightly-2021-05-06,Release,JerryZ
1787147280135653964,PPS-GC,sender_signaling,pps_gc_share_generation,sender,362,false,32,2,recipient_bits=16;location_bytes=32,9891,68,measured,ok,unavailable,rustc,nightly-2021-05-06,Release,JerryZ
1787147280137108884,PPS-GC,sender_signaling,pps_gc_sender_preparation,sender,362,false,32,2,recipient_bits=16;location_bytes=32,147,68,measured,ok,unavailable,rustc,nightly-2021-05-06,Release,JerryZ
1787147280138364223,PPS-GC,sender_signaling,message_encryption,sender,362,false,32,2,recipient_bits=16;location_bytes=32,-1,,not_applicable,not_applicable,unavailable,rustc,nightly-2021-05-06,Release,JerryZ
1787147280139554444,PPS-GC,sender_signaling,pps_gc_sender_total_signaling,sender,362,false,32,2,recipient_bits=16;location_bytes=32,11131,68,measured,ok,unavailable,rustc,nightly-2021-05-06,Release,JerryZ
1787147280140786520,PPS-GC,sender_signaling,pps_gc_share_generation,sender,363,false,32,2,recipient_bits=16;location_bytes=32,9863,68,measured,ok,unavailable,rustc,nightly-2021-05-06,Release,JerryZ
1787147280142162482,PPS-GC,sender_signaling,pps_gc_sender_preparation,sender,363,false,32,2,recipient_bits=16;location_bytes=32,294,68,measured,ok,unavailable,rustc,nightly-2021-05-06,Release,JerryZ
1787147280143488173,PPS-GC,sender_signaling,message_encryption,sender,363,false,32,2,recipient_bits=16;location_bytes=32,-1,,not_applicable,not_applicable,unavailable,rustc,nightly-2021-05-06,Release,JerryZ
1787147280144851563,PPS-GC,sender_signaling,pps_gc_sender_total_signaling,sender,363,false,32,2,recipient_bits=16;location_bytes=32,10148,68,measured,ok,unavailable,rustc,nightly-2021-05-06,Release,JerryZ
1787147280146050219,PPS-GC,sender_signaling,pps_gc_share_generation,sender,364,false,32,2,recipient_bits=16;location_bytes=32,9506,68,measured,ok,unavailable,rustc,nightly-2021-05-06,Release,JerryZ
1787147280147450772,PPS-GC,sender_signaling,pps_gc_sender_preparation,sender,364,false,32,2,recipient_bits=16;location_bytes=32,147,68,measured,ok,unavailable,rustc,nightly-2021-05-06,Release,JerryZ
1787147280148593444,PPS-GC,sender_signaling,message_encryption,sender,364,false,32,2,recipient_bits=16;location_bytes=32,-1,,not_applicable,not_applicable,unavailable,rustc,nightly-2021-05-06,Release,JerryZ
1787147280149735491,PPS-GC,sender_signaling,pps_gc_sender_total_signaling,sender,364,false,32,2,recipient_bits=16;location_bytes=32,10194,68,measured,ok,unavailable,rustc,nightly-2021-05-06,Release,JerryZ
1787147280151119292,PPS-GC,sender_signaling,pps_gc_share_generation,sender,365,false,32,2,recipient_bits=16;location_bytes=32,9532,68,measured,ok,unavailable,rustc,nightly-2021-05-06,Release,JerryZ
1787147280152316883,PPS-GC,sender_signaling,pps_gc_sender_preparation,sender,365,false,32,2,recipient_bits=16;location_bytes=32,137,68,measured,ok,unavailable,rustc,nightly-2021-05-06,Release,JerryZ
1787147280153638469,PPS-GC,sender_signaling,message_encryption,sender,365,false,32,2,recipient_bits=16;location_bytes=32,-1,,not_applicable,not_applicable,unavailable,rustc,nightly-2021-05-06,Release,JerryZ
1787147280155273340,PPS-GC,sender_signaling,pps_gc_sender_total_signaling,sender,365,false,32,2,recipient_bits=16;location_bytes=32,15447,68,measured,ok,unavailable,rustc,nightly-2021-05-06,Release,JerryZ
1787147280157468353,PPS-GC,sender_signaling,pps_gc_share_generation,sender,366,false,32,2,recipient_bits=16;location_bytes=32,9983,68,measured,ok,unavailable,rustc,nightly-2021-05-06,Release,JerryZ
1787147280159166390,PPS-GC,sender_signaling,pps_gc_sender_preparation,sender,366,false,32,2,recipient_bits=16;location_bytes=32,303,68,measured,ok,unavailable,rustc,nightly-2021-05-06,Release,JerryZ
1787147280160401713,PPS-GC,sender_signaling,message_encryption,sender,366,false,32,2,recipient_bits=16;location_bytes=32,-1,,not_applicable,not_applicable,unavailable,rustc,nightly-2021-05-06,Release,JerryZ
1787147280161534283,PPS-GC,sender_signaling,pps_gc_sender_total_signaling,sender,366,false,32,2,recipient_bits=16;location_bytes=32,10277,68,measured,ok,unavailable,rustc,nightly-2021-05-06,Release,JerryZ
1787147280163319442,PPS-GC,sender_signaling,pps_gc_share_generation,sender,367,false,32,2,recipient_bits=16;location_bytes=32,22564,68,measured,ok,unavailable,rustc,nightly-2021-05-06,Release,JerryZ
1787147280164708680,PPS-GC,sender_signaling,pps_gc_sender_preparation,sender,367,false,32,2,recipient_bits=16;location_bytes=32,642,68,measured,ok,unavailable,rustc,nightly-2021-05-06,Release,JerryZ
1787147280165945532,PPS-GC,sender_signaling,message_encryption,sender,367,false,32,2,recipient_bits=16;location_bytes=32,-1,,not_applicable,not_applicable,unavailable,rustc,nightly-2021-05-06,Release,JerryZ
1787147280167346773,PPS-GC,sender_signaling,pps_gc_sender_total_signaling,sender,367,false,32,2,recipient_bits=16;location_bytes=32,10405,68,measured,ok,unavailable,rustc,nightly-2021-05-06,Release,JerryZ
1787147280168463658,PPS-GC,sender_signaling,pps_gc_share_generation,sender,368,false,32,2,recipient_bits=16;location_bytes=32,9459,68,measured,ok,unavailable,rustc,nightly-2021-05-06,Release,JerryZ
1787147280169744216,PPS-GC,sender_signaling,pps_gc_sender_preparation,sender,368,false,32,2,recipient_bits=16;location_bytes=32,147,68,measured,ok,unavailable,rustc,nightly-2021-05-06,Release,JerryZ
1787147280171367658,PPS-GC,sender_signaling,message_encryption,sender,368,false,32,2,recipient_bits=16;location_bytes=32,-1,,not_applicable,not_applicable,unavailable,rustc,nightly-2021-05-06,Release,JerryZ
1787147280172838544,PPS-GC,sender_signaling,pps_gc_sender_total_signaling,sender,368,false,32,2,recipient_bits=16;location_bytes=32,11352,68,measured,ok,unavailable,rustc,nightly-2021-05-06,Release,JerryZ
1787147280174085906,PPS-GC,sender_signaling,pps_gc_share_generation,sender,369,false,32,2,recipient_bits=16;location_bytes=32,9625,68,measured,ok,unavailable,rustc,nightly-2021-05-06,Release,JerryZ
1787147280175535757,PPS-GC,sender_signaling,pps_gc_sender_preparation,sender,369,false,32,2,recipient_bits=16;location_bytes=32,138,68,measured,ok,unavailable,rustc,nightly-2021-05-06,Release,JerryZ
1787147280176641676,PPS-GC,sender_signaling,message_encryption,sender,369,false,32,2,recipient_bits=16;location_bytes=32,-1,,not_applicable,not_applicable,unavailable,rustc,nightly-2021-05-06,Release,JerryZ
1787147280178176908,PPS-GC,sender_signaling,pps_gc_sender_total_signaling,sender,369,false,32,2,recipient_bits=16;location_bytes=32,22151,68,measured,ok,unavailable,rustc,nightly-2021-05-06,Release,JerryZ
1787147280179344436,PPS-GC,sender_signaling,pps_gc_share_generation,sender,370,false,32,2,recipient_bits=16;location_bytes=32,9634,68,measured,ok,unavailable,rustc,nightly-2021-05-06,Release,JerryZ
1787147280180510421,PPS-GC,sender_signaling,pps_gc_sender_preparation,sender,370,false,32,2,recipient_bits=16;location_bytes=32,147,68,measured,ok,unavailable,rustc,nightly-2021-05-06,Release,JerryZ
1787147280182108608,PPS-GC,sender_signaling,message_encryption,sender,370,false,32,2,recipient_bits=16;location_bytes=32,-1,,not_applicable,not_applicable,unavailable,rustc,nightly-2021-05-06,Release,JerryZ
1787147280183291064,PPS-GC,sender_signaling,pps_gc_sender_total_signaling,sender,370,false,32,2,recipient_bits=16;location_bytes=32,10010,68,measured,ok,unavailable,rustc,nightly-2021-05-06,Release,JerryZ
1787147280184507831,PPS-GC,sender_signaling,pps_gc_share_generation,sender,371,false,32,2,recipient_bits=16;location_bytes=32,21499,68,measured,ok,unavailable,rustc,nightly-2021-05-06,Release,JerryZ
1787147280186162773,PPS-GC,sender_signaling,pps_gc_sender_preparation,sender,371,false,32,2,recipient_bits=16;location_bytes=32,276,68,measured,ok,unavailable,rustc,nightly-2021-05-06,Release,JerryZ
1787147280188331015,PPS-GC,sender_signaling,message_encryption,sender,371,false,32,2,recipient_bits=16;location_bytes=32,-1,,not_applicable,not_applicable,unavailable,rustc,nightly-2021-05-06,Release,JerryZ
1787147280189916088,PPS-GC,sender_signaling,pps_gc_sender_total_signaling,sender,371,false,32,2,recipient_bits=16;location_bytes=32,10828,68,measured,ok,unavailable,rustc,nightly-2021-05-06,Release,JerryZ
1787147280191174558,PPS-GC,sender_signaling,pps_gc_share_generation,sender,372,false,32,2,recipient_bits=16;location_bytes=32,9827,68,measured,ok,unavailable,rustc,nightly-2021-05-06,Release,JerryZ
1787147280192751884,PPS-GC,sender_signaling,pps_gc_sender_preparation,sender,372,false,32,2,recipient_bits=16;location_bytes=32,220,68,measured,ok,unavailable,rustc,nightly-2021-05-06,Release,JerryZ
1787147280194076675,PPS-GC,sender_signaling,message_encryption,sender,372,false,32,2,recipient_bits=16;location_bytes=32,-1,,not_applicable,not_applicable,unavailable,rustc,nightly-2021-05-06,Release,JerryZ
1787147280195292381,PPS-GC,sender_signaling,pps_gc_sender_total_signaling,sender,372,false,32,2,recipient_bits=16;location_bytes=32,10405,68,measured,ok,unavailable,rustc,nightly-2021-05-06,Release,JerryZ
1787147280196441114,PPS-GC,sender_signaling,pps_gc_share_generation,sender,373,false,32,2,recipient_bits=16;location_bytes=32,21224,68,measured,ok,unavailable,rustc,nightly-2021-05-06,Release,JerryZ
1787147280197713594,PPS-GC,sender_signaling,pps_gc_sender_preparation,sender,373,false,32,2,recipient_bits=16;location_bytes=32,294,68,measured,ok,unavailable,rustc,nightly-2021-05-06,Release,JerryZ
1787147280198910671,PPS-GC,sender_signaling,message_encryption,sender,373,false,32,2,recipient_bits=16;location_bytes=32,-1,,not_applicable,not_applicable,unavailable,rustc,nightly-2021-05-06,Release,JerryZ
1787147280200482629,PPS-GC,sender_signaling,pps_gc_sender_total_signaling,sender,373,false,32,2,recipient_bits=16;location_bytes=32,10782,68,measured,ok,unavailable,rustc,nightly-2021-05-06,Release,JerryZ
1787147280201950149,PPS-GC,sender_signaling,pps_gc_share_generation,sender,374,false,32,2,recipient_bits=16;location_bytes=32,10010,68,measured,ok,unavailable,rustc,nightly-2021-05-06,Release,JerryZ
1787147280203347923,PPS-GC,sender_signaling,pps_gc_sender_preparation,sender,374,false,32,2,recipient_bits=16;location_bytes=32,358,68,measured,ok,unavailable,rustc,nightly-2021-05-06,Release,JerryZ
1787147280204467677,PPS-GC,sender_signaling,message_encryption,sender,374,false,32,2,recipient_bits=16;location_bytes=32,-1,,not_applicable,not_applicable,unavailable,rustc,nightly-2021-05-06,Release,JerryZ
1787147280205628992,PPS-GC,sender_signaling,pps_gc_sender_total_signaling,sender,374,false,32,2,recipient_bits=16;location_bytes=32,29094,68,measured,ok,unavailable,rustc,nightly-2021-05-06,Release,JerryZ
1787147280206966369,PPS-GC,sender_signaling,pps_gc_share_generation,sender,375,false,32,2,recipient_bits=16;location_bytes=32,9505,68,measured,ok,unavailable,rustc,nightly-2021-05-06,Release,JerryZ
1787147280208213745,PPS-GC,sender_signaling,pps_gc_sender_preparation,sender,375,false,32,2,recipient_bits=16;location_bytes=32,138,68,measured,ok,unavailable,rustc,nightly-2021-05-06,Release,JerryZ
1787147280209641087,PPS-GC,sender_signaling,message_encryption,sender,375,false,32,2,recipient_bits=16;location_bytes=32,-1,,not_applicable,not_applicable,unavailable,rustc,nightly-2021-05-06,Release,JerryZ
1787147280210763049,PPS-GC,sender_signaling,pps_gc_sender_total_signaling,sender,375,false,32,2,recipient_bits=16;location_bytes=32,10231,68,measured,ok,unavailable,rustc,nightly-2021-05-06,Release,JerryZ
1787147280212216436,PPS-GC,sender_signaling,pps_gc_share_generation,sender,376,false,32,2,recipient_bits=16;location_bytes=32,9514,68,measured,ok,unavailable,rustc,nightly-2021-05-06,Release,JerryZ
1787147280213408388,PPS-GC,sender_signaling,pps_gc_sender_preparation,sender,376,false,32,2,recipient_bits=16;location_bytes=32,147,68,measured,ok,unavailable,rustc,nightly-2021-05-06,Release,JerryZ
1787147280214554977,PPS-GC,sender_signaling,message_encryption,sender,376,false,32,2,recipient_bits=16;location_bytes=32,-1,,not_applicable,not_applicable,unavailable,rustc,nightly-2021-05-06,Release,JerryZ
1787147280215907384,PPS-GC,sender_signaling,pps_gc_sender_total_signaling,sender,376,false,32,2,recipient_bits=16;location_bytes=32,25586,68,measured,ok,unavailable,rustc,nightly-2021-05-06,Release,JerryZ
1787147280218412446,PPS-GC,sender_signaling,pps_gc_share_generation,sender,377,false,32,2,recipient_bits=16;location_bytes=32,12591,68,measured,ok,unavailable,rustc,nightly-2021-05-06,Release,JerryZ
1787147280220107885,PPS-GC,sender_signaling,pps_gc_sender_preparation,sender,377,false,32,2,recipient_bits=16;location_bytes=32,147,68,measured,ok,unavailable,rustc,nightly-2021-05-06,Release,JerryZ
1787147280221685270,PPS-GC,sender_signaling,message_encryption,sender,377,false,32,2,recipient_bits=16;location_bytes=32,-1,,not_applicable,not_applicable,unavailable,rustc,nightly-2021-05-06,Release,JerryZ
1787147280223093514,PPS-GC,sender_signaling,pps_gc_sender_total_signaling,sender,377,false,32,2,recipient_bits=16;location_bytes=32,10415,68,measured,ok,unavailable,rustc,nightly-2021-05-06,Release,JerryZ
1787147280224368258,PPS-GC,sender_signaling,pps_gc_share_generation,sender,378,false,32,2,recipient_bits=16;location_bytes=32,14097,68,measured,ok,unavailable,rustc,nightly-2021-05-06,Release,JerryZ
1787147280225598676,PPS-GC,sender_signaling,pps_gc_sender_preparation,sender,378,false,32,2,recipient_bits=16;location_bytes=32,147,68,measured,ok,unavailable,rustc,nightly-2021-05-06,Release,JerryZ
1787147280226899943,PPS-GC,sender_signaling,message_encryption,sender,378,false,32,2,recipient_bits=16;location_bytes=32,-1,,not_applicable,not_applicable,unavailable,rustc,nightly-2021-05-06,Release,JerryZ
1787147280228174471,PPS-GC,sender_signaling,pps_gc_sender_total_signaling,sender,378,false,32,2,recipient_bits=16;location_bytes=32,10497,68,measured,ok,unavailable,rustc,nightly-2021-05-06,Release,JerryZ
1787147280229426067,PPS-GC,sender_signaling,pps_gc_share_generation,sender,379,false,32,2,recipient_bits=16;location_bytes=32,9661,68,measured,ok,unavailable,rustc,nightly-2021-05-06,Release,JerryZ
1787147280231043227,PPS-GC,sender_signaling,pps_gc_sender_preparation,sender,379,false,32,2,recipient_bits=16;location_bytes=32,330,68,measured,ok,unavailable,rustc,nightly-2021-05-06,Release,JerryZ
1787147280232493606,PPS-GC,sender_signaling,message_encryption,sender,379,false,32,2,recipient_bits=16;location_bytes=32,-1,,not_applicable,not_applicable,unavailable,rustc,nightly-2021-05-06,Release,JerryZ
1787147280233915672,PPS-GC,sender_signaling,pps_gc_sender_total_signaling,sender,379,false,32,2,recipient_bits=16;location_bytes=32,10570,68,measured,ok,unavailable,rustc,nightly-2021-05-06,Release,JerryZ
1787147280235059767,PPS-GC,sender_signaling,pps_gc_share_generation,sender,380,false,32,2,recipient_bits=16;location_bytes=32,9597,68,measured,ok,unavailable,rustc,nightly-2021-05-06,Release,JerryZ
1787147280236166218,PPS-GC,sender_signaling,pps_gc_sender_preparation,sender,380,false,32,2,recipient_bits=16;location_bytes=32,147,68,measured,ok,unavailable,rustc,nightly-2021-05-06,Release,JerryZ
1787147280237557945,PPS-GC,sender_signaling,message_encryption,sender,380,false,32,2,recipient_bits=16;location_bytes=32,-1,,not_applicable,not_applicable,unavailable,rustc,nightly-2021-05-06,Release,JerryZ
1787147280238779983,PPS-GC,sender_signaling,pps_gc_sender_total_signaling,sender,380,false,32,2,recipient_bits=16;location_bytes=32,10176,68,measured,ok,unavailable,rustc,nightly-2021-05-06,Release,JerryZ
1787147280239975012,PPS-GC,sender_signaling,pps_gc_share_generation,sender,381,false,32,2,recipient_bits=16;location_bytes=32,9560,68,measured,ok,unavailable,rustc,nightly-2021-05-06,Release,JerryZ
1787147280241104661,PPS-GC,sender_signaling,pps_gc_sender_preparation,sender,381,false,32,2,recipient_bits=16;location_bytes=32,138,68,measured,ok,unavailable,rustc,nightly-2021-05-06,Release,JerryZ
1787147280242632556,PPS-GC,sender_signaling,message_encryption,sender,381,false,32,2,recipient_bits=16;location_bytes=32,-1,,not_applicable,not_applicable,unavailable,rustc,nightly-2021-05-06,Release,JerryZ
1787147280243796084,PPS-GC,sender_signaling,pps_gc_sender_total_signaling,sender,381,false,32,2,recipient_bits=16;location_bytes=32,9771,68,measured,ok,unavailable,rustc,nightly-2021-05-06,Release,JerryZ
1787147280244936276,PPS-GC,sender_signaling,pps_gc_share_generation,sender,382,false,32,2,recipient_bits=16;location_bytes=32,9634,68,measured,ok,unavailable,rustc,nightly-2021-05-06,Release,JerryZ
1787147280246208426,PPS-GC,sender_signaling,pps_gc_sender_preparation,sender,382,false,32,2,recipient_bits=16;location_bytes=32,138,68,measured,ok,unavailable,rustc,nightly-2021-05-06,Release,JerryZ
1787147280248150173,PPS-GC,sender_signaling,message_encryption,sender,382,false,32,2,recipient_bits=16;location_bytes=32,-1,,not_applicable,not_applicable,unavailable,rustc,nightly-2021-05-06,Release,JerryZ
1787147280249815842,PPS-GC,sender_signaling,pps_gc_sender_total_signaling,sender,382,false,32,2,recipient_bits=16;location_bytes=32,11975,68,measured,ok,unavailable,rustc,nightly-2021-05-06,Release,JerryZ
1787147280251586666,PPS-GC,sender_signaling,pps_gc_share_generation,sender,383,false,32,2,recipient_bits=16;location_bytes=32,10184,68,measured,ok,unavailable,rustc,nightly-2021-05-06,Release,JerryZ
1787147280253113807,PPS-GC,sender_signaling,pps_gc_sender_preparation,sender,383,false,32,2,recipient_bits=16;location_bytes=32,331,68,measured,ok,unavailable,rustc,nightly-2021-05-06,Release,JerryZ
1787147280254303380,PPS-GC,sender_signaling,message_encryption,sender,383,false,32,2,recipient_bits=16;location_bytes=32,-1,,not_applicable,not_applicable,unavailable,rustc,nightly-2021-05-06,Release,JerryZ
1787147280255432773,PPS-GC,sender_signaling,pps_gc_sender_total_signaling,sender,383,false,32,2,recipient_bits=16;location_bytes=32,10056,68,measured,ok,unavailable,rustc,nightly-2021-05-06,Release,JerryZ
1787147280256639322,PPS-GC,sender_signaling,pps_gc_share_generation,sender,384,false,32,2,recipient_bits=16;location_bytes=32,21242,68,measured,ok,unavailable,rustc,nightly-2021-05-06,Release,JerryZ
1787147280257894349,PPS-GC,sender_signaling,pps_gc_sender_preparation,sender,384,false,32,2,recipient_bits=16;location_bytes=32,285,68,measured,ok,unavailable,rustc,nightly-2021-05-06,Release,JerryZ
1787147280259074234,PPS-GC,sender_signaling,message_encryption,sender,384,false,32,2,recipient_bits=16;location_bytes=32,-1,,not_applicable,not_applicable,unavailable,rustc,nightly-2021-05-06,Release,JerryZ
1787147280260817856,PPS-GC,sender_signaling,pps_gc_sender_total_signaling,sender,384,false,32,2,recipient_bits=16;location_bytes=32,14326,68,measured,ok,unavailable,rustc,nightly-2021-05-06,Release,JerryZ
1787147280263464513,PPS-GC,sender_signaling,pps_gc_share_generation,sender,385,false,32,2,recipient_bits=16;location_bytes=32,11177,68,measured,ok,unavailable,rustc,nightly-2021-05-06,Release,JerryZ
1787147280265340803,PPS-GC,sender_signaling,pps_gc_sender_preparation,sender,385,false,32,2,recipient_bits=16;location_bytes=32,735,68,measured,ok,unavailable,rustc,nightly-2021-05-06,Release,JerryZ
1787147280266871374,PPS-GC,sender_signaling,message_encryption,sender,385,false,32,2,recipient_bits=16;location_bytes=32,-1,,not_applicable,not_applicable,unavailable,rustc,nightly-2021-05-06,Release,JerryZ
1787147280268472449,PPS-GC,sender_signaling,pps_gc_sender_total_signaling,sender,385,false,32,2,recipient_bits=16;location_bytes=32,11433,68,measured,ok,unavailable,rustc,nightly-2021-05-06,Release,JerryZ
1787147280270516040,PPS-GC,sender_signaling,pps_gc_share_generation,sender,386,false,32,2,recipient_bits=16;location_bytes=32,11158,68,measured,ok,unavailable,rustc,nightly-2021-05-06,Release,JerryZ
1787147280271976351,PPS-GC,sender_signaling,pps_gc_sender_preparation,sender,386,false,32,2,recipient_bits=16;location_bytes=32,909,68,measured,ok,unavailable,rustc,nightly-2021-05-06,Release,JerryZ
1787147280273404767,PPS-GC,sender_signaling,message_encryption,sender,386,false,32,2,recipient_bits=16;location_bytes=32,-1,,not_applicable,not_applicable,unavailable,rustc,nightly-2021-05-06,Release,JerryZ
1787147280274784844,PPS-GC,sender_signaling,pps_gc_sender_total_signaling,sender,386,false,32,2,recipient_bits=16;location_bytes=32,11140,68,measured,ok,unavailable,rustc,nightly-2021-05-06,Release,JerryZ
1787147280276400209,PPS-GC,sender_signaling,pps_gc_share_generation,sender,387,false,32,2,recipient_bits=16;location_bytes=32,20746,68,measured,ok,unavailable,rustc,nightly-2021-05-06,Release,JerryZ
1787147280277909442,PPS-GC,sender_signaling,pps_gc_sender_preparation,sender,387,false,32,2,recipient_bits=16;location_bytes=32,588,68,measured,ok,unavailable,rustc,nightly-2021-05-06,Release,JerryZ
1787147280279750769,PPS-GC,sender_signaling,message_encryption,sender,387,false,32,2,recipient_bits=16;location_bytes=32,-1,,not_applicable,not_applicable,unavailable,rustc,nightly-2021-05-06,Release,JerryZ
1787147280281653986,PPS-GC,sender_signaling,pps_gc_sender_total_signaling,sender,387,false,32,2,recipient_bits=16;location_bytes=32,11489,68,measured,ok,unavailable,rustc,nightly-2021-05-06,Release,JerryZ
1787147280282951019,PPS-GC,sender_signaling,pps_gc_share_generation,sender,388,false,32,2,recipient_bits=16;location_bytes=32,9891,68,measured,ok,unavailable,rustc,nightly-2021-05-06,Release,JerryZ
1787147280284194776,PPS-GC,sender_signaling,pps_gc_sender_preparation,sender,388,false,32,2,recipient_bits=16;location_bytes=32,395,68,measured,ok,unavailable,rustc,nightly-2021-05-06,Release,JerryZ
1787147280285404968,PPS-GC,sender_signaling,message_encryption,sender,388,false,32,2,recipient_bits=16;location_bytes=32,-1,,not_applicable,not_applicable,unavailable,rustc,nightly-2021-05-06,Release,JerryZ
1787147280286579498,PPS-GC,sender_signaling,pps_gc_sender_total_signaling,sender,388,false,32,2,recipient_bits=16;location_bytes=32,10112,68,measured,ok,unavailable,rustc,nightly-2021-05-06,Release,JerryZ
1787147280287775932,PPS-GC,sender_signaling,pps_gc_share_generation,sender,389,false,32,2,recipient_bits=16;location_bytes=32,9661,68,measured,ok,unavailable,rustc,nightly-2021-05-06,Release,JerryZ
1787147280289295239,PPS-GC,sender_signaling,pps_gc_sender_preparation,sender,389,false,32,2,recipient_bits=16;location_bytes=32,138,68,measured,ok,unavailable,rustc,nightly-2021-05-06,Release,JerryZ
1787147280290539351,PPS-GC,sender_signaling,message_encryption,sender,389,false,32,2,recipient_bits=16;location_bytes=32,-1,,not_applicable,not_applicable,unavailable,rustc,nightly-2021-05-06,Release,JerryZ
1787147280291818420,PPS-GC,sender_signaling,pps_gc_sender_total_signaling,sender,389,false,32,2,recipient_bits=16;location_bytes=32,10460,68,measured,ok,unavailable,rustc,nightly-2021-05-06,Release,JerryZ
1787147280293317000,PPS-GC,sender_signaling,pps_gc_share_generation,sender,390,false,32,2,recipient_bits=16;location_bytes=32,10607,68,measured,ok,unavailable,rustc,nightly-2021-05-06,Release,JerryZ
1787147280295063413,PPS-GC,sender_signaling,pps_gc_sender_preparation,sender,390,false,32,2,recipient_bits=16;location_bytes=32,138,68,measured,ok,unavailable,rustc,nightly-2021-05-06,Release,JerryZ
1787147280296670187,PPS-GC,sender_signaling,message_encryption,sender,390,false,32,2,recipient_bits=16;location_bytes=32,-1,,not_applicable,not_applicable,unavailable,rustc,nightly-2021-05-06,Release,JerryZ
1787147280297941298,PPS-GC,sender_signaling,pps_gc_sender_total_signaling,sender,390,false,32,2,recipient_bits=16;location_bytes=32,12059,68,measured,ok,unavailable,rustc,nightly-2021-05-06,Release,JerryZ
1787147280299128916,PPS-GC,sender_signaling,pps_gc_share_generation,sender,391,false,32,2,recipient_bits=16;location_bytes=32,11783,68,measured,ok,unavailable,rustc,nightly-2021-05-06,Release,JerryZ
1787147280300423056,PPS-GC,sender_signaling,pps_gc_sender_preparation,sender,391,false,32,2,recipient_bits=16;location_bytes=32,230,68,measured,ok,unavailable,rustc,nightly-2021-05-06,Release,JerryZ
1787147280301827125,PPS-GC,sender_signaling,message_encryption,sender,391,false,32,2,recipient_bits=16;location_bytes=32,-1,,not_applicable,not_applicable,unavailable,rustc,nightly-2021-05-06,Release,JerryZ
1787147280302981177,PPS-GC,sender_signaling,pps_gc_sender_total_signaling,sender,391,false,32,2,recipient_bits=16;location_bytes=32,10029,68,measured,ok,unavailable,rustc,nightly-2021-05-06,Release,JerryZ
1787147280304130149,PPS-GC,sender_signaling,pps_gc_share_generation,sender,392,false,32,2,recipient_bits=16;location_bytes=32,21609,68,measured,ok,unavailable,rustc,nightly-2021-05-06,Release,JerryZ
1787147280305337857,PPS-GC,sender_signaling,pps_gc_sender_preparation,sender,392,false,32,2,recipient_bits=16;location_bytes=32,303,68,measured,ok,unavailable,rustc,nightly-2021-05-06,Release,JerryZ
1787147280306884854,PPS-GC,sender_signaling,message_encryption,sender,392,false,32,2,recipient_bits=16;location_bytes=32,-1,,not_applicable,not_applicable,unavailable,rustc,nightly-2021-05-06,Release,JerryZ
1787147280308213713,PPS-GC,sender_signaling,pps_gc_sender_total_signaling,sender,392,false,32,2,recipient_bits=16;location_bytes=32,11186,68,measured,ok,unavailable,rustc,nightly-2021-05-06,Release,JerryZ
1787147280310043239,PPS-GC,sender_signaling,pps_gc_share_generation,sender,393,false,32,2,recipient_bits=16;location_bytes=32,16990,68,measured,ok,unavailable,rustc,nightly-2021-05-06,Release,JerryZ
1787147280311751452,PPS-GC,sender_signaling,pps_gc_sender_preparation,sender,393,false,32,2,recipient_bits=16;location_bytes=32,2930,68,measured,ok,unavailable,rustc,nightly-2021-05-06,Release,JerryZ
1787147280312895304,PPS-GC,sender_signaling,message_encryption,sender,393,false,32,2,recipient_bits=16;location_bytes=32,-1,,not_applicable,not_applicable,unavailable,rustc,nightly-2021-05-06,Release,JerryZ
1787147280314016008,PPS-GC,sender_signaling,pps_gc_sender_total_signaling,sender,393,false,32,2,recipient_bits=16;location_bytes=32,9863,68,measured,ok,unavailable,rustc,nightly-2021-05-06,Release,JerryZ
1787147280315310920,PPS-GC,sender_signaling,pps_gc_share_generation,sender,394,false,32,2,recipient_bits=16;location_bytes=32,10276,68,measured,ok,unavailable,rustc,nightly-2021-05-06,Release,JerryZ
1787147280316428860,PPS-GC,sender_signaling,pps_gc_sender_preparation,sender,394,false,32,2,recipient_bits=16;location_bytes=32,147,68,measured,ok,unavailable,rustc,nightly-2021-05-06,Release,JerryZ
1787147280317636291,PPS-GC,sender_signaling,message_encryption,sender,394,false,32,2,recipient_bits=16;location_bytes=32,-1,,not_applicable,not_applicable,unavailable,rustc,nightly-2021-05-06,Release,JerryZ
1787147280319095082,PPS-GC,sender_signaling,pps_gc_sender_total_signaling,sender,394,false,32,2,recipient_bits=16;location_bytes=32,9790,68,measured,ok,unavailable,rustc,nightly-2021-05-06,Release,JerryZ
1787147280320182762,PPS-GC,sender_signaling,pps_gc_share_generation,sender,395,false,32,2,recipient_bits=16;location_bytes=32,9744,68,measured,ok,unavailable,rustc,nightly-2021-05-06,Release,JerryZ
1787147280321305000,PPS-GC,sender_signaling,pps_gc_sender_preparation,sender,395,false,32,2,recipient_bits=16;location_bytes=32,147,68,measured,ok,unavailable,rustc,nightly-2021-05-06,Release,JerryZ
1787147280323096395,PPS-GC,sender_signaling,message_encryption,sender,395,false,32,2,recipient_bits=16;location_bytes=32,-1,,not_applicable,not_applicable,unavailable,rustc,nightly-2021-05-06,Release,JerryZ
1787147280324576819,PPS-GC,sender_signaling,pps_gc_sender_total_signaling,sender,395,false,32,2,recipient_bits=16;location_bytes=32,12968,68,measured,ok,unavailable,rustc,nightly-2021-05-06,Release,JerryZ
1787147280326273336,PPS-GC,sender_signaling,pps_gc_share_generation,sender,396,false,32,2,recipient_bits=16;location_bytes=32,11112,68,measured,ok,unavailable,rustc,nightly-2021-05-06,Release,JerryZ
1787147280327455912,PPS-GC,sender_signaling,pps_gc_sender_preparation,sender,396,false,32,2,recipient_bits=16;location_bytes=32,469,68,measured,ok,unavailable,rustc,nightly-2021-05-06,Release,JerryZ
1787147280328614476,PPS-GC,sender_signaling,message_encryption,sender,396,false,32,2,recipient_bits=16;location_bytes=32,-1,,not_applicable,not_applicable,unavailable,rustc,nightly-2021-05-06,Release,JerryZ
1787147280330223082,PPS-GC,sender_signaling,pps_gc_sender_total_signaling,sender,396,false,32,2,recipient_bits=16;location_bytes=32,10791,68,measured,ok,unavailable,rustc,nightly-2021-05-06,Release,JerryZ
1787147280331756156,PPS-GC,sender_signaling,pps_gc_share_generation,sender,397,false,32,2,recipient_bits=16;location_bytes=32,10212,68,measured,ok,unavailable,rustc,nightly-2021-05-06,Release,JerryZ
1787147280333496774,PPS-GC,sender_signaling,pps_gc_sender_preparation,sender,397,false,32,2,recipient_bits=16;location_bytes=32,423,68,measured,ok,unavailable,rustc,nightly-2021-05-06,Release,JerryZ
1787147280335079165,PPS-GC,sender_signaling,message_encryption,sender,397,false,32,2,recipient_bits=16;location_bytes=32,-1,,not_applicable,not_applicable,unavailable,rustc,nightly-2021-05-06,Release,JerryZ
1787147280336263972,PPS-GC,sender_signaling,pps_gc_sender_total_signaling,sender,397,false,32,2,recipient_bits=16;location_bytes=32,22289,68,measured,ok,unavailable,rustc,nightly-2021-05-06,Release,JerryZ
1787147280337659859,PPS-GC,sender_signaling,pps_gc_share_generation,sender,398,false,32,2,recipient_bits=16;location_bytes=32,21875,68,measured,ok,unavailable,rustc,nightly-2021-05-06,Release,JerryZ
1787147280339176439,PPS-GC,sender_signaling,pps_gc_sender_preparation,sender,398,false,32,2,recipient_bits=16;location_bytes=32,275,68,measured,ok,unavailable,rustc,nightly-2021-05-06,Release,JerryZ
1787147280340771664,PPS-GC,sender_signaling,message_encryption,sender,398,false,32,2,recipient_bits=16;location_bytes=32,-1,,not_applicable,not_applicable,unavailable,rustc,nightly-2021-05-06,Release,JerryZ
1787147280342223421,PPS-GC,sender_signaling,pps_gc_sender_total_signaling,sender,398,false,32,2,recipient_bits=16;location_bytes=32,11213,68,measured,ok,unavailable,rustc,nightly-2021-05-06,Release,JerryZ
1787147280343445239,PPS-GC,sender_signaling,pps_gc_share_generation,sender,399,false,32,2,recipient_bits=16;location_bytes=32,9542,68,measured,ok,unavailable,rustc,nightly-2021-05-06,Release,JerryZ
1787147280344533965,PPS-GC,sender_signaling,pps_gc_sender_preparation,sender,399,false,32,2,recipient_bits=16;location_bytes=32,147,68,measured,ok,unavailable,rustc,nightly-2021-05-06,Release,JerryZ
1787147280346365595,PPS-GC,sender_signaling,message_encryption,sender,399,false,32,2,recipient_bits=16;location_bytes=32,-1,,not_applicable,not_applicable,unavailable,rustc,nightly-2021-05-06,Release,JerryZ
1787147280347568999,PPS-GC,sender_signaling,pps_gc_sender_total_signaling,sender,399,false,32,2,recipient_bits=16;location_bytes=32,10662,68,measured,ok,unavailable,rustc,nightly-2021-05-06,Release,JerryZ
1787147280348722388,PPS-GC,sender_signaling,pps_gc_share_generation,sender,400,false,32,2,recipient_bits=16;location_bytes=32,9533,68,measured,ok,unavailable,rustc,nightly-2021-05-06,Release,JerryZ
1787147280349913330,PPS-GC,sender_signaling,pps_gc_sender_preparation,sender,400,false,32,2,recipient_bits=16;location_bytes=32,147,68,measured,ok,unavailable,rustc,nightly-2021-05-06,Release,JerryZ
1787147280351525826,PPS-GC,sender_signaling,message_encryption,sender,400,false,32,2,recipient_bits=16;location_bytes=32,-1,,not_applicable,not_applicable,unavailable,rustc,nightly-2021-05-06,Release,JerryZ
1787147280352728744,PPS-GC,sender_signaling,pps_gc_sender_total_signaling,sender,400,false,32,2,recipient_bits=16;location_bytes=32,22077,68,measured,ok,unavailable,rustc,nightly-2021-05-06,Release,JerryZ
1787147280354389005,PPS-GC,sender_signaling,pps_gc_share_generation,sender,401,false,32,2,recipient_bits=16;location_bytes=32,11370,68,measured,ok,unavailable,rustc,nightly-2021-05-06,Release,JerryZ
1787147280355677001,PPS-GC,sender_signaling,pps_gc_sender_preparation,sender,401,false,32,2,recipient_bits=16;location_bytes=32,496,68,measured,ok,unavailable,rustc,nightly-2021-05-06,Release,JerryZ
1787147280357584745,PPS-GC,sender_signaling,message_encryption,sender,401,false,32,2,recipient_bits=16;location_bytes=32,-1,,not_applicable,not_applicable,unavailable,rustc,nightly-2021-05-06,Release,JerryZ
1787147280358843445,PPS-GC,sender_signaling,pps_gc_sender_total_signaling,sender,401,false,32,2,recipient_bits=16;location_bytes=32,10433,68,measured,ok,unavailable,rustc,nightly-2021-05-06,Release,JerryZ
1787147280359987646,PPS-GC,sender_signaling,pps_gc_share_generation,sender,402,false,32,2,recipient_bits=16;location_bytes=32,21490,68,measured,ok,unavailable,rustc,nightly-2021-05-06,Release,JerryZ
1787147280361311096,PPS-GC,sender_signaling,pps_gc_sender_preparation,sender,402,false,32,2,recipient_bits=16;location_bytes=32,257,68,measured,ok,unavailable,rustc,nightly-2021-05-06,Release,JerryZ
1787147280362937302,PPS-GC,sender_signaling,message_encryption,sender,402,false,32,2,recipient_bits=16;location_bytes=32,-1,,not_applicable,not_applicable,unavailable,rustc,nightly-2021-05-06,Release,JerryZ
1787147280364174030,PPS-GC,sender_signaling,pps_gc_sender_total_signaling,sender,402,false,32,2,recipient_bits=16;location_bytes=32,10093,68,measured,ok,unavailable,rustc,nightly-2021-05-06,Release,JerryZ
1787147280365548330,PPS-GC,sender_signaling,pps_gc_share_generation,sender,403,false,32,2,recipient_bits=16;location_bytes=32,10378,68,measured,ok,unavailable,rustc,nightly-2021-05-06,Release,JerryZ
1787147280367532185,PPS-GC,sender_signaling,pps_gc_sender_preparation,sender,403,false,32,2,recipient_bits=16;location_bytes=32,294,68,measured,ok,unavailable,rustc,nightly-2021-05-06,Release,JerryZ
1787147280369008214,PPS-GC,sender_signaling,message_encryption,sender,403,false,32,2,recipient_bits=16;location_bytes=32,-1,,not_applicable,not_applicable,unavailable,rustc,nightly-2021-05-06,Release,JerryZ
1787147280370562856,PPS-GC,sender_signaling,pps_gc_sender_total_signaling,sender,403,false,32,2,recipient_bits=16;location_bytes=32,12536,68,measured,ok,unavailable,rustc,nightly-2021-05-06,Release,JerryZ
1787147280371844915,PPS-GC,sender_signaling,pps_gc_share_generation,sender,404,false,32,2,recipient_bits=16;location_bytes=32,9689,68,measured,ok,unavailable,rustc,nightly-2021-05-06,Release,JerryZ
1787147280372969490,PPS-GC,sender_signaling,pps_gc_sender_preparation,sender,404,false,32,2,recipient_bits=16;location_bytes=32,138,68,measured,ok,unavailable,rustc,nightly-2021-05-06,Release,JerryZ
1787147280374095333,PPS-GC,sender_signaling,message_encryption,sender,404,false,32,2,recipient_bits=16;location_bytes=32,-1,,not_applicable,not_applicable,unavailable,rustc,nightly-2021-05-06,Release,JerryZ
1787147280375576886,PPS-GC,sender_signaling,pps_gc_sender_total_signaling,sender,404,false,32,2,recipient_bits=16;location_bytes=32,22776,68,measured,ok,unavailable,rustc,nightly-2021-05-06,Release,JerryZ
1787147280376882543,PPS-GC,sender_signaling,pps_gc_share_generation,sender,405,false,32,2,recipient_bits=16;location_bytes=32,9836,68,measured,ok,unavailable,rustc,nightly-2021-05-06,Release,JerryZ
1787147280378129046,PPS-GC,sender_signaling,pps_gc_sender_preparation,sender,405,false,32,2,recipient_bits=16;location_bytes=32,138,68,measured,ok,unavailable,rustc,nightly-2021-05-06,Release,JerryZ
1787147280379484864,PPS-GC,sender_signaling,message_encryption,sender,405,false,32,2,recipient_bits=16;location_bytes=32,-1,,not_applicable,not_applicable,unavailable,rustc,nightly-2021-05-06,Release,JerryZ
1787147280380632826,PPS-GC,sender_signaling,pps_gc_sender_total_signaling,sender,405,false,32,2,recipient_bits=16;location_bytes=32,9946,68,measured,ok,unavailable,rustc,nightly-2021-05-06,Release,JerryZ
1787147280382157865,PPS-GC,sender_signaling,pps_gc_share_generation,sender,406,false,32,2,recipient_bits=16;location_bytes=32,9523,68,measured,ok,unavailable,rustc,nightly-2021-05-06,Release,JerryZ
1787147280383374760,PPS-GC,sender_signaling,pps_gc_sender_preparation,sender,406,false,32,2,recipient_bits=16;location_bytes=32,138,68,measured,ok,unavailable,rustc,nightly-2021-05-06,Release,JerryZ
1787147280385192453,PPS-GC,sender_signaling,message_encryption,sender,406,false,32,2,recipient_bits=16;location_bytes=32,-1,,not_applicable,not_applicable,unavailable,rustc,nightly-2021-05-06,Release,JerryZ
1787147280386730252,PPS-GC,sender_signaling,pps_gc_sender_total_signaling,sender,406,false,32,2,recipient_bits=16;location_bytes=32,11130,68,measured,ok,unavailable,rustc,nightly-2021-05-06,Release,JerryZ
1787147280388131686,PPS-GC,sender_signaling,pps_gc_share_generation,sender,407,false,32,2,recipient_bits=16;location_bytes=32,9680,68,measured,ok,unavailable,rustc,nightly-2021-05-06,Release,JerryZ
1787147280389242343,PPS-GC,sender_signaling,pps_gc_sender_preparation,sender,407,false,32,2,recipient_bits=16;location_bytes=32,147,68,measured,ok,unavailable,rustc,nightly-2021-05-06,Release,JerryZ
1787147280390399397,PPS-GC,sender_signaling,message_encryption,sender,407,false,32,2,recipient_bits=16;location_bytes=32,-1,,not_applicable,not_applicable,unavailable,rustc,nightly-2021-05-06,Release,JerryZ
1787147280392014142,PPS-GC,sender_signaling,pps_gc_sender_total_signaling,sender,407,false,32,2,recipient_bits=16;location_bytes=32,9763,68,measured,ok,unavailable,rustc,nightly-2021-05-06,Release,JerryZ
1787147280393140201,PPS-GC,sender_signaling,pps_gc_share_generation,sender,408,false,32,2,recipient_bits=16;location_bytes=32,9542,68,measured,ok,unavailable,rustc,nightly-2021-05-06,Release,JerryZ
1787147280394469974,PPS-GC,sender_signaling,pps_gc_sender_preparation,sender,408,false,32,2,recipient_bits=16;location_bytes=32,147,68,measured,ok,unavailable,rustc,nightly-2021-05-06,Release,JerryZ
1787147280395621289,PPS-GC,sender_signaling,message_encryption,sender,408,false,32,2,recipient_bits=16;location_bytes=32,-1,,not_applicable,not_applicable,unavailable,rustc,nightly-2021-05-06,Release,JerryZ
1787147280396812672,PPS-GC,sender_signaling,pps_gc_sender_total_signaling,sender,408,false,32,2,recipient_bits=16;location_bytes=32,21885,68,measured,ok,unavailable,rustc,nightly-2021-05-06,Release,JerryZ
1787147280398254414,PPS-GC,sender_signaling,pps_gc_share_generation,sender,409,false,32,2,recipient_bits=16;location_bytes=32,19993,68,measured,ok,unavailable,rustc,nightly-2021-05-06,Release,JerryZ
1787147280400182619,PPS-GC,sender_signaling,pps_gc_sender_preparation,sender,409,false,32,2,recipient_bits=16;location_bytes=32,423,68,measured,ok,unavailable,rustc,nightly-2021-05-06,Release,JerryZ
1787147280402618045,PPS-GC,sender_signaling,message_encryption,sender,409,false,32,2,recipient_bits=16;location_bytes=32,-1,,not_applicable,not_applicable,unavailable,rustc,nightly-2021-05-06,Release,JerryZ
1787147280404399610,PPS-GC,sender_signaling,pps_gc_sender_total_signaling,sender,409,false,32,2,recipient_bits=16;location_bytes=32,24769,68,measured,ok,unavailable,rustc,nightly-2021-05-06,Release,JerryZ
1787147280405730011,PPS-GC,sender_signaling,pps_gc_share_generation,sender,410,false,32,2,recipient_bits=16;location_bytes=32,9542,68,measured,ok,unavailable,rustc,nightly-2021-05-06,Release,JerryZ
1787147280407111681,PPS-GC,sender_signaling,pps_gc_sender_preparation,sender,410,false,32,2,recipient_bits=16;location_bytes=32,147,68,measured,ok,unavailable,rustc,nightly-2021-05-06,Release,JerryZ
1787147280408662948,PPS-GC,sender_signaling,message_encryption,sender,410,false,32,2,recipient_bits=16;location_bytes=32,-1,,not_applicable,not_applicable,unavailable,rustc,nightly-2021-05-06,Release,JerryZ
1787147280409898376,PPS-GC,sender_signaling,pps_gc_sender_total_signaling,sender,410,false,32,2,recipient_bits=16;location_bytes=32,10332,68,measured,ok,unavailable,rustc,nightly-2021-05-06,Release,JerryZ
1787147280411051095,PPS-GC,sender_signaling,pps_gc_share_generation,sender,411,false,32,2,recipient_bits=16;location_bytes=32,9487,68,measured,ok,unavailable,rustc,nightly-2021-05-06,Release,JerryZ
1787147280412190461,PPS-GC,sender_signaling,pps_gc_sender_preparation,sender,411,false,32,2,recipient_bits=16;location_bytes=32,147,68,measured,ok,unavailable,rustc,nightly-2021-05-06,Release,JerryZ
1787147280413666210,PPS-GC,sender_signaling,message_encryption,sender,411,false,32,2,recipient_bits=16;location_bytes=32,-1,,not_applicable,not_applicable,unavailable,rustc,nightly-2021-05-06,Release,JerryZ
1787147280415391335,PPS-GC,sender_signaling,pps_gc_sender_total_signaling,sender,411,false,32,2,recipient_bits=16;location_bytes=32,11682,68,measured,ok,unavailable,rustc,nightly-2021-05-06,Release,JerryZ
1787147280417158655,PPS-GC,sender_signaling,pps_gc_share_generation,sender,412,false,32,2,recipient_bits=16;location_bytes=32,10258,68,measured,ok,unavailable,rustc,nightly-2021-05-06,Release,JerryZ
1787147280418335348,PPS-GC,sender_signaling,pps_gc_sender_preparation,sender,412,false,32,2,recipient_bits=16;location_bytes=32,321,68,measured,ok,unavailable,rustc,nightly-2021-05-06,Release,JerryZ
1787147280419667178,PPS-GC,sender_signaling,message_encryption,sender,412,false,32,2,recipient_bits=16;location_bytes=32,-1,,not_applicable,not_applicable,unavailable,rustc,nightly-2021-05-06,Release,JerryZ
1787147280420897867,PPS-GC,sender_signaling,pps_gc_sender_total_signaling,sender,412,false,32,2,recipient_bits=16;location_bytes=32,21509,68,measured,ok,unavailable,rustc,nightly-2021-05-06,Release,JerryZ
1787147280422346194,PPS-GC,sender_signaling,pps_gc_share_generation,sender,413,false,32,2,recipient_bits=16;location_bytes=32,21205,68,measured,ok,unavailable,rustc,nightly-2021-05-06,Release,JerryZ
1787147280423695326,PPS-GC,sender_signaling,pps_gc_sender_preparation,sender,413,false,32,2,recipient_bits=16;location_bytes=32,294,68,measured,ok,unavailable,rustc,nightly-2021-05-06,Release,JerryZ
1787147280424829903,PPS-GC,sender_signaling,message_encryption,sender,413,false,32,2,recipient_bits=16;location_bytes=32,-1,,not_applicable,not_applicable,unavailable,rustc,nightly-2021-05-06,Release,JerryZ
1787147280426041862,PPS-GC,sender_signaling,pps_gc_sender_total_signaling,sender,413,false,32,2,recipient_bits=16;location_bytes=32,9873,68,measured,ok,unavailable,rustc,nightly-2021-05-06,Release,JerryZ
1787147280427188896,PPS-GC,sender_signaling,pps_gc_share_generation,sender,414,false,32,2,recipient_bits=16;location_bytes=32,9725,68,measured,ok,unavailable,rustc,nightly-2021-05-06,Release,JerryZ
1787147280428427942,PPS-GC,sender_signaling,pps_gc_sender_preparation,sender,414,false,32,2,recipient_bits=16;location_bytes=32,146,68,measured,ok,unavailable,rustc,nightly-2021-05-06,Release,JerryZ
1787147280429911029,PPS-GC,sender_signaling,message_encryption,sender,414,false,32,2,recipient_bits=16;location_bytes=32,-1,,not_applicable,not_applicable,unavailable,rustc,nightly-2021-05-06,Release,JerryZ
1787147280432227694,PPS-GC,sender_signaling,pps_gc_sender_total_signaling,sender,414,false,32,2,recipient_bits=16;location_bytes=32,19680,68,measured,ok,unavailable,rustc,nightly-2021-05-06,Release,JerryZ
1787147280434103498,PPS-GC,sender_signaling,pps_gc_share_generation,sender,415,false,32,2,recipient_bits=16;location_bytes=32,11213,68,measured,ok,unavailable,rustc,nightly-2021-05-06,Release,JerryZ
1787147280435456726,PPS-GC,sender_signaling,pps_gc_sender_preparation,sender,415,false,32,2,recipient_bits=16;location_bytes=32,790,68,measured,ok,unavailable,rustc,nightly-2021-05-06,Release,JerryZ
1787147280436849678,PPS-GC,sender_signaling,message_encryption,sender,415,false,32,2,recipient_bits=16;location_bytes=32,-1,,not_applicable,not_applicable,unavailable,rustc,nightly-2021-05-06,Release,JerryZ
1787147280438613329,PPS-GC,sender_signaling,pps_gc_sender_total_signaling,sender,415,false,32,2,recipient_bits=16;location_bytes=32,10755,68,measured,ok,unavailable,rustc,nightly-2021-05-06,Release,JerryZ
1787147280440080932,PPS-GC,sender_signaling,pps_gc_share_generation,sender,416,false,32,2,recipient_bits=16;location_bytes=32,9716,68,measured,ok,unavailable,rustc,nightly-2021-05-06,Release,JerryZ
1787147280441204392,PPS-GC,sender_signaling,pps_gc_sender_preparation,sender,416,false,32,2,recipient_bits=16;location_bytes=32,147,68,measured,ok,unavailable,rustc,nightly-2021-05-06,Release,JerryZ
1787147280442408274,PPS-GC,sender_signaling,message_encryption,sender,416,false,32,2,recipient_bits=16;location_bytes=32,-1,,not_applicable,not_applicable,unavailable,rustc,nightly-2021-05-06,Release,JerryZ
1787147280443535197,PPS-GC,sender_signaling,pps_gc_sender_total_signaling,sender,416,false,32,2,recipient_bits=16;location_bytes=32,9652,68,measured,ok,unavailable,rustc,nightly-2021-05-06,Release,JerryZ
1787147280445142394,PPS-GC,sender_signaling,pps_gc_share_generation,sender,417,false,32,2,recipient_bits=16;location_bytes=32,23299,68,measured,ok,unavailable,rustc,nightly-2021-05-06,Release,JerryZ
1787147280446739355,PPS-GC,sender_signaling,pps_gc_sender_preparation,sender,417,false,32,2,recipient_bits=16;location_bytes=32,1239,68,measured,ok,unavailable,rustc,nightly-2021-05-06,Release,JerryZ
1787147280448241209,PPS-GC,sender_signaling,message_encryption,sender,417,false,32,2,recipient_bits=16;location_bytes=32,-1,,not_applicable,not_applicable,unavailable,rustc,nightly-2021-05-06,Release,JerryZ
1787147280449936477,PPS-GC,sender_signaling,pps_gc_sender_total_signaling,sender,417,false,32,2,recipient_bits=16;location_bytes=32,10507,68,measured,ok,unavailable,rustc,nightly-2021-05-06,Release,JerryZ
1787147280451084788,PPS-GC,sender_signaling,pps_gc_share_generation,sender,418,false,32,2,recipient_bits=16;location_bytes=32,9551,68,measured,ok,unavailable,rustc,nightly-2021-05-06,Release,JerryZ
1787147280452288358,PPS-GC,sender_signaling,pps_gc_sender_preparation,sender,418,false,32,2,recipient_bits=16;location_bytes=32,138,68,measured,ok,unavailable,rustc,nightly-2021-05-06,Release,JerryZ
1787147280453508247,PPS-GC,sender_signaling,message_encryption,sender,418,false,32,2,recipient_bits=16;location_bytes=32,-1,,not_applicable,not_applicable,unavailable,rustc,nightly-2021-05-06,Release,JerryZ
1787147280454686566,PPS-GC,sender_signaling,pps_gc_sender_total_signaling,sender,418,false,32,2,recipient_bits=16;location_bytes=32,21647,68,measured,ok,unavailable,rustc,nightly-2021-05-06,Release,JerryZ
1787147280455961902,PPS-GC,sender_signaling,pps_gc_share_generation,sender,419,false,32,2,recipient_bits=16;location_bytes=32,9652,68,measured,ok,unavailable,rustc,nightly-2021-05-06,Release,JerryZ
1787147280457342488,PPS-GC,sender_signaling,pps_gc_sender_preparation,sender,419,false,32,2,recipient_bits=16;location_bytes=32,137,68,measured,ok,unavailable,rustc,nightly-2021-05-06,Release,JerryZ
1787147280458588763,PPS-GC,sender_signaling,message_encryption,sender,419,false,32,2,recipient_bits=16;location_bytes=32,-1,,not_applicable,not_applicable,unavailable,rustc,nightly-2021-05-06,Release,JerryZ
1787147280459922843,PPS-GC,sender_signaling,pps_gc_sender_total_signaling,sender,419,false,32,2,recipient_bits=16;location_bytes=32,25843,68,measured,ok,unavailable,rustc,nightly-2021-05-06,Release,JerryZ
1787147280461554312,PPS-GC,sender_signaling,pps_gc_share_generation,sender,420,false,32,2,recipient_bits=16;location_bytes=32,10800,68,measured,ok,unavailable,rustc,nightly-2021-05-06,Release,JerryZ
1787147280463333061,PPS-GC,sender_signaling,pps_gc_sender_preparation,sender,420,false,32,2,recipient_bits=16;location_bytes=32,266,68,measured,ok,unavailable,rustc,nightly-2021-05-06,Release,JerryZ
1787147280465111360,PPS-GC,sender_signaling,message_encryption,sender,420,false,32,2,recipient_bits=16;location_bytes=32,-1,,not_applicable,not_applicable,unavailable,rustc,nightly-2021-05-06,Release,JerryZ
1787147280466319925,PPS-GC,sender_signaling,pps_gc_sender_total_signaling,sender,420,false,32,2,recipient_bits=16;location_bytes=32,10239,68,measured,ok,unavailable,rustc,nightly-2021-05-06,Release,JerryZ
1787147280467683917,PPS-GC,sender_signaling,pps_gc_share_generation,sender,421,false,32,2,recipient_bits=16;location_bytes=32,9817,68,measured,ok,unavailable,rustc,nightly-2021-05-06,Release,JerryZ
1787147280468839676,PPS-GC,sender_signaling,pps_gc_sender_preparation,sender,421,false,32,2,recipient_bits=16;location_bytes=32,221,68,measured,ok,unavailable,rustc,nightly-2021-05-06,Release,JerryZ
1787147280470332488,PPS-GC,sender_signaling,message_encryption,sender,421,false,32,2,recipient_bits=16;location_bytes=32,-1,,not_applicable,not_applicable,unavailable,rustc,nightly-2021-05-06,Release,JerryZ
1787147280471524275,PPS-GC,sender_signaling,pps_gc_sender_total_signaling,sender,421,false,32,2,recipient_bits=16;location_bytes=32,9827,68,measured,ok,unavailable,rustc,nightly-2021-05-06,Release,JerryZ
1787147280472642739,PPS-GC,sender_signaling,pps_gc_share_generation,sender,422,false,32,2,recipient_bits=16;location_bytes=32,9487,68,measured,ok,unavailable,rustc,nightly-2021-05-06,Release,JerryZ
1787147280473792032,PPS-GC,sender_signaling,pps_gc_sender_preparation,sender,422,false,32,2,recipient_bits=16;location_bytes=32,147,68,measured,ok,unavailable,rustc,nightly-2021-05-06,Release,JerryZ
1787147280475141169,PPS-GC,sender_signaling,message_encryption,sender,422,false,32,2,recipient_bits=16;location_bytes=32,-1,,not_applicable,not_applicable,unavailable,rustc,nightly-2021-05-06,Release,JerryZ
1787147280476532046,PPS-GC,sender_signaling,pps_gc_sender_total_signaling,sender,422,false,32,2,recipient_bits=16;location_bytes=32,10717,68,measured,ok,unavailable,rustc,nightly-2021-05-06,Release,JerryZ
1787147280477774656,PPS-GC,sender_signaling,pps_gc_share_generation,sender,423,false,32,2,recipient_bits=16;location_bytes=32,11507,68,measured,ok,unavailable,rustc,nightly-2021-05-06,Release,JerryZ
1787147280479542807,PPS-GC,sender_signaling,pps_gc_sender_preparation,sender,423,false,32,2,recipient_bits=16;location_bytes=32,450,68,measured,ok,unavailable,rustc,nightly-2021-05-06,Release,JerryZ
1787147280480798081,PPS-GC,sender_signaling,message_encryption,sender,423,false,32,2,recipient_bits=16;location_bytes=32,-1,,not_applicable,not_applicable,unavailable,rustc,nightly-2021-05-06,Release,JerryZ
1787147280481987324,PPS-GC,sender_signaling,pps_gc_sender_total_signaling,sender,423,false,32,2,recipient_bits=16;location_bytes=32,10029,68,measured,ok,unavailable,rustc,nightly-2021-05-06,Release,JerryZ
1787147280483277074,PPS-GC,sender_signaling,pps_gc_share_generation,sender,424,false,32,2,recipient_bits=16;location_bytes=32,10001,68,measured,ok,unavailable,rustc,nightly-2021-05-06,Release,JerryZ
1787147280484555776,PPS-GC,sender_signaling,pps_gc_sender_preparation,sender,424,false,32,2,recipient_bits=16;location_bytes=32,147,68,measured,ok,unavailable,rustc,nightly-2021-05-06,Release,JerryZ
1787147280485732566,PPS-GC,sender_signaling,message_encryption,sender,424,false,32,2,recipient_bits=16;location_bytes=32,-1,,not_applicable,not_applicable,unavailable,rustc,nightly-2021-05-06,Release,JerryZ
1787147280487220273,PPS-GC,sender_signaling,pps_gc_sender_total_signaling,sender,424,false,32,2,recipient_bits=16;location_bytes=32,9891,68,measured,ok,unavailable,rustc,nightly-2021-05-06,Release,JerryZ
1787147280488415670,PPS-GC,sender_signaling,pps_gc_share_generation,sender,425,false,32,2,recipient_bits=16;location_bytes=32,9532,68,measured,ok,unavailable,rustc,nightly-2021-05-06,Release,JerryZ
1787147280489626458,PPS-GC,sender_signaling,pps_gc_sender_preparation,sender,425,false,32,2,recipient_bits=16;location_bytes=32,129,68,measured,ok,unavailable,rustc,nightly-2021-05-06,Release,JerryZ
1787147280490870831,PPS-GC,sender_signaling,message_encryption,sender,425,false,32,2,recipient_bits=16;location_bytes=32,-1,,not_applicable,not_applicable,unavailable,rustc,nightly-2021-05-06,Release,JerryZ
1787147280492844405,PPS-GC,sender_signaling,pps_gc_sender_total_signaling,sender,425,false,32,2,recipient_bits=16;location_bytes=32,16715,68,measured,ok,unavailable,rustc,nightly-2021-05-06,Release,JerryZ
1787147280494874504,PPS-GC,sender_signaling,pps_gc_share_generation,sender,426,false,32,2,recipient_bits=16;location_bytes=32,12435,68,measured,ok,unavailable,rustc,nightly-2021-05-06,Release,JerryZ
1787147280496386098,PPS-GC,sender_signaling,pps_gc_sender_preparation,sender,426,false,32,2,recipient_bits=16;location_bytes=32,835,68,measured,ok,unavailable,rustc,nightly-2021-05-06,Release,JerryZ
1787147280497554282,PPS-GC,sender_signaling,message_encryption,sender,426,false,32,2,recipient_bits=16;location_bytes=32,-1,,not_applicable,not_applicable,unavailable,rustc,nightly-2021-05-06,Release,JerryZ
1787147280498768092,PPS-GC,sender_signaling,pps_gc_sender_total_signaling,sender,426,false,32,2,recipient_bits=16;location_bytes=32,10212,68,measured,ok,unavailable,rustc,nightly-2021-05-06,Release,JerryZ
1787147280500261437,PPS-GC,sender_signaling,pps_gc_share_generation,sender,427,false,32,2,recipient_bits=16;location_bytes=32,9744,68,measured,ok,unavailable,rustc,nightly-2021-05-06,Release,JerryZ
1787147280501421034,PPS-GC,sender_signaling,pps_gc_sender_preparation,sender,427,false,32,2,recipient_bits=16;location_bytes=32,146,68,measured,ok,unavailable,rustc,nightly-2021-05-06,Release,JerryZ
1787147280502709324,PPS-GC,sender_signaling,message_encryption,sender,427,false,32,2,recipient_bits=16;location_bytes=32,-1,,not_applicable,not_applicable,unavailable,rustc,nightly-2021-05-06,Release,JerryZ
1787147280503882395,PPS-GC,sender_signaling,pps_gc_sender_total_signaling,sender,427,false,32,2,recipient_bits=16;location_bytes=32,10111,68,measured,ok,unavailable,rustc,nightly-2021-05-06,Release,JerryZ
1787147280505413834,PPS-GC,sender_signaling,pps_gc_share_generation,sender,428,false,32,2,recipient_bits=16;location_bytes=32,10010,68,measured,ok,unavailable,rustc,nightly-2021-05-06,Release,JerryZ
1787147280506828997,PPS-GC,sender_signaling,pps_gc_sender_preparation,sender,428,false,32,2,recipient_bits=16;location_bytes=32,312,68,measured,ok,unavailable,rustc,nightly-2021-05-06,Release,JerryZ
1787147280508432098,PPS-GC,sender_signaling,message_encryption,sender,428,false,32,2,recipient_bits=16;location_bytes=32,-1,,not_applicable,not_applicable,unavailable,rustc,nightly-2021-05-06,Release,JerryZ
1787147280510092642,PPS-GC,sender_signaling,pps_gc_sender_total_signaling,sender,428,false,32,2,recipient_bits=16;location_bytes=32,10966,68,measured,ok,unavailable,rustc,nightly-2021-05-06,Release,JerryZ
1787147280511224009,PPS-GC,sender_signaling,pps_gc_share_generation,sender,429,false,32,2,recipient_bits=16;location_bytes=32,9459,68,measured,ok,unavailable,rustc,nightly-2021-05-06,Release,JerryZ
1787147280512374621,PPS-GC,sender_signaling,pps_gc_sender_preparation,sender,429,false,32,2,recipient_bits=16;location_bytes=32,138,68,measured,ok,unavailable,rustc,nightly-2021-05-06,Release,JerryZ
1787147280513752769,PPS-GC,sender_signaling,message_encryption,sender,429,false,32,2,recipient_bits=16;location_bytes=32,-1,,not_applicable,not_applicable,unavailable,rustc,nightly-2021-05-06,Release,JerryZ
1787147280514954153,PPS-GC,sender_signaling,pps_gc_sender_total_signaling,sender,429,false,32,2,recipient_bits=16;location_bytes=32,10369,68,measured,ok,unavailable,rustc,nightly-2021-05-06,Release,JerryZ
1787147280516108663,PPS-GC,sender_signaling,pps_gc_share_generation,sender,430,false,32,2,recipient_bits=16;location_bytes=32,9486,68,measured,ok,unavailable,rustc,nightly-2021-05-06,Release,JerryZ
1787147280517500766,PPS-GC,sender_signaling,pps_gc_sender_preparation,sender,430,false,32,2,recipient_bits=16;location_bytes=32,147,68,measured,ok,unavailable,rustc,nightly-2021-05-06,Release,JerryZ
1787147280518743454,PPS-GC,sender_signaling,message_encryption,sender,430,false,32,2,recipient_bits=16;location_bytes=32,-1,,not_applicable,not_applicable,unavailable,rustc,nightly-2021-05-06,Release,JerryZ
1787147280520085804,PPS-GC,sender_signaling,pps_gc_sender_total_signaling,sender,430,false,32,2,recipient_bits=16;location_bytes=32,9827,68,measured,ok,unavailable,rustc,nightly-2021-05-06,Release,JerryZ
1787147280521460311,PPS-GC,sender_signaling,pps_gc_share_generation,sender,431,false,32,2,recipient_bits=16;location_bytes=32,24943,68,measured,ok,unavailable,rustc,nightly-2021-05-06,Release,JerryZ
1787147280523305381,PPS-GC,sender_signaling,pps_gc_sender_preparation,sender,431,false,32,2,recipient_bits=16;location_bytes=32,312,68,measured,ok,unavailable,rustc,nightly-2021-05-06,Release,JerryZ
1787147280525634141,PPS-GC,sender_signaling,message_encryption,sender,431,false,32,2,recipient_bits=16;location_bytes=32,-1,,not_applicable,not_applicable,unavailable,rustc,nightly-2021-05-06,Release,JerryZ
1787147280526986221,PPS-GC,sender_signaling,pps_gc_sender_total_signaling,sender,431,false,32,2,recipient_bits=16;location_bytes=32,11452,68,measured,ok,unavailable,rustc,nightly-2021-05-06,Release,JerryZ
1787147280528235081,PPS-GC,sender_signaling,pps_gc_share_generation,sender,432,false,32,2,recipient_bits=16;location_bytes=32,21720,68,measured,ok,unavailable,rustc,nightly-2021-05-06,Release,JerryZ
1787147280529726130,PPS-GC,sender_signaling,pps_gc_sender_preparation,sender,432,false,32,2,recipient_bits=16;location_bytes=32,285,68,measured,ok,unavailable,rustc,nightly-2021-05-06,Release,JerryZ
1787147280531329419,PPS-GC,sender_signaling,message_encryption,sender,432,false,32,2,recipient_bits=16;location_bytes=32,-1,,not_applicable,not_applicable,unavailable,rustc,nightly-2021-05-06,Release,JerryZ
1787147280532468593,PPS-GC,sender_signaling,pps_gc_sender_total_signaling,sender,432,false,32,2,recipient_bits=16;location_bytes=32,10386,68,measured,ok,unavailable,rustc,nightly-2021-05-06,Release,JerryZ
1787147280533737579,PPS-GC,sender_signaling,pps_gc_share_generation,sender,433,false,32,2,recipient_bits=16;location_bytes=32,9579,68,measured,ok,unavailable,rustc,nightly-2021-05-06,Release,JerryZ
1787147280535129521,PPS-GC,sender_signaling,pps_gc_sender_preparation,sender,433,false,32,2,recipient_bits=16;location_bytes=32,138,68,measured,ok,unavailable,rustc,nightly-2021-05-06,Release,JerryZ
1787147280536443995,PPS-GC,sender_signaling,message_encryption,sender,433,false,32,2,recipient_bits=16;location_bytes=32,-1,,not_applicable,not_applicable,unavailable,rustc,nightly-2021-05-06,Release,JerryZ
1787147280538034839,PPS-GC,sender_signaling,pps_gc_sender_total_signaling,sender,433,false,32,2,recipient_bits=16;location_bytes=32,11121,68,measured,ok,unavailable,rustc,nightly-2021-05-06,Release,JerryZ
1787147280539529185,PPS-GC,sender_signaling,pps_gc_share_generation,sender,434,false,32,2,recipient_bits=16;location_bytes=32,22087,68,measured,ok,unavailable,rustc,nightly-2021-05-06,Release,JerryZ
1787147280540917853,PPS-GC,sender_signaling,pps_gc_sender_preparation,sender,434,false,32,2,recipient_bits=16;location_bytes=32,505,68,measured,ok,unavailable,rustc,nightly-2021-05-06,Release,JerryZ
1787147280542087930,PPS-GC,sender_signaling,message_encryption,sender,434,false,32,2,recipient_bits=16;location_bytes=32,-1,,not_applicable,not_applicable,unavailable,rustc,nightly-2021-05-06,Release,JerryZ
1787147280543578786,PPS-GC,sender_signaling,pps_gc_sender_total_signaling,sender,434,false,32,2,recipient_bits=16;location_bytes=32,21821,68,measured,ok,unavailable,rustc,nightly-2021-05-06,Release,JerryZ
1787147280544903655,PPS-GC,sender_signaling,pps_gc_share_generation,sender,435,false,32,2,recipient_bits=16;location_bytes=32,10093,68,measured,ok,unavailable,rustc,nightly-2021-05-06,Release,JerryZ
1787147280546247855,PPS-GC,sender_signaling,pps_gc_sender_preparation,sender,435,false,32,2,recipient_bits=16;location_bytes=32,211,68,measured,ok,unavailable,rustc,nightly-2021-05-06,Release,JerryZ
1787147280547487315,PPS-GC,sender_signaling,message_encryption,sender,435,false,32,2,recipient_bits=16;location_bytes=32,-1,,not_applicable,not_applicable,unavailable,rustc,nightly-2021-05-06,Release,JerryZ
1787147280548617938,PPS-GC,sender_signaling,pps_gc_sender_total_signaling,sender,435,false,32,2,recipient_bits=16;location_bytes=32,10139,68,measured,ok,unavailable,rustc,nightly-2021-05-06,Release,JerryZ
1787147280550042432,PPS-GC,sender_signaling,pps_gc_share_generation,sender,436,false,32,2,recipient_bits=16;location_bytes=32,9606,68,measured,ok,unavailable,rustc,nightly-2021-05-06,Release,JerryZ
1787147280551279270,PPS-GC,sender_signaling,pps_gc_sender_preparation,sender,436,false,32,2,recipient_bits=16;location_bytes=32,386,68,measured,ok,unavailable,rustc,nightly-2021-05-06,Release,JerryZ
1787147280552802159,PPS-GC,sender_signaling,message_encryption,sender,436,false,32,2,recipient_bits=16;location_bytes=32,-1,,not_applicable,not_applicable,unavailable,rustc,nightly-2021-05-06,Release,JerryZ
1787147280555012642,PPS-GC,sender_signaling,pps_gc_sender_total_signaling,sender,436,false,32,2,recipient_bits=16;location_bytes=32,10644,68,measured,ok,unavailable,rustc,nightly-2021-05-06,Release,JerryZ
1787147280556875560,PPS-GC,sender_signaling,pps_gc_share_generation,sender,437,false,32,2,recipient_bits=16;location_bytes=32,10038,68,measured,ok,unavailable,rustc,nightly-2021-05-06,Release,JerryZ
1787147280558058094,PPS-GC,sender_signaling,pps_gc_sender_preparation,sender,437,false,32,2,recipient_bits=16;location_bytes=32,312,68,measured,ok,unavailable,rustc,nightly-2021-05-06,Release,JerryZ
1787147280559209753,PPS-GC,sender_signaling,message_encryption,sender,437,false,32,2,recipient_bits=16;location_bytes=32,-1,,not_applicable,not_applicable,unavailable,rustc,nightly-2021-05-06,Release,JerryZ
1787147280560570108,PPS-GC,sender_signaling,pps_gc_sender_total_signaling,sender,437,false,32,2,recipient_bits=16;location_bytes=32,10323,68,measured,ok,unavailable,rustc,nightly-2021-05-06,Release,JerryZ
1787147280562199584,PPS-GC,sender_signaling,pps_gc_share_generation,sender,438,false,32,2,recipient_bits=16;location_bytes=32,9569,68,measured,ok,unavailable,rustc,nightly-2021-05-06,Release,JerryZ
1787147280563695509,PPS-GC,sender_signaling,pps_gc_sender_preparation,sender,438,false,32,2,recipient_bits=16;location_bytes=32,184,68,measured,ok,unavailable,rustc,nightly-2021-05-06,Release,JerryZ
1787147280564869700,PPS-GC,sender_signaling,message_encryption,sender,438,false,32,2,recipient_bits=16;location_bytes=32,-1,,not_applicable,not_applicable,unavailable,rustc,nightly-2021-05-06,Release,JerryZ
1787147280566343250,PPS-GC,sender_signaling,pps_gc_sender_total_signaling,sender,438,false,32,2,recipient_bits=16;location_bytes=32,21866,68,measured,ok,unavailable,rustc,nightly-2021-05-06,Release,JerryZ
1787147280567814278,PPS-GC,sender_signaling,pps_gc_share_generation,sender,439,false,32,2,recipient_bits=16;location_bytes=32,10855,68,measured,ok,unavailable,rustc,nightly-2021-05-06,Release,JerryZ
1787147280569407676,PPS-GC,sender_signaling,pps_gc_sender_preparation,sender,439,false,32,2,recipient_bits=16;location_bytes=32,377,68,measured,ok,unavailable,rustc,nightly-2021-05-06,Release,JerryZ
1787147280571242138,PPS-GC,sender_signaling,message_encryption,sender,439,false,32,2,recipient_bits=16;location_bytes=32,-1,,not_applicable,not_applicable,unavailable,rustc,nightly-2021-05-06,Release,JerryZ
1787147280572425838,PPS-GC,sender_signaling,pps_gc_sender_total_signaling,sender,439,false,32,2,recipient_bits=16;location_bytes=32,10497,68,measured,ok,unavailable,rustc,nightly-2021-05-06,Release,JerryZ
1787147280573571725,PPS-GC,sender_signaling,pps_gc_share_generation,sender,440,false,32,2,recipient_bits=16;location_bytes=32,9487,68,measured,ok,unavailable,rustc,nightly-2021-05-06,Release,JerryZ
1787147280574924935,PPS-GC,sender_signaling,pps_gc_sender_preparation,sender,440,false,32,2,recipient_bits=16;location_bytes=32,147,68,measured,ok,unavailable,rustc,nightly-2021-05-06,Release,JerryZ
1787147280576287604,PPS-GC,sender_signaling,message_encryption,sender,440,false,32,2,recipient_bits=16;location_bytes=32,-1,,not_applicable,not_applicable,unavailable,rustc,nightly-2021-05-06,Release,JerryZ
1787147280577720887,PPS-GC,sender_signaling,pps_gc_sender_total_signaling,sender,440,false,32,2,recipient_bits=16;location_bytes=32,10341,68,measured,ok,unavailable,rustc,nightly-2021-05-06,Release,JerryZ
1787147280578853347,PPS-GC,sender_signaling,pps_gc_share_generation,sender,441,false,32,2,recipient_bits=16;location_bytes=32,9551,68,measured,ok,unavailable,rustc,nightly-2021-05-06,Release,JerryZ
1787147280580035359,PPS-GC,sender_signaling,pps_gc_sender_preparation,sender,441,false,32,2,recipient_bits=16;location_bytes=32,128,68,measured,ok,unavailable,rustc,nightly-2021-05-06,Release,JerryZ
1787147280581169605,PPS-GC,sender_signaling,message_encryption,sender,441,false,32,2,recipient_bits=16;location_bytes=32,-1,,not_applicable,not_applicable,unavailable,rustc,nightly-2021-05-06,Release,JerryZ
1787147280582566732,PPS-GC,sender_signaling,pps_gc_sender_total_signaling,sender,441,false,32,2,recipient_bits=16;location_bytes=32,11470,68,measured,ok,unavailable,rustc,nightly-2021-05-06,Release,JerryZ
1787147280584662340,PPS-GC,sender_signaling,pps_gc_share_generation,sender,442,false,32,2,recipient_bits=16;location_bytes=32,16163,68,measured,ok,unavailable,rustc,nightly-2021-05-06,Release,JerryZ
1787147280586444923,PPS-GC,sender_signaling,pps_gc_sender_preparation,sender,442,false,32,2,recipient_bits=16;location_bytes=32,1598,68,measured,ok,unavailable,rustc,nightly-2021-05-06,Release,JerryZ
1787147280587788494,PPS-GC,sender_signaling,message_encryption,sender,442,false,32,2,recipient_bits=16;location_bytes=32,-1,,not_applicable,not_applicable,unavailable,rustc,nightly-2021-05-06,Release,JerryZ
1787147280588912248,PPS-GC,sender_signaling,pps_gc_sender_total_signaling,sender,442,false,32,2,recipient_bits=16;location_bytes=32,10166,68,measured,ok,unavailable,rustc,nightly-2021-05-06,Release,JerryZ
1787147280590635531,PPS-GC,sender_signaling,pps_gc_share_generation,sender,443,false,32,2,recipient_bits=16;location_bytes=32,22610,68,measured,ok,unavailable,rustc,nightly-2021-05-06,Release,JerryZ
1787147280591855095,PPS-GC,sender_signaling,pps_gc_sender_preparation,sender,443,false,32,2,recipient_bits=16;location_bytes=32,588,68,measured,ok,unavailable,rustc,nightly-2021-05-06,Release,JerryZ
1787147280592974532,PPS-GC,sender_signaling,message_encryption,sender,443,false,32,2,recipient_bits=16;location_bytes=32,-1,,not_applicable,not_applicable,unavailable,rustc,nightly-2021-05-06,Release,JerryZ
1787147280594537848,PPS-GC,sender_signaling,pps_gc_sender_total_signaling,sender,443,false,32,2,recipient_bits=16;location_bytes=32,9799,68,measured,ok,unavailable,rustc,nightly-2021-05-06,Release,JerryZ
1787147280595673797,PPS-GC,sender_signaling,pps_gc_share_generation,sender,444,false,32,2,recipient_bits=16;location_bytes=32,9459,68,measured,ok,unavailable,rustc,nightly-2021-05-06,Release,JerryZ
1787147280596873997,PPS-GC,sender_signaling,pps_gc_sender_preparation,sender,444,false,32,2,recipient_bits=16;location_bytes=32,147,68,measured,ok,unavailable,rustc,nightly-2021-05-06,Release,JerryZ
1787147280598251759,PPS-GC,sender_signaling,message_encryption,sender,444,false,32,2,recipient_bits=16;location_bytes=32,-1,,not_applicable,not_applicable,unavailable,rustc,nightly-2021-05-06,Release,JerryZ
1787147280599446678,PPS-GC,sender_signaling,pps_gc_sender_total_signaling,sender,444,false,32,2,recipient_bits=16;location_bytes=32,10525,68,measured,ok,unavailable,rustc,nightly-2021-05-06,Release,JerryZ
1787147280600844732,PPS-GC,sender_signaling,pps_gc_share_generation,sender,445,false,32,2,recipient_bits=16;location_bytes=32,9634,68,measured,ok,unavailable,rustc,nightly-2021-05-06,Release,JerryZ
1787147280602386177,PPS-GC,sender_signaling,pps_gc_sender_preparation,sender,445,false,32,2,recipient_bits=16;location_bytes=32,211,68,measured,ok,unavailable,rustc,nightly-2021-05-06,Release,JerryZ
1787147280603621968,PPS-GC,sender_signaling,message_encryption,sender,445,false,32,2,recipient_bits=16;location_bytes=32,-1,,not_applicable,not_applicable,unavailable,rustc,nightly-2021-05-06,Release,JerryZ
1787147280604807836,PPS-GC,sender_signaling,pps_gc_sender_total_signaling,sender,445,false,32,2,recipient_bits=16;location_bytes=32,10377,68,measured,ok,unavailable,rustc,nightly-2021-05-06,Release,JerryZ
1787147280606197987,PPS-GC,sender_signaling,pps_gc_share_generation,sender,446,false,32,2,recipient_bits=16;location_bytes=32,9818,68,measured,ok,unavailable,rustc,nightly-2021-05-06,Release,JerryZ
1787147280607352658,PPS-GC,sender_signaling,pps_gc_sender_preparation,sender,446,false,32,2,recipient_bits=16;location_bytes=32,211,68,measured,ok,unavailable,rustc,nightly-2021-05-06,Release,JerryZ
1787147280608925479,PPS-GC,sender_signaling,message_encryption,sender,446,false,32,2,recipient_bits=16;location_bytes=32,-1,,not_applicable,not_applicable,unavailable,rustc,nightly-2021-05-06,Release,JerryZ
1787147280610063560,PPS-GC,sender_signaling,pps_gc_sender_total_signaling,sender,446,false,32,2,recipient_bits=16;location_bytes=32,9973,68,measured,ok,unavailable,rustc,nightly-2021-05-06,Release,JerryZ
1787147280611116258,PPS-GC,sender_signaling,pps_gc_share_generation,sender,447,false,32,2,recipient_bits=16;location_bytes=32,9542,68,measured,ok,unavailable,rustc,nightly-2021-05-06,Release,JerryZ
1787147280612191264,PPS-GC,sender_signaling,pps_gc_sender_preparation,sender,447,false,32,2,recipient_bits=16;location_bytes=32,147,68,measured,ok,unavailable,rustc,nightly-2021-05-06,Release,JerryZ
1787147280613728012,PPS-GC,sender_signaling,message_encryption,sender,447,false,32,2,recipient_bits=16;location_bytes=32,-1,,not_applicable,not_applicable,unavailable,rustc,nightly-2021-05-06,Release,JerryZ
1787147280614951400,PPS-GC,sender_signaling,pps_gc_sender_total_signaling,sender,447,false,32,2,recipient_bits=16;location_bytes=32,13132,68,measured,ok,unavailable,rustc,nightly-2021-05-06,Release,JerryZ
1787147280616278087,PPS-GC,sender_signaling,pps_gc_share_generation,sender,448,false,32,2,recipient_bits=16;location_bytes=32,24595,68,measured,ok,unavailable,rustc,nightly-2021-05-06,Release,JerryZ
1787147280617870938,PPS-GC,sender_signaling,pps_gc_sender_preparation,sender,448,false,32,2,recipient_bits=16;location_bytes=32,459,68,measured,ok,unavailable,rustc,nightly-2021-05-06,Release,JerryZ
1787147280618897261,PPS-GC,sender_signaling,message_encryption,sender,448,false,32,2,recipient_bits=16;location_bytes=32,-1,,not_applicable,not_applicable,unavailable,rustc,nightly-2021-05-06,Release,JerryZ
1787147280620007845,PPS-GC,sender_signaling,pps_gc_sender_total_signaling,sender,448,false,32,2,recipient_bits=16;location_bytes=32,30683,68,measured,ok,unavailable,rustc,nightly-2021-05-06,Release,JerryZ
1787147280621666329,PPS-GC,sender_signaling,pps_gc_share_generation,sender,449,false,32,2,recipient_bits=16;location_bytes=32,11370,68,measured,ok,unavailable,rustc,nightly-2021-05-06,Release,JerryZ
1787147280622873402,PPS-GC,sender_signaling,pps_gc_sender_preparation,sender,449,false,32,2,recipient_bits=16;location_bytes=32,156,68,measured,ok,unavailable,rustc,nightly-2021-05-06,Release,JerryZ
1787147280623910480,PPS-GC,sender_signaling,message_encryption,sender,449,false,32,2,recipient_bits=16;location_bytes=32,-1,,not_applicable,not_applicable,unavailable,rustc,nightly-2021-05-06,Release,JerryZ
1787147280625210534,PPS-GC,sender_signaling,pps_gc_sender_total_signaling,sender,449,false,32,2,recipient_bits=16;location_bytes=32,10212,68,measured,ok,unavailable,rustc,nightly-2021-05-06,Release,JerryZ
1787147280626368323,PPS-GC,sender_signaling,pps_gc_share_generation,sender,450,false,32,2,recipient_bits=16;location_bytes=32,9735,68,measured,ok,unavailable,rustc,nightly-2021-05-06,Release,JerryZ
1787147280627505595,PPS-GC,sender_signaling,pps_gc_sender_preparation,sender,450,false,32,2,recipient_bits=16;location_bytes=32,147,68,measured,ok,unavailable,rustc,nightly-2021-05-06,Release,JerryZ
1787147280628757683,PPS-GC,sender_signaling,message_encryption,sender,450,false,32,2,recipient_bits=16;location_bytes=32,-1,,not_applicable,not_applicable,unavailable,rustc,nightly-2021-05-06,Release,JerryZ
1787147280630180129,PPS-GC,sender_signaling,pps_gc_sender_total_signaling,sender,450,false,32,2,recipient_bits=16;location_bytes=32,11406,68,measured,ok,unavailable,rustc,nightly-2021-05-06,Release,JerryZ
1787147280631845789,PPS-GC,sender_signaling,pps_gc_share_generation,sender,451,false,32,2,recipient_bits=16;location_bytes=32,10570,68,measured,ok,unavailable,rustc,nightly-2021-05-06,Release,JerryZ
1787147280632871928,PPS-GC,sender_signaling,pps_gc_sender_preparation,sender,451,false,32,2,recipient_bits=16;location_bytes=32,440,68,measured,ok,unavailable,rustc,nightly-2021-05-06,Release,JerryZ
1787147280633946402,PPS-GC,sender_signaling,message_encryption,sender,451,false,32,2,recipient_bits=16;location_bytes=32,-1,,not_applicable,not_applicable,unavailable,rustc,nightly-2021-05-06,Release,JerryZ
1787147280635028112,PPS-GC,sender_signaling,pps_gc_sender_total_signaling,sender,451,false,32,2,recipient_bits=16;location_bytes=32,9762,68,measured,ok,unavailable,rustc,nightly-2021-05-06,Release,JerryZ
1787147280636449181,PPS-GC,sender_signaling,pps_gc_share_generation,sender,452,false,32,2,recipient_bits=16;location_bytes=32,21343,68,measured,ok,unavailable,rustc,nightly-2021-05-06,Release,JerryZ
1787147280637707293,PPS-GC,sender_signaling,pps_gc_sender_preparation,sender,452,false,32,2,recipient_bits=16;location_bytes=32,349,68,measured,ok,unavailable,rustc,nightly-2021-05-06,Release,JerryZ
1787147280639019732,PPS-GC,sender_signaling,message_encryption,sender,452,false,32,2,recipient_bits=16;location_bytes=32,-1,,not_applicable,not_applicable,unavailable,rustc,nightly-2021-05-06,Release,JerryZ
1787147280640199749,PPS-GC,sender_signaling,pps_gc_sender_total_signaling,sender,452,false,32,2,recipient_bits=16;location_bytes=32,10846,68,measured,ok,unavailable,rustc,nightly-2021-05-06,Release,JerryZ
1787147280641709478,PPS-GC,sender_signaling,pps_gc_share_generation,sender,453,false,32,2,recipient_bits=16;location_bytes=32,21674,68,measured,ok,unavailable,rustc,nightly-2021-05-06,Release,JerryZ
1787147280643017536,PPS-GC,sender_signaling,pps_gc_sender_preparation,sender,453,false,32,2,recipient_bits=16;location_bytes=32,285,68,measured,ok,unavailable,rustc,nightly-2021-05-06,Release,JerryZ
1787147280644288969,PPS-GC,sender_signaling,message_encryption,sender,453,false,32,2,recipient_bits=16;location_bytes=32,-1,,not_applicable,not_applicable,unavailable,rustc,nightly-2021-05-06,Release,JerryZ
1787147280646126094,PPS-GC,sender_signaling,pps_gc_sender_total_signaling,sender,453,false,32,2,recipient_bits=16;location_bytes=32,12986,68,measured,ok,unavailable,rustc,nightly-2021-05-06,Release,JerryZ
1787147280647394405,PPS-GC,sender_signaling,pps_gc_share_generation,sender,454,false,32,2,recipient_bits=16;location_bytes=32,9725,68,measured,ok,unavailable,rustc,nightly-2021-05-06,Release,JerryZ
1787147280648475482,PPS-GC,sender_signaling,pps_gc_sender_preparation,sender,454,false,32,2,recipient_bits=16;location_bytes=32,138,68,measured,ok,unavailable,rustc,nightly-2021-05-06,Release,JerryZ
1787147280649558845,PPS-GC,sender_signaling,message_encryption,sender,454,false,32,2,recipient_bits=16;location_bytes=32,-1,,not_applicable,not_applicable,unavailable,rustc,nightly-2021-05-06,Release,JerryZ
1787147280650886386,PPS-GC,sender_signaling,pps_gc_sender_total_signaling,sender,454,false,32,2,recipient_bits=16;location_bytes=32,22849,68,measured,ok,unavailable,rustc,nightly-2021-05-06,Release,JerryZ
1787147280652094006,PPS-GC,sender_signaling,pps_gc_share_generation,sender,455,false,32,2,recipient_bits=16;location_bytes=32,9781,68,measured,ok,unavailable,rustc,nightly-2021-05-06,Release,JerryZ
1787147280653415642,PPS-GC,sender_signaling,pps_gc_sender_preparation,sender,455,false,32,2,recipient_bits=16;location_bytes=32,220,68,measured,ok,unavailable,rustc,nightly-2021-05-06,Release,JerryZ
1787147280654447236,PPS-GC,sender_signaling,message_encryption,sender,455,false,32,2,recipient_bits=16;location_bytes=32,-1,,not_applicable,not_applicable,unavailable,rustc,nightly-2021-05-06,Release,JerryZ
1787147280655498493,PPS-GC,sender_signaling,pps_gc_sender_total_signaling,sender,455,false,32,2,recipient_bits=16;location_bytes=32,9734,68,measured,ok,unavailable,rustc,nightly-2021-05-06,Release,JerryZ
1787147280656533334,PPS-GC,sender_signaling,pps_gc_share_generation,sender,456,false,32,2,recipient_bits=16;location_bytes=32,21288,68,measured,ok,unavailable,rustc,nightly-2021-05-06,Release,JerryZ
1787147280657759743,PPS-GC,sender_signaling,pps_gc_sender_preparation,sender,456,false,32,2,recipient_bits=16;location_bytes=32,294,68,measured,ok,unavailable,rustc,nightly-2021-05-06,Release,JerryZ
1787147280659370232,PPS-GC,sender_signaling,message_encryption,sender,456,false,32,2,recipient_bits=16;location_bytes=32,-1,,not_applicable,not_applicable,unavailable,rustc,nightly-2021-05-06,Release,JerryZ
1787147280660691565,PPS-GC,sender_signaling,pps_gc_sender_total_signaling,sender,456,false,32,2,recipient_bits=16;location_bytes=32,12976,68,measured,ok,unavailable,rustc,nightly-2021-05-06,Release,JerryZ
1787147280661984970,PPS-GC,sender_signaling,pps_gc_share_generation,sender,457,false,32,2,recipient_bits=16;location_bytes=32,10083,68,measured,ok,unavailable,rustc,nightly-2021-05-06,Release,JerryZ
1787147280663066322,PPS-GC,sender_signaling,pps_gc_sender_preparation,sender,457,false,32,2,recipient_bits=16;location_bytes=32,303,68,measured,ok,unavailable,rustc,nightly-2021-05-06,Release,JerryZ
1787147280664366551,PPS-GC,sender_signaling,message_encryption,sender,457,false,32,2,recipient_bits=16;location_bytes=32,-1,,not_applicable,not_applicable,unavailable,rustc,nightly-2021-05-06,Release,JerryZ
1787147280665622881,PPS-GC,sender_signaling,pps_gc_sender_total_signaling,sender,457,false,32,2,recipient_bits=16;location_bytes=32,44808,68,measured,ok,unavailable,rustc,nightly-2021-05-06,Release,JerryZ
1787147280666743861,PPS-GC,sender_signaling,pps_gc_share_generation,sender,458,false,32,2,recipient_bits=16;location_bytes=32,9606,68,measured,ok,unavailable,rustc,nightly-2021-05-06,Release,JerryZ
1787147280667822238,PPS-GC,sender_signaling,pps_gc_sender_preparation,sender,458,false,32,2,recipient_bits=16;location_bytes=32,137,68,measured,ok,unavailable,rustc,nightly-2021-05-06,Release,JerryZ
1787147280668953182,PPS-GC,sender_signaling,message_encryption,sender,458,false,32,2,recipient_bits=16;location_bytes=32,-1,,not_applicable,not_applicable,unavailable,rustc,nightly-2021-05-06,Release,JerryZ
1787147280670066742,PPS-GC,sender_signaling,pps_gc_sender_total_signaling,sender,458,false,32,2,recipient_bits=16;location_bytes=32,9661,68,measured,ok,unavailable,rustc,nightly-2021-05-06,Release,JerryZ
1787147280671178282,PPS-GC,sender_signaling,pps_gc_share_generation,sender,459,false,32,2,recipient_bits=16;location_bytes=32,9533,68,measured,ok,unavailable,rustc,nightly-2021-05-06,Release,JerryZ
1787147280672250900,PPS-GC,sender_signaling,pps_gc_sender_preparation,sender,459,false,32,2,recipient_bits=16;location_bytes=32,147,68,measured,ok,unavailable,rustc,nightly-2021-05-06,Release,JerryZ
1787147280673774360,PPS-GC,sender_signaling,message_encryption,sender,459,false,32,2,recipient_bits=16;location_bytes=32,-1,,not_applicable,not_applicable,unavailable,rustc,nightly-2021-05-06,Release,JerryZ
1787147280675716754,PPS-GC,sender_signaling,pps_gc_sender_total_signaling,sender,459,false,32,2,recipient_bits=16;location_bytes=32,11691,68,measured,ok,unavailable,rustc,nightly-2021-05-06,Release,JerryZ
1787147280677758219,PPS-GC,sender_signaling,pps_gc_share_generation,sender,460,false,32,2,recipient_bits=16;location_bytes=32,15089,68,measured,ok,unavailable,rustc,nightly-2021-05-06,Release,JerryZ
1787147280679269187,PPS-GC,sender_signaling,pps_gc_sender_preparation,sender,460,false,32,2,recipient_bits=16;location_bytes=32,734,68,measured,ok,unavailable,rustc,nightly-2021-05-06,Release,JerryZ
1787147280680748550,PPS-GC,sender_signaling,message_encryption,sender,460,false,32,2,recipient_bits=16;location_bytes=32,-1,,not_applicable,not_applicable,unavailable,rustc,nightly-2021-05-06,Release,JerryZ
1787147280682341672,PPS-GC,sender_signaling,pps_gc_sender_total_signaling,sender,460,false,32,2,recipient_bits=16;location_bytes=32,11130,68,measured,ok,unavailable,rustc,nightly-2021-05-06,Release,JerryZ
1787147280683469113,PPS-GC,sender_signaling,pps_gc_share_generation,sender,461,false,32,2,recipient_bits=16;location_bytes=32,9882,68,measured,ok,unavailable,rustc,nightly-2021-05-06,Release,JerryZ
1787147280684550313,PPS-GC,sender_signaling,pps_gc_sender_preparation,sender,461,false,32,2,recipient_bits=16;location_bytes=32,157,68,measured,ok,unavailable,rustc,nightly-2021-05-06,Release,JerryZ
1787147280685799540,PPS-GC,sender_signaling,message_encryption,sender,461,false,32,2,recipient_bits=16;location_bytes=32,-1,,not_applicable,not_applicable,unavailable,rustc,nightly-2021-05-06,Release,JerryZ
1787147280686882178,PPS-GC,sender_signaling,pps_gc_sender_total_signaling,sender,461,false,32,2,recipient_bits=16;location_bytes=32,9900,68,measured,ok,unavailable,rustc,nightly-2021-05-06,Release,JerryZ
1787147280687928448,PPS-GC,sender_signaling,pps_gc_share_generation,sender,462,false,32,2,recipient_bits=16;location_bytes=32,9552,68,measured,ok,unavailable,rustc,nightly-2021-05-06,Release,JerryZ
1787147280689436248,PPS-GC,sender_signaling,pps_gc_sender_preparation,sender,462,false,32,2,recipient_bits=16;location_bytes=32,128,68,measured,ok,unavailable,rustc,nightly-2021-05-06,Release,JerryZ
1787147280691088192,PPS-GC,sender_signaling,message_encryption,sender,462,false,32,2,recipient_bits=16;location_bytes=32,-1,,not_applicable,not_applicable,unavailable,rustc,nightly-2021-05-06,Release,JerryZ
1787147280692314855,PPS-GC,sender_signaling,pps_gc_sender_total_signaling,sender,462,false,32,2,recipient_bits=16;location_bytes=32,22647,68,measured,ok,unavailable,rustc,nightly-2021-05-06,Release,JerryZ
1787147280693508772,PPS-GC,sender_signaling,pps_gc_share_generation,sender,463,false,32,2,recipient_bits=16;location_bytes=32,9560,68,measured,ok,unavailable,rustc,nightly-2021-05-06,Release,JerryZ
1787147280694949650,PPS-GC,sender_signaling,pps_gc_sender_preparation,sender,463,false,32,2,recipient_bits=16;location_bytes=32,147,68,measured,ok,unavailable,rustc,nightly-2021-05-06,Release,JerryZ
1787147280695964705,PPS-GC,sender_signaling,message_encryption,sender,463,false,32,2,recipient_bits=16;location_bytes=32,-1,,not_applicable,not_applicable,unavailable,rustc,nightly-2021-05-06,Release,JerryZ
1787147280697135102,PPS-GC,sender_signaling,pps_gc_sender_total_signaling,sender,463,false,32,2,recipient_bits=16;location_bytes=32,9680,68,measured,ok,unavailable,rustc,nightly-2021-05-06,Release,JerryZ
1787147280698241939,PPS-GC,sender_signaling,pps_gc_share_generation,sender,464,false,32,2,recipient_bits=16;location_bytes=32,9505,68,measured,ok,unavailable,rustc,nightly-2021-05-06,Release,JerryZ
1787147280699268914,PPS-GC,sender_signaling,pps_gc_sender_preparation,sender,464,false,32,2,recipient_bits=16;location_bytes=32,138,68,measured,ok,unavailable,rustc,nightly-2021-05-06,Release,JerryZ
1787147280700457184,PPS-GC,sender_signaling,message_encryption,sender,464,false,32,2,recipient_bits=16;location_bytes=32,-1,,not_applicable,not_applicable,unavailable,rustc,nightly-2021-05-06,Release,JerryZ
1787147280702067310,PPS-GC,sender_signaling,pps_gc_sender_total_signaling,sender,464,false,32,2,recipient_bits=16;location_bytes=32,10295,68,measured,ok,unavailable,rustc,nightly-2021-05-06,Release,JerryZ
1787147280703168976,PPS-GC,sender_signaling,pps_gc_share_generation,sender,465,false,32,2,recipient_bits=16;location_bytes=32,10240,68,measured,ok,unavailable,rustc,nightly-2021-05-06,Release,JerryZ
1787147280704313163,PPS-GC,sender_signaling,pps_gc_sender_preparation,sender,465,false,32,2,recipient_bits=16;location_bytes=32,156,68,measured,ok,unavailable,rustc,nightly-2021-05-06,Release,JerryZ
1787147280705772326,PPS-GC,sender_signaling,message_encryption,sender,465,false,32,2,recipient_bits=16;location_bytes=32,-1,,not_applicable,not_applicable,unavailable,rustc,nightly-2021-05-06,Release,JerryZ
1787147280707901271,PPS-GC,sender_signaling,pps_gc_sender_total_signaling,sender,465,false,32,2,recipient_bits=16;location_bytes=32,18799,68,measured,ok,unavailable,rustc,nightly-2021-05-06,Release,JerryZ
1787147280709673045,PPS-GC,sender_signaling,pps_gc_share_generation,sender,466,false,32,2,recipient_bits=16;location_bytes=32,13592,68,measured,ok,unavailable,rustc,nightly-2021-05-06,Release,JerryZ
1787147280710974564,PPS-GC,sender_signaling,pps_gc_sender_preparation,sender,466,false,32,2,recipient_bits=16;location_bytes=32,505,68,measured,ok,unavailable,rustc,nightly-2021-05-06,Release,JerryZ
1787147280712251852,PPS-GC,sender_signaling,message_encryption,sender,466,false,32,2,recipient_bits=16;location_bytes=32,-1,,not_applicable,not_applicable,unavailable,rustc,nightly-2021-05-06,Release,JerryZ
1787147280713586088,PPS-GC,sender_signaling,pps_gc_sender_total_signaling,sender,466,false,32,2,recipient_bits=16;location_bytes=32,10378,68,measured,ok,unavailable,rustc,nightly-2021-05-06,Release,JerryZ
1787147280714949777,PPS-GC,sender_signaling,pps_gc_share_generation,sender,467,false,32,2,recipient_bits=16;location_bytes=32,9478,68,measured,ok,unavailable,rustc,nightly-2021-05-06,Release,JerryZ
1787147280716009952,PPS-GC,sender_signaling,pps_gc_sender_preparation,sender,467,false,32,2,recipient_bits=16;location_bytes=32,147,68,measured,ok,unavailable,rustc,nightly-2021-05-06,Release,JerryZ
1787147280717031178,PPS-GC,sender_signaling,message_encryption,sender,467,false,32,2,recipient_bits=16;location_bytes=32,-1,,not_applicable,not_applicable,unavailable,rustc,nightly-2021-05-06,Release,JerryZ
1787147280718104458,PPS-GC,sender_signaling,pps_gc_sender_total_signaling,sender,467,false,32,2,recipient_bits=16;location_bytes=32,9652,68,measured,ok,unavailable,rustc,nightly-2021-05-06,Release,JerryZ
1787147280719497801,PPS-GC,sender_signaling,pps_gc_share_generation,sender,468,false,32,2,recipient_bits=16;location_bytes=32,9578,68,measured,ok,unavailable,rustc,nightly-2021-05-06,Release,JerryZ
1787147280720722255,PPS-GC,sender_signaling,pps_gc_sender_preparation,sender,468,false,32,2,recipient_bits=16;location_bytes=32,147,68,measured,ok,unavailable,rustc,nightly-2021-05-06,Release,JerryZ
1787147280722459040,PPS-GC,sender_signaling,message_encryption,sender,468,false,32,2,recipient_bits=16;location_bytes=32,-1,,not_applicable,not_applicable,unavailable,rustc,nightly-2021-05-06,Release,JerryZ
1787147280724104774,PPS-GC,sender_signaling,pps_gc_sender_total_signaling,sender,468,false,32,2,recipient_bits=16;location_bytes=32,11030,68,measured,ok,unavailable,rustc,nightly-2021-05-06,Release,JerryZ
1787147280725141916,PPS-GC,sender_signaling,pps_gc_share_generation,sender,469,false,32,2,recipient_bits=16;location_bytes=32,9551,68,measured,ok,unavailable,rustc,nightly-2021-05-06,Release,JerryZ
1787147280726234031,PPS-GC,sender_signaling,pps_gc_sender_preparation,sender,469,false,32,2,recipient_bits=16;location_bytes=32,138,68,measured,ok,unavailable,rustc,nightly-2021-05-06,Release,JerryZ
1787147280727311682,PPS-GC,sender_signaling,message_encryption,sender,469,false,32,2,recipient_bits=16;location_bytes=32,-1,,not_applicable,not_applicable,unavailable,rustc,nightly-2021-05-06,Release,JerryZ
1787147280728364399,PPS-GC,sender_signaling,pps_gc_sender_total_signaling,sender,469,false,32,2,recipient_bits=16;location_bytes=32,9662,68,measured,ok,unavailable,rustc,nightly-2021-05-06,Release,JerryZ
1787147280729382052,PPS-GC,sender_signaling,pps_gc_share_generation,sender,470,false,32,2,recipient_bits=16;location_bytes=32,9588,68,measured,ok,unavailable,rustc,nightly-2021-05-06,Release,JerryZ
1787147280730672335,PPS-GC,sender_signaling,pps_gc_sender_preparation,sender,470,false,32,2,recipient_bits=16;location_bytes=32,147,68,measured,ok,unavailable,rustc,nightly-2021-05-06,Release,JerryZ
1787147280731753687,PPS-GC,sender_signaling,message_encryption,sender,470,false,32,2,recipient_bits=16;location_bytes=32,-1,,not_applicable,not_applicable,unavailable,rustc,nightly-2021-05-06,Release,JerryZ
1787147280732910419,PPS-GC,sender_signaling,pps_gc_sender_total_signaling,sender,470,false,32,2,recipient_bits=16;location_bytes=32,19984,68,measured,ok,unavailable,rustc,nightly-2021-05-06,Release,JerryZ
1787147280734456516,PPS-GC,sender_signaling,pps_gc_share_generation,sender,471,false,32,2,recipient_bits=16;location_bytes=32,12104,68,measured,ok,unavailable,rustc,nightly-2021-05-06,Release,JerryZ
1787147280735984842,PPS-GC,sender_signaling,pps_gc_sender_preparation,sender,471,false,32,2,recipient_bits=16;location_bytes=32,340,68,measured,ok,unavailable,rustc,nightly-2021-05-06,Release,JerryZ
1787147280737977894,PPS-GC,sender_signaling,message_encryption,sender,471,false,32,2,recipient_bits=16;location_bytes=32,-1,,not_applicable,not_applicable,unavailable,rustc,nightly-2021-05-06,Release,JerryZ
1787147280739490677,PPS-GC,sender_signaling,pps_gc_sender_total_signaling,sender,471,false,32,2,recipient_bits=16;location_bytes=32,12555,68,measured,ok,unavailable,rustc,nightly-2021-05-06,Release,JerryZ
1787147280740715277,PPS-GC,sender_signaling,pps_gc_share_generation,sender,472,false,32,2,recipient_bits=16;location_bytes=32,9799,68,measured,ok,unavailable,rustc,nightly-2021-05-06,Release,JerryZ
1787147280742040518,PPS-GC,sender_signaling,pps_gc_sender_preparation,sender,472,false,32,2,recipient_bits=16;location_bytes=32,220,68,measured,ok,unavailable,rustc,nightly-2021-05-06,Release,JerryZ
1787147280743945989,PPS-GC,sender_signaling,message_encryption,sender,472,false,32,2,recipient_bits=16;location_bytes=32,-1,,not_applicable,not_applicable,unavailable,rustc,nightly-2021-05-06,Release,JerryZ
1787147280745148962,PPS-GC,sender_signaling,pps_gc_sender_total_signaling,sender,472,false,32,2,recipient_bits=16;location_bytes=32,10717,68,measured,ok,unavailable,rustc,nightly-2021-05-06,Release,JerryZ
1787147280746335427,PPS-GC,sender_signaling,pps_gc_share_generation,sender,473,false,32,2,recipient_bits=16;location_bytes=32,9478,68,measured,ok,unavailable,rustc,nightly-2021-05-06,Release,JerryZ
1787147280747356891,PPS-GC,sender_signaling,pps_gc_sender_preparation,sender,473,false,32,2,recipient_bits=16;location_bytes=32,147,68,measured,ok,unavailable,rustc,nightly-2021-05-06,Release,JerryZ
1787147280748903163,PPS-GC,sender_signaling,message_encryption,sender,473,false,32,2,recipient_bits=16;location_bytes=32,-1,,not_applicable,not_applicable,unavailable,rustc,nightly-2021-05-06,Release,JerryZ
1787147280750071733,PPS-GC,sender_signaling,pps_gc_sender_total_signaling,sender,473,false,32,2,recipient_bits=16;location_bytes=32,11012,68,measured,ok,unavailable,rustc,nightly-2021-05-06,Release,JerryZ
1787147280751367728,PPS-GC,sender_signaling,pps_gc_share_generation,sender,474,false,32,2,recipient_bits=16;location_bytes=32,11168,68,measured,ok,unavailable,rustc,nightly-2021-05-06,Release,JerryZ
1787147280752961268,PPS-GC,sender_signaling,pps_gc_sender_preparation,sender,474,false,32,2,recipient_bits=16;location_bytes=32,138,68,measured,ok,unavailable,rustc,nightly-2021-05-06,Release,JerryZ
1787147280754302346,PPS-GC,sender_signaling,message_encryption,sender,474,false,32,2,recipient_bits=16;location_bytes=32,-1,,not_applicable,not_applicable,unavailable,rustc,nightly-2021-05-06,Release,JerryZ
1787147280755363815,PPS-GC,sender_signaling,pps_gc_sender_total_signaling,sender,474,false,32,2,recipient_bits=16;location_bytes=32,10019,68,measured,ok,unavailable,rustc,nightly-2021-05-06,Release,JerryZ
1787147280756411665,PPS-GC,sender_signaling,pps_gc_share_generation,sender,475,false,32,2,recipient_bits=16;location_bytes=32,9450,68,measured,ok,unavailable,rustc,nightly-2021-05-06,Release,JerryZ
1787147280757501521,PPS-GC,sender_signaling,pps_gc_sender_preparation,sender,475,false,32,2,recipient_bits=16;location_bytes=32,147,68,measured,ok,unavailable,rustc,nightly-2021-05-06,Release,JerryZ
1787147280758748907,PPS-GC,sender_signaling,message_encryption,sender,475,false,32,2,recipient_bits=16;location_bytes=32,-1,,not_applicable,not_applicable,unavailable,rustc,nightly-2021-05-06,Release,JerryZ
1787147280760038612,PPS-GC,sender_signaling,pps_gc_sender_total_signaling,sender,475,false,32,2,recipient_bits=16;location_bytes=32,9992,68,measured,ok,unavailable,rustc,nightly-2021-05-06,Release,JerryZ
1787147280761110211,PPS-GC,sender_signaling,pps_gc_share_generation,sender,476,false,32,2,recipient_bits=16;location_bytes=32,9514,68,measured,ok,unavailable,rustc,nightly-2021-05-06,Release,JerryZ
1787147280762178926,PPS-GC,sender_signaling,pps_gc_sender_preparation,sender,476,false,32,2,recipient_bits=16;location_bytes=32,147,68,measured,ok,unavailable,rustc,nightly-2021-05-06,Release,JerryZ
1787147280763313443,PPS-GC,sender_signaling,message_encryption,sender,476,false,32,2,recipient_bits=16;location_bytes=32,-1,,not_applicable,not_applicable,unavailable,rustc,nightly-2021-05-06,Release,JerryZ
1787147280764433858,PPS-GC,sender_signaling,pps_gc_sender_total_signaling,sender,476,false,32,2,recipient_bits=16;location_bytes=32,10249,68,measured,ok,unavailable,rustc,nightly-2021-05-06,Release,JerryZ
1787147280766091809,PPS-GC,sender_signaling,pps_gc_share_generation,sender,477,false,32,2,recipient_bits=16;location_bytes=32,11131,68,measured,ok,unavailable,rustc,nightly-2021-05-06,Release,JerryZ
1787147280767514127,PPS-GC,sender_signaling,pps_gc_sender_preparation,sender,477,false,32,2,recipient_bits=16;location_bytes=32,138,68,measured,ok,unavailable,rustc,nightly-2021-05-06,Release,JerryZ
1787147280769027988,PPS-GC,sender_signaling,message_encryption,sender,477,false,32,2,recipient_bits=16;location_bytes=32,-1,,not_applicable,not_applicable,unavailable,rustc,nightly-2021-05-06,Release,JerryZ
1787147280770272807,PPS-GC,sender_signaling,pps_gc_sender_total_signaling,sender,477,false,32,2,recipient_bits=16;location_bytes=32,10488,68,measured,ok,unavailable,rustc,nightly-2021-05-06,Release,JerryZ
1787147280771506375,PPS-GC,sender_signaling,pps_gc_share_generation,sender,478,false,32,2,recipient_bits=16;location_bytes=32,9560,68,measured,ok,unavailable,rustc,nightly-2021-05-06,Release,JerryZ
1787147280772575862,PPS-GC,sender_signaling,pps_gc_sender_preparation,sender,478,false,32,2,recipient_bits=16;location_bytes=32,147,68,measured,ok,unavailable,rustc,nightly-2021-05-06,Release,JerryZ
1787147280773902411,PPS-GC,sender_signaling,message_encryption,sender,478,false,32,2,recipient_bits=16;location_bytes=32,-1,,not_applicable,not_applicable,unavailable,rustc,nightly-2021-05-06,Release,JerryZ
1787147280775169298,PPS-GC,sender_signaling,pps_gc_sender_total_signaling,sender,478,false,32,2,recipient_bits=16;location_bytes=32,9873,68,measured,ok,unavailable,rustc,nightly-2021-05-06,Release,JerryZ
1787147280776287743,PPS-GC,sender_signaling,pps_gc_share_generation,sender,479,false,32,2,recipient_bits=16;location_bytes=32,21325,68,measured,ok,unavailable,rustc,nightly-2021-05-06,Release,JerryZ
1787147280777933746,PPS-GC,sender_signaling,pps_gc_sender_preparation,sender,479,false,32,2,recipient_bits=16;location_bytes=32,284,68,measured,ok,unavailable,rustc,nightly-2021-05-06,Release,JerryZ
1787147280779567042,PPS-GC,sender_signaling,message_encryption,sender,479,false,32,2,recipient_bits=16;location_bytes=32,-1,,not_applicable,not_applicable,unavailable,rustc,nightly-2021-05-06,Release,JerryZ
1787147280780979588,PPS-GC,sender_signaling,pps_gc_sender_total_signaling,sender,479,false,32,2,recipient_bits=16;location_bytes=32,11461,68,measured,ok,unavailable,rustc,nightly-2021-05-06,Release,JerryZ
1787147280782925959,PPS-GC,sender_signaling,pps_gc_share_generation,sender,480,false,32,2,recipient_bits=16;location_bytes=32,10414,68,measured,ok,unavailable,rustc,nightly-2021-05-06,Release,JerryZ
1787147280784113834,PPS-GC,sender_signaling,pps_gc_sender_preparation,sender,480,false,32,2,recipient_bits=16;location_bytes=32,477,68,measured,ok,unavailable,rustc,nightly-2021-05-06,Release,JerryZ
1787147280785159213,PPS-GC,sender_signaling,message_encryption,sender,480,false,32,2,recipient_bits=16;location_bytes=32,-1,,not_applicable,not_applicable,unavailable,rustc,nightly-2021-05-06,Release,JerryZ
1787147280786320335,PPS-GC,sender_signaling,pps_gc_sender_total_signaling,sender,480,false,32,2,recipient_bits=16;location_bytes=32,9919,68,measured,ok,unavailable,rustc,nightly-2021-05-06,Release,JerryZ
1787147280787351360,PPS-GC,sender_signaling,pps_gc_share_generation,sender,481,false,32,2,recipient_bits=16;location_bytes=32,9561,68,measured,ok,unavailable,rustc,nightly-2021-05-06,Release,JerryZ
1787147280788442557,PPS-GC,sender_signaling,pps_gc_sender_preparation,sender,481,false,32,2,recipient_bits=16;location_bytes=32,128,68,measured,ok,unavailable,rustc,nightly-2021-05-06,Release,JerryZ
1787147280790004211,PPS-GC,sender_signaling,message_encryption,sender,481,false,32,2,recipient_bits=16;location_bytes=32,-1,,not_applicable,not_applicable,unavailable,rustc,nightly-2021-05-06,Release,JerryZ
1787147280791074956,PPS-GC,sender_signaling,pps_gc_sender_total_signaling,sender,481,false,32,2,recipient_bits=16;location_bytes=32,10166,68,measured,ok,unavailable,rustc,nightly-2021-05-06,Release,JerryZ
1787147280792152993,PPS-GC,sender_signaling,pps_gc_share_generation,sender,482,false,32,2,recipient_bits=16;location_bytes=32,9817,68,measured,ok,unavailable,rustc,nightly-2021-05-06,Release,JerryZ
1787147280793197123,PPS-GC,sender_signaling,pps_gc_sender_preparation,sender,482,false,32,2,recipient_bits=16;location_bytes=32,147,68,measured,ok,unavailable,rustc,nightly-2021-05-06,Release,JerryZ
1787147280794286566,PPS-GC,sender_signaling,message_encryption,sender,482,false,32,2,recipient_bits=16;location_bytes=32,-1,,not_applicable,not_applicable,unavailable,rustc,nightly-2021-05-06,Release,JerryZ
1787147280795658984,PPS-GC,sender_signaling,pps_gc_sender_total_signaling,sender,482,false,32,2,recipient_bits=16;location_bytes=32,21251,68,measured,ok,unavailable,rustc,nightly-2021-05-06,Release,JerryZ
1787147280797237609,PPS-GC,sender_signaling,pps_gc_share_generation,sender,483,false,32,2,recipient_bits=16;location_bytes=32,13078,68,measured,ok,unavailable,rustc,nightly-2021-05-06,Release,JerryZ
1787147280798922270,PPS-GC,sender_signaling,pps_gc_sender_preparation,sender,483,false,32,2,recipient_bits=16;location_bytes=32,726,68,measured,ok,unavailable,rustc,nightly-2021-05-06,Release,JerryZ
1787147280800677183,PPS-GC,sender_signaling,message_encryption,sender,483,false,32,2,recipient_bits=16;location_bytes=32,-1,,not_applicable,not_applicable,unavailable,rustc,nightly-2021-05-06,Release,JerryZ
1787147280802178940,PPS-GC,sender_signaling,pps_gc_sender_total_signaling,sender,483,false,32,2,recipient_bits=16;location_bytes=32,12297,68,measured,ok,unavailable,rustc,nightly-2021-05-06,Release,JerryZ
1787147280803281957,PPS-GC,sender_signaling,pps_gc_share_generation,sender,484,false,32,2,recipient_bits=16;location_bytes=32,11167,68,measured,ok,unavailable,rustc,nightly-2021-05-06,Release,JerryZ
1787147280804746355,PPS-GC,sender_signaling,pps_gc_sender_preparation,sender,484,false,32,2,recipient_bits=16;location_bytes=32,156,68,measured,ok,unavailable,rustc,nightly-2021-05-06,Release,JerryZ
1787147280805973270,PPS-GC,sender_signaling,message_encryption,sender,484,false,32,2,recipient_bits=16;location_bytes=32,-1,,not_applicable,not_applicable,unavailable,rustc,nightly-2021-05-06,Release,JerryZ
1787147280807140059,PPS-GC,sender_signaling,pps_gc_sender_total_signaling,sender,484,false,32,2,recipient_bits=16;location_bytes=32,10157,68,measured,ok,unavailable,rustc,nightly-2021-05-06,Release,JerryZ
1787147280808576047,PPS-GC,sender_signaling,pps_gc_share_generation,sender,485,false,32,2,recipient_bits=16;location_bytes=32,21159,68,measured,ok,unavailable,rustc,nightly-2021-05-06,Release,JerryZ
1787147280809882062,PPS-GC,sender_signaling,pps_gc_sender_preparation,sender,485,false,32,2,recipient_bits=16;location_bytes=32,275,68,measured,ok,unavailable,rustc,nightly-2021-05-06,Release,JerryZ
1787147280811155369,PPS-GC,sender_signaling,message_encryption,sender,485,false,32,2,recipient_bits=16;location_bytes=32,-1,,not_applicable,not_applicable,unavailable,rustc,nightly-2021-05-06,Release,JerryZ
1787147280812596183,PPS-GC,sender_signaling,pps_gc_sender_total_signaling,sender,485,false,32,2,recipient_bits=16;location_bytes=32,12040,68,measured,ok,unavailable,rustc,nightly-2021-05-06,Release,JerryZ
1787147280814010171,PPS-GC,sender_signaling,pps_gc_share_generation,sender,486,false,32,2,recipient_bits=16;location_bytes=32,10002,68,measured,ok,unavailable,rustc,nightly-2021-05-06,Release,JerryZ
1787147280815487793,PPS-GC,sender_signaling,pps_gc_sender_preparation,sender,486,false,32,2,recipient_bits=16;location_bytes=32,395,68,measured,ok,unavailable,rustc,nightly-2021-05-06,Release,JerryZ
1787147280816592858,PPS-GC,sender_signaling,message_encryption,sender,486,false,32,2,recipient_bits=16;location_bytes=32,-1,,not_applicable,not_applicable,unavailable,rustc,nightly-2021-05-06,Release,JerryZ
1787147280817794095,PPS-GC,sender_signaling,pps_gc_sender_total_signaling,sender,486,false,32,2,recipient_bits=16;location_bytes=32,9725,68,measured,ok,unavailable,rustc,nightly-2021-05-06,Release,JerryZ
1787147280819025739,PPS-GC,sender_signaling,pps_gc_share_generation,sender,487,false,32,2,recipient_bits=16;location_bytes=32,21206,68,measured,ok,unavailable,rustc,nightly-2021-05-06,Release,JerryZ
1787147280820587053,PPS-GC,sender_signaling,pps_gc_sender_preparation,sender,487,false,32,2,recipient_bits=16;location_bytes=32,276,68,measured,ok,unavailable,rustc,nightly-2021-05-06,Release,JerryZ
1787147280821914296,PPS-GC,sender_signaling,message_encryption,sender,487,false,32,2,recipient_bits=16;location_bytes=32,-1,,not_applicable,not_applicable,unavailable,rustc,nightly-2021-05-06,Release,JerryZ
1787147280823190633,PPS-GC,sender_signaling,pps_gc_sender_total_signaling,sender,487,false,32,2,recipient_bits=16;location_bytes=32,22619,68,measured,ok,unavailable,rustc,nightly-2021-05-06,Release,JerryZ
1787147280824575775,PPS-GC,sender_signaling,pps_gc_share_generation,sender,488,false,32,2,recipient_bits=16;location_bytes=32,10057,68,measured,ok,unavailable,rustc,nightly-2021-05-06,Release,JerryZ
1787147280826085587,PPS-GC,sender_signaling,pps_gc_sender_preparation,sender,488,false,32,2,recipient_bits=16;location_bytes=32,257,68,measured,ok,unavailable,rustc,nightly-2021-05-06,Release,JerryZ
1787147280827508281,PPS-GC,sender_signaling,message_encryption,sender,488,false,32,2,recipient_bits=16;location_bytes=32,-1,,not_applicable,not_applicable,unavailable,rustc,nightly-2021-05-06,Release,JerryZ
1787147280829065504,PPS-GC,sender_signaling,pps_gc_sender_total_signaling,sender,488,false,32,2,recipient_bits=16;location_bytes=32,13243,68,measured,ok,unavailable,rustc,nightly-2021-05-06,Release,JerryZ
1787147280830766783,PPS-GC,sender_signaling,pps_gc_share_generation,sender,489,false,32,2,recipient_bits=16;location_bytes=32,9726,68,measured,ok,unavailable,rustc,nightly-2021-05-06,Release,JerryZ
1787147280831909914,PPS-GC,sender_signaling,pps_gc_sender_preparation,sender,489,false,32,2,recipient_bits=16;location_bytes=32,376,68,measured,ok,unavailable,rustc,nightly-2021-05-06,Release,JerryZ
1787147280832987418,PPS-GC,sender_signaling,message_encryption,sender,489,false,32,2,recipient_bits=16;location_bytes=32,-1,,not_applicable,not_applicable,unavailable,rustc,nightly-2021-05-06,Release,JerryZ
1787147280834368643,PPS-GC,sender_signaling,pps_gc_sender_total_signaling,sender,489,false,32,2,recipient_bits=16;location_bytes=32,22041,68,measured,ok,unavailable,rustc,nightly-2021-05-06,Release,JerryZ
1787147280835772543,PPS-GC,sender_signaling,pps_gc_share_generation,sender,490,false,32,2,recipient_bits=16;location_bytes=32,9845,68,measured,ok,unavailable,rustc,nightly-2021-05-06,Release,JerryZ
1787147280836938946,PPS-GC,sender_signaling,pps_gc_sender_preparation,sender,490,false,32,2,recipient_bits=16;location_bytes=32,221,68,measured,ok,unavailable,rustc,nightly-2021-05-06,Release,JerryZ
1787147280838401709,PPS-GC,sender_signaling,message_encryption,sender,490,false,32,2,recipient_bits=16;location_bytes=32,-1,,not_applicable,not_applicable,unavailable,rustc,nightly-2021-05-06,Release,JerryZ
1787147280839537971,PPS-GC,sender_signaling,pps_gc_sender_total_signaling,sender,490,false,32,2,recipient_bits=16;location_bytes=32,10157,68,measured,ok,unavailable,rustc,nightly-2021-05-06,Release,JerryZ
1787147280840688899,PPS-GC,sender_signaling,pps_gc_share_generation,sender,491,false,32,2,recipient_bits=16;location_bytes=32,9542,68,measured,ok,unavailable,rustc,nightly-2021-05-06,Release,JerryZ
1787147280842016753,PPS-GC,sender_signaling,pps_gc_sender_preparation,sender,491,false,32,2,recipient_bits=16;location_bytes=32,138,68,measured,ok,unavailable,rustc,nightly-2021-05-06,Release,JerryZ
1787147280843825138,PPS-GC,sender_signaling,message_encryption,sender,491,false,32,2,recipient_bits=16;location_bytes=32,-1,,not_applicable,not_applicable,unavailable,rustc,nightly-2021-05-06,Release,JerryZ
1787147280845704605,PPS-GC,sender_signaling,pps_gc_sender_total_signaling,sender,491,false,32,2,recipient_bits=16;location_bytes=32,15824,68,measured,ok,unavailable,rustc,nightly-2021-05-06,Release,JerryZ
1787147280846963222,PPS-GC,sender_signaling,pps_gc_share_generation,sender,492,false,32,2,recipient_bits=16;location_bytes=32,9552,68,measured,ok,unavailable,rustc,nightly-2021-05-06,Release,JerryZ
1787147280848147065,PPS-GC,sender_signaling,pps_gc_sender_preparation,sender,492,false,32,2,recipient_bits=16;location_bytes=32,146,68,measured,ok,unavailable,rustc,nightly-2021-05-06,Release,JerryZ
1787147280849334811,PPS-GC,sender_signaling,message_encryption,sender,492,false,32,2,recipient_bits=16;location_bytes=32,-1,,not_applicable,not_applicable,unavailable,rustc,nightly-2021-05-06,Release,JerryZ
1787147280850891433,PPS-GC,sender_signaling,pps_gc_sender_total_signaling,sender,492,false,32,2,recipient_bits=16;location_bytes=32,10644,68,measured,ok,unavailable,rustc,nightly-2021-05-06,Release,JerryZ
1787147280852121168,PPS-GC,sender_signaling,pps_gc_share_generation,sender,493,false,32,2,recipient_bits=16;location_bytes=32,9634,68,measured,ok,unavailable,rustc,nightly-2021-05-06,Release,JerryZ
1787147280853260562,PPS-GC,sender_signaling,pps_gc_sender_preparation,sender,493,false,32,2,recipient_bits=16;location_bytes=32,239,68,measured,ok,unavailable,rustc,nightly-2021-05-06,Release,JerryZ
1787147280854423521,PPS-GC,sender_signaling,message_encryption,sender,493,false,32,2,recipient_bits=16;location_bytes=32,-1,,not_applicable,not_applicable,unavailable,rustc,nightly-2021-05-06,Release,JerryZ
1787147280855829914,PPS-GC,sender_signaling,pps_gc_sender_total_signaling,sender,493,false,32,2,recipient_bits=16;location_bytes=32,9707,68,measured,ok,unavailable,rustc,nightly-2021-05-06,Release,JerryZ
1787147280857081652,PPS-GC,sender_signaling,pps_gc_share_generation,sender,494,false,32,2,recipient_bits=16;location_bytes=32,22711,68,measured,ok,unavailable,rustc,nightly-2021-05-06,Release,JerryZ
1787147280859053968,PPS-GC,sender_signaling,pps_gc_sender_preparation,sender,494,false,32,2,recipient_bits=16;location_bytes=32,285,68,measured,ok,unavailable,rustc,nightly-2021-05-06,Release,JerryZ
1787147280860858789,PPS-GC,sender_signaling,message_encryption,sender,494,false,32,2,recipient_bits=16;location_bytes=32,-1,,not_applicable,not_applicable,unavailable,rustc,nightly-2021-05-06,Release,JerryZ
1787147280862452508,PPS-GC,sender_signaling,pps_gc_sender_total_signaling,sender,494,false,32,2,recipient_bits=16;location_bytes=32,10801,68,measured,ok,unavailable,rustc,nightly-2021-05-06,Release,JerryZ
1787147280863607427,PPS-GC,sender_signaling,pps_gc_share_generation,sender,495,false,32,2,recipient_bits=16;location_bytes=32,9560,68,measured,ok,unavailable,rustc,nightly-2021-05-06,Release,JerryZ
1787147280864865888,PPS-GC,sender_signaling,pps_gc_sender_preparation,sender,495,false,32,2,recipient_bits=16;location_bytes=32,147,68,measured,ok,unavailable,rustc,nightly-2021-05-06,Release,JerryZ
1787147280866179507,PPS-GC,sender_signaling,message_encryption,sender,495,false,32,2,recipient_bits=16;location_bytes=32,-1,,not_applicable,not_applicable,unavailable,rustc,nightly-2021-05-06,Release,JerryZ
1787147280867356526,PPS-GC,sender_signaling,pps_gc_sender_total_signaling,sender,495,false,32,2,recipient_bits=16;location_bytes=32,10341,68,measured,ok,unavailable,rustc,nightly-2021-05-06,Release,JerryZ
1787147280868819849,PPS-GC,sender_signaling,pps_gc_share_generation,sender,496,false,32,2,recipient_bits=16;location_bytes=32,9542,68,measured,ok,unavailable,rustc,nightly-2021-05-06,Release,JerryZ
1787147280870100512,PPS-GC,sender_signaling,pps_gc_sender_preparation,sender,496,false,32,2,recipient_bits=16;location_bytes=32,138,68,measured,ok,unavailable,rustc,nightly-2021-05-06,Release,JerryZ
1787147280871221368,PPS-GC,sender_signaling,message_encryption,sender,496,false,32,2,recipient_bits=16;location_bytes=32,-1,,not_applicable,not_applicable,unavailable,rustc,nightly-2021-05-06,Release,JerryZ
1787147280872439994,PPS-GC,sender_signaling,pps_gc_sender_total_signaling,sender,496,false,32,2,recipient_bits=16;location_bytes=32,21821,68,measured,ok,unavailable,rustc,nightly-2021-05-06,Release,JerryZ
1787147280873886984,PPS-GC,sender_signaling,pps_gc_share_generation,sender,497,false,32,2,recipient_bits=16;location_bytes=32,9827,68,measured,ok,unavailable,rustc,nightly-2021-05-06,Release,JerryZ
1787147280875299586,PPS-GC,sender_signaling,pps_gc_sender_preparation,sender,497,false,32,2,recipient_bits=16;location_bytes=32,312,68,measured,ok,unavailable,rustc,nightly-2021-05-06,Release,JerryZ
1787147280876772827,PPS-GC,sender_signaling,message_encryption,sender,497,false,32,2,recipient_bits=16;location_bytes=32,-1,,not_applicable,not_applicable,unavailable,rustc,nightly-2021-05-06,Release,JerryZ
1787147280878051061,PPS-GC,sender_signaling,pps_gc_sender_total_signaling,sender,497,false,32,2,recipient_bits=16;location_bytes=32,10240,68,measured,ok,unavailable,rustc,nightly-2021-05-06,Release,JerryZ
1787147280879236139,PPS-GC,sender_signaling,pps_gc_share_generation,sender,498,false,32,2,recipient_bits=16;location_bytes=32,9634,68,measured,ok,unavailable,rustc,nightly-2021-05-06,Release,JerryZ
1787147280880716457,PPS-GC,sender_signaling,pps_gc_sender_preparation,sender,498,false,32,2,recipient_bits=16;location_bytes=32,138,68,measured,ok,unavailable,rustc,nightly-2021-05-06,Release,JerryZ
1787147280881997051,PPS-GC,sender_signaling,message_encryption,sender,498,false,32,2,recipient_bits=16;location_bytes=32,-1,,not_applicable,not_applicable,unavailable,rustc,nightly-2021-05-06,Release,JerryZ
1787147280883231138,PPS-GC,sender_signaling,pps_gc_sender_total_signaling,sender,498,false,32,2,recipient_bits=16;location_bytes=32,10258,68,measured,ok,unavailable,rustc,nightly-2021-05-06,Release,JerryZ
1787147280884668857,PPS-GC,sender_signaling,pps_gc_share_generation,sender,499,false,32,2,recipient_bits=16;location_bytes=32,9679,68,measured,ok,unavailable,rustc,nightly-2021-05-06,Release,JerryZ
1787147280885833520,PPS-GC,sender_signaling,pps_gc_sender_preparation,sender,499,false,32,2,recipient_bits=16;location_bytes=32,147,68,measured,ok,unavailable,rustc,nightly-2021-05-06,Release,JerryZ
1787147280887138258,PPS-GC,sender_signaling,message_encryption,sender,499,false,32,2,recipient_bits=16;location_bytes=32,-1,,not_applicable,not_applicable,unavailable,rustc,nightly-2021-05-06,Release,JerryZ
1787147280889019888,PPS-GC,sender_signaling,pps_gc_sender_total_signaling,sender,499,false,32,2,recipient_bits=16;location_bytes=32,33879,68,measured,ok,unavailable,rustc,nightly-2021-05-06,Release,JerryZ
1787147280890996933,PPS-GC,sender_signaling,pps_gc_share_generation,sender,500,false,32,2,recipient_bits=16;location_bytes=32,23161,68,measured,ok,unavailable,rustc,nightly-2021-05-06,Release,JerryZ
1787147280892463291,PPS-GC,sender_signaling,pps_gc_sender_preparation,sender,500,false,32,2,recipient_bits=16;location_bytes=32,275,68,measured,ok,unavailable,rustc,nightly-2021-05-06,Release,JerryZ
1787147280893867852,PPS-GC,sender_signaling,message_encryption,sender,500,false,32,2,recipient_bits=16;location_bytes=32,-1,,not_applicable,not_applicable,unavailable,rustc,nightly-2021-05-06,Release,JerryZ
1787147280895272740,PPS-GC,sender_signaling,pps_gc_sender_total_signaling,sender,500,false,32,2,recipient_bits=16;location_bytes=32,24301,68,measured,ok,unavailable,rustc,nightly-2021-05-06,Release,JerryZ
1787147280896781749,PPS-GC,sender_signaling,pps_gc_share_generation,sender,501,false,32,2,recipient_bits=16;location_bytes=32,9790,68,measured,ok,unavailable,rustc,nightly-2021-05-06,Release,JerryZ
1787147280898205063,PPS-GC,sender_signaling,pps_gc_sender_preparation,sender,501,false,32,2,recipient_bits=16;location_bytes=32,229,68,measured,ok,unavailable,rustc,nightly-2021-05-06,Release,JerryZ
1787147280899574400,PPS-GC,sender_signaling,message_encryption,sender,501,false,32,2,recipient_bits=16;location_bytes=32,-1,,not_applicable,not_applicable,unavailable,rustc,nightly-2021-05-06,Release,JerryZ
1787147280900760199,PPS-GC,sender_signaling,pps_gc_sender_total_signaling,sender,501,false,32,2,recipient_bits=16;location_bytes=32,9735,68,measured,ok,unavailable,rustc,nightly-2021-05-06,Release,JerryZ
1787147280901915425,PPS-GC,sender_signaling,pps_gc_share_generation,sender,502,false,32,2,recipient_bits=16;location_bytes=32,9514,68,measured,ok,unavailable,rustc,nightly-2021-05-06,Release,JerryZ
1787147280903215875,PPS-GC,sender_signaling,pps_gc_sender_preparation,sender,502,false,32,2,recipient_bits=16;location_bytes=32,138,68,measured,ok,unavailable,rustc,nightly-2021-05-06,Release,JerryZ
1787147280904692872,PPS-GC,sender_signaling,message_encryption,sender,502,false,32,2,recipient_bits=16;location_bytes=32,-1,,not_applicable,not_applicable,unavailable,rustc,nightly-2021-05-06,Release,JerryZ
1787147280906630225,PPS-GC,sender_signaling,pps_gc_sender_total_signaling,sender,502,false,32,2,recipient_bits=16;location_bytes=32,13656,68,measured,ok,unavailable,rustc,nightly-2021-05-06,Release,JerryZ
1787147280907810303,PPS-GC,sender_signaling,pps_gc_share_generation,sender,503,false,32,2,recipient_bits=16;location_bytes=32,9505,68,measured,ok,unavailable,rustc,nightly-2021-05-06,Release,JerryZ
1787147280908897055,PPS-GC,sender_signaling,pps_gc_sender_preparation,sender,503,false,32,2,recipient_bits=16;location_bytes=32,147,68,measured,ok,unavailable,rustc,nightly-2021-05-06,Release,JerryZ
1787147280910054742,PPS-GC,sender_signaling,message_encryption,sender,503,false,32,2,recipient_bits=16;location_bytes=32,-1,,not_applicable,not_applicable,unavailable,rustc,nightly-2021-05-06,Release,JerryZ
1787147280911513409,PPS-GC,sender_signaling,pps_gc_sender_total_signaling,sender,503,false,32,2,recipient_bits=16;location_bytes=32,9817,68,measured,ok,unavailable,rustc,nightly-2021-05-06,Release,JerryZ
1787147280912654796,PPS-GC,sender_signaling,pps_gc_share_generation,sender,504,false,32,2,recipient_bits=16;location_bytes=32,9579,68,measured,ok,unavailable,rustc,nightly-2021-05-06,Release,JerryZ
1787147280913997022,PPS-GC,sender_signaling,pps_gc_sender_preparation,sender,504,false,32,2,recipient_bits=16;location_bytes=32,137,68,measured,ok,unavailable,rustc,nightly-2021-05-06,Release,JerryZ
1787147280915632348,PPS-GC,sender_signaling,message_encryption,sender,504,false,32,2,recipient_bits=16;location_bytes=32,-1,,not_applicable,not_applicable,unavailable,rustc,nightly-2021-05-06,Release,JerryZ
1787147280917051773,PPS-GC,sender_signaling,pps_gc_sender_total_signaling,sender,504,false,32,2,recipient_bits=16;location_bytes=32,11507,68,measured,ok,unavailable,rustc,nightly-2021-05-06,Release,JerryZ
1787147280918402953,PPS-GC,sender_signaling,pps_gc_share_generation,sender,505,false,32,2,recipient_bits=16;location_bytes=32,9910,68,measured,ok,unavailable,rustc,nightly-2021-05-06,Release,JerryZ
1787147280919744766,PPS-GC,sender_signaling,pps_gc_sender_preparation,sender,505,false,32,2,recipient_bits=16;location_bytes=32,147,68,measured,ok,unavailable,rustc,nightly-2021-05-06,Release,JerryZ
1787147280921298687,PPS-GC,sender_signaling,message_encryption,sender,505,false,32,2,recipient_bits=16;location_bytes=32,-1,,not_applicable,not_applicable,unavailable,rustc,nightly-2021-05-06,Release,JerryZ
1787147280922819055,PPS-GC,sender_signaling,pps_gc_sender_total_signaling,sender,505,false,32,2,recipient_bits=16;location_bytes=32,10497,68,measured,ok,unavailable,rustc,nightly-2021-05-06,Release,JerryZ
1787147280924241534,PPS-GC,sender_signaling,pps_gc_share_generation,sender,506,false,32,2,recipient_bits=16;location_bytes=32,9542,68,measured,ok,unavailable,rustc,nightly-2021-05-06,Release,JerryZ
1787147280925397173,PPS-GC,sender_signaling,pps_gc_sender_preparation,sender,506,false,32,2,recipient_bits=16;location_bytes=32,147,68,measured,ok,unavailable,rustc,nightly-2021-05-06,Release,JerryZ
1787147280926752142,PPS-GC,sender_signaling,message_encryption,sender,506,false,32,2,recipient_bits=16;location_bytes=32,-1,,not_applicable,not_applicable,unavailable,rustc,nightly-2021-05-06,Release,JerryZ
1787147280927992167,PPS-GC,sender_signaling,pps_gc_sender_total_signaling,sender,506,false,32,2,recipient_bits=16;location_bytes=32,10295,68,measured,ok,unavailable,rustc,nightly-2021-05-06,Release,JerryZ
1787147280929117748,PPS-GC,sender_signaling,pps_gc_share_generation,sender,507,false,32,2,recipient_bits=16;location_bytes=32,9560,68,measured,ok,unavailable,rustc,nightly-2021-05-06,Release,JerryZ
1787147280930570868,PPS-GC,sender_signaling,pps_gc_sender_preparation,sender,507,false,32,2,recipient_bits=16;location_bytes=32,156,68,measured,ok,unavailable,rustc,nightly-2021-05-06,Release,JerryZ
1787147280931692215,PPS-GC,sender_signaling,message_encryption,sender,507,false,32,2,recipient_bits=16;location_bytes=32,-1,,not_applicable,not_applicable,unavailable,rustc,nightly-2021-05-06,Release,JerryZ
1787147280932849003,PPS-GC,sender_signaling,pps_gc_sender_total_signaling,sender,507,false,32,2,recipient_bits=16;location_bytes=32,9836,68,measured,ok,unavailable,rustc,nightly-2021-05-06,Release,JerryZ
1787147280934132737,PPS-GC,sender_signaling,pps_gc_share_generation,sender,508,false,32,2,recipient_bits=16;location_bytes=32,24594,68,measured,ok,unavailable,rustc,nightly-2021-05-06,Release,JerryZ
1787147280935813316,PPS-GC,sender_signaling,pps_gc_sender_preparation,sender,508,false,32,2,recipient_bits=16;location_bytes=32,523,68,measured,ok,unavailable,rustc,nightly-2021-05-06,Release,JerryZ
1787147280937319900,PPS-GC,sender_signaling,message_encryption,sender,508,false,32,2,recipient_bits=16;location_bytes=32,-1,,not_applicable,not_applicable,unavailable,rustc,nightly-2021-05-06,Release,JerryZ
1787147280938615298,PPS-GC,sender_signaling,pps_gc_sender_total_signaling,sender,508,false,32,2,recipient_bits=16;location_bytes=32,10083,68,measured,ok,unavailable,rustc,nightly-2021-05-06,Release,JerryZ
1787147280940162947,PPS-GC,sender_signaling,pps_gc_share_generation,sender,509,false,32,2,recipient_bits=16;location_bytes=32,21214,68,measured,ok,unavailable,rustc,nightly-2021-05-06,Release,JerryZ
1787147280941638301,PPS-GC,sender_signaling,pps_gc_sender_preparation,sender,509,false,32,2,recipient_bits=16;location_bytes=32,276,68,measured,ok,unavailable,rustc,nightly-2021-05-06,Release,JerryZ
1787147280942802629,PPS-GC,sender_signaling,message_encryption,sender,509,false,32,2,recipient_bits=16;location_bytes=32,-1,,not_applicable,not_applicable,unavailable,rustc,nightly-2021-05-06,Release,JerryZ
1787147280943952189,PPS-GC,sender_signaling,pps_gc_sender_total_signaling,sender,509,false,32,2,recipient_bits=16;location_bytes=32,9845,68,measured,ok,unavailable,rustc,nightly-2021-05-06,Release,JerryZ
1787147280945198505,PPS-GC,sender_signaling,pps_gc_share_generation,sender,510,false,32,2,recipient_bits=16;location_bytes=32,21380,68,measured,ok,unavailable,rustc,nightly-2021-05-06,Release,JerryZ
1787147280946521891,PPS-GC,sender_signaling,pps_gc_sender_preparation,sender,510,false,32,2,recipient_bits=16;location_bytes=32,284,68,measured,ok,unavailable,rustc,nightly-2021-05-06,Release,JerryZ
1787147280948075812,PPS-GC,sender_signaling,message_encryption,sender,510,false,32,2,recipient_bits=16;location_bytes=32,-1,,not_applicable,not_applicable,unavailable,rustc,nightly-2021-05-06,Release,JerryZ
1787147280949712066,PPS-GC,sender_signaling,pps_gc_sender_total_signaling,sender,510,false,32,2,recipient_bits=16;location_bytes=32,13610,68,measured,ok,unavailable,rustc,nightly-2021-05-06,Release,JerryZ
1787147280951293961,PPS-GC,sender_signaling,pps_gc_share_generation,sender,511,false,32,2,recipient_bits=16;location_bytes=32,11571,68,measured,ok,unavailable,rustc,nightly-2021-05-06,Release,JerryZ
1787147280952992526,PPS-GC,sender_signaling,pps_gc_sender_preparation,sender,511,false,32,2,recipient_bits=16;location_bytes=32,597,68,measured,ok,unavailable,rustc,nightly-2021-05-06,Release,JerryZ
1787147280954344092,PPS-GC,sender_signaling,message_encryption,sender,511,false,32,2,recipient_bits=16;location_bytes=32,-1,,not_applicable,not_applicable,unavailable,rustc,nightly-2021-05-06,Release,JerryZ
1787147280955741949,PPS-GC,sender_signaling,pps_gc_sender_total_signaling,sender,511,false,32,2,recipient_bits=16;location_bytes=32,10231,68,measured,ok,unavailable,rustc,nightly-2021-05-06,Release,JerryZ
1787147280956966224,PPS-GC,sender_signaling,pps_gc_share_generation,sender,512,false,32,2,recipient_bits=16;location_bytes=32,9982,68,measured,ok,unavailable,rustc,nightly-2021-05-06,Release,JerryZ
1787147280958168232,PPS-GC,sender_signaling,pps_gc_sender_preparation,sender,512,false,32,2,recipient_bits=16;location_bytes=32,514,68,measured,ok,unavailable,rustc,nightly-2021-05-06,Release,JerryZ
1787147280959189219,PPS-GC,sender_signaling,message_encryption,sender,512,false,32,2,recipient_bits=16;location_bytes=32,-1,,not_applicable,not_applicable,unavailable,rustc,nightly-2021-05-06,Release,JerryZ
1787147280960491533,PPS-GC,sender_signaling,pps_gc_sender_total_signaling,sender,512,false,32,2,recipient_bits=16;location_bytes=32,9992,68,measured,ok,unavailable,rustc,nightly-2021-05-06,Release,JerryZ
1787147280961617205,PPS-GC,sender_signaling,pps_gc_share_generation,sender,513,false,32,2,recipient_bits=16;location_bytes=32,16145,68,measured,ok,unavailable,rustc,nightly-2021-05-06,Release,JerryZ
1787147280962722545,PPS-GC,sender_signaling,pps_gc_sender_preparation,sender,513,false,32,2,recipient_bits=16;location_bytes=32,156,68,measured,ok,unavailable,rustc,nightly-2021-05-06,Release,JerryZ
1787147280963792647,PPS-GC,sender_signaling,message_encryption,sender,513,false,32,2,recipient_bits=16;location_bytes=32,-1,,not_applicable,not_applicable,unavailable,rustc,nightly-2021-05-06,Release,JerryZ
1787147280965477612,PPS-GC,sender_signaling,pps_gc_sender_total_signaling,sender,513,false,32,2,recipient_bits=16;location_bytes=32,12931,68,measured,ok,unavailable,rustc,nightly-2021-05-06,Release,JerryZ
1787147280966875335,PPS-GC,sender_signaling,pps_gc_share_generation,sender,514,false,32,2,recipient_bits=16;location_bytes=32,10442,68,measured,ok,unavailable,rustc,nightly-2021-05-06,Release,JerryZ
1787147280967995489,PPS-GC,sender_signaling,pps_gc_sender_preparation,sender,514,false,32,2,recipient_bits=16;location_bytes=32,367,68,measured,ok,unavailable,rustc,nightly-2021-05-06,Release,JerryZ
1787147280969334941,PPS-GC,sender_signaling,message_encryption,sender,514,false,32,2,recipient_bits=16;location_bytes=32,-1,,not_applicable,not_applicable,unavailable,rustc,nightly-2021-05-06,Release,JerryZ
1787147280970511630,PPS-GC,sender_signaling,pps_gc_sender_total_signaling,sender,514,false,32,2,recipient_bits=16;location_bytes=32,9671,68,measured,ok,unavailable,rustc,nightly-2021-05-06,Release,JerryZ
1787147280971572961,PPS-GC,sender_signaling,pps_gc_share_generation,sender,515,false,32,2,recipient_bits=16;location_bytes=32,9551,68,measured,ok,unavailable,rustc,nightly-2021-05-06,Release,JerryZ
1787147280972664287,PPS-GC,sender_signaling,pps_gc_sender_preparation,sender,515,false,32,2,recipient_bits=16;location_bytes=32,147,68,measured,ok,unavailable,rustc,nightly-2021-05-06,Release,JerryZ
1787147280973731707,PPS-GC,sender_signaling,message_encryption,sender,515,false,32,2,recipient_bits=16;location_bytes=32,-1,,not_applicable,not_applicable,unavailable,rustc,nightly-2021-05-06,Release,JerryZ
1787147280974793764,PPS-GC,sender_signaling,pps_gc_sender_total_signaling,sender,515,false,32,2,recipient_bits=16;location_bytes=32,9918,68,measured,ok,unavailable,rustc,nightly-2021-05-06,Release,JerryZ
1787147280976283877,PPS-GC,sender_signaling,pps_gc_share_generation,sender,516,false,32,2,recipient_bits=16;location_bytes=32,9946,68,measured,ok,unavailable,rustc,nightly-2021-05-06,Release,JerryZ
1787147280977672017,PPS-GC,sender_signaling,pps_gc_sender_preparation,sender,516,false,32,2,recipient_bits=16;location_bytes=32,157,68,measured,ok,unavailable,rustc,nightly-2021-05-06,Release,JerryZ
1787147280979036844,PPS-GC,sender_signaling,message_encryption,sender,516,false,32,2,recipient_bits=16;location_bytes=32,-1,,not_applicable,not_applicable,unavailable,rustc,nightly-2021-05-06,Release,JerryZ
1787147280980437915,PPS-GC,sender_signaling,pps_gc_sender_total_signaling,sender,516,false,32,2,recipient_bits=16;location_bytes=32,12609,68,measured,ok,unavailable,rustc,nightly-2021-05-06,Release,JerryZ
1787147280982060348,PPS-GC,sender_signaling,pps_gc_share_generation,sender,517,false,32,2,recipient_bits=16;location_bytes=32,21242,68,measured,ok,unavailable,rustc,nightly-2021-05-06,Release,JerryZ
1787147280983943461,PPS-GC,sender_signaling,pps_gc_sender_preparation,sender,517,false,32,2,recipient_bits=16;location_bytes=32,376,68,measured,ok,unavailable,rustc,nightly-2021-05-06,Release,JerryZ
1787147280985217346,PPS-GC,sender_signaling,message_encryption,sender,517,false,32,2,recipient_bits=16;location_bytes=32,-1,,not_applicable,not_applicable,unavailable,rustc,nightly-2021-05-06,Release,JerryZ
1787147280986507092,PPS-GC,sender_signaling,pps_gc_sender_total_signaling,sender,517,false,32,2,recipient_bits=16;location_bytes=32,10488,68,measured,ok,unavailable,rustc,nightly-2021-05-06,Release,JerryZ
1787147280987834822,PPS-GC,sender_signaling,pps_gc_share_generation,sender,518,false,32,2,recipient_bits=16;location_bytes=32,10617,68,measured,ok,unavailable,rustc,nightly-2021-05-06,Release,JerryZ
1787147280989296502,PPS-GC,sender_signaling,pps_gc_sender_preparation,sender,518,false,32,2,recipient_bits=16;location_bytes=32,533,68,measured,ok,unavailable,rustc,nightly-2021-05-06,Release,JerryZ
1787147280990496275,PPS-GC,sender_signaling,message_encryption,sender,518,false,32,2,recipient_bits=16;location_bytes=32,-1,,not_applicable,not_applicable,unavailable,rustc,nightly-2021-05-06,Release,JerryZ
1787147280991808617,PPS-GC,sender_signaling,pps_gc_sender_total_signaling,sender,518,false,32,2,recipient_bits=16;location_bytes=32,9744,68,measured,ok,unavailable,rustc,nightly-2021-05-06,Release,JerryZ
1787147280993252544,PPS-GC,sender_signaling,pps_gc_share_generation,sender,519,false,32,2,recipient_bits=16;location_bytes=32,9569,68,measured,ok,unavailable,rustc,nightly-2021-05-06,Release,JerryZ
1787147280994506689,PPS-GC,sender_signaling,pps_gc_sender_preparation,sender,519,false,32,2,recipient_bits=16;location_bytes=32,147,68,measured,ok,unavailable,rustc,nightly-2021-05-06,Release,JerryZ
1787147280995939678,PPS-GC,sender_signaling,message_encryption,sender,519,false,32,2,recipient_bits=16;location_bytes=32,-1,,not_applicable,not_applicable,unavailable,rustc,nightly-2021-05-06,Release,JerryZ
1787147280997394589,PPS-GC,sender_signaling,pps_gc_sender_total_signaling,sender,519,false,32,2,recipient_bits=16;location_bytes=32,11058,68,measured,ok,unavailable,rustc,nightly-2021-05-06,Release,JerryZ
1787147280998684642,PPS-GC,sender_signaling,pps_gc_share_generation,sender,520,false,32,2,recipient_bits=16;location_bytes=32,9680,68,measured,ok,unavailable,rustc,nightly-2021-05-06,Release,JerryZ
1787147280999823576,PPS-GC,sender_signaling,pps_gc_sender_preparation,sender,520,false,32,2,recipient_bits=16;location_bytes=32,165,68,measured,ok,unavailable,rustc,nightly-2021-05-06,Release,JerryZ
1787147281000988666,PPS-GC,sender_signaling,message_encryption,sender,520,false,32,2,recipient_bits=16;location_bytes=32,-1,,not_applicable,not_applicable,unavailable,rustc,nightly-2021-05-06,Release,JerryZ
1787147281002402626,PPS-GC,sender_signaling,pps_gc_sender_total_signaling,sender,520,false,32,2,recipient_bits=16;location_bytes=32,9763,68,measured,ok,unavailable,rustc,nightly-2021-05-06,Release,JerryZ
1787147281003657010,PPS-GC,sender_signaling,pps_gc_share_generation,sender,521,false,32,2,recipient_bits=16;location_bytes=32,9524,68,measured,ok,unavailable,rustc,nightly-2021-05-06,Release,JerryZ
1787147281004966560,PPS-GC,sender_signaling,pps_gc_sender_preparation,sender,521,false,32,2,recipient_bits=16;location_bytes=32,147,68,measured,ok,unavailable,rustc,nightly-2021-05-06,Release,JerryZ
1787147281006274228,PPS-GC,sender_signaling,message_encryption,sender,521,false,32,2,recipient_bits=16;location_bytes=32,-1,,not_applicable,not_applicable,unavailable,rustc,nightly-2021-05-06,Release,JerryZ
1787147281007715492,PPS-GC,sender_signaling,pps_gc_sender_total_signaling,sender,521,false,32,2,recipient_bits=16;location_bytes=32,10295,68,measured,ok,unavailable,rustc,nightly-2021-05-06,Release,JerryZ
1787147281008999268,PPS-GC,sender_signaling,pps_gc_share_generation,sender,522,false,32,2,recipient_bits=16;location_bytes=32,19901,68,measured,ok,unavailable,rustc,nightly-2021-05-06,Release,JerryZ
1787147281010456989,PPS-GC,sender_signaling,pps_gc_sender_preparation,sender,522,false,32,2,recipient_bits=16;location_bytes=32,257,68,measured,ok,unavailable,rustc,nightly-2021-05-06,Release,JerryZ
1787147281011854579,PPS-GC,sender_signaling,message_encryption,sender,522,false,32,2,recipient_bits=16;location_bytes=32,-1,,not_applicable,not_applicable,unavailable,rustc,nightly-2021-05-06,Release,JerryZ
1787147281013666225,PPS-GC,sender_signaling,pps_gc_sender_total_signaling,sender,522,false,32,2,recipient_bits=16;location_bytes=32,56067,68,measured,ok,unavailable,rustc,nightly-2021-05-06,Release,JerryZ
1787147281015418093,PPS-GC,sender_signaling,pps_gc_share_generation,sender,523,false,32,2,recipient_bits=16;location_bytes=32,10019,68,measured,ok,unavailable,rustc,nightly-2021-05-06,Release,JerryZ
1787147281016609448,PPS-GC,sender_signaling,pps_gc_sender_preparation,sender,523,false,32,2,recipient_bits=16;location_bytes=32,377,68,measured,ok,unavailable,rustc,nightly-2021-05-06,Release,JerryZ
1787147281017971254,PPS-GC,sender_signaling,message_encryption,sender,523,false,32,2,recipient_bits=16;location_bytes=32,-1,,not_applicable,not_applicable,unavailable,rustc,nightly-2021-05-06,Release,JerryZ
1787147281019399371,PPS-GC,sender_signaling,pps_gc_sender_total_signaling,sender,523,false,32,2,recipient_bits=16;location_bytes=32,10093,68,measured,ok,unavailable,rustc,nightly-2021-05-06,Release,JerryZ
1787147281020930448,PPS-GC,sender_signaling,pps_gc_share_generation,sender,524,false,32,2,recipient_bits=16;location_bytes=32,9606,68,measured,ok,unavailable,rustc,nightly-2021-05-06,Release,JerryZ
1787147281022191691,PPS-GC,sender_signaling,pps_gc_sender_preparation,sender,524,false,32,2,recipient_bits=16;location_bytes=32,147,68,measured,ok,unavailable,rustc,nightly-2021-05-06,Release,JerryZ
1787147281023356620,PPS-GC,sender_signaling,message_encryption,sender,524,false,32,2,recipient_bits=16;location_bytes=32,-1,,not_applicable,not_applicable,unavailable,rustc,nightly-2021-05-06,Release,JerryZ
1787147281024967086,PPS-GC,sender_signaling,pps_gc_sender_total_signaling,sender,524,false,32,2,recipient_bits=16;location_bytes=32,22298,68,measured,ok,unavailable,rustc,nightly-2021-05-06,Release,JerryZ
1787147281026650783,PPS-GC,sender_signaling,pps_gc_share_generation,sender,525,false,32,2,recipient_bits=16;location_bytes=32,10138,68,measured,ok,unavailable,rustc,nightly-2021-05-06,Release,JerryZ
1787147281027944946,PPS-GC,sender_signaling,pps_gc_sender_preparation,sender,525,false,32,2,recipient_bits=16;location_bytes=32,285,68,measured,ok,unavailable,rustc,nightly-2021-05-06,Release,JerryZ
1787147281029401087,PPS-GC,sender_signaling,message_encryption,sender,525,false,32,2,recipient_bits=16;location_bytes=32,-1,,not_applicable,not_applicable,unavailable,rustc,nightly-2021-05-06,Release,JerryZ
1787147281030570181,PPS-GC,sender_signaling,pps_gc_sender_total_signaling,sender,525,false,32,2,recipient_bits=16;location_bytes=32,10461,68,measured,ok,unavailable,rustc,nightly-2021-05-06,Release,JerryZ
1787147281031708564,PPS-GC,sender_signaling,pps_gc_share_generation,sender,526,false,32,2,recipient_bits=16;location_bytes=32,9533,68,measured,ok,unavailable,rustc,nightly-2021-05-06,Release,JerryZ
1787147281033308510,PPS-GC,sender_signaling,pps_gc_sender_preparation,sender,526,false,32,2,recipient_bits=16;location_bytes=32,138,68,measured,ok,unavailable,rustc,nightly-2021-05-06,Release,JerryZ
1787147281034832966,PPS-GC,sender_signaling,message_encryption,sender,526,false,32,2,recipient_bits=16;location_bytes=32,-1,,not_applicable,not_applicable,unavailable,rustc,nightly-2021-05-06,Release,JerryZ
1787147281036002822,PPS-GC,sender_signaling,pps_gc_sender_total_signaling,sender,526,false,32,2,recipient_bits=16;location_bytes=32,10433,68,measured,ok,unavailable,rustc,nightly-2021-05-06,Release,JerryZ
1787147281037129671,PPS-GC,sender_signaling,pps_gc_share_generation,sender,527,false,32,2,recipient_bits=16;location_bytes=32,9560,68,measured,ok,unavailable,rustc,nightly-2021-05-06,Release,JerryZ
1787147281038341102,PPS-GC,sender_signaling,pps_gc_sender_preparation,sender,527,false,32,2,recipient_bits=16;location_bytes=32,129,68,measured,ok,unavailable,rustc,nightly-2021-05-06,Release,JerryZ
1787147281039783390,PPS-GC,sender_signaling,message_encryption,sender,527,false,32,2,recipient_bits=16;location_bytes=32,-1,,not_applicable,not_applicable,unavailable,rustc,nightly-2021-05-06,Release,JerryZ
1787147281041458156,PPS-GC,sender_signaling,pps_gc_sender_total_signaling,sender,527,false,32,2,recipient_bits=16;location_bytes=32,33190,68,measured,ok,unavailable,rustc,nightly-2021-05-06,Release,JerryZ
1787147281043145256,PPS-GC,sender_signaling,pps_gc_share_generation,sender,528,false,32,2,recipient_bits=16;location_bytes=32,10148,68,measured,ok,unavailable,rustc,nightly-2021-05-06,Release,JerryZ
1787147281044626914,PPS-GC,sender_signaling,pps_gc_sender_preparation,sender,528,false,32,2,recipient_bits=16;location_bytes=32,230,68,measured,ok,unavailable,rustc,nightly-2021-05-06,Release,JerryZ
1787147281046114005,PPS-GC,sender_signaling,message_encryption,sender,528,false,32,2,recipient_bits=16;location_bytes=32,-1,,not_applicable,not_applicable,unavailable,rustc,nightly-2021-05-06,Release,JerryZ
1787147281047241699,PPS-GC,sender_signaling,pps_gc_sender_total_signaling,sender,528,false,32,2,recipient_bits=16;location_bytes=32,9772,68,measured,ok,unavailable,rustc,nightly-2021-05-06,Release,JerryZ
1787147281048466382,PPS-GC,sender_signaling,pps_gc_share_generation,sender,529,false,32,2,recipient_bits=16;location_bytes=32,21297,68,measured,ok,unavailable,rustc,nightly-2021-05-06,Release,JerryZ
1787147281050281090,PPS-GC,sender_signaling,pps_gc_sender_preparation,sender,529,false,32,2,recipient_bits=16;location_bytes=32,276,68,measured,ok,unavailable,rustc,nightly-2021-05-06,Release,JerryZ
1787147281051542779,PPS-GC,sender_signaling,message_encryption,sender,529,false,32,2,recipient_bits=16;location_bytes=32,-1,,not_applicable,not_applicable,unavailable,rustc,nightly-2021-05-06,Release,JerryZ
1787147281052951973,PPS-GC,sender_signaling,pps_gc_sender_total_signaling,sender,529,false,32,2,recipient_bits=16;location_bytes=32,10543,68,measured,ok,unavailable,rustc,nightly-2021-05-06,Release,JerryZ
1787147281054187980,PPS-GC,sender_signaling,pps_gc_share_generation,sender,530,false,32,2,recipient_bits=16;location_bytes=32,10010,68,measured,ok,unavailable,rustc,nightly-2021-05-06,Release,JerryZ
1787147281055384317,PPS-GC,sender_signaling,pps_gc_sender_preparation,sender,530,false,32,2,recipient_bits=16;location_bytes=32,138,68,measured,ok,unavailable,rustc,nightly-2021-05-06,Release,JerryZ
1787147281056828965,PPS-GC,sender_signaling,message_encryption,sender,530,false,32,2,recipient_bits=16;location_bytes=32,-1,,not_applicable,not_applicable,unavailable,rustc,nightly-2021-05-06,Release,JerryZ
1787147281058700332,PPS-GC,sender_signaling,pps_gc_sender_total_signaling,sender,530,false,32,2,recipient_bits=16;location_bytes=32,10883,68,measured,ok,unavailable,rustc,nightly-2021-05-06,Release,JerryZ
1787147281059931467,PPS-GC,sender_signaling,pps_gc_share_generation,sender,531,false,32,2,recipient_bits=16;location_bytes=32,9910,68,measured,ok,unavailable,rustc,nightly-2021-05-06,Release,JerryZ
1787147281061093953,PPS-GC,sender_signaling,pps_gc_sender_preparation,sender,531,false,32,2,recipient_bits=16;location_bytes=32,147,68,measured,ok,unavailable,rustc,nightly-2021-05-06,Release,JerryZ
1787147281062241621,PPS-GC,sender_signaling,message_encryption,sender,531,false,32,2,recipient_bits=16;location_bytes=32,-1,,not_applicable,not_applicable,unavailable,rustc,nightly-2021-05-06,Release,JerryZ
1787147281063402156,PPS-GC,sender_signaling,pps_gc_sender_total_signaling,sender,531,false,32,2,recipient_bits=16;location_bytes=32,9946,68,measured,ok,unavailable,rustc,nightly-2021-05-06,Release,JerryZ
1787147281064905313,PPS-GC,sender_signaling,pps_gc_share_generation,sender,532,false,32,2,recipient_bits=16;location_bytes=32,9634,68,measured,ok,unavailable,rustc,nightly-2021-05-06,Release,JerryZ
1787147281066174588,PPS-GC,sender_signaling,pps_gc_sender_preparation,sender,532,false,32,2,recipient_bits=16;location_bytes=32,211,68,measured,ok,unavailable,rustc,nightly-2021-05-06,Release,JerryZ
1787147281067328593,PPS-GC,sender_signaling,message_encryption,sender,532,false,32,2,recipient_bits=16;location_bytes=32,-1,,not_applicable,not_applicable,unavailable,rustc,nightly-2021-05-06,Release,JerryZ
1787147281068460584,PPS-GC,sender_signaling,pps_gc_sender_total_signaling,sender,532,false,32,2,recipient_bits=16;location_bytes=32,9937,68,measured,ok,unavailable,rustc,nightly-2021-05-06,Release,JerryZ
1787147281069910362,PPS-GC,sender_signaling,pps_gc_share_generation,sender,533,false,32,2,recipient_bits=16;location_bytes=32,9477,68,measured,ok,unavailable,rustc,nightly-2021-05-06,Release,JerryZ
1787147281071175325,PPS-GC,sender_signaling,pps_gc_sender_preparation,sender,533,false,32,2,recipient_bits=16;location_bytes=32,146,68,measured,ok,unavailable,rustc,nightly-2021-05-06,Release,JerryZ
1787147281073183539,PPS-GC,sender_signaling,message_encryption,sender,533,false,32,2,recipient_bits=16;location_bytes=32,-1,,not_applicable,not_applicable,unavailable,rustc,nightly-2021-05-06,Release,JerryZ
1787147281074652777,PPS-GC,sender_signaling,pps_gc_sender_total_signaling,sender,533,false,32,2,recipient_bits=16;location_bytes=32,11231,68,measured,ok,unavailable,rustc,nightly-2021-05-06,Release,JerryZ
1787147281076189304,PPS-GC,sender_signaling,pps_gc_share_generation,sender,534,false,32,2,recipient_bits=16;location_bytes=32,9799,68,measured,ok,unavailable,rustc,nightly-2021-05-06,Release,JerryZ
1787147281077418212,PPS-GC,sender_signaling,pps_gc_sender_preparation,sender,534,false,32,2,recipient_bits=16;location_bytes=32,147,68,measured,ok,unavailable,rustc,nightly-2021-05-06,Release,JerryZ
1787147281079856104,PPS-GC,sender_signaling,message_encryption,sender,534,false,32,2,recipient_bits=16;location_bytes=32,-1,,not_applicable,not_applicable,unavailable,rustc,nightly-2021-05-06,Release,JerryZ
1787147281081436939,PPS-GC,sender_signaling,pps_gc_sender_total_signaling,sender,534,false,32,2,recipient_bits=16;location_bytes=32,10828,68,measured,ok,unavailable,rustc,nightly-2021-05-06,Release,JerryZ
1787147281082605335,PPS-GC,sender_signaling,pps_gc_share_generation,sender,535,false,32,2,recipient_bits=16;location_bytes=32,9542,68,measured,ok,unavailable,rustc,nightly-2021-05-06,Release,JerryZ
1787147281083729097,PPS-GC,sender_signaling,pps_gc_sender_preparation,sender,535,false,32,2,recipient_bits=16;location_bytes=32,147,68,measured,ok,unavailable,rustc,nightly-2021-05-06,Release,JerryZ
1787147281084855459,PPS-GC,sender_signaling,message_encryption,sender,535,false,32,2,recipient_bits=16;location_bytes=32,-1,,not_applicable,not_applicable,unavailable,rustc,nightly-2021-05-06,Release,JerryZ
1787147281086234549,PPS-GC,sender_signaling,pps_gc_sender_total_signaling,sender,535,false,32,2,recipient_bits=16;location_bytes=32,10387,68,measured,ok,unavailable,rustc,nightly-2021-05-06,Release,JerryZ
1787147281087693262,PPS-GC,sender_signaling,pps_gc_share_generation,sender,536,false,32,2,recipient_bits=16;location_bytes=32,10515,68,measured,ok,unavailable,rustc,nightly-2021-05-06,Release,JerryZ
1787147281089773206,PPS-GC,sender_signaling,pps_gc_sender_preparation,sender,536,false,32,2,recipient_bits=16;location_bytes=32,441,68,measured,ok,unavailable,rustc,nightly-2021-05-06,Release,JerryZ
1787147281090978617,PPS-GC,sender_signaling,message_encryption,sender,536,false,32,2,recipient_bits=16;location_bytes=32,-1,,not_applicable,not_applicable,unavailable,rustc,nightly-2021-05-06,Release,JerryZ
1787147281092117037,PPS-GC,sender_signaling,pps_gc_sender_total_signaling,sender,536,false,32,2,recipient_bits=16;location_bytes=32,10396,68,measured,ok,unavailable,rustc,nightly-2021-05-06,Release,JerryZ
1787147281093228530,PPS-GC,sender_signaling,pps_gc_share_generation,sender,537,false,32,2,recipient_bits=16;location_bytes=32,9542,68,measured,ok,unavailable,rustc,nightly-2021-05-06,Release,JerryZ
1787147281094537029,PPS-GC,sender_signaling,pps_gc_sender_preparation,sender,537,false,32,2,recipient_bits=16;location_bytes=32,147,68,measured,ok,unavailable,rustc,nightly-2021-05-06,Release,JerryZ
1787147281095949957,PPS-GC,sender_signaling,message_encryption,sender,537,false,32,2,recipient_bits=16;location_bytes=32,-1,,not_applicable,not_applicable,unavailable,rustc,nightly-2021-05-06,Release,JerryZ
1787147281097090562,PPS-GC,sender_signaling,pps_gc_sender_total_signaling,sender,537,false,32,2,recipient_bits=16;location_bytes=32,10084,68,measured,ok,unavailable,rustc,nightly-2021-05-06,Release,JerryZ
1787147281098265901,PPS-GC,sender_signaling,pps_gc_share_generation,sender,538,false,32,2,recipient_bits=16;location_bytes=32,9505,68,measured,ok,unavailable,rustc,nightly-2021-05-06,Release,JerryZ
1787147281099395220,PPS-GC,sender_signaling,pps_gc_sender_preparation,sender,538,false,32,2,recipient_bits=16;location_bytes=32,202,68,measured,ok,unavailable,rustc,nightly-2021-05-06,Release,JerryZ
1787147281100827442,PPS-GC,sender_signaling,message_encryption,sender,538,false,32,2,recipient_bits=16;location_bytes=32,-1,,not_applicable,not_applicable,unavailable,rustc,nightly-2021-05-06,Release,JerryZ
1787147281102345827,PPS-GC,sender_signaling,pps_gc_sender_total_signaling,sender,538,false,32,2,recipient_bits=16;location_bytes=32,20590,68,measured,ok,unavailable,rustc,nightly-2021-05-06,Release,JerryZ
1787147281104131785,PPS-GC,sender_signaling,pps_gc_share_generation,sender,539,false,32,2,recipient_bits=16;location_bytes=32,13188,68,measured,ok,unavailable,rustc,nightly-2021-05-06,Release,JerryZ
1787147281106455747,PPS-GC,sender_signaling,pps_gc_sender_preparation,sender,539,false,32,2,recipient_bits=16;location_bytes=32,128,68,measured,ok,unavailable,rustc,nightly-2021-05-06,Release,JerryZ
1787147281107759227,PPS-GC,sender_signaling,message_encryption,sender,539,false,32,2,recipient_bits=16;location_bytes=32,-1,,not_applicable,not_applicable,unavailable,rustc,nightly-2021-05-06,Release,JerryZ
1787147281108944291,PPS-GC,sender_signaling,pps_gc_sender_total_signaling,sender,539,false,32,2,recipient_bits=16;location_bytes=32,12655,68,measured,ok,unavailable,rustc,nightly-2021-05-06,Release,JerryZ
1787147281110256169,PPS-GC,sender_signaling,pps_gc_share_generation,sender,540,false,32,2,recipient_bits=16;location_bytes=32,9616,68,measured,ok,unavailable,rustc,nightly-2021-05-06,Release,JerryZ
1787147281111411722,PPS-GC,sender_signaling,pps_gc_sender_preparation,sender,540,false,32,2,recipient_bits=16;location_bytes=32,211,68,measured,ok,unavailable,rustc,nightly-2021-05-06,Release,JerryZ
1787147281112537413,PPS-GC,sender_signaling,message_encryption,sender,540,false,32,2,recipient_bits=16;location_bytes=32,-1,,not_applicable,not_applicable,unavailable,rustc,nightly-2021-05-06,Release,JerryZ
1787147281114046008,PPS-GC,sender_signaling,pps_gc_sender_total_signaling,sender,540,false,32,2,recipient_bits=16;location_bytes=32,21581,68,measured,ok,unavailable,rustc,nightly-2021-05-06,Release,JerryZ
1787147281115538448,PPS-GC,sender_signaling,pps_gc_share_generation,sender,541,false,32,2,recipient_bits=16;location_bytes=32,9505,68,measured,ok,unavailable,rustc,nightly-2021-05-06,Release,JerryZ
1787147281117002056,PPS-GC,sender_signaling,pps_gc_sender_preparation,sender,541,false,32,2,recipient_bits=16;location_bytes=32,147,68,measured,ok,unavailable,rustc,nightly-2021-05-06,Release,JerryZ
1787147281118593066,PPS-GC,sender_signaling,message_encryption,sender,541,false,32,2,recipient_bits=16;location_bytes=32,-1,,not_applicable,not_applicable,unavailable,rustc,nightly-2021-05-06,Release,JerryZ
1787147281120276391,PPS-GC,sender_signaling,pps_gc_sender_total_signaling,sender,541,false,32,2,recipient_bits=16;location_bytes=32,22886,68,measured,ok,unavailable,rustc,nightly-2021-05-06,Release,JerryZ
1787147281121914665,PPS-GC,sender_signaling,pps_gc_share_generation,sender,542,false,32,2,recipient_bits=16;location_bytes=32,10239,68,measured,ok,unavailable,rustc,nightly-2021-05-06,Release,JerryZ
1787147281123055474,PPS-GC,sender_signaling,pps_gc_sender_preparation,sender,542,false,32,2,recipient_bits=16;location_bytes=32,294,68,measured,ok,unavailable,rustc,nightly-2021-05-06,Release,JerryZ
1787147281124205475,PPS-GC,sender_signaling,message_encryption,sender,542,false,32,2,recipient_bits=16;location_bytes=32,-1,,not_applicable,not_applicable,unavailable,rustc,nightly-2021-05-06,Release,JerryZ
1787147281125483365,PPS-GC,sender_signaling,pps_gc_sender_total_signaling,sender,542,false,32,2,recipient_bits=16;location_bytes=32,10001,68,measured,ok,unavailable,rustc,nightly-2021-05-06,Release,JerryZ
1787147281126958549,PPS-GC,sender_signaling,pps_gc_share_generation,sender,543,false,32,2,recipient_bits=16;location_bytes=32,9661,68,measured,ok,unavailable,rustc,nightly-2021-05-06,Release,JerryZ
1787147281128071769,PPS-GC,sender_signaling,pps_gc_sender_preparation,sender,543,false,32,2,recipient_bits=16;location_bytes=32,147,68,measured,ok,unavailable,rustc,nightly-2021-05-06,Release,JerryZ
1787147281129185374,PPS-GC,sender_signaling,message_encryption,sender,543,false,32,2,recipient_bits=16;location_bytes=32,-1,,not_applicable,not_applicable,unavailable,rustc,nightly-2021-05-06,Release,JerryZ
1787147281130379714,PPS-GC,sender_signaling,pps_gc_sender_total_signaling,sender,543,false,32,2,recipient_bits=16;location_bytes=32,9652,68,measured,ok,unavailable,rustc,nightly-2021-05-06,Release,JerryZ
1787147281131839938,PPS-GC,sender_signaling,pps_gc_share_generation,sender,544,false,32,2,recipient_bits=16;location_bytes=32,9532,68,measured,ok,unavailable,rustc,nightly-2021-05-06,Release,JerryZ
1787147281133430604,PPS-GC,sender_signaling,pps_gc_sender_preparation,sender,544,false,32,2,recipient_bits=16;location_bytes=32,137,68,measured,ok,unavailable,rustc,nightly-2021-05-06,Release,JerryZ
1787147281137553458,PPS-GC,sender_signaling,message_encryption,sender,544,false,32,2,recipient_bits=16;location_bytes=32,-1,,not_applicable,not_applicable,unavailable,rustc,nightly-2021-05-06,Release,JerryZ
1787147281139482279,PPS-GC,sender_signaling,pps_gc_sender_total_signaling,sender,544,false,32,2,recipient_bits=16;location_bytes=32,11792,68,measured,ok,unavailable,rustc,nightly-2021-05-06,Release,JerryZ
1787147281140834594,PPS-GC,sender_signaling,pps_gc_share_generation,sender,545,false,32,2,recipient_bits=16;location_bytes=32,10432,68,measured,ok,unavailable,rustc,nightly-2021-05-06,Release,JerryZ
1787147281142032906,PPS-GC,sender_signaling,pps_gc_sender_preparation,sender,545,false,32,2,recipient_bits=16;location_bytes=32,138,68,measured,ok,unavailable,rustc,nightly-2021-05-06,Release,JerryZ
1787147281143207588,PPS-GC,sender_signaling,message_encryption,sender,545,false,32,2,recipient_bits=16;location_bytes=32,-1,,not_applicable,not_applicable,unavailable,rustc,nightly-2021-05-06,Release,JerryZ
1787147281144349888,PPS-GC,sender_signaling,pps_gc_sender_total_signaling,sender,545,false,32,2,recipient_bits=16;location_bytes=32,9735,68,measured,ok,unavailable,rustc,nightly-2021-05-06,Release,JerryZ
1787147281145679413,PPS-GC,sender_signaling,pps_gc_share_generation,sender,546,false,32,2,recipient_bits=16;location_bytes=32,21261,68,measured,ok,unavailable,rustc,nightly-2021-05-06,Release,JerryZ
1787147281147257139,PPS-GC,sender_signaling,pps_gc_sender_preparation,sender,546,false,32,2,recipient_bits=16;location_bytes=32,284,68,measured,ok,unavailable,rustc,nightly-2021-05-06,Release,JerryZ
1787147281148950354,PPS-GC,sender_signaling,message_encryption,sender,546,false,32,2,recipient_bits=16;location_bytes=32,-1,,not_applicable,not_applicable,unavailable,rustc,nightly-2021-05-06,Release,JerryZ
1787147281150569059,PPS-GC,sender_signaling,pps_gc_sender_total_signaling,sender,546,false,32,2,recipient_bits=16;location_bytes=32,11057,68,measured,ok,unavailable,rustc,nightly-2021-05-06,Release,JerryZ
1787147281151869650,PPS-GC,sender_signaling,pps_gc_share_generation,sender,547,false,32,2,recipient_bits=16;location_bytes=32,9551,68,measured,ok,unavailable,rustc,nightly-2021-05-06,Release,JerryZ
1787147281153002826,PPS-GC,sender_signaling,pps_gc_sender_preparation,sender,547,false,32,2,recipient_bits=16;location_bytes=32,138,68,measured,ok,unavailable,rustc,nightly-2021-05-06,Release,JerryZ
1787147281154620037,PPS-GC,sender_signaling,message_encryption,sender,547,false,32,2,recipient_bits=16;location_bytes=32,-1,,not_applicable,not_applicable,unavailable,rustc,nightly-2021-05-06,Release,JerryZ
1787147281155907266,PPS-GC,sender_signaling,pps_gc_sender_total_signaling,sender,547,false,32,2,recipient_bits=16;location_bytes=32,22161,68,measured,ok,unavailable,rustc,nightly-2021-05-06,Release,JerryZ
1787147281157292371,PPS-GC,sender_signaling,pps_gc_share_generation,sender,548,false,32,2,recipient_bits=16;location_bytes=32,9845,68,measured,ok,unavailable,rustc,nightly-2021-05-06,Release,JerryZ
1787147281158602537,PPS-GC,sender_signaling,pps_gc_sender_preparation,sender,548,false,32,2,recipient_bits=16;location_bytes=32,230,68,measured,ok,unavailable,rustc,nightly-2021-05-06,Release,JerryZ
1787147281160043167,PPS-GC,sender_signaling,message_encryption,sender,548,false,32,2,recipient_bits=16;location_bytes=32,-1,,not_applicable,not_applicable,unavailable,rustc,nightly-2021-05-06,Release,JerryZ
1787147281161210773,PPS-GC,sender_signaling,pps_gc_sender_total_signaling,sender,548,false,32,2,recipient_bits=16;location_bytes=32,10341,68,measured,ok,unavailable,rustc,nightly-2021-05-06,Release,JerryZ
1787147281162613281,PPS-GC,sender_signaling,pps_gc_share_generation,sender,549,false,32,2,recipient_bits=16;location_bytes=32,12077,68,measured,ok,unavailable,rustc,nightly-2021-05-06,Release,JerryZ
1787147281163912321,PPS-GC,sender_signaling,pps_gc_sender_preparation,sender,549,false,32,2,recipient_bits=16;location_bytes=32,872,68,measured,ok,unavailable,rustc,nightly-2021-05-06,Release,JerryZ
1787147281165395100,PPS-GC,sender_signaling,message_encryption,sender,549,false,32,2,recipient_bits=16;location_bytes=32,-1,,not_applicable,not_applicable,unavailable,rustc,nightly-2021-05-06,Release,JerryZ
1787147281166678867,PPS-GC,sender_signaling,pps_gc_sender_total_signaling,sender,549,false,32,2,recipient_bits=16;location_bytes=32,22151,68,measured,ok,unavailable,rustc,nightly-2021-05-06,Release,JerryZ
1787147281167904941,PPS-GC,sender_signaling,pps_gc_share_generation,sender,550,false,32,2,recipient_bits=16;location_bytes=32,9671,68,measured,ok,unavailable,rustc,nightly-2021-05-06,Release,JerryZ
1787147281169244412,PPS-GC,sender_signaling,pps_gc_sender_preparation,sender,550,false,32,2,recipient_bits=16;location_bytes=32,147,68,measured,ok,unavailable,rustc,nightly-2021-05-06,Release,JerryZ
1787147281170476773,PPS-GC,sender_signaling,message_encryption,sender,550,false,32,2,recipient_bits=16;location_bytes=32,-1,,not_applicable,not_applicable,unavailable,rustc,nightly-2021-05-06,Release,JerryZ
1787147281172209200,PPS-GC,sender_signaling,pps_gc_sender_total_signaling,sender,550,false,32,2,recipient_bits=16;location_bytes=32,16017,68,measured,ok,unavailable,rustc,nightly-2021-05-06,Release,JerryZ
1787147281173643756,PPS-GC,sender_signaling,pps_gc_share_generation,sender,551,false,32,2,recipient_bits=16;location_bytes=32,9505,68,measured,ok,unavailable,rustc,nightly-2021-05-06,Release,JerryZ
1787147281174783209,PPS-GC,sender_signaling,pps_gc_sender_preparation,sender,551,false,32,2,recipient_bits=16;location_bytes=32,138,68,measured,ok,unavailable,rustc,nightly-2021-05-06,Release,JerryZ
1787147281175944368,PPS-GC,sender_signaling,message_encryption,sender,551,false,32,2,recipient_bits=16;location_bytes=32,-1,,not_applicable,not_applicable,unavailable,rustc,nightly-2021-05-06,Release,JerryZ
1787147281177444380,PPS-GC,sender_signaling,pps_gc_sender_total_signaling,sender,551,false,32,2,recipient_bits=16;location_bytes=32,10267,68,measured,ok,unavailable,rustc,nightly-2021-05-06,Release,JerryZ
1787147281178929460,PPS-GC,sender_signaling,pps_gc_share_generation,sender,552,false,32,2,recipient_bits=16;location_bytes=32,11599,68,measured,ok,unavailable,rustc,nightly-2021-05-06,Release,JerryZ
1787147281180488217,PPS-GC,sender_signaling,pps_gc_sender_preparation,sender,552,false,32,2,recipient_bits=16;location_bytes=32,459,68,measured,ok,unavailable,rustc,nightly-2021-05-06,Release,JerryZ
1787147281181831999,PPS-GC,sender_signaling,message_encryption,sender,552,false,32,2,recipient_bits=16;location_bytes=32,-1,,not_applicable,not_applicable,unavailable,rustc,nightly-2021-05-06,Release,JerryZ
1787147281183059539,PPS-GC,sender_signaling,pps_gc_sender_total_signaling,sender,552,false,32,2,recipient_bits=16;location_bytes=32,10616,68,measured,ok,unavailable,rustc,nightly-2021-05-06,Release,JerryZ
1787147281184509555,PPS-GC,sender_signaling,pps_gc_share_generation,sender,553,false,32,2,recipient_bits=16;location_bytes=32,12682,68,measured,ok,unavailable,rustc,nightly-2021-05-06,Release,JerryZ
1787147281185772819,PPS-GC,sender_signaling,pps_gc_sender_preparation,sender,553,false,32,2,recipient_bits=16;location_bytes=32,165,68,measured,ok,unavailable,rustc,nightly-2021-05-06,Release,JerryZ
1787147281186964183,PPS-GC,sender_signaling,message_encryption,sender,553,false,32,2,recipient_bits=16;location_bytes=32,-1,,not_applicable,not_applicable,unavailable,rustc,nightly-2021-05-06,Release,JerryZ
1787147281188138613,PPS-GC,sender_signaling,pps_gc_sender_total_signaling,sender,553,false,32,2,recipient_bits=16;location_bytes=32,10341,68,measured,ok,unavailable,rustc,nightly-2021-05-06,Release,JerryZ
1787147281189656983,PPS-GC,sender_signaling,pps_gc_share_generation,sender,554,false,32,2,recipient_bits=16;location_bytes=32,11021,68,measured,ok,unavailable,rustc,nightly-2021-05-06,Release,JerryZ
1787147281190989364,PPS-GC,sender_signaling,pps_gc_sender_preparation,sender,554,false,32,2,recipient_bits=16;location_bytes=32,156,68,measured,ok,unavailable,rustc,nightly-2021-05-06,Release,JerryZ
1787147281192558935,PPS-GC,sender_signaling,message_encryption,sender,554,false,32,2,recipient_bits=16;location_bytes=32,-1,,not_applicable,not_applicable,unavailable,rustc,nightly-2021-05-06,Release,JerryZ
1787147281194522526,PPS-GC,sender_signaling,pps_gc_sender_total_signaling,sender,554,false,32,2,recipient_bits=16;location_bytes=32,13289,68,measured,ok,unavailable,rustc,nightly-2021-05-06,Release,JerryZ
1787147281196925100,PPS-GC,sender_signaling,pps_gc_share_generation,sender,555,false,32,2,recipient_bits=16;location_bytes=32,11994,68,measured,ok,unavailable,rustc,nightly-2021-05-06,Release,JerryZ
1787147281198237222,PPS-GC,sender_signaling,pps_gc_sender_preparation,sender,555,false,32,2,recipient_bits=16;location_bytes=32,1166,68,measured,ok,unavailable,rustc,nightly-2021-05-06,Release,JerryZ
1787147281199392191,PPS-GC,sender_signaling,message_encryption,sender,555,false,32,2,recipient_bits=16;location_bytes=32,-1,,not_applicable,not_applicable,unavailable,rustc,nightly-2021-05-06,Release,JerryZ
1787147281200608361,PPS-GC,sender_signaling,pps_gc_sender_total_signaling,sender,555,false,32,2,recipient_bits=16;location_bytes=32,19708,68,measured,ok,unavailable,rustc,nightly-2021-05-06,Release,JerryZ
1787147281202016674,PPS-GC,sender_signaling,pps_gc_share_generation,sender,556,false,32,2,recipient_bits=16;location_bytes=32,10120,68,measured,ok,unavailable,rustc,nightly-2021-05-06,Release,JerryZ
1787147281203566278,PPS-GC,sender_signaling,pps_gc_sender_preparation,sender,556,false,32,2,recipient_bits=16;location_bytes=32,147,68,measured,ok,unavailable,rustc,nightly-2021-05-06,Release,JerryZ
1787147281204677946,PPS-GC,sender_signaling,message_encryption,sender,556,false,32,2,recipient_bits=16;location_bytes=32,-1,,not_applicable,not_applicable,unavailable,rustc,nightly-2021-05-06,Release,JerryZ
1787147281205890222,PPS-GC,sender_signaling,pps_gc_sender_total_signaling,sender,556,false,32,2,recipient_bits=16;location_bytes=32,9799,68,measured,ok,unavailable,rustc,nightly-2021-05-06,Release,JerryZ
1787147281207090338,PPS-GC,sender_signaling,pps_gc_share_generation,sender,557,false,32,2,recipient_bits=16;location_bytes=32,9478,68,measured,ok,unavailable,rustc,nightly-2021-05-06,Release,JerryZ
1787147281208247222,PPS-GC,sender_signaling,pps_gc_sender_preparation,sender,557,false,32,2,recipient_bits=16;location_bytes=32,147,68,measured,ok,unavailable,rustc,nightly-2021-05-06,Release,JerryZ
1787147281210100608,PPS-GC,sender_signaling,message_encryption,sender,557,false,32,2,recipient_bits=16;location_bytes=32,-1,,not_applicable,not_applicable,unavailable,rustc,nightly-2021-05-06,Release,JerryZ
1787147281211524932,PPS-GC,sender_signaling,pps_gc_sender_total_signaling,sender,557,false,32,2,recipient_bits=16;location_bytes=32,10957,68,measured,ok,unavailable,rustc,nightly-2021-05-06,Release,JerryZ
1787147281212831957,PPS-GC,sender_signaling,pps_gc_share_generation,sender,558,false,32,2,recipient_bits=16;location_bytes=32,9496,68,measured,ok,unavailable,rustc,nightly-2021-05-06,Release,JerryZ
1787147281214008600,PPS-GC,sender_signaling,pps_gc_sender_preparation,sender,558,false,32,2,recipient_bits=16;location_bytes=32,285,68,measured,ok,unavailable,rustc,nightly-2021-05-06,Release,JerryZ
1787147281215373703,PPS-GC,sender_signaling,message_encryption,sender,558,false,32,2,recipient_bits=16;location_bytes=32,-1,,not_applicable,not_applicable,unavailable,rustc,nightly-2021-05-06,Release,JerryZ
1787147281216616657,PPS-GC,sender_signaling,pps_gc_sender_total_signaling,sender,558,false,32,2,recipient_bits=16;location_bytes=32,9708,68,measured,ok,unavailable,rustc,nightly-2021-05-06,Release,JerryZ
1787147281217756330,PPS-GC,sender_signaling,pps_gc_share_generation,sender,559,false,32,2,recipient_bits=16;location_bytes=32,9552,68,measured,ok,unavailable,rustc,nightly-2021-05-06,Release,JerryZ
1787147281218943755,PPS-GC,sender_signaling,pps_gc_sender_preparation,sender,559,false,32,2,recipient_bits=16;location_bytes=32,147,68,measured,ok,unavailable,rustc,nightly-2021-05-06,Release,JerryZ
1787147281220451316,PPS-GC,sender_signaling,message_encryption,sender,559,false,32,2,recipient_bits=16;location_bytes=32,-1,,not_applicable,not_applicable,unavailable,rustc,nightly-2021-05-06,Release,JerryZ
1787147281221662017,PPS-GC,sender_signaling,pps_gc_sender_total_signaling,sender,559,false,32,2,recipient_bits=16;location_bytes=32,21885,68,measured,ok,unavailable,rustc,nightly-2021-05-06,Release,JerryZ
1787147281222884937,PPS-GC,sender_signaling,pps_gc_share_generation,sender,560,false,32,2,recipient_bits=16;location_bytes=32,9927,68,measured,ok,unavailable,rustc,nightly-2021-05-06,Release,JerryZ
1787147281224643514,PPS-GC,sender_signaling,pps_gc_sender_preparation,sender,560,false,32,2,recipient_bits=16;location_bytes=32,120,68,measured,ok,unavailable,rustc,nightly-2021-05-06,Release,JerryZ
1787147281226540890,PPS-GC,sender_signaling,message_encryption,sender,560,false,32,2,recipient_bits=16;location_bytes=32,-1,,not_applicable,not_applicable,unavailable,rustc,nightly-2021-05-06,Release,JerryZ
1787147281228000172,PPS-GC,sender_signaling,pps_gc_sender_total_signaling,sender,560,false,32,2,recipient_bits=16;location_bytes=32,14676,68,measured,ok,unavailable,rustc,nightly-2021-05-06,Release,JerryZ
1787147281229388161,PPS-GC,sender_signaling,pps_gc_share_generation,sender,561,false,32,2,recipient_bits=16;location_bytes=32,9927,68,measured,ok,unavailable,rustc,nightly-2021-05-06,Release,JerryZ
1787147281230455260,PPS-GC,sender_signaling,pps_gc_sender_preparation,sender,561,false,32,2,recipient_bits=16;location_bytes=32,514,68,measured,ok,unavailable,rustc,nightly-2021-05-06,Release,JerryZ
1787147281231583486,PPS-GC,sender_signaling,message_encryption,sender,561,false,32,2,recipient_bits=16;location_bytes=32,-1,,not_applicable,not_applicable,unavailable,rustc,nightly-2021-05-06,Release,JerryZ
1787147281233174192,PPS-GC,sender_signaling,pps_gc_sender_total_signaling,sender,561,false,32,2,recipient_bits=16;location_bytes=32,10415,68,measured,ok,unavailable,rustc,nightly-2021-05-06,Release,JerryZ
1787147281234283045,PPS-GC,sender_signaling,pps_gc_share_generation,sender,562,false,32,2,recipient_bits=16;location_bytes=32,9533,68,measured,ok,unavailable,rustc,nightly-2021-05-06,Release,JerryZ
1787147281235366408,PPS-GC,sender_signaling,pps_gc_sender_preparation,sender,562,false,32,2,recipient_bits=16;location_bytes=32,137,68,measured,ok,unavailable,rustc,nightly-2021-05-06,Release,JerryZ
1787147281236410392,PPS-GC,sender_signaling,message_encryption,sender,562,false,32,2,recipient_bits=16;location_bytes=32,-1,,not_applicable,not_applicable,unavailable,rustc,nightly-2021-05-06,Release,JerryZ
1787147281237456662,PPS-GC,sender_signaling,pps_gc_sender_total_signaling,sender,562,false,32,2,recipient_bits=16;location_bytes=32,9707,68,measured,ok,unavailable,rustc,nightly-2021-05-06,Release,JerryZ
1787147281238793538,PPS-GC,sender_signaling,pps_gc_share_generation,sender,563,false,32,2,recipient_bits=16;location_bytes=32,9653,68,measured,ok,unavailable,rustc,nightly-2021-05-06,Release,JerryZ
1787147281240046843,PPS-GC,sender_signaling,pps_gc_sender_preparation,sender,563,false,32,2,recipient_bits=16;location_bytes=32,138,68,measured,ok,unavailable,rustc,nightly-2021-05-06,Release,JerryZ
1787147281241468444,PPS-GC,sender_signaling,message_encryption,sender,563,false,32,2,recipient_bits=16;location_bytes=32,-1,,not_applicable,not_applicable,unavailable,rustc,nightly-2021-05-06,Release,JerryZ
1787147281242810785,PPS-GC,sender_signaling,pps_gc_sender_total_signaling,sender,563,false,32,2,recipient_bits=16;location_bytes=32,22270,68,measured,ok,unavailable,rustc,nightly-2021-05-06,Release,JerryZ
1787147281244147542,PPS-GC,sender_signaling,pps_gc_share_generation,sender,564,false,32,2,recipient_bits=16;location_bytes=32,9588,68,measured,ok,unavailable,rustc,nightly-2021-05-06,Release,JerryZ
1787147281245178246,PPS-GC,sender_signaling,pps_gc_sender_preparation,sender,564,false,32,2,recipient_bits=16;location_bytes=32,147,68,measured,ok,unavailable,rustc,nightly-2021-05-06,Release,JerryZ
1787147281246357836,PPS-GC,sender_signaling,message_encryption,sender,564,false,32,2,recipient_bits=16;location_bytes=32,-1,,not_applicable,not_applicable,unavailable,rustc,nightly-2021-05-06,Release,JerryZ
1787147281247730218,PPS-GC,sender_signaling,pps_gc_sender_total_signaling,sender,564,false,32,2,recipient_bits=16;location_bytes=32,9965,68,measured,ok,unavailable,rustc,nightly-2021-05-06,Release,JerryZ
1787147281248834965,PPS-GC,sender_signaling,pps_gc_share_generation,sender,565,false,32,2,recipient_bits=16;location_bytes=32,9734,68,measured,ok,unavailable,rustc,nightly-2021-05-06,Release,JerryZ
1787147281249938680,PPS-GC,sender_signaling,pps_gc_sender_preparation,sender,565,false,32,2,recipient_bits=16;location_bytes=32,147,68,measured,ok,unavailable,rustc,nightly-2021-05-06,Release,JerryZ
1787147281251053874,PPS-GC,sender_signaling,message_encryption,sender,565,false,32,2,recipient_bits=16;location_bytes=32,-1,,not_applicable,not_applicable,unavailable,rustc,nightly-2021-05-06,Release,JerryZ
1787147281252230957,PPS-GC,sender_signaling,pps_gc_sender_total_signaling,sender,565,false,32,2,recipient_bits=16;location_bytes=32,13601,68,measured,ok,unavailable,rustc,nightly-2021-05-06,Release,JerryZ
1787147281253419659,PPS-GC,sender_signaling,pps_gc_share_generation,sender,566,false,32,2,recipient_bits=16;location_bytes=32,10616,68,measured,ok,unavailable,rustc,nightly-2021-05-06,Release,JerryZ
1787147281255174865,PPS-GC,sender_signaling,pps_gc_sender_preparation,sender,566,false,32,2,recipient_bits=16;location_bytes=32,156,68,measured,ok,unavailable,rustc,nightly-2021-05-06,Release,JerryZ
1787147281256864417,PPS-GC,sender_signaling,message_encryption,sender,566,false,32,2,recipient_bits=16;location_bytes=32,-1,,not_applicable,not_applicable,unavailable,rustc,nightly-2021-05-06,Release,JerryZ
1787147281259137234,PPS-GC,sender_signaling,pps_gc_sender_total_signaling,sender,566,false,32,2,recipient_bits=16;location_bytes=32,12462,68,measured,ok,unavailable,rustc,nightly-2021-05-06,Release,JerryZ
1787147281260452960,PPS-GC,sender_signaling,pps_gc_share_generation,sender,567,false,32,2,recipient_bits=16;location_bytes=32,10800,68,measured,ok,unavailable,rustc,nightly-2021-05-06,Release,JerryZ
1787147281261735286,PPS-GC,sender_signaling,pps_gc_sender_preparation,sender,567,false,32,2,recipient_bits=16;location_bytes=32,385,68,measured,ok,unavailable,rustc,nightly-2021-05-06,Release,JerryZ
1787147281263745926,PPS-GC,sender_signaling,message_encryption,sender,567,false,32,2,recipient_bits=16;location_bytes=32,-1,,not_applicable,not_applicable,unavailable,rustc,nightly-2021-05-06,Release,JerryZ
1787147281264888470,PPS-GC,sender_signaling,pps_gc_sender_total_signaling,sender,567,false,32,2,recipient_bits=16;location_bytes=32,10855,68,measured,ok,unavailable,rustc,nightly-2021-05-06,Release,JerryZ
1787147281266007779,PPS-GC,sender_signaling,pps_gc_share_generation,sender,568,false,32,2,recipient_bits=16;location_bytes=32,9460,68,measured,ok,unavailable,rustc,nightly-2021-05-06,Release,JerryZ
1787147281267132772,PPS-GC,sender_signaling,pps_gc_sender_preparation,sender,568,false,32,2,recipient_bits=16;location_bytes=32,147,68,measured,ok,unavailable,rustc,nightly-2021-05-06,Release,JerryZ
1787147281268393529,PPS-GC,sender_signaling,message_encryption,sender,568,false,32,2,recipient_bits=16;location_bytes=32,-1,,not_applicable,not_applicable,unavailable,rustc,nightly-2021-05-06,Release,JerryZ
1787147281269732394,PPS-GC,sender_signaling,pps_gc_sender_total_signaling,sender,568,false,32,2,recipient_bits=16;location_bytes=32,10993,68,measured,ok,unavailable,rustc,nightly-2021-05-06,Release,JerryZ
1787147281271415338,PPS-GC,sender_signaling,pps_gc_share_generation,sender,569,false,32,2,recipient_bits=16;location_bytes=32,11498,68,measured,ok,unavailable,rustc,nightly-2021-05-06,Release,JerryZ
1787147281272586672,PPS-GC,sender_signaling,pps_gc_sender_preparation,sender,569,false,32,2,recipient_bits=16;location_bytes=32,257,68,measured,ok,unavailable,rustc,nightly-2021-05-06,Release,JerryZ
1787147281273976213,PPS-GC,sender_signaling,message_encryption,sender,569,false,32,2,recipient_bits=16;location_bytes=32,-1,,not_applicable,not_applicable,unavailable,rustc,nightly-2021-05-06,Release,JerryZ
1787147281275295025,PPS-GC,sender_signaling,pps_gc_sender_total_signaling,sender,569,false,32,2,recipient_bits=16;location_bytes=32,11911,68,measured,ok,unavailable,rustc,nightly-2021-05-06,Release,JerryZ
1787147281276294596,PPS-GC,sender_signaling,pps_gc_share_generation,sender,570,false,32,2,recipient_bits=16;location_bytes=32,9560,68,measured,ok,unavailable,rustc,nightly-2021-05-06,Release,JerryZ
1787147281277751082,PPS-GC,sender_signaling,pps_gc_sender_preparation,sender,570,false,32,2,recipient_bits=16;location_bytes=32,138,68,measured,ok,unavailable,rustc,nightly-2021-05-06,Release,JerryZ
1787147281278911772,PPS-GC,sender_signaling,message_encryption,sender,570,false,32,2,recipient_bits=16;location_bytes=32,-1,,not_applicable,not_applicable,unavailable,rustc,nightly-2021-05-06,Release,JerryZ
1787147281280037638,PPS-GC,sender_signaling,pps_gc_sender_total_signaling,sender,570,false,32,2,recipient_bits=16;location_bytes=32,10001,68,measured,ok,unavailable,rustc,nightly-2021-05-06,Release,JerryZ
1787147281281103956,PPS-GC,sender_signaling,pps_gc_share_generation,sender,571,false,32,2,recipient_bits=16;location_bytes=32,9560,68,measured,ok,unavailable,rustc,nightly-2021-05-06,Release,JerryZ
1787147281282222071,PPS-GC,sender_signaling,pps_gc_sender_preparation,sender,571,false,32,2,recipient_bits=16;location_bytes=32,147,68,measured,ok,unavailable,rustc,nightly-2021-05-06,Release,JerryZ
1787147281283336172,PPS-GC,sender_signaling,message_encryption,sender,571,false,32,2,recipient_bits=16;location_bytes=32,-1,,not_applicable,not_applicable,unavailable,rustc,nightly-2021-05-06,Release,JerryZ
1787147281284975401,PPS-GC,sender_signaling,pps_gc_sender_total_signaling,sender,571,false,32,2,recipient_bits=16;location_bytes=32,24851,68,measured,ok,unavailable,rustc,nightly-2021-05-06,Release,JerryZ
1787147281286516410,PPS-GC,sender_signaling,pps_gc_share_generation,sender,572,false,32,2,recipient_bits=16;location_bytes=32,10497,68,measured,ok,unavailable,rustc,nightly-2021-05-06,Release,JerryZ
1787147281288465662,PPS-GC,sender_signaling,pps_gc_sender_preparation,sender,572,false,32,2,recipient_bits=16;location_bytes=32,156,68,measured,ok,unavailable,rustc,nightly-2021-05-06,Release,JerryZ
1787147281289747370,PPS-GC,sender_signaling,message_encryption,sender,572,false,32,2,recipient_bits=16;location_bytes=32,-1,,not_applicable,not_applicable,unavailable,rustc,nightly-2021-05-06,Release,JerryZ
1787147281290812563,PPS-GC,sender_signaling,pps_gc_sender_total_signaling,sender,572,false,32,2,recipient_bits=16;location_bytes=32,21426,68,measured,ok,unavailable,rustc,nightly-2021-05-06,Release,JerryZ
1787147281292212505,PPS-GC,sender_signaling,pps_gc_share_generation,sender,573,false,32,2,recipient_bits=16;location_bytes=32,23657,68,measured,ok,unavailable,rustc,nightly-2021-05-06,Release,JerryZ
1787147281293706497,PPS-GC,sender_signaling,pps_gc_sender_preparation,sender,573,false,32,2,recipient_bits=16;location_bytes=32,367,68,measured,ok,unavailable,rustc,nightly-2021-05-06,Release,JerryZ
1787147281294954870,PPS-GC,sender_signaling,message_encryption,sender,573,false,32,2,recipient_bits=16;location_bytes=32,-1,,not_applicable,not_applicable,unavailable,rustc,nightly-2021-05-06,Release,JerryZ
1787147281296196965,PPS-GC,sender_signaling,pps_gc_sender_total_signaling,sender,573,false,32,2,recipient_bits=16;location_bytes=32,10304,68,measured,ok,unavailable,rustc,nightly-2021-05-06,Release,JerryZ
1787147281297721053,PPS-GC,sender_signaling,pps_gc_share_generation,sender,574,false,32,2,recipient_bits=16;location_bytes=32,9772,68,measured,ok,unavailable,rustc,nightly-2021-05-06,Release,JerryZ
1787147281298891391,PPS-GC,sender_signaling,pps_gc_sender_preparation,sender,574,false,32,2,recipient_bits=16;location_bytes=32,275,68,measured,ok,unavailable,rustc,nightly-2021-05-06,Release,JerryZ
1787147281300093969,PPS-GC,sender_signaling,message_encryption,sender,574,false,32,2,recipient_bits=16;location_bytes=32,-1,,not_applicable,not_applicable,unavailable,rustc,nightly-2021-05-06,Release,JerryZ
1787147281302199284,PPS-GC,sender_signaling,pps_gc_sender_total_signaling,sender,574,false,32,2,recipient_bits=16;location_bytes=32,11508,68,measured,ok,unavailable,rustc,nightly-2021-05-06,Release,JerryZ
1787147281303375940,PPS-GC,sender_signaling,pps_gc_share_generation,sender,575,false,32,2,recipient_bits=16;location_bytes=32,9707,68,measured,ok,unavailable,rustc,nightly-2021-05-06,Release,JerryZ
1787147281304450317,PPS-GC,sender_signaling,pps_gc_sender_preparation,sender,575,false,32,2,recipient_bits=16;location_bytes=32,212,68,measured,ok,unavailable,rustc,nightly-2021-05-06,Release,JerryZ
1787147281305557026,PPS-GC,sender_signaling,message_encryption,sender,575,false,32,2,recipient_bits=16;location_bytes=32,-1,,not_applicable,not_applicable,unavailable,rustc,nightly-2021-05-06,Release,JerryZ
1787147281306567112,PPS-GC,sender_signaling,pps_gc_sender_total_signaling,sender,575,false,32,2,recipient_bits=16;location_bytes=32,9909,68,measured,ok,unavailable,rustc,nightly-2021-05-06,Release,JerryZ
1787147281307664802,PPS-GC,sender_signaling,pps_gc_share_generation,sender,576,false,32,2,recipient_bits=16;location_bytes=32,21481,68,measured,ok,unavailable,rustc,nightly-2021-05-06,Release,JerryZ
1787147281309261631,PPS-GC,sender_signaling,pps_gc_sender_preparation,sender,576,false,32,2,recipient_bits=16;location_bytes=32,284,68,measured,ok,unavailable,rustc,nightly-2021-05-06,Release,JerryZ
1787147281310352250,PPS-GC,sender_signaling,message_encryption,sender,576,false,32,2,recipient_bits=16;location_bytes=32,-1,,not_applicable,not_applicable,unavailable,rustc,nightly-2021-05-06,Release,JerryZ
1787147281311412920,PPS-GC,sender_signaling,pps_gc_sender_total_signaling,sender,576,false,32,2,recipient_bits=16;location_bytes=32,9900,68,measured,ok,unavailable,rustc,nightly-2021-05-06,Release,JerryZ
1787147281312478145,PPS-GC,sender_signaling,pps_gc_share_generation,sender,577,false,32,2,recipient_bits=16;location_bytes=32,9551,68,measured,ok,unavailable,rustc,nightly-2021-05-06,Release,JerryZ
1787147281313554253,PPS-GC,sender_signaling,pps_gc_sender_preparation,sender,577,false,32,2,recipient_bits=16;location_bytes=32,128,68,measured,ok,unavailable,rustc,nightly-2021-05-06,Release,JerryZ
1787147281314924237,PPS-GC,sender_signaling,message_encryption,sender,577,false,32,2,recipient_bits=16;location_bytes=32,-1,,not_applicable,not_applicable,unavailable,rustc,nightly-2021-05-06,Release,JerryZ
1787147281316411783,PPS-GC,sender_signaling,pps_gc_sender_total_signaling,sender,577,false,32,2,recipient_bits=16;location_bytes=32,25779,68,measured,ok,unavailable,rustc,nightly-2021-05-06,Release,JerryZ
1787147281318178069,PPS-GC,sender_signaling,pps_gc_share_generation,sender,578,false,32,2,recipient_bits=16;location_bytes=32,12701,68,measured,ok,unavailable,rustc,nightly-2021-05-06,Release,JerryZ
1787147281319694319,PPS-GC,sender_signaling,pps_gc_sender_preparation,sender,578,false,32,2,recipient_bits=16;location_bytes=32,138,68,measured,ok,unavailable,rustc,nightly-2021-05-06,Release,JerryZ
1787147281321359354,PPS-GC,sender_signaling,message_encryption,sender,578,false,32,2,recipient_bits=16;location_bytes=32,-1,,not_applicable,not_applicable,unavailable,rustc,nightly-2021-05-06,Release,JerryZ
1787147281322480890,PPS-GC,sender_signaling,pps_gc_sender_total_signaling,sender,578,false,32,2,recipient_bits=16;location_bytes=32,10387,68,measured,ok,unavailable,rustc,nightly-2021-05-06,Release,JerryZ
1787147281323596181,PPS-GC,sender_signaling,pps_gc_share_generation,sender,579,false,32,2,recipient_bits=16;location_bytes=32,9725,68,measured,ok,unavailable,rustc,nightly-2021-05-06,Release,JerryZ
1787147281324648255,PPS-GC,sender_signaling,pps_gc_sender_preparation,sender,579,false,32,2,recipient_bits=16;location_bytes=32,147,68,measured,ok,unavailable,rustc,nightly-2021-05-06,Release,JerryZ
1787147281325976108,PPS-GC,sender_signaling,message_encryption,sender,579,false,32,2,recipient_bits=16;location_bytes=32,-1,,not_applicable,not_applicable,unavailable,rustc,nightly-2021-05-06,Release,JerryZ
1787147281327212790,PPS-GC,sender_signaling,pps_gc_sender_total_signaling,sender,579,false,32,2,recipient_bits=16;location_bytes=32,9671,68,measured,ok,unavailable,rustc,nightly-2021-05-06,Release,JerryZ
1787147281328470649,PPS-GC,sender_signaling,pps_gc_share_generation,sender,580,false,32,2,recipient_bits=16;location_bytes=32,21343,68,measured,ok,unavailable,rustc,nightly-2021-05-06,Release,JerryZ
1787147281330210560,PPS-GC,sender_signaling,pps_gc_sender_preparation,sender,580,false,32,2,recipient_bits=16;location_bytes=32,432,68,measured,ok,unavailable,rustc,nightly-2021-05-06,Release,JerryZ
1787147281331580439,PPS-GC,sender_signaling,message_encryption,sender,580,false,32,2,recipient_bits=16;location_bytes=32,-1,,not_applicable,not_applicable,unavailable,rustc,nightly-2021-05-06,Release,JerryZ
1787147281333142497,PPS-GC,sender_signaling,pps_gc_sender_total_signaling,sender,580,false,32,2,recipient_bits=16;location_bytes=32,11223,68,measured,ok,unavailable,rustc,nightly-2021-05-06,Release,JerryZ
1787147281334606729,PPS-GC,sender_signaling,pps_gc_share_generation,sender,581,false,32,2,recipient_bits=16;location_bytes=32,10249,68,measured,ok,unavailable,rustc,nightly-2021-05-06,Release,JerryZ
1787147281335717653,PPS-GC,sender_signaling,pps_gc_sender_preparation,sender,581,false,32,2,recipient_bits=16;location_bytes=32,211,68,measured,ok,unavailable,rustc,nightly-2021-05-06,Release,JerryZ
1787147281336757127,PPS-GC,sender_signaling,message_encryption,sender,581,false,32,2,recipient_bits=16;location_bytes=32,-1,,not_applicable,not_applicable,unavailable,rustc,nightly-2021-05-06,Release,JerryZ
1787147281338066925,PPS-GC,sender_signaling,pps_gc_sender_total_signaling,sender,581,false,32,2,recipient_bits=16;location_bytes=32,9891,68,measured,ok,unavailable,rustc,nightly-2021-05-06,Release,JerryZ
1787147281339202471,PPS-GC,sender_signaling,pps_gc_share_generation,sender,582,false,32,2,recipient_bits=16;location_bytes=32,9826,68,measured,ok,unavailable,rustc,nightly-2021-05-06,Release,JerryZ
1787147281340234717,PPS-GC,sender_signaling,pps_gc_sender_preparation,sender,582,false,32,2,recipient_bits=16;location_bytes=32,248,68,measured,ok,unavailable,rustc,nightly-2021-05-06,Release,JerryZ
1787147281341269461,PPS-GC,sender_signaling,message_encryption,sender,582,false,32,2,recipient_bits=16;location_bytes=32,-1,,not_applicable,not_applicable,unavailable,rustc,nightly-2021-05-06,Release,JerryZ
1787147281342460372,PPS-GC,sender_signaling,pps_gc_sender_total_signaling,sender,582,false,32,2,recipient_bits=16;location_bytes=32,9634,68,measured,ok,unavailable,rustc,nightly-2021-05-06,Release,JerryZ
1787147281343715659,PPS-GC,sender_signaling,pps_gc_share_generation,sender,583,false,32,2,recipient_bits=16;location_bytes=32,9579,68,measured,ok,unavailable,rustc,nightly-2021-05-06,Release,JerryZ
1787147281344796332,PPS-GC,sender_signaling,pps_gc_sender_preparation,sender,583,false,32,2,recipient_bits=16;location_bytes=32,138,68,measured,ok,unavailable,rustc,nightly-2021-05-06,Release,JerryZ
1787147281345982085,PPS-GC,sender_signaling,message_encryption,sender,583,false,32,2,recipient_bits=16;location_bytes=32,-1,,not_applicable,not_applicable,unavailable,rustc,nightly-2021-05-06,Release,JerryZ
1787147281347507049,PPS-GC,sender_signaling,pps_gc_sender_total_signaling,sender,583,false,32,2,recipient_bits=16;location_bytes=32,23777,68,measured,ok,unavailable,rustc,nightly-2021-05-06,Release,JerryZ
1787147281349532474,PPS-GC,sender_signaling,pps_gc_share_generation,sender,584,false,32,2,recipient_bits=16;location_bytes=32,22592,68,measured,ok,unavailable,rustc,nightly-2021-05-06,Release,JerryZ
1787147281350908392,PPS-GC,sender_signaling,pps_gc_sender_preparation,sender,584,false,32,2,recipient_bits=16;location_bytes=32,496,68,measured,ok,unavailable,rustc,nightly-2021-05-06,Release,JerryZ
1787147281351971244,PPS-GC,sender_signaling,message_encryption,sender,584,false,32,2,recipient_bits=16;location_bytes=32,-1,,not_applicable,not_applicable,unavailable,rustc,nightly-2021-05-06,Release,JerryZ
1787147281353377601,PPS-GC,sender_signaling,pps_gc_sender_total_signaling,sender,584,false,32,2,recipient_bits=16;location_bytes=32,12628,68,measured,ok,unavailable,rustc,nightly-2021-05-06,Release,JerryZ
1787147281354561072,PPS-GC,sender_signaling,pps_gc_share_generation,sender,585,false,32,2,recipient_bits=16;location_bytes=32,10130,68,measured,ok,unavailable,rustc,nightly-2021-05-06,Release,JerryZ
1787147281355642167,PPS-GC,sender_signaling,pps_gc_sender_preparation,sender,585,false,32,2,recipient_bits=16;location_bytes=32,138,68,measured,ok,unavailable,rustc,nightly-2021-05-06,Release,JerryZ
1787147281356720640,PPS-GC,sender_signaling,message_encryption,sender,585,false,32,2,recipient_bits=16;location_bytes=32,-1,,not_applicable,not_applicable,unavailable,rustc,nightly-2021-05-06,Release,JerryZ
1787147281357790613,PPS-GC,sender_signaling,pps_gc_sender_total_signaling,sender,585,false,32,2,recipient_bits=16;location_bytes=32,9827,68,measured,ok,unavailable,rustc,nightly-2021-05-06,Release,JerryZ
1787147281358863948,PPS-GC,sender_signaling,pps_gc_share_generation,sender,586,false,32,2,recipient_bits=16;location_bytes=32,9514,68,measured,ok,unavailable,rustc,nightly-2021-05-06,Release,JerryZ
1787147281360143595,PPS-GC,sender_signaling,pps_gc_sender_preparation,sender,586,false,32,2,recipient_bits=16;location_bytes=32,147,68,measured,ok,unavailable,rustc,nightly-2021-05-06,Release,JerryZ
1787147281361535740,PPS-GC,sender_signaling,message_encryption,sender,586,false,32,2,recipient_bits=16;location_bytes=32,-1,,not_applicable,not_applicable,unavailable,rustc,nightly-2021-05-06,Release,JerryZ
1787147281363206492,PPS-GC,sender_signaling,pps_gc_sender_total_signaling,sender,586,false,32,2,recipient_bits=16;location_bytes=32,16338,68,measured,ok,unavailable,rustc,nightly-2021-05-06,Release,JerryZ
1787147281364579861,PPS-GC,sender_signaling,pps_gc_share_generation,sender,587,false,32,2,recipient_bits=16;location_bytes=32,10075,68,measured,ok,unavailable,rustc,nightly-2021-05-06,Release,JerryZ
1787147281365820528,PPS-GC,sender_signaling,pps_gc_sender_preparation,sender,587,false,32,2,recipient_bits=16;location_bytes=32,358,68,measured,ok,unavailable,rustc,nightly-2021-05-06,Release,JerryZ
1787147281367146908,PPS-GC,sender_signaling,message_encryption,sender,587,false,32,2,recipient_bits=16;location_bytes=32,-1,,not_applicable,not_applicable,unavailable,rustc,nightly-2021-05-06,Release,JerryZ
1787147281368230611,PPS-GC,sender_signaling,pps_gc_sender_total_signaling,sender,587,false,32,2,recipient_bits=16;location_bytes=32,10158,68,measured,ok,unavailable,rustc,nightly-2021-05-06,Release,JerryZ
1787147281369453035,PPS-GC,sender_signaling,pps_gc_share_generation,sender,588,false,32,2,recipient_bits=16;location_bytes=32,21600,68,measured,ok,unavailable,rustc,nightly-2021-05-06,Release,JerryZ
1787147281370703506,PPS-GC,sender_signaling,pps_gc_sender_preparation,sender,588,false,32,2,recipient_bits=16;location_bytes=32,367,68,measured,ok,unavailable,rustc,nightly-2021-05-06,Release,JerryZ
1787147281371956925,PPS-GC,sender_signaling,message_encryption,sender,588,false,32,2,recipient_bits=16;location_bytes=32,-1,,not_applicable,not_applicable,unavailable,rustc,nightly-2021-05-06,Release,JerryZ
1787147281373010533,PPS-GC,sender_signaling,pps_gc_sender_total_signaling,sender,588,false,32,2,recipient_bits=16;location_bytes=32,9891,68,measured,ok,unavailable,rustc,nightly-2021-05-06,Release,JerryZ
1787147281374104365,PPS-GC,sender_signaling,pps_gc_share_generation,sender,589,false,32,2,recipient_bits=16;location_bytes=32,9469,68,measured,ok,unavailable,rustc,nightly-2021-05-06,Release,JerryZ
1787147281375214472,PPS-GC,sender_signaling,pps_gc_sender_preparation,sender,589,false,32,2,recipient_bits=16;location_bytes=32,147,68,measured,ok,unavailable,rustc,nightly-2021-05-06,Release,JerryZ
1787147281376630352,PPS-GC,sender_signaling,message_encryption,sender,589,false,32,2,recipient_bits=16;location_bytes=32,-1,,not_applicable,not_applicable,unavailable,rustc,nightly-2021-05-06,Release,JerryZ
1787147281378382890,PPS-GC,sender_signaling,pps_gc_sender_total_signaling,sender,589,false,32,2,recipient_bits=16;location_bytes=32,17954,68,measured,ok,unavailable,rustc,nightly-2021-05-06,Release,JerryZ
1787147281380234926,PPS-GC,sender_signaling,pps_gc_share_generation,sender,590,false,32,2,recipient_bits=16;location_bytes=32,10561,68,measured,ok,unavailable,rustc,nightly-2021-05-06,Release,JerryZ
1787147281381882136,PPS-GC,sender_signaling,pps_gc_sender_preparation,sender,590,false,32,2,recipient_bits=16;location_bytes=32,230,68,measured,ok,unavailable,rustc,nightly-2021-05-06,Release,JerryZ
1787147281382937599,PPS-GC,sender_signaling,message_encryption,sender,590,false,32,2,recipient_bits=16;location_bytes=32,-1,,not_applicable,not_applicable,unavailable,rustc,nightly-2021-05-06,Release,JerryZ
1787147281384017417,PPS-GC,sender_signaling,pps_gc_sender_total_signaling,sender,590,false,32,2,recipient_bits=16;location_bytes=32,11176,68,measured,ok,unavailable,rustc,nightly-2021-05-06,Release,JerryZ
1787147281385104555,PPS-GC,sender_signaling,pps_gc_share_generation,sender,591,false,32,2,recipient_bits=16;location_bytes=32,9496,68,measured,ok,unavailable,rustc,nightly-2021-05-06,Release,JerryZ
1787147281386141650,PPS-GC,sender_signaling,pps_gc_sender_preparation,sender,591,false,32,2,recipient_bits=16;location_bytes=32,147,68,measured,ok,unavailable,rustc,nightly-2021-05-06,Release,JerryZ
1787147281387165374,PPS-GC,sender_signaling,message_encryption,sender,591,false,32,2,recipient_bits=16;location_bytes=32,-1,,not_applicable,not_applicable,unavailable,rustc,nightly-2021-05-06,Release,JerryZ
1787147281388507136,PPS-GC,sender_signaling,pps_gc_sender_total_signaling,sender,591,false,32,2,recipient_bits=16;location_bytes=32,21610,68,measured,ok,unavailable,rustc,nightly-2021-05-06,Release,JerryZ
1787147281389719646,PPS-GC,sender_signaling,pps_gc_share_generation,sender,592,false,32,2,recipient_bits=16;location_bytes=32,9606,68,measured,ok,unavailable,rustc,nightly-2021-05-06,Release,JerryZ
1787147281390812891,PPS-GC,sender_signaling,pps_gc_sender_preparation,sender,592,false,32,2,recipient_bits=16;location_bytes=32,147,68,measured,ok,unavailable,rustc,nightly-2021-05-06,Release,JerryZ
1787147281392031724,PPS-GC,sender_signaling,message_encryption,sender,592,false,32,2,recipient_bits=16;location_bytes=32,-1,,not_applicable,not_applicable,unavailable,rustc,nightly-2021-05-06,Release,JerryZ
1787147281393466950,PPS-GC,sender_signaling,pps_gc_sender_total_signaling,sender,592,false,32,2,recipient_bits=16;location_bytes=32,10653,68,measured,ok,unavailable,rustc,nightly-2021-05-06,Release,JerryZ
1787147281395213671,PPS-GC,sender_signaling,pps_gc_share_generation,sender,593,false,32,2,recipient_bits=16;location_bytes=32,10341,68,measured,ok,unavailable,rustc,nightly-2021-05-06,Release,JerryZ
1787147281396292526,PPS-GC,sender_signaling,pps_gc_sender_preparation,sender,593,false,32,2,recipient_bits=16;location_bytes=32,349,68,measured,ok,unavailable,rustc,nightly-2021-05-06,Release,JerryZ
1787147281397409039,PPS-GC,sender_signaling,message_encryption,sender,593,false,32,2,recipient_bits=16;location_bytes=32,-1,,not_applicable,not_applicable,unavailable,rustc,nightly-2021-05-06,Release,JerryZ
1787147281398677790,PPS-GC,sender_signaling,pps_gc_sender_total_signaling,sender,593,false,32,2,recipient_bits=16;location_bytes=32,10589,68,measured,ok,unavailable,rustc,nightly-2021-05-06,Release,JerryZ
1787147281400159812,PPS-GC,sender_signaling,pps_gc_share_generation,sender,594,false,32,2,recipient_bits=16;location_bytes=32,9964,68,measured,ok,unavailable,rustc,nightly-2021-05-06,Release,JerryZ
1787147281401302277,PPS-GC,sender_signaling,pps_gc_sender_preparation,sender,594,false,32,2,recipient_bits=16;location_bytes=32,303,68,measured,ok,unavailable,rustc,nightly-2021-05-06,Release,JerryZ
1787147281402378041,PPS-GC,sender_signaling,message_encryption,sender,594,false,32,2,recipient_bits=16;location_bytes=32,-1,,not_applicable,not_applicable,unavailable,rustc,nightly-2021-05-06,Release,JerryZ
1787147281403566760,PPS-GC,sender_signaling,pps_gc_sender_total_signaling,sender,594,false,32,2,recipient_bits=16;location_bytes=32,10157,68,measured,ok,unavailable,rustc,nightly-2021-05-06,Release,JerryZ
1787147281404979600,PPS-GC,sender_signaling,pps_gc_share_generation,sender,595,false,32,2,recipient_bits=16;location_bytes=32,21380,68,measured,ok,unavailable,rustc,nightly-2021-05-06,Release,JerryZ
1787147281406289467,PPS-GC,sender_signaling,pps_gc_sender_preparation,sender,595,false,32,2,recipient_bits=16;location_bytes=32,275,68,measured,ok,unavailable,rustc,nightly-2021-05-06,Release,JerryZ
1787147281407401319,PPS-GC,sender_signaling,message_encryption,sender,595,false,32,2,recipient_bits=16;location_bytes=32,-1,,not_applicable,not_applicable,unavailable,rustc,nightly-2021-05-06,Release,JerryZ
1787147281409635945,PPS-GC,sender_signaling,pps_gc_sender_total_signaling,sender,595,false,32,2,recipient_bits=16;location_bytes=32,10947,68,measured,ok,unavailable,rustc,nightly-2021-05-06,Release,JerryZ
1787147281410808506,PPS-GC,sender_signaling,pps_gc_share_generation,sender,596,false,32,2,recipient_bits=16;location_bytes=32,10065,68,measured,ok,unavailable,rustc,nightly-2021-05-06,Release,JerryZ
1787147281412183339,PPS-GC,sender_signaling,pps_gc_sender_preparation,sender,596,false,32,2,recipient_bits=16;location_bytes=32,349,68,measured,ok,unavailable,rustc,nightly-2021-05-06,Release,JerryZ
1787147281413290433,PPS-GC,sender_signaling,message_encryption,sender,596,false,32,2,recipient_bits=16;location_bytes=32,-1,,not_applicable,not_applicable,unavailable,rustc,nightly-2021-05-06,Release,JerryZ
1787147281414321614,PPS-GC,sender_signaling,pps_gc_sender_total_signaling,sender,596,false,32,2,recipient_bits=16;location_bytes=32,9983,68,measured,ok,unavailable,rustc,nightly-2021-05-06,Release,JerryZ
1787147281415469723,PPS-GC,sender_signaling,pps_gc_share_generation,sender,597,false,32,2,recipient_bits=16;location_bytes=32,9643,68,measured,ok,unavailable,rustc,nightly-2021-05-06,Release,JerryZ
1787147281416794702,PPS-GC,sender_signaling,pps_gc_sender_preparation,sender,597,false,32,2,recipient_bits=16;location_bytes=32,147,68,measured,ok,unavailable,rustc,nightly-2021-05-06,Release,JerryZ
1787147281417929081,PPS-GC,sender_signaling,message_encryption,sender,597,false,32,2,recipient_bits=16;location_bytes=32,-1,,not_applicable,not_applicable,unavailable,rustc,nightly-2021-05-06,Release,JerryZ
1787147281418991432,PPS-GC,sender_signaling,pps_gc_sender_total_signaling,sender,597,false,32,2,recipient_bits=16;location_bytes=32,9891,68,measured,ok,unavailable,rustc,nightly-2021-05-06,Release,JerryZ
1787147281420076797,PPS-GC,sender_signaling,pps_gc_share_generation,sender,598,false,32,2,recipient_bits=16;location_bytes=32,9469,68,measured,ok,unavailable,rustc,nightly-2021-05-06,Release,JerryZ
1787147281421107308,PPS-GC,sender_signaling,pps_gc_sender_preparation,sender,598,false,32,2,recipient_bits=16;location_bytes=32,147,68,measured,ok,unavailable,rustc,nightly-2021-05-06,Release,JerryZ
1787147281422595730,PPS-GC,sender_signaling,message_encryption,sender,598,false,32,2,recipient_bits=16;location_bytes=32,-1,,not_applicable,not_applicable,unavailable,rustc,nightly-2021-05-06,Release,JerryZ
1787147281424100803,PPS-GC,sender_signaling,pps_gc_sender_total_signaling,sender,598,false,32,2,recipient_bits=16;location_bytes=32,10800,68,measured,ok,unavailable,rustc,nightly-2021-05-06,Release,JerryZ
1787147281425535087,PPS-GC,sender_signaling,pps_gc_share_generation,sender,599,false,32,2,recipient_bits=16;location_bytes=32,10038,68,measured,ok,unavailable,rustc,nightly-2021-05-06,Release,JerryZ
1787147281426712878,PPS-GC,sender_signaling,pps_gc_sender_preparation,sender,599,false,32,2,recipient_bits=16;location_bytes=32,432,68,measured,ok,unavailable,rustc,nightly-2021-05-06,Release,JerryZ
1787147281428115589,PPS-GC,sender_signaling,message_encryption,sender,599,false,32,2,recipient_bits=16;location_bytes=32,-1,,not_applicable,not_applicable,unavailable,rustc,nightly-2021-05-06,Release,JerryZ
1787147281429254224,PPS-GC,sender_signaling,pps_gc_sender_total_signaling,sender,599,false,32,2,recipient_bits=16;location_bytes=32,9827,68,measured,ok,unavailable,rustc,nightly-2021-05-06,Release,JerryZ
1787147281430595179,PPS-GC,sender_signaling,pps_gc_share_generation,sender,600,false,32,2,recipient_bits=16;location_bytes=32,10166,68,measured,ok,unavailable,rustc,nightly-2021-05-06,Release,JerryZ
1787147281432184379,PPS-GC,sender_signaling,pps_gc_sender_preparation,sender,600,false,32,2,recipient_bits=16;location_bytes=32,221,68,measured,ok,unavailable,rustc,nightly-2021-05-06,Release,JerryZ
1787147281433460661,PPS-GC,sender_signaling,message_encryption,sender,600,false,32,2,recipient_bits=16;location_bytes=32,-1,,not_applicable,not_applicable,unavailable,rustc,nightly-2021-05-06,Release,JerryZ
1787147281434652687,PPS-GC,sender_signaling,pps_gc_sender_total_signaling,sender,600,false,32,2,recipient_bits=16;location_bytes=32,10800,68,measured,ok,unavailable,rustc,nightly-2021-05-06,Release,JerryZ
1787147281435819218,PPS-GC,sender_signaling,pps_gc_share_generation,sender,601,false,32,2,recipient_bits=16;location_bytes=32,9523,68,measured,ok,unavailable,rustc,nightly-2021-05-06,Release,JerryZ
1787147281437007345,PPS-GC,sender_signaling,pps_gc_sender_preparation,sender,601,false,32,2,recipient_bits=16;location_bytes=32,147,68,measured,ok,unavailable,rustc,nightly-2021-05-06,Release,JerryZ
1787147281438540751,PPS-GC,sender_signaling,message_encryption,sender,601,false,32,2,recipient_bits=16;location_bytes=32,-1,,not_applicable,not_applicable,unavailable,rustc,nightly-2021-05-06,Release,JerryZ
1787147281440662648,PPS-GC,sender_signaling,pps_gc_sender_total_signaling,sender,601,false,32,2,recipient_bits=16;location_bytes=32,19194,68,measured,ok,unavailable,rustc,nightly-2021-05-06,Release,JerryZ
1787147281442413391,PPS-GC,sender_signaling,pps_gc_share_generation,sender,602,false,32,2,recipient_bits=16;location_bytes=32,10148,68,measured,ok,unavailable,rustc,nightly-2021-05-06,Release,JerryZ
1787147281443699546,PPS-GC,sender_signaling,pps_gc_sender_preparation,sender,602,false,32,2,recipient_bits=16;location_bytes=32,377,68,measured,ok,unavailable,rustc,nightly-2021-05-06,Release,JerryZ
1787147281444811709,PPS-GC,sender_signaling,message_encryption,sender,602,false,32,2,recipient_bits=16;location_bytes=32,-1,,not_applicable,not_applicable,unavailable,rustc,nightly-2021-05-06,Release,JerryZ
1787147281446211316,PPS-GC,sender_signaling,pps_gc_sender_total_signaling,sender,602,false,32,2,recipient_bits=16;location_bytes=32,10856,68,measured,ok,unavailable,rustc,nightly-2021-05-06,Release,JerryZ
1787147281447891495,PPS-GC,sender_signaling,pps_gc_share_generation,sender,603,false,32,2,recipient_bits=16;location_bytes=32,10111,68,measured,ok,unavailable,rustc,nightly-2021-05-06,Release,JerryZ
1787147281449039829,PPS-GC,sender_signaling,pps_gc_sender_preparation,sender,603,false,32,2,recipient_bits=16;location_bytes=32,432,68,measured,ok,unavailable,rustc,nightly-2021-05-06,Release,JerryZ
1787147281450190110,PPS-GC,sender_signaling,message_encryption,sender,603,false,32,2,recipient_bits=16;location_bytes=32,-1,,not_applicable,not_applicable,unavailable,rustc,nightly-2021-05-06,Release,JerryZ
1787147281451327584,PPS-GC,sender_signaling,pps_gc_sender_total_signaling,sender,603,false,32,2,recipient_bits=16;location_bytes=32,9882,68,measured,ok,unavailable,rustc,nightly-2021-05-06,Release,JerryZ
1787147281452880881,PPS-GC,sender_signaling,pps_gc_share_generation,sender,604,false,32,2,recipient_bits=16;location_bytes=32,21821,68,measured,ok,unavailable,rustc,nightly-2021-05-06,Release,JerryZ
1787147281454483889,PPS-GC,sender_signaling,pps_gc_sender_preparation,sender,604,false,32,2,recipient_bits=16;location_bytes=32,432,68,measured,ok,unavailable,rustc,nightly-2021-05-06,Release,JerryZ
1787147281455859498,PPS-GC,sender_signaling,message_encryption,sender,604,false,32,2,recipient_bits=16;location_bytes=32,-1,,not_applicable,not_applicable,unavailable,rustc,nightly-2021-05-06,Release,JerryZ
1787147281457086826,PPS-GC,sender_signaling,pps_gc_sender_total_signaling,sender,604,false,32,2,recipient_bits=16;location_bytes=32,10993,68,measured,ok,unavailable,rustc,nightly-2021-05-06,Release,JerryZ
1787147281458687773,PPS-GC,sender_signaling,pps_gc_share_generation,sender,605,false,32,2,recipient_bits=16;location_bytes=32,9744,68,measured,ok,unavailable,rustc,nightly-2021-05-06,Release,JerryZ
1787147281459926411,PPS-GC,sender_signaling,pps_gc_sender_preparation,sender,605,false,32,2,recipient_bits=16;location_bytes=32,414,68,measured,ok,unavailable,rustc,nightly-2021-05-06,Release,JerryZ
1787147281461402082,PPS-GC,sender_signaling,message_encryption,sender,605,false,32,2,recipient_bits=16;location_bytes=32,-1,,not_applicable,not_applicable,unavailable,rustc,nightly-2021-05-06,Release,JerryZ
1787147281462970375,PPS-GC,sender_signaling,pps_gc_sender_total_signaling,sender,605,false,32,2,recipient_bits=16;location_bytes=32,10010,68,measured,ok,unavailable,rustc,nightly-2021-05-06,Release,JerryZ
1787147281464180957,PPS-GC,sender_signaling,pps_gc_share_generation,sender,606,false,32,2,recipient_bits=16;location_bytes=32,9569,68,measured,ok,unavailable,rustc,nightly-2021-05-06,Release,JerryZ
1787147281465542221,PPS-GC,sender_signaling,pps_gc_sender_preparation,sender,606,false,32,2,recipient_bits=16;location_bytes=32,138,68,measured,ok,unavailable,rustc,nightly-2021-05-06,Release,JerryZ
1787147281466916388,PPS-GC,sender_signaling,message_encryption,sender,606,false,32,2,recipient_bits=16;location_bytes=32,-1,,not_applicable,not_applicable,unavailable,rustc,nightly-2021-05-06,Release,JerryZ
1787147281468114227,PPS-GC,sender_signaling,pps_gc_sender_total_signaling,sender,606,false,32,2,recipient_bits=16;location_bytes=32,11130,68,measured,ok,unavailable,rustc,nightly-2021-05-06,Release,JerryZ
1787147281469523706,PPS-GC,sender_signaling,pps_gc_share_generation,sender,607,false,32,2,recipient_bits=16;location_bytes=32,21903,68,measured,ok,unavailable,rustc,nightly-2021-05-06,Release,JerryZ
1787147281471420182,PPS-GC,sender_signaling,pps_gc_sender_preparation,sender,607,false,32,2,recipient_bits=16;location_bytes=32,643,68,measured,ok,unavailable,rustc,nightly-2021-05-06,Release,JerryZ
1787147281472611436,PPS-GC,sender_signaling,message_encryption,sender,607,false,32,2,recipient_bits=16;location_bytes=32,-1,,not_applicable,not_applicable,unavailable,rustc,nightly-2021-05-06,Release,JerryZ
1787147281473745650,PPS-GC,sender_signaling,pps_gc_sender_total_signaling,sender,607,false,32,2,recipient_bits=16;location_bytes=32,10093,68,measured,ok,unavailable,rustc,nightly-2021-05-06,Release,JerryZ
1787147281474902740,PPS-GC,sender_signaling,pps_gc_share_generation,sender,608,false,32,2,recipient_bits=16;location_bytes=32,9579,68,measured,ok,unavailable,rustc,nightly-2021-05-06,Release,JerryZ
1787147281476094160,PPS-GC,sender_signaling,pps_gc_sender_preparation,sender,608,false,32,2,recipient_bits=16;location_bytes=32,147,68,measured,ok,unavailable,rustc,nightly-2021-05-06,Release,JerryZ
1787147281477875756,PPS-GC,sender_signaling,message_encryption,sender,608,false,32,2,recipient_bits=16;location_bytes=32,-1,,not_applicable,not_applicable,unavailable,rustc,nightly-2021-05-06,Release,JerryZ
1787147281479037778,PPS-GC,sender_signaling,pps_gc_sender_total_signaling,sender,608,false,32,2,recipient_bits=16;location_bytes=32,10313,68,measured,ok,unavailable,rustc,nightly-2021-05-06,Release,JerryZ
1787147281480180165,PPS-GC,sender_signaling,pps_gc_share_generation,sender,609,false,32,2,recipient_bits=16;location_bytes=32,9560,68,measured,ok,unavailable,rustc,nightly-2021-05-06,Release,JerryZ
1787147281481364830,PPS-GC,sender_signaling,pps_gc_sender_preparation,sender,609,false,32,2,recipient_bits=16;location_bytes=32,129,68,measured,ok,unavailable,rustc,nightly-2021-05-06,Release,JerryZ
1787147281482909485,PPS-GC,sender_signaling,message_encryption,sender,609,false,32,2,recipient_bits=16;location_bytes=32,-1,,not_applicable,not_applicable,unavailable,rustc,nightly-2021-05-06,Release,JerryZ
1787147281484088497,PPS-GC,sender_signaling,pps_gc_sender_total_signaling,sender,609,false,32,2,recipient_bits=16;location_bytes=32,10699,68,measured,ok,unavailable,rustc,nightly-2021-05-06,Release,JerryZ
1787147281485329339,PPS-GC,sender_signaling,pps_gc_share_generation,sender,610,false,32,2,recipient_bits=16;location_bytes=32,9808,68,measured,ok,unavailable,rustc,nightly-2021-05-06,Release,JerryZ
1787147281487273387,PPS-GC,sender_signaling,pps_gc_sender_preparation,sender,610,false,32,2,recipient_bits=16;location_bytes=32,147,68,measured,ok,unavailable,rustc,nightly-2021-05-06,Release,JerryZ
1787147281488613878,PPS-GC,sender_signaling,message_encryption,sender,610,false,32,2,recipient_bits=16;location_bytes=32,-1,,not_applicable,not_applicable,unavailable,rustc,nightly-2021-05-06,Release,JerryZ
1787147281489789539,PPS-GC,sender_signaling,pps_gc_sender_total_signaling,sender,610,false,32,2,recipient_bits=16;location_bytes=32,10359,68,measured,ok,unavailable,rustc,nightly-2021-05-06,Release,JerryZ
1787147281490954151,PPS-GC,sender_signaling,pps_gc_share_generation,sender,611,false,32,2,recipient_bits=16;location_bytes=32,9725,68,measured,ok,unavailable,rustc,nightly-2021-05-06,Release,JerryZ
1787147281492196798,PPS-GC,sender_signaling,pps_gc_sender_preparation,sender,611,false,32,2,recipient_bits=16;location_bytes=32,147,68,measured,ok,unavailable,rustc,nightly-2021-05-06,Release,JerryZ
1787147281493411480,PPS-GC,sender_signaling,message_encryption,sender,611,false,32,2,recipient_bits=16;location_bytes=32,-1,,not_applicable,not_applicable,unavailable,rustc,nightly-2021-05-06,Release,JerryZ
1787147281494855838,PPS-GC,sender_signaling,pps_gc_sender_total_signaling,sender,611,false,32,2,recipient_bits=16;location_bytes=32,10111,68,measured,ok,unavailable,rustc,nightly-2021-05-06,Release,JerryZ
1787147281495990539,PPS-GC,sender_signaling,pps_gc_share_generation,sender,612,false,32,2,recipient_bits=16;location_bytes=32,9542,68,measured,ok,unavailable,rustc,nightly-2021-05-06,Release,JerryZ
1787147281497085529,PPS-GC,sender_signaling,pps_gc_sender_preparation,sender,612,false,32,2,recipient_bits=16;location_bytes=32,147,68,measured,ok,unavailable,rustc,nightly-2021-05-06,Release,JerryZ
1787147281498319520,PPS-GC,sender_signaling,message_encryption,sender,612,false,32,2,recipient_bits=16;location_bytes=32,-1,,not_applicable,not_applicable,unavailable,rustc,nightly-2021-05-06,Release,JerryZ
1787147281499797551,PPS-GC,sender_signaling,pps_gc_sender_total_signaling,sender,612,false,32,2,recipient_bits=16;location_bytes=32,22748,68,measured,ok,unavailable,rustc,nightly-2021-05-06,Release,JerryZ
1787147281502479083,PPS-GC,sender_signaling,pps_gc_share_generation,sender,613,false,32,2,recipient_bits=16;location_bytes=32,10570,68,measured,ok,unavailable,rustc,nightly-2021-05-06,Release,JerryZ
1787147281503926959,PPS-GC,sender_signaling,pps_gc_sender_preparation,sender,613,false,32,2,recipient_bits=16;location_bytes=32,330,68,measured,ok,unavailable,rustc,nightly-2021-05-06,Release,JerryZ
1787147281505080073,PPS-GC,sender_signaling,message_encryption,sender,613,false,32,2,recipient_bits=16;location_bytes=32,-1,,not_applicable,not_applicable,unavailable,rustc,nightly-2021-05-06,Release,JerryZ
1787147281506256670,PPS-GC,sender_signaling,pps_gc_sender_total_signaling,sender,613,false,32,2,recipient_bits=16;location_bytes=32,10451,68,measured,ok,unavailable,rustc,nightly-2021-05-06,Release,JerryZ
1787147281507930783,PPS-GC,sender_signaling,pps_gc_share_generation,sender,614,false,32,2,recipient_bits=16;location_bytes=32,10369,68,measured,ok,unavailable,rustc,nightly-2021-05-06,Release,JerryZ
1787147281509097319,PPS-GC,sender_signaling,pps_gc_sender_preparation,sender,614,false,32,2,recipient_bits=16;location_bytes=32,147,68,measured,ok,unavailable,rustc,nightly-2021-05-06,Release,JerryZ
1787147281510266514,PPS-GC,sender_signaling,message_encryption,sender,614,false,32,2,recipient_bits=16;location_bytes=32,-1,,not_applicable,not_applicable,unavailable,rustc,nightly-2021-05-06,Release,JerryZ
1787147281511389597,PPS-GC,sender_signaling,pps_gc_sender_total_signaling,sender,614,false,32,2,recipient_bits=16;location_bytes=32,9707,68,measured,ok,unavailable,rustc,nightly-2021-05-06,Release,JerryZ
1787147281512764380,PPS-GC,sender_signaling,pps_gc_share_generation,sender,615,false,32,2,recipient_bits=16;location_bytes=32,9542,68,measured,ok,unavailable,rustc,nightly-2021-05-06,Release,JerryZ
1787147281514104682,PPS-GC,sender_signaling,pps_gc_sender_preparation,sender,615,false,32,2,recipient_bits=16;location_bytes=32,146,68,measured,ok,unavailable,rustc,nightly-2021-05-06,Release,JerryZ
1787147281515443900,PPS-GC,sender_signaling,message_encryption,sender,615,false,32,2,recipient_bits=16;location_bytes=32,-1,,not_applicable,not_applicable,unavailable,rustc,nightly-2021-05-06,Release,JerryZ
1787147281517406339,PPS-GC,sender_signaling,pps_gc_sender_total_signaling,sender,615,false,32,2,recipient_bits=16;location_bytes=32,11085,68,measured,ok,unavailable,rustc,nightly-2021-05-06,Release,JerryZ
1787147281518730514,PPS-GC,sender_signaling,pps_gc_share_generation,sender,616,false,32,2,recipient_bits=16;location_bytes=32,9790,68,measured,ok,unavailable,rustc,nightly-2021-05-06,Release,JerryZ
1787147281519832006,PPS-GC,sender_signaling,pps_gc_sender_preparation,sender,616,false,32,2,recipient_bits=16;location_bytes=32,147,68,measured,ok,unavailable,rustc,nightly-2021-05-06,Release,JerryZ
1787147281520951007,PPS-GC,sender_signaling,message_encryption,sender,616,false,32,2,recipient_bits=16;location_bytes=32,-1,,not_applicable,not_applicable,unavailable,rustc,nightly-2021-05-06,Release,JerryZ
1787147281522322359,PPS-GC,sender_signaling,pps_gc_sender_total_signaling,sender,616,false,32,2,recipient_bits=16;location_bytes=32,9927,68,measured,ok,unavailable,rustc,nightly-2021-05-06,Release,JerryZ
1787147281523476741,PPS-GC,sender_signaling,pps_gc_share_generation,sender,617,false,32,2,recipient_bits=16;location_bytes=32,9588,68,measured,ok,unavailable,rustc,nightly-2021-05-06,Release,JerryZ
1787147281524936005,PPS-GC,sender_signaling,pps_gc_sender_preparation,sender,617,false,32,2,recipient_bits=16;location_bytes=32,147,68,measured,ok,unavailable,rustc,nightly-2021-05-06,Release,JerryZ
1787147281526314204,PPS-GC,sender_signaling,message_encryption,sender,617,false,32,2,recipient_bits=16;location_bytes=32,-1,,not_applicable,not_applicable,unavailable,rustc,nightly-2021-05-06,Release,JerryZ
1787147281527668727,PPS-GC,sender_signaling,pps_gc_sender_total_signaling,sender,617,false,32,2,recipient_bits=16;location_bytes=32,10497,68,measured,ok,unavailable,rustc,nightly-2021-05-06,Release,JerryZ
1787147281528948935,PPS-GC,sender_signaling,pps_gc_share_generation,sender,618,false,32,2,recipient_bits=16;location_bytes=32,9744,68,measured,ok,unavailable,rustc,nightly-2021-05-06,Release,JerryZ
1787147281530507476,PPS-GC,sender_signaling,pps_gc_sender_preparation,sender,618,false,32,2,recipient_bits=16;location_bytes=32,147,68,measured,ok,unavailable,rustc,nightly-2021-05-06,Release,JerryZ
1787147281532499978,PPS-GC,sender_signaling,message_encryption,sender,618,false,32,2,recipient_bits=16;location_bytes=32,-1,,not_applicable,not_applicable,unavailable,rustc,nightly-2021-05-06,Release,JerryZ
1787147281534087807,PPS-GC,sender_signaling,pps_gc_sender_total_signaling,sender,618,false,32,2,recipient_bits=16;location_bytes=32,11479,68,measured,ok,unavailable,rustc,nightly-2021-05-06,Release,JerryZ
1787147281535330159,PPS-GC,sender_signaling,pps_gc_share_generation,sender,619,false,32,2,recipient_bits=16;location_bytes=32,10405,68,measured,ok,unavailable,rustc,nightly-2021-05-06,Release,JerryZ
1787147281536416278,PPS-GC,sender_signaling,pps_gc_sender_preparation,sender,619,false,32,2,recipient_bits=16;location_bytes=32,376,68,measured,ok,unavailable,rustc,nightly-2021-05-06,Release,JerryZ
1787147281537973353,PPS-GC,sender_signaling,message_encryption,sender,619,false,32,2,recipient_bits=16;location_bytes=32,-1,,not_applicable,not_applicable,unavailable,rustc,nightly-2021-05-06,Release,JerryZ
1787147281539248543,PPS-GC,sender_signaling,pps_gc_sender_total_signaling,sender,619,false,32,2,recipient_bits=16;location_bytes=32,10735,68,measured,ok,unavailable,rustc,nightly-2021-05-06,Release,JerryZ
1787147281540331598,PPS-GC,sender_signaling,pps_gc_share_generation,sender,620,false,32,2,recipient_bits=16;location_bytes=32,9928,68,measured,ok,unavailable,rustc,nightly-2021-05-06,Release,JerryZ
1787147281541786927,PPS-GC,sender_signaling,pps_gc_sender_preparation,sender,620,false,32,2,recipient_bits=16;location_bytes=32,220,68,measured,ok,unavailable,rustc,nightly-2021-05-06,Release,JerryZ
1787147281542847110,PPS-GC,sender_signaling,message_encryption,sender,620,false,32,2,recipient_bits=16;location_bytes=32,-1,,not_applicable,not_applicable,unavailable,rustc,nightly-2021-05-06,Release,JerryZ
1787147281544056475,PPS-GC,sender_signaling,pps_gc_sender_total_signaling,sender,620,false,32,2,recipient_bits=16;location_bytes=32,22096,68,measured,ok,unavailable,rustc,nightly-2021-05-06,Release,JerryZ
1787147281545933362,PPS-GC,sender_signaling,pps_gc_share_generation,sender,621,false,32,2,recipient_bits=16;location_bytes=32,11608,68,measured,ok,unavailable,rustc,nightly-2021-05-06,Release,JerryZ
1787147281547218621,PPS-GC,sender_signaling,pps_gc_sender_preparation,sender,621,false,32,2,recipient_bits=16;location_bytes=32,854,68,measured,ok,unavailable,rustc,nightly-2021-05-06,Release,JerryZ
1787147281548469836,PPS-GC,sender_signaling,message_encryption,sender,621,false,32,2,recipient_bits=16;location_bytes=32,-1,,not_applicable,not_applicable,unavailable,rustc,nightly-2021-05-06,Release,JerryZ
1787147281549790939,PPS-GC,sender_signaling,pps_gc_sender_total_signaling,sender,621,false,32,2,recipient_bits=16;location_bytes=32,9900,68,measured,ok,unavailable,rustc,nightly-2021-05-06,Release,JerryZ
1787147281550875442,PPS-GC,sender_signaling,pps_gc_share_generation,sender,622,false,32,2,recipient_bits=16;location_bytes=32,9560,68,measured,ok,unavailable,rustc,nightly-2021-05-06,Release,JerryZ
1787147281551946994,PPS-GC,sender_signaling,pps_gc_sender_preparation,sender,622,false,32,2,recipient_bits=16;location_bytes=32,120,68,measured,ok,unavailable,rustc,nightly-2021-05-06,Release,JerryZ
1787147281553210277,PPS-GC,sender_signaling,message_encryption,sender,622,false,32,2,recipient_bits=16;location_bytes=32,-1,,not_applicable,not_applicable,unavailable,rustc,nightly-2021-05-06,Release,JerryZ
1787147281554337731,PPS-GC,sender_signaling,pps_gc_sender_total_signaling,sender,622,false,32,2,recipient_bits=16;location_bytes=32,10295,68,measured,ok,unavailable,rustc,nightly-2021-05-06,Release,JerryZ
1787147281555626416,PPS-GC,sender_signaling,pps_gc_share_generation,sender,623,false,32,2,recipient_bits=16;location_bytes=32,9569,68,measured,ok,unavailable,rustc,nightly-2021-05-06,Release,JerryZ
1787147281556686067,PPS-GC,sender_signaling,pps_gc_sender_preparation,sender,623,false,32,2,recipient_bits=16;location_bytes=32,138,68,measured,ok,unavailable,rustc,nightly-2021-05-06,Release,JerryZ
1787147281557816745,PPS-GC,sender_signaling,message_encryption,sender,623,false,32,2,recipient_bits=16;location_bytes=32,-1,,not_applicable,not_applicable,unavailable,rustc,nightly-2021-05-06,Release,JerryZ
1787147281559047439,PPS-GC,sender_signaling,pps_gc_sender_total_signaling,sender,623,false,32,2,recipient_bits=16;location_bytes=32,21903,68,measured,ok,unavailable,rustc,nightly-2021-05-06,Release,JerryZ
1787147281560722517,PPS-GC,sender_signaling,pps_gc_share_generation,sender,624,false,32,2,recipient_bits=16;location_bytes=32,21095,68,measured,ok,unavailable,rustc,nightly-2021-05-06,Release,JerryZ
1787147281562333965,PPS-GC,sender_signaling,pps_gc_sender_preparation,sender,624,false,32,2,recipient_bits=16;location_bytes=32,257,68,measured,ok,unavailable,rustc,nightly-2021-05-06,Release,JerryZ
1787147281563731028,PPS-GC,sender_signaling,message_encryption,sender,624,false,32,2,recipient_bits=16;location_bytes=32,-1,,not_applicable,not_applicable,unavailable,rustc,nightly-2021-05-06,Release,JerryZ
1787147281565126308,PPS-GC,sender_signaling,pps_gc_sender_total_signaling,sender,624,false,32,2,recipient_bits=16;location_bytes=32,22519,68,measured,ok,unavailable,rustc,nightly-2021-05-06,Release,JerryZ
1787147281566681465,PPS-GC,sender_signaling,pps_gc_share_generation,sender,625,false,32,2,recipient_bits=16;location_bytes=32,9670,68,measured,ok,unavailable,rustc,nightly-2021-05-06,Release,JerryZ
1787147281567907888,PPS-GC,sender_signaling,pps_gc_sender_preparation,sender,625,false,32,2,recipient_bits=16;location_bytes=32,147,68,measured,ok,unavailable,rustc,nightly-2021-05-06,Release,JerryZ
1787147281569474198,PPS-GC,sender_signaling,message_encryption,sender,625,false,32,2,recipient_bits=16;location_bytes=32,-1,,not_applicable,not_applicable,unavailable,rustc,nightly-2021-05-06,Release,JerryZ
1787147281571178972,PPS-GC,sender_signaling,pps_gc_sender_total_signaling,sender,625,false,32,2,recipient_bits=16;location_bytes=32,12030,68,measured,ok,unavailable,rustc,nightly-2021-05-06,Release,JerryZ
1787147281572375415,PPS-GC,sender_signaling,pps_gc_share_generation,sender,626,false,32,2,recipient_bits=16;location_bytes=32,10157,68,measured,ok,unavailable,rustc,nightly-2021-05-06,Release,JerryZ
1787147281573565338,PPS-GC,sender_signaling,pps_gc_sender_preparation,sender,626,false,32,2,recipient_bits=16;location_bytes=32,322,68,measured,ok,unavailable,rustc,nightly-2021-05-06,Release,JerryZ
1787147281574678392,PPS-GC,sender_signaling,message_encryption,sender,626,false,32,2,recipient_bits=16;location_bytes=32,-1,,not_applicable,not_applicable,unavailable,rustc,nightly-2021-05-06,Release,JerryZ
1787147281576068908,PPS-GC,sender_signaling,pps_gc_sender_total_signaling,sender,626,false,32,2,recipient_bits=16;location_bytes=32,13077,68,measured,ok,unavailable,rustc,nightly-2021-05-06,Release,JerryZ
1787147281577446878,PPS-GC,sender_signaling,pps_gc_share_generation,sender,627,false,32,2,recipient_bits=16;location_bytes=32,12169,68,measured,ok,unavailable,rustc,nightly-2021-05-06,Release,JerryZ
1787147281579020567,PPS-GC,sender_signaling,pps_gc_sender_preparation,sender,627,false,32,2,recipient_bits=16;location_bytes=32,643,68,measured,ok,unavailable,rustc,nightly-2021-05-06,Release,JerryZ
1787147281580057272,PPS-GC,sender_signaling,message_encryption,sender,627,false,32,2,recipient_bits=16;location_bytes=32,-1,,not_applicable,not_applicable,unavailable,rustc,nightly-2021-05-06,Release,JerryZ
1787147281581093298,PPS-GC,sender_signaling,pps_gc_sender_total_signaling,sender,627,false,32,2,recipient_bits=16;location_bytes=32,10084,68,measured,ok,unavailable,rustc,nightly-2021-05-06,Release,JerryZ
1787147281582245057,PPS-GC,sender_signaling,pps_gc_share_generation,sender,628,false,32,2,recipient_bits=16;location_bytes=32,21344,68,measured,ok,unavailable,rustc,nightly-2021-05-06,Release,JerryZ
1787147281583510442,PPS-GC,sender_signaling,pps_gc_sender_preparation,sender,628,false,32,2,recipient_bits=16;location_bytes=32,266,68,measured,ok,unavailable,rustc,nightly-2021-05-06,Release,JerryZ
1787147281584862408,PPS-GC,sender_signaling,message_encryption,sender,628,false,32,2,recipient_bits=16;location_bytes=32,-1,,not_applicable,not_applicable,unavailable,rustc,nightly-2021-05-06,Release,JerryZ
1787147281586037770,PPS-GC,sender_signaling,pps_gc_sender_total_signaling,sender,628,false,32,2,recipient_bits=16;location_bytes=32,10626,68,measured,ok,unavailable,rustc,nightly-2021-05-06,Release,JerryZ
1787147281587148179,PPS-GC,sender_signaling,pps_gc_share_generation,sender,629,false,32,2,recipient_bits=16;location_bytes=32,9799,68,measured,ok,unavailable,rustc,nightly-2021-05-06,Release,JerryZ
1787147281588228548,PPS-GC,sender_signaling,pps_gc_sender_preparation,sender,629,false,32,2,recipient_bits=16;location_bytes=32,166,68,measured,ok,unavailable,rustc,nightly-2021-05-06,Release,JerryZ
1787147281589706456,PPS-GC,sender_signaling,message_encryption,sender,629,false,32,2,recipient_bits=16;location_bytes=32,-1,,not_applicable,not_applicable,unavailable,rustc,nightly-2021-05-06,Release,JerryZ
1787147281591105557,PPS-GC,sender_signaling,pps_gc_sender_total_signaling,sender,629,false,32,2,recipient_bits=16;location_bytes=32,23510,68,measured,ok,unavailable,rustc,nightly-2021-05-06,Release,JerryZ
1787147281592536856,PPS-GC,sender_signaling,pps_gc_share_generation,sender,630,false,32,2,recipient_bits=16;location_bytes=32,10497,68,measured,ok,unavailable,rustc,nightly-2021-05-06,Release,JerryZ
1787147281593838297,PPS-GC,sender_signaling,pps_gc_sender_preparation,sender,630,false,32,2,recipient_bits=16;location_bytes=32,101,68,measured,ok,unavailable,rustc,nightly-2021-05-06,Release,JerryZ
1787147281595395387,PPS-GC,sender_signaling,message_encryption,sender,630,false,32,2,recipient_bits=16;location_bytes=32,-1,,not_applicable,not_applicable,unavailable,rustc,nightly-2021-05-06,Release,JerryZ
1787147281596424364,PPS-GC,sender_signaling,pps_gc_sender_total_signaling,sender,630,false,32,2,recipient_bits=16;location_bytes=32,10451,68,measured,ok,unavailable,rustc,nightly-2021-05-06,Release,JerryZ
1787147281597492482,PPS-GC,sender_signaling,pps_gc_share_generation,sender,631,false,32,2,recipient_bits=16;location_bytes=32,9560,68,measured,ok,unavailable,rustc,nightly-2021-05-06,Release,JerryZ
1787147281598848732,PPS-GC,sender_signaling,pps_gc_sender_preparation,sender,631,false,32,2,recipient_bits=16;location_bytes=32,138,68,measured,ok,unavailable,rustc,nightly-2021-05-06,Release,JerryZ
1787147281600143496,PPS-GC,sender_signaling,message_encryption,sender,631,false,32,2,recipient_bits=16;location_bytes=32,-1,,not_applicable,not_applicable,unavailable,rustc,nightly-2021-05-06,Release,JerryZ
1787147281601368469,PPS-GC,sender_signaling,pps_gc_sender_total_signaling,sender,631,false,32,2,recipient_bits=16;location_bytes=32,10497,68,measured,ok,unavailable,rustc,nightly-2021-05-06,Release,JerryZ
1787147281602657617,PPS-GC,sender_signaling,pps_gc_share_generation,sender,632,false,32,2,recipient_bits=16;location_bytes=32,10277,68,measured,ok,unavailable,rustc,nightly-2021-05-06,Release,JerryZ
1787147281603901017,PPS-GC,sender_signaling,pps_gc_sender_preparation,sender,632,false,32,2,recipient_bits=16;location_bytes=32,404,68,measured,ok,unavailable,rustc,nightly-2021-05-06,Release,JerryZ
1787147281605303057,PPS-GC,sender_signaling,message_encryption,sender,632,false,32,2,recipient_bits=16;location_bytes=32,-1,,not_applicable,not_applicable,unavailable,rustc,nightly-2021-05-06,Release,JerryZ
1787147281607316093,PPS-GC,sender_signaling,pps_gc_sender_total_signaling,sender,632,false,32,2,recipient_bits=16;location_bytes=32,13013,68,measured,ok,unavailable,rustc,nightly-2021-05-06,Release,JerryZ
1787147281608955102,PPS-GC,sender_signaling,pps_gc_share_generation,sender,633,false,32,2,recipient_bits=16;location_bytes=32,10488,68,measured,ok,unavailable,rustc,nightly-2021-05-06,Release,JerryZ
1787147281610428757,PPS-GC,sender_signaling,pps_gc_sender_preparation,sender,633,false,32,2,recipient_bits=16;location_bytes=32,285,68,measured,ok,unavailable,rustc,nightly-2021-05-06,Release,JerryZ
1787147281611605794,PPS-GC,sender_signaling,message_encryption,sender,633,false,32,2,recipient_bits=16;location_bytes=32,-1,,not_applicable,not_applicable,unavailable,rustc,nightly-2021-05-06,Release,JerryZ
1787147281612844079,PPS-GC,sender_signaling,pps_gc_sender_total_signaling,sender,633,false,32,2,recipient_bits=16;location_bytes=32,9881,68,measured,ok,unavailable,rustc,nightly-2021-05-06,Release,JerryZ
1787147281614494760,PPS-GC,sender_signaling,pps_gc_share_generation,sender,634,false,32,2,recipient_bits=16;location_bytes=32,10378,68,measured,ok,unavailable,rustc,nightly-2021-05-06,Release,JerryZ
1787147281615789405,PPS-GC,sender_signaling,pps_gc_sender_preparation,sender,634,false,32,2,recipient_bits=16;location_bytes=32,689,68,measured,ok,unavailable,rustc,nightly-2021-05-06,Release,JerryZ
1787147281616990954,PPS-GC,sender_signaling,message_encryption,sender,634,false,32,2,recipient_bits=16;location_bytes=32,-1,,not_applicable,not_applicable,unavailable,rustc,nightly-2021-05-06,Release,JerryZ
1787147281618353775,PPS-GC,sender_signaling,pps_gc_sender_total_signaling,sender,634,false,32,2,recipient_bits=16;location_bytes=32,10433,68,measured,ok,unavailable,rustc,nightly-2021-05-06,Release,JerryZ
1787147281619814081,PPS-GC,sender_signaling,pps_gc_share_generation,sender,635,false,32,2,recipient_bits=16;location_bytes=32,9753,68,measured,ok,unavailable,rustc,nightly-2021-05-06,Release,JerryZ
1787147281621071652,PPS-GC,sender_signaling,pps_gc_sender_preparation,sender,635,false,32,2,recipient_bits=16;location_bytes=32,138,68,measured,ok,unavailable,rustc,nightly-2021-05-06,Release,JerryZ
1787147281622898983,PPS-GC,sender_signaling,message_encryption,sender,635,false,32,2,recipient_bits=16;location_bytes=32,-1,,not_applicable,not_applicable,unavailable,rustc,nightly-2021-05-06,Release,JerryZ
1787147281624693630,PPS-GC,sender_signaling,pps_gc_sender_total_signaling,sender,635,false,32,2,recipient_bits=16;location_bytes=32,10763,68,measured,ok,unavailable,rustc,nightly-2021-05-06,Release,JerryZ
1787147281625977439,PPS-GC,sender_signaling,pps_gc_share_generation,sender,636,false,32,2,recipient_bits=16;location_bytes=32,9624,68,measured,ok,unavailable,rustc,nightly-2021-05-06,Release,JerryZ
1787147281627143741,PPS-GC,sender_signaling,pps_gc_sender_preparation,sender,636,false,32,2,recipient_bits=16;location_bytes=32,137,68,measured,ok,unavailable,rustc,nightly-2021-05-06,Release,JerryZ
1787147281628404962,PPS-GC,sender_signaling,message_encryption,sender,636,false,32,2,recipient_bits=16;location_bytes=32,-1,,not_applicable,not_applicable,unavailable,rustc,nightly-2021-05-06,Release,JerryZ
1787147281629731273,PPS-GC,sender_signaling,pps_gc_sender_total_signaling,sender,636,false,32,2,recipient_bits=16;location_bytes=32,11131,68,measured,ok,unavailable,rustc,nightly-2021-05-06,Release,JerryZ
1787147281631086571,PPS-GC,sender_signaling,pps_gc_share_generation,sender,637,false,32,2,recipient_bits=16;location_bytes=32,10028,68,measured,ok,unavailable,rustc,nightly-2021-05-06,Release,JerryZ
1787147281632695907,PPS-GC,sender_signaling,pps_gc_sender_preparation,sender,637,false,32,2,recipient_bits=16;location_bytes=32,285,68,measured,ok,unavailable,rustc,nightly-2021-05-06,Release,JerryZ
1787147281634011317,PPS-GC,sender_signaling,message_encryption,sender,637,false,32,2,recipient_bits=16;location_bytes=32,-1,,not_applicable,not_applicable,unavailable,rustc,nightly-2021-05-06,Release,JerryZ
1787147281635245184,PPS-GC,sender_signaling,pps_gc_sender_total_signaling,sender,637,false,32,2,recipient_bits=16;location_bytes=32,10350,68,measured,ok,unavailable,rustc,nightly-2021-05-06,Release,JerryZ
1787147281640908814,PPS-GC,sender_signaling,pps_gc_share_generation,sender,638,false,32,2,recipient_bits=16;location_bytes=32,10993,68,measured,ok,unavailable,rustc,nightly-2021-05-06,Release,JerryZ
1787147281642348324,PPS-GC,sender_signaling,pps_gc_sender_preparation,sender,638,false,32,2,recipient_bits=16;location_bytes=32,625,68,measured,ok,unavailable,rustc,nightly-2021-05-06,Release,JerryZ
1787147281643926931,PPS-GC,sender_signaling,message_encryption,sender,638,false,32,2,recipient_bits=16;location_bytes=32,-1,,not_applicable,not_applicable,unavailable,rustc,nightly-2021-05-06,Release,JerryZ
1787147281645449186,PPS-GC,sender_signaling,pps_gc_sender_total_signaling,sender,638,false,32,2,recipient_bits=16;location_bytes=32,10644,68,measured,ok,unavailable,rustc,nightly-2021-05-06,Release,JerryZ
1787147281646711560,PPS-GC,sender_signaling,pps_gc_share_generation,sender,639,false,32,2,recipient_bits=16;location_bytes=32,9808,68,measured,ok,unavailable,rustc,nightly-2021-05-06,Release,JerryZ
1787147281647918495,PPS-GC,sender_signaling,pps_gc_sender_preparation,sender,639,false,32,2,recipient_bits=16;location_bytes=32,267,68,measured,ok,unavailable,rustc,nightly-2021-05-06,Release,JerryZ
1787147281649477610,PPS-GC,sender_signaling,message_encryption,sender,639,false,32,2,recipient_bits=16;location_bytes=32,-1,,not_applicable,not_applicable,unavailable,rustc,nightly-2021-05-06,Release,JerryZ
1787147281650795352,PPS-GC,sender_signaling,pps_gc_sender_total_signaling,sender,639,false,32,2,recipient_bits=16;location_bytes=32,10194,68,measured,ok,unavailable,rustc,nightly-2021-05-06,Release,JerryZ
1787147281652118173,PPS-GC,sender_signaling,pps_gc_share_generation,sender,640,false,32,2,recipient_bits=16;location_bytes=32,22169,68,measured,ok,unavailable,rustc,nightly-2021-05-06,Release,JerryZ
1787147281653695375,PPS-GC,sender_signaling,pps_gc_sender_preparation,sender,640,false,32,2,recipient_bits=16;location_bytes=32,514,68,measured,ok,unavailable,rustc,nightly-2021-05-06,Release,JerryZ
1787147281655483886,PPS-GC,sender_signaling,message_encryption,sender,640,false,32,2,recipient_bits=16;location_bytes=32,-1,,not_applicable,not_applicable,unavailable,rustc,nightly-2021-05-06,Release,JerryZ
1787147281656747233,PPS-GC,sender_signaling,pps_gc_sender_total_signaling,sender,640,false,32,2,recipient_bits=16;location_bytes=32,10213,68,measured,ok,unavailable,rustc,nightly-2021-05-06,Release,JerryZ
1787147281657965873,PPS-GC,sender_signaling,pps_gc_share_generation,sender,641,false,32,2,recipient_bits=16;location_bytes=32,9561,68,measured,ok,unavailable,rustc,nightly-2021-05-06,Release,JerryZ
1787147281659600060,PPS-GC,sender_signaling,pps_gc_sender_preparation,sender,641,false,32,2,recipient_bits=16;location_bytes=32,147,68,measured,ok,unavailable,rustc,nightly-2021-05-06,Release,JerryZ
1787147281660957986,PPS-GC,sender_signaling,message_encryption,sender,641,false,32,2,recipient_bits=16;location_bytes=32,-1,,not_applicable,not_applicable,unavailable,rustc,nightly-2021-05-06,Release,JerryZ
1787147281662218224,PPS-GC,sender_signaling,pps_gc_sender_total_signaling,sender,641,false,32,2,recipient_bits=16;location_bytes=32,10231,68,measured,ok,unavailable,rustc,nightly-2021-05-06,Release,JerryZ
1787147281663286274,PPS-GC,sender_signaling,pps_gc_share_generation,sender,642,false,32,2,recipient_bits=16;location_bytes=32,9836,68,measured,ok,unavailable,rustc,nightly-2021-05-06,Release,JerryZ
1787147281664405357,PPS-GC,sender_signaling,pps_gc_sender_preparation,sender,642,false,32,2,recipient_bits=16;location_bytes=32,220,68,measured,ok,unavailable,rustc,nightly-2021-05-06,Release,JerryZ
1787147281665639637,PPS-GC,sender_signaling,message_encryption,sender,642,false,32,2,recipient_bits=16;location_bytes=32,-1,,not_applicable,not_applicable,unavailable,rustc,nightly-2021-05-06,Release,JerryZ
1787147281667267617,PPS-GC,sender_signaling,pps_gc_sender_total_signaling,sender,642,false,32,2,recipient_bits=16;location_bytes=32,10901,68,measured,ok,unavailable,rustc,nightly-2021-05-06,Release,JerryZ
1787147281668620823,PPS-GC,sender_signaling,pps_gc_share_generation,sender,643,false,32,2,recipient_bits=16;location_bytes=32,10056,68,measured,ok,unavailable,rustc,nightly-2021-05-06,Release,JerryZ
1787147281669965231,PPS-GC,sender_signaling,pps_gc_sender_preparation,sender,643,false,32,2,recipient_bits=16;location_bytes=32,229,68,measured,ok,unavailable,rustc,nightly-2021-05-06,Release,JerryZ
1787147281671188839,PPS-GC,sender_signaling,message_encryption,sender,643,false,32,2,recipient_bits=16;location_bytes=32,-1,,not_applicable,not_applicable,unavailable,rustc,nightly-2021-05-06,Release,JerryZ
1787147281672285280,PPS-GC,sender_signaling,pps_gc_sender_total_signaling,sender,643,false,32,2,recipient_bits=16;location_bytes=32,10332,68,measured,ok,unavailable,rustc,nightly-2021-05-06,Release,JerryZ
1787147281674085841,PPS-GC,sender_signaling,pps_gc_share_generation,sender,644,false,32,2,recipient_bits=16;location_bytes=32,10579,68,measured,ok,unavailable,rustc,nightly-2021-05-06,Release,JerryZ
1787147281675461643,PPS-GC,sender_signaling,pps_gc_sender_preparation,sender,644,false,32,2,recipient_bits=16;location_bytes=32,863,68,measured,ok,unavailable,rustc,nightly-2021-05-06,Release,JerryZ
1787147281676625796,PPS-GC,sender_signaling,message_encryption,sender,644,false,32,2,recipient_bits=16;location_bytes=32,-1,,not_applicable,not_applicable,unavailable,rustc,nightly-2021-05-06,Release,JerryZ
1787147281677944493,PPS-GC,sender_signaling,pps_gc_sender_total_signaling,sender,644,false,32,2,recipient_bits=16;location_bytes=32,10433,68,measured,ok,unavailable,rustc,nightly-2021-05-06,Release,JerryZ
1787147281679223021,PPS-GC,sender_signaling,pps_gc_share_generation,sender,645,false,32,2,recipient_bits=16;location_bytes=32,9606,68,measured,ok,unavailable,rustc,nightly-2021-05-06,Release,JerryZ
1787147281680224244,PPS-GC,sender_signaling,pps_gc_sender_preparation,sender,645,false,32,2,recipient_bits=16;location_bytes=32,137,68,measured,ok,unavailable,rustc,nightly-2021-05-06,Release,JerryZ
1787147281681505807,PPS-GC,sender_signaling,message_encryption,sender,645,false,32,2,recipient_bits=16;location_bytes=32,-1,,not_applicable,not_applicable,unavailable,rustc,nightly-2021-05-06,Release,JerryZ
1787147281683287118,PPS-GC,sender_signaling,pps_gc_sender_total_signaling,sender,645,false,32,2,recipient_bits=16;location_bytes=32,10644,68,measured,ok,unavailable,rustc,nightly-2021-05-06,Release,JerryZ
1787147281684579610,PPS-GC,sender_signaling,pps_gc_share_generation,sender,646,false,32,2,recipient_bits=16;location_bytes=32,11066,68,measured,ok,unavailable,rustc,nightly-2021-05-06,Release,JerryZ
1787147281686128875,PPS-GC,sender_signaling,pps_gc_sender_preparation,sender,646,false,32,2,recipient_bits=16;location_bytes=32,478,68,measured,ok,unavailable,rustc,nightly-2021-05-06,Release,JerryZ
1787147281687321901,PPS-GC,sender_signaling,message_encryption,sender,646,false,32,2,recipient_bits=16;location_bytes=32,-1,,not_applicable,not_applicable,unavailable,rustc,nightly-2021-05-06,Release,JerryZ
1787147281688586828,PPS-GC,sender_signaling,pps_gc_sender_total_signaling,sender,646,false,32,2,recipient_bits=16;location_bytes=32,11902,68,measured,ok,unavailable,rustc,nightly-2021-05-06,Release,JerryZ
1787147281690051519,PPS-GC,sender_signaling,pps_gc_share_generation,sender,647,false,32,2,recipient_bits=16;location_bytes=32,11764,68,measured,ok,unavailable,rustc,nightly-2021-05-06,Release,JerryZ
1787147281691493146,PPS-GC,sender_signaling,pps_gc_sender_preparation,sender,647,false,32,2,recipient_bits=16;location_bytes=32,358,68,measured,ok,unavailable,rustc,nightly-2021-05-06,Release,JerryZ
1787147281692800754,PPS-GC,sender_signaling,message_encryption,sender,647,false,32,2,recipient_bits=16;location_bytes=32,-1,,not_applicable,not_applicable,unavailable,rustc,nightly-2021-05-06,Release,JerryZ
1787147281694172423,PPS-GC,sender_signaling,pps_gc_sender_total_signaling,sender,647,false,32,2,recipient_bits=16;location_bytes=32,10047,68,measured,ok,unavailable,rustc,nightly-2021-05-06,Release,JerryZ
1787147281695348239,PPS-GC,sender_signaling,pps_gc_share_generation,sender,648,false,32,2,recipient_bits=16;location_bytes=32,9734,68,measured,ok,unavailable,rustc,nightly-2021-05-06,Release,JerryZ
1787147281696777243,PPS-GC,sender_signaling,pps_gc_sender_preparation,sender,648,false,32,2,recipient_bits=16;location_bytes=32,147,68,measured,ok,unavailable,rustc,nightly-2021-05-06,Release,JerryZ
1787147281698760726,PPS-GC,sender_signaling,message_encryption,sender,648,false,32,2,recipient_bits=16;location_bytes=32,-1,,not_applicable,not_applicable,unavailable,rustc,nightly-2021-05-06,Release,JerryZ
1787147281700316851,PPS-GC,sender_signaling,pps_gc_sender_total_signaling,sender,648,false,32,2,recipient_bits=16;location_bytes=32,14473,68,measured,ok,unavailable,rustc,nightly-2021-05-06,Release,JerryZ
1787147281701753395,PPS-GC,sender_signaling,pps_gc_share_generation,sender,649,false,32,2,recipient_bits=16;location_bytes=32,9973,68,measured,ok,unavailable,rustc,nightly-2021-05-06,Release,JerryZ
1787147281702923232,PPS-GC,sender_signaling,pps_gc_sender_preparation,sender,649,false,32,2,recipient_bits=16;location_bytes=32,331,68,measured,ok,unavailable,rustc,nightly-2021-05-06,Release,JerryZ
1787147281704309017,PPS-GC,sender_signaling,message_encryption,sender,649,false,32,2,recipient_bits=16;location_bytes=32,-1,,not_applicable,not_applicable,unavailable,rustc,nightly-2021-05-06,Release,JerryZ
1787147281705721618,PPS-GC,sender_signaling,pps_gc_sender_total_signaling,sender,649,false,32,2,recipient_bits=16;location_bytes=32,10561,68,measured,ok,unavailable,rustc,nightly-2021-05-06,Release,JerryZ
1787147281706957616,PPS-GC,sender_signaling,pps_gc_share_generation,sender,650,false,32,2,recipient_bits=16;location_bytes=32,9689,68,measured,ok,unavailable,rustc,nightly-2021-05-06,Release,JerryZ
1787147281708158834,PPS-GC,sender_signaling,pps_gc_sender_preparation,sender,650,false,32,2,recipient_bits=16;location_bytes=32,147,68,measured,ok,unavailable,rustc,nightly-2021-05-06,Release,JerryZ
1787147281709534581,PPS-GC,sender_signaling,message_encryption,sender,650,false,32,2,recipient_bits=16;location_bytes=32,-1,,not_applicable,not_applicable,unavailable,rustc,nightly-2021-05-06,Release,JerryZ
1787147281710806653,PPS-GC,sender_signaling,pps_gc_sender_total_signaling,sender,650,false,32,2,recipient_bits=16;location_bytes=32,9864,68,measured,ok,unavailable,rustc,nightly-2021-05-06,Release,JerryZ
1787147281711987819,PPS-GC,sender_signaling,pps_gc_share_generation,sender,651,false,32,2,recipient_bits=16;location_bytes=32,21352,68,measured,ok,unavailable,rustc,nightly-2021-05-06,Release,JerryZ
1787147281714011909,PPS-GC,sender_signaling,pps_gc_sender_preparation,sender,651,false,32,2,recipient_bits=16;location_bytes=32,413,68,measured,ok,unavailable,rustc,nightly-2021-05-06,Release,JerryZ
1787147281716374571,PPS-GC,sender_signaling,message_encryption,sender,651,false,32,2,recipient_bits=16;location_bytes=32,-1,,not_applicable,not_applicable,unavailable,rustc,nightly-2021-05-06,Release,JerryZ
1787147281717973208,PPS-GC,sender_signaling,pps_gc_sender_total_signaling,sender,651,false,32,2,recipient_bits=16;location_bytes=32,11857,68,measured,ok,unavailable,rustc,nightly-2021-05-06,Release,JerryZ
1787147281719179230,PPS-GC,sender_signaling,pps_gc_share_generation,sender,652,false,32,2,recipient_bits=16;location_bytes=32,9716,68,measured,ok,unavailable,rustc,nightly-2021-05-06,Release,JerryZ
1787147281720405603,PPS-GC,sender_signaling,pps_gc_sender_preparation,sender,652,false,32,2,recipient_bits=16;location_bytes=32,147,68,measured,ok,unavailable,rustc,nightly-2021-05-06,Release,JerryZ
1787147281721954386,PPS-GC,sender_signaling,message_encryption,sender,652,false,32,2,recipient_bits=16;location_bytes=32,-1,,not_applicable,not_applicable,unavailable,rustc,nightly-2021-05-06,Release,JerryZ
1787147281723424574,PPS-GC,sender_signaling,pps_gc_sender_total_signaling,sender,652,false,32,2,recipient_bits=16;location_bytes=32,11039,68,measured,ok,unavailable,rustc,nightly-2021-05-06,Release,JerryZ
1787147281724560138,PPS-GC,sender_signaling,pps_gc_share_generation,sender,653,false,32,2,recipient_bits=16;location_bytes=32,9569,68,measured,ok,unavailable,rustc,nightly-2021-05-06,Release,JerryZ
1787147281725728295,PPS-GC,sender_signaling,pps_gc_sender_preparation,sender,653,false,32,2,recipient_bits=16;location_bytes=32,147,68,measured,ok,unavailable,rustc,nightly-2021-05-06,Release,JerryZ
1787147281726962070,PPS-GC,sender_signaling,message_encryption,sender,653,false,32,2,recipient_bits=16;location_bytes=32,-1,,not_applicable,not_applicable,unavailable,rustc,nightly-2021-05-06,Release,JerryZ
1787147281728224516,PPS-GC,sender_signaling,pps_gc_sender_total_signaling,sender,653,false,32,2,recipient_bits=16;location_bytes=32,24705,68,measured,ok,unavailable,rustc,nightly-2021-05-06,Release,JerryZ
1787147281730439393,PPS-GC,sender_signaling,pps_gc_share_generation,sender,654,false,32,2,recipient_bits=16;location_bytes=32,22105,68,measured,ok,unavailable,rustc,nightly-2021-05-06,Release,JerryZ
1787147281731912745,PPS-GC,sender_signaling,pps_gc_sender_preparation,sender,654,false,32,2,recipient_bits=16;location_bytes=32,496,68,measured,ok,unavailable,rustc,nightly-2021-05-06,Release,JerryZ
1787147281733085343,PPS-GC,sender_signaling,message_encryption,sender,654,false,32,2,recipient_bits=16;location_bytes=32,-1,,not_applicable,not_applicable,unavailable,rustc,nightly-2021-05-06,Release,JerryZ
1787147281734280780,PPS-GC,sender_signaling,pps_gc_sender_total_signaling,sender,654,false,32,2,recipient_bits=16;location_bytes=32,10277,68,measured,ok,unavailable,rustc,nightly-2021-05-06,Release,JerryZ
1787147281735773886,PPS-GC,sender_signaling,pps_gc_share_generation,sender,655,false,32,2,recipient_bits=16;location_bytes=32,9772,68,measured,ok,unavailable,rustc,nightly-2021-05-06,Release,JerryZ
1787147281737160897,PPS-GC,sender_signaling,pps_gc_sender_preparation,sender,655,false,32,2,recipient_bits=16;location_bytes=32,340,68,measured,ok,unavailable,rustc,nightly-2021-05-06,Release,JerryZ
1787147281738364692,PPS-GC,sender_signaling,message_encryption,sender,655,false,32,2,recipient_bits=16;location_bytes=32,-1,,not_applicable,not_applicable,unavailable,rustc,nightly-2021-05-06,Release,JerryZ
1787147281739973018,PPS-GC,sender_signaling,pps_gc_sender_total_signaling,sender,655,false,32,2,recipient_bits=16;location_bytes=32,21995,68,measured,ok,unavailable,rustc,nightly-2021-05-06,Release,JerryZ
1787147281741310183,PPS-GC,sender_signaling,pps_gc_share_generation,sender,656,false,32,2,recipient_bits=16;location_bytes=32,13564,68,measured,ok,unavailable,rustc,nightly-2021-05-06,Release,JerryZ
1787147281742610164,PPS-GC,sender_signaling,pps_gc_sender_preparation,sender,656,false,32,2,recipient_bits=16;location_bytes=32,211,68,measured,ok,unavailable,rustc,nightly-2021-05-06,Release,JerryZ
1787147281744410330,PPS-GC,sender_signaling,message_encryption,sender,656,false,32,2,recipient_bits=16;location_bytes=32,-1,,not_applicable,not_applicable,unavailable,rustc,nightly-2021-05-06,Release,JerryZ
1787147281746734774,PPS-GC,sender_signaling,pps_gc_sender_total_signaling,sender,656,false,32,2,recipient_bits=16;location_bytes=32,15879,68,measured,ok,unavailable,rustc,nightly-2021-05-06,Release,JerryZ
1787147281748143137,PPS-GC,sender_signaling,pps_gc_share_generation,sender,657,false,32,2,recipient_bits=16;location_bytes=32,10267,68,measured,ok,unavailable,rustc,nightly-2021-05-06,Release,JerryZ
1787147281749765362,PPS-GC,sender_signaling,pps_gc_sender_preparation,sender,657,false,32,2,recipient_bits=16;location_bytes=32,532,68,measured,ok,unavailable,rustc,nightly-2021-05-06,Release,JerryZ
1787147281751022827,PPS-GC,sender_signaling,message_encryption,sender,657,false,32,2,recipient_bits=16;location_bytes=32,-1,,not_applicable,not_applicable,unavailable,rustc,nightly-2021-05-06,Release,JerryZ
1787147281752347301,PPS-GC,sender_signaling,pps_gc_sender_total_signaling,sender,657,false,32,2,recipient_bits=16;location_bytes=32,10553,68,measured,ok,unavailable,rustc,nightly-2021-05-06,Release,JerryZ
1787147281753670682,PPS-GC,sender_signaling,pps_gc_share_generation,sender,658,false,32,2,recipient_bits=16;location_bytes=32,10277,68,measured,ok,unavailable,rustc,nightly-2021-05-06,Release,JerryZ
1787147281754809754,PPS-GC,sender_signaling,pps_gc_sender_preparation,sender,658,false,32,2,recipient_bits=16;location_bytes=32,285,68,measured,ok,unavailable,rustc,nightly-2021-05-06,Release,JerryZ
1787147281756179283,PPS-GC,sender_signaling,message_encryption,sender,658,false,32,2,recipient_bits=16;location_bytes=32,-1,,not_applicable,not_applicable,unavailable,rustc,nightly-2021-05-06,Release,JerryZ
1787147281757487107,PPS-GC,sender_signaling,pps_gc_sender_total_signaling,sender,658,false,32,2,recipient_bits=16;location_bytes=32,21656,68,measured,ok,unavailable,rustc,nightly-2021-05-06,Release,JerryZ
1787147281759110679,PPS-GC,sender_signaling,pps_gc_share_generation,sender,659,false,32,2,recipient_bits=16;location_bytes=32,23575,68,measured,ok,unavailable,rustc,nightly-2021-05-06,Release,JerryZ
1787147281760711282,PPS-GC,sender_signaling,pps_gc_sender_preparation,sender,659,false,32,2,recipient_bits=16;location_bytes=32,1166,68,measured,ok,unavailable,rustc,nightly-2021-05-06,Release,JerryZ
1787147281762627301,PPS-GC,sender_signaling,message_encryption,sender,659,false,32,2,recipient_bits=16;location_bytes=32,-1,,not_applicable,not_applicable,unavailable,rustc,nightly-2021-05-06,Release,JerryZ
1787147281763865085,PPS-GC,sender_signaling,pps_gc_sender_total_signaling,sender,659,false,32,2,recipient_bits=16;location_bytes=32,10791,68,measured,ok,unavailable,rustc,nightly-2021-05-06,Release,JerryZ
1787147281765049671,PPS-GC,sender_signaling,pps_gc_share_generation,sender,660,false,32,2,recipient_bits=16;location_bytes=32,9671,68,measured,ok,unavailable,rustc,nightly-2021-05-06,Release,JerryZ
1787147281766397100,PPS-GC,sender_signaling,pps_gc_sender_preparation,sender,660,false,32,2,recipient_bits=16;location_bytes=32,230,68,measured,ok,unavailable,rustc,nightly-2021-05-06,Release,JerryZ
1787147281768005646,PPS-GC,sender_signaling,message_encryption,sender,660,false,32,2,recipient_bits=16;location_bytes=32,-1,,not_applicable,not_applicable,unavailable,rustc,nightly-2021-05-06,Release,JerryZ
1787147281769208839,PPS-GC,sender_signaling,pps_gc_sender_total_signaling,sender,660,false,32,2,recipient_bits=16;location_bytes=32,10222,68,measured,ok,unavailable,rustc,nightly-2021-05-06,Release,JerryZ
1787147281770398385,PPS-GC,sender_signaling,pps_gc_share_generation,sender,661,false,32,2,recipient_bits=16;location_bytes=32,9560,68,measured,ok,unavailable,rustc,nightly-2021-05-06,Release,JerryZ
1787147281771807139,PPS-GC,sender_signaling,pps_gc_sender_preparation,sender,661,false,32,2,recipient_bits=16;location_bytes=32,138,68,measured,ok,unavailable,rustc,nightly-2021-05-06,Release,JerryZ
1787147281773393580,PPS-GC,sender_signaling,message_encryption,sender,661,false,32,2,recipient_bits=16;location_bytes=32,-1,,not_applicable,not_applicable,unavailable,rustc,nightly-2021-05-06,Release,JerryZ
1787147281775166961,PPS-GC,sender_signaling,pps_gc_sender_total_signaling,sender,661,false,32,2,recipient_bits=16;location_bytes=32,12408,68,measured,ok,unavailable,rustc,nightly-2021-05-06,Release,JerryZ
1787147281776955036,PPS-GC,sender_signaling,pps_gc_share_generation,sender,662,false,32,2,recipient_bits=16;location_bytes=32,11728,68,measured,ok,unavailable,rustc,nightly-2021-05-06,Release,JerryZ
1787147281778340793,PPS-GC,sender_signaling,pps_gc_sender_preparation,sender,662,false,32,2,recipient_bits=16;location_bytes=32,1167,68,measured,ok,unavailable,rustc,nightly-2021-05-06,Release,JerryZ
1787147281779452957,PPS-GC,sender_signaling,message_encryption,sender,662,false,32,2,recipient_bits=16;location_bytes=32,-1,,not_applicable,not_applicable,unavailable,rustc,nightly-2021-05-06,Release,JerryZ
1787147281780807250,PPS-GC,sender_signaling,pps_gc_sender_total_signaling,sender,662,false,32,2,recipient_bits=16;location_bytes=32,9918,68,measured,ok,unavailable,rustc,nightly-2021-05-06,Release,JerryZ
1787147281782433383,PPS-GC,sender_signaling,pps_gc_share_generation,sender,663,false,32,2,recipient_bits=16;location_bytes=32,23482,68,measured,ok,unavailable,rustc,nightly-2021-05-06,Release,JerryZ
1787147281783733383,PPS-GC,sender_signaling,pps_gc_sender_preparation,sender,663,false,32,2,recipient_bits=16;location_bytes=32,808,68,measured,ok,unavailable,rustc,nightly-2021-05-06,Release,JerryZ
1787147281784886010,PPS-GC,sender_signaling,message_encryption,sender,663,false,32,2,recipient_bits=16;location_bytes=32,-1,,not_applicable,not_applicable,unavailable,rustc,nightly-2021-05-06,Release,JerryZ
1787147281786116736,PPS-GC,sender_signaling,pps_gc_sender_total_signaling,sender,663,false,32,2,recipient_bits=16;location_bytes=32,9688,68,measured,ok,unavailable,rustc,nightly-2021-05-06,Release,JerryZ
1787147281787652776,PPS-GC,sender_signaling,pps_gc_share_generation,sender,664,false,32,2,recipient_bits=16;location_bytes=32,9809,68,measured,ok,unavailable,rustc,nightly-2021-05-06,Release,JerryZ
1787147281788816300,PPS-GC,sender_signaling,pps_gc_sender_preparation,sender,664,false,32,2,recipient_bits=16;location_bytes=32,230,68,measured,ok,unavailable,rustc,nightly-2021-05-06,Release,JerryZ
1787147281790322801,PPS-GC,sender_signaling,message_encryption,sender,664,false,32,2,recipient_bits=16;location_bytes=32,-1,,not_applicable,not_applicable,unavailable,rustc,nightly-2021-05-06,Release,JerryZ
1787147281791580284,PPS-GC,sender_signaling,pps_gc_sender_total_signaling,sender,664,false,32,2,recipient_bits=16;location_bytes=32,10754,68,measured,ok,unavailable,rustc,nightly-2021-05-06,Release,JerryZ
1787147281793343737,PPS-GC,sender_signaling,pps_gc_share_generation,sender,665,false,32,2,recipient_bits=16;location_bytes=32,10102,68,measured,ok,unavailable,rustc,nightly-2021-05-06,Release,JerryZ
1787147281794496194,PPS-GC,sender_signaling,pps_gc_sender_preparation,sender,665,false,32,2,recipient_bits=16;location_bytes=32,202,68,measured,ok,unavailable,rustc,nightly-2021-05-06,Release,JerryZ
1787147281795612661,PPS-GC,sender_signaling,message_encryption,sender,665,false,32,2,recipient_bits=16;location_bytes=32,-1,,not_applicable,not_applicable,unavailable,rustc,nightly-2021-05-06,Release,JerryZ
1787147281797202692,PPS-GC,sender_signaling,pps_gc_sender_total_signaling,sender,665,false,32,2,recipient_bits=16;location_bytes=32,10057,68,measured,ok,unavailable,rustc,nightly-2021-05-06,Release,JerryZ
1787147281798427770,PPS-GC,sender_signaling,pps_gc_share_generation,sender,666,false,32,2,recipient_bits=16;location_bytes=32,9679,68,measured,ok,unavailable,rustc,nightly-2021-05-06,Release,JerryZ
1787147281799551551,PPS-GC,sender_signaling,pps_gc_sender_preparation,sender,666,false,32,2,recipient_bits=16;location_bytes=32,147,68,measured,ok,unavailable,rustc,nightly-2021-05-06,Release,JerryZ
1787147281800669896,PPS-GC,sender_signaling,message_encryption,sender,666,false,32,2,recipient_bits=16;location_bytes=32,-1,,not_applicable,not_applicable,unavailable,rustc,nightly-2021-05-06,Release,JerryZ
1787147281802276734,PPS-GC,sender_signaling,pps_gc_sender_total_signaling,sender,666,false,32,2,recipient_bits=16;location_bytes=32,10276,68,measured,ok,unavailable,rustc,nightly-2021-05-06,Release,JerryZ
1787147281803432030,PPS-GC,sender_signaling,pps_gc_share_generation,sender,667,false,32,2,recipient_bits=16;location_bytes=32,9560,68,measured,ok,unavailable,rustc,nightly-2021-05-06,Release,JerryZ
1787147281805789738,PPS-GC,sender_signaling,pps_gc_sender_preparation,sender,667,false,32,2,recipient_bits=16;location_bytes=32,147,68,measured,ok,unavailable,rustc,nightly-2021-05-06,Release,JerryZ
1787147281807573621,PPS-GC,sender_signaling,message_encryption,sender,667,false,32,2,recipient_bits=16;location_bytes=32,-1,,not_applicable,not_applicable,unavailable,rustc,nightly-2021-05-06,Release,JerryZ
1787147281808939532,PPS-GC,sender_signaling,pps_gc_sender_total_signaling,sender,667,false,32,2,recipient_bits=16;location_bytes=32,11480,68,measured,ok,unavailable,rustc,nightly-2021-05-06,Release,JerryZ
1787147281810169147,PPS-GC,sender_signaling,pps_gc_share_generation,sender,668,false,32,2,recipient_bits=16;location_bytes=32,9817,68,measured,ok,unavailable,rustc,nightly-2021-05-06,Release,JerryZ
1787147281811306061,PPS-GC,sender_signaling,pps_gc_sender_preparation,sender,668,false,32,2,recipient_bits=16;location_bytes=32,138,68,measured,ok,unavailable,rustc,nightly-2021-05-06,Release,JerryZ
1787147281812848544,PPS-GC,sender_signaling,message_encryption,sender,668,false,32,2,recipient_bits=16;location_bytes=32,-1,,not_applicable,not_applicable,unavailable,rustc,nightly-2021-05-06,Release,JerryZ
1787147281814236647,PPS-GC,sender_signaling,pps_gc_sender_total_signaling,sender,668,false,32,2,recipient_bits=16;location_bytes=32,10745,68,measured,ok,unavailable,rustc,nightly-2021-05-06,Release,JerryZ
1787147281815385243,PPS-GC,sender_signaling,pps_gc_share_generation,sender,669,false,32,2,recipient_bits=16;location_bytes=32,9808,68,measured,ok,unavailable,rustc,nightly-2021-05-06,Release,JerryZ
1787147281816565642,PPS-GC,sender_signaling,pps_gc_sender_preparation,sender,669,false,32,2,recipient_bits=16;location_bytes=32,147,68,measured,ok,unavailable,rustc,nightly-2021-05-06,Release,JerryZ
1787147281818041303,PPS-GC,sender_signaling,message_encryption,sender,669,false,32,2,recipient_bits=16;location_bytes=32,-1,,not_applicable,not_applicable,unavailable,rustc,nightly-2021-05-06,Release,JerryZ
1787147281819264595,PPS-GC,sender_signaling,pps_gc_sender_total_signaling,sender,669,false,32,2,recipient_bits=16;location_bytes=32,22197,68,measured,ok,unavailable,rustc,nightly-2021-05-06,Release,JerryZ
1787147281820849438,PPS-GC,sender_signaling,pps_gc_share_generation,sender,670,false,32,2,recipient_bits=16;location_bytes=32,24989,68,measured,ok,unavailable,rustc,nightly-2021-05-06,Release,JerryZ
1787147281822266365,PPS-GC,sender_signaling,pps_gc_sender_preparation,sender,670,false,32,2,recipient_bits=16;location_bytes=32,707,68,measured,ok,unavailable,rustc,nightly-2021-05-06,Release,JerryZ
1787147281823918314,PPS-GC,sender_signaling,message_encryption,sender,670,false,32,2,recipient_bits=16;location_bytes=32,-1,,not_applicable,not_applicable,unavailable,rustc,nightly-2021-05-06,Release,JerryZ
1787147281825124739,PPS-GC,sender_signaling,pps_gc_sender_total_signaling,sender,670,false,32,2,recipient_bits=16;location_bytes=32,9955,68,measured,ok,unavailable,rustc,nightly-2021-05-06,Release,JerryZ
1787147281826251689,PPS-GC,sender_signaling,pps_gc_share_generation,sender,671,false,32,2,recipient_bits=16;location_bytes=32,9515,68,measured,ok,unavailable,rustc,nightly-2021-05-06,Release,JerryZ
1787147281827827320,PPS-GC,sender_signaling,pps_gc_sender_preparation,sender,671,false,32,2,recipient_bits=16;location_bytes=32,147,68,measured,ok,unavailable,rustc,nightly-2021-05-06,Release,JerryZ
1787147281829134713,PPS-GC,sender_signaling,message_encryption,sender,671,false,32,2,recipient_bits=16;location_bytes=32,-1,,not_applicable,not_applicable,unavailable,rustc,nightly-2021-05-06,Release,JerryZ
1787147281830332900,PPS-GC,sender_signaling,pps_gc_sender_total_signaling,sender,671,false,32,2,recipient_bits=16;location_bytes=32,10230,68,measured,ok,unavailable,rustc,nightly-2021-05-06,Release,JerryZ
1787147281831632744,PPS-GC,sender_signaling,pps_gc_share_generation,sender,672,false,32,2,recipient_bits=16;location_bytes=32,9662,68,measured,ok,unavailable,rustc,nightly-2021-05-06,Release,JerryZ
1787147281832802209,PPS-GC,sender_signaling,pps_gc_sender_preparation,sender,672,false,32,2,recipient_bits=16;location_bytes=32,147,68,measured,ok,unavailable,rustc,nightly-2021-05-06,Release,JerryZ
1787147281834210058,PPS-GC,sender_signaling,message_encryption,sender,672,false,32,2,recipient_bits=16;location_bytes=32,-1,,not_applicable,not_applicable,unavailable,rustc,nightly-2021-05-06,Release,JerryZ
1787147281836151249,PPS-GC,sender_signaling,pps_gc_sender_total_signaling,sender,672,false,32,2,recipient_bits=16;location_bytes=32,11838,68,measured,ok,unavailable,rustc,nightly-2021-05-06,Release,JerryZ
1787147281837924709,PPS-GC,sender_signaling,pps_gc_share_generation,sender,673,false,32,2,recipient_bits=16;location_bytes=32,10222,68,measured,ok,unavailable,rustc,nightly-2021-05-06,Release,JerryZ
1787147281839130078,PPS-GC,sender_signaling,pps_gc_sender_preparation,sender,673,false,32,2,recipient_bits=16;location_bytes=32,303,68,measured,ok,unavailable,rustc,nightly-2021-05-06,Release,JerryZ
1787147281840257087,PPS-GC,sender_signaling,message_encryption,sender,673,false,32,2,recipient_bits=16;location_bytes=32,-1,,not_applicable,not_applicable,unavailable,rustc,nightly-2021-05-06,Release,JerryZ
1787147281841442055,PPS-GC,sender_signaling,pps_gc_sender_total_signaling,sender,673,false,32,2,recipient_bits=16;location_bytes=32,21058,68,measured,ok,unavailable,rustc,nightly-2021-05-06,Release,JerryZ
1787147281843064754,PPS-GC,sender_signaling,pps_gc_share_generation,sender,674,false,32,2,recipient_bits=16;location_bytes=32,10093,68,measured,ok,unavailable,rustc,nightly-2021-05-06,Release,JerryZ
1787147281844420642,PPS-GC,sender_signaling,pps_gc_sender_preparation,sender,674,false,32,2,recipient_bits=16;location_bytes=32,147,68,measured,ok,unavailable,rustc,nightly-2021-05-06,Release,JerryZ
1787147281845926747,PPS-GC,sender_signaling,message_encryption,sender,674,false,32,2,recipient_bits=16;location_bytes=32,-1,,not_applicable,not_applicable,unavailable,rustc,nightly-2021-05-06,Release,JerryZ
1787147281847345666,PPS-GC,sender_signaling,pps_gc_sender_total_signaling,sender,674,false,32,2,recipient_bits=16;location_bytes=32,11406,68,measured,ok,unavailable,rustc,nightly-2021-05-06,Release,JerryZ
1787147281848876748,PPS-GC,sender_signaling,pps_gc_share_generation,sender,675,false,32,2,recipient_bits=16;location_bytes=32,9928,68,measured,ok,unavailable,rustc,nightly-2021-05-06,Release,JerryZ
1787147281850265453,PPS-GC,sender_signaling,pps_gc_sender_preparation,sender,675,false,32,2,recipient_bits=16;location_bytes=32,367,68,measured,ok,unavailable,rustc,nightly-2021-05-06,Release,JerryZ
1787147281851647156,PPS-GC,sender_signaling,message_encryption,sender,675,false,32,2,recipient_bits=16;location_bytes=32,-1,,not_applicable,not_applicable,unavailable,rustc,nightly-2021-05-06,Release,JerryZ
1787147281853090501,PPS-GC,sender_signaling,pps_gc_sender_total_signaling,sender,675,false,32,2,recipient_bits=16;location_bytes=32,24025,68,measured,ok,unavailable,rustc,nightly-2021-05-06,Release,JerryZ
1787147281854741706,PPS-GC,sender_signaling,pps_gc_share_generation,sender,676,false,32,2,recipient_bits=16;location_bytes=32,9634,68,measured,ok,unavailable,rustc,nightly-2021-05-06,Release,JerryZ
1787147281855844107,PPS-GC,sender_signaling,pps_gc_sender_preparation,sender,676,false,32,2,recipient_bits=16;location_bytes=32,146,68,measured,ok,unavailable,rustc,nightly-2021-05-06,Release,JerryZ
1787147281856950586,PPS-GC,sender_signaling,message_encryption,sender,676,false,32,2,recipient_bits=16;location_bytes=32,-1,,not_applicable,not_applicable,unavailable,rustc,nightly-2021-05-06,Release,JerryZ
1787147281858623878,PPS-GC,sender_signaling,pps_gc_sender_total_signaling,sender,676,false,32,2,recipient_bits=16;location_bytes=32,22647,68,measured,ok,unavailable,rustc,nightly-2021-05-06,Release,JerryZ
1787147281860090393,PPS-GC,sender_signaling,pps_gc_share_generation,sender,677,false,32,2,recipient_bits=16;location_bytes=32,10010,68,measured,ok,unavailable,rustc,nightly-2021-05-06,Release,JerryZ
1787147281861269455,PPS-GC,sender_signaling,pps_gc_sender_preparation,sender,677,false,32,2,recipient_bits=16;location_bytes=32,221,68,measured,ok,unavailable,rustc,nightly-2021-05-06,Release,JerryZ
1787147281862411273,PPS-GC,sender_signaling,message_encryption,sender,677,false,32,2,recipient_bits=16;location_bytes=32,-1,,not_applicable,not_applicable,unavailable,rustc,nightly-2021-05-06,Release,JerryZ
1787147281863574232,PPS-GC,sender_signaling,pps_gc_sender_total_signaling,sender,677,false,32,2,recipient_bits=16;location_bytes=32,21756,68,measured,ok,unavailable,rustc,nightly-2021-05-06,Release,JerryZ
1787147281864823482,PPS-GC,sender_signaling,pps_gc_share_generation,sender,678,false,32,2,recipient_bits=16;location_bytes=32,9625,68,measured,ok,unavailable,rustc,nightly-2021-05-06,Release,JerryZ
1787147281866720582,PPS-GC,sender_signaling,pps_gc_sender_preparation,sender,678,false,32,2,recipient_bits=16;location_bytes=32,147,68,measured,ok,unavailable,rustc,nightly-2021-05-06,Release,JerryZ
1787147281868088693,PPS-GC,sender_signaling,message_encryption,sender,678,false,32,2,recipient_bits=16;location_bytes=32,-1,,not_applicable,not_applicable,unavailable,rustc,nightly-2021-05-06,Release,JerryZ
1787147281869326256,PPS-GC,sender_signaling,pps_gc_sender_total_signaling,sender,678,false,32,2,recipient_bits=16;location_bytes=32,10580,68,measured,ok,unavailable,rustc,nightly-2021-05-06,Release,JerryZ
1787147281870478167,PPS-GC,sender_signaling,pps_gc_share_generation,sender,679,false,32,2,recipient_bits=16;location_bytes=32,21187,68,measured,ok,unavailable,rustc,nightly-2021-05-06,Release,JerryZ
1787147281871690558,PPS-GC,sender_signaling,pps_gc_sender_preparation,sender,679,false,32,2,recipient_bits=16;location_bytes=32,156,68,measured,ok,unavailable,rustc,nightly-2021-05-06,Release,JerryZ
1787147281873199281,PPS-GC,sender_signaling,message_encryption,sender,679,false,32,2,recipient_bits=16;location_bytes=32,-1,,not_applicable,not_applicable,unavailable,rustc,nightly-2021-05-06,Release,JerryZ
1787147281874480811,PPS-GC,sender_signaling,pps_gc_sender_total_signaling,sender,679,false,32,2,recipient_bits=16;location_bytes=32,11424,68,measured,ok,unavailable,rustc,nightly-2021-05-06,Release,JerryZ
1787147281875712433,PPS-GC,sender_signaling,pps_gc_share_generation,sender,680,false,32,2,recipient_bits=16;location_bytes=32,21371,68,measured,ok,unavailable,rustc,nightly-2021-05-06,Release,JerryZ
1787147281876935137,PPS-GC,sender_signaling,pps_gc_sender_preparation,sender,680,false,32,2,recipient_bits=16;location_bytes=32,285,68,measured,ok,unavailable,rustc,nightly-2021-05-06,Release,JerryZ
1787147281878418972,PPS-GC,sender_signaling,message_encryption,sender,680,false,32,2,recipient_bits=16;location_bytes=32,-1,,not_applicable,not_applicable,unavailable,rustc,nightly-2021-05-06,Release,JerryZ
1787147281879880110,PPS-GC,sender_signaling,pps_gc_sender_total_signaling,sender,680,false,32,2,recipient_bits=16;location_bytes=32,18726,68,measured,ok,unavailable,rustc,nightly-2021-05-06,Release,JerryZ
1787147281881467905,PPS-GC,sender_signaling,pps_gc_share_generation,sender,681,false,32,2,recipient_bits=16;location_bytes=32,11856,68,measured,ok,unavailable,rustc,nightly-2021-05-06,Release,JerryZ
1787147281883224163,PPS-GC,sender_signaling,pps_gc_sender_preparation,sender,681,false,32,2,recipient_bits=16;location_bytes=32,882,68,measured,ok,unavailable,rustc,nightly-2021-05-06,Release,JerryZ
1787147281884810338,PPS-GC,sender_signaling,message_encryption,sender,681,false,32,2,recipient_bits=16;location_bytes=32,-1,,not_applicable,not_applicable,unavailable,rustc,nightly-2021-05-06,Release,JerryZ
1787147281886010803,PPS-GC,sender_signaling,pps_gc_sender_total_signaling,sender,681,false,32,2,recipient_bits=16;location_bytes=32,10369,68,measured,ok,unavailable,rustc,nightly-2021-05-06,Release,JerryZ
1787147281887235440,PPS-GC,sender_signaling,pps_gc_share_generation,sender,682,false,32,2,recipient_bits=16;location_bytes=32,21627,68,measured,ok,unavailable,rustc,nightly-2021-05-06,Release,JerryZ
1787147281888633637,PPS-GC,sender_signaling,pps_gc_sender_preparation,sender,682,false,32,2,recipient_bits=16;location_bytes=32,349,68,measured,ok,unavailable,rustc,nightly-2021-05-06,Release,JerryZ
1787147281889973333,PPS-GC,sender_signaling,message_encryption,sender,682,false,32,2,recipient_bits=16;location_bytes=32,-1,,not_applicable,not_applicable,unavailable,rustc,nightly-2021-05-06,Release,JerryZ
1787147281891415497,PPS-GC,sender_signaling,pps_gc_sender_total_signaling,sender,682,false,32,2,recipient_bits=16;location_bytes=32,10231,68,measured,ok,unavailable,rustc,nightly-2021-05-06,Release,JerryZ
1787147281892585500,PPS-GC,sender_signaling,pps_gc_share_generation,sender,683,false,32,2,recipient_bits=16;location_bytes=32,21352,68,measured,ok,unavailable,rustc,nightly-2021-05-06,Release,JerryZ
1787147281893893985,PPS-GC,sender_signaling,pps_gc_sender_preparation,sender,683,false,32,2,recipient_bits=16;location_bytes=32,285,68,measured,ok,unavailable,rustc,nightly-2021-05-06,Release,JerryZ
1787147281895036667,PPS-GC,sender_signaling,message_encryption,sender,683,false,32,2,recipient_bits=16;location_bytes=32,-1,,not_applicable,not_applicable,unavailable,rustc,nightly-2021-05-06,Release,JerryZ
1787147281896829275,PPS-GC,sender_signaling,pps_gc_sender_total_signaling,sender,683,false,32,2,recipient_bits=16;location_bytes=32,16228,68,measured,ok,unavailable,rustc,nightly-2021-05-06,Release,JerryZ
1787147281898980766,PPS-GC,sender_signaling,pps_gc_share_generation,sender,684,false,32,2,recipient_bits=16;location_bytes=32,11103,68,measured,ok,unavailable,rustc,nightly-2021-05-06,Release,JerryZ
1787147281900412837,PPS-GC,sender_signaling,pps_gc_sender_preparation,sender,684,false,32,2,recipient_bits=16;location_bytes=32,514,68,measured,ok,unavailable,rustc,nightly-2021-05-06,Release,JerryZ
1787147281901662546,PPS-GC,sender_signaling,message_encryption,sender,684,false,32,2,recipient_bits=16;location_bytes=32,-1,,not_applicable,not_applicable,unavailable,rustc,nightly-2021-05-06,Release,JerryZ
1787147281902792719,PPS-GC,sender_signaling,pps_gc_sender_total_signaling,sender,684,false,32,2,recipient_bits=16;location_bytes=32,9946,68,measured,ok,unavailable,rustc,nightly-2021-05-06,Release,JerryZ
1787147281904328653,PPS-GC,sender_signaling,pps_gc_share_generation,sender,685,false,32,2,recipient_bits=16;location_bytes=32,9477,68,measured,ok,unavailable,rustc,nightly-2021-05-06,Release,JerryZ
1787147281905550774,PPS-GC,sender_signaling,pps_gc_sender_preparation,sender,685,false,32,2,recipient_bits=16;location_bytes=32,138,68,measured,ok,unavailable,rustc,nightly-2021-05-06,Release,JerryZ
1787147281906716952,PPS-GC,sender_signaling,message_encryption,sender,685,false,32,2,recipient_bits=16;location_bytes=32,-1,,not_applicable,not_applicable,unavailable,rustc,nightly-2021-05-06,Release,JerryZ
1787147281907843094,PPS-GC,sender_signaling,pps_gc_sender_total_signaling,sender,685,false,32,2,recipient_bits=16;location_bytes=32,9799,68,measured,ok,unavailable,rustc,nightly-2021-05-06,Release,JerryZ
1787147281909405721,PPS-GC,sender_signaling,pps_gc_share_generation,sender,686,false,32,2,recipient_bits=16;location_bytes=32,9551,68,measured,ok,unavailable,rustc,nightly-2021-05-06,Release,JerryZ
1787147281910660003,PPS-GC,sender_signaling,pps_gc_sender_preparation,sender,686,false,32,2,recipient_bits=16;location_bytes=32,147,68,measured,ok,unavailable,rustc,nightly-2021-05-06,Release,JerryZ
1787147281912094857,PPS-GC,sender_signaling,message_encryption,sender,686,false,32,2,recipient_bits=16;location_bytes=32,-1,,not_applicable,not_applicable,unavailable,rustc,nightly-2021-05-06,Release,JerryZ
1787147281913659119,PPS-GC,sender_signaling,pps_gc_sender_total_signaling,sender,686,false,32,2,recipient_bits=16;location_bytes=32,13959,68,measured,ok,unavailable,rustc,nightly-2021-05-06,Release,JerryZ
1787147281915144336,PPS-GC,sender_signaling,pps_gc_share_generation,sender,687,false,32,2,recipient_bits=16;location_bytes=32,10249,68,measured,ok,unavailable,rustc,nightly-2021-05-06,Release,JerryZ
1787147281916381601,PPS-GC,sender_signaling,pps_gc_sender_preparation,sender,687,false,32,2,recipient_bits=16;location_bytes=32,533,68,measured,ok,unavailable,rustc,nightly-2021-05-06,Release,JerryZ
1787147281917813075,PPS-GC,sender_signaling,message_encryption,sender,687,false,32,2,recipient_bits=16;location_bytes=32,-1,,not_applicable,not_applicable,unavailable,rustc,nightly-2021-05-06,Release,JerryZ
1787147281918971378,PPS-GC,sender_signaling,pps_gc_sender_total_signaling,sender,687,false,32,2,recipient_bits=16;location_bytes=32,9965,68,measured,ok,unavailable,rustc,nightly-2021-05-06,Release,JerryZ
1787147281920245442,PPS-GC,sender_signaling,pps_gc_share_generation,sender,688,false,32,2,recipient_bits=16;location_bytes=32,9698,68,measured,ok,unavailable,rustc,nightly-2021-05-06,Release,JerryZ
1787147281921398225,PPS-GC,sender_signaling,pps_gc_sender_preparation,sender,688,false,32,2,recipient_bits=16;location_bytes=32,138,68,measured,ok,unavailable,rustc,nightly-2021-05-06,Release,JerryZ
1787147281922592630,PPS-GC,sender_signaling,message_encryption,sender,688,false,32,2,recipient_bits=16;location_bytes=32,-1,,not_applicable,not_applicable,unavailable,rustc,nightly-2021-05-06,Release,JerryZ
1787147281924098501,PPS-GC,sender_signaling,pps_gc_sender_total_signaling,sender,688,false,32,2,recipient_bits=16;location_bytes=32,9983,68,measured,ok,unavailable,rustc,nightly-2021-05-06,Release,JerryZ
1787147281925353827,PPS-GC,sender_signaling,pps_gc_share_generation,sender,689,false,32,2,recipient_bits=16;location_bytes=32,10167,68,measured,ok,unavailable,rustc,nightly-2021-05-06,Release,JerryZ
1787147281926773017,PPS-GC,sender_signaling,pps_gc_sender_preparation,sender,689,false,32,2,recipient_bits=16;location_bytes=32,147,68,measured,ok,unavailable,rustc,nightly-2021-05-06,Release,JerryZ
1787147281928356308,PPS-GC,sender_signaling,message_encryption,sender,689,false,32,2,recipient_bits=16;location_bytes=32,-1,,not_applicable,not_applicable,unavailable,rustc,nightly-2021-05-06,Release,JerryZ
1787147281930634993,PPS-GC,sender_signaling,pps_gc_sender_total_signaling,sender,689,false,32,2,recipient_bits=16;location_bytes=32,11305,68,measured,ok,unavailable,rustc,nightly-2021-05-06,Release,JerryZ
1787147281932041190,PPS-GC,sender_signaling,pps_gc_share_generation,sender,690,false,32,2,recipient_bits=16;location_bytes=32,10028,68,measured,ok,unavailable,rustc,nightly-2021-05-06,Release,JerryZ
1787147281933174751,PPS-GC,sender_signaling,pps_gc_sender_preparation,sender,690,false,32,2,recipient_bits=16;location_bytes=32,137,68,measured,ok,unavailable,rustc,nightly-2021-05-06,Release,JerryZ
1787147281934483002,PPS-GC,sender_signaling,message_encryption,sender,690,false,32,2,recipient_bits=16;location_bytes=32,-1,,not_applicable,not_applicable,unavailable,rustc,nightly-2021-05-06,Release,JerryZ
1787147281935889487,PPS-GC,sender_signaling,pps_gc_sender_total_signaling,sender,690,false,32,2,recipient_bits=16;location_bytes=32,9753,68,measured,ok,unavailable,rustc,nightly-2021-05-06,Release,JerryZ
1787147281937117797,PPS-GC,sender_signaling,pps_gc_share_generation,sender,691,false,32,2,recipient_bits=16;location_bytes=32,9679,68,measured,ok,unavailable,rustc,nightly-2021-05-06,Release,JerryZ
1787147281938242249,PPS-GC,sender_signaling,pps_gc_sender_preparation,sender,691,false,32,2,recipient_bits=16;location_bytes=32,138,68,measured,ok,unavailable,rustc,nightly-2021-05-06,Release,JerryZ
1787147281939796483,PPS-GC,sender_signaling,message_encryption,sender,691,false,32,2,recipient_bits=16;location_bytes=32,-1,,not_applicable,not_applicable,unavailable,rustc,nightly-2021-05-06,Release,JerryZ
1787147281940847529,PPS-GC,sender_signaling,pps_gc_sender_total_signaling,sender,691,false,32,2,recipient_bits=16;location_bytes=32,9936,68,measured,ok,unavailable,rustc,nightly-2021-05-06,Release,JerryZ
1787147281942280960,PPS-GC,sender_signaling,pps_gc_share_generation,sender,692,false,32,2,recipient_bits=16;location_bytes=32,22106,68,measured,ok,unavailable,rustc,nightly-2021-05-06,Release,JerryZ
1787147281943821868,PPS-GC,sender_signaling,pps_gc_sender_preparation,sender,692,false,32,2,recipient_bits=16;location_bytes=32,541,68,measured,ok,unavailable,rustc,nightly-2021-05-06,Release,JerryZ
1787147281945247510,PPS-GC,sender_signaling,message_encryption,sender,692,false,32,2,recipient_bits=16;location_bytes=32,-1,,not_applicable,not_applicable,unavailable,rustc,nightly-2021-05-06,Release,JerryZ
1787147281946532971,PPS-GC,sender_signaling,pps_gc_sender_total_signaling,sender,692,false,32,2,recipient_bits=16;location_bytes=32,10543,68,measured,ok,unavailable,rustc,nightly-2021-05-06,Release,JerryZ
1787147281948059736,PPS-GC,sender_signaling,pps_gc_share_generation,sender,693,false,32,2,recipient_bits=16;location_bytes=32,10534,68,measured,ok,unavailable,rustc,nightly-2021-05-06,Release,JerryZ
1787147281949418511,PPS-GC,sender_signaling,pps_gc_sender_preparation,sender,693,false,32,2,recipient_bits=16;location_bytes=32,533,68,measured,ok,unavailable,rustc,nightly-2021-05-06,Release,JerryZ
1787147281950778017,PPS-GC,sender_signaling,message_encryption,sender,693,false,32,2,recipient_bits=16;location_bytes=32,-1,,not_applicable,not_applicable,unavailable,rustc,nightly-2021-05-06,Release,JerryZ
1787147281951858441,PPS-GC,sender_signaling,pps_gc_sender_total_signaling,sender,693,false,32,2,recipient_bits=16;location_bytes=32,10644,68,measured,ok,unavailable,rustc,nightly-2021-05-06,Release,JerryZ
1787147281952844975,PPS-GC,sender_signaling,pps_gc_share_generation,sender,694,false,32,2,recipient_bits=16;location_bytes=32,9652,68,measured,ok,unavailable,rustc,nightly-2021-05-06,Release,JerryZ
1787147281954316821,PPS-GC,sender_signaling,pps_gc_sender_preparation,sender,694,false,32,2,recipient_bits=16;location_bytes=32,156,68,measured,ok,unavailable,rustc,nightly-2021-05-06,Release,JerryZ
1787147281955440051,PPS-GC,sender_signaling,message_encryption,sender,694,false,32,2,recipient_bits=16;location_bytes=32,-1,,not_applicable,not_applicable,unavailable,rustc,nightly-2021-05-06,Release,JerryZ
1787147281956590630,PPS-GC,sender_signaling,pps_gc_sender_total_signaling,sender,694,false,32,2,recipient_bits=16;location_bytes=32,24796,68,measured,ok,unavailable,rustc,nightly-2021-05-06,Release,JerryZ
1787147281959295705,PPS-GC,sender_signaling,pps_gc_share_generation,sender,695,false,32,2,recipient_bits=16;location_bytes=32,13316,68,measured,ok,unavailable,rustc,nightly-2021-05-06,Release,JerryZ
1787147281961008028,PPS-GC,sender_signaling,pps_gc_sender_preparation,sender,695,false,32,2,recipient_bits=16;location_bytes=32,615,68,measured,ok,unavailable,rustc,nightly-2021-05-06,Release,JerryZ
1787147281962108734,PPS-GC,sender_signaling,message_encryption,sender,695,false,32,2,recipient_bits=16;location_bytes=32,-1,,not_applicable,not_applicable,unavailable,rustc,nightly-2021-05-06,Release,JerryZ
1787147281963115404,PPS-GC,sender_signaling,pps_gc_sender_total_signaling,sender,695,false,32,2,recipient_bits=16;location_bytes=32,9946,68,measured,ok,unavailable,rustc,nightly-2021-05-06,Release,JerryZ
1787147281964125205,PPS-GC,sender_signaling,pps_gc_share_generation,sender,696,false,32,2,recipient_bits=16;location_bytes=32,9533,68,measured,ok,unavailable,rustc,nightly-2021-05-06,Release,JerryZ
1787147281965452122,PPS-GC,sender_signaling,pps_gc_sender_preparation,sender,696,false,32,2,recipient_bits=16;location_bytes=32,129,68,measured,ok,unavailable,rustc,nightly-2021-05-06,Release,JerryZ
1787147281966545514,PPS-GC,sender_signaling,message_encryption,sender,696,false,32,2,recipient_bits=16;location_bytes=32,-1,,not_applicable,not_applicable,unavailable,rustc,nightly-2021-05-06,Release,JerryZ
1787147281967623073,PPS-GC,sender_signaling,pps_gc_sender_total_signaling,sender,696,false,32,2,recipient_bits=16;location_bytes=32,10102,68,measured,ok,unavailable,rustc,nightly-2021-05-06,Release,JerryZ
1787147281968841796,PPS-GC,sender_signaling,pps_gc_share_generation,sender,697,false,32,2,recipient_bits=16;location_bytes=32,10038,68,measured,ok,unavailable,rustc,nightly-2021-05-06,Release,JerryZ
1787147281969999594,PPS-GC,sender_signaling,pps_gc_sender_preparation,sender,697,false,32,2,recipient_bits=16;location_bytes=32,147,68,measured,ok,unavailable,rustc,nightly-2021-05-06,Release,JerryZ
1787147281971181508,PPS-GC,sender_signaling,message_encryption,sender,697,false,32,2,recipient_bits=16;location_bytes=32,-1,,not_applicable,not_applicable,unavailable,rustc,nightly-2021-05-06,Release,JerryZ
1787147281972538961,PPS-GC,sender_signaling,pps_gc_sender_total_signaling,sender,697,false,32,2,recipient_bits=16;location_bytes=32,29242,68,measured,ok,unavailable,rustc,nightly-2021-05-06,Release,JerryZ
1787147281974177676,PPS-GC,sender_signaling,pps_gc_share_generation,sender,698,false,32,2,recipient_bits=16;location_bytes=32,12463,68,measured,ok,unavailable,rustc,nightly-2021-05-06,Release,JerryZ
1787147281975625566,PPS-GC,sender_signaling,pps_gc_sender_preparation,sender,698,false,32,2,recipient_bits=16;location_bytes=32,818,68,measured,ok,unavailable,rustc,nightly-2021-05-06,Release,JerryZ
1787147281977126024,PPS-GC,sender_signaling,message_encryption,sender,698,false,32,2,recipient_bits=16;location_bytes=32,-1,,not_applicable,not_applicable,unavailable,rustc,nightly-2021-05-06,Release,JerryZ
1787147281978321378,PPS-GC,sender_signaling,pps_gc_sender_total_signaling,sender,698,false,32,2,recipient_bits=16;location_bytes=32,11773,68,measured,ok,unavailable,rustc,nightly-2021-05-06,Release,JerryZ
1787147281979531556,PPS-GC,sender_signaling,pps_gc_share_generation,sender,699,false,32,2,recipient_bits=16;location_bytes=32,11434,68,measured,ok,unavailable,rustc,nightly-2021-05-06,Release,JerryZ
1787147281980809633,PPS-GC,sender_signaling,pps_gc_sender_preparation,sender,699,false,32,2,recipient_bits=16;location_bytes=32,175,68,measured,ok,unavailable,rustc,nightly-2021-05-06,Release,JerryZ
1787147281982085511,PPS-GC,sender_signaling,message_encryption,sender,699,false,32,2,recipient_bits=16;location_bytes=32,-1,,not_applicable,not_applicable,unavailable,rustc,nightly-2021-05-06,Release,JerryZ
1787147281983449278,PPS-GC,sender_signaling,pps_gc_sender_total_signaling,sender,699,false,32,2,recipient_bits=16;location_bytes=32,24824,68,measured,ok,unavailable,rustc,nightly-2021-05-06,Release,JerryZ
1787147281984669883,PPS-GC,sender_signaling,pps_gc_share_generation,sender,700,false,32,2,recipient_bits=16;location_bytes=32,20591,68,measured,ok,unavailable,rustc,nightly-2021-05-06,Release,JerryZ
1787147281986210856,PPS-GC,sender_signaling,pps_gc_sender_preparation,sender,700,false,32,2,recipient_bits=16;location_bytes=32,284,68,measured,ok,unavailable,rustc,nightly-2021-05-06,Release,JerryZ
1787147281987441307,PPS-GC,sender_signaling,message_encryption,sender,700,false,32,2,recipient_bits=16;location_bytes=32,-1,,not_applicable,not_applicable,unavailable,rustc,nightly-2021-05-06,Release,JerryZ
1787147281989246217,PPS-GC,sender_signaling,pps_gc_sender_total_signaling,sender,700,false,32,2,recipient_bits=16;location_bytes=32,13776,68,measured,ok,unavailable,rustc,nightly-2021-05-06,Release,JerryZ
1787147281990930795,PPS-GC,sender_signaling,pps_gc_share_generation,sender,701,false,32,2,recipient_bits=16;location_bytes=32,15034,68,measured,ok,unavailable,rustc,nightly-2021-05-06,Release,JerryZ
1787147281992808045,PPS-GC,sender_signaling,pps_gc_sender_preparation,sender,701,false,32,2,recipient_bits=16;location_bytes=32,174,68,measured,ok,unavailable,rustc,nightly-2021-05-06,Release,JerryZ
1787147281994474385,PPS-GC,sender_signaling,message_encryption,sender,701,false,32,2,recipient_bits=16;location_bytes=32,-1,,not_applicable,not_applicable,unavailable,rustc,nightly-2021-05-06,Release,JerryZ
1787147281995746741,PPS-GC,sender_signaling,pps_gc_sender_total_signaling,sender,701,false,32,2,recipient_bits=16;location_bytes=32,11838,68,measured,ok,unavailable,rustc,nightly-2021-05-06,Release,JerryZ
1787147281996971249,PPS-GC,sender_signaling,pps_gc_share_generation,sender,702,false,32,2,recipient_bits=16;location_bytes=32,10653,68,measured,ok,unavailable,rustc,nightly-2021-05-06,Release,JerryZ
1787147281998217110,PPS-GC,sender_signaling,pps_gc_sender_preparation,sender,702,false,32,2,recipient_bits=16;location_bytes=32,230,68,measured,ok,unavailable,rustc,nightly-2021-05-06,Release,JerryZ
1787147281999361977,PPS-GC,sender_signaling,message_encryption,sender,702,false,32,2,recipient_bits=16;location_bytes=32,-1,,not_applicable,not_applicable,unavailable,rustc,nightly-2021-05-06,Release,JerryZ
1787147282000483508,PPS-GC,sender_signaling,pps_gc_sender_total_signaling,sender,702,false,32,2,recipient_bits=16;location_bytes=32,10626,68,measured,ok,unavailable,rustc,nightly-2021-05-06,Release,JerryZ
1787147282001882729,PPS-GC,sender_signaling,pps_gc_share_generation,sender,703,false,32,2,recipient_bits=16;location_bytes=32,9634,68,measured,ok,unavailable,rustc,nightly-2021-05-06,Release,JerryZ
1787147282003030314,PPS-GC,sender_signaling,pps_gc_sender_preparation,sender,703,false,32,2,recipient_bits=16;location_bytes=32,212,68,measured,ok,unavailable,rustc,nightly-2021-05-06,Release,JerryZ
1787147282004227446,PPS-GC,sender_signaling,message_encryption,sender,703,false,32,2,recipient_bits=16;location_bytes=32,-1,,not_applicable,not_applicable,unavailable,rustc,nightly-2021-05-06,Release,JerryZ
1787147282005570935,PPS-GC,sender_signaling,pps_gc_sender_total_signaling,sender,703,false,32,2,recipient_bits=16;location_bytes=32,10901,68,measured,ok,unavailable,rustc,nightly-2021-05-06,Release,JerryZ
1787147282006588156,PPS-GC,sender_signaling,pps_gc_share_generation,sender,704,false,32,2,recipient_bits=16;location_bytes=32,9413,68,measured,ok,unavailable,rustc,nightly-2021-05-06,Release,JerryZ
1787147282007846875,PPS-GC,sender_signaling,pps_gc_sender_preparation,sender,704,false,32,2,recipient_bits=16;location_bytes=32,137,68,measured,ok,unavailable,rustc,nightly-2021-05-06,Release,JerryZ
1787147282009074193,PPS-GC,sender_signaling,message_encryption,sender,704,false,32,2,recipient_bits=16;location_bytes=32,-1,,not_applicable,not_applicable,unavailable,rustc,nightly-2021-05-06,Release,JerryZ
1787147282010258326,PPS-GC,sender_signaling,pps_gc_sender_total_signaling,sender,704,false,32,2,recipient_bits=16;location_bytes=32,9726,68,measured,ok,unavailable,rustc,nightly-2021-05-06,Release,JerryZ
1787147282011363211,PPS-GC,sender_signaling,pps_gc_share_generation,sender,705,false,32,2,recipient_bits=16;location_bytes=32,9634,68,measured,ok,unavailable,rustc,nightly-2021-05-06,Release,JerryZ
1787147282012730587,PPS-GC,sender_signaling,pps_gc_sender_preparation,sender,705,false,32,2,recipient_bits=16;location_bytes=32,229,68,measured,ok,unavailable,rustc,nightly-2021-05-06,Release,JerryZ
1787147282013975006,PPS-GC,sender_signaling,message_encryption,sender,705,false,32,2,recipient_bits=16;location_bytes=32,-1,,not_applicable,not_applicable,unavailable,rustc,nightly-2021-05-06,Release,JerryZ
1787147282015147957,PPS-GC,sender_signaling,pps_gc_sender_total_signaling,sender,705,false,32,2,recipient_bits=16;location_bytes=32,9927,68,measured,ok,unavailable,rustc,nightly-2021-05-06,Release,JerryZ
1787147282016276399,PPS-GC,sender_signaling,pps_gc_share_generation,sender,706,false,32,2,recipient_bits=16;location_bytes=32,9496,68,measured,ok,unavailable,rustc,nightly-2021-05-06,Release,JerryZ
1787147282018003594,PPS-GC,sender_signaling,pps_gc_sender_preparation,sender,706,false,32,2,recipient_bits=16;location_bytes=32,147,68,measured,ok,unavailable,rustc,nightly-2021-05-06,Release,JerryZ
1787147282019237209,PPS-GC,sender_signaling,message_encryption,sender,706,false,32,2,recipient_bits=16;location_bytes=32,-1,,not_applicable,not_applicable,unavailable,rustc,nightly-2021-05-06,Release,JerryZ
1787147282020359249,PPS-GC,sender_signaling,pps_gc_sender_total_signaling,sender,706,false,32,2,recipient_bits=16;location_bytes=32,11094,68,measured,ok,unavailable,rustc,nightly-2021-05-06,Release,JerryZ
1787147282021780024,PPS-GC,sender_signaling,pps_gc_share_generation,sender,707,false,32,2,recipient_bits=16;location_bytes=32,9597,68,measured,ok,unavailable,rustc,nightly-2021-05-06,Release,JerryZ
1787147282022830978,PPS-GC,sender_signaling,pps_gc_sender_preparation,sender,707,false,32,2,recipient_bits=16;location_bytes=32,147,68,measured,ok,unavailable,rustc,nightly-2021-05-06,Release,JerryZ
1787147282023890321,PPS-GC,sender_signaling,message_encryption,sender,707,false,32,2,recipient_bits=16;location_bytes=32,-1,,not_applicable,not_applicable,unavailable,rustc,nightly-2021-05-06,Release,JerryZ
1787147282024930782,PPS-GC,sender_signaling,pps_gc_sender_total_signaling,sender,707,false,32,2,recipient_bits=16;location_bytes=32,9864,68,measured,ok,unavailable,rustc,nightly-2021-05-06,Release,JerryZ
1787147282026188692,PPS-GC,sender_signaling,pps_gc_share_generation,sender,708,false,32,2,recipient_bits=16;location_bytes=32,9946,68,measured,ok,unavailable,rustc,nightly-2021-05-06,Release,JerryZ
1787147282027499060,PPS-GC,sender_signaling,pps_gc_sender_preparation,sender,708,false,32,2,recipient_bits=16;location_bytes=32,147,68,measured,ok,unavailable,rustc,nightly-2021-05-06,Release,JerryZ
1787147282029443806,PPS-GC,sender_signaling,message_encryption,sender,708,false,32,2,recipient_bits=16;location_bytes=32,-1,,not_applicable,not_applicable,unavailable,rustc,nightly-2021-05-06,Release,JerryZ
1787147282030568979,PPS-GC,sender_signaling,pps_gc_sender_total_signaling,sender,708,false,32,2,recipient_bits=16;location_bytes=32,10525,68,measured,ok,unavailable,rustc,nightly-2021-05-06,Release,JerryZ
1787147282031655956,PPS-GC,sender_signaling,pps_gc_share_generation,sender,709,false,32,2,recipient_bits=16;location_bytes=32,9487,68,measured,ok,unavailable,rustc,nightly-2021-05-06,Release,JerryZ
1787147282032697878,PPS-GC,sender_signaling,pps_gc_sender_preparation,sender,709,false,32,2,recipient_bits=16;location_bytes=32,147,68,measured,ok,unavailable,rustc,nightly-2021-05-06,Release,JerryZ
1787147282033982210,PPS-GC,sender_signaling,message_encryption,sender,709,false,32,2,recipient_bits=16;location_bytes=32,-1,,not_applicable,not_applicable,unavailable,rustc,nightly-2021-05-06,Release,JerryZ
1787147282035570167,PPS-GC,sender_signaling,pps_gc_sender_total_signaling,sender,709,false,32,2,recipient_bits=16;location_bytes=32,11351,68,measured,ok,unavailable,rustc,nightly-2021-05-06,Release,JerryZ
1787147282036885714,PPS-GC,sender_signaling,pps_gc_share_generation,sender,710,false,32,2,recipient_bits=16;location_bytes=32,10653,68,measured,ok,unavailable,rustc,nightly-2021-05-06,Release,JerryZ
1787147282038014688,PPS-GC,sender_signaling,pps_gc_sender_preparation,sender,710,false,32,2,recipient_bits=16;location_bytes=32,569,68,measured,ok,unavailable,rustc,nightly-2021-05-06,Release,JerryZ
1787147282039042425,PPS-GC,sender_signaling,message_encryption,sender,710,false,32,2,recipient_bits=16;location_bytes=32,-1,,not_applicable,not_applicable,unavailable,rustc,nightly-2021-05-06,Release,JerryZ
1787147282040279984,PPS-GC,sender_signaling,pps_gc_sender_total_signaling,sender,710,false,32,2,recipient_bits=16;location_bytes=32,9790,68,measured,ok,unavailable,rustc,nightly-2021-05-06,Release,JerryZ
1787147282041656499,PPS-GC,sender_signaling,pps_gc_share_generation,sender,711,false,32,2,recipient_bits=16;location_bytes=32,13491,68,measured,ok,unavailable,rustc,nightly-2021-05-06,Release,JerryZ
1787147282042938658,PPS-GC,sender_signaling,pps_gc_sender_preparation,sender,711,false,32,2,recipient_bits=16;location_bytes=32,441,68,measured,ok,unavailable,rustc,nightly-2021-05-06,Release,JerryZ
1787147282044372216,PPS-GC,sender_signaling,message_encryption,sender,711,false,32,2,recipient_bits=16;location_bytes=32,-1,,not_applicable,not_applicable,unavailable,rustc,nightly-2021-05-06,Release,JerryZ
1787147282045666898,PPS-GC,sender_signaling,pps_gc_sender_total_signaling,sender,711,false,32,2,recipient_bits=16;location_bytes=32,21729,68,measured,ok,unavailable,rustc,nightly-2021-05-06,Release,JerryZ
1787147282046924046,PPS-GC,sender_signaling,pps_gc_share_generation,sender,712,false,32,2,recipient_bits=16;location_bytes=32,9505,68,measured,ok,unavailable,rustc,nightly-2021-05-06,Release,JerryZ
1787147282048258493,PPS-GC,sender_signaling,pps_gc_sender_preparation,sender,712,false,32,2,recipient_bits=16;location_bytes=32,147,68,measured,ok,unavailable,rustc,nightly-2021-05-06,Release,JerryZ
1787147282049836329,PPS-GC,sender_signaling,message_encryption,sender,712,false,32,2,recipient_bits=16;location_bytes=32,-1,,not_applicable,not_applicable,unavailable,rustc,nightly-2021-05-06,Release,JerryZ
1787147282051842936,PPS-GC,sender_signaling,pps_gc_sender_total_signaling,sender,712,false,32,2,recipient_bits=16;location_bytes=32,11186,68,measured,ok,unavailable,rustc,nightly-2021-05-06,Release,JerryZ
1787147282053787489,PPS-GC,sender_signaling,pps_gc_share_generation,sender,713,false,32,2,recipient_bits=16;location_bytes=32,10791,68,measured,ok,unavailable,rustc,nightly-2021-05-06,Release,JerryZ
1787147282054917033,PPS-GC,sender_signaling,pps_gc_sender_preparation,sender,713,false,32,2,recipient_bits=16;location_bytes=32,679,68,measured,ok,unavailable,rustc,nightly-2021-05-06,Release,JerryZ
1787147282056049185,PPS-GC,sender_signaling,message_encryption,sender,713,false,32,2,recipient_bits=16;location_bytes=32,-1,,not_applicable,not_applicable,unavailable,rustc,nightly-2021-05-06,Release,JerryZ
1787147282057328337,PPS-GC,sender_signaling,pps_gc_sender_total_signaling,sender,713,false,32,2,recipient_bits=16;location_bytes=32,10488,68,measured,ok,unavailable,rustc,nightly-2021-05-06,Release,JerryZ
1787147282058672740,PPS-GC,sender_signaling,pps_gc_share_generation,sender,714,false,32,2,recipient_bits=16;location_bytes=32,10093,68,measured,ok,unavailable,rustc,nightly-2021-05-06,Release,JerryZ
1787147282060069756,PPS-GC,sender_signaling,pps_gc_sender_preparation,sender,714,false,32,2,recipient_bits=16;location_bytes=32,138,68,measured,ok,unavailable,rustc,nightly-2021-05-06,Release,JerryZ
1787147282061139408,PPS-GC,sender_signaling,message_encryption,sender,714,false,32,2,recipient_bits=16;location_bytes=32,-1,,not_applicable,not_applicable,unavailable,rustc,nightly-2021-05-06,Release,JerryZ
1787147282062267607,PPS-GC,sender_signaling,pps_gc_sender_total_signaling,sender,714,false,32,2,recipient_bits=16;location_bytes=32,21766,68,measured,ok,unavailable,rustc,nightly-2021-05-06,Release,JerryZ
1787147282063454834,PPS-GC,sender_signaling,pps_gc_share_generation,sender,715,false,32,2,recipient_bits=16;location_bytes=32,9606,68,measured,ok,unavailable,rustc,nightly-2021-05-06,Release,JerryZ
1787147282064992734,PPS-GC,sender_signaling,pps_gc_sender_preparation,sender,715,false,32,2,recipient_bits=16;location_bytes=32,138,68,measured,ok,unavailable,rustc,nightly-2021-05-06,Release,JerryZ
1787147282066666981,PPS-GC,sender_signaling,message_encryption,sender,715,false,32,2,recipient_bits=16;location_bytes=32,-1,,not_applicable,not_applicable,unavailable,rustc,nightly-2021-05-06,Release,JerryZ
1787147282067820407,PPS-GC,sender_signaling,pps_gc_sender_total_signaling,sender,715,false,32,2,recipient_bits=16;location_bytes=32,12003,68,measured,ok,unavailable,rustc,nightly-2021-05-06,Release,JerryZ
1787147282068902503,PPS-GC,sender_signaling,pps_gc_share_generation,sender,716,false,32,2,recipient_bits=16;location_bytes=32,9569,68,measured,ok,unavailable,rustc,nightly-2021-05-06,Release,JerryZ
1787147282070304671,PPS-GC,sender_signaling,pps_gc_sender_preparation,sender,716,false,32,2,recipient_bits=16;location_bytes=32,147,68,measured,ok,unavailable,rustc,nightly-2021-05-06,Release,JerryZ
1787147282071491141,PPS-GC,sender_signaling,message_encryption,sender,716,false,32,2,recipient_bits=16;location_bytes=32,-1,,not_applicable,not_applicable,unavailable,rustc,nightly-2021-05-06,Release,JerryZ
1787147282072712104,PPS-GC,sender_signaling,pps_gc_sender_total_signaling,sender,716,false,32,2,recipient_bits=16;location_bytes=32,10901,68,measured,ok,unavailable,rustc,nightly-2021-05-06,Release,JerryZ
1787147282074103096,PPS-GC,sender_signaling,pps_gc_share_generation,sender,717,false,32,2,recipient_bits=16;location_bytes=32,9781,68,measured,ok,unavailable,rustc,nightly-2021-05-06,Release,JerryZ
1787147282075146327,PPS-GC,sender_signaling,pps_gc_sender_preparation,sender,717,false,32,2,recipient_bits=16;location_bytes=32,166,68,measured,ok,unavailable,rustc,nightly-2021-05-06,Release,JerryZ
1787147282076181144,PPS-GC,sender_signaling,message_encryption,sender,717,false,32,2,recipient_bits=16;location_bytes=32,-1,,not_applicable,not_applicable,unavailable,rustc,nightly-2021-05-06,Release,JerryZ
1787147282077322953,PPS-GC,sender_signaling,pps_gc_sender_total_signaling,sender,717,false,32,2,recipient_bits=16;location_bytes=32,13427,68,measured,ok,unavailable,rustc,nightly-2021-05-06,Release,JerryZ
1787147282078431127,PPS-GC,sender_signaling,pps_gc_share_generation,sender,718,false,32,2,recipient_bits=16;location_bytes=32,9514,68,measured,ok,unavailable,rustc,nightly-2021-05-06,Release,JerryZ
1787147282079610117,PPS-GC,sender_signaling,pps_gc_sender_preparation,sender,718,false,32,2,recipient_bits=16;location_bytes=32,129,68,measured,ok,unavailable,rustc,nightly-2021-05-06,Release,JerryZ
1787147282081749173,PPS-GC,sender_signaling,message_encryption,sender,718,false,32,2,recipient_bits=16;location_bytes=32,-1,,not_applicable,not_applicable,unavailable,rustc,nightly-2021-05-06,Release,JerryZ
1787147282082994153,PPS-GC,sender_signaling,pps_gc_sender_total_signaling,sender,718,false,32,2,recipient_bits=16;location_bytes=32,10883,68,measured,ok,unavailable,rustc,nightly-2021-05-06,Release,JerryZ
1787147282084464327,PPS-GC,sender_signaling,pps_gc_share_generation,sender,719,false,32,2,recipient_bits=16;location_bytes=32,10258,68,measured,ok,unavailable,rustc,nightly-2021-05-06,Release,JerryZ
1787147282085642788,PPS-GC,sender_signaling,pps_gc_sender_preparation,sender,719,false,32,2,recipient_bits=16;location_bytes=32,358,68,measured,ok,unavailable,rustc,nightly-2021-05-06,Release,JerryZ
1787147282086670920,PPS-GC,sender_signaling,message_encryption,sender,719,false,32,2,recipient_bits=16;location_bytes=32,-1,,not_applicable,not_applicable,unavailable,rustc,nightly-2021-05-06,Release,JerryZ
1787147282088197382,PPS-GC,sender_signaling,pps_gc_sender_total_signaling,sender,719,false,32,2,recipient_bits=16;location_bytes=32,12830,68,measured,ok,unavailable,rustc,nightly-2021-05-06,Release,JerryZ
1787147282089371077,PPS-GC,sender_signaling,pps_gc_share_generation,sender,720,false,32,2,recipient_bits=16;location_bytes=32,9607,68,measured,ok,unavailable,rustc,nightly-2021-05-06,Release,JerryZ
1787147282090446055,PPS-GC,sender_signaling,pps_gc_sender_preparation,sender,720,false,32,2,recipient_bits=16;location_bytes=32,220,68,measured,ok,unavailable,rustc,nightly-2021-05-06,Release,JerryZ
1787147282091480074,PPS-GC,sender_signaling,message_encryption,sender,720,false,32,2,recipient_bits=16;location_bytes=32,-1,,not_applicable,not_applicable,unavailable,rustc,nightly-2021-05-06,Release,JerryZ
1787147282092803510,PPS-GC,sender_signaling,pps_gc_sender_total_signaling,sender,720,false,32,2,recipient_bits=16;location_bytes=32,23960,68,measured,ok,unavailable,rustc,nightly-2021-05-06,Release,JerryZ
1787147282093995793,PPS-GC,sender_signaling,pps_gc_share_generation,sender,721,false,32,2,recipient_bits=16;location_bytes=32,9514,68,measured,ok,unavailable,rustc,nightly-2021-05-06,Release,JerryZ
1787147282095295379,PPS-GC,sender_signaling,pps_gc_sender_preparation,sender,721,false,32,2,recipient_bits=16;location_bytes=32,147,68,measured,ok,unavailable,rustc,nightly-2021-05-06,Release,JerryZ
1787147282097105151,PPS-GC,sender_signaling,message_encryption,sender,721,false,32,2,recipient_bits=16;location_bytes=32,-1,,not_applicable,not_applicable,unavailable,rustc,nightly-2021-05-06,Release,JerryZ
1787147282098505216,PPS-GC,sender_signaling,pps_gc_sender_total_signaling,sender,721,false,32,2,recipient_bits=16;location_bytes=32,11149,68,measured,ok,unavailable,rustc,nightly-2021-05-06,Release,JerryZ
1787147282099588148,PPS-GC,sender_signaling,pps_gc_share_generation,sender,722,false,32,2,recipient_bits=16;location_bytes=32,9533,68,measured,ok,unavailable,rustc,nightly-2021-05-06,Release,JerryZ
1787147282100579049,PPS-GC,sender_signaling,pps_gc_sender_preparation,sender,722,false,32,2,recipient_bits=16;location_bytes=32,138,68,measured,ok,unavailable,rustc,nightly-2021-05-06,Release,JerryZ
1787147282101682819,PPS-GC,sender_signaling,message_encryption,sender,722,false,32,2,recipient_bits=16;location_bytes=32,-1,,not_applicable,not_applicable,unavailable,rustc,nightly-2021-05-06,Release,JerryZ
1787147282102969588,PPS-GC,sender_signaling,pps_gc_sender_total_signaling,sender,722,false,32,2,recipient_bits=16;location_bytes=32,22197,68,measured,ok,unavailable,rustc,nightly-2021-05-06,Release,JerryZ
1787147282104467438,PPS-GC,sender_signaling,pps_gc_share_generation,sender,723,false,32,2,recipient_bits=16;location_bytes=32,9533,68,measured,ok,unavailable,rustc,nightly-2021-05-06,Release,JerryZ
1787147282105550324,PPS-GC,sender_signaling,pps_gc_sender_preparation,sender,723,false,32,2,recipient_bits=16;location_bytes=32,184,68,measured,ok,unavailable,rustc,nightly-2021-05-06,Release,JerryZ
1787147282106748980,PPS-GC,sender_signaling,message_encryption,sender,723,false,32,2,recipient_bits=16;location_bytes=32,-1,,not_applicable,not_applicable,unavailable,rustc,nightly-2021-05-06,Release,JerryZ
1787147282107866020,PPS-GC,sender_signaling,pps_gc_sender_total_signaling,sender,723,false,32,2,recipient_bits=16;location_bytes=32,22170,68,measured,ok,unavailable,rustc,nightly-2021-05-06,Release,JerryZ
1787147282109112639,PPS-GC,sender_signaling,pps_gc_share_generation,sender,724,false,32,2,recipient_bits=16;location_bytes=32,19635,68,measured,ok,unavailable,rustc,nightly-2021-05-06,Release,JerryZ
1787147282110747988,PPS-GC,sender_signaling,pps_gc_sender_preparation,sender,724,false,32,2,recipient_bits=16;location_bytes=32,267,68,measured,ok,unavailable,rustc,nightly-2021-05-06,Release,JerryZ
1787147282112639519,PPS-GC,sender_signaling,message_encryption,sender,724,false,32,2,recipient_bits=16;location_bytes=32,-1,,not_applicable,not_applicable,unavailable,rustc,nightly-2021-05-06,Release,JerryZ
1787147282114486447,PPS-GC,sender_signaling,pps_gc_sender_total_signaling,sender,724,false,32,2,recipient_bits=16;location_bytes=32,11186,68,measured,ok,unavailable,rustc,nightly-2021-05-06,Release,JerryZ
1787147282115726412,PPS-GC,sender_signaling,pps_gc_share_generation,sender,725,false,32,2,recipient_bits=16;location_bytes=32,9606,68,measured,ok,unavailable,rustc,nightly-2021-05-06,Release,JerryZ
1787147282116996431,PPS-GC,sender_signaling,pps_gc_sender_preparation,sender,725,false,32,2,recipient_bits=16;location_bytes=32,285,68,measured,ok,unavailable,rustc,nightly-2021-05-06,Release,JerryZ
1787147282118140122,PPS-GC,sender_signaling,message_encryption,sender,725,false,32,2,recipient_bits=16;location_bytes=32,-1,,not_applicable,not_applicable,unavailable,rustc,nightly-2021-05-06,Release,JerryZ
1787147282119333135,PPS-GC,sender_signaling,pps_gc_sender_total_signaling,sender,725,false,32,2,recipient_bits=16;location_bytes=32,9882,68,measured,ok,unavailable,rustc,nightly-2021-05-06,Release,JerryZ
1787147282120399697,PPS-GC,sender_signaling,pps_gc_share_generation,sender,726,false,32,2,recipient_bits=16;location_bytes=32,9579,68,measured,ok,unavailable,rustc,nightly-2021-05-06,Release,JerryZ
1787147282121760116,PPS-GC,sender_signaling,pps_gc_sender_preparation,sender,726,false,32,2,recipient_bits=16;location_bytes=32,137,68,measured,ok,unavailable,rustc,nightly-2021-05-06,Release,JerryZ
1787147282123064194,PPS-GC,sender_signaling,message_encryption,sender,726,false,32,2,recipient_bits=16;location_bytes=32,-1,,not_applicable,not_applicable,unavailable,rustc,nightly-2021-05-06,Release,JerryZ
1787147282124198224,PPS-GC,sender_signaling,pps_gc_sender_total_signaling,sender,726,false,32,2,recipient_bits=16;location_bytes=32,13152,68,measured,ok,unavailable,rustc,nightly-2021-05-06,Release,JerryZ
1787147282125786475,PPS-GC,sender_signaling,pps_gc_share_generation,sender,727,false,32,2,recipient_bits=16;location_bytes=32,10405,68,measured,ok,unavailable,rustc,nightly-2021-05-06,Release,JerryZ
1787147282127155610,PPS-GC,sender_signaling,pps_gc_sender_preparation,sender,727,false,32,2,recipient_bits=16;location_bytes=32,248,68,measured,ok,unavailable,rustc,nightly-2021-05-06,Release,JerryZ
1787147282128516442,PPS-GC,sender_signaling,message_encryption,sender,727,false,32,2,recipient_bits=16;location_bytes=32,-1,,not_applicable,not_applicable,unavailable,rustc,nightly-2021-05-06,Release,JerryZ
1787147282129723254,PPS-GC,sender_signaling,pps_gc_sender_total_signaling,sender,727,false,32,2,recipient_bits=16;location_bytes=32,10313,68,measured,ok,unavailable,rustc,nightly-2021-05-06,Release,JerryZ
1787147282130881951,PPS-GC,sender_signaling,pps_gc_share_generation,sender,728,false,32,2,recipient_bits=16;location_bytes=32,9514,68,measured,ok,unavailable,rustc,nightly-2021-05-06,Release,JerryZ
1787147282131915805,PPS-GC,sender_signaling,pps_gc_sender_preparation,sender,728,false,32,2,recipient_bits=16;location_bytes=32,266,68,measured,ok,unavailable,rustc,nightly-2021-05-06,Release,JerryZ
1787147282133307724,PPS-GC,sender_signaling,message_encryption,sender,728,false,32,2,recipient_bits=16;location_bytes=32,-1,,not_applicable,not_applicable,unavailable,rustc,nightly-2021-05-06,Release,JerryZ
1787147282134523306,PPS-GC,sender_signaling,pps_gc_sender_total_signaling,sender,728,false,32,2,recipient_bits=16;location_bytes=32,9964,68,measured,ok,unavailable,rustc,nightly-2021-05-06,Release,JerryZ
1787147282135568043,PPS-GC,sender_signaling,pps_gc_share_generation,sender,729,false,32,2,recipient_bits=16;location_bytes=32,9662,68,measured,ok,unavailable,rustc,nightly-2021-05-06,Release,JerryZ
1787147282136570350,PPS-GC,sender_signaling,pps_gc_sender_preparation,sender,729,false,32,2,recipient_bits=16;location_bytes=32,147,68,measured,ok,unavailable,rustc,nightly-2021-05-06,Release,JerryZ
1787147282137700238,PPS-GC,sender_signaling,message_encryption,sender,729,false,32,2,recipient_bits=16;location_bytes=32,-1,,not_applicable,not_applicable,unavailable,rustc,nightly-2021-05-06,Release,JerryZ
1787147282139127074,PPS-GC,sender_signaling,pps_gc_sender_total_signaling,sender,729,false,32,2,recipient_bits=16;location_bytes=32,9634,68,measured,ok,unavailable,rustc,nightly-2021-05-06,Release,JerryZ
1787147282140348837,PPS-GC,sender_signaling,pps_gc_share_generation,sender,730,false,32,2,recipient_bits=16;location_bytes=32,21756,68,measured,ok,unavailable,rustc,nightly-2021-05-06,Release,JerryZ
1787147282141977018,PPS-GC,sender_signaling,pps_gc_sender_preparation,sender,730,false,32,2,recipient_bits=16;location_bytes=32,276,68,measured,ok,unavailable,rustc,nightly-2021-05-06,Release,JerryZ
1787147282143779599,PPS-GC,sender_signaling,message_encryption,sender,730,false,32,2,recipient_bits=16;location_bytes=32,-1,,not_applicable,not_applicable,unavailable,rustc,nightly-2021-05-06,Release,JerryZ
1787147282145364479,PPS-GC,sender_signaling,pps_gc_sender_total_signaling,sender,730,false,32,2,recipient_bits=16;location_bytes=32,10479,68,measured,ok,unavailable,rustc,nightly-2021-05-06,Release,JerryZ
1787147282146451240,PPS-GC,sender_signaling,pps_gc_share_generation,sender,731,false,32,2,recipient_bits=16;location_bytes=32,9533,68,measured,ok,unavailable,rustc,nightly-2021-05-06,Release,JerryZ
1787147282147457698,PPS-GC,sender_signaling,pps_gc_sender_preparation,sender,731,false,32,2,recipient_bits=16;location_bytes=32,147,68,measured,ok,unavailable,rustc,nightly-2021-05-06,Release,JerryZ
1787147282148848530,PPS-GC,sender_signaling,message_encryption,sender,731,false,32,2,recipient_bits=16;location_bytes=32,-1,,not_applicable,not_applicable,unavailable,rustc,nightly-2021-05-06,Release,JerryZ
1787147282150103000,PPS-GC,sender_signaling,pps_gc_sender_total_signaling,sender,731,false,32,2,recipient_bits=16;location_bytes=32,9965,68,measured,ok,unavailable,rustc,nightly-2021-05-06,Release,JerryZ
1787147282151152269,PPS-GC,sender_signaling,pps_gc_share_generation,sender,732,false,32,2,recipient_bits=16;location_bytes=32,9551,68,measured,ok,unavailable,rustc,nightly-2021-05-06,Release,JerryZ
1787147282152200385,PPS-GC,sender_signaling,pps_gc_sender_preparation,sender,732,false,32,2,recipient_bits=16;location_bytes=32,138,68,measured,ok,unavailable,rustc,nightly-2021-05-06,Release,JerryZ
1787147282153314054,PPS-GC,sender_signaling,message_encryption,sender,732,false,32,2,recipient_bits=16;location_bytes=32,-1,,not_applicable,not_applicable,unavailable,rustc,nightly-2021-05-06,Release,JerryZ
1787147282154578829,PPS-GC,sender_signaling,pps_gc_sender_total_signaling,sender,732,false,32,2,recipient_bits=16;location_bytes=32,22014,68,measured,ok,unavailable,rustc,nightly-2021-05-06,Release,JerryZ
1787147282156507154,PPS-GC,sender_signaling,pps_gc_share_generation,sender,733,false,32,2,recipient_bits=16;location_bytes=32,25999,68,measured,ok,unavailable,rustc,nightly-2021-05-06,Release,JerryZ
1787147282158300175,PPS-GC,sender_signaling,pps_gc_sender_preparation,sender,733,false,32,2,recipient_bits=16;location_bytes=32,1029,68,measured,ok,unavailable,rustc,nightly-2021-05-06,Release,JerryZ
1787147282159680702,PPS-GC,sender_signaling,message_encryption,sender,733,false,32,2,recipient_bits=16;location_bytes=32,-1,,not_applicable,not_applicable,unavailable,rustc,nightly-2021-05-06,Release,JerryZ
1787147282161006861,PPS-GC,sender_signaling,pps_gc_sender_total_signaling,sender,733,false,32,2,recipient_bits=16;location_bytes=32,10506,68,measured,ok,unavailable,rustc,nightly-2021-05-06,Release,JerryZ
1787147282162160907,PPS-GC,sender_signaling,pps_gc_share_generation,sender,734,false,32,2,recipient_bits=16;location_bytes=32,9772,68,measured,ok,unavailable,rustc,nightly-2021-05-06,Release,JerryZ
1787147282163555678,PPS-GC,sender_signaling,pps_gc_sender_preparation,sender,734,false,32,2,recipient_bits=16;location_bytes=32,147,68,measured,ok,unavailable,rustc,nightly-2021-05-06,Release,JerryZ
1787147282164700669,PPS-GC,sender_signaling,message_encryption,sender,734,false,32,2,recipient_bits=16;location_bytes=32,-1,,not_applicable,not_applicable,unavailable,rustc,nightly-2021-05-06,Release,JerryZ
1787147282165869363,PPS-GC,sender_signaling,pps_gc_sender_total_signaling,sender,734,false,32,2,recipient_bits=16;location_bytes=32,10644,68,measured,ok,unavailable,rustc,nightly-2021-05-06,Release,JerryZ
1787147282167062244,PPS-GC,sender_signaling,pps_gc_share_generation,sender,735,false,32,2,recipient_bits=16;location_bytes=32,10138,68,measured,ok,unavailable,rustc,nightly-2021-05-06,Release,JerryZ
1787147282168347127,PPS-GC,sender_signaling,pps_gc_sender_preparation,sender,735,false,32,2,recipient_bits=16;location_bytes=32,138,68,measured,ok,unavailable,rustc,nightly-2021-05-06,Release,JerryZ
1787147282169533110,PPS-GC,sender_signaling,message_encryption,sender,735,false,32,2,recipient_bits=16;location_bytes=32,-1,,not_applicable,not_applicable,unavailable,rustc,nightly-2021-05-06,Release,JerryZ
1787147282170832044,PPS-GC,sender_signaling,pps_gc_sender_total_signaling,sender,735,false,32,2,recipient_bits=16;location_bytes=32,11351,68,measured,ok,unavailable,rustc,nightly-2021-05-06,Release,JerryZ
1787147282172331708,PPS-GC,sender_signaling,pps_gc_share_generation,sender,736,false,32,2,recipient_bits=16;location_bytes=32,11241,68,measured,ok,unavailable,rustc,nightly-2021-05-06,Release,JerryZ
1787147282174133076,PPS-GC,sender_signaling,pps_gc_sender_preparation,sender,736,false,32,2,recipient_bits=16;location_bytes=32,542,68,measured,ok,unavailable,rustc,nightly-2021-05-06,Release,JerryZ
1787147282175274150,PPS-GC,sender_signaling,message_encryption,sender,736,false,32,2,recipient_bits=16;location_bytes=32,-1,,not_applicable,not_applicable,unavailable,rustc,nightly-2021-05-06,Release,JerryZ
1787147282176441609,PPS-GC,sender_signaling,pps_gc_sender_total_signaling,sender,736,false,32,2,recipient_bits=16;location_bytes=32,10662,68,measured,ok,unavailable,rustc,nightly-2021-05-06,Release,JerryZ
1787147282177996394,PPS-GC,sender_signaling,pps_gc_share_generation,sender,737,false,32,2,recipient_bits=16;location_bytes=32,21646,68,measured,ok,unavailable,rustc,nightly-2021-05-06,Release,JerryZ
1787147282179240905,PPS-GC,sender_signaling,pps_gc_sender_preparation,sender,737,false,32,2,recipient_bits=16;location_bytes=32,478,68,measured,ok,unavailable,rustc,nightly-2021-05-06,Release,JerryZ
1787147282180419926,PPS-GC,sender_signaling,message_encryption,sender,737,false,32,2,recipient_bits=16;location_bytes=32,-1,,not_applicable,not_applicable,unavailable,rustc,nightly-2021-05-06,Release,JerryZ
1787147282181681206,PPS-GC,sender_signaling,pps_gc_sender_total_signaling,sender,737,false,32,2,recipient_bits=16;location_bytes=32,10672,68,measured,ok,unavailable,rustc,nightly-2021-05-06,Release,JerryZ
1787147282182811756,PPS-GC,sender_signaling,pps_gc_share_generation,sender,738,false,32,2,recipient_bits=16;location_bytes=32,9983,68,measured,ok,unavailable,rustc,nightly-2021-05-06,Release,JerryZ
1787147282183974371,PPS-GC,sender_signaling,pps_gc_sender_preparation,sender,738,false,32,2,recipient_bits=16;location_bytes=32,147,68,measured,ok,unavailable,rustc,nightly-2021-05-06,Release,JerryZ
1787147282185353350,PPS-GC,sender_signaling,message_encryption,sender,738,false,32,2,recipient_bits=16;location_bytes=32,-1,,not_applicable,not_applicable,unavailable,rustc,nightly-2021-05-06,Release,JerryZ
1787147282187125020,PPS-GC,sender_signaling,pps_gc_sender_total_signaling,sender,738,false,32,2,recipient_bits=16;location_bytes=32,12352,68,measured,ok,unavailable,rustc,nightly-2021-05-06,Release,JerryZ
1787147282188503479,PPS-GC,sender_signaling,pps_gc_share_generation,sender,739,false,32,2,recipient_bits=16;location_bytes=32,10139,68,measured,ok,unavailable,rustc,nightly-2021-05-06,Release,JerryZ
1787147282190096918,PPS-GC,sender_signaling,pps_gc_sender_preparation,sender,739,false,32,2,recipient_bits=16;location_bytes=32,230,68,measured,ok,unavailable,rustc,nightly-2021-05-06,Release,JerryZ
1787147282191414991,PPS-GC,sender_signaling,message_encryption,sender,739,false,32,2,recipient_bits=16;location_bytes=32,-1,,not_applicable,not_applicable,unavailable,rustc,nightly-2021-05-06,Release,JerryZ
1787147282192956165,PPS-GC,sender_signaling,pps_gc_sender_total_signaling,sender,739,false,32,2,recipient_bits=16;location_bytes=32,10818,68,measured,ok,unavailable,rustc,nightly-2021-05-06,Release,JerryZ
1787147282194158192,PPS-GC,sender_signaling,pps_gc_share_generation,sender,740,false,32,2,recipient_bits=16;location_bytes=32,10075,68,measured,ok,unavailable,rustc,nightly-2021-05-06,Release,JerryZ
1787147282195570834,PPS-GC,sender_signaling,pps_gc_sender_preparation,sender,740,false,32,2,recipient_bits=16;location_bytes=32,441,68,measured,ok,unavailable,rustc,nightly-2021-05-06,Release,JerryZ
1787147282196781563,PPS-GC,sender_signaling,message_encryption,sender,740,false,32,2,recipient_bits=16;location_bytes=32,-1,,not_applicable,not_applicable,unavailable,rustc,nightly-2021-05-06,Release,JerryZ
1787147282198240680,PPS-GC,sender_signaling,pps_gc_sender_total_signaling,sender,740,false,32,2,recipient_bits=16;location_bytes=32,10406,68,measured,ok,unavailable,rustc,nightly-2021-05-06,Release,JerryZ
1787147282199367795,PPS-GC,sender_signaling,pps_gc_share_generation,sender,741,false,32,2,recipient_bits=16;location_bytes=32,9578,68,measured,ok,unavailable,rustc,nightly-2021-05-06,Release,JerryZ
1787147282200471436,PPS-GC,sender_signaling,pps_gc_sender_preparation,sender,741,false,32,2,recipient_bits=16;location_bytes=32,221,68,measured,ok,unavailable,rustc,nightly-2021-05-06,Release,JerryZ
1787147282202036175,PPS-GC,sender_signaling,message_encryption,sender,741,false,32,2,recipient_bits=16;location_bytes=32,-1,,not_applicable,not_applicable,unavailable,rustc,nightly-2021-05-06,Release,JerryZ
1787147282204381287,PPS-GC,sender_signaling,pps_gc_sender_total_signaling,sender,741,false,32,2,recipient_bits=16;location_bytes=32,12168,68,measured,ok,unavailable,rustc,nightly-2021-05-06,Release,JerryZ
1787147282205697220,PPS-GC,sender_signaling,pps_gc_share_generation,sender,742,false,32,2,recipient_bits=16;location_bytes=32,10001,68,measured,ok,unavailable,rustc,nightly-2021-05-06,Release,JerryZ
1787147282206820891,PPS-GC,sender_signaling,pps_gc_sender_preparation,sender,742,false,32,2,recipient_bits=16;location_bytes=32,257,68,measured,ok,unavailable,rustc,nightly-2021-05-06,Release,JerryZ
1787147282208119412,PPS-GC,sender_signaling,message_encryption,sender,742,false,32,2,recipient_bits=16;location_bytes=32,-1,,not_applicable,not_applicable,unavailable,rustc,nightly-2021-05-06,Release,JerryZ
1787147282209498933,PPS-GC,sender_signaling,pps_gc_sender_total_signaling,sender,742,false,32,2,recipient_bits=16;location_bytes=32,10111,68,measured,ok,unavailable,rustc,nightly-2021-05-06,Release,JerryZ
1787147282210629115,PPS-GC,sender_signaling,pps_gc_share_generation,sender,743,false,32,2,recipient_bits=16;location_bytes=32,9496,68,measured,ok,unavailable,rustc,nightly-2021-05-06,Release,JerryZ
1787147282211847305,PPS-GC,sender_signaling,pps_gc_sender_preparation,sender,743,false,32,2,recipient_bits=16;location_bytes=32,147,68,measured,ok,unavailable,rustc,nightly-2021-05-06,Release,JerryZ
1787147282212900032,PPS-GC,sender_signaling,message_encryption,sender,743,false,32,2,recipient_bits=16;location_bytes=32,-1,,not_applicable,not_applicable,unavailable,rustc,nightly-2021-05-06,Release,JerryZ
1787147282213998934,PPS-GC,sender_signaling,pps_gc_sender_total_signaling,sender,743,false,32,2,recipient_bits=16;location_bytes=32,9826,68,measured,ok,unavailable,rustc,nightly-2021-05-06,Release,JerryZ
1787147282215299921,PPS-GC,sender_signaling,pps_gc_share_generation,sender,744,false,32,2,recipient_bits=16;location_bytes=32,9671,68,measured,ok,unavailable,rustc,nightly-2021-05-06,Release,JerryZ
1787147282216430352,PPS-GC,sender_signaling,pps_gc_sender_preparation,sender,744,false,32,2,recipient_bits=16;location_bytes=32,147,68,measured,ok,unavailable,rustc,nightly-2021-05-06,Release,JerryZ
1787147282217764758,PPS-GC,sender_signaling,message_encryption,sender,744,false,32,2,recipient_bits=16;location_bytes=32,-1,,not_applicable,not_applicable,unavailable,rustc,nightly-2021-05-06,Release,JerryZ
1787147282219037192,PPS-GC,sender_signaling,pps_gc_sender_total_signaling,sender,744,false,32,2,recipient_bits=16;location_bytes=32,11425,68,measured,ok,unavailable,rustc,nightly-2021-05-06,Release,JerryZ
1787147282220436574,PPS-GC,sender_signaling,pps_gc_share_generation,sender,745,false,32,2,recipient_bits=16;location_bytes=32,10341,68,measured,ok,unavailable,rustc,nightly-2021-05-06,Release,JerryZ
1787147282221763013,PPS-GC,sender_signaling,pps_gc_sender_preparation,sender,745,false,32,2,recipient_bits=16;location_bytes=32,147,68,measured,ok,unavailable,rustc,nightly-2021-05-06,Release,JerryZ
1787147282222881197,PPS-GC,sender_signaling,message_encryption,sender,745,false,32,2,recipient_bits=16;location_bytes=32,-1,,not_applicable,not_applicable,unavailable,rustc,nightly-2021-05-06,Release,JerryZ
1787147282224048293,PPS-GC,sender_signaling,pps_gc_sender_total_signaling,sender,745,false,32,2,recipient_bits=16;location_bytes=32,10378,68,measured,ok,unavailable,rustc,nightly-2021-05-06,Release,JerryZ
1787147282225317738,PPS-GC,sender_signaling,pps_gc_share_generation,sender,746,false,32,2,recipient_bits=16;location_bytes=32,10469,68,measured,ok,unavailable,rustc,nightly-2021-05-06,Release,JerryZ
1787147282226849067,PPS-GC,sender_signaling,pps_gc_sender_preparation,sender,746,false,32,2,recipient_bits=16;location_bytes=32,230,68,measured,ok,unavailable,rustc,nightly-2021-05-06,Release,JerryZ
1787147282227934124,PPS-GC,sender_signaling,message_encryption,sender,746,false,32,2,recipient_bits=16;location_bytes=32,-1,,not_applicable,not_applicable,unavailable,rustc,nightly-2021-05-06,Release,JerryZ
1787147282229192989,PPS-GC,sender_signaling,pps_gc_sender_total_signaling,sender,746,false,32,2,recipient_bits=16;location_bytes=32,22069,68,measured,ok,unavailable,rustc,nightly-2021-05-06,Release,JerryZ
1787147282230779458,PPS-GC,sender_signaling,pps_gc_share_generation,sender,747,false,32,2,recipient_bits=16;location_bytes=32,21416,68,measured,ok,unavailable,rustc,nightly-2021-05-06,Release,JerryZ
1787147282231946168,PPS-GC,sender_signaling,pps_gc_sender_preparation,sender,747,false,32,2,recipient_bits=16;location_bytes=32,276,68,measured,ok,unavailable,rustc,nightly-2021-05-06,Release,JerryZ
1787147282233879848,PPS-GC,sender_signaling,message_encryption,sender,747,false,32,2,recipient_bits=16;location_bytes=32,-1,,not_applicable,not_applicable,unavailable,rustc,nightly-2021-05-06,Release,JerryZ
1787147282235280212,PPS-GC,sender_signaling,pps_gc_sender_total_signaling,sender,747,false,32,2,recipient_bits=16;location_bytes=32,10956,68,measured,ok,unavailable,rustc,nightly-2021-05-06,Release,JerryZ
1787147282236922467,PPS-GC,sender_signaling,pps_gc_share_generation,sender,748,false,32,2,recipient_bits=16;location_bytes=32,11535,68,measured,ok,unavailable,rustc,nightly-2021-05-06,Release,JerryZ
1787147282238128493,PPS-GC,sender_signaling,pps_gc_sender_preparation,sender,748,false,32,2,recipient_bits=16;location_bytes=32,1561,68,measured,ok,unavailable,rustc,nightly-2021-05-06,Release,JerryZ
1787147282239507208,PPS-GC,sender_signaling,message_encryption,sender,748,false,32,2,recipient_bits=16;location_bytes=32,-1,,not_applicable,not_applicable,unavailable,rustc,nightly-2021-05-06,Release,JerryZ
1787147282240872208,PPS-GC,sender_signaling,pps_gc_sender_total_signaling,sender,748,false,32,2,recipient_bits=16;location_bytes=32,11874,68,measured,ok,unavailable,rustc,nightly-2021-05-06,Release,JerryZ
1787147282242117164,PPS-GC,sender_signaling,pps_gc_share_generation,sender,749,false,32,2,recipient_bits=16;location_bytes=32,9753,68,measured,ok,unavailable,rustc,nightly-2021-05-06,Release,JerryZ
1787147282243222473,PPS-GC,sender_signaling,pps_gc_sender_preparation,sender,749,false,32,2,recipient_bits=16;location_bytes=32,147,68,measured,ok,unavailable,rustc,nightly-2021-05-06,Release,JerryZ
1787147282244273532,PPS-GC,sender_signaling,message_encryption,sender,749,false,32,2,recipient_bits=16;location_bytes=32,-1,,not_applicable,not_applicable,unavailable,rustc,nightly-2021-05-06,Release,JerryZ
1787147282245620157,PPS-GC,sender_signaling,pps_gc_sender_total_signaling,sender,749,false,32,2,recipient_bits=16;location_bytes=32,19038,68,measured,ok,unavailable,rustc,nightly-2021-05-06,Release,JerryZ
1787147282246700264,PPS-GC,sender_signaling,pps_gc_share_generation,sender,750,false,32,2,recipient_bits=16;location_bytes=32,9680,68,measured,ok,unavailable,rustc,nightly-2021-05-06,Release,JerryZ
1787147282247858397,PPS-GC,sender_signaling,pps_gc_sender_preparation,sender,750,false,32,2,recipient_bits=16;location_bytes=32,138,68,measured,ok,unavailable,rustc,nightly-2021-05-06,Release,JerryZ
1787147282249407920,PPS-GC,sender_signaling,message_encryption,sender,750,false,32,2,recipient_bits=16;location_bytes=32,-1,,not_applicable,not_applicable,unavailable,rustc,nightly-2021-05-06,Release,JerryZ
1787147282251265970,PPS-GC,sender_signaling,pps_gc_sender_total_signaling,sender,750,false,32,2,recipient_bits=16;location_bytes=32,11314,68,measured,ok,unavailable,rustc,nightly-2021-05-06,Release,JerryZ
1787147282252378905,PPS-GC,sender_signaling,pps_gc_share_generation,sender,751,false,32,2,recipient_bits=16;location_bytes=32,9873,68,measured,ok,unavailable,rustc,nightly-2021-05-06,Release,JerryZ
1787147282253513670,PPS-GC,sender_signaling,pps_gc_sender_preparation,sender,751,false,32,2,recipient_bits=16;location_bytes=32,147,68,measured,ok,unavailable,rustc,nightly-2021-05-06,Release,JerryZ
1787147282254744562,PPS-GC,sender_signaling,message_encryption,sender,751,false,32,2,recipient_bits=16;location_bytes=32,-1,,not_applicable,not_applicable,unavailable,rustc,nightly-2021-05-06,Release,JerryZ
1787147282256371149,PPS-GC,sender_signaling,pps_gc_sender_total_signaling,sender,751,false,32,2,recipient_bits=16;location_bytes=32,10902,68,measured,ok,unavailable,rustc,nightly-2021-05-06,Release,JerryZ
1787147282257746754,PPS-GC,sender_signaling,pps_gc_share_generation,sender,752,false,32,2,recipient_bits=16;location_bytes=32,14070,68,measured,ok,unavailable,rustc,nightly-2021-05-06,Release,JerryZ
1787147282258881510,PPS-GC,sender_signaling,pps_gc_sender_preparation,sender,752,false,32,2,recipient_bits=16;location_bytes=32,330,68,measured,ok,unavailable,rustc,nightly-2021-05-06,Release,JerryZ
1787147282260281273,PPS-GC,sender_signaling,message_encryption,sender,752,false,32,2,recipient_bits=16;location_bytes=32,-1,,not_applicable,not_applicable,unavailable,rustc,nightly-2021-05-06,Release,JerryZ
1787147282261463757,PPS-GC,sender_signaling,pps_gc_sender_total_signaling,sender,752,false,32,2,recipient_bits=16;location_bytes=32,10194,68,measured,ok,unavailable,rustc,nightly-2021-05-06,Release,JerryZ
1787147282262634830,PPS-GC,sender_signaling,pps_gc_share_generation,sender,753,false,32,2,recipient_bits=16;location_bytes=32,9670,68,measured,ok,unavailable,rustc,nightly-2021-05-06,Release,JerryZ
1787147282264109987,PPS-GC,sender_signaling,pps_gc_sender_preparation,sender,753,false,32,2,recipient_bits=16;location_bytes=32,267,68,measured,ok,unavailable,rustc,nightly-2021-05-06,Release,JerryZ
1787147282265370441,PPS-GC,sender_signaling,message_encryption,sender,753,false,32,2,recipient_bits=16;location_bytes=32,-1,,not_applicable,not_applicable,unavailable,rustc,nightly-2021-05-06,Release,JerryZ
1787147282266718710,PPS-GC,sender_signaling,pps_gc_sender_total_signaling,sender,753,false,32,2,recipient_bits=16;location_bytes=32,24346,68,measured,ok,unavailable,rustc,nightly-2021-05-06,Release,JerryZ
1787147282268204561,PPS-GC,sender_signaling,pps_gc_share_generation,sender,754,false,32,2,recipient_bits=16;location_bytes=32,9717,68,measured,ok,unavailable,rustc,nightly-2021-05-06,Release,JerryZ
1787147282269245651,PPS-GC,sender_signaling,pps_gc_sender_preparation,sender,754,false,32,2,recipient_bits=16;location_bytes=32,147,68,measured,ok,unavailable,rustc,nightly-2021-05-06,Release,JerryZ
1787147282270419213,PPS-GC,sender_signaling,message_encryption,sender,754,false,32,2,recipient_bits=16;location_bytes=32,-1,,not_applicable,not_applicable,unavailable,rustc,nightly-2021-05-06,Release,JerryZ
1787147282271651918,PPS-GC,sender_signaling,pps_gc_sender_total_signaling,sender,754,false,32,2,recipient_bits=16;location_bytes=32,12518,68,measured,ok,unavailable,rustc,nightly-2021-05-06,Release,JerryZ
1787147282272907624,PPS-GC,sender_signaling,pps_gc_share_generation,sender,755,false,32,2,recipient_bits=16;location_bytes=32,9882,68,measured,ok,unavailable,rustc,nightly-2021-05-06,Release,JerryZ
1787147282274287402,PPS-GC,sender_signaling,pps_gc_sender_preparation,sender,755,false,32,2,recipient_bits=16;location_bytes=32,330,68,measured,ok,unavailable,rustc,nightly-2021-05-06,Release,JerryZ
1787147282275375752,PPS-GC,sender_signaling,message_encryption,sender,755,false,32,2,recipient_bits=16;location_bytes=32,-1,,not_applicable,not_applicable,unavailable,rustc,nightly-2021-05-06,Release,JerryZ
1787147282276429944,PPS-GC,sender_signaling,pps_gc_sender_total_signaling,sender,755,false,32,2,recipient_bits=16;location_bytes=32,9799,68,measured,ok,unavailable,rustc,nightly-2021-05-06,Release,JerryZ
1787147282277507636,PPS-GC,sender_signaling,pps_gc_share_generation,sender,756,false,32,2,recipient_bits=16;location_bytes=32,9735,68,measured,ok,unavailable,rustc,nightly-2021-05-06,Release,JerryZ
1787147282278993234,PPS-GC,sender_signaling,pps_gc_sender_preparation,sender,756,false,32,2,recipient_bits=16;location_bytes=32,147,68,measured,ok,unavailable,rustc,nightly-2021-05-06,Release,JerryZ
1787147282280292214,PPS-GC,sender_signaling,message_encryption,sender,756,false,32,2,recipient_bits=16;location_bytes=32,-1,,not_applicable,not_applicable,unavailable,rustc,nightly-2021-05-06,Release,JerryZ
1787147282281557310,PPS-GC,sender_signaling,pps_gc_sender_total_signaling,sender,756,false,32,2,recipient_bits=16;location_bytes=32,11691,68,measured,ok,unavailable,rustc,nightly-2021-05-06,Release,JerryZ
1787147282283008713,PPS-GC,sender_signaling,pps_gc_share_generation,sender,757,false,32,2,recipient_bits=16;location_bytes=32,9533,68,measured,ok,unavailable,rustc,nightly-2021-05-06,Release,JerryZ
1787147282284106647,PPS-GC,sender_signaling,pps_gc_sender_preparation,sender,757,false,32,2,recipient_bits=16;location_bytes=32,147,68,measured,ok,unavailable,rustc,nightly-2021-05-06,Release,JerryZ
1787147282285233371,PPS-GC,sender_signaling,message_encryption,sender,757,false,32,2,recipient_bits=16;location_bytes=32,-1,,not_applicable,not_applicable,unavailable,rustc,nightly-2021-05-06,Release,JerryZ
1787147282286515553,PPS-GC,sender_signaling,pps_gc_sender_total_signaling,sender,757,false,32,2,recipient_bits=16;location_bytes=32,10782,68,measured,ok,unavailable,rustc,nightly-2021-05-06,Release,JerryZ
1787147282287609056,PPS-GC,sender_signaling,pps_gc_share_generation,sender,758,false,32,2,recipient_bits=16;location_bytes=32,9615,68,measured,ok,unavailable,rustc,nightly-2021-05-06,Release,JerryZ
1787147282288751420,PPS-GC,sender_signaling,pps_gc_sender_preparation,sender,758,false,32,2,recipient_bits=16;location_bytes=32,156,68,measured,ok,unavailable,rustc,nightly-2021-05-06,Release,JerryZ
1787147282290280201,PPS-GC,sender_signaling,message_encryption,sender,758,false,32,2,recipient_bits=16;location_bytes=32,-1,,not_applicable,not_applicable,unavailable,rustc,nightly-2021-05-06,Release,JerryZ
1787147282291509388,PPS-GC,sender_signaling,pps_gc_sender_total_signaling,sender,758,false,32,2,recipient_bits=16;location_bytes=32,22694,68,measured,ok,unavailable,rustc,nightly-2021-05-06,Release,JerryZ
1787147282292867319,PPS-GC,sender_signaling,pps_gc_share_generation,sender,759,false,32,2,recipient_bits=16;location_bytes=32,9753,68,measured,ok,unavailable,rustc,nightly-2021-05-06,Release,JerryZ
1787147282294366427,PPS-GC,sender_signaling,pps_gc_sender_preparation,sender,759,false,32,2,recipient_bits=16;location_bytes=32,267,68,measured,ok,unavailable,rustc,nightly-2021-05-06,Release,JerryZ
1787147282295970326,PPS-GC,sender_signaling,message_encryption,sender,759,false,32,2,recipient_bits=16;location_bytes=32,-1,,not_applicable,not_applicable,unavailable,rustc,nightly-2021-05-06,Release,JerryZ
1787147282297743652,PPS-GC,sender_signaling,pps_gc_sender_total_signaling,sender,759,false,32,2,recipient_bits=16;location_bytes=32,11048,68,measured,ok,unavailable,rustc,nightly-2021-05-06,Release,JerryZ
1787147282298884400,PPS-GC,sender_signaling,pps_gc_share_generation,sender,760,false,32,2,recipient_bits=16;location_bytes=32,9790,68,measured,ok,unavailable,rustc,nightly-2021-05-06,Release,JerryZ
1787147282299903596,PPS-GC,sender_signaling,pps_gc_sender_preparation,sender,760,false,32,2,recipient_bits=16;location_bytes=32,147,68,measured,ok,unavailable,rustc,nightly-2021-05-06,Release,JerryZ
1787147282301041796,PPS-GC,sender_signaling,message_encryption,sender,760,false,32,2,recipient_bits=16;location_bytes=32,-1,,not_applicable,not_applicable,unavailable,rustc,nightly-2021-05-06,Release,JerryZ
1787147282302510689,PPS-GC,sender_signaling,pps_gc_sender_total_signaling,sender,760,false,32,2,recipient_bits=16;location_bytes=32,10644,68,measured,ok,unavailable,rustc,nightly-2021-05-06,Release,JerryZ
1787147282303572300,PPS-GC,sender_signaling,pps_gc_share_generation,sender,761,false,32,2,recipient_bits=16;location_bytes=32,9725,68,measured,ok,unavailable,rustc,nightly-2021-05-06,Release,JerryZ
1787147282304660384,PPS-GC,sender_signaling,pps_gc_sender_preparation,sender,761,false,32,2,recipient_bits=16;location_bytes=32,147,68,measured,ok,unavailable,rustc,nightly-2021-05-06,Release,JerryZ
1787147282305717362,PPS-GC,sender_signaling,message_encryption,sender,761,false,32,2,recipient_bits=16;location_bytes=32,-1,,not_applicable,not_applicable,unavailable,rustc,nightly-2021-05-06,Release,JerryZ
1787147282307025692,PPS-GC,sender_signaling,pps_gc_sender_total_signaling,sender,761,false,32,2,recipient_bits=16;location_bytes=32,9826,68,measured,ok,unavailable,rustc,nightly-2021-05-06,Release,JerryZ
1787147282308251882,PPS-GC,sender_signaling,pps_gc_share_generation,sender,762,false,32,2,recipient_bits=16;location_bytes=32,21839,68,measured,ok,unavailable,rustc,nightly-2021-05-06,Release,JerryZ
1787147282309775984,PPS-GC,sender_signaling,pps_gc_sender_preparation,sender,762,false,32,2,recipient_bits=16;location_bytes=32,275,68,measured,ok,unavailable,rustc,nightly-2021-05-06,Release,JerryZ
1787147282311506399,PPS-GC,sender_signaling,message_encryption,sender,762,false,32,2,recipient_bits=16;location_bytes=32,-1,,not_applicable,not_applicable,unavailable,rustc,nightly-2021-05-06,Release,JerryZ
1787147282312653892,PPS-GC,sender_signaling,pps_gc_sender_total_signaling,sender,762,false,32,2,recipient_bits=16;location_bytes=32,10975,68,measured,ok,unavailable,rustc,nightly-2021-05-06,Release,JerryZ
1787147282313720045,PPS-GC,sender_signaling,pps_gc_share_generation,sender,763,false,32,2,recipient_bits=16;location_bytes=32,9524,68,measured,ok,unavailable,rustc,nightly-2021-05-06,Release,JerryZ
1787147282314759501,PPS-GC,sender_signaling,pps_gc_sender_preparation,sender,763,false,32,2,recipient_bits=16;location_bytes=32,147,68,measured,ok,unavailable,rustc,nightly-2021-05-06,Release,JerryZ
1787147282315877560,PPS-GC,sender_signaling,message_encryption,sender,763,false,32,2,recipient_bits=16;location_bytes=32,-1,,not_applicable,not_applicable,unavailable,rustc,nightly-2021-05-06,Release,JerryZ
1787147282317065775,PPS-GC,sender_signaling,pps_gc_sender_total_signaling,sender,763,false,32,2,recipient_bits=16;location_bytes=32,10598,68,measured,ok,unavailable,rustc,nightly-2021-05-06,Release,JerryZ
1787147282318484254,PPS-GC,sender_signaling,pps_gc_share_generation,sender,764,false,32,2,recipient_bits=16;location_bytes=32,9744,68,measured,ok,unavailable,rustc,nightly-2021-05-06,Release,JerryZ
1787147282319651042,PPS-GC,sender_signaling,pps_gc_sender_preparation,sender,764,false,32,2,recipient_bits=16;location_bytes=32,147,68,measured,ok,unavailable,rustc,nightly-2021-05-06,Release,JerryZ
1787147282320701831,PPS-GC,sender_signaling,message_encryption,sender,764,false,32,2,recipient_bits=16;location_bytes=32,-1,,not_applicable,not_applicable,unavailable,rustc,nightly-2021-05-06,Release,JerryZ
1787147282321838395,PPS-GC,sender_signaling,pps_gc_sender_total_signaling,sender,764,false,32,2,recipient_bits=16;location_bytes=32,21821,68,measured,ok,unavailable,rustc,nightly-2021-05-06,Release,JerryZ
1787147282323028249,PPS-GC,sender_signaling,pps_gc_share_generation,sender,765,false,32,2,recipient_bits=16;location_bytes=32,9514,68,measured,ok,unavailable,rustc,nightly-2021-05-06,Release,JerryZ
1787147282324564886,PPS-GC,sender_signaling,pps_gc_sender_preparation,sender,765,false,32,2,recipient_bits=16;location_bytes=32,147,68,measured,ok,unavailable,rustc,nightly-2021-05-06,Release,JerryZ
1787147282326307061,PPS-GC,sender_signaling,message_encryption,sender,765,false,32,2,recipient_bits=16;location_bytes=32,-1,,not_applicable,not_applicable,unavailable,rustc,nightly-2021-05-06,Release,JerryZ
1787147282328054135,PPS-GC,sender_signaling,pps_gc_sender_total_signaling,sender,765,false,32,2,recipient_bits=16;location_bytes=32,14538,68,measured,ok,unavailable,rustc,nightly-2021-05-06,Release,JerryZ
1787147282329456731,PPS-GC,sender_signaling,pps_gc_share_generation,sender,766,false,32,2,recipient_bits=16;location_bytes=32,10139,68,measured,ok,unavailable,rustc,nightly-2021-05-06,Release,JerryZ
1787147282330802268,PPS-GC,sender_signaling,pps_gc_sender_preparation,sender,766,false,32,2,recipient_bits=16;location_bytes=32,358,68,measured,ok,unavailable,rustc,nightly-2021-05-06,Release,JerryZ
1787147282332187235,PPS-GC,sender_signaling,message_encryption,sender,766,false,32,2,recipient_bits=16;location_bytes=32,-1,,not_applicable,not_applicable,unavailable,rustc,nightly-2021-05-06,Release,JerryZ
1787147282333456088,PPS-GC,sender_signaling,pps_gc_sender_total_signaling,sender,766,false,32,2,recipient_bits=16;location_bytes=32,10892,68,measured,ok,unavailable,rustc,nightly-2021-05-06,Release,JerryZ
1787147282335029240,PPS-GC,sender_signaling,pps_gc_share_generation,sender,767,false,32,2,recipient_bits=16;location_bytes=32,9845,68,measured,ok,unavailable,rustc,nightly-2021-05-06,Release,JerryZ
1787147282336159105,PPS-GC,sender_signaling,pps_gc_sender_preparation,sender,767,false,32,2,recipient_bits=16;location_bytes=32,248,68,measured,ok,unavailable,rustc,nightly-2021-05-06,Release,JerryZ
1787147282337306185,PPS-GC,sender_signaling,message_encryption,sender,767,false,32,2,recipient_bits=16;location_bytes=32,-1,,not_applicable,not_applicable,unavailable,rustc,nightly-2021-05-06,Release,JerryZ
1787147282338365368,PPS-GC,sender_signaling,pps_gc_sender_total_signaling,sender,767,false,32,2,recipient_bits=16;location_bytes=32,9772,68,measured,ok,unavailable,rustc,nightly-2021-05-06,Release,JerryZ
1787147282339811866,PPS-GC,sender_signaling,pps_gc_share_generation,sender,768,false,32,2,recipient_bits=16;location_bytes=32,24594,68,measured,ok,unavailable,rustc,nightly-2021-05-06,Release,JerryZ
1787147282341221258,PPS-GC,sender_signaling,pps_gc_sender_preparation,sender,768,false,32,2,recipient_bits=16;location_bytes=32,744,68,measured,ok,unavailable,rustc,nightly-2021-05-06,Release,JerryZ
1787147282342878138,PPS-GC,sender_signaling,message_encryption,sender,768,false,32,2,recipient_bits=16;location_bytes=32,-1,,not_applicable,not_applicable,unavailable,rustc,nightly-2021-05-06,Release,JerryZ
1787147282343977210,PPS-GC,sender_signaling,pps_gc_sender_total_signaling,sender,768,false,32,2,recipient_bits=16;location_bytes=32,10478,68,measured,ok,unavailable,rustc,nightly-2021-05-06,Release,JerryZ
1787147282345022544,PPS-GC,sender_signaling,pps_gc_share_generation,sender,769,false,32,2,recipient_bits=16;location_bytes=32,9533,68,measured,ok,unavailable,rustc,nightly-2021-05-06,Release,JerryZ
1787147282346145893,PPS-GC,sender_signaling,pps_gc_sender_preparation,sender,769,false,32,2,recipient_bits=16;location_bytes=32,147,68,measured,ok,unavailable,rustc,nightly-2021-05-06,Release,JerryZ
1787147282347287229,PPS-GC,sender_signaling,message_encryption,sender,769,false,32,2,recipient_bits=16;location_bytes=32,-1,,not_applicable,not_applicable,unavailable,rustc,nightly-2021-05-06,Release,JerryZ
1787147282348666672,PPS-GC,sender_signaling,pps_gc_sender_total_signaling,sender,769,false,32,2,recipient_bits=16;location_bytes=32,10350,68,measured,ok,unavailable,rustc,nightly-2021-05-06,Release,JerryZ
1787147282349740787,PPS-GC,sender_signaling,pps_gc_share_generation,sender,770,false,32,2,recipient_bits=16;location_bytes=32,9560,68,measured,ok,unavailable,rustc,nightly-2021-05-06,Release,JerryZ
1787147282350770105,PPS-GC,sender_signaling,pps_gc_sender_preparation,sender,770,false,32,2,recipient_bits=16;location_bytes=32,147,68,measured,ok,unavailable,rustc,nightly-2021-05-06,Release,JerryZ
1787147282351806741,PPS-GC,sender_signaling,message_encryption,sender,770,false,32,2,recipient_bits=16;location_bytes=32,-1,,not_applicable,not_applicable,unavailable,rustc,nightly-2021-05-06,Release,JerryZ
1787147282353286766,PPS-GC,sender_signaling,pps_gc_sender_total_signaling,sender,770,false,32,2,recipient_bits=16;location_bytes=32,22124,68,measured,ok,unavailable,rustc,nightly-2021-05-06,Release,JerryZ
1787147282354782830,PPS-GC,sender_signaling,pps_gc_share_generation,sender,771,false,32,2,recipient_bits=16;location_bytes=32,10552,68,measured,ok,unavailable,rustc,nightly-2021-05-06,Release,JerryZ
1787147282356450533,PPS-GC,sender_signaling,pps_gc_sender_preparation,sender,771,false,32,2,recipient_bits=16;location_bytes=32,147,68,measured,ok,unavailable,rustc,nightly-2021-05-06,Release,JerryZ
1787147282357781734,PPS-GC,sender_signaling,message_encryption,sender,771,false,32,2,recipient_bits=16;location_bytes=32,-1,,not_applicable,not_applicable,unavailable,rustc,nightly-2021-05-06,Release,JerryZ
1787147282359683096,PPS-GC,sender_signaling,pps_gc_sender_total_signaling,sender,771,false,32,2,recipient_bits=16;location_bytes=32,11342,68,measured,ok,unavailable,rustc,nightly-2021-05-06,Release,JerryZ
1787147282361024932,PPS-GC,sender_signaling,pps_gc_share_generation,sender,772,false,32,2,recipient_bits=16;location_bytes=32,9964,68,measured,ok,unavailable,rustc,nightly-2021-05-06,Release,JerryZ
1787147282362268974,PPS-GC,sender_signaling,pps_gc_sender_preparation,sender,772,false,32,2,recipient_bits=16;location_bytes=32,331,68,measured,ok,unavailable,rustc,nightly-2021-05-06,Release,JerryZ
1787147282363958764,PPS-GC,sender_signaling,message_encryption,sender,772,false,32,2,recipient_bits=16;location_bytes=32,-1,,not_applicable,not_applicable,unavailable,rustc,nightly-2021-05-06,Release,JerryZ
1787147282365124336,PPS-GC,sender_signaling,pps_gc_sender_total_signaling,sender,772,false,32,2,recipient_bits=16;location_bytes=32,10497,68,measured,ok,unavailable,rustc,nightly-2021-05-06,Release,JerryZ
1787147282366295414,PPS-GC,sender_signaling,pps_gc_share_generation,sender,773,false,32,2,recipient_bits=16;location_bytes=32,9588,68,measured,ok,unavailable,rustc,nightly-2021-05-06,Release,JerryZ
1787147282367402168,PPS-GC,sender_signaling,pps_gc_sender_preparation,sender,773,false,32,2,recipient_bits=16;location_bytes=32,147,68,measured,ok,unavailable,rustc,nightly-2021-05-06,Release,JerryZ
1787147282368624785,PPS-GC,sender_signaling,message_encryption,sender,773,false,32,2,recipient_bits=16;location_bytes=32,-1,,not_applicable,not_applicable,unavailable,rustc,nightly-2021-05-06,Release,JerryZ
1787147282369715100,PPS-GC,sender_signaling,pps_gc_sender_total_signaling,sender,773,false,32,2,recipient_bits=16;location_bytes=32,9826,68,measured,ok,unavailable,rustc,nightly-2021-05-06,Release,JerryZ
1787147282371303144,PPS-GC,sender_signaling,pps_gc_share_generation,sender,774,false,32,2,recipient_bits=16;location_bytes=32,10360,68,measured,ok,unavailable,rustc,nightly-2021-05-06,Release,JerryZ
1787147282372665294,PPS-GC,sender_signaling,pps_gc_sender_preparation,sender,774,false,32,2,recipient_bits=16;location_bytes=32,359,68,measured,ok,unavailable,rustc,nightly-2021-05-06,Release,JerryZ
1787147282374063220,PPS-GC,sender_signaling,message_encryption,sender,774,false,32,2,recipient_bits=16;location_bytes=32,-1,,not_applicable,not_applicable,unavailable,rustc,nightly-2021-05-06,Release,JerryZ
1787147282375191142,PPS-GC,sender_signaling,pps_gc_sender_total_signaling,sender,774,false,32,2,recipient_bits=16;location_bytes=32,10231,68,measured,ok,unavailable,rustc,nightly-2021-05-06,Release,JerryZ
1787147282376327863,PPS-GC,sender_signaling,pps_gc_share_generation,sender,775,false,32,2,recipient_bits=16;location_bytes=32,21261,68,measured,ok,unavailable,rustc,nightly-2021-05-06,Release,JerryZ
1787147282378074465,PPS-GC,sender_signaling,pps_gc_sender_preparation,sender,775,false,32,2,recipient_bits=16;location_bytes=32,257,68,measured,ok,unavailable,rustc,nightly-2021-05-06,Release,JerryZ
1787147282379237621,PPS-GC,sender_signaling,message_encryption,sender,775,false,32,2,recipient_bits=16;location_bytes=32,-1,,not_applicable,not_applicable,unavailable,rustc,nightly-2021-05-06,Release,JerryZ
1787147282380419783,PPS-GC,sender_signaling,pps_gc_sender_total_signaling,sender,775,false,32,2,recipient_bits=16;location_bytes=32,10359,68,measured,ok,unavailable,rustc,nightly-2021-05-06,Release,JerryZ
1787147282381563943,PPS-GC,sender_signaling,pps_gc_share_generation,sender,776,false,32,2,recipient_bits=16;location_bytes=32,9505,68,measured,ok,unavailable,rustc,nightly-2021-05-06,Release,JerryZ
1787147282383028644,PPS-GC,sender_signaling,pps_gc_sender_preparation,sender,776,false,32,2,recipient_bits=16;location_bytes=32,147,68,measured,ok,unavailable,rustc,nightly-2021-05-06,Release,JerryZ
1787147282384120649,PPS-GC,sender_signaling,message_encryption,sender,776,false,32,2,recipient_bits=16;location_bytes=32,-1,,not_applicable,not_applicable,unavailable,rustc,nightly-2021-05-06,Release,JerryZ
1787147282385657158,PPS-GC,sender_signaling,pps_gc_sender_total_signaling,sender,776,false,32,2,recipient_bits=16;location_bytes=32,20691,68,measured,ok,unavailable,rustc,nightly-2021-05-06,Release,JerryZ
1787147282387291961,PPS-GC,sender_signaling,pps_gc_share_generation,sender,777,false,32,2,recipient_bits=16;location_bytes=32,9698,68,measured,ok,unavailable,rustc,nightly-2021-05-06,Release,JerryZ
1787147282389209513,PPS-GC,sender_signaling,pps_gc_sender_preparation,sender,777,false,32,2,recipient_bits=16;location_bytes=32,395,68,measured,ok,unavailable,rustc,nightly-2021-05-06,Release,JerryZ
1787147282390448633,PPS-GC,sender_signaling,message_encryption,sender,777,false,32,2,recipient_bits=16;location_bytes=32,-1,,not_applicable,not_applicable,unavailable,rustc,nightly-2021-05-06,Release,JerryZ
1787147282391609135,PPS-GC,sender_signaling,pps_gc_sender_total_signaling,sender,777,false,32,2,recipient_bits=16;location_bytes=32,21977,68,measured,ok,unavailable,rustc,nightly-2021-05-06,Release,JerryZ
1787147282393274915,PPS-GC,sender_signaling,pps_gc_share_generation,sender,778,false,32,2,recipient_bits=16;location_bytes=32,10396,68,measured,ok,unavailable,rustc,nightly-2021-05-06,Release,JerryZ
1787147282394509397,PPS-GC,sender_signaling,pps_gc_sender_preparation,sender,778,false,32,2,recipient_bits=16;location_bytes=32,578,68,measured,ok,unavailable,rustc,nightly-2021-05-06,Release,JerryZ
1787147282395702801,PPS-GC,sender_signaling,message_encryption,sender,778,false,32,2,recipient_bits=16;location_bytes=32,-1,,not_applicable,not_applicable,unavailable,rustc,nightly-2021-05-06,Release,JerryZ
1787147282396971902,PPS-GC,sender_signaling,pps_gc_sender_total_signaling,sender,778,false,32,2,recipient_bits=16;location_bytes=32,22381,68,measured,ok,unavailable,rustc,nightly-2021-05-06,Release,JerryZ
1787147282398322275,PPS-GC,sender_signaling,pps_gc_share_generation,sender,779,false,32,2,recipient_bits=16;location_bytes=32,9569,68,measured,ok,unavailable,rustc,nightly-2021-05-06,Release,JerryZ
1787147282399465199,PPS-GC,sender_signaling,pps_gc_sender_preparation,sender,779,false,32,2,recipient_bits=16;location_bytes=32,147,68,measured,ok,unavailable,rustc,nightly-2021-05-06,Release,JerryZ
1787147282400929056,PPS-GC,sender_signaling,message_encryption,sender,779,false,32,2,recipient_bits=16;location_bytes=32,-1,,not_applicable,not_applicable,unavailable,rustc,nightly-2021-05-06,Release,JerryZ
1787147282402545844,PPS-GC,sender_signaling,pps_gc_sender_total_signaling,sender,779,false,32,2,recipient_bits=16;location_bytes=32,13353,68,measured,ok,unavailable,rustc,nightly-2021-05-06,Release,JerryZ
1787147282404097189,PPS-GC,sender_signaling,pps_gc_share_generation,sender,780,false,32,2,recipient_bits=16;location_bytes=32,10323,68,measured,ok,unavailable,rustc,nightly-2021-05-06,Release,JerryZ
1787147282405269052,PPS-GC,sender_signaling,pps_gc_sender_preparation,sender,780,false,32,2,recipient_bits=16;location_bytes=32,248,68,measured,ok,unavailable,rustc,nightly-2021-05-06,Release,JerryZ
1787147282406399840,PPS-GC,sender_signaling,message_encryption,sender,780,false,32,2,recipient_bits=16;location_bytes=32,-1,,not_applicable,not_applicable,unavailable,rustc,nightly-2021-05-06,Release,JerryZ
1787147282407867645,PPS-GC,sender_signaling,pps_gc_sender_total_signaling,sender,780,false,32,2,recipient_bits=16;location_bytes=32,22234,68,measured,ok,unavailable,rustc,nightly-2021-05-06,Release,JerryZ
1787147282409319204,PPS-GC,sender_signaling,pps_gc_share_generation,sender,781,false,32,2,recipient_bits=16;location_bytes=32,10029,68,measured,ok,unavailable,rustc,nightly-2021-05-06,Release,JerryZ
1787147282410492210,PPS-GC,sender_signaling,pps_gc_sender_preparation,sender,781,false,32,2,recipient_bits=16;location_bytes=32,220,68,measured,ok,unavailable,rustc,nightly-2021-05-06,Release,JerryZ
1787147282411624523,PPS-GC,sender_signaling,message_encryption,sender,781,false,32,2,recipient_bits=16;location_bytes=32,-1,,not_applicable,not_applicable,unavailable,rustc,nightly-2021-05-06,Release,JerryZ
1787147282413067090,PPS-GC,sender_signaling,pps_gc_sender_total_signaling,sender,781,false,32,2,recipient_bits=16;location_bytes=32,21656,68,measured,ok,unavailable,rustc,nightly-2021-05-06,Release,JerryZ
1787147282414409822,PPS-GC,sender_signaling,pps_gc_share_generation,sender,782,false,32,2,recipient_bits=16;location_bytes=32,21325,68,measured,ok,unavailable,rustc,nightly-2021-05-06,Release,JerryZ
1787147282415872080,PPS-GC,sender_signaling,pps_gc_sender_preparation,sender,782,false,32,2,recipient_bits=16;location_bytes=32,275,68,measured,ok,unavailable,rustc,nightly-2021-05-06,Release,JerryZ
1787147282417852513,PPS-GC,sender_signaling,message_encryption,sender,782,false,32,2,recipient_bits=16;location_bytes=32,-1,,not_applicable,not_applicable,unavailable,rustc,nightly-2021-05-06,Release,JerryZ
1787147282419537212,PPS-GC,sender_signaling,pps_gc_sender_total_signaling,sender,782,false,32,2,recipient_bits=16;location_bytes=32,12012,68,measured,ok,unavailable,rustc,nightly-2021-05-06,Release,JerryZ
1787147282420702586,PPS-GC,sender_signaling,pps_gc_share_generation,sender,783,false,32,2,recipient_bits=16;location_bytes=32,9579,68,measured,ok,unavailable,rustc,nightly-2021-05-06,Release,JerryZ
1787147282421916189,PPS-GC,sender_signaling,pps_gc_sender_preparation,sender,783,false,32,2,recipient_bits=16;location_bytes=32,147,68,measured,ok,unavailable,rustc,nightly-2021-05-06,Release,JerryZ
1787147282423156268,PPS-GC,sender_signaling,message_encryption,sender,783,false,32,2,recipient_bits=16;location_bytes=32,-1,,not_applicable,not_applicable,unavailable,rustc,nightly-2021-05-06,Release,JerryZ
1787147282424379151,PPS-GC,sender_signaling,pps_gc_sender_total_signaling,sender,783,false,32,2,recipient_bits=16;location_bytes=32,10607,68,measured,ok,unavailable,rustc,nightly-2021-05-06,Release,JerryZ
1787147282426024065,PPS-GC,sender_signaling,pps_gc_share_generation,sender,784,false,32,2,recipient_bits=16;location_bytes=32,9569,68,measured,ok,unavailable,rustc,nightly-2021-05-06,Release,JerryZ
1787147282427145541,PPS-GC,sender_signaling,pps_gc_sender_preparation,sender,784,false,32,2,recipient_bits=16;location_bytes=32,147,68,measured,ok,unavailable,rustc,nightly-2021-05-06,Release,JerryZ
1787147282428380662,PPS-GC,sender_signaling,message_encryption,sender,784,false,32,2,recipient_bits=16;location_bytes=32,-1,,not_applicable,not_applicable,unavailable,rustc,nightly-2021-05-06,Release,JerryZ
1787147282429766690,PPS-GC,sender_signaling,pps_gc_sender_total_signaling,sender,784,false,32,2,recipient_bits=16;location_bytes=32,10433,68,measured,ok,unavailable,rustc,nightly-2021-05-06,Release,JerryZ
1787147282431317291,PPS-GC,sender_signaling,pps_gc_share_generation,sender,785,false,32,2,recipient_bits=16;location_bytes=32,11829,68,measured,ok,unavailable,rustc,nightly-2021-05-06,Release,JerryZ
1787147282433525704,PPS-GC,sender_signaling,pps_gc_sender_preparation,sender,785,false,32,2,recipient_bits=16;location_bytes=32,927,68,measured,ok,unavailable,rustc,nightly-2021-05-06,Release,JerryZ
1787147282434927150,PPS-GC,sender_signaling,message_encryption,sender,785,false,32,2,recipient_bits=16;location_bytes=32,-1,,not_applicable,not_applicable,unavailable,rustc,nightly-2021-05-06,Release,JerryZ
1787147282436011818,PPS-GC,sender_signaling,pps_gc_sender_total_signaling,sender,785,false,32,2,recipient_bits=16;location_bytes=32,10598,68,measured,ok,unavailable,rustc,nightly-2021-05-06,Release,JerryZ
1787147282437077126,PPS-GC,sender_signaling,pps_gc_share_generation,sender,786,false,32,2,recipient_bits=16;location_bytes=32,9524,68,measured,ok,unavailable,rustc,nightly-2021-05-06,Release,JerryZ
1787147282438485659,PPS-GC,sender_signaling,pps_gc_sender_preparation,sender,786,false,32,2,recipient_bits=16;location_bytes=32,138,68,measured,ok,unavailable,rustc,nightly-2021-05-06,Release,JerryZ
1787147282439599296,PPS-GC,sender_signaling,message_encryption,sender,786,false,32,2,recipient_bits=16;location_bytes=32,-1,,not_applicable,not_applicable,unavailable,rustc,nightly-2021-05-06,Release,JerryZ
1787147282440654259,PPS-GC,sender_signaling,pps_gc_sender_total_signaling,sender,786,false,32,2,recipient_bits=16;location_bytes=32,10120,68,measured,ok,unavailable,rustc,nightly-2021-05-06,Release,JerryZ
1787147282441772456,PPS-GC,sender_signaling,pps_gc_share_generation,sender,787,false,32,2,recipient_bits=16;location_bytes=32,9532,68,measured,ok,unavailable,rustc,nightly-2021-05-06,Release,JerryZ
1787147282443180746,PPS-GC,sender_signaling,pps_gc_sender_preparation,sender,787,false,32,2,recipient_bits=16;location_bytes=32,147,68,measured,ok,unavailable,rustc,nightly-2021-05-06,Release,JerryZ
1787147282444344197,PPS-GC,sender_signaling,message_encryption,sender,787,false,32,2,recipient_bits=16;location_bytes=32,-1,,not_applicable,not_applicable,unavailable,rustc,nightly-2021-05-06,Release,JerryZ
1787147282445481277,PPS-GC,sender_signaling,pps_gc_sender_total_signaling,sender,787,false,32,2,recipient_bits=16;location_bytes=32,10782,68,measured,ok,unavailable,rustc,nightly-2021-05-06,Release,JerryZ
1787147282447152113,PPS-GC,sender_signaling,pps_gc_share_generation,sender,788,false,32,2,recipient_bits=16;location_bytes=32,12610,68,measured,ok,unavailable,rustc,nightly-2021-05-06,Release,JerryZ
1787147282448906033,PPS-GC,sender_signaling,pps_gc_sender_preparation,sender,788,false,32,2,recipient_bits=16;location_bytes=32,339,68,measured,ok,unavailable,rustc,nightly-2021-05-06,Release,JerryZ
1787147282450585845,PPS-GC,sender_signaling,message_encryption,sender,788,false,32,2,recipient_bits=16;location_bytes=32,-1,,not_applicable,not_applicable,unavailable,rustc,nightly-2021-05-06,Release,JerryZ
1787147282452012387,PPS-GC,sender_signaling,pps_gc_sender_total_signaling,sender,788,false,32,2,recipient_bits=16;location_bytes=32,12811,68,measured,ok,unavailable,rustc,nightly-2021-05-06,Release,JerryZ
1787147282453264034,PPS-GC,sender_signaling,pps_gc_share_generation,sender,789,false,32,2,recipient_bits=16;location_bytes=32,11958,68,measured,ok,unavailable,rustc,nightly-2021-05-06,Release,JerryZ
1787147282454468292,PPS-GC,sender_signaling,pps_gc_sender_preparation,sender,789,false,32,2,recipient_bits=16;location_bytes=32,156,68,measured,ok,unavailable,rustc,nightly-2021-05-06,Release,JerryZ
1787147282455893838,PPS-GC,sender_signaling,message_encryption,sender,789,false,32,2,recipient_bits=16;location_bytes=32,-1,,not_applicable,not_applicable,unavailable,rustc,nightly-2021-05-06,Release,JerryZ
1787147282457082875,PPS-GC,sender_signaling,pps_gc_sender_total_signaling,sender,789,false,32,2,recipient_bits=16;location_bytes=32,9818,68,measured,ok,unavailable,rustc,nightly-2021-05-06,Release,JerryZ
1787147282458188169,PPS-GC,sender_signaling,pps_gc_share_generation,sender,790,false,32,2,recipient_bits=16;location_bytes=32,9515,68,measured,ok,unavailable,rustc,nightly-2021-05-06,Release,JerryZ
1787147282459246423,PPS-GC,sender_signaling,pps_gc_sender_preparation,sender,790,false,32,2,recipient_bits=16;location_bytes=32,147,68,measured,ok,unavailable,rustc,nightly-2021-05-06,Release,JerryZ
1787147282460289929,PPS-GC,sender_signaling,message_encryption,sender,790,false,32,2,recipient_bits=16;location_bytes=32,-1,,not_applicable,not_applicable,unavailable,rustc,nightly-2021-05-06,Release,JerryZ
1787147282461812249,PPS-GC,sender_signaling,pps_gc_sender_total_signaling,sender,790,false,32,2,recipient_bits=16;location_bytes=32,21141,68,measured,ok,unavailable,rustc,nightly-2021-05-06,Release,JerryZ
1787147282463678933,PPS-GC,sender_signaling,pps_gc_share_generation,sender,791,false,32,2,recipient_bits=16;location_bytes=32,11884,68,measured,ok,unavailable,rustc,nightly-2021-05-06,Release,JerryZ
1787147282465095162,PPS-GC,sender_signaling,pps_gc_sender_preparation,sender,791,false,32,2,recipient_bits=16;location_bytes=32,661,68,measured,ok,unavailable,rustc,nightly-2021-05-06,Release,JerryZ
1787147282466345559,PPS-GC,sender_signaling,message_encryption,sender,791,false,32,2,recipient_bits=16;location_bytes=32,-1,,not_applicable,not_applicable,unavailable,rustc,nightly-2021-05-06,Release,JerryZ
1787147282467745354,PPS-GC,sender_signaling,pps_gc_sender_total_signaling,sender,791,false,32,2,recipient_bits=16;location_bytes=32,10157,68,measured,ok,unavailable,rustc,nightly-2021-05-06,Release,JerryZ
1787147282468971052,PPS-GC,sender_signaling,pps_gc_share_generation,sender,792,false,32,2,recipient_bits=16;location_bytes=32,21453,68,measured,ok,unavailable,rustc,nightly-2021-05-06,Release,JerryZ
1787147282470430894,PPS-GC,sender_signaling,pps_gc_sender_preparation,sender,792,false,32,2,recipient_bits=16;location_bytes=32,276,68,measured,ok,unavailable,rustc,nightly-2021-05-06,Release,JerryZ
1787147282471846164,PPS-GC,sender_signaling,message_encryption,sender,792,false,32,2,recipient_bits=16;location_bytes=32,-1,,not_applicable,not_applicable,unavailable,rustc,nightly-2021-05-06,Release,JerryZ
1787147282472916312,PPS-GC,sender_signaling,pps_gc_sender_total_signaling,sender,792,false,32,2,recipient_bits=16;location_bytes=32,9735,68,measured,ok,unavailable,rustc,nightly-2021-05-06,Release,JerryZ
1787147282474210433,PPS-GC,sender_signaling,pps_gc_share_generation,sender,793,false,32,2,recipient_bits=16;location_bytes=32,9552,68,measured,ok,unavailable,rustc,nightly-2021-05-06,Release,JerryZ
1787147282475551920,PPS-GC,sender_signaling,pps_gc_sender_preparation,sender,793,false,32,2,recipient_bits=16;location_bytes=32,147,68,measured,ok,unavailable,rustc,nightly-2021-05-06,Release,JerryZ
1787147282476781709,PPS-GC,sender_signaling,message_encryption,sender,793,false,32,2,recipient_bits=16;location_bytes=32,-1,,not_applicable,not_applicable,unavailable,rustc,nightly-2021-05-06,Release,JerryZ
1787147282478593400,PPS-GC,sender_signaling,pps_gc_sender_total_signaling,sender,793,false,32,2,recipient_bits=16;location_bytes=32,11443,68,measured,ok,unavailable,rustc,nightly-2021-05-06,Release,JerryZ
1787147282480281257,PPS-GC,sender_signaling,pps_gc_share_generation,sender,794,false,32,2,recipient_bits=16;location_bytes=32,12407,68,measured,ok,unavailable,rustc,nightly-2021-05-06,Release,JerryZ
1787147282481695650,PPS-GC,sender_signaling,pps_gc_sender_preparation,sender,794,false,32,2,recipient_bits=16;location_bytes=32,633,68,measured,ok,unavailable,rustc,nightly-2021-05-06,Release,JerryZ
1787147282482790437,PPS-GC,sender_signaling,message_encryption,sender,794,false,32,2,recipient_bits=16;location_bytes=32,-1,,not_applicable,not_applicable,unavailable,rustc,nightly-2021-05-06,Release,JerryZ
1787147282483853615,PPS-GC,sender_signaling,pps_gc_sender_total_signaling,sender,794,false,32,2,recipient_bits=16;location_bytes=32,16972,68,measured,ok,unavailable,rustc,nightly-2021-05-06,Release,JerryZ
1787147282485071658,PPS-GC,sender_signaling,pps_gc_share_generation,sender,795,false,32,2,recipient_bits=16;location_bytes=32,9909,68,measured,ok,unavailable,rustc,nightly-2021-05-06,Release,JerryZ
1787147282486543119,PPS-GC,sender_signaling,pps_gc_sender_preparation,sender,795,false,32,2,recipient_bits=16;location_bytes=32,147,68,measured,ok,unavailable,rustc,nightly-2021-05-06,Release,JerryZ
1787147282487596360,PPS-GC,sender_signaling,message_encryption,sender,795,false,32,2,recipient_bits=16;location_bytes=32,-1,,not_applicable,not_applicable,unavailable,rustc,nightly-2021-05-06,Release,JerryZ
1787147282488716302,PPS-GC,sender_signaling,pps_gc_sender_total_signaling,sender,795,false,32,2,recipient_bits=16;location_bytes=32,9965,68,measured,ok,unavailable,rustc,nightly-2021-05-06,Release,JerryZ
1787147282489966402,PPS-GC,sender_signaling,pps_gc_share_generation,sender,796,false,32,2,recipient_bits=16;location_bytes=32,21637,68,measured,ok,unavailable,rustc,nightly-2021-05-06,Release,JerryZ
1787147282491622341,PPS-GC,sender_signaling,pps_gc_sender_preparation,sender,796,false,32,2,recipient_bits=16;location_bytes=32,285,68,measured,ok,unavailable,rustc,nightly-2021-05-06,Release,JerryZ
1787147282492826269,PPS-GC,sender_signaling,message_encryption,sender,796,false,32,2,recipient_bits=16;location_bytes=32,-1,,not_applicable,not_applicable,unavailable,rustc,nightly-2021-05-06,Release,JerryZ
1787147282494069067,PPS-GC,sender_signaling,pps_gc_sender_total_signaling,sender,796,false,32,2,recipient_bits=16;location_bytes=32,10791,68,measured,ok,unavailable,rustc,nightly-2021-05-06,Release,JerryZ
1787147282495600327,PPS-GC,sender_signaling,pps_gc_share_generation,sender,797,false,32,2,recipient_bits=16;location_bytes=32,10111,68,measured,ok,unavailable,rustc,nightly-2021-05-06,Release,JerryZ
1787147282497022406,PPS-GC,sender_signaling,pps_gc_sender_preparation,sender,797,false,32,2,recipient_bits=16;location_bytes=32,689,68,measured,ok,unavailable,rustc,nightly-2021-05-06,Release,JerryZ
1787147282498286901,PPS-GC,sender_signaling,message_encryption,sender,797,false,32,2,recipient_bits=16;location_bytes=32,-1,,not_applicable,not_applicable,unavailable,rustc,nightly-2021-05-06,Release,JerryZ
1787147282499565180,PPS-GC,sender_signaling,pps_gc_sender_total_signaling,sender,797,false,32,2,recipient_bits=16;location_bytes=32,23005,68,measured,ok,unavailable,rustc,nightly-2021-05-06,Release,JerryZ
1787147282501094700,PPS-GC,sender_signaling,pps_gc_share_generation,sender,798,false,32,2,recipient_bits=16;location_bytes=32,10084,68,measured,ok,unavailable,rustc,nightly-2021-05-06,Release,JerryZ
1787147282502276247,PPS-GC,sender_signaling,pps_gc_sender_preparation,sender,798,false,32,2,recipient_bits=16;location_bytes=32,156,68,measured,ok,unavailable,rustc,nightly-2021-05-06,Release,JerryZ
1787147282503375462,PPS-GC,sender_signaling,message_encryption,sender,798,false,32,2,recipient_bits=16;location_bytes=32,-1,,not_applicable,not_applicable,unavailable,rustc,nightly-2021-05-06,Release,JerryZ
1787147282504408553,PPS-GC,sender_signaling,pps_gc_sender_total_signaling,sender,798,false,32,2,recipient_bits=16;location_bytes=32,9671,68,measured,ok,unavailable,rustc,nightly-2021-05-06,Release,JerryZ
1787147282505477948,PPS-GC,sender_signaling,pps_gc_share_generation,sender,799,false,32,2,recipient_bits=16;location_bytes=32,9533,68,measured,ok,unavailable,rustc,nightly-2021-05-06,Release,JerryZ
1787147282506680741,PPS-GC,sender_signaling,pps_gc_sender_preparation,sender,799,false,32,2,recipient_bits=16;location_bytes=32,146,68,measured,ok,unavailable,rustc,nightly-2021-05-06,Release,JerryZ
1787147282508244416,PPS-GC,sender_signaling,message_encryption,sender,799,false,32,2,recipient_bits=16;location_bytes=32,-1,,not_applicable,not_applicable,unavailable,rustc,nightly-2021-05-06,Release,JerryZ
1787147282510020873,PPS-GC,sender_signaling,pps_gc_sender_total_signaling,sender,799,false,32,2,recipient_bits=16;location_bytes=32,13785,68,measured,ok,unavailable,rustc,nightly-2021-05-06,Release,JerryZ
1787147282511332462,PPS-GC,sender_signaling,pps_gc_share_generation,sender,800,false,32,2,recipient_bits=16;location_bytes=32,11920,68,measured,ok,unavailable,rustc,nightly-2021-05-06,Release,JerryZ
1787147282512559395,PPS-GC,sender_signaling,pps_gc_sender_preparation,sender,800,false,32,2,recipient_bits=16;location_bytes=32,570,68,measured,ok,unavailable,rustc,nightly-2021-05-06,Release,JerryZ
1787147282513725100,PPS-GC,sender_signaling,message_encryption,sender,800,false,32,2,recipient_bits=16;location_bytes=32,-1,,not_applicable,not_applicable,unavailable,rustc,nightly-2021-05-06,Release,JerryZ
1787147282515037686,PPS-GC,sender_signaling,pps_gc_sender_total_signaling,sender,800,false,32,2,recipient_bits=16;location_bytes=32,10175,68,measured,ok,unavailable,rustc,nightly-2021-05-06,Release,JerryZ
1787147282516160282,PPS-GC,sender_signaling,pps_gc_share_generation,sender,801,false,32,2,recipient_bits=16;location_bytes=32,9661,68,measured,ok,unavailable,rustc,nightly-2021-05-06,Release,JerryZ
1787147282517297182,PPS-GC,sender_signaling,pps_gc_sender_preparation,sender,801,false,32,2,recipient_bits=16;location_bytes=32,330,68,measured,ok,unavailable,rustc,nightly-2021-05-06,Release,JerryZ
1787147282518512406,PPS-GC,sender_signaling,message_encryption,sender,801,false,32,2,recipient_bits=16;location_bytes=32,-1,,not_applicable,not_applicable,unavailable,rustc,nightly-2021-05-06,Release,JerryZ
1787147282519812612,PPS-GC,sender_signaling,pps_gc_sender_total_signaling,sender,801,false,32,2,recipient_bits=16;location_bytes=32,10011,68,measured,ok,unavailable,rustc,nightly-2021-05-06,Release,JerryZ
1787147282520862909,PPS-GC,sender_signaling,pps_gc_share_generation,sender,802,false,32,2,recipient_bits=16;location_bytes=32,9533,68,measured,ok,unavailable,rustc,nightly-2021-05-06,Release,JerryZ
1787147282522073973,PPS-GC,sender_signaling,pps_gc_sender_preparation,sender,802,false,32,2,recipient_bits=16;location_bytes=32,147,68,measured,ok,unavailable,rustc,nightly-2021-05-06,Release,JerryZ
1787147282524079092,PPS-GC,sender_signaling,message_encryption,sender,802,false,32,2,recipient_bits=16;location_bytes=32,-1,,not_applicable,not_applicable,unavailable,rustc,nightly-2021-05-06,Release,JerryZ
1787147282525388615,PPS-GC,sender_signaling,pps_gc_sender_total_signaling,sender,802,false,32,2,recipient_bits=16;location_bytes=32,12114,68,measured,ok,unavailable,rustc,nightly-2021-05-06,Release,JerryZ
1787147282526521708,PPS-GC,sender_signaling,pps_gc_share_generation,sender,803,false,32,2,recipient_bits=16;location_bytes=32,9818,68,measured,ok,unavailable,rustc,nightly-2021-05-06,Release,JerryZ
1787147282527643924,PPS-GC,sender_signaling,pps_gc_sender_preparation,sender,803,false,32,2,recipient_bits=16;location_bytes=32,137,68,measured,ok,unavailable,rustc,nightly-2021-05-06,Release,JerryZ
1787147282528727705,PPS-GC,sender_signaling,message_encryption,sender,803,false,32,2,recipient_bits=16;location_bytes=32,-1,,not_applicable,not_applicable,unavailable,rustc,nightly-2021-05-06,Release,JerryZ
1787147282529920029,PPS-GC,sender_signaling,pps_gc_sender_total_signaling,sender,803,false,32,2,recipient_bits=16;location_bytes=32,9918,68,measured,ok,unavailable,rustc,nightly-2021-05-06,Release,JerryZ
1787147282531306167,PPS-GC,sender_signaling,pps_gc_share_generation,sender,804,false,32,2,recipient_bits=16;location_bytes=32,9918,68,measured,ok,unavailable,rustc,nightly-2021-05-06,Release,JerryZ
1787147282532492765,PPS-GC,sender_signaling,pps_gc_sender_preparation,sender,804,false,32,2,recipient_bits=16;location_bytes=32,147,68,measured,ok,unavailable,rustc,nightly-2021-05-06,Release,JerryZ
1787147282533907378,PPS-GC,sender_signaling,message_encryption,sender,804,false,32,2,recipient_bits=16;location_bytes=32,-1,,not_applicable,not_applicable,unavailable,rustc,nightly-2021-05-06,Release,JerryZ
1787147282535120490,PPS-GC,sender_signaling,pps_gc_sender_total_signaling,sender,804,false,32,2,recipient_bits=16;location_bytes=32,10249,68,measured,ok,unavailable,rustc,nightly-2021-05-06,Release,JerryZ
1787147282536272117,PPS-GC,sender_signaling,pps_gc_share_generation,sender,805,false,32,2,recipient_bits=16;location_bytes=32,9955,68,measured,ok,unavailable,rustc,nightly-2021-05-06,Release,JerryZ
1787147282538151227,PPS-GC,sender_signaling,pps_gc_sender_preparation,sender,805,false,32,2,recipient_bits=16;location_bytes=32,138,68,measured,ok,unavailable,rustc,nightly-2021-05-06,Release,JerryZ
1787147282539787241,PPS-GC,sender_signaling,message_encryption,sender,805,false,32,2,recipient_bits=16;location_bytes=32,-1,,not_applicable,not_applicable,unavailable,rustc,nightly-2021-05-06,Release,JerryZ
1787147282541390874,PPS-GC,sender_signaling,pps_gc_sender_total_signaling,sender,805,false,32,2,recipient_bits=16;location_bytes=32,13482,68,measured,ok,unavailable,rustc,nightly-2021-05-06,Release,JerryZ
1787147282542620002,PPS-GC,sender_signaling,pps_gc_share_generation,sender,806,false,32,2,recipient_bits=16;location_bytes=32,9992,68,measured,ok,unavailable,rustc,nightly-2021-05-06,Release,JerryZ
1787147282543963000,PPS-GC,sender_signaling,pps_gc_sender_preparation,sender,806,false,32,2,recipient_bits=16;location_bytes=32,147,68,measured,ok,unavailable,rustc,nightly-2021-05-06,Release,JerryZ
1787147282545107288,PPS-GC,sender_signaling,message_encryption,sender,806,false,32,2,recipient_bits=16;location_bytes=32,-1,,not_applicable,not_applicable,unavailable,rustc,nightly-2021-05-06,Release,JerryZ
1787147282546528761,PPS-GC,sender_signaling,pps_gc_sender_total_signaling,sender,806,false,32,2,recipient_bits=16;location_bytes=32,11590,68,measured,ok,unavailable,rustc,nightly-2021-05-06,Release,JerryZ
1787147282547713954,PPS-GC,sender_signaling,pps_gc_share_generation,sender,807,false,32,2,recipient_bits=16;location_bytes=32,9762,68,measured,ok,unavailable,rustc,nightly-2021-05-06,Release,JerryZ
1787147282549240104,PPS-GC,sender_signaling,pps_gc_sender_preparation,sender,807,false,32,2,recipient_bits=16;location_bytes=32,147,68,measured,ok,unavailable,rustc,nightly-2021-05-06,Release,JerryZ
1787147282550711284,PPS-GC,sender_signaling,message_encryption,sender,807,false,32,2,recipient_bits=16;location_bytes=32,-1,,not_applicable,not_applicable,unavailable,rustc,nightly-2021-05-06,Release,JerryZ
1787147282551880671,PPS-GC,sender_signaling,pps_gc_sender_total_signaling,sender,807,false,32,2,recipient_bits=16;location_bytes=32,10562,68,measured,ok,unavailable,rustc,nightly-2021-05-06,Release,JerryZ
1787147282553652661,PPS-GC,sender_signaling,pps_gc_share_generation,sender,808,false,32,2,recipient_bits=16;location_bytes=32,56682,68,measured,ok,unavailable,rustc,nightly-2021-05-06,Release,JerryZ
1787147282555226947,PPS-GC,sender_signaling,pps_gc_sender_preparation,sender,808,false,32,2,recipient_bits=16;location_bytes=32,835,68,measured,ok,unavailable,rustc,nightly-2021-05-06,Release,JerryZ
1787147282556594245,PPS-GC,sender_signaling,message_encryption,sender,808,false,32,2,recipient_bits=16;location_bytes=32,-1,,not_applicable,not_applicable,unavailable,rustc,nightly-2021-05-06,Release,JerryZ
1787147282557835275,PPS-GC,sender_signaling,pps_gc_sender_total_signaling,sender,808,false,32,2,recipient_bits=16;location_bytes=32,10534,68,measured,ok,unavailable,rustc,nightly-2021-05-06,Release,JerryZ
1787147282558975872,PPS-GC,sender_signaling,pps_gc_share_generation,sender,809,false,32,2,recipient_bits=16;location_bytes=32,9809,68,measured,ok,unavailable,rustc,nightly-2021-05-06,Release,JerryZ
1787147282560101894,PPS-GC,sender_signaling,pps_gc_sender_preparation,sender,809,false,32,2,recipient_bits=16;location_bytes=32,128,68,measured,ok,unavailable,rustc,nightly-2021-05-06,Release,JerryZ
1787147282561684854,PPS-GC,sender_signaling,message_encryption,sender,809,false,32,2,recipient_bits=16;location_bytes=32,-1,,not_applicable,not_applicable,unavailable,rustc,nightly-2021-05-06,Release,JerryZ
1787147282562842909,PPS-GC,sender_signaling,pps_gc_sender_total_signaling,sender,809,false,32,2,recipient_bits=16;location_bytes=32,9919,68,measured,ok,unavailable,rustc,nightly-2021-05-06,Release,JerryZ
1787147282564031706,PPS-GC,sender_signaling,pps_gc_share_generation,sender,810,false,32,2,recipient_bits=16;location_bytes=32,21821,68,measured,ok,unavailable,rustc,nightly-2021-05-06,Release,JerryZ
1787147282565394086,PPS-GC,sender_signaling,pps_gc_sender_preparation,sender,810,false,32,2,recipient_bits=16;location_bytes=32,285,68,measured,ok,unavailable,rustc,nightly-2021-05-06,Release,JerryZ
1787147282566656873,PPS-GC,sender_signaling,message_encryption,sender,810,false,32,2,recipient_bits=16;location_bytes=32,-1,,not_applicable,not_applicable,unavailable,rustc,nightly-2021-05-06,Release,JerryZ
1787147282568517233,PPS-GC,sender_signaling,pps_gc_sender_total_signaling,sender,810,false,32,2,recipient_bits=16;location_bytes=32,14391,68,measured,ok,unavailable,rustc,nightly-2021-05-06,Release,JerryZ
1787147282569974188,PPS-GC,sender_signaling,pps_gc_share_generation,sender,811,false,32,2,recipient_bits=16;location_bytes=32,10387,68,measured,ok,unavailable,rustc,nightly-2021-05-06,Release,JerryZ
1787147282571464369,PPS-GC,sender_signaling,pps_gc_sender_preparation,sender,811,false,32,2,recipient_bits=16;location_bytes=32,533,68,measured,ok,unavailable,rustc,nightly-2021-05-06,Release,JerryZ
1787147282572619563,PPS-GC,sender_signaling,message_encryption,sender,811,false,32,2,recipient_bits=16;location_bytes=32,-1,,not_applicable,not_applicable,unavailable,rustc,nightly-2021-05-06,Release,JerryZ
1787147282574049871,PPS-GC,sender_signaling,pps_gc_sender_total_signaling,sender,811,false,32,2,recipient_bits=16;location_bytes=32,10176,68,measured,ok,unavailable,rustc,nightly-2021-05-06,Release,JerryZ
1787147282575231858,PPS-GC,sender_signaling,pps_gc_share_generation,sender,812,false,32,2,recipient_bits=16;location_bytes=32,9523,68,measured,ok,unavailable,rustc,nightly-2021-05-06,Release,JerryZ
1787147282576513384,PPS-GC,sender_signaling,pps_gc_sender_preparation,sender,812,false,32,2,recipient_bits=16;location_bytes=32,138,68,measured,ok,unavailable,rustc,nightly-2021-05-06,Release,JerryZ
1787147282578083152,PPS-GC,sender_signaling,message_encryption,sender,812,false,32,2,recipient_bits=16;location_bytes=32,-1,,not_applicable,not_applicable,unavailable,rustc,nightly-2021-05-06,Release,JerryZ
1787147282579311031,PPS-GC,sender_signaling,pps_gc_sender_total_signaling,sender,812,false,32,2,recipient_bits=16;location_bytes=32,10268,68,measured,ok,unavailable,rustc,nightly-2021-05-06,Release,JerryZ
1787147282580573469,PPS-GC,sender_signaling,pps_gc_share_generation,sender,813,false,32,2,recipient_bits=16;location_bytes=32,21591,68,measured,ok,unavailable,rustc,nightly-2021-05-06,Release,JerryZ
1787147282581898439,PPS-GC,sender_signaling,pps_gc_sender_preparation,sender,813,false,32,2,recipient_bits=16;location_bytes=32,441,68,measured,ok,unavailable,rustc,nightly-2021-05-06,Release,JerryZ
1787147282583131323,PPS-GC,sender_signaling,message_encryption,sender,813,false,32,2,recipient_bits=16;location_bytes=32,-1,,not_applicable,not_applicable,unavailable,rustc,nightly-2021-05-06,Release,JerryZ
1787147282584949167,PPS-GC,sender_signaling,pps_gc_sender_total_signaling,sender,813,false,32,2,recipient_bits=16;location_bytes=32,16972,68,measured,ok,unavailable,rustc,nightly-2021-05-06,Release,JerryZ
1787147282586757626,PPS-GC,sender_signaling,pps_gc_share_generation,sender,814,false,32,2,recipient_bits=16;location_bytes=32,10093,68,measured,ok,unavailable,rustc,nightly-2021-05-06,Release,JerryZ
1787147282588000906,PPS-GC,sender_signaling,pps_gc_sender_preparation,sender,814,false,32,2,recipient_bits=16;location_bytes=32,230,68,measured,ok,unavailable,rustc,nightly-2021-05-06,Release,JerryZ
1787147282589138104,PPS-GC,sender_signaling,message_encryption,sender,814,false,32,2,recipient_bits=16;location_bytes=32,-1,,not_applicable,not_applicable,unavailable,rustc,nightly-2021-05-06,Release,JerryZ
1787147282590381247,PPS-GC,sender_signaling,pps_gc_sender_total_signaling,sender,814,false,32,2,recipient_bits=16;location_bytes=32,9707,68,measured,ok,unavailable,rustc,nightly-2021-05-06,Release,JerryZ
1787147282591573842,PPS-GC,sender_signaling,pps_gc_share_generation,sender,815,false,32,2,recipient_bits=16;location_bytes=32,9533,68,measured,ok,unavailable,rustc,nightly-2021-05-06,Release,JerryZ
1787147282592963571,PPS-GC,sender_signaling,pps_gc_sender_preparation,sender,815,false,32,2,recipient_bits=16;location_bytes=32,147,68,measured,ok,unavailable,rustc,nightly-2021-05-06,Release,JerryZ
1787147282594353364,PPS-GC,sender_signaling,message_encryption,sender,815,false,32,2,recipient_bits=16;location_bytes=32,-1,,not_applicable,not_applicable,unavailable,rustc,nightly-2021-05-06,Release,JerryZ
1787147282595523758,PPS-GC,sender_signaling,pps_gc_sender_total_signaling,sender,815,false,32,2,recipient_bits=16;location_bytes=32,9734,68,measured,ok,unavailable,rustc,nightly-2021-05-06,Release,JerryZ
1787147282596708652,PPS-GC,sender_signaling,pps_gc_share_generation,sender,816,false,32,2,recipient_bits=16;location_bytes=32,21398,68,measured,ok,unavailable,rustc,nightly-2021-05-06,Release,JerryZ
1787147282598277786,PPS-GC,sender_signaling,pps_gc_sender_preparation,sender,816,false,32,2,recipient_bits=16;location_bytes=32,284,68,measured,ok,unavailable,rustc,nightly-2021-05-06,Release,JerryZ
1787147282599590023,PPS-GC,sender_signaling,message_encryption,sender,816,false,32,2,recipient_bits=16;location_bytes=32,-1,,not_applicable,not_applicable,unavailable,rustc,nightly-2021-05-06,Release,JerryZ
1787147282601988713,PPS-GC,sender_signaling,pps_gc_sender_total_signaling,sender,816,false,32,2,recipient_bits=16;location_bytes=32,28368,68,measured,ok,unavailable,rustc,nightly-2021-05-06,Release,JerryZ
1787147282603785255,PPS-GC,sender_signaling,pps_gc_share_generation,sender,817,false,32,2,recipient_bits=16;location_bytes=32,12812,68,measured,ok,unavailable,rustc,nightly-2021-05-06,Release,JerryZ
1787147282605646911,PPS-GC,sender_signaling,pps_gc_sender_preparation,sender,817,false,32,2,recipient_bits=16;location_bytes=32,1056,68,measured,ok,unavailable,rustc,nightly-2021-05-06,Release,JerryZ
1787147282606993697,PPS-GC,sender_signaling,message_encryption,sender,817,false,32,2,recipient_bits=16;location_bytes=32,-1,,not_applicable,not_applicable,unavailable,rustc,nightly-2021-05-06,Release,JerryZ
1787147282608453829,PPS-GC,sender_signaling,pps_gc_sender_total_signaling,sender,817,false,32,2,recipient_bits=16;location_bytes=32,11618,68,measured,ok,unavailable,rustc,nightly-2021-05-06,Release,JerryZ
1787147282610246734,PPS-GC,sender_signaling,pps_gc_share_generation,sender,818,false,32,2,recipient_bits=16;location_bytes=32,10304,68,measured,ok,unavailable,rustc,nightly-2021-05-06,Release,JerryZ
1787147282611604826,PPS-GC,sender_signaling,pps_gc_sender_preparation,sender,818,false,32,2,recipient_bits=16;location_bytes=32,560,68,measured,ok,unavailable,rustc,nightly-2021-05-06,Release,JerryZ
1787147282612891100,PPS-GC,sender_signaling,message_encryption,sender,818,false,32,2,recipient_bits=16;location_bytes=32,-1,,not_applicable,not_applicable,unavailable,rustc,nightly-2021-05-06,Release,JerryZ
1787147282614353022,PPS-GC,sender_signaling,pps_gc_sender_total_signaling,sender,818,false,32,2,recipient_bits=16;location_bytes=32,11480,68,measured,ok,unavailable,rustc,nightly-2021-05-06,Release,JerryZ
1787147282615778554,PPS-GC,sender_signaling,pps_gc_share_generation,sender,819,false,32,2,recipient_bits=16;location_bytes=32,9891,68,measured,ok,unavailable,rustc,nightly-2021-05-06,Release,JerryZ
1787147282617236772,PPS-GC,sender_signaling,pps_gc_sender_preparation,sender,819,false,32,2,recipient_bits=16;location_bytes=32,376,68,measured,ok,unavailable,rustc,nightly-2021-05-06,Release,JerryZ
1787147282618902790,PPS-GC,sender_signaling,message_encryption,sender,819,false,32,2,recipient_bits=16;location_bytes=32,-1,,not_applicable,not_applicable,unavailable,rustc,nightly-2021-05-06,Release,JerryZ
1787147282620133902,PPS-GC,sender_signaling,pps_gc_sender_total_signaling,sender,819,false,32,2,recipient_bits=16;location_bytes=32,22344,68,measured,ok,unavailable,rustc,nightly-2021-05-06,Release,JerryZ
1787147282621295134,PPS-GC,sender_signaling,pps_gc_share_generation,sender,820,false,32,2,recipient_bits=16;location_bytes=32,10010,68,measured,ok,unavailable,rustc,nightly-2021-05-06,Release,JerryZ
1787147282622583328,PPS-GC,sender_signaling,pps_gc_sender_preparation,sender,820,false,32,2,recipient_bits=16;location_bytes=32,147,68,measured,ok,unavailable,rustc,nightly-2021-05-06,Release,JerryZ
1787147282623698504,PPS-GC,sender_signaling,message_encryption,sender,820,false,32,2,recipient_bits=16;location_bytes=32,-1,,not_applicable,not_applicable,unavailable,rustc,nightly-2021-05-06,Release,JerryZ
1787147282625106726,PPS-GC,sender_signaling,pps_gc_sender_total_signaling,sender,820,false,32,2,recipient_bits=16;location_bytes=32,9974,68,measured,ok,unavailable,rustc,nightly-2021-05-06,Release,JerryZ
1787147282626280577,PPS-GC,sender_signaling,pps_gc_share_generation,sender,821,false,32,2,recipient_bits=16;location_bytes=32,9597,68,measured,ok,unavailable,rustc,nightly-2021-05-06,Release,JerryZ
1787147282627392869,PPS-GC,sender_signaling,pps_gc_sender_preparation,sender,821,false,32,2,recipient_bits=16;location_bytes=32,138,68,measured,ok,unavailable,rustc,nightly-2021-05-06,Release,JerryZ
1787147282628677352,PPS-GC,sender_signaling,message_encryption,sender,821,false,32,2,recipient_bits=16;location_bytes=32,-1,,not_applicable,not_applicable,unavailable,rustc,nightly-2021-05-06,Release,JerryZ
1787147282630905077,PPS-GC,sender_signaling,pps_gc_sender_total_signaling,sender,821,false,32,2,recipient_bits=16;location_bytes=32,18212,68,measured,ok,unavailable,rustc,nightly-2021-05-06,Release,JerryZ
1787147282632470019,PPS-GC,sender_signaling,pps_gc_share_generation,sender,822,false,32,2,recipient_bits=16;location_bytes=32,9937,68,measured,ok,unavailable,rustc,nightly-2021-05-06,Release,JerryZ
1787147282633915613,PPS-GC,sender_signaling,pps_gc_sender_preparation,sender,822,false,32,2,recipient_bits=16;location_bytes=32,202,68,measured,ok,unavailable,rustc,nightly-2021-05-06,Release,JerryZ
1787147282635191721,PPS-GC,sender_signaling,message_encryption,sender,822,false,32,2,recipient_bits=16;location_bytes=32,-1,,not_applicable,not_applicable,unavailable,rustc,nightly-2021-05-06,Release,JerryZ
1787147282636869797,PPS-GC,sender_signaling,pps_gc_sender_total_signaling,sender,822,false,32,2,recipient_bits=16;location_bytes=32,11664,68,measured,ok,unavailable,rustc,nightly-2021-05-06,Release,JerryZ
1787147282638501942,PPS-GC,sender_signaling,pps_gc_share_generation,sender,823,false,32,2,recipient_bits=16;location_bytes=32,14906,68,measured,ok,unavailable,rustc,nightly-2021-05-06,Release,JerryZ
1787147282640074739,PPS-GC,sender_signaling,pps_gc_sender_preparation,sender,823,false,32,2,recipient_bits=16;location_bytes=32,1846,68,measured,ok,unavailable,rustc,nightly-2021-05-06,Release,JerryZ
1787147282641587921,PPS-GC,sender_signaling,message_encryption,sender,823,false,32,2,recipient_bits=16;location_bytes=32,-1,,not_applicable,not_applicable,unavailable,rustc,nightly-2021-05-06,Release,JerryZ
1787147282642800620,PPS-GC,sender_signaling,pps_gc_sender_total_signaling,sender,823,false,32,2,recipient_bits=16;location_bytes=32,10644,68,measured,ok,unavailable,rustc,nightly-2021-05-06,Release,JerryZ
1787147282643987580,PPS-GC,sender_signaling,pps_gc_share_generation,sender,824,false,32,2,recipient_bits=16;location_bytes=32,21536,68,measured,ok,unavailable,rustc,nightly-2021-05-06,Release,JerryZ
1787147282645443846,PPS-GC,sender_signaling,pps_gc_sender_preparation,sender,824,false,32,2,recipient_bits=16;location_bytes=32,349,68,measured,ok,unavailable,rustc,nightly-2021-05-06,Release,JerryZ
1787147282646921524,PPS-GC,sender_signaling,message_encryption,sender,824,false,32,2,recipient_bits=16;location_bytes=32,-1,,not_applicable,not_applicable,unavailable,rustc,nightly-2021-05-06,Release,JerryZ
1787147282648519876,PPS-GC,sender_signaling,pps_gc_sender_total_signaling,sender,824,false,32,2,recipient_bits=16;location_bytes=32,12812,68,measured,ok,unavailable,rustc,nightly-2021-05-06,Release,JerryZ
1787147282650074054,PPS-GC,sender_signaling,pps_gc_share_generation,sender,825,false,32,2,recipient_bits=16;location_bytes=32,9855,68,measured,ok,unavailable,rustc,nightly-2021-05-06,Release,JerryZ
1787147282651200834,PPS-GC,sender_signaling,pps_gc_sender_preparation,sender,825,false,32,2,recipient_bits=16;location_bytes=32,137,68,measured,ok,unavailable,rustc,nightly-2021-05-06,Release,JerryZ
1787147282652489468,PPS-GC,sender_signaling,message_encryption,sender,825,false,32,2,recipient_bits=16;location_bytes=32,-1,,not_applicable,not_applicable,unavailable,rustc,nightly-2021-05-06,Release,JerryZ
1787147282653890792,PPS-GC,sender_signaling,pps_gc_sender_total_signaling,sender,825,false,32,2,recipient_bits=16;location_bytes=32,10323,68,measured,ok,unavailable,rustc,nightly-2021-05-06,Release,JerryZ
1787147282655043249,PPS-GC,sender_signaling,pps_gc_share_generation,sender,826,false,32,2,recipient_bits=16;location_bytes=32,9514,68,measured,ok,unavailable,rustc,nightly-2021-05-06,Release,JerryZ
1787147282656397327,PPS-GC,sender_signaling,pps_gc_sender_preparation,sender,826,false,32,2,recipient_bits=16;location_bytes=32,138,68,measured,ok,unavailable,rustc,nightly-2021-05-06,Release,JerryZ
1787147282657586616,PPS-GC,sender_signaling,message_encryption,sender,826,false,32,2,recipient_bits=16;location_bytes=32,-1,,not_applicable,not_applicable,unavailable,rustc,nightly-2021-05-06,Release,JerryZ
1787147282658863022,PPS-GC,sender_signaling,pps_gc_sender_total_signaling,sender,826,false,32,2,recipient_bits=16;location_bytes=32,9716,68,measured,ok,unavailable,rustc,nightly-2021-05-06,Release,JerryZ
1787147282660135497,PPS-GC,sender_signaling,pps_gc_share_generation,sender,827,false,32,2,recipient_bits=16;location_bytes=32,21564,68,measured,ok,unavailable,rustc,nightly-2021-05-06,Release,JerryZ
1787147282662938429,PPS-GC,sender_signaling,pps_gc_sender_preparation,sender,827,false,32,2,recipient_bits=16;location_bytes=32,459,68,measured,ok,unavailable,rustc,nightly-2021-05-06,Release,JerryZ
1787147282664803377,PPS-GC,sender_signaling,message_encryption,sender,827,false,32,2,recipient_bits=16;location_bytes=32,-1,,not_applicable,not_applicable,unavailable,rustc,nightly-2021-05-06,Release,JerryZ
1787147282666242460,PPS-GC,sender_signaling,pps_gc_sender_total_signaling,sender,827,false,32,2,recipient_bits=16;location_bytes=32,10883,68,measured,ok,unavailable,rustc,nightly-2021-05-06,Release,JerryZ
1787147282667928517,PPS-GC,sender_signaling,pps_gc_share_generation,sender,828,false,32,2,recipient_bits=16;location_bytes=32,10497,68,measured,ok,unavailable,rustc,nightly-2021-05-06,Release,JerryZ
1787147282669242035,PPS-GC,sender_signaling,pps_gc_sender_preparation,sender,828,false,32,2,recipient_bits=16;location_bytes=32,679,68,measured,ok,unavailable,rustc,nightly-2021-05-06,Release,JerryZ
1787147282670552706,PPS-GC,sender_signaling,message_encryption,sender,828,false,32,2,recipient_bits=16;location_bytes=32,-1,,not_applicable,not_applicable,unavailable,rustc,nightly-2021-05-06,Release,JerryZ
1787147282671789548,PPS-GC,sender_signaling,pps_gc_sender_total_signaling,sender,828,false,32,2,recipient_bits=16;location_bytes=32,10662,68,measured,ok,unavailable,rustc,nightly-2021-05-06,Release,JerryZ
1787147282673027635,PPS-GC,sender_signaling,pps_gc_share_generation,sender,829,false,32,2,recipient_bits=16;location_bytes=32,9653,68,measured,ok,unavailable,rustc,nightly-2021-05-06,Release,JerryZ
1787147282674229335,PPS-GC,sender_signaling,pps_gc_sender_preparation,sender,829,false,32,2,recipient_bits=16;location_bytes=32,138,68,measured,ok,unavailable,rustc,nightly-2021-05-06,Release,JerryZ
1787147282676023159,PPS-GC,sender_signaling,message_encryption,sender,829,false,32,2,recipient_bits=16;location_bytes=32,-1,,not_applicable,not_applicable,unavailable,rustc,nightly-2021-05-06,Release,JerryZ
1787147282677322185,PPS-GC,sender_signaling,pps_gc_sender_total_signaling,sender,829,false,32,2,recipient_bits=16;location_bytes=32,10929,68,measured,ok,unavailable,rustc,nightly-2021-05-06,Release,JerryZ
1787147282679013353,PPS-GC,sender_signaling,pps_gc_share_generation,sender,830,false,32,2,recipient_bits=16;location_bytes=32,11462,68,measured,ok,unavailable,rustc,nightly-2021-05-06,Release,JerryZ
1787147282680197159,PPS-GC,sender_signaling,pps_gc_sender_preparation,sender,830,false,32,2,recipient_bits=16;location_bytes=32,734,68,measured,ok,unavailable,rustc,nightly-2021-05-06,Release,JerryZ
1787147282681306122,PPS-GC,sender_signaling,message_encryption,sender,830,false,32,2,recipient_bits=16;location_bytes=32,-1,,not_applicable,not_applicable,unavailable,rustc,nightly-2021-05-06,Release,JerryZ
1787147282682849413,PPS-GC,sender_signaling,pps_gc_sender_total_signaling,sender,830,false,32,2,recipient_bits=16;location_bytes=32,22133,68,measured,ok,unavailable,rustc,nightly-2021-05-06,Release,JerryZ
1787147282684124226,PPS-GC,sender_signaling,pps_gc_share_generation,sender,831,false,32,2,recipient_bits=16;location_bytes=32,9670,68,measured,ok,unavailable,rustc,nightly-2021-05-06,Release,JerryZ
1787147282685255042,PPS-GC,sender_signaling,pps_gc_sender_preparation,sender,831,false,32,2,recipient_bits=16;location_bytes=32,147,68,measured,ok,unavailable,rustc,nightly-2021-05-06,Release,JerryZ
1787147282686456141,PPS-GC,sender_signaling,message_encryption,sender,831,false,32,2,recipient_bits=16;location_bytes=32,-1,,not_applicable,not_applicable,unavailable,rustc,nightly-2021-05-06,Release,JerryZ
1787147282687837848,PPS-GC,sender_signaling,pps_gc_sender_total_signaling,sender,831,false,32,2,recipient_bits=16;location_bytes=32,9744,68,measured,ok,unavailable,rustc,nightly-2021-05-06,Release,JerryZ
1787147282688977177,PPS-GC,sender_signaling,pps_gc_share_generation,sender,832,false,32,2,recipient_bits=16;location_bytes=32,9515,68,measured,ok,unavailable,rustc,nightly-2021-05-06,Release,JerryZ
1787147282690288426,PPS-GC,sender_signaling,pps_gc_sender_preparation,sender,832,false,32,2,recipient_bits=16;location_bytes=32,147,68,measured,ok,unavailable,rustc,nightly-2021-05-06,Release,JerryZ
1787147282691843725,PPS-GC,sender_signaling,message_encryption,sender,832,false,32,2,recipient_bits=16;location_bytes=32,-1,,not_applicable,not_applicable,unavailable,rustc,nightly-2021-05-06,Release,JerryZ
1787147282693830422,PPS-GC,sender_signaling,pps_gc_sender_total_signaling,sender,832,false,32,2,recipient_bits=16;location_bytes=32,11645,68,measured,ok,unavailable,rustc,nightly-2021-05-06,Release,JerryZ
1787147282695061268,PPS-GC,sender_signaling,pps_gc_share_generation,sender,833,false,32,2,recipient_bits=16;location_bytes=32,9910,68,measured,ok,unavailable,rustc,nightly-2021-05-06,Release,JerryZ
1787147282696215631,PPS-GC,sender_signaling,pps_gc_sender_preparation,sender,833,false,32,2,recipient_bits=16;location_bytes=32,385,68,measured,ok,unavailable,rustc,nightly-2021-05-06,Release,JerryZ
1787147282697620003,PPS-GC,sender_signaling,message_encryption,sender,833,false,32,2,recipient_bits=16;location_bytes=32,-1,,not_applicable,not_applicable,unavailable,rustc,nightly-2021-05-06,Release,JerryZ
1787147282698914097,PPS-GC,sender_signaling,pps_gc_sender_total_signaling,sender,833,false,32,2,recipient_bits=16;location_bytes=32,11617,68,measured,ok,unavailable,rustc,nightly-2021-05-06,Release,JerryZ
1787147282700104093,PPS-GC,sender_signaling,pps_gc_share_generation,sender,834,false,32,2,recipient_bits=16;location_bytes=32,9560,68,measured,ok,unavailable,rustc,nightly-2021-05-06,Release,JerryZ
1787147282701214484,PPS-GC,sender_signaling,pps_gc_sender_preparation,sender,834,false,32,2,recipient_bits=16;location_bytes=32,147,68,measured,ok,unavailable,rustc,nightly-2021-05-06,Release,JerryZ
1787147282702376755,PPS-GC,sender_signaling,message_encryption,sender,834,false,32,2,recipient_bits=16;location_bytes=32,-1,,not_applicable,not_applicable,unavailable,rustc,nightly-2021-05-06,Release,JerryZ
1787147282703514449,PPS-GC,sender_signaling,pps_gc_sender_total_signaling,sender,834,false,32,2,recipient_bits=16;location_bytes=32,9689,68,measured,ok,unavailable,rustc,nightly-2021-05-06,Release,JerryZ
1787147282705077802,PPS-GC,sender_signaling,pps_gc_share_generation,sender,835,false,32,2,recipient_bits=16;location_bytes=32,23703,68,measured,ok,unavailable,rustc,nightly-2021-05-06,Release,JerryZ
1787147282706968451,PPS-GC,sender_signaling,pps_gc_sender_preparation,sender,835,false,32,2,recipient_bits=16;location_bytes=32,313,68,measured,ok,unavailable,rustc,nightly-2021-05-06,Release,JerryZ
1787147282708774260,PPS-GC,sender_signaling,message_encryption,sender,835,false,32,2,recipient_bits=16;location_bytes=32,-1,,not_applicable,not_applicable,unavailable,rustc,nightly-2021-05-06,Release,JerryZ
1787147282710527579,PPS-GC,sender_signaling,pps_gc_sender_total_signaling,sender,835,false,32,2,recipient_bits=16;location_bytes=32,12627,68,measured,ok,unavailable,rustc,nightly-2021-05-06,Release,JerryZ
1787147282711655410,PPS-GC,sender_signaling,pps_gc_share_generation,sender,836,false,32,2,recipient_bits=16;location_bytes=32,10176,68,measured,ok,unavailable,rustc,nightly-2021-05-06,Release,JerryZ
1787147282713087210,PPS-GC,sender_signaling,pps_gc_sender_preparation,sender,836,false,32,2,recipient_bits=16;location_bytes=32,174,68,measured,ok,unavailable,rustc,nightly-2021-05-06,Release,JerryZ
1787147282714508036,PPS-GC,sender_signaling,message_encryption,sender,836,false,32,2,recipient_bits=16;location_bytes=32,-1,,not_applicable,not_applicable,unavailable,rustc,nightly-2021-05-06,Release,JerryZ
1787147282715694092,PPS-GC,sender_signaling,pps_gc_sender_total_signaling,sender,836,false,32,2,recipient_bits=16;location_bytes=32,10092,68,measured,ok,unavailable,rustc,nightly-2021-05-06,Release,JerryZ
1787147282716815560,PPS-GC,sender_signaling,pps_gc_share_generation,sender,837,false,32,2,recipient_bits=16;location_bytes=32,9524,68,measured,ok,unavailable,rustc,nightly-2021-05-06,Release,JerryZ
1787147282718390264,PPS-GC,sender_signaling,pps_gc_sender_preparation,sender,837,false,32,2,recipient_bits=16;location_bytes=32,128,68,measured,ok,unavailable,rustc,nightly-2021-05-06,Release,JerryZ
1787147282719581730,PPS-GC,sender_signaling,message_encryption,sender,837,false,32,2,recipient_bits=16;location_bytes=32,-1,,not_applicable,not_applicable,unavailable,rustc,nightly-2021-05-06,Release,JerryZ
1787147282720810394,PPS-GC,sender_signaling,pps_gc_sender_total_signaling,sender,837,false,32,2,recipient_bits=16;location_bytes=32,10571,68,measured,ok,unavailable,rustc,nightly-2021-05-06,Release,JerryZ
1787147282723373450,PPS-GC,sender_signaling,pps_gc_share_generation,sender,838,false,32,2,recipient_bits=16;location_bytes=32,11011,68,measured,ok,unavailable,rustc,nightly-2021-05-06,Release,JerryZ
1787147282724975008,PPS-GC,sender_signaling,pps_gc_sender_preparation,sender,838,false,32,2,recipient_bits=16;location_bytes=32,928,68,measured,ok,unavailable,rustc,nightly-2021-05-06,Release,JerryZ
1787147282726367221,PPS-GC,sender_signaling,message_encryption,sender,838,false,32,2,recipient_bits=16;location_bytes=32,-1,,not_applicable,not_applicable,unavailable,rustc,nightly-2021-05-06,Release,JerryZ
1787147282727466573,PPS-GC,sender_signaling,pps_gc_sender_total_signaling,sender,838,false,32,2,recipient_bits=16;location_bytes=32,10056,68,measured,ok,unavailable,rustc,nightly-2021-05-06,Release,JerryZ
1787147282728656069,PPS-GC,sender_signaling,pps_gc_share_generation,sender,839,false,32,2,recipient_bits=16;location_bytes=32,21260,68,measured,ok,unavailable,rustc,nightly-2021-05-06,Release,JerryZ
1787147282729897903,PPS-GC,sender_signaling,pps_gc_sender_preparation,sender,839,false,32,2,recipient_bits=16;location_bytes=32,285,68,measured,ok,unavailable,rustc,nightly-2021-05-06,Release,JerryZ
1787147282731504658,PPS-GC,sender_signaling,message_encryption,sender,839,false,32,2,recipient_bits=16;location_bytes=32,-1,,not_applicable,not_applicable,unavailable,rustc,nightly-2021-05-06,Release,JerryZ
1787147282732746974,PPS-GC,sender_signaling,pps_gc_sender_total_signaling,sender,839,false,32,2,recipient_bits=16;location_bytes=32,9826,68,measured,ok,unavailable,rustc,nightly-2021-05-06,Release,JerryZ
1787147282733900262,PPS-GC,sender_signaling,pps_gc_share_generation,sender,840,false,32,2,recipient_bits=16;location_bytes=32,9469,68,measured,ok,unavailable,rustc,nightly-2021-05-06,Release,JerryZ
1787147282735030068,PPS-GC,sender_signaling,pps_gc_sender_preparation,sender,840,false,32,2,recipient_bits=16;location_bytes=32,137,68,measured,ok,unavailable,rustc,nightly-2021-05-06,Release,JerryZ
1787147282736465216,PPS-GC,sender_signaling,message_encryption,sender,840,false,32,2,recipient_bits=16;location_bytes=32,-1,,not_applicable,not_applicable,unavailable,rustc,nightly-2021-05-06,Release,JerryZ
1787147282738534254,PPS-GC,sender_signaling,pps_gc_sender_total_signaling,sender,840,false,32,2,recipient_bits=16;location_bytes=32,13160,68,measured,ok,unavailable,rustc,nightly-2021-05-06,Release,JerryZ
1787147282740311947,PPS-GC,sender_signaling,pps_gc_share_generation,sender,841,false,32,2,recipient_bits=16;location_bytes=32,13252,68,measured,ok,unavailable,rustc,nightly-2021-05-06,Release,JerryZ
1787147282741586333,PPS-GC,sender_signaling,pps_gc_sender_preparation,sender,841,false,32,2,recipient_bits=16;location_bytes=32,1166,68,measured,ok,unavailable,rustc,nightly-2021-05-06,Release,JerryZ
1787147282742811466,PPS-GC,sender_signaling,message_encryption,sender,841,false,32,2,recipient_bits=16;location_bytes=32,-1,,not_applicable,not_applicable,unavailable,rustc,nightly-2021-05-06,Release,JerryZ
1787147282744317204,PPS-GC,sender_signaling,pps_gc_sender_total_signaling,sender,841,false,32,2,recipient_bits=16;location_bytes=32,10286,68,measured,ok,unavailable,rustc,nightly-2021-05-06,Release,JerryZ
1787147282745683735,PPS-GC,sender_signaling,pps_gc_share_generation,sender,842,false,32,2,recipient_bits=16;location_bytes=32,21793,68,measured,ok,unavailable,rustc,nightly-2021-05-06,Release,JerryZ
1787147282747044233,PPS-GC,sender_signaling,pps_gc_sender_preparation,sender,842,false,32,2,recipient_bits=16;location_bytes=32,496,68,measured,ok,unavailable,rustc,nightly-2021-05-06,Release,JerryZ
1787147282748177009,PPS-GC,sender_signaling,message_encryption,sender,842,false,32,2,recipient_bits=16;location_bytes=32,-1,,not_applicable,not_applicable,unavailable,rustc,nightly-2021-05-06,Release,JerryZ
1787147282749719965,PPS-GC,sender_signaling,pps_gc_sender_total_signaling,sender,842,false,32,2,recipient_bits=16;location_bytes=32,10093,68,measured,ok,unavailable,rustc,nightly-2021-05-06,Release,JerryZ
1787147282751000816,PPS-GC,sender_signaling,pps_gc_share_generation,sender,843,false,32,2,recipient_bits=16;location_bytes=32,21435,68,measured,ok,unavailable,rustc,nightly-2021-05-06,Release,JerryZ
1787147282752503483,PPS-GC,sender_signaling,pps_gc_sender_preparation,sender,843,false,32,2,recipient_bits=16;location_bytes=32,294,68,measured,ok,unavailable,rustc,nightly-2021-05-06,Release,JerryZ
1787147282754282029,PPS-GC,sender_signaling,message_encryption,sender,843,false,32,2,recipient_bits=16;location_bytes=32,-1,,not_applicable,not_applicable,unavailable,rustc,nightly-2021-05-06,Release,JerryZ
1787147282755470000,PPS-GC,sender_signaling,pps_gc_sender_total_signaling,sender,843,false,32,2,recipient_bits=16;location_bytes=32,10359,68,measured,ok,unavailable,rustc,nightly-2021-05-06,Release,JerryZ
1787147282756600839,PPS-GC,sender_signaling,pps_gc_share_generation,sender,844,false,32,2,recipient_bits=16;location_bytes=32,9698,68,measured,ok,unavailable,rustc,nightly-2021-05-06,Release,JerryZ
1787147282757763348,PPS-GC,sender_signaling,pps_gc_sender_preparation,sender,844,false,32,2,recipient_bits=16;location_bytes=32,147,68,measured,ok,unavailable,rustc,nightly-2021-05-06,Release,JerryZ
1787147282759000807,PPS-GC,sender_signaling,message_encryption,sender,844,false,32,2,recipient_bits=16;location_bytes=32,-1,,not_applicable,not_applicable,unavailable,rustc,nightly-2021-05-06,Release,JerryZ
1787147282760252766,PPS-GC,sender_signaling,pps_gc_sender_total_signaling,sender,844,false,32,2,recipient_bits=16;location_bytes=32,11489,68,measured,ok,unavailable,rustc,nightly-2021-05-06,Release,JerryZ
1787147282761750603,PPS-GC,sender_signaling,pps_gc_share_generation,sender,845,false,32,2,recipient_bits=16;location_bytes=32,9634,68,measured,ok,unavailable,rustc,nightly-2021-05-06,Release,JerryZ
1787147282762951518,PPS-GC,sender_signaling,pps_gc_sender_preparation,sender,845,false,32,2,recipient_bits=16;location_bytes=32,147,68,measured,ok,unavailable,rustc,nightly-2021-05-06,Release,JerryZ
1787147282764255003,PPS-GC,sender_signaling,message_encryption,sender,845,false,32,2,recipient_bits=16;location_bytes=32,-1,,not_applicable,not_applicable,unavailable,rustc,nightly-2021-05-06,Release,JerryZ
1787147282765472247,PPS-GC,sender_signaling,pps_gc_sender_total_signaling,sender,845,false,32,2,recipient_bits=16;location_bytes=32,10506,68,measured,ok,unavailable,rustc,nightly-2021-05-06,Release,JerryZ
1787147282766711757,PPS-GC,sender_signaling,pps_gc_share_generation,sender,846,false,32,2,recipient_bits=16;location_bytes=32,21591,68,measured,ok,unavailable,rustc,nightly-2021-05-06,Release,JerryZ
1787147282768730597,PPS-GC,sender_signaling,pps_gc_sender_preparation,sender,846,false,32,2,recipient_bits=16;location_bytes=32,276,68,measured,ok,unavailable,rustc,nightly-2021-05-06,Release,JerryZ
1787147282770192773,PPS-GC,sender_signaling,message_encryption,sender,846,false,32,2,recipient_bits=16;location_bytes=32,-1,,not_applicable,not_applicable,unavailable,rustc,nightly-2021-05-06,Release,JerryZ
1787147282771448832,PPS-GC,sender_signaling,pps_gc_sender_total_signaling,sender,846,false,32,2,recipient_bits=16;location_bytes=32,10983,68,measured,ok,unavailable,rustc,nightly-2021-05-06,Release,JerryZ
1787147282772589906,PPS-GC,sender_signaling,pps_gc_share_generation,sender,847,false,32,2,recipient_bits=16;location_bytes=32,9542,68,measured,ok,unavailable,rustc,nightly-2021-05-06,Release,JerryZ
1787147282774065485,PPS-GC,sender_signaling,pps_gc_sender_preparation,sender,847,false,32,2,recipient_bits=16;location_bytes=32,147,68,measured,ok,unavailable,rustc,nightly-2021-05-06,Release,JerryZ
1787147282775408216,PPS-GC,sender_signaling,message_encryption,sender,847,false,32,2,recipient_bits=16;location_bytes=32,-1,,not_applicable,not_applicable,unavailable,rustc,nightly-2021-05-06,Release,JerryZ
1787147282776731919,PPS-GC,sender_signaling,pps_gc_sender_total_signaling,sender,847,false,32,2,recipient_bits=16;location_bytes=32,15337,68,measured,ok,unavailable,rustc,nightly-2021-05-06,Release,JerryZ
1787147282778796210,PPS-GC,sender_signaling,pps_gc_share_generation,sender,848,false,32,2,recipient_bits=16;location_bytes=32,10525,68,measured,ok,unavailable,rustc,nightly-2021-05-06,Release,JerryZ
1787147282780088967,PPS-GC,sender_signaling,pps_gc_sender_preparation,sender,848,false,32,2,recipient_bits=16;location_bytes=32,523,68,measured,ok,unavailable,rustc,nightly-2021-05-06,Release,JerryZ
1787147282781328988,PPS-GC,sender_signaling,message_encryption,sender,848,false,32,2,recipient_bits=16;location_bytes=32,-1,,not_applicable,not_applicable,unavailable,rustc,nightly-2021-05-06,Release,JerryZ
1787147282782875989,PPS-GC,sender_signaling,pps_gc_sender_total_signaling,sender,848,false,32,2,recipient_bits=16;location_bytes=32,26412,68,measured,ok,unavailable,rustc,nightly-2021-05-06,Release,JerryZ
1787147282784564581,PPS-GC,sender_signaling,pps_gc_share_generation,sender,849,false,32,2,recipient_bits=16;location_bytes=32,10285,68,measured,ok,unavailable,rustc,nightly-2021-05-06,Release,JerryZ
1787147282785876583,PPS-GC,sender_signaling,pps_gc_sender_preparation,sender,849,false,32,2,recipient_bits=16;location_bytes=32,312,68,measured,ok,unavailable,rustc,nightly-2021-05-06,Release,JerryZ
1787147282787290103,PPS-GC,sender_signaling,message_encryption,sender,849,false,32,2,recipient_bits=16;location_bytes=32,-1,,not_applicable,not_applicable,unavailable,rustc,nightly-2021-05-06,Release,JerryZ
1787147282788409981,PPS-GC,sender_signaling,pps_gc_sender_total_signaling,sender,849,false,32,2,recipient_bits=16;location_bytes=32,10212,68,measured,ok,unavailable,rustc,nightly-2021-05-06,Release,JerryZ
1787147282789618647,PPS-GC,sender_signaling,pps_gc_share_generation,sender,850,false,32,2,recipient_bits=16;location_bytes=32,21646,68,measured,ok,unavailable,rustc,nightly-2021-05-06,Release,JerryZ
1787147282791091163,PPS-GC,sender_signaling,pps_gc_sender_preparation,sender,850,false,32,2,recipient_bits=16;location_bytes=32,285,68,measured,ok,unavailable,rustc,nightly-2021-05-06,Release,JerryZ
1787147282792222337,PPS-GC,sender_signaling,message_encryption,sender,850,false,32,2,recipient_bits=16;location_bytes=32,-1,,not_applicable,not_applicable,unavailable,rustc,nightly-2021-05-06,Release,JerryZ
1787147282793791251,PPS-GC,sender_signaling,pps_gc_sender_total_signaling,sender,850,false,32,2,recipient_bits=16;location_bytes=32,10405,68,measured,ok,unavailable,rustc,nightly-2021-05-06,Release,JerryZ
1787147282794961493,PPS-GC,sender_signaling,pps_gc_share_generation,sender,851,false,32,2,recipient_bits=16;location_bytes=32,9698,68,measured,ok,unavailable,rustc,nightly-2021-05-06,Release,JerryZ
1787147282796113518,PPS-GC,sender_signaling,pps_gc_sender_preparation,sender,851,false,32,2,recipient_bits=16;location_bytes=32,147,68,measured,ok,unavailable,rustc,nightly-2021-05-06,Release,JerryZ
1787147282797396004,PPS-GC,sender_signaling,message_encryption,sender,851,false,32,2,recipient_bits=16;location_bytes=32,-1,,not_applicable,not_applicable,unavailable,rustc,nightly-2021-05-06,Release,JerryZ
1787147282798963549,PPS-GC,sender_signaling,pps_gc_sender_total_signaling,sender,851,false,32,2,recipient_bits=16;location_bytes=32,11002,68,measured,ok,unavailable,rustc,nightly-2021-05-06,Release,JerryZ
1787147282800305601,PPS-GC,sender_signaling,pps_gc_share_generation,sender,852,false,32,2,recipient_bits=16;location_bytes=32,25448,68,measured,ok,unavailable,rustc,nightly-2021-05-06,Release,JerryZ
1787147282801725903,PPS-GC,sender_signaling,pps_gc_sender_preparation,sender,852,false,32,2,recipient_bits=16;location_bytes=32,312,68,measured,ok,unavailable,rustc,nightly-2021-05-06,Release,JerryZ
1787147282802836938,PPS-GC,sender_signaling,message_encryption,sender,852,false,32,2,recipient_bits=16;location_bytes=32,-1,,not_applicable,not_applicable,unavailable,rustc,nightly-2021-05-06,Release,JerryZ
1787147282804180156,PPS-GC,sender_signaling,pps_gc_sender_total_signaling,sender,852,false,32,2,recipient_bits=16;location_bytes=32,9901,68,measured,ok,unavailable,rustc,nightly-2021-05-06,Release,JerryZ
1787147282805492168,PPS-GC,sender_signaling,pps_gc_share_generation,sender,853,false,32,2,recipient_bits=16;location_bytes=32,21462,68,measured,ok,unavailable,rustc,nightly-2021-05-06,Release,JerryZ
1787147282806805475,PPS-GC,sender_signaling,pps_gc_sender_preparation,sender,853,false,32,2,recipient_bits=16;location_bytes=32,284,68,measured,ok,unavailable,rustc,nightly-2021-05-06,Release,JerryZ
1787147282808360976,PPS-GC,sender_signaling,message_encryption,sender,853,false,32,2,recipient_bits=16;location_bytes=32,-1,,not_applicable,not_applicable,unavailable,rustc,nightly-2021-05-06,Release,JerryZ
1787147282809674411,PPS-GC,sender_signaling,pps_gc_sender_total_signaling,sender,853,false,32,2,recipient_bits=16;location_bytes=32,10644,68,measured,ok,unavailable,rustc,nightly-2021-05-06,Release,JerryZ
1787147282811069361,PPS-GC,sender_signaling,pps_gc_share_generation,sender,854,false,32,2,recipient_bits=16;location_bytes=32,10313,68,measured,ok,unavailable,rustc,nightly-2021-05-06,Release,JerryZ
1787147282812427750,PPS-GC,sender_signaling,pps_gc_sender_preparation,sender,854,false,32,2,recipient_bits=16;location_bytes=32,450,68,measured,ok,unavailable,rustc,nightly-2021-05-06,Release,JerryZ
1787147282813965889,PPS-GC,sender_signaling,message_encryption,sender,854,false,32,2,recipient_bits=16;location_bytes=32,-1,,not_applicable,not_applicable,unavailable,rustc,nightly-2021-05-06,Release,JerryZ
1787147282815326469,PPS-GC,sender_signaling,pps_gc_sender_total_signaling,sender,854,false,32,2,recipient_bits=16;location_bytes=32,13932,68,measured,ok,unavailable,rustc,nightly-2021-05-06,Release,JerryZ
1787147282816916979,PPS-GC,sender_signaling,pps_gc_share_generation,sender,855,false,32,2,recipient_bits=16;location_bytes=32,10103,68,measured,ok,unavailable,rustc,nightly-2021-05-06,Release,JerryZ
1787147282818081113,PPS-GC,sender_signaling,pps_gc_sender_preparation,sender,855,false,32,2,recipient_bits=16;location_bytes=32,211,68,measured,ok,unavailable,rustc,nightly-2021-05-06,Release,JerryZ
1787147282819223216,PPS-GC,sender_signaling,message_encryption,sender,855,false,32,2,recipient_bits=16;location_bytes=32,-1,,not_applicable,not_applicable,unavailable,rustc,nightly-2021-05-06,Release,JerryZ
1787147282820807604,PPS-GC,sender_signaling,pps_gc_sender_total_signaling,sender,855,false,32,2,recipient_bits=16;location_bytes=32,14354,68,measured,ok,unavailable,rustc,nightly-2021-05-06,Release,JerryZ
1787147282822118206,PPS-GC,sender_signaling,pps_gc_share_generation,sender,856,false,32,2,recipient_bits=16;location_bytes=32,10083,68,measured,ok,unavailable,rustc,nightly-2021-05-06,Release,JerryZ
1787147282823550984,PPS-GC,sender_signaling,pps_gc_sender_preparation,sender,856,false,32,2,recipient_bits=16;location_bytes=32,376,68,measured,ok,unavailable,rustc,nightly-2021-05-06,Release,JerryZ
1787147282824742321,PPS-GC,sender_signaling,message_encryption,sender,856,false,32,2,recipient_bits=16;location_bytes=32,-1,,not_applicable,not_applicable,unavailable,rustc,nightly-2021-05-06,Release,JerryZ
1787147282825897878,PPS-GC,sender_signaling,pps_gc_sender_total_signaling,sender,856,false,32,2,recipient_bits=16;location_bytes=32,10038,68,measured,ok,unavailable,rustc,nightly-2021-05-06,Release,JerryZ
1787147282827054702,PPS-GC,sender_signaling,pps_gc_share_generation,sender,857,false,32,2,recipient_bits=16;location_bytes=32,9579,68,measured,ok,unavailable,rustc,nightly-2021-05-06,Release,JerryZ
1787147282828675417,PPS-GC,sender_signaling,pps_gc_sender_preparation,sender,857,false,32,2,recipient_bits=16;location_bytes=32,147,68,measured,ok,unavailable,rustc,nightly-2021-05-06,Release,JerryZ
1787147282830257403,PPS-GC,sender_signaling,message_encryption,sender,857,false,32,2,recipient_bits=16;location_bytes=32,-1,,not_applicable,not_applicable,unavailable,rustc,nightly-2021-05-06,Release,JerryZ
1787147282831492620,PPS-GC,sender_signaling,pps_gc_sender_total_signaling,sender,857,false,32,2,recipient_bits=16;location_bytes=32,38655,68,measured,ok,unavailable,rustc,nightly-2021-05-06,Release,JerryZ
1787147282833047304,PPS-GC,sender_signaling,pps_gc_share_generation,sender,858,false,32,2,recipient_bits=16;location_bytes=32,9524,68,measured,ok,unavailable,rustc,nightly-2021-05-06,Release,JerryZ
1787147282834179313,PPS-GC,sender_signaling,pps_gc_sender_preparation,sender,858,false,32,2,recipient_bits=16;location_bytes=32,147,68,measured,ok,unavailable,rustc,nightly-2021-05-06,Release,JerryZ
1787147282835441094,PPS-GC,sender_signaling,message_encryption,sender,858,false,32,2,recipient_bits=16;location_bytes=32,-1,,not_applicable,not_applicable,unavailable,rustc,nightly-2021-05-06,Release,JerryZ
1787147282836590622,PPS-GC,sender_signaling,pps_gc_sender_total_signaling,sender,858,false,32,2,recipient_bits=16;location_bytes=32,9946,68,measured,ok,unavailable,rustc,nightly-2021-05-06,Release,JerryZ
1787147282837744305,PPS-GC,sender_signaling,pps_gc_share_generation,sender,859,false,32,2,recipient_bits=16;location_bytes=32,9625,68,measured,ok,unavailable,rustc,nightly-2021-05-06,Release,JerryZ
1787147282838936156,PPS-GC,sender_signaling,pps_gc_sender_preparation,sender,859,false,32,2,recipient_bits=16;location_bytes=32,147,68,measured,ok,unavailable,rustc,nightly-2021-05-06,Release,JerryZ
1787147282840338417,PPS-GC,sender_signaling,message_encryption,sender,859,false,32,2,recipient_bits=16;location_bytes=32,-1,,not_applicable,not_applicable,unavailable,rustc,nightly-2021-05-06,Release,JerryZ
1787147282841522407,PPS-GC,sender_signaling,pps_gc_sender_total_signaling,sender,859,false,32,2,recipient_bits=16;location_bytes=32,9974,68,measured,ok,unavailable,rustc,nightly-2021-05-06,Release,JerryZ
1787147282842877669,PPS-GC,sender_signaling,pps_gc_share_generation,sender,860,false,32,2,recipient_bits=16;location_bytes=32,19810,68,measured,ok,unavailable,rustc,nightly-2021-05-06,Release,JerryZ
1787147282844419482,PPS-GC,sender_signaling,pps_gc_sender_preparation,sender,860,false,32,2,recipient_bits=16;location_bytes=32,248,68,measured,ok,unavailable,rustc,nightly-2021-05-06,Release,JerryZ
1787147282846584151,PPS-GC,sender_signaling,message_encryption,sender,860,false,32,2,recipient_bits=16;location_bytes=32,-1,,not_applicable,not_applicable,unavailable,rustc,nightly-2021-05-06,Release,JerryZ
1787147282849091367,PPS-GC,sender_signaling,pps_gc_sender_total_signaling,sender,860,false,32,2,recipient_bits=16;location_bytes=32,14915,68,measured,ok,unavailable,rustc,nightly-2021-05-06,Release,JerryZ
1787147282850690776,PPS-GC,sender_signaling,pps_gc_share_generation,sender,861,false,32,2,recipient_bits=16;location_bytes=32,10727,68,measured,ok,unavailable,rustc,nightly-2021-05-06,Release,JerryZ
1787147282852022487,PPS-GC,sender_signaling,pps_gc_sender_preparation,sender,861,false,32,2,recipient_bits=16;location_bytes=32,707,68,measured,ok,unavailable,rustc,nightly-2021-05-06,Release,JerryZ
1787147282853213401,PPS-GC,sender_signaling,message_encryption,sender,861,false,32,2,recipient_bits=16;location_bytes=32,-1,,not_applicable,not_applicable,unavailable,rustc,nightly-2021-05-06,Release,JerryZ
1787147282854642322,PPS-GC,sender_signaling,pps_gc_sender_total_signaling,sender,861,false,32,2,recipient_bits=16;location_bytes=32,10313,68,measured,ok,unavailable,rustc,nightly-2021-05-06,Release,JerryZ
1787147282855731480,PPS-GC,sender_signaling,pps_gc_share_generation,sender,862,false,32,2,recipient_bits=16;location_bytes=32,9579,68,measured,ok,unavailable,rustc,nightly-2021-05-06,Release,JerryZ
1787147282856854940,PPS-GC,sender_signaling,pps_gc_sender_preparation,sender,862,false,32,2,recipient_bits=16;location_bytes=32,138,68,measured,ok,unavailable,rustc,nightly-2021-05-06,Release,JerryZ
1787147282858056595,PPS-GC,sender_signaling,message_encryption,sender,862,false,32,2,recipient_bits=16;location_bytes=32,-1,,not_applicable,not_applicable,unavailable,rustc,nightly-2021-05-06,Release,JerryZ
1787147282859762209,PPS-GC,sender_signaling,pps_gc_sender_total_signaling,sender,862,false,32,2,recipient_bits=16;location_bytes=32,10901,68,measured,ok,unavailable,rustc,nightly-2021-05-06,Release,JerryZ
1787147282861009236,PPS-GC,sender_signaling,pps_gc_share_generation,sender,863,false,32,2,recipient_bits=16;location_bytes=32,10084,68,measured,ok,unavailable,rustc,nightly-2021-05-06,Release,JerryZ
1787147282862795525,PPS-GC,sender_signaling,pps_gc_sender_preparation,sender,863,false,32,2,recipient_bits=16;location_bytes=32,266,68,measured,ok,unavailable,rustc,nightly-2021-05-06,Release,JerryZ
1787147282864279819,PPS-GC,sender_signaling,message_encryption,sender,863,false,32,2,recipient_bits=16;location_bytes=32,-1,,not_applicable,not_applicable,unavailable,rustc,nightly-2021-05-06,Release,JerryZ
1787147282865443196,PPS-GC,sender_signaling,pps_gc_sender_total_signaling,sender,863,false,32,2,recipient_bits=16;location_bytes=32,10093,68,measured,ok,unavailable,rustc,nightly-2021-05-06,Release,JerryZ
1787147282866675015,PPS-GC,sender_signaling,pps_gc_share_generation,sender,864,false,32,2,recipient_bits=16;location_bytes=32,9698,68,measured,ok,unavailable,rustc,nightly-2021-05-06,Release,JerryZ
1787147282867792211,PPS-GC,sender_signaling,pps_gc_sender_preparation,sender,864,false,32,2,recipient_bits=16;location_bytes=32,147,68,measured,ok,unavailable,rustc,nightly-2021-05-06,Release,JerryZ
1787147282868951368,PPS-GC,sender_signaling,message_encryption,sender,864,false,32,2,recipient_bits=16;location_bytes=32,-1,,not_applicable,not_applicable,unavailable,rustc,nightly-2021-05-06,Release,JerryZ
1787147282870403404,PPS-GC,sender_signaling,pps_gc_sender_total_signaling,sender,864,false,32,2,recipient_bits=16;location_bytes=32,9781,68,measured,ok,unavailable,rustc,nightly-2021-05-06,Release,JerryZ
1787147282871592050,PPS-GC,sender_signaling,pps_gc_share_generation,sender,865,false,32,2,recipient_bits=16;location_bytes=32,9707,68,measured,ok,unavailable,rustc,nightly-2021-05-06,Release,JerryZ
1787147282872832778,PPS-GC,sender_signaling,pps_gc_sender_preparation,sender,865,false,32,2,recipient_bits=16;location_bytes=32,138,68,measured,ok,unavailable,rustc,nightly-2021-05-06,Release,JerryZ
1787147282874135031,PPS-GC,sender_signaling,message_encryption,sender,865,false,32,2,recipient_bits=16;location_bytes=32,-1,,not_applicable,not_applicable,unavailable,rustc,nightly-2021-05-06,Release,JerryZ
1787147282875531974,PPS-GC,sender_signaling,pps_gc_sender_total_signaling,sender,865,false,32,2,recipient_bits=16;location_bytes=32,11985,68,measured,ok,unavailable,rustc,nightly-2021-05-06,Release,JerryZ
1787147282877355526,PPS-GC,sender_signaling,pps_gc_share_generation,sender,866,false,32,2,recipient_bits=16;location_bytes=32,10047,68,measured,ok,unavailable,rustc,nightly-2021-05-06,Release,JerryZ
1787147282879288944,PPS-GC,sender_signaling,pps_gc_sender_preparation,sender,866,false,32,2,recipient_bits=16;location_bytes=32,872,68,measured,ok,unavailable,rustc,nightly-2021-05-06,Release,JerryZ
1787147282880559881,PPS-GC,sender_signaling,message_encryption,sender,866,false,32,2,recipient_bits=16;location_bytes=32,-1,,not_applicable,not_applicable,unavailable,rustc,nightly-2021-05-06,Release,JerryZ
1787147282881812207,PPS-GC,sender_signaling,pps_gc_sender_total_signaling,sender,866,false,32,2,recipient_bits=16;location_bytes=32,11021,68,measured,ok,unavailable,rustc,nightly-2021-05-06,Release,JerryZ
1787147282883072229,PPS-GC,sender_signaling,pps_gc_share_generation,sender,867,false,32,2,recipient_bits=16;location_bytes=32,9570,68,measured,ok,unavailable,rustc,nightly-2021-05-06,Release,JerryZ
1787147282884187846,PPS-GC,sender_signaling,pps_gc_sender_preparation,sender,867,false,32,2,recipient_bits=16;location_bytes=32,147,68,measured,ok,unavailable,rustc,nightly-2021-05-06,Release,JerryZ
1787147282885640654,PPS-GC,sender_signaling,message_encryption,sender,867,false,32,2,recipient_bits=16;location_bytes=32,-1,,not_applicable,not_applicable,unavailable,rustc,nightly-2021-05-06,Release,JerryZ
1787147282886795159,PPS-GC,sender_signaling,pps_gc_sender_total_signaling,sender,867,false,32,2,recipient_bits=16;location_bytes=32,21674,68,measured,ok,unavailable,rustc,nightly-2021-05-06,Release,JerryZ
1787147282888037893,PPS-GC,sender_signaling,pps_gc_share_generation,sender,868,false,32,2,recipient_bits=16;location_bytes=32,21334,68,measured,ok,unavailable,rustc,nightly-2021-05-06,Release,JerryZ
1787147282890187473,PPS-GC,sender_signaling,pps_gc_sender_preparation,sender,868,false,32,2,recipient_bits=16;location_bytes=32,294,68,measured,ok,unavailable,rustc,nightly-2021-05-06,Release,JerryZ
1787147282891687160,PPS-GC,sender_signaling,message_encryption,sender,868,false,32,2,recipient_bits=16;location_bytes=32,-1,,not_applicable,not_applicable,unavailable,rustc,nightly-2021-05-06,Release,JerryZ
1787147282893102200,PPS-GC,sender_signaling,pps_gc_sender_total_signaling,sender,868,false,32,2,recipient_bits=16;location_bytes=32,11021,68,measured,ok,unavailable,rustc,nightly-2021-05-06,Release,JerryZ
1787147282894227175,PPS-GC,sender_signaling,pps_gc_share_generation,sender,869,false,32,2,recipient_bits=16;location_bytes=32,9698,68,measured,ok,unavailable,rustc,nightly-2021-05-06,Release,JerryZ
1787147282895319098,PPS-GC,sender_signaling,pps_gc_sender_preparation,sender,869,false,32,2,recipient_bits=16;location_bytes=32,147,68,measured,ok,unavailable,rustc,nightly-2021-05-06,Release,JerryZ
1787147282896523063,PPS-GC,sender_signaling,message_encryption,sender,869,false,32,2,recipient_bits=16;location_bytes=32,-1,,not_applicable,not_applicable,unavailable,rustc,nightly-2021-05-06,Release,JerryZ
1787147282898134530,PPS-GC,sender_signaling,pps_gc_sender_total_signaling,sender,869,false,32,2,recipient_bits=16;location_bytes=32,28956,68,measured,ok,unavailable,rustc,nightly-2021-05-06,Release,JerryZ
1787147282899265915,PPS-GC,sender_signaling,pps_gc_share_generation,sender,870,false,32,2,recipient_bits=16;location_bytes=32,9505,68,measured,ok,unavailable,rustc,nightly-2021-05-06,Release,JerryZ
1787147282900451283,PPS-GC,sender_signaling,pps_gc_sender_preparation,sender,870,false,32,2,recipient_bits=16;location_bytes=32,138,68,measured,ok,unavailable,rustc,nightly-2021-05-06,Release,JerryZ
1787147282901611073,PPS-GC,sender_signaling,message_encryption,sender,870,false,32,2,recipient_bits=16;location_bytes=32,-1,,not_applicable,not_applicable,unavailable,rustc,nightly-2021-05-06,Release,JerryZ
1787147282902763893,PPS-GC,sender_signaling,pps_gc_sender_total_signaling,sender,870,false,32,2,recipient_bits=16;location_bytes=32,9735,68,measured,ok,unavailable,rustc,nightly-2021-05-06,Release,JerryZ
1787147282904391156,PPS-GC,sender_signaling,pps_gc_share_generation,sender,871,false,32,2,recipient_bits=16;location_bytes=32,24741,68,measured,ok,unavailable,rustc,nightly-2021-05-06,Release,JerryZ
1787147282906037787,PPS-GC,sender_signaling,pps_gc_sender_preparation,sender,871,false,32,2,recipient_bits=16;location_bytes=32,569,68,measured,ok,unavailable,rustc,nightly-2021-05-06,Release,JerryZ
1787147282908023327,PPS-GC,sender_signaling,message_encryption,sender,871,false,32,2,recipient_bits=16;location_bytes=32,-1,,not_applicable,not_applicable,unavailable,rustc,nightly-2021-05-06,Release,JerryZ
1787147282909524773,PPS-GC,sender_signaling,pps_gc_sender_total_signaling,sender,871,false,32,2,recipient_bits=16;location_bytes=32,23703,68,measured,ok,unavailable,rustc,nightly-2021-05-06,Release,JerryZ
1787147282910779349,PPS-GC,sender_signaling,pps_gc_share_generation,sender,872,false,32,2,recipient_bits=16;location_bytes=32,9799,68,measured,ok,unavailable,rustc,nightly-2021-05-06,Release,JerryZ
1787147282912172223,PPS-GC,sender_signaling,pps_gc_sender_preparation,sender,872,false,32,2,recipient_bits=16;location_bytes=32,138,68,measured,ok,unavailable,rustc,nightly-2021-05-06,Release,JerryZ
1787147282913300256,PPS-GC,sender_signaling,message_encryption,sender,872,false,32,2,recipient_bits=16;location_bytes=32,-1,,not_applicable,not_applicable,unavailable,rustc,nightly-2021-05-06,Release,JerryZ
1787147282914535730,PPS-GC,sender_signaling,pps_gc_sender_total_signaling,sender,872,false,32,2,recipient_bits=16;location_bytes=32,10901,68,measured,ok,unavailable,rustc,nightly-2021-05-06,Release,JerryZ
1787147282915789779,PPS-GC,sender_signaling,pps_gc_share_generation,sender,873,false,32,2,recipient_bits=16;location_bytes=32,9496,68,measured,ok,unavailable,rustc,nightly-2021-05-06,Release,JerryZ
1787147282917291614,PPS-GC,sender_signaling,pps_gc_sender_preparation,sender,873,false,32,2,recipient_bits=16;location_bytes=32,137,68,measured,ok,unavailable,rustc,nightly-2021-05-06,Release,JerryZ
1787147282918587187,PPS-GC,sender_signaling,message_encryption,sender,873,false,32,2,recipient_bits=16;location_bytes=32,-1,,not_applicable,not_applicable,unavailable,rustc,nightly-2021-05-06,Release,JerryZ
1787147282919937779,PPS-GC,sender_signaling,pps_gc_sender_total_signaling,sender,873,false,32,2,recipient_bits=16;location_bytes=32,10625,68,measured,ok,unavailable,rustc,nightly-2021-05-06,Release,JerryZ
1787147282922192197,PPS-GC,sender_signaling,pps_gc_share_generation,sender,874,false,32,2,recipient_bits=16;location_bytes=32,13602,68,measured,ok,unavailable,rustc,nightly-2021-05-06,Release,JerryZ
1787147282923530911,PPS-GC,sender_signaling,pps_gc_sender_preparation,sender,874,false,32,2,recipient_bits=16;location_bytes=32,1204,68,measured,ok,unavailable,rustc,nightly-2021-05-06,Release,JerryZ
1787147282924650191,PPS-GC,sender_signaling,message_encryption,sender,874,false,32,2,recipient_bits=16;location_bytes=32,-1,,not_applicable,not_applicable,unavailable,rustc,nightly-2021-05-06,Release,JerryZ
1787147282925766965,PPS-GC,sender_signaling,pps_gc_sender_total_signaling,sender,874,false,32,2,recipient_bits=16;location_bytes=32,9946,68,measured,ok,unavailable,rustc,nightly-2021-05-06,Release,JerryZ
1787147282926892059,PPS-GC,sender_signaling,pps_gc_share_generation,sender,875,false,32,2,recipient_bits=16;location_bytes=32,21334,68,measured,ok,unavailable,rustc,nightly-2021-05-06,Release,JerryZ
1787147282928259063,PPS-GC,sender_signaling,pps_gc_sender_preparation,sender,875,false,32,2,recipient_bits=16;location_bytes=32,285,68,measured,ok,unavailable,rustc,nightly-2021-05-06,Release,JerryZ
1787147282929721822,PPS-GC,sender_signaling,message_encryption,sender,875,false,32,2,recipient_bits=16;location_bytes=32,-1,,not_applicable,not_applicable,unavailable,rustc,nightly-2021-05-06,Release,JerryZ
1787147282930861624,PPS-GC,sender_signaling,pps_gc_sender_total_signaling,sender,875,false,32,2,recipient_bits=16;location_bytes=32,9845,68,measured,ok,unavailable,rustc,nightly-2021-05-06,Release,JerryZ
1787147282931971841,PPS-GC,sender_signaling,pps_gc_share_generation,sender,876,false,32,2,recipient_bits=16;location_bytes=32,9533,68,measured,ok,unavailable,rustc,nightly-2021-05-06,Release,JerryZ
1787147282933103446,PPS-GC,sender_signaling,pps_gc_sender_preparation,sender,876,false,32,2,recipient_bits=16;location_bytes=32,147,68,measured,ok,unavailable,rustc,nightly-2021-05-06,Release,JerryZ
1787147282934400869,PPS-GC,sender_signaling,message_encryption,sender,876,false,32,2,recipient_bits=16;location_bytes=32,-1,,not_applicable,not_applicable,unavailable,rustc,nightly-2021-05-06,Release,JerryZ
1787147282936319887,PPS-GC,sender_signaling,pps_gc_sender_total_signaling,sender,876,false,32,2,recipient_bits=16;location_bytes=32,12636,68,measured,ok,unavailable,rustc,nightly-2021-05-06,Release,JerryZ
1787147282937827660,PPS-GC,sender_signaling,pps_gc_share_generation,sender,877,false,32,2,recipient_bits=16;location_bytes=32,10947,68,measured,ok,unavailable,rustc,nightly-2021-05-06,Release,JerryZ
1787147282939205790,PPS-GC,sender_signaling,pps_gc_sender_preparation,sender,877,false,32,2,recipient_bits=16;location_bytes=32,450,68,measured,ok,unavailable,rustc,nightly-2021-05-06,Release,JerryZ
1787147282940536321,PPS-GC,sender_signaling,message_encryption,sender,877,false,32,2,recipient_bits=16;location_bytes=32,-1,,not_applicable,not_applicable,unavailable,rustc,nightly-2021-05-06,Release,JerryZ
1787147282942104891,PPS-GC,sender_signaling,pps_gc_sender_total_signaling,sender,877,false,32,2,recipient_bits=16;location_bytes=32,9991,68,measured,ok,unavailable,rustc,nightly-2021-05-06,Release,JerryZ
1787147282943318682,PPS-GC,sender_signaling,pps_gc_share_generation,sender,878,false,32,2,recipient_bits=16;location_bytes=32,9689,68,measured,ok,unavailable,rustc,nightly-2021-05-06,Release,JerryZ
1787147282944432944,PPS-GC,sender_signaling,pps_gc_sender_preparation,sender,878,false,32,2,recipient_bits=16;location_bytes=32,220,68,measured,ok,unavailable,rustc,nightly-2021-05-06,Release,JerryZ
1787147282945960990,PPS-GC,sender_signaling,message_encryption,sender,878,false,32,2,recipient_bits=16;location_bytes=32,-1,,not_applicable,not_applicable,unavailable,rustc,nightly-2021-05-06,Release,JerryZ
1787147282947170502,PPS-GC,sender_signaling,pps_gc_sender_total_signaling,sender,878,false,32,2,recipient_bits=16;location_bytes=32,9809,68,measured,ok,unavailable,rustc,nightly-2021-05-06,Release,JerryZ
1787147282948400929,PPS-GC,sender_signaling,pps_gc_share_generation,sender,879,false,32,2,recipient_bits=16;location_bytes=32,21288,68,measured,ok,unavailable,rustc,nightly-2021-05-06,Release,JerryZ
1787147282949869285,PPS-GC,sender_signaling,pps_gc_sender_preparation,sender,879,false,32,2,recipient_bits=16;location_bytes=32,285,68,measured,ok,unavailable,rustc,nightly-2021-05-06,Release,JerryZ
1787147282951459680,PPS-GC,sender_signaling,message_encryption,sender,879,false,32,2,recipient_bits=16;location_bytes=32,-1,,not_applicable,not_applicable,unavailable,rustc,nightly-2021-05-06,Release,JerryZ
1787147282953205842,PPS-GC,sender_signaling,pps_gc_sender_total_signaling,sender,879,false,32,2,recipient_bits=16;location_bytes=32,14483,68,measured,ok,unavailable,rustc,nightly-2021-05-06,Release,JerryZ
1787147282955003953,PPS-GC,sender_signaling,pps_gc_share_generation,sender,880,false,32,2,recipient_bits=16;location_bytes=32,11609,68,measured,ok,unavailable,rustc,nightly-2021-05-06,Release,JerryZ
1787147282956220417,PPS-GC,sender_signaling,pps_gc_sender_preparation,sender,880,false,32,2,recipient_bits=16;location_bytes=32,1635,68,measured,ok,unavailable,rustc,nightly-2021-05-06,Release,JerryZ
1787147282957399512,PPS-GC,sender_signaling,message_encryption,sender,880,false,32,2,recipient_bits=16;location_bytes=32,-1,,not_applicable,not_applicable,unavailable,rustc,nightly-2021-05-06,Release,JerryZ
1787147282958760188,PPS-GC,sender_signaling,pps_gc_sender_total_signaling,sender,880,false,32,2,recipient_bits=16;location_bytes=32,10653,68,measured,ok,unavailable,rustc,nightly-2021-05-06,Release,JerryZ
1787147282959910437,PPS-GC,sender_signaling,pps_gc_share_generation,sender,881,false,32,2,recipient_bits=16;location_bytes=32,9716,68,measured,ok,unavailable,rustc,nightly-2021-05-06,Release,JerryZ
1787147282961239686,PPS-GC,sender_signaling,pps_gc_sender_preparation,sender,881,false,32,2,recipient_bits=16;location_bytes=32,146,68,measured,ok,unavailable,rustc,nightly-2021-05-06,Release,JerryZ
1787147282962382404,PPS-GC,sender_signaling,message_encryption,sender,881,false,32,2,recipient_bits=16;location_bytes=32,-1,,not_applicable,not_applicable,unavailable,rustc,nightly-2021-05-06,Release,JerryZ
1787147282963505625,PPS-GC,sender_signaling,pps_gc_sender_total_signaling,sender,881,false,32,2,recipient_bits=16;location_bytes=32,9662,68,measured,ok,unavailable,rustc,nightly-2021-05-06,Release,JerryZ
1787147282965082308,PPS-GC,sender_signaling,pps_gc_share_generation,sender,882,false,32,2,recipient_bits=16;location_bytes=32,10497,68,measured,ok,unavailable,rustc,nightly-2021-05-06,Release,JerryZ
1787147282966841803,PPS-GC,sender_signaling,pps_gc_sender_preparation,sender,882,false,32,2,recipient_bits=16;location_bytes=32,147,68,measured,ok,unavailable,rustc,nightly-2021-05-06,Release,JerryZ
1787147282968531011,PPS-GC,sender_signaling,message_encryption,sender,882,false,32,2,recipient_bits=16;location_bytes=32,-1,,not_applicable,not_applicable,unavailable,rustc,nightly-2021-05-06,Release,JerryZ
1787147282969848505,PPS-GC,sender_signaling,pps_gc_sender_total_signaling,sender,882,false,32,2,recipient_bits=16;location_bytes=32,22491,68,measured,ok,unavailable,rustc,nightly-2021-05-06,Release,JerryZ
1787147282971030511,PPS-GC,sender_signaling,pps_gc_share_generation,sender,883,false,32,2,recipient_bits=16;location_bytes=32,9633,68,measured,ok,unavailable,rustc,nightly-2021-05-06,Release,JerryZ
1787147282972398580,PPS-GC,sender_signaling,pps_gc_sender_preparation,sender,883,false,32,2,recipient_bits=16;location_bytes=32,147,68,measured,ok,unavailable,rustc,nightly-2021-05-06,Release,JerryZ
1787147282973736279,PPS-GC,sender_signaling,message_encryption,sender,883,false,32,2,recipient_bits=16;location_bytes=32,-1,,not_applicable,not_applicable,unavailable,rustc,nightly-2021-05-06,Release,JerryZ
1787147282974899376,PPS-GC,sender_signaling,pps_gc_sender_total_signaling,sender,883,false,32,2,recipient_bits=16;location_bytes=32,10516,68,measured,ok,unavailable,rustc,nightly-2021-05-06,Release,JerryZ
1787147282976412502,PPS-GC,sender_signaling,pps_gc_share_generation,sender,884,false,32,2,recipient_bits=16;location_bytes=32,9560,68,measured,ok,unavailable,rustc,nightly-2021-05-06,Release,JerryZ
1787147282977571108,PPS-GC,sender_signaling,pps_gc_sender_preparation,sender,884,false,32,2,recipient_bits=16;location_bytes=32,221,68,measured,ok,unavailable,rustc,nightly-2021-05-06,Release,JerryZ
1787147282981124621,PPS-GC,sender_signaling,message_encryption,sender,884,false,32,2,recipient_bits=16;location_bytes=32,-1,,not_applicable,not_applicable,unavailable,rustc,nightly-2021-05-06,Release,JerryZ
1787147282982922573,PPS-GC,sender_signaling,pps_gc_sender_total_signaling,sender,884,false,32,2,recipient_bits=16;location_bytes=32,11333,68,measured,ok,unavailable,rustc,nightly-2021-05-06,Release,JerryZ
1787147282984101141,PPS-GC,sender_signaling,pps_gc_share_generation,sender,885,false,32,2,recipient_bits=16;location_bytes=32,9606,68,measured,ok,unavailable,rustc,nightly-2021-05-06,Release,JerryZ
1787147282985251160,PPS-GC,sender_signaling,pps_gc_sender_preparation,sender,885,false,32,2,recipient_bits=16;location_bytes=32,147,68,measured,ok,unavailable,rustc,nightly-2021-05-06,Release,JerryZ
1787147282986703918,PPS-GC,sender_signaling,message_encryption,sender,885,false,32,2,recipient_bits=16;location_bytes=32,-1,,not_applicable,not_applicable,unavailable,rustc,nightly-2021-05-06,Release,JerryZ
1787147282987957585,PPS-GC,sender_signaling,pps_gc_sender_total_signaling,sender,885,false,32,2,recipient_bits=16;location_bytes=32,10773,68,measured,ok,unavailable,rustc,nightly-2021-05-06,Release,JerryZ
1787147282989288892,PPS-GC,sender_signaling,pps_gc_share_generation,sender,886,false,32,2,recipient_bits=16;location_bytes=32,9946,68,measured,ok,unavailable,rustc,nightly-2021-05-06,Release,JerryZ
1787147282990533233,PPS-GC,sender_signaling,pps_gc_sender_preparation,sender,886,false,32,2,recipient_bits=16;location_bytes=32,680,68,measured,ok,unavailable,rustc,nightly-2021-05-06,Release,JerryZ
1787147282991702074,PPS-GC,sender_signaling,message_encryption,sender,886,false,32,2,recipient_bits=16;location_bytes=32,-1,,not_applicable,not_applicable,unavailable,rustc,nightly-2021-05-06,Release,JerryZ
1787147282993218112,PPS-GC,sender_signaling,pps_gc_sender_total_signaling,sender,886,false,32,2,recipient_bits=16;location_bytes=32,10607,68,measured,ok,unavailable,rustc,nightly-2021-05-06,Release,JerryZ
1787147282994436095,PPS-GC,sender_signaling,pps_gc_share_generation,sender,887,false,32,2,recipient_bits=16;location_bytes=32,9707,68,measured,ok,unavailable,rustc,nightly-2021-05-06,Release,JerryZ
1787147282995582055,PPS-GC,sender_signaling,pps_gc_sender_preparation,sender,887,false,32,2,recipient_bits=16;location_bytes=32,138,68,measured,ok,unavailable,rustc,nightly-2021-05-06,Release,JerryZ
1787147282997165893,PPS-GC,sender_signaling,message_encryption,sender,887,false,32,2,recipient_bits=16;location_bytes=32,-1,,not_applicable,not_applicable,unavailable,rustc,nightly-2021-05-06,Release,JerryZ
1787147282998991438,PPS-GC,sender_signaling,pps_gc_sender_total_signaling,sender,887,false,32,2,recipient_bits=16;location_bytes=32,10947,68,measured,ok,unavailable,rustc,nightly-2021-05-06,Release,JerryZ
1787147283000237978,PPS-GC,sender_signaling,pps_gc_share_generation,sender,888,false,32,2,recipient_bits=16;location_bytes=32,9708,68,measured,ok,unavailable,rustc,nightly-2021-05-06,Release,JerryZ
1787147283001377651,PPS-GC,sender_signaling,pps_gc_sender_preparation,sender,888,false,32,2,recipient_bits=16;location_bytes=32,147,68,measured,ok,unavailable,rustc,nightly-2021-05-06,Release,JerryZ
1787147283002992617,PPS-GC,sender_signaling,message_encryption,sender,888,false,32,2,recipient_bits=16;location_bytes=32,-1,,not_applicable,not_applicable,unavailable,rustc,nightly-2021-05-06,Release,JerryZ
1787147283004414843,PPS-GC,sender_signaling,pps_gc_sender_total_signaling,sender,888,false,32,2,recipient_bits=16;location_bytes=32,10800,68,measured,ok,unavailable,rustc,nightly-2021-05-06,Release,JerryZ
1787147283005744625,PPS-GC,sender_signaling,pps_gc_share_generation,sender,889,false,32,2,recipient_bits=16;location_bytes=32,9744,68,measured,ok,unavailable,rustc,nightly-2021-05-06,Release,JerryZ
1787147283007043963,PPS-GC,sender_signaling,pps_gc_sender_preparation,sender,889,false,32,2,recipient_bits=16;location_bytes=32,147,68,measured,ok,unavailable,rustc,nightly-2021-05-06,Release,JerryZ
1787147283008178416,PPS-GC,sender_signaling,message_encryption,sender,889,false,32,2,recipient_bits=16;location_bytes=32,-1,,not_applicable,not_applicable,unavailable,rustc,nightly-2021-05-06,Release,JerryZ
1787147283009309617,PPS-GC,sender_signaling,pps_gc_sender_total_signaling,sender,889,false,32,2,recipient_bits=16;location_bytes=32,9744,68,measured,ok,unavailable,rustc,nightly-2021-05-06,Release,JerryZ
1787147283010835877,PPS-GC,sender_signaling,pps_gc_share_generation,sender,890,false,32,2,recipient_bits=16;location_bytes=32,21462,68,measured,ok,unavailable,rustc,nightly-2021-05-06,Release,JerryZ
1787147283012216427,PPS-GC,sender_signaling,pps_gc_sender_preparation,sender,890,false,32,2,recipient_bits=16;location_bytes=32,284,68,measured,ok,unavailable,rustc,nightly-2021-05-06,Release,JerryZ
1787147283013574927,PPS-GC,sender_signaling,message_encryption,sender,890,false,32,2,recipient_bits=16;location_bytes=32,-1,,not_applicable,not_applicable,unavailable,rustc,nightly-2021-05-06,Release,JerryZ
1787147283014834481,PPS-GC,sender_signaling,pps_gc_sender_total_signaling,sender,890,false,32,2,recipient_bits=16;location_bytes=32,12472,68,measured,ok,unavailable,rustc,nightly-2021-05-06,Release,JerryZ
1787147283016022961,PPS-GC,sender_signaling,pps_gc_share_generation,sender,891,false,32,2,recipient_bits=16;location_bytes=32,9607,68,measured,ok,unavailable,rustc,nightly-2021-05-06,Release,JerryZ
1787147283017406386,PPS-GC,sender_signaling,pps_gc_sender_preparation,sender,891,false,32,2,recipient_bits=16;location_bytes=32,138,68,measured,ok,unavailable,rustc,nightly-2021-05-06,Release,JerryZ
1787147283018582267,PPS-GC,sender_signaling,message_encryption,sender,891,false,32,2,recipient_bits=16;location_bytes=32,-1,,not_applicable,not_applicable,unavailable,rustc,nightly-2021-05-06,Release,JerryZ
1787147283019705377,PPS-GC,sender_signaling,pps_gc_sender_total_signaling,sender,891,false,32,2,recipient_bits=16;location_bytes=32,9763,68,measured,ok,unavailable,rustc,nightly-2021-05-06,Release,JerryZ
1787147283020845533,PPS-GC,sender_signaling,pps_gc_share_generation,sender,892,false,32,2,recipient_bits=16;location_bytes=32,9487,68,measured,ok,unavailable,rustc,nightly-2021-05-06,Release,JerryZ
1787147283022338676,PPS-GC,sender_signaling,pps_gc_sender_preparation,sender,892,false,32,2,recipient_bits=16;location_bytes=32,147,68,measured,ok,unavailable,rustc,nightly-2021-05-06,Release,JerryZ
1787147283023509615,PPS-GC,sender_signaling,message_encryption,sender,892,false,32,2,recipient_bits=16;location_bytes=32,-1,,not_applicable,not_applicable,unavailable,rustc,nightly-2021-05-06,Release,JerryZ
1787147283024667789,PPS-GC,sender_signaling,pps_gc_sender_total_signaling,sender,892,false,32,2,recipient_bits=16;location_bytes=32,10534,68,measured,ok,unavailable,rustc,nightly-2021-05-06,Release,JerryZ
1787147283026013753,PPS-GC,sender_signaling,pps_gc_share_generation,sender,893,false,32,2,recipient_bits=16;location_bytes=32,20801,68,measured,ok,unavailable,rustc,nightly-2021-05-06,Release,JerryZ
1787147283027833067,PPS-GC,sender_signaling,pps_gc_sender_preparation,sender,893,false,32,2,recipient_bits=16;location_bytes=32,258,68,measured,ok,unavailable,rustc,nightly-2021-05-06,Release,JerryZ
1787147283029988397,PPS-GC,sender_signaling,message_encryption,sender,893,false,32,2,recipient_bits=16;location_bytes=32,-1,,not_applicable,not_applicable,unavailable,rustc,nightly-2021-05-06,Release,JerryZ
1787147283031304959,PPS-GC,sender_signaling,pps_gc_sender_total_signaling,sender,893,false,32,2,recipient_bits=16;location_bytes=32,11122,68,measured,ok,unavailable,rustc,nightly-2021-05-06,Release,JerryZ
1787147283032778500,PPS-GC,sender_signaling,pps_gc_share_generation,sender,894,false,32,2,recipient_bits=16;location_bytes=32,13831,68,measured,ok,unavailable,rustc,nightly-2021-05-06,Release,JerryZ
1787147283034019600,PPS-GC,sender_signaling,pps_gc_sender_preparation,sender,894,false,32,2,recipient_bits=16;location_bytes=32,221,68,measured,ok,unavailable,rustc,nightly-2021-05-06,Release,JerryZ
1787147283035361119,PPS-GC,sender_signaling,message_encryption,sender,894,false,32,2,recipient_bits=16;location_bytes=32,-1,,not_applicable,not_applicable,unavailable,rustc,nightly-2021-05-06,Release,JerryZ
1787147283036696788,PPS-GC,sender_signaling,pps_gc_sender_total_signaling,sender,894,false,32,2,recipient_bits=16;location_bytes=32,10378,68,measured,ok,unavailable,rustc,nightly-2021-05-06,Release,JerryZ
1787147283037910078,PPS-GC,sender_signaling,pps_gc_share_generation,sender,895,false,32,2,recipient_bits=16;location_bytes=32,9514,68,measured,ok,unavailable,rustc,nightly-2021-05-06,Release,JerryZ
1787147283039016723,PPS-GC,sender_signaling,pps_gc_sender_preparation,sender,895,false,32,2,recipient_bits=16;location_bytes=32,147,68,measured,ok,unavailable,rustc,nightly-2021-05-06,Release,JerryZ
1787147283040415833,PPS-GC,sender_signaling,message_encryption,sender,895,false,32,2,recipient_bits=16;location_bytes=32,-1,,not_applicable,not_applicable,unavailable,rustc,nightly-2021-05-06,Release,JerryZ
1787147283041703760,PPS-GC,sender_signaling,pps_gc_sender_total_signaling,sender,895,false,32,2,recipient_bits=16;location_bytes=32,22638,68,measured,ok,unavailable,rustc,nightly-2021-05-06,Release,JerryZ
1787147283043230304,PPS-GC,sender_signaling,pps_gc_share_generation,sender,896,false,32,2,recipient_bits=16;location_bytes=32,10396,68,measured,ok,unavailable,rustc,nightly-2021-05-06,Release,JerryZ
1787147283044584217,PPS-GC,sender_signaling,pps_gc_sender_preparation,sender,896,false,32,2,recipient_bits=16;location_bytes=32,588,68,measured,ok,unavailable,rustc,nightly-2021-05-06,Release,JerryZ
1787147283045999665,PPS-GC,sender_signaling,message_encryption,sender,896,false,32,2,recipient_bits=16;location_bytes=32,-1,,not_applicable,not_applicable,unavailable,rustc,nightly-2021-05-06,Release,JerryZ
1787147283047365273,PPS-GC,sender_signaling,pps_gc_sender_total_signaling,sender,896,false,32,2,recipient_bits=16;location_bytes=32,10157,68,measured,ok,unavailable,rustc,nightly-2021-05-06,Release,JerryZ
1787147283048494914,PPS-GC,sender_signaling,pps_gc_share_generation,sender,897,false,32,2,recipient_bits=16;location_bytes=32,9588,68,measured,ok,unavailable,rustc,nightly-2021-05-06,Release,JerryZ
1787147283049884243,PPS-GC,sender_signaling,pps_gc_sender_preparation,sender,897,false,32,2,recipient_bits=16;location_bytes=32,146,68,measured,ok,unavailable,rustc,nightly-2021-05-06,Release,JerryZ
1787147283051298773,PPS-GC,sender_signaling,message_encryption,sender,897,false,32,2,recipient_bits=16;location_bytes=32,-1,,not_applicable,not_applicable,unavailable,rustc,nightly-2021-05-06,Release,JerryZ
1787147283053005099,PPS-GC,sender_signaling,pps_gc_sender_total_signaling,sender,897,false,32,2,recipient_bits=16;location_bytes=32,10571,68,measured,ok,unavailable,rustc,nightly-2021-05-06,Release,JerryZ
1787147283054173210,PPS-GC,sender_signaling,pps_gc_share_generation,sender,898,false,32,2,recipient_bits=16;location_bytes=32,9607,68,measured,ok,unavailable,rustc,nightly-2021-05-06,Release,JerryZ
1787147283055350046,PPS-GC,sender_signaling,pps_gc_sender_preparation,sender,898,false,32,2,recipient_bits=16;location_bytes=32,138,68,measured,ok,unavailable,rustc,nightly-2021-05-06,Release,JerryZ
1787147283056641476,PPS-GC,sender_signaling,message_encryption,sender,898,false,32,2,recipient_bits=16;location_bytes=32,-1,,not_applicable,not_applicable,unavailable,rustc,nightly-2021-05-06,Release,JerryZ
1787147283059327756,PPS-GC,sender_signaling,pps_gc_sender_total_signaling,sender,898,false,32,2,recipient_bits=16;location_bytes=32,11682,68,measured,ok,unavailable,rustc,nightly-2021-05-06,Release,JerryZ
1787147283060706874,PPS-GC,sender_signaling,pps_gc_share_generation,sender,899,false,32,2,recipient_bits=16;location_bytes=32,10047,68,measured,ok,unavailable,rustc,nightly-2021-05-06,Release,JerryZ
1787147283062496046,PPS-GC,sender_signaling,pps_gc_sender_preparation,sender,899,false,32,2,recipient_bits=16;location_bytes=32,588,68,measured,ok,unavailable,rustc,nightly-2021-05-06,Release,JerryZ
1787147283063946678,PPS-GC,sender_signaling,message_encryption,sender,899,false,32,2,recipient_bits=16;location_bytes=32,-1,,not_applicable,not_applicable,unavailable,rustc,nightly-2021-05-06,Release,JerryZ
1787147283065169092,PPS-GC,sender_signaling,pps_gc_sender_total_signaling,sender,899,false,32,2,recipient_bits=16;location_bytes=32,22344,68,measured,ok,unavailable,rustc,nightly-2021-05-06,Release,JerryZ
1787147283066756755,PPS-GC,sender_signaling,pps_gc_share_generation,sender,900,false,32,2,recipient_bits=16;location_bytes=32,10203,68,measured,ok,unavailable,rustc,nightly-2021-05-06,Release,JerryZ
1787147283067941350,PPS-GC,sender_signaling,pps_gc_sender_preparation,sender,900,false,32,2,recipient_bits=16;location_bytes=32,230,68,measured,ok,unavailable,rustc,nightly-2021-05-06,Release,JerryZ
1787147283069053799,PPS-GC,sender_signaling,message_encryption,sender,900,false,32,2,recipient_bits=16;location_bytes=32,-1,,not_applicable,not_applicable,unavailable,rustc,nightly-2021-05-06,Release,JerryZ
1787147283070250223,PPS-GC,sender_signaling,pps_gc_sender_total_signaling,sender,900,false,32,2,recipient_bits=16;location_bytes=32,9946,68,measured,ok,unavailable,rustc,nightly-2021-05-06,Release,JerryZ
1787147283071760306,PPS-GC,sender_signaling,pps_gc_share_generation,sender,901,false,32,2,recipient_bits=16;location_bytes=32,21416,68,measured,ok,unavailable,rustc,nightly-2021-05-06,Release,JerryZ
1787147283073523135,PPS-GC,sender_signaling,pps_gc_sender_preparation,sender,901,false,32,2,recipient_bits=16;location_bytes=32,285,68,measured,ok,unavailable,rustc,nightly-2021-05-06,Release,JerryZ
1787147283075026482,PPS-GC,sender_signaling,message_encryption,sender,901,false,32,2,recipient_bits=16;location_bytes=32,-1,,not_applicable,not_applicable,unavailable,rustc,nightly-2021-05-06,Release,JerryZ
1787147283076279672,PPS-GC,sender_signaling,pps_gc_sender_total_signaling,sender,901,false,32,2,recipient_bits=16;location_bytes=32,10589,68,measured,ok,unavailable,rustc,nightly-2021-05-06,Release,JerryZ
1787147283077433448,PPS-GC,sender_signaling,pps_gc_share_generation,sender,902,false,32,2,recipient_bits=16;location_bytes=32,9541,68,measured,ok,unavailable,rustc,nightly-2021-05-06,Release,JerryZ
1787147283078988278,PPS-GC,sender_signaling,pps_gc_sender_preparation,sender,902,false,32,2,recipient_bits=16;location_bytes=32,147,68,measured,ok,unavailable,rustc,nightly-2021-05-06,Release,JerryZ
1787147283080219316,PPS-GC,sender_signaling,message_encryption,sender,902,false,32,2,recipient_bits=16;location_bytes=32,-1,,not_applicable,not_applicable,unavailable,rustc,nightly-2021-05-06,Release,JerryZ
1787147283081521134,PPS-GC,sender_signaling,pps_gc_sender_total_signaling,sender,902,false,32,2,recipient_bits=16;location_bytes=32,10313,68,measured,ok,unavailable,rustc,nightly-2021-05-06,Release,JerryZ
1787147283082758050,PPS-GC,sender_signaling,pps_gc_share_generation,sender,903,false,32,2,recipient_bits=16;location_bytes=32,9514,68,measured,ok,unavailable,rustc,nightly-2021-05-06,Release,JerryZ
1787147283084164741,PPS-GC,sender_signaling,pps_gc_sender_preparation,sender,903,false,32,2,recipient_bits=16;location_bytes=32,138,68,measured,ok,unavailable,rustc,nightly-2021-05-06,Release,JerryZ
1787147283085483067,PPS-GC,sender_signaling,message_encryption,sender,903,false,32,2,recipient_bits=16;location_bytes=32,-1,,not_applicable,not_applicable,unavailable,rustc,nightly-2021-05-06,Release,JerryZ
1787147283086783355,PPS-GC,sender_signaling,pps_gc_sender_total_signaling,sender,903,false,32,2,recipient_bits=16;location_bytes=32,9927,68,measured,ok,unavailable,rustc,nightly-2021-05-06,Release,JerryZ
1787147283088426786,PPS-GC,sender_signaling,pps_gc_share_generation,sender,904,false,32,2,recipient_bits=16;location_bytes=32,9901,68,measured,ok,unavailable,rustc,nightly-2021-05-06,Release,JerryZ
1787147283090126656,PPS-GC,sender_signaling,pps_gc_sender_preparation,sender,904,false,32,2,recipient_bits=16;location_bytes=32,276,68,measured,ok,unavailable,rustc,nightly-2021-05-06,Release,JerryZ
1787147283091625759,PPS-GC,sender_signaling,message_encryption,sender,904,false,32,2,recipient_bits=16;location_bytes=32,-1,,not_applicable,not_applicable,unavailable,rustc,nightly-2021-05-06,Release,JerryZ
1787147283093436022,PPS-GC,sender_signaling,pps_gc_sender_total_signaling,sender,904,false,32,2,recipient_bits=16;location_bytes=32,11489,68,measured,ok,unavailable,rustc,nightly-2021-05-06,Release,JerryZ
1787147283094802323,PPS-GC,sender_signaling,pps_gc_share_generation,sender,905,false,32,2,recipient_bits=16;location_bytes=32,9919,68,measured,ok,unavailable,rustc,nightly-2021-05-06,Release,JerryZ
1787147283096174787,PPS-GC,sender_signaling,pps_gc_sender_preparation,sender,905,false,32,2,recipient_bits=16;location_bytes=32,386,68,measured,ok,unavailable,rustc,nightly-2021-05-06,Release,JerryZ
1787147283097773860,PPS-GC,sender_signaling,message_encryption,sender,905,false,32,2,recipient_bits=16;location_bytes=32,-1,,not_applicable,not_applicable,unavailable,rustc,nightly-2021-05-06,Release,JerryZ
1787147283098908928,PPS-GC,sender_signaling,pps_gc_sender_total_signaling,sender,905,false,32,2,recipient_bits=16;location_bytes=32,10405,68,measured,ok,unavailable,rustc,nightly-2021-05-06,Release,JerryZ
1787147283100059415,PPS-GC,sender_signaling,pps_gc_share_generation,sender,906,false,32,2,recipient_bits=16;location_bytes=32,9551,68,measured,ok,unavailable,rustc,nightly-2021-05-06,Release,JerryZ
1787147283101174913,PPS-GC,sender_signaling,pps_gc_sender_preparation,sender,906,false,32,2,recipient_bits=16;location_bytes=32,147,68,measured,ok,unavailable,rustc,nightly-2021-05-06,Release,JerryZ
1787147283102406585,PPS-GC,sender_signaling,message_encryption,sender,906,false,32,2,recipient_bits=16;location_bytes=32,-1,,not_applicable,not_applicable,unavailable,rustc,nightly-2021-05-06,Release,JerryZ
1787147283104020118,PPS-GC,sender_signaling,pps_gc_sender_total_signaling,sender,906,false,32,2,recipient_bits=16;location_bytes=32,12003,68,measured,ok,unavailable,rustc,nightly-2021-05-06,Release,JerryZ
1787147283105502020,PPS-GC,sender_signaling,pps_gc_share_generation,sender,907,false,32,2,recipient_bits=16;location_bytes=32,9928,68,measured,ok,unavailable,rustc,nightly-2021-05-06,Release,JerryZ
1787147283106770955,PPS-GC,sender_signaling,pps_gc_sender_preparation,sender,907,false,32,2,recipient_bits=16;location_bytes=32,505,68,measured,ok,unavailable,rustc,nightly-2021-05-06,Release,JerryZ
1787147283107860990,PPS-GC,sender_signaling,message_encryption,sender,907,false,32,2,recipient_bits=16;location_bytes=32,-1,,not_applicable,not_applicable,unavailable,rustc,nightly-2021-05-06,Release,JerryZ
1787147283109302355,PPS-GC,sender_signaling,pps_gc_sender_total_signaling,sender,907,false,32,2,recipient_bits=16;location_bytes=32,31960,68,measured,ok,unavailable,rustc,nightly-2021-05-06,Release,JerryZ
1787147283110672188,PPS-GC,sender_signaling,pps_gc_share_generation,sender,908,false,32,2,recipient_bits=16;location_bytes=32,9542,68,measured,ok,unavailable,rustc,nightly-2021-05-06,Release,JerryZ
1787147283111840749,PPS-GC,sender_signaling,pps_gc_sender_preparation,sender,908,false,32,2,recipient_bits=16;location_bytes=32,147,68,measured,ok,unavailable,rustc,nightly-2021-05-06,Release,JerryZ
1787147283112950056,PPS-GC,sender_signaling,message_encryption,sender,908,false,32,2,recipient_bits=16;location_bytes=32,-1,,not_applicable,not_applicable,unavailable,rustc,nightly-2021-05-06,Release,JerryZ
1787147283114508349,PPS-GC,sender_signaling,pps_gc_sender_total_signaling,sender,908,false,32,2,recipient_bits=16;location_bytes=32,10139,68,measured,ok,unavailable,rustc,nightly-2021-05-06,Release,JerryZ
1787147283115636115,PPS-GC,sender_signaling,pps_gc_share_generation,sender,909,false,32,2,recipient_bits=16;location_bytes=32,9845,68,measured,ok,unavailable,rustc,nightly-2021-05-06,Release,JerryZ
1787147283116772047,PPS-GC,sender_signaling,pps_gc_sender_preparation,sender,909,false,32,2,recipient_bits=16;location_bytes=32,157,68,measured,ok,unavailable,rustc,nightly-2021-05-06,Release,JerryZ
1787147283118423426,PPS-GC,sender_signaling,message_encryption,sender,909,false,32,2,recipient_bits=16;location_bytes=32,-1,,not_applicable,not_applicable,unavailable,rustc,nightly-2021-05-06,Release,JerryZ
1787147283120177457,PPS-GC,sender_signaling,pps_gc_sender_total_signaling,sender,909,false,32,2,recipient_bits=16;location_bytes=32,15677,68,measured,ok,unavailable,rustc,nightly-2021-05-06,Release,JerryZ
1787147283122325169,PPS-GC,sender_signaling,pps_gc_share_generation,sender,910,false,32,2,recipient_bits=16;location_bytes=32,10442,68,measured,ok,unavailable,rustc,nightly-2021-05-06,Release,JerryZ
1787147283123769335,PPS-GC,sender_signaling,pps_gc_sender_preparation,sender,910,false,32,2,recipient_bits=16;location_bytes=32,386,68,measured,ok,unavailable,rustc,nightly-2021-05-06,Release,JerryZ
1787147283124999153,PPS-GC,sender_signaling,message_encryption,sender,910,false,32,2,recipient_bits=16;location_bytes=32,-1,,not_applicable,not_applicable,unavailable,rustc,nightly-2021-05-06,Release,JerryZ
1787147283126168045,PPS-GC,sender_signaling,pps_gc_sender_total_signaling,sender,910,false,32,2,recipient_bits=16;location_bytes=32,11562,68,measured,ok,unavailable,rustc,nightly-2021-05-06,Release,JerryZ
1787147283127648941,PPS-GC,sender_signaling,pps_gc_share_generation,sender,911,false,32,2,recipient_bits=16;location_bytes=32,9817,68,measured,ok,unavailable,rustc,nightly-2021-05-06,Release,JerryZ
1787147283128869882,PPS-GC,sender_signaling,pps_gc_sender_preparation,sender,911,false,32,2,recipient_bits=16;location_bytes=32,211,68,measured,ok,unavailable,rustc,nightly-2021-05-06,Release,JerryZ
1787147283130060245,PPS-GC,sender_signaling,message_encryption,sender,911,false,32,2,recipient_bits=16;location_bytes=32,-1,,not_applicable,not_applicable,unavailable,rustc,nightly-2021-05-06,Release,JerryZ
1787147283131186846,PPS-GC,sender_signaling,pps_gc_sender_total_signaling,sender,911,false,32,2,recipient_bits=16;location_bytes=32,9973,68,measured,ok,unavailable,rustc,nightly-2021-05-06,Release,JerryZ
1787147283132293481,PPS-GC,sender_signaling,pps_gc_share_generation,sender,912,false,32,2,recipient_bits=16;location_bytes=32,9477,68,measured,ok,unavailable,rustc,nightly-2021-05-06,Release,JerryZ
1787147283133859855,PPS-GC,sender_signaling,pps_gc_sender_preparation,sender,912,false,32,2,recipient_bits=16;location_bytes=32,138,68,measured,ok,unavailable,rustc,nightly-2021-05-06,Release,JerryZ
1787147283135489671,PPS-GC,sender_signaling,message_encryption,sender,912,false,32,2,recipient_bits=16;location_bytes=32,-1,,not_applicable,not_applicable,unavailable,rustc,nightly-2021-05-06,Release,JerryZ
1787147283136882105,PPS-GC,sender_signaling,pps_gc_sender_total_signaling,sender,912,false,32,2,recipient_bits=16;location_bytes=32,11342,68,measured,ok,unavailable,rustc,nightly-2021-05-06,Release,JerryZ
1787147283138115163,PPS-GC,sender_signaling,pps_gc_share_generation,sender,913,false,32,2,recipient_bits=16;location_bytes=32,9707,68,measured,ok,unavailable,rustc,nightly-2021-05-06,Release,JerryZ
1787147283139441841,PPS-GC,sender_signaling,pps_gc_sender_preparation,sender,913,false,32,2,recipient_bits=16;location_bytes=32,147,68,measured,ok,unavailable,rustc,nightly-2021-05-06,Release,JerryZ
1787147283140574306,PPS-GC,sender_signaling,message_encryption,sender,913,false,32,2,recipient_bits=16;location_bytes=32,-1,,not_applicable,not_applicable,unavailable,rustc,nightly-2021-05-06,Release,JerryZ
1787147283142057998,PPS-GC,sender_signaling,pps_gc_sender_total_signaling,sender,913,false,32,2,recipient_bits=16;location_bytes=32,9762,68,measured,ok,unavailable,rustc,nightly-2021-05-06,Release,JerryZ
1787147283143642042,PPS-GC,sender_signaling,pps_gc_share_generation,sender,914,false,32,2,recipient_bits=16;location_bytes=32,10129,68,measured,ok,unavailable,rustc,nightly-2021-05-06,Release,JerryZ
1787147283144797466,PPS-GC,sender_signaling,pps_gc_sender_preparation,sender,914,false,32,2,recipient_bits=16;location_bytes=32,138,68,measured,ok,unavailable,rustc,nightly-2021-05-06,Release,JerryZ
1787147283145989143,PPS-GC,sender_signaling,message_encryption,sender,914,false,32,2,recipient_bits=16;location_bytes=32,-1,,not_applicable,not_applicable,unavailable,rustc,nightly-2021-05-06,Release,JerryZ
1787147283147168798,PPS-GC,sender_signaling,pps_gc_sender_total_signaling,sender,914,false,32,2,recipient_bits=16;location_bytes=32,9762,68,measured,ok,unavailable,rustc,nightly-2021-05-06,Release,JerryZ
1787147283148361439,PPS-GC,sender_signaling,pps_gc_share_generation,sender,915,false,32,2,recipient_bits=16;location_bytes=32,9717,68,measured,ok,unavailable,rustc,nightly-2021-05-06,Release,JerryZ
1787147283150114473,PPS-GC,sender_signaling,pps_gc_sender_preparation,sender,915,false,32,2,recipient_bits=16;location_bytes=32,147,68,measured,ok,unavailable,rustc,nightly-2021-05-06,Release,JerryZ
1787147283152723674,PPS-GC,sender_signaling,message_encryption,sender,915,false,32,2,recipient_bits=16;location_bytes=32,-1,,not_applicable,not_applicable,unavailable,rustc,nightly-2021-05-06,Release,JerryZ
1787147283154071906,PPS-GC,sender_signaling,pps_gc_sender_total_signaling,sender,915,false,32,2,recipient_bits=16;location_bytes=32,10901,68,measured,ok,unavailable,rustc,nightly-2021-05-06,Release,JerryZ
1787147283155191839,PPS-GC,sender_signaling,pps_gc_share_generation,sender,916,false,32,2,recipient_bits=16;location_bytes=32,9551,68,measured,ok,unavailable,rustc,nightly-2021-05-06,Release,JerryZ
1787147283156407944,PPS-GC,sender_signaling,pps_gc_sender_preparation,sender,916,false,32,2,recipient_bits=16;location_bytes=32,147,68,measured,ok,unavailable,rustc,nightly-2021-05-06,Release,JerryZ
1787147283157747342,PPS-GC,sender_signaling,message_encryption,sender,916,false,32,2,recipient_bits=16;location_bytes=32,-1,,not_applicable,not_applicable,unavailable,rustc,nightly-2021-05-06,Release,JerryZ
1787147283159141548,PPS-GC,sender_signaling,pps_gc_sender_total_signaling,sender,916,false,32,2,recipient_bits=16;location_bytes=32,9726,68,measured,ok,unavailable,rustc,nightly-2021-05-06,Release,JerryZ
1787147283160337188,PPS-GC,sender_signaling,pps_gc_share_generation,sender,917,false,32,2,recipient_bits=16;location_bytes=32,9680,68,measured,ok,unavailable,rustc,nightly-2021-05-06,Release,JerryZ
1787147283161597641,PPS-GC,sender_signaling,pps_gc_sender_preparation,sender,917,false,32,2,recipient_bits=16;location_bytes=32,284,68,measured,ok,unavailable,rustc,nightly-2021-05-06,Release,JerryZ
1787147283162972768,PPS-GC,sender_signaling,message_encryption,sender,917,false,32,2,recipient_bits=16;location_bytes=32,-1,,not_applicable,not_applicable,unavailable,rustc,nightly-2021-05-06,Release,JerryZ
1787147283164657912,PPS-GC,sender_signaling,pps_gc_sender_total_signaling,sender,917,false,32,2,recipient_bits=16;location_bytes=32,13850,68,measured,ok,unavailable,rustc,nightly-2021-05-06,Release,JerryZ
1787147283166222004,PPS-GC,sender_signaling,pps_gc_share_generation,sender,918,false,32,2,recipient_bits=16;location_bytes=32,10938,68,measured,ok,unavailable,rustc,nightly-2021-05-06,Release,JerryZ
1787147283167545937,PPS-GC,sender_signaling,pps_gc_sender_preparation,sender,918,false,32,2,recipient_bits=16;location_bytes=32,147,68,measured,ok,unavailable,rustc,nightly-2021-05-06,Release,JerryZ
1787147283168678498,PPS-GC,sender_signaling,message_encryption,sender,918,false,32,2,recipient_bits=16;location_bytes=32,-1,,not_applicable,not_applicable,unavailable,rustc,nightly-2021-05-06,Release,JerryZ
1787147283170107016,PPS-GC,sender_signaling,pps_gc_sender_total_signaling,sender,918,false,32,2,recipient_bits=16;location_bytes=32,10240,68,measured,ok,unavailable,rustc,nightly-2021-05-06,Release,JerryZ
1787147283171367796,PPS-GC,sender_signaling,pps_gc_share_generation,sender,919,false,32,2,recipient_bits=16;location_bytes=32,11673,68,measured,ok,unavailable,rustc,nightly-2021-05-06,Release,JerryZ
1787147283172641938,PPS-GC,sender_signaling,pps_gc_sender_preparation,sender,919,false,32,2,recipient_bits=16;location_bytes=32,156,68,measured,ok,unavailable,rustc,nightly-2021-05-06,Release,JerryZ
1787147283174174121,PPS-GC,sender_signaling,message_encryption,sender,919,false,32,2,recipient_bits=16;location_bytes=32,-1,,not_applicable,not_applicable,unavailable,rustc,nightly-2021-05-06,Release,JerryZ
1787147283175298554,PPS-GC,sender_signaling,pps_gc_sender_total_signaling,sender,919,false,32,2,recipient_bits=16;location_bytes=32,10322,68,measured,ok,unavailable,rustc,nightly-2021-05-06,Release,JerryZ
1787147283176431813,PPS-GC,sender_signaling,pps_gc_share_generation,sender,920,false,32,2,recipient_bits=16;location_bytes=32,9561,68,measured,ok,unavailable,rustc,nightly-2021-05-06,Release,JerryZ
1787147283177722408,PPS-GC,sender_signaling,pps_gc_sender_preparation,sender,920,false,32,2,recipient_bits=16;location_bytes=32,137,68,measured,ok,unavailable,rustc,nightly-2021-05-06,Release,JerryZ
1787147283179024414,PPS-GC,sender_signaling,message_encryption,sender,920,false,32,2,recipient_bits=16;location_bytes=32,-1,,not_applicable,not_applicable,unavailable,rustc,nightly-2021-05-06,Release,JerryZ
1787147283180492457,PPS-GC,sender_signaling,pps_gc_sender_total_signaling,sender,920,false,32,2,recipient_bits=16;location_bytes=32,24503,68,measured,ok,unavailable,rustc,nightly-2021-05-06,Release,JerryZ
1787147283182816139,PPS-GC,sender_signaling,pps_gc_share_generation,sender,921,false,32,2,recipient_bits=16;location_bytes=32,11828,68,measured,ok,unavailable,rustc,nightly-2021-05-06,Release,JerryZ
1787147283184093381,PPS-GC,sender_signaling,pps_gc_sender_preparation,sender,921,false,32,2,recipient_bits=16;location_bytes=32,827,68,measured,ok,unavailable,rustc,nightly-2021-05-06,Release,JerryZ
1787147283185190198,PPS-GC,sender_signaling,message_encryption,sender,921,false,32,2,recipient_bits=16;location_bytes=32,-1,,not_applicable,not_applicable,unavailable,rustc,nightly-2021-05-06,Release,JerryZ
1787147283186409412,PPS-GC,sender_signaling,pps_gc_sender_total_signaling,sender,921,false,32,2,recipient_bits=16;location_bytes=32,21582,68,measured,ok,unavailable,rustc,nightly-2021-05-06,Release,JerryZ
1787147283187691728,PPS-GC,sender_signaling,pps_gc_share_generation,sender,922,false,32,2,recipient_bits=16;location_bytes=32,9707,68,measured,ok,unavailable,rustc,nightly-2021-05-06,Release,JerryZ
1787147283189180256,PPS-GC,sender_signaling,pps_gc_sender_preparation,sender,922,false,32,2,recipient_bits=16;location_bytes=32,138,68,measured,ok,unavailable,rustc,nightly-2021-05-06,Release,JerryZ
1787147283190486753,PPS-GC,sender_signaling,message_encryption,sender,922,false,32,2,recipient_bits=16;location_bytes=32,-1,,not_applicable,not_applicable,unavailable,rustc,nightly-2021-05-06,Release,JerryZ
1787147283191596970,PPS-GC,sender_signaling,pps_gc_sender_total_signaling,sender,922,false,32,2,recipient_bits=16;location_bytes=32,9864,68,measured,ok,unavailable,rustc,nightly-2021-05-06,Release,JerryZ
1787147283192836347,PPS-GC,sender_signaling,pps_gc_share_generation,sender,923,false,32,2,recipient_bits=16;location_bytes=32,21573,68,measured,ok,unavailable,rustc,nightly-2021-05-06,Release,JerryZ
1787147283194574145,PPS-GC,sender_signaling,pps_gc_sender_preparation,sender,923,false,32,2,recipient_bits=16;location_bytes=32,275,68,measured,ok,unavailable,rustc,nightly-2021-05-06,Release,JerryZ
1787147283196024382,PPS-GC,sender_signaling,message_encryption,sender,923,false,32,2,recipient_bits=16;location_bytes=32,-1,,not_applicable,not_applicable,unavailable,rustc,nightly-2021-05-06,Release,JerryZ
1787147283197705682,PPS-GC,sender_signaling,pps_gc_sender_total_signaling,sender,923,false,32,2,recipient_bits=16;location_bytes=32,16954,68,measured,ok,unavailable,rustc,nightly-2021-05-06,Release,JerryZ
1787147283199642327,PPS-GC,sender_signaling,pps_gc_share_generation,sender,924,false,32,2,recipient_bits=16;location_bytes=32,9744,68,measured,ok,unavailable,rustc,nightly-2021-05-06,Release,JerryZ
1787147283200822084,PPS-GC,sender_signaling,pps_gc_sender_preparation,sender,924,false,32,2,recipient_bits=16;location_bytes=32,147,68,measured,ok,unavailable,rustc,nightly-2021-05-06,Release,JerryZ
1787147283202004981,PPS-GC,sender_signaling,message_encryption,sender,924,false,32,2,recipient_bits=16;location_bytes=32,-1,,not_applicable,not_applicable,unavailable,rustc,nightly-2021-05-06,Release,JerryZ
1787147283203307156,PPS-GC,sender_signaling,pps_gc_sender_total_signaling,sender,924,false,32,2,recipient_bits=16;location_bytes=32,10442,68,measured,ok,unavailable,rustc,nightly-2021-05-06,Release,JerryZ
1787147283204466249,PPS-GC,sender_signaling,pps_gc_share_generation,sender,925,false,32,2,recipient_bits=16;location_bytes=32,23437,68,measured,ok,unavailable,rustc,nightly-2021-05-06,Release,JerryZ
1787147283205653825,PPS-GC,sender_signaling,pps_gc_sender_preparation,sender,925,false,32,2,recipient_bits=16;location_bytes=32,156,68,measured,ok,unavailable,rustc,nightly-2021-05-06,Release,JerryZ
1787147283207121203,PPS-GC,sender_signaling,message_encryption,sender,925,false,32,2,recipient_bits=16;location_bytes=32,-1,,not_applicable,not_applicable,unavailable,rustc,nightly-2021-05-06,Release,JerryZ
1787147283208295274,PPS-GC,sender_signaling,pps_gc_sender_total_signaling,sender,925,false,32,2,recipient_bits=16;location_bytes=32,10231,68,measured,ok,unavailable,rustc,nightly-2021-05-06,Release,JerryZ
1787147283209558750,PPS-GC,sender_signaling,pps_gc_share_generation,sender,926,false,32,2,recipient_bits=16;location_bytes=32,10222,68,measured,ok,unavailable,rustc,nightly-2021-05-06,Release,JerryZ
1787147283210974153,PPS-GC,sender_signaling,pps_gc_sender_preparation,sender,926,false,32,2,recipient_bits=16;location_bytes=32,294,68,measured,ok,unavailable,rustc,nightly-2021-05-06,Release,JerryZ
1787147283212710506,PPS-GC,sender_signaling,message_encryption,sender,926,false,32,2,recipient_bits=16;location_bytes=32,-1,,not_applicable,not_applicable,unavailable,rustc,nightly-2021-05-06,Release,JerryZ
1787147283214495179,PPS-GC,sender_signaling,pps_gc_sender_total_signaling,sender,926,false,32,2,recipient_bits=16;location_bytes=32,12122,68,measured,ok,unavailable,rustc,nightly-2021-05-06,Release,JerryZ
1787147283215676280,PPS-GC,sender_signaling,pps_gc_share_generation,sender,927,false,32,2,recipient_bits=16;location_bytes=32,9881,68,measured,ok,unavailable,rustc,nightly-2021-05-06,Release,JerryZ
1787147283216839271,PPS-GC,sender_signaling,pps_gc_sender_preparation,sender,927,false,32,2,recipient_bits=16;location_bytes=32,147,68,measured,ok,unavailable,rustc,nightly-2021-05-06,Release,JerryZ
1787147283218210706,PPS-GC,sender_signaling,message_encryption,sender,927,false,32,2,recipient_bits=16;location_bytes=32,-1,,not_applicable,not_applicable,unavailable,rustc,nightly-2021-05-06,Release,JerryZ
1787147283219686891,PPS-GC,sender_signaling,pps_gc_sender_total_signaling,sender,927,false,32,2,recipient_bits=16;location_bytes=32,11260,68,measured,ok,unavailable,rustc,nightly-2021-05-06,Release,JerryZ
1787147283220877934,PPS-GC,sender_signaling,pps_gc_share_generation,sender,928,false,32,2,recipient_bits=16;location_bytes=32,9808,68,measured,ok,unavailable,rustc,nightly-2021-05-06,Release,JerryZ
1787147283222099619,PPS-GC,sender_signaling,pps_gc_sender_preparation,sender,928,false,32,2,recipient_bits=16;location_bytes=32,147,68,measured,ok,unavailable,rustc,nightly-2021-05-06,Release,JerryZ
1787147283223248288,PPS-GC,sender_signaling,message_encryption,sender,928,false,32,2,recipient_bits=16;location_bytes=32,-1,,not_applicable,not_applicable,unavailable,rustc,nightly-2021-05-06,Release,JerryZ
1787147283224848211,PPS-GC,sender_signaling,pps_gc_sender_total_signaling,sender,928,false,32,2,recipient_bits=16;location_bytes=32,10966,68,measured,ok,unavailable,rustc,nightly-2021-05-06,Release,JerryZ
1787147283226420527,PPS-GC,sender_signaling,pps_gc_share_generation,sender,929,false,32,2,recipient_bits=16;location_bytes=32,11260,68,measured,ok,unavailable,rustc,nightly-2021-05-06,Release,JerryZ
1787147283227880103,PPS-GC,sender_signaling,pps_gc_sender_preparation,sender,929,false,32,2,recipient_bits=16;location_bytes=32,716,68,measured,ok,unavailable,rustc,nightly-2021-05-06,Release,JerryZ
1787147283229914561,PPS-GC,sender_signaling,message_encryption,sender,929,false,32,2,recipient_bits=16;location_bytes=32,-1,,not_applicable,not_applicable,unavailable,rustc,nightly-2021-05-06,Release,JerryZ
1787147283231064052,PPS-GC,sender_signaling,pps_gc_sender_total_signaling,sender,929,false,32,2,recipient_bits=16;location_bytes=32,10598,68,measured,ok,unavailable,rustc,nightly-2021-05-06,Release,JerryZ
1787147283232266060,PPS-GC,sender_signaling,pps_gc_share_generation,sender,930,false,32,2,recipient_bits=16;location_bytes=32,9533,68,measured,ok,unavailable,rustc,nightly-2021-05-06,Release,JerryZ
1787147283233560682,PPS-GC,sender_signaling,pps_gc_sender_preparation,sender,930,false,32,2,recipient_bits=16;location_bytes=32,147,68,measured,ok,unavailable,rustc,nightly-2021-05-06,Release,JerryZ
1787147283234868960,PPS-GC,sender_signaling,message_encryption,sender,930,false,32,2,recipient_bits=16;location_bytes=32,-1,,not_applicable,not_applicable,unavailable,rustc,nightly-2021-05-06,Release,JerryZ
1787147283236181027,PPS-GC,sender_signaling,pps_gc_sender_total_signaling,sender,930,false,32,2,recipient_bits=16;location_bytes=32,10782,68,measured,ok,unavailable,rustc,nightly-2021-05-06,Release,JerryZ
1787147283237571854,PPS-GC,sender_signaling,pps_gc_share_generation,sender,931,false,32,2,recipient_bits=16;location_bytes=32,9616,68,measured,ok,unavailable,rustc,nightly-2021-05-06,Release,JerryZ
1787147283238707206,PPS-GC,sender_signaling,pps_gc_sender_preparation,sender,931,false,32,2,recipient_bits=16;location_bytes=32,147,68,measured,ok,unavailable,rustc,nightly-2021-05-06,Release,JerryZ
1787147283239859200,PPS-GC,sender_signaling,message_encryption,sender,931,false,32,2,recipient_bits=16;location_bytes=32,-1,,not_applicable,not_applicable,unavailable,rustc,nightly-2021-05-06,Release,JerryZ
1787147283241480732,PPS-GC,sender_signaling,pps_gc_sender_total_signaling,sender,931,false,32,2,recipient_bits=16;location_bytes=32,11406,68,measured,ok,unavailable,rustc,nightly-2021-05-06,Release,JerryZ
1787147283242939224,PPS-GC,sender_signaling,pps_gc_share_generation,sender,932,false,32,2,recipient_bits=16;location_bytes=32,10331,68,measured,ok,unavailable,rustc,nightly-2021-05-06,Release,JerryZ
1787147283244685702,PPS-GC,sender_signaling,pps_gc_sender_preparation,sender,932,false,32,2,recipient_bits=16;location_bytes=32,643,68,measured,ok,unavailable,rustc,nightly-2021-05-06,Release,JerryZ
1787147283245841057,PPS-GC,sender_signaling,message_encryption,sender,932,false,32,2,recipient_bits=16;location_bytes=32,-1,,not_applicable,not_applicable,unavailable,rustc,nightly-2021-05-06,Release,JerryZ
1787147283246971992,PPS-GC,sender_signaling,pps_gc_sender_total_signaling,sender,932,false,32,2,recipient_bits=16;location_bytes=32,10029,68,measured,ok,unavailable,rustc,nightly-2021-05-06,Release,JerryZ
1787147283248206437,PPS-GC,sender_signaling,pps_gc_share_generation,sender,933,false,32,2,recipient_bits=16;location_bytes=32,9560,68,measured,ok,unavailable,rustc,nightly-2021-05-06,Release,JerryZ
1787147283249830623,PPS-GC,sender_signaling,pps_gc_sender_preparation,sender,933,false,32,2,recipient_bits=16;location_bytes=32,146,68,measured,ok,unavailable,rustc,nightly-2021-05-06,Release,JerryZ
1787147283250960737,PPS-GC,sender_signaling,message_encryption,sender,933,false,32,2,recipient_bits=16;location_bytes=32,-1,,not_applicable,not_applicable,unavailable,rustc,nightly-2021-05-06,Release,JerryZ
1787147283252064740,PPS-GC,sender_signaling,pps_gc_sender_total_signaling,sender,933,false,32,2,recipient_bits=16;location_bytes=32,10148,68,measured,ok,unavailable,rustc,nightly-2021-05-06,Release,JerryZ
1787147283253735543,PPS-GC,sender_signaling,pps_gc_share_generation,sender,934,false,32,2,recipient_bits=16;location_bytes=32,9597,68,measured,ok,unavailable,rustc,nightly-2021-05-06,Release,JerryZ
1787147283254932354,PPS-GC,sender_signaling,pps_gc_sender_preparation,sender,934,false,32,2,recipient_bits=16;location_bytes=32,147,68,measured,ok,unavailable,rustc,nightly-2021-05-06,Release,JerryZ
1787147283256242767,PPS-GC,sender_signaling,message_encryption,sender,934,false,32,2,recipient_bits=16;location_bytes=32,-1,,not_applicable,not_applicable,unavailable,rustc,nightly-2021-05-06,Release,JerryZ
1787147283257714328,PPS-GC,sender_signaling,pps_gc_sender_total_signaling,sender,934,false,32,2,recipient_bits=16;location_bytes=32,10562,68,measured,ok,unavailable,rustc,nightly-2021-05-06,Release,JerryZ
1787147283259285543,PPS-GC,sender_signaling,pps_gc_share_generation,sender,935,false,32,2,recipient_bits=16;location_bytes=32,10203,68,measured,ok,unavailable,rustc,nightly-2021-05-06,Release,JerryZ
1787147283260492613,PPS-GC,sender_signaling,pps_gc_sender_preparation,sender,935,false,32,2,recipient_bits=16;location_bytes=32,377,68,measured,ok,unavailable,rustc,nightly-2021-05-06,Release,JerryZ
1787147283262049841,PPS-GC,sender_signaling,message_encryption,sender,935,false,32,2,recipient_bits=16;location_bytes=32,-1,,not_applicable,not_applicable,unavailable,rustc,nightly-2021-05-06,Release,JerryZ
1787147283263604469,PPS-GC,sender_signaling,pps_gc_sender_total_signaling,sender,935,false,32,2,recipient_bits=16;location_bytes=32,23180,68,measured,ok,unavailable,rustc,nightly-2021-05-06,Release,JerryZ
1787147283264969747,PPS-GC,sender_signaling,pps_gc_share_generation,sender,936,false,32,2,recipient_bits=16;location_bytes=32,10378,68,measured,ok,unavailable,rustc,nightly-2021-05-06,Release,JerryZ
1787147283266198296,PPS-GC,sender_signaling,pps_gc_sender_preparation,sender,936,false,32,2,recipient_bits=16;location_bytes=32,221,68,measured,ok,unavailable,rustc,nightly-2021-05-06,Release,JerryZ
1787147283267342887,PPS-GC,sender_signaling,message_encryption,sender,936,false,32,2,recipient_bits=16;location_bytes=32,-1,,not_applicable,not_applicable,unavailable,rustc,nightly-2021-05-06,Release,JerryZ
1787147283268727414,PPS-GC,sender_signaling,pps_gc_sender_total_signaling,sender,936,false,32,2,recipient_bits=16;location_bytes=32,10240,68,measured,ok,unavailable,rustc,nightly-2021-05-06,Release,JerryZ
1787147283269892375,PPS-GC,sender_signaling,pps_gc_share_generation,sender,937,false,32,2,recipient_bits=16;location_bytes=32,9524,68,measured,ok,unavailable,rustc,nightly-2021-05-06,Release,JerryZ
1787147283271112558,PPS-GC,sender_signaling,pps_gc_sender_preparation,sender,937,false,32,2,recipient_bits=16;location_bytes=32,147,68,measured,ok,unavailable,rustc,nightly-2021-05-06,Release,JerryZ
1787147283273018098,PPS-GC,sender_signaling,message_encryption,sender,937,false,32,2,recipient_bits=16;location_bytes=32,-1,,not_applicable,not_applicable,unavailable,rustc,nightly-2021-05-06,Release,JerryZ
1787147283274753348,PPS-GC,sender_signaling,pps_gc_sender_total_signaling,sender,937,false,32,2,recipient_bits=16;location_bytes=32,10902,68,measured,ok,unavailable,rustc,nightly-2021-05-06,Release,JerryZ
1787147283276009068,PPS-GC,sender_signaling,pps_gc_share_generation,sender,938,false,32,2,recipient_bits=16;location_bytes=32,35624,68,measured,ok,unavailable,rustc,nightly-2021-05-06,Release,JerryZ
1787147283277112406,PPS-GC,sender_signaling,pps_gc_sender_preparation,sender,938,false,32,2,recipient_bits=16;location_bytes=32,312,68,measured,ok,unavailable,rustc,nightly-2021-05-06,Release,JerryZ
1787147283278256143,PPS-GC,sender_signaling,message_encryption,sender,938,false,32,2,recipient_bits=16;location_bytes=32,-1,,not_applicable,not_applicable,unavailable,rustc,nightly-2021-05-06,Release,JerryZ
1787147283280013765,PPS-GC,sender_signaling,pps_gc_sender_total_signaling,sender,938,false,32,2,recipient_bits=16;location_bytes=32,13114,68,measured,ok,unavailable,rustc,nightly-2021-05-06,Release,JerryZ
1787147283281422270,PPS-GC,sender_signaling,pps_gc_share_generation,sender,939,false,32,2,recipient_bits=16;location_bytes=32,9744,68,measured,ok,unavailable,rustc,nightly-2021-05-06,Release,JerryZ
1787147283282631258,PPS-GC,sender_signaling,pps_gc_sender_preparation,sender,939,false,32,2,recipient_bits=16;location_bytes=32,413,68,measured,ok,unavailable,rustc,nightly-2021-05-06,Release,JerryZ
1787147283284060289,PPS-GC,sender_signaling,message_encryption,sender,939,false,32,2,recipient_bits=16;location_bytes=32,-1,,not_applicable,not_applicable,unavailable,rustc,nightly-2021-05-06,Release,JerryZ
1787147283285236000,PPS-GC,sender_signaling,pps_gc_sender_total_signaling,sender,939,false,32,2,recipient_bits=16;location_bytes=32,10332,68,measured,ok,unavailable,rustc,nightly-2021-05-06,Release,JerryZ
1787147283286489713,PPS-GC,sender_signaling,pps_gc_share_generation,sender,940,false,32,2,recipient_bits=16;location_bytes=32,21977,68,measured,ok,unavailable,rustc,nightly-2021-05-06,Release,JerryZ
1787147283287930182,PPS-GC,sender_signaling,pps_gc_sender_preparation,sender,940,false,32,2,recipient_bits=16;location_bytes=32,367,68,measured,ok,unavailable,rustc,nightly-2021-05-06,Release,JerryZ
1787147283289354622,PPS-GC,sender_signaling,message_encryption,sender,940,false,32,2,recipient_bits=16;location_bytes=32,-1,,not_applicable,not_applicable,unavailable,rustc,nightly-2021-05-06,Release,JerryZ
1787147283290664516,PPS-GC,sender_signaling,pps_gc_sender_total_signaling,sender,940,false,32,2,recipient_bits=16;location_bytes=32,10828,68,measured,ok,unavailable,rustc,nightly-2021-05-06,Release,JerryZ
1787147283292145491,PPS-GC,sender_signaling,pps_gc_share_generation,sender,941,false,32,2,recipient_bits=16;location_bytes=32,9689,68,measured,ok,unavailable,rustc,nightly-2021-05-06,Release,JerryZ
1787147283293247901,PPS-GC,sender_signaling,pps_gc_sender_preparation,sender,941,false,32,2,recipient_bits=16;location_bytes=32,147,68,measured,ok,unavailable,rustc,nightly-2021-05-06,Release,JerryZ
1787147283294451811,PPS-GC,sender_signaling,message_encryption,sender,941,false,32,2,recipient_bits=16;location_bytes=32,-1,,not_applicable,not_applicable,unavailable,rustc,nightly-2021-05-06,Release,JerryZ
1787147283295591020,PPS-GC,sender_signaling,pps_gc_sender_total_signaling,sender,941,false,32,2,recipient_bits=16;location_bytes=32,9808,68,measured,ok,unavailable,rustc,nightly-2021-05-06,Release,JerryZ
1787147283296733904,PPS-GC,sender_signaling,pps_gc_share_generation,sender,942,false,32,2,recipient_bits=16;location_bytes=32,9532,68,measured,ok,unavailable,rustc,nightly-2021-05-06,Release,JerryZ
1787147283298222799,PPS-GC,sender_signaling,pps_gc_sender_preparation,sender,942,false,32,2,recipient_bits=16;location_bytes=32,147,68,measured,ok,unavailable,rustc,nightly-2021-05-06,Release,JerryZ
1787147283299577915,PPS-GC,sender_signaling,message_encryption,sender,942,false,32,2,recipient_bits=16;location_bytes=32,-1,,not_applicable,not_applicable,unavailable,rustc,nightly-2021-05-06,Release,JerryZ
1787147283301053852,PPS-GC,sender_signaling,pps_gc_sender_total_signaling,sender,942,false,32,2,recipient_bits=16;location_bytes=32,11314,68,measured,ok,unavailable,rustc,nightly-2021-05-06,Release,JerryZ
1787147283302382840,PPS-GC,sender_signaling,pps_gc_share_generation,sender,943,false,32,2,recipient_bits=16;location_bytes=32,22198,68,measured,ok,unavailable,rustc,nightly-2021-05-06,Release,JerryZ
1787147283304234560,PPS-GC,sender_signaling,pps_gc_sender_preparation,sender,943,false,32,2,recipient_bits=16;location_bytes=32,450,68,measured,ok,unavailable,rustc,nightly-2021-05-06,Release,JerryZ
1787147283305695592,PPS-GC,sender_signaling,message_encryption,sender,943,false,32,2,recipient_bits=16;location_bytes=32,-1,,not_applicable,not_applicable,unavailable,rustc,nightly-2021-05-06,Release,JerryZ
1787147283306887627,PPS-GC,sender_signaling,pps_gc_sender_total_signaling,sender,943,false,32,2,recipient_bits=16;location_bytes=32,10966,68,measured,ok,unavailable,rustc,nightly-2021-05-06,Release,JerryZ
1787147283308002380,PPS-GC,sender_signaling,pps_gc_share_generation,sender,944,false,32,2,recipient_bits=16;location_bytes=32,9523,68,measured,ok,unavailable,rustc,nightly-2021-05-06,Release,JerryZ
1787147283309767514,PPS-GC,sender_signaling,pps_gc_sender_preparation,sender,944,false,32,2,recipient_bits=16;location_bytes=32,147,68,measured,ok,unavailable,rustc,nightly-2021-05-06,Release,JerryZ
1787147283311089578,PPS-GC,sender_signaling,message_encryption,sender,944,false,32,2,recipient_bits=16;location_bytes=32,-1,,not_applicable,not_applicable,unavailable,rustc,nightly-2021-05-06,Release,JerryZ
1787147283312229752,PPS-GC,sender_signaling,pps_gc_sender_total_signaling,sender,944,false,32,2,recipient_bits=16;location_bytes=32,10553,68,measured,ok,unavailable,rustc,nightly-2021-05-06,Release,JerryZ
1787147283313731977,PPS-GC,sender_signaling,pps_gc_share_generation,sender,945,false,32,2,recipient_bits=16;location_bytes=32,9579,68,measured,ok,unavailable,rustc,nightly-2021-05-06,Release,JerryZ
1787147283314859891,PPS-GC,sender_signaling,pps_gc_sender_preparation,sender,945,false,32,2,recipient_bits=16;location_bytes=32,147,68,measured,ok,unavailable,rustc,nightly-2021-05-06,Release,JerryZ
1787147283316040836,PPS-GC,sender_signaling,message_encryption,sender,945,false,32,2,recipient_bits=16;location_bytes=32,-1,,not_applicable,not_applicable,unavailable,rustc,nightly-2021-05-06,Release,JerryZ
1787147283317516296,PPS-GC,sender_signaling,pps_gc_sender_total_signaling,sender,945,false,32,2,recipient_bits=16;location_bytes=32,25990,68,measured,ok,unavailable,rustc,nightly-2021-05-06,Release,JerryZ
1787147283319066314,PPS-GC,sender_signaling,pps_gc_share_generation,sender,946,false,32,2,recipient_bits=16;location_bytes=32,11563,68,measured,ok,unavailable,rustc,nightly-2021-05-06,Release,JerryZ
1787147283320510526,PPS-GC,sender_signaling,pps_gc_sender_preparation,sender,946,false,32,2,recipient_bits=16;location_bytes=32,689,68,measured,ok,unavailable,rustc,nightly-2021-05-06,Release,JerryZ
1787147283322059323,PPS-GC,sender_signaling,message_encryption,sender,946,false,32,2,recipient_bits=16;location_bytes=32,-1,,not_applicable,not_applicable,unavailable,rustc,nightly-2021-05-06,Release,JerryZ
1787147283323253773,PPS-GC,sender_signaling,pps_gc_sender_total_signaling,sender,946,false,32,2,recipient_bits=16;location_bytes=32,10433,68,measured,ok,unavailable,rustc,nightly-2021-05-06,Release,JerryZ
1787147283324457361,PPS-GC,sender_signaling,pps_gc_share_generation,sender,947,false,32,2,recipient_bits=16;location_bytes=32,9698,68,measured,ok,unavailable,rustc,nightly-2021-05-06,Release,JerryZ
1787147283325692284,PPS-GC,sender_signaling,pps_gc_sender_preparation,sender,947,false,32,2,recipient_bits=16;location_bytes=32,239,68,measured,ok,unavailable,rustc,nightly-2021-05-06,Release,JerryZ
1787147283326917555,PPS-GC,sender_signaling,message_encryption,sender,947,false,32,2,recipient_bits=16;location_bytes=32,-1,,not_applicable,not_applicable,unavailable,rustc,nightly-2021-05-06,Release,JerryZ
1787147283328401711,PPS-GC,sender_signaling,pps_gc_sender_total_signaling,sender,947,false,32,2,recipient_bits=16;location_bytes=32,21774,68,measured,ok,unavailable,rustc,nightly-2021-05-06,Release,JerryZ
1787147283330117777,PPS-GC,sender_signaling,pps_gc_share_generation,sender,948,false,32,2,recipient_bits=16;location_bytes=32,21692,68,measured,ok,unavailable,rustc,nightly-2021-05-06,Release,JerryZ
1787147283331744452,PPS-GC,sender_signaling,pps_gc_sender_preparation,sender,948,false,32,2,recipient_bits=16;location_bytes=32,276,68,measured,ok,unavailable,rustc,nightly-2021-05-06,Release,JerryZ
1787147283333299686,PPS-GC,sender_signaling,message_encryption,sender,948,false,32,2,recipient_bits=16;location_bytes=32,-1,,not_applicable,not_applicable,unavailable,rustc,nightly-2021-05-06,Release,JerryZ
1787147283335858151,PPS-GC,sender_signaling,pps_gc_sender_total_signaling,sender,948,false,32,2,recipient_bits=16;location_bytes=32,11544,68,measured,ok,unavailable,rustc,nightly-2021-05-06,Release,JerryZ
1787147283337115620,PPS-GC,sender_signaling,pps_gc_share_generation,sender,949,false,32,2,recipient_bits=16;location_bytes=32,9717,68,measured,ok,unavailable,rustc,nightly-2021-05-06,Release,JerryZ
1787147283338426552,PPS-GC,sender_signaling,pps_gc_sender_preparation,sender,949,false,32,2,recipient_bits=16;location_bytes=32,147,68,measured,ok,unavailable,rustc,nightly-2021-05-06,Release,JerryZ
1787147283339931147,PPS-GC,sender_signaling,message_encryption,sender,949,false,32,2,recipient_bits=16;location_bytes=32,-1,,not_applicable,not_applicable,unavailable,rustc,nightly-2021-05-06,Release,JerryZ
1787147283341281777,PPS-GC,sender_signaling,pps_gc_sender_total_signaling,sender,949,false,32,2,recipient_bits=16;location_bytes=32,15604,68,measured,ok,unavailable,rustc,nightly-2021-05-06,Release,JerryZ
1787147283342475740,PPS-GC,sender_signaling,pps_gc_share_generation,sender,950,false,32,2,recipient_bits=16;location_bytes=32,9542,68,measured,ok,unavailable,rustc,nightly-2021-05-06,Release,JerryZ
1787147283343576406,PPS-GC,sender_signaling,pps_gc_sender_preparation,sender,950,false,32,2,recipient_bits=16;location_bytes=32,147,68,measured,ok,unavailable,rustc,nightly-2021-05-06,Release,JerryZ
1787147283344670560,PPS-GC,sender_signaling,message_encryption,sender,950,false,32,2,recipient_bits=16;location_bytes=32,-1,,not_applicable,not_applicable,unavailable,rustc,nightly-2021-05-06,Release,JerryZ
1787147283345820294,PPS-GC,sender_signaling,pps_gc_sender_total_signaling,sender,950,false,32,2,recipient_bits=16;location_bytes=32,9726,68,measured,ok,unavailable,rustc,nightly-2021-05-06,Release,JerryZ
1787147283347304671,PPS-GC,sender_signaling,pps_gc_share_generation,sender,951,false,32,2,recipient_bits=16;location_bytes=32,9661,68,measured,ok,unavailable,rustc,nightly-2021-05-06,Release,JerryZ
1787147283348895552,PPS-GC,sender_signaling,pps_gc_sender_preparation,sender,951,false,32,2,recipient_bits=16;location_bytes=32,147,68,measured,ok,unavailable,rustc,nightly-2021-05-06,Release,JerryZ
1787147283350649533,PPS-GC,sender_signaling,message_encryption,sender,951,false,32,2,recipient_bits=16;location_bytes=32,-1,,not_applicable,not_applicable,unavailable,rustc,nightly-2021-05-06,Release,JerryZ
1787147283351914846,PPS-GC,sender_signaling,pps_gc_sender_total_signaling,sender,951,false,32,2,recipient_bits=16;location_bytes=32,11296,68,measured,ok,unavailable,rustc,nightly-2021-05-06,Release,JerryZ
1787147283353019498,PPS-GC,sender_signaling,pps_gc_share_generation,sender,952,false,32,2,recipient_bits=16;location_bytes=32,9459,68,measured,ok,unavailable,rustc,nightly-2021-05-06,Release,JerryZ
1787147283354437105,PPS-GC,sender_signaling,pps_gc_sender_preparation,sender,952,false,32,2,recipient_bits=16;location_bytes=32,119,68,measured,ok,unavailable,rustc,nightly-2021-05-06,Release,JerryZ
1787147283355694601,PPS-GC,sender_signaling,message_encryption,sender,952,false,32,2,recipient_bits=16;location_bytes=32,-1,,not_applicable,not_applicable,unavailable,rustc,nightly-2021-05-06,Release,JerryZ
1787147283356814911,PPS-GC,sender_signaling,pps_gc_sender_total_signaling,sender,952,false,32,2,recipient_bits=16;location_bytes=32,9597,68,measured,ok,unavailable,rustc,nightly-2021-05-06,Release,JerryZ
1787147283358022723,PPS-GC,sender_signaling,pps_gc_share_generation,sender,953,false,32,2,recipient_bits=16;location_bytes=32,21371,68,measured,ok,unavailable,rustc,nightly-2021-05-06,Release,JerryZ
1787147283359512138,PPS-GC,sender_signaling,pps_gc_sender_preparation,sender,953,false,32,2,recipient_bits=16;location_bytes=32,285,68,measured,ok,unavailable,rustc,nightly-2021-05-06,Release,JerryZ
1787147283360704797,PPS-GC,sender_signaling,message_encryption,sender,953,false,32,2,recipient_bits=16;location_bytes=32,-1,,not_applicable,not_applicable,unavailable,rustc,nightly-2021-05-06,Release,JerryZ
1787147283361988555,PPS-GC,sender_signaling,pps_gc_sender_total_signaling,sender,953,false,32,2,recipient_bits=16;location_bytes=32,19874,68,measured,ok,unavailable,rustc,nightly-2021-05-06,Release,JerryZ
1787147283363531722,PPS-GC,sender_signaling,pps_gc_share_generation,sender,954,false,32,2,recipient_bits=16;location_bytes=32,9882,68,measured,ok,unavailable,rustc,nightly-2021-05-06,Release,JerryZ
1787147283365971835,PPS-GC,sender_signaling,pps_gc_sender_preparation,sender,954,false,32,2,recipient_bits=16;location_bytes=32,395,68,measured,ok,unavailable,rustc,nightly-2021-05-06,Release,JerryZ
1787147283367983347,PPS-GC,sender_signaling,message_encryption,sender,954,false,32,2,recipient_bits=16;location_bytes=32,-1,,not_applicable,not_applicable,unavailable,rustc,nightly-2021-05-06,Release,JerryZ
1787147283369609351,PPS-GC,sender_signaling,pps_gc_sender_total_signaling,sender,954,false,32,2,recipient_bits=16;location_bytes=32,15043,68,measured,ok,unavailable,rustc,nightly-2021-05-06,Release,JerryZ
1787147283370933095,PPS-GC,sender_signaling,pps_gc_share_generation,sender,955,false,32,2,recipient_bits=16;location_bytes=32,10002,68,measured,ok,unavailable,rustc,nightly-2021-05-06,Release,JerryZ
1787147283372279427,PPS-GC,sender_signaling,pps_gc_sender_preparation,sender,955,false,32,2,recipient_bits=16;location_bytes=32,478,68,measured,ok,unavailable,rustc,nightly-2021-05-06,Release,JerryZ
1787147283373469868,PPS-GC,sender_signaling,message_encryption,sender,955,false,32,2,recipient_bits=16;location_bytes=32,-1,,not_applicable,not_applicable,unavailable,rustc,nightly-2021-05-06,Release,JerryZ
1787147283374644950,PPS-GC,sender_signaling,pps_gc_sender_total_signaling,sender,955,false,32,2,recipient_bits=16;location_bytes=32,9744,68,measured,ok,unavailable,rustc,nightly-2021-05-06,Release,JerryZ
1787147283375749435,PPS-GC,sender_signaling,pps_gc_share_generation,sender,956,false,32,2,recipient_bits=16;location_bytes=32,9542,68,measured,ok,unavailable,rustc,nightly-2021-05-06,Release,JerryZ
1787147283379937096,PPS-GC,sender_signaling,pps_gc_sender_preparation,sender,956,false,32,2,recipient_bits=16;location_bytes=32,138,68,measured,ok,unavailable,rustc,nightly-2021-05-06,Release,JerryZ
1787147283381314087,PPS-GC,sender_signaling,message_encryption,sender,956,false,32,2,recipient_bits=16;location_bytes=32,-1,,not_applicable,not_applicable,unavailable,rustc,nightly-2021-05-06,Release,JerryZ
1787147283383001169,PPS-GC,sender_signaling,pps_gc_sender_total_signaling,sender,956,false,32,2,recipient_bits=16;location_bytes=32,10478,68,measured,ok,unavailable,rustc,nightly-2021-05-06,Release,JerryZ
1787147283384172375,PPS-GC,sender_signaling,pps_gc_share_generation,sender,957,false,32,2,recipient_bits=16;location_bytes=32,21269,68,measured,ok,unavailable,rustc,nightly-2021-05-06,Release,JerryZ
1787147283385615916,PPS-GC,sender_signaling,pps_gc_sender_preparation,sender,957,false,32,2,recipient_bits=16;location_bytes=32,275,68,measured,ok,unavailable,rustc,nightly-2021-05-06,Release,JerryZ
1787147283386861749,PPS-GC,sender_signaling,message_encryption,sender,957,false,32,2,recipient_bits=16;location_bytes=32,-1,,not_applicable,not_applicable,unavailable,rustc,nightly-2021-05-06,Release,JerryZ
1787147283388257600,PPS-GC,sender_signaling,pps_gc_sender_total_signaling,sender,957,false,32,2,recipient_bits=16;location_bytes=32,9799,68,measured,ok,unavailable,rustc,nightly-2021-05-06,Release,JerryZ
1787147283389415012,PPS-GC,sender_signaling,pps_gc_share_generation,sender,958,false,32,2,recipient_bits=16;location_bytes=32,9707,68,measured,ok,unavailable,rustc,nightly-2021-05-06,Release,JerryZ
1787147283390626681,PPS-GC,sender_signaling,pps_gc_sender_preparation,sender,958,false,32,2,recipient_bits=16;location_bytes=32,147,68,measured,ok,unavailable,rustc,nightly-2021-05-06,Release,JerryZ
1787147283391828786,PPS-GC,sender_signaling,message_encryption,sender,958,false,32,2,recipient_bits=16;location_bytes=32,-1,,not_applicable,not_applicable,unavailable,rustc,nightly-2021-05-06,Release,JerryZ
1787147283393692636,PPS-GC,sender_signaling,pps_gc_sender_total_signaling,sender,958,false,32,2,recipient_bits=16;location_bytes=32,16714,68,measured,ok,unavailable,rustc,nightly-2021-05-06,Release,JerryZ
1787147283395420352,PPS-GC,sender_signaling,pps_gc_share_generation,sender,959,false,32,2,recipient_bits=16;location_bytes=32,17375,68,measured,ok,unavailable,rustc,nightly-2021-05-06,Release,JerryZ
1787147283398174336,PPS-GC,sender_signaling,pps_gc_sender_preparation,sender,959,false,32,2,recipient_bits=16;location_bytes=32,1222,68,measured,ok,unavailable,rustc,nightly-2021-05-06,Release,JerryZ
1787147283399521319,PPS-GC,sender_signaling,message_encryption,sender,959,false,32,2,recipient_bits=16;location_bytes=32,-1,,not_applicable,not_applicable,unavailable,rustc,nightly-2021-05-06,Release,JerryZ
1787147283400975243,PPS-GC,sender_signaling,pps_gc_sender_total_signaling,sender,959,false,32,2,recipient_bits=16;location_bytes=32,10892,68,measured,ok,unavailable,rustc,nightly-2021-05-06,Release,JerryZ
1787147283402477703,PPS-GC,sender_signaling,pps_gc_share_generation,sender,960,false,32,2,recipient_bits=16;location_bytes=32,11442,68,measured,ok,unavailable,rustc,nightly-2021-05-06,Release,JerryZ
1787147283404054597,PPS-GC,sender_signaling,pps_gc_sender_preparation,sender,960,false,32,2,recipient_bits=16;location_bytes=32,771,68,measured,ok,unavailable,rustc,nightly-2021-05-06,Release,JerryZ
1787147283405254328,PPS-GC,sender_signaling,message_encryption,sender,960,false,32,2,recipient_bits=16;location_bytes=32,-1,,not_applicable,not_applicable,unavailable,rustc,nightly-2021-05-06,Release,JerryZ
1787147283406493641,PPS-GC,sender_signaling,pps_gc_sender_total_signaling,sender,960,false,32,2,recipient_bits=16;location_bytes=32,22253,68,measured,ok,unavailable,rustc,nightly-2021-05-06,Release,JerryZ
1787147283407744865,PPS-GC,sender_signaling,pps_gc_share_generation,sender,961,false,32,2,recipient_bits=16;location_bytes=32,9625,68,measured,ok,unavailable,rustc,nightly-2021-05-06,Release,JerryZ
1787147283409127968,PPS-GC,sender_signaling,pps_gc_sender_preparation,sender,961,false,32,2,recipient_bits=16;location_bytes=32,211,68,measured,ok,unavailable,rustc,nightly-2021-05-06,Release,JerryZ
1787147283410452102,PPS-GC,sender_signaling,message_encryption,sender,961,false,32,2,recipient_bits=16;location_bytes=32,-1,,not_applicable,not_applicable,unavailable,rustc,nightly-2021-05-06,Release,JerryZ
1787147283412173117,PPS-GC,sender_signaling,pps_gc_sender_total_signaling,sender,961,false,32,2,recipient_bits=16;location_bytes=32,22234,68,measured,ok,unavailable,rustc,nightly-2021-05-06,Release,JerryZ
1787147283413403797,PPS-GC,sender_signaling,pps_gc_share_generation,sender,962,false,32,2,recipient_bits=16;location_bytes=32,21196,68,measured,ok,unavailable,rustc,nightly-2021-05-06,Release,JerryZ
1787147283414649704,PPS-GC,sender_signaling,pps_gc_sender_preparation,sender,962,false,32,2,recipient_bits=16;location_bytes=32,285,68,measured,ok,unavailable,rustc,nightly-2021-05-06,Release,JerryZ
1787147283415864225,PPS-GC,sender_signaling,message_encryption,sender,962,false,32,2,recipient_bits=16;location_bytes=32,-1,,not_applicable,not_applicable,unavailable,rustc,nightly-2021-05-06,Release,JerryZ
1787147283417213078,PPS-GC,sender_signaling,pps_gc_sender_total_signaling,sender,962,false,32,2,recipient_bits=16;location_bytes=32,10442,68,measured,ok,unavailable,rustc,nightly-2021-05-06,Release,JerryZ
1787147283418732987,PPS-GC,sender_signaling,pps_gc_share_generation,sender,963,false,32,2,recipient_bits=16;location_bytes=32,9606,68,measured,ok,unavailable,rustc,nightly-2021-05-06,Release,JerryZ
1787147283419854587,PPS-GC,sender_signaling,pps_gc_sender_preparation,sender,963,false,32,2,recipient_bits=16;location_bytes=32,147,68,measured,ok,unavailable,rustc,nightly-2021-05-06,Release,JerryZ
1787147283420964307,PPS-GC,sender_signaling,message_encryption,sender,963,false,32,2,recipient_bits=16;location_bytes=32,-1,,not_applicable,not_applicable,unavailable,rustc,nightly-2021-05-06,Release,JerryZ
1787147283422174765,PPS-GC,sender_signaling,pps_gc_sender_total_signaling,sender,963,false,32,2,recipient_bits=16;location_bytes=32,9726,68,measured,ok,unavailable,rustc,nightly-2021-05-06,Release,JerryZ
1787147283423727373,PPS-GC,sender_signaling,pps_gc_share_generation,sender,964,false,32,2,recipient_bits=16;location_bytes=32,10461,68,measured,ok,unavailable,rustc,nightly-2021-05-06,Release,JerryZ
1787147283425209941,PPS-GC,sender_signaling,pps_gc_sender_preparation,sender,964,false,32,2,recipient_bits=16;location_bytes=32,147,68,measured,ok,unavailable,rustc,nightly-2021-05-06,Release,JerryZ
1787147283427303835,PPS-GC,sender_signaling,message_encryption,sender,964,false,32,2,recipient_bits=16;location_bytes=32,-1,,not_applicable,not_applicable,unavailable,rustc,nightly-2021-05-06,Release,JerryZ
1787147283429261856,PPS-GC,sender_signaling,pps_gc_sender_total_signaling,sender,964,false,32,2,recipient_bits=16;location_bytes=32,12775,68,measured,ok,unavailable,rustc,nightly-2021-05-06,Release,JerryZ
1787147283430429200,PPS-GC,sender_signaling,pps_gc_share_generation,sender,965,false,32,2,recipient_bits=16;location_bytes=32,9524,68,measured,ok,unavailable,rustc,nightly-2021-05-06,Release,JerryZ
1787147283431589882,PPS-GC,sender_signaling,pps_gc_sender_preparation,sender,965,false,32,2,recipient_bits=16;location_bytes=32,138,68,measured,ok,unavailable,rustc,nightly-2021-05-06,Release,JerryZ
1787147283432912367,PPS-GC,sender_signaling,message_encryption,sender,965,false,32,2,recipient_bits=16;location_bytes=32,-1,,not_applicable,not_applicable,unavailable,rustc,nightly-2021-05-06,Release,JerryZ
1787147283434244753,PPS-GC,sender_signaling,pps_gc_sender_total_signaling,sender,965,false,32,2,recipient_bits=16;location_bytes=32,22298,68,measured,ok,unavailable,rustc,nightly-2021-05-06,Release,JerryZ
1787147283435552549,PPS-GC,sender_signaling,pps_gc_share_generation,sender,966,false,32,2,recipient_bits=16;location_bytes=32,9826,68,measured,ok,unavailable,rustc,nightly-2021-05-06,Release,JerryZ
1787147283437145869,PPS-GC,sender_signaling,pps_gc_sender_preparation,sender,966,false,32,2,recipient_bits=16;location_bytes=32,230,68,measured,ok,unavailable,rustc,nightly-2021-05-06,Release,JerryZ
1787147283438412237,PPS-GC,sender_signaling,message_encryption,sender,966,false,32,2,recipient_bits=16;location_bytes=32,-1,,not_applicable,not_applicable,unavailable,rustc,nightly-2021-05-06,Release,JerryZ
1787147283439772832,PPS-GC,sender_signaling,pps_gc_sender_total_signaling,sender,966,false,32,2,recipient_bits=16;location_bytes=32,12545,68,measured,ok,unavailable,rustc,nightly-2021-05-06,Release,JerryZ
1787147283441201055,PPS-GC,sender_signaling,pps_gc_share_generation,sender,967,false,32,2,recipient_bits=16;location_bytes=32,10286,68,measured,ok,unavailable,rustc,nightly-2021-05-06,Release,JerryZ
1787147283442823245,PPS-GC,sender_signaling,pps_gc_sender_preparation,sender,967,false,32,2,recipient_bits=16;location_bytes=32,404,68,measured,ok,unavailable,rustc,nightly-2021-05-06,Release,JerryZ
1787147283444271630,PPS-GC,sender_signaling,message_encryption,sender,967,false,32,2,recipient_bits=16;location_bytes=32,-1,,not_applicable,not_applicable,unavailable,rustc,nightly-2021-05-06,Release,JerryZ
1787147283445459606,PPS-GC,sender_signaling,pps_gc_sender_total_signaling,sender,967,false,32,2,recipient_bits=16;location_bytes=32,21876,68,measured,ok,unavailable,rustc,nightly-2021-05-06,Release,JerryZ
1787147283446841823,PPS-GC,sender_signaling,pps_gc_share_generation,sender,968,false,32,2,recipient_bits=16;location_bytes=32,21535,68,measured,ok,unavailable,rustc,nightly-2021-05-06,Release,JerryZ
1787147283448179448,PPS-GC,sender_signaling,pps_gc_sender_preparation,sender,968,false,32,2,recipient_bits=16;location_bytes=32,294,68,measured,ok,unavailable,rustc,nightly-2021-05-06,Release,JerryZ
1787147283449628040,PPS-GC,sender_signaling,message_encryption,sender,968,false,32,2,recipient_bits=16;location_bytes=32,-1,,not_applicable,not_applicable,unavailable,rustc,nightly-2021-05-06,Release,JerryZ
1787147283450744470,PPS-GC,sender_signaling,pps_gc_sender_total_signaling,sender,968,false,32,2,recipient_bits=16;location_bytes=32,10259,68,measured,ok,unavailable,rustc,nightly-2021-05-06,Release,JerryZ
1787147283451921103,PPS-GC,sender_signaling,pps_gc_share_generation,sender,969,false,32,2,recipient_bits=16;location_bytes=32,9799,68,measured,ok,unavailable,rustc,nightly-2021-05-06,Release,JerryZ
1787147283453021199,PPS-GC,sender_signaling,pps_gc_sender_preparation,sender,969,false,32,2,recipient_bits=16;location_bytes=32,147,68,measured,ok,unavailable,rustc,nightly-2021-05-06,Release,JerryZ
1787147283454734376,PPS-GC,sender_signaling,message_encryption,sender,969,false,32,2,recipient_bits=16;location_bytes=32,-1,,not_applicable,not_applicable,unavailable,rustc,nightly-2021-05-06,Release,JerryZ
1787147283456730257,PPS-GC,sender_signaling,pps_gc_sender_total_signaling,sender,969,false,32,2,recipient_bits=16;location_bytes=32,10598,68,measured,ok,unavailable,rustc,nightly-2021-05-06,Release,JerryZ
1787147283458134235,PPS-GC,sender_signaling,pps_gc_share_generation,sender,970,false,32,2,recipient_bits=16;location_bytes=32,23271,68,measured,ok,unavailable,rustc,nightly-2021-05-06,Release,JerryZ
1787147283459795900,PPS-GC,sender_signaling,pps_gc_sender_preparation,sender,970,false,32,2,recipient_bits=16;location_bytes=32,734,68,measured,ok,unavailable,rustc,nightly-2021-05-06,Release,JerryZ
1787147283460927703,PPS-GC,sender_signaling,message_encryption,sender,970,false,32,2,recipient_bits=16;location_bytes=32,-1,,not_applicable,not_applicable,unavailable,rustc,nightly-2021-05-06,Release,JerryZ
1787147283462367346,PPS-GC,sender_signaling,pps_gc_sender_total_signaling,sender,970,false,32,2,recipient_bits=16;location_bytes=32,22500,68,measured,ok,unavailable,rustc,nightly-2021-05-06,Release,JerryZ
1787147283463762250,PPS-GC,sender_signaling,pps_gc_share_generation,sender,971,false,32,2,recipient_bits=16;location_bytes=32,9726,68,measured,ok,unavailable,rustc,nightly-2021-05-06,Release,JerryZ
1787147283464984334,PPS-GC,sender_signaling,pps_gc_sender_preparation,sender,971,false,32,2,recipient_bits=16;location_bytes=32,165,68,measured,ok,unavailable,rustc,nightly-2021-05-06,Release,JerryZ
1787147283466296635,PPS-GC,sender_signaling,message_encryption,sender,971,false,32,2,recipient_bits=16;location_bytes=32,-1,,not_applicable,not_applicable,unavailable,rustc,nightly-2021-05-06,Release,JerryZ
1787147283467871417,PPS-GC,sender_signaling,pps_gc_sender_total_signaling,sender,971,false,32,2,recipient_bits=16;location_bytes=32,10735,68,measured,ok,unavailable,rustc,nightly-2021-05-06,Release,JerryZ
1787147283469118454,PPS-GC,sender_signaling,pps_gc_share_generation,sender,972,false,32,2,recipient_bits=16;location_bytes=32,9946,68,measured,ok,unavailable,rustc,nightly-2021-05-06,Release,JerryZ
1787147283470940320,PPS-GC,sender_signaling,pps_gc_sender_preparation,sender,972,false,32,2,recipient_bits=16;location_bytes=32,239,68,measured,ok,unavailable,rustc,nightly-2021-05-06,Release,JerryZ
1787147283472301984,PPS-GC,sender_signaling,message_encryption,sender,972,false,32,2,recipient_bits=16;location_bytes=32,-1,,not_applicable,not_applicable,unavailable,rustc,nightly-2021-05-06,Release,JerryZ
1787147283473663005,PPS-GC,sender_signaling,pps_gc_sender_total_signaling,sender,972,false,32,2,recipient_bits=16;location_bytes=32,11535,68,measured,ok,unavailable,rustc,nightly-2021-05-06,Release,JerryZ
1787147283475031873,PPS-GC,sender_signaling,pps_gc_share_generation,sender,973,false,32,2,recipient_bits=16;location_bytes=32,9597,68,measured,ok,unavailable,rustc,nightly-2021-05-06,Release,JerryZ
1787147283476134522,PPS-GC,sender_signaling,pps_gc_sender_preparation,sender,973,false,32,2,recipient_bits=16;location_bytes=32,137,68,measured,ok,unavailable,rustc,nightly-2021-05-06,Release,JerryZ
1787147283477291016,PPS-GC,sender_signaling,message_encryption,sender,973,false,32,2,recipient_bits=16;location_bytes=32,-1,,not_applicable,not_applicable,unavailable,rustc,nightly-2021-05-06,Release,JerryZ
1787147283478728707,PPS-GC,sender_signaling,pps_gc_sender_total_signaling,sender,973,false,32,2,recipient_bits=16;location_bytes=32,10616,68,measured,ok,unavailable,rustc,nightly-2021-05-06,Release,JerryZ
1787147283480192866,PPS-GC,sender_signaling,pps_gc_share_generation,sender,974,false,32,2,recipient_bits=16;location_bytes=32,9763,68,measured,ok,unavailable,rustc,nightly-2021-05-06,Release,JerryZ
1787147283481398925,PPS-GC,sender_signaling,pps_gc_sender_preparation,sender,974,false,32,2,recipient_bits=16;location_bytes=32,284,68,measured,ok,unavailable,rustc,nightly-2021-05-06,Release,JerryZ
1787147283482757939,PPS-GC,sender_signaling,message_encryption,sender,974,false,32,2,recipient_bits=16;location_bytes=32,-1,,not_applicable,not_applicable,unavailable,rustc,nightly-2021-05-06,Release,JerryZ
1787147283484209860,PPS-GC,sender_signaling,pps_gc_sender_total_signaling,sender,974,false,32,2,recipient_bits=16;location_bytes=32,10203,68,measured,ok,unavailable,rustc,nightly-2021-05-06,Release,JerryZ
1787147283485716526,PPS-GC,sender_signaling,pps_gc_share_generation,sender,975,false,32,2,recipient_bits=16;location_bytes=32,23042,68,measured,ok,unavailable,rustc,nightly-2021-05-06,Release,JerryZ
1787147283487207200,PPS-GC,sender_signaling,pps_gc_sender_preparation,sender,975,false,32,2,recipient_bits=16;location_bytes=32,762,68,measured,ok,unavailable,rustc,nightly-2021-05-06,Release,JerryZ
1787147283488516484,PPS-GC,sender_signaling,message_encryption,sender,975,false,32,2,recipient_bits=16;location_bytes=32,-1,,not_applicable,not_applicable,unavailable,rustc,nightly-2021-05-06,Release,JerryZ
1787147283489733151,PPS-GC,sender_signaling,pps_gc_sender_total_signaling,sender,975,false,32,2,recipient_bits=16;location_bytes=32,10194,68,measured,ok,unavailable,rustc,nightly-2021-05-06,Release,JerryZ
1787147283490866538,PPS-GC,sender_signaling,pps_gc_share_generation,sender,976,false,32,2,recipient_bits=16;location_bytes=32,9515,68,measured,ok,unavailable,rustc,nightly-2021-05-06,Release,JerryZ
1787147283492275163,PPS-GC,sender_signaling,pps_gc_sender_preparation,sender,976,false,32,2,recipient_bits=16;location_bytes=32,147,68,measured,ok,unavailable,rustc,nightly-2021-05-06,Release,JerryZ
1787147283493754475,PPS-GC,sender_signaling,message_encryption,sender,976,false,32,2,recipient_bits=16;location_bytes=32,-1,,not_applicable,not_applicable,unavailable,rustc,nightly-2021-05-06,Release,JerryZ
1787147283495094630,PPS-GC,sender_signaling,pps_gc_sender_total_signaling,sender,976,false,32,2,recipient_bits=16;location_bytes=32,11131,68,measured,ok,unavailable,rustc,nightly-2021-05-06,Release,JerryZ
1787147283496289232,PPS-GC,sender_signaling,pps_gc_share_generation,sender,977,false,32,2,recipient_bits=16;location_bytes=32,10056,68,measured,ok,unavailable,rustc,nightly-2021-05-06,Release,JerryZ
1787147283497457990,PPS-GC,sender_signaling,pps_gc_sender_preparation,sender,977,false,32,2,recipient_bits=16;location_bytes=32,138,68,measured,ok,unavailable,rustc,nightly-2021-05-06,Release,JerryZ
1787147283498944535,PPS-GC,sender_signaling,message_encryption,sender,977,false,32,2,recipient_bits=16;location_bytes=32,-1,,not_applicable,not_applicable,unavailable,rustc,nightly-2021-05-06,Release,JerryZ
1787147283500190979,PPS-GC,sender_signaling,pps_gc_sender_total_signaling,sender,977,false,32,2,recipient_bits=16;location_bytes=32,11140,68,measured,ok,unavailable,rustc,nightly-2021-05-06,Release,JerryZ
1787147283501778958,PPS-GC,sender_signaling,pps_gc_share_generation,sender,978,false,32,2,recipient_bits=16;location_bytes=32,10975,68,measured,ok,unavailable,rustc,nightly-2021-05-06,Release,JerryZ
1787147283503365294,PPS-GC,sender_signaling,pps_gc_sender_preparation,sender,978,false,32,2,recipient_bits=16;location_bytes=32,266,68,measured,ok,unavailable,rustc,nightly-2021-05-06,Release,JerryZ
1787147283505052347,PPS-GC,sender_signaling,message_encryption,sender,978,false,32,2,recipient_bits=16;location_bytes=32,-1,,not_applicable,not_applicable,unavailable,rustc,nightly-2021-05-06,Release,JerryZ
1787147283506302717,PPS-GC,sender_signaling,pps_gc_sender_total_signaling,sender,978,false,32,2,recipient_bits=16;location_bytes=32,10368,68,measured,ok,unavailable,rustc,nightly-2021-05-06,Release,JerryZ
1787147283507518442,PPS-GC,sender_signaling,pps_gc_share_generation,sender,979,false,32,2,recipient_bits=16;location_bytes=32,21380,68,measured,ok,unavailable,rustc,nightly-2021-05-06,Release,JerryZ
1787147283509021127,PPS-GC,sender_signaling,pps_gc_sender_preparation,sender,979,false,32,2,recipient_bits=16;location_bytes=32,275,68,measured,ok,unavailable,rustc,nightly-2021-05-06,Release,JerryZ
1787147283510679242,PPS-GC,sender_signaling,message_encryption,sender,979,false,32,2,recipient_bits=16;location_bytes=32,-1,,not_applicable,not_applicable,unavailable,rustc,nightly-2021-05-06,Release,JerryZ
1787147283511874693,PPS-GC,sender_signaling,pps_gc_sender_total_signaling,sender,979,false,32,2,recipient_bits=16;location_bytes=32,10570,68,measured,ok,unavailable,rustc,nightly-2021-05-06,Release,JerryZ
1787147283512990429,PPS-GC,sender_signaling,pps_gc_share_generation,sender,980,false,32,2,recipient_bits=16;location_bytes=32,9487,68,measured,ok,unavailable,rustc,nightly-2021-05-06,Release,JerryZ
1787147283514513690,PPS-GC,sender_signaling,pps_gc_sender_preparation,sender,980,false,32,2,recipient_bits=16;location_bytes=32,129,68,measured,ok,unavailable,rustc,nightly-2021-05-06,Release,JerryZ
1787147283515840754,PPS-GC,sender_signaling,message_encryption,sender,980,false,32,2,recipient_bits=16;location_bytes=32,-1,,not_applicable,not_applicable,unavailable,rustc,nightly-2021-05-06,Release,JerryZ
1787147283517225547,PPS-GC,sender_signaling,pps_gc_sender_total_signaling,sender,980,false,32,2,recipient_bits=16;location_bytes=32,10561,68,measured,ok,unavailable,rustc,nightly-2021-05-06,Release,JerryZ
1787147283518678098,PPS-GC,sender_signaling,pps_gc_share_generation,sender,981,false,32,2,recipient_bits=16;location_bytes=32,9927,68,measured,ok,unavailable,rustc,nightly-2021-05-06,Release,JerryZ
1787147283519861770,PPS-GC,sender_signaling,pps_gc_sender_preparation,sender,981,false,32,2,recipient_bits=16;location_bytes=32,221,68,measured,ok,unavailable,rustc,nightly-2021-05-06,Release,JerryZ
1787147283520973787,PPS-GC,sender_signaling,message_encryption,sender,981,false,32,2,recipient_bits=16;location_bytes=32,-1,,not_applicable,not_applicable,unavailable,rustc,nightly-2021-05-06,Release,JerryZ
1787147283522585355,PPS-GC,sender_signaling,pps_gc_sender_total_signaling,sender,981,false,32,2,recipient_bits=16;location_bytes=32,21774,68,measured,ok,unavailable,rustc,nightly-2021-05-06,Release,JerryZ
1787147283524144327,PPS-GC,sender_signaling,pps_gc_share_generation,sender,982,false,32,2,recipient_bits=16;location_bytes=32,10763,68,measured,ok,unavailable,rustc,nightly-2021-05-06,Release,JerryZ
1787147283525486085,PPS-GC,sender_signaling,pps_gc_sender_preparation,sender,982,false,32,2,recipient_bits=16;location_bytes=32,560,68,measured,ok,unavailable,rustc,nightly-2021-05-06,Release,JerryZ
1787147283526702438,PPS-GC,sender_signaling,message_encryption,sender,982,false,32,2,recipient_bits=16;location_bytes=32,-1,,not_applicable,not_applicable,unavailable,rustc,nightly-2021-05-06,Release,JerryZ
1787147283527846938,PPS-GC,sender_signaling,pps_gc_sender_total_signaling,sender,982,false,32,2,recipient_bits=16;location_bytes=32,10377,68,measured,ok,unavailable,rustc,nightly-2021-05-06,Release,JerryZ
1787147283529650336,PPS-GC,sender_signaling,pps_gc_share_generation,sender,983,false,32,2,recipient_bits=16;location_bytes=32,14556,68,measured,ok,unavailable,rustc,nightly-2021-05-06,Release,JerryZ
1787147283531074758,PPS-GC,sender_signaling,pps_gc_sender_preparation,sender,983,false,32,2,recipient_bits=16;location_bytes=32,652,68,measured,ok,unavailable,rustc,nightly-2021-05-06,Release,JerryZ
1787147283532565335,PPS-GC,sender_signaling,message_encryption,sender,983,false,32,2,recipient_bits=16;location_bytes=32,-1,,not_applicable,not_applicable,unavailable,rustc,nightly-2021-05-06,Release,JerryZ
1787147283534073319,PPS-GC,sender_signaling,pps_gc_sender_total_signaling,sender,983,false,32,2,recipient_bits=16;location_bytes=32,11103,68,measured,ok,unavailable,rustc,nightly-2021-05-06,Release,JerryZ
1787147283535486334,PPS-GC,sender_signaling,pps_gc_share_generation,sender,984,false,32,2,recipient_bits=16;location_bytes=32,9523,68,measured,ok,unavailable,rustc,nightly-2021-05-06,Release,JerryZ
1787147283536688255,PPS-GC,sender_signaling,pps_gc_sender_preparation,sender,984,false,32,2,recipient_bits=16;location_bytes=32,147,68,measured,ok,unavailable,rustc,nightly-2021-05-06,Release,JerryZ
1787147283538256144,PPS-GC,sender_signaling,message_encryption,sender,984,false,32,2,recipient_bits=16;location_bytes=32,-1,,not_applicable,not_applicable,unavailable,rustc,nightly-2021-05-06,Release,JerryZ
1787147283540120596,PPS-GC,sender_signaling,pps_gc_sender_total_signaling,sender,984,false,32,2,recipient_bits=16;location_bytes=32,11305,68,measured,ok,unavailable,rustc,nightly-2021-05-06,Release,JerryZ
1787147283541444997,PPS-GC,sender_signaling,pps_gc_share_generation,sender,985,false,32,2,recipient_bits=16;location_bytes=32,9680,68,measured,ok,unavailable,rustc,nightly-2021-05-06,Release,JerryZ
1787147283542568714,PPS-GC,sender_signaling,pps_gc_sender_preparation,sender,985,false,32,2,recipient_bits=16;location_bytes=32,220,68,measured,ok,unavailable,rustc,nightly-2021-05-06,Release,JerryZ
1787147283543710017,PPS-GC,sender_signaling,message_encryption,sender,985,false,32,2,recipient_bits=16;location_bytes=32,-1,,not_applicable,not_applicable,unavailable,rustc,nightly-2021-05-06,Release,JerryZ
1787147283544876099,PPS-GC,sender_signaling,pps_gc_sender_total_signaling,sender,985,false,32,2,recipient_bits=16;location_bytes=32,9688,68,measured,ok,unavailable,rustc,nightly-2021-05-06,Release,JerryZ
1787147283546336107,PPS-GC,sender_signaling,pps_gc_share_generation,sender,986,false,32,2,recipient_bits=16;location_bytes=32,24420,68,measured,ok,unavailable,rustc,nightly-2021-05-06,Release,JerryZ
1787147283548196674,PPS-GC,sender_signaling,pps_gc_sender_preparation,sender,986,false,32,2,recipient_bits=16;location_bytes=32,459,68,measured,ok,unavailable,rustc,nightly-2021-05-06,Release,JerryZ
1787147283549591440,PPS-GC,sender_signaling,message_encryption,sender,986,false,32,2,recipient_bits=16;location_bytes=32,-1,,not_applicable,not_applicable,unavailable,rustc,nightly-2021-05-06,Release,JerryZ
1787147283550804938,PPS-GC,sender_signaling,pps_gc_sender_total_signaling,sender,986,false,32,2,recipient_bits=16;location_bytes=32,13170,68,measured,ok,unavailable,rustc,nightly-2021-05-06,Release,JerryZ
1787147283551951012,PPS-GC,sender_signaling,pps_gc_share_generation,sender,987,false,32,2,recipient_bits=16;location_bytes=32,9992,68,measured,ok,unavailable,rustc,nightly-2021-05-06,Release,JerryZ
1787147283553107625,PPS-GC,sender_signaling,pps_gc_sender_preparation,sender,987,false,32,2,recipient_bits=16;location_bytes=32,257,68,measured,ok,unavailable,rustc,nightly-2021-05-06,Release,JerryZ
1787147283554985371,PPS-GC,sender_signaling,message_encryption,sender,987,false,32,2,recipient_bits=16;location_bytes=32,-1,,not_applicable,not_applicable,unavailable,rustc,nightly-2021-05-06,Release,JerryZ
1787147283556211725,PPS-GC,sender_signaling,pps_gc_sender_total_signaling,sender,987,false,32,2,recipient_bits=16;location_bytes=32,10626,68,measured,ok,unavailable,rustc,nightly-2021-05-06,Release,JerryZ
1787147283557390205,PPS-GC,sender_signaling,pps_gc_share_generation,sender,988,false,32,2,recipient_bits=16;location_bytes=32,9561,68,measured,ok,unavailable,rustc,nightly-2021-05-06,Release,JerryZ
1787147283558560033,PPS-GC,sender_signaling,pps_gc_sender_preparation,sender,988,false,32,2,recipient_bits=16;location_bytes=32,147,68,measured,ok,unavailable,rustc,nightly-2021-05-06,Release,JerryZ
1787147283559953303,PPS-GC,sender_signaling,message_encryption,sender,988,false,32,2,recipient_bits=16;location_bytes=32,-1,,not_applicable,not_applicable,unavailable,rustc,nightly-2021-05-06,Release,JerryZ
1787147283561298918,PPS-GC,sender_signaling,pps_gc_sender_total_signaling,sender,988,false,32,2,recipient_bits=16;location_bytes=32,30545,68,measured,ok,unavailable,rustc,nightly-2021-05-06,Release,JerryZ
1787147283563179533,PPS-GC,sender_signaling,pps_gc_share_generation,sender,989,false,32,2,recipient_bits=16;location_bytes=32,10571,68,measured,ok,unavailable,rustc,nightly-2021-05-06,Release,JerryZ
1787147283564495466,PPS-GC,sender_signaling,pps_gc_sender_preparation,sender,989,false,32,2,recipient_bits=16;location_bytes=32,221,68,measured,ok,unavailable,rustc,nightly-2021-05-06,Release,JerryZ
1787147283566022961,PPS-GC,sender_signaling,message_encryption,sender,989,false,32,2,recipient_bits=16;location_bytes=32,-1,,not_applicable,not_applicable,unavailable,rustc,nightly-2021-05-06,Release,JerryZ
1787147283567310649,PPS-GC,sender_signaling,pps_gc_sender_total_signaling,sender,989,false,32,2,recipient_bits=16;location_bytes=32,10461,68,measured,ok,unavailable,rustc,nightly-2021-05-06,Release,JerryZ
1787147283568436478,PPS-GC,sender_signaling,pps_gc_share_generation,sender,990,false,32,2,recipient_bits=16;location_bytes=32,9523,68,measured,ok,unavailable,rustc,nightly-2021-05-06,Release,JerryZ
1787147283569895572,PPS-GC,sender_signaling,pps_gc_sender_preparation,sender,990,false,32,2,recipient_bits=16;location_bytes=32,146,68,measured,ok,unavailable,rustc,nightly-2021-05-06,Release,JerryZ
1787147283571043337,PPS-GC,sender_signaling,message_encryption,sender,990,false,32,2,recipient_bits=16;location_bytes=32,-1,,not_applicable,not_applicable,unavailable,rustc,nightly-2021-05-06,Release,JerryZ
1787147283572338368,PPS-GC,sender_signaling,pps_gc_sender_total_signaling,sender,990,false,32,2,recipient_bits=16;location_bytes=32,10037,68,measured,ok,unavailable,rustc,nightly-2021-05-06,Release,JerryZ
1787147283573772431,PPS-GC,sender_signaling,pps_gc_share_generation,sender,991,false,32,2,recipient_bits=16;location_bytes=32,11323,68,measured,ok,unavailable,rustc,nightly-2021-05-06,Release,JerryZ
1787147283575122593,PPS-GC,sender_signaling,pps_gc_sender_preparation,sender,991,false,32,2,recipient_bits=16;location_bytes=32,753,68,measured,ok,unavailable,rustc,nightly-2021-05-06,Release,JerryZ
1787147283576292601,PPS-GC,sender_signaling,message_encryption,sender,991,false,32,2,recipient_bits=16;location_bytes=32,-1,,not_applicable,not_applicable,unavailable,rustc,nightly-2021-05-06,Release,JerryZ
1787147283578055940,PPS-GC,sender_signaling,pps_gc_sender_total_signaling,sender,991,false,32,2,recipient_bits=16;location_bytes=32,10937,68,measured,ok,unavailable,rustc,nightly-2021-05-06,Release,JerryZ
1787147283579649917,PPS-GC,sender_signaling,pps_gc_share_generation,sender,992,false,32,2,recipient_bits=16;location_bytes=32,24108,68,measured,ok,unavailable,rustc,nightly-2021-05-06,Release,JerryZ
1787147283581232666,PPS-GC,sender_signaling,pps_gc_sender_preparation,sender,992,false,32,2,recipient_bits=16;location_bytes=32,496,68,measured,ok,unavailable,rustc,nightly-2021-05-06,Release,JerryZ
1787147283582408904,PPS-GC,sender_signaling,message_encryption,sender,992,false,32,2,recipient_bits=16;location_bytes=32,-1,,not_applicable,not_applicable,unavailable,rustc,nightly-2021-05-06,Release,JerryZ
1787147283583578972,PPS-GC,sender_signaling,pps_gc_sender_total_signaling,sender,992,false,32,2,recipient_bits=16;location_bytes=32,10258,68,measured,ok,unavailable,rustc,nightly-2021-05-06,Release,JerryZ
1787147283585306397,PPS-GC,sender_signaling,pps_gc_share_generation,sender,993,false,32,2,recipient_bits=16;location_bytes=32,16265,68,measured,ok,unavailable,rustc,nightly-2021-05-06,Release,JerryZ
1787147283586567104,PPS-GC,sender_signaling,pps_gc_sender_preparation,sender,993,false,32,2,recipient_bits=16;location_bytes=32,625,68,measured,ok,unavailable,rustc,nightly-2021-05-06,Release,JerryZ
1787147283587657667,PPS-GC,sender_signaling,message_encryption,sender,993,false,32,2,recipient_bits=16;location_bytes=32,-1,,not_applicable,not_applicable,unavailable,rustc,nightly-2021-05-06,Release,JerryZ
1787147283588822674,PPS-GC,sender_signaling,pps_gc_sender_total_signaling,sender,993,false,32,2,recipient_bits=16;location_bytes=32,9689,68,measured,ok,unavailable,rustc,nightly-2021-05-06,Release,JerryZ
1787147283590243476,PPS-GC,sender_signaling,pps_gc_share_generation,sender,994,false,32,2,recipient_bits=16;location_bytes=32,21205,68,measured,ok,unavailable,rustc,nightly-2021-05-06,Release,JerryZ
1787147283591436572,PPS-GC,sender_signaling,pps_gc_sender_preparation,sender,994,false,32,2,recipient_bits=16;location_bytes=32,276,68,measured,ok,unavailable,rustc,nightly-2021-05-06,Release,JerryZ
1787147283593000471,PPS-GC,sender_signaling,message_encryption,sender,994,false,32,2,recipient_bits=16;location_bytes=32,-1,,not_applicable,not_applicable,unavailable,rustc,nightly-2021-05-06,Release,JerryZ
1787147283595581799,PPS-GC,sender_signaling,pps_gc_sender_total_signaling,sender,994,false,32,2,recipient_bits=16;location_bytes=32,12067,68,measured,ok,unavailable,rustc,nightly-2021-05-06,Release,JerryZ
1787147283596916122,PPS-GC,sender_signaling,pps_gc_share_generation,sender,995,false,32,2,recipient_bits=16;location_bytes=32,10166,68,measured,ok,unavailable,rustc,nightly-2021-05-06,Release,JerryZ
1787147283598144594,PPS-GC,sender_signaling,pps_gc_sender_preparation,sender,995,false,32,2,recipient_bits=16;location_bytes=32,367,68,measured,ok,unavailable,rustc,nightly-2021-05-06,Release,JerryZ
1787147283599396424,PPS-GC,sender_signaling,message_encryption,sender,995,false,32,2,recipient_bits=16;location_bytes=32,-1,,not_applicable,not_applicable,unavailable,rustc,nightly-2021-05-06,Release,JerryZ
1787147283600587715,PPS-GC,sender_signaling,pps_gc_sender_total_signaling,sender,995,false,32,2,recipient_bits=16;location_bytes=32,13280,68,measured,ok,unavailable,rustc,nightly-2021-05-06,Release,JerryZ
1787147283601730920,PPS-GC,sender_signaling,pps_gc_share_generation,sender,996,false,32,2,recipient_bits=16;location_bytes=32,9625,68,measured,ok,unavailable,rustc,nightly-2021-05-06,Release,JerryZ
1787147283603175040,PPS-GC,sender_signaling,pps_gc_sender_preparation,sender,996,false,32,2,recipient_bits=16;location_bytes=32,138,68,measured,ok,unavailable,rustc,nightly-2021-05-06,Release,JerryZ
1787147283604361482,PPS-GC,sender_signaling,message_encryption,sender,996,false,32,2,recipient_bits=16;location_bytes=32,-1,,not_applicable,not_applicable,unavailable,rustc,nightly-2021-05-06,Release,JerryZ
1787147283605671794,PPS-GC,sender_signaling,pps_gc_sender_total_signaling,sender,996,false,32,2,recipient_bits=16;location_bytes=32,26679,68,measured,ok,unavailable,rustc,nightly-2021-05-06,Release,JerryZ
1787147283607355813,PPS-GC,sender_signaling,pps_gc_share_generation,sender,997,false,32,2,recipient_bits=16;location_bytes=32,11277,68,measured,ok,unavailable,rustc,nightly-2021-05-06,Release,JerryZ
1787147283609327430,PPS-GC,sender_signaling,pps_gc_sender_preparation,sender,997,false,32,2,recipient_bits=16;location_bytes=32,1093,68,measured,ok,unavailable,rustc,nightly-2021-05-06,Release,JerryZ
1787147283611468093,PPS-GC,sender_signaling,message_encryption,sender,997,false,32,2,recipient_bits=16;location_bytes=32,-1,,not_applicable,not_applicable,unavailable,rustc,nightly-2021-05-06,Release,JerryZ
1787147283612695402,PPS-GC,sender_signaling,pps_gc_sender_total_signaling,sender,997,false,32,2,recipient_bits=16;location_bytes=32,11323,68,measured,ok,unavailable,rustc,nightly-2021-05-06,Release,JerryZ
1787147283613914832,PPS-GC,sender_signaling,pps_gc_share_generation,sender,998,false,32,2,recipient_bits=16;location_bytes=32,9551,68,measured,ok,unavailable,rustc,nightly-2021-05-06,Release,JerryZ
1787147283615317429,PPS-GC,sender_signaling,pps_gc_sender_preparation,sender,998,false,32,2,recipient_bits=16;location_bytes=32,147,68,measured,ok,unavailable,rustc,nightly-2021-05-06,Release,JerryZ
1787147283616916685,PPS-GC,sender_signaling,message_encryption,sender,998,false,32,2,recipient_bits=16;location_bytes=32,-1,,not_applicable,not_applicable,unavailable,rustc,nightly-2021-05-06,Release,JerryZ
1787147283618077027,PPS-GC,sender_signaling,pps_gc_sender_total_signaling,sender,998,false,32,2,recipient_bits=16;location_bytes=32,12563,68,measured,ok,unavailable,rustc,nightly-2021-05-06,Release,JerryZ
1787147283619191293,PPS-GC,sender_signaling,pps_gc_share_generation,sender,999,false,32,2,recipient_bits=16;location_bytes=32,9552,68,measured,ok,unavailable,rustc,nightly-2021-05-06,Release,JerryZ
1787147283620471896,PPS-GC,sender_signaling,pps_gc_sender_preparation,sender,999,false,32,2,recipient_bits=16;location_bytes=32,137,68,measured,ok,unavailable,rustc,nightly-2021-05-06,Release,JerryZ
1787147283621900730,PPS-GC,sender_signaling,message_encryption,sender,999,false,32,2,recipient_bits=16;location_bytes=32,-1,,not_applicable,not_applicable,unavailable,rustc,nightly-2021-05-06,Release,JerryZ
1787147283623346242,PPS-GC,sender_signaling,pps_gc_sender_total_signaling,sender,999,false,32,2,recipient_bits=16;location_bytes=32,23574,68,measured,ok,unavailable,rustc,nightly-2021-05-06,Release,JerryZ
