timestamp,scheme,experiment,operation,role,B,trial,warmup,total_time_ns,per_signal_time_ns,scheme_specific_parameters,recipient_mode,status
1787733239623635257,PPS-GC,multiple_signal_sender_scalability,share_generation,sender,10,-20,true,99274,9927,recipient_bits=16;location_bytes=32,fixed_target_recipient,ok
1787733239626606233,PPS-GC,multiple_signal_sender_scalability,share_generation,sender,10,-19,true,219808,21980,recipient_bits=16;location_bytes=32,fixed_target_recipient,ok
1787733239628609502,PPS-GC,multiple_signal_sender_scalability,share_generation,sender,10,-18,true,226921,22692,recipient_bits=16;location_bytes=32,fixed_target_recipient,ok
1787733239630165370,PPS-GC,multiple_signal_sender_scalability,share_generation,sender,10,-17,true,98163,9816,recipient_bits=16;location_bytes=32,fixed_target_recipient,ok
1787733239631860096,PPS-GC,multiple_signal_sender_scalability,share_generation,sender,10,-16,true,220760,22076,recipient_bits=16;location_bytes=32,fixed_target_recipient,ok
1787733239633887068,PPS-GC,multiple_signal_sender_scalability,share_generation,sender,10,-15,true,99695,9969,recipient_bits=16;location_bytes=32,fixed_target_recipient,ok
1787733239635292267,PPS-GC,multiple_signal_sender_scalability,share_generation,sender,10,-14,true,98543,9854,recipient_bits=16;location_bytes=32,fixed_target_recipient,ok
1787733239636968479,PPS-GC,multiple_signal_sender_scalability,share_generation,sender,10,-13,true,98062,9806,recipient_bits=16;location_bytes=32,fixed_target_recipient,ok
1787733239638307003,PPS-GC,multiple_signal_sender_scalability,share_generation,sender,10,-12,true,97731,9773,recipient_bits=16;location_bytes=32,fixed_target_recipient,ok
1787733239639864745,PPS-GC,multiple_signal_sender_scalability,share_generation,sender,10,-11,true,97601,9760,recipient_bits=16;location_bytes=32,fixed_target_recipient,ok
1787733239641373786,PPS-GC,multiple_signal_sender_scalability,share_generation,sender,10,-10,true,186336,18633,recipient_bits=16;location_bytes=32,fixed_target_recipient,ok
1787733239642860396,PPS-GC,multiple_signal_sender_scalability,share_generation,sender,10,-9,true,205661,20566,recipient_bits=16;location_bytes=32,fixed_target_recipient,ok
1787733239644355181,PPS-GC,multiple_signal_sender_scalability,share_generation,sender,10,-8,true,105766,10576,recipient_bits=16;location_bytes=32,fixed_target_recipient,ok
1787733239646133081,PPS-GC,multiple_signal_sender_scalability,share_generation,sender,10,-7,true,110205,11020,recipient_bits=16;location_bytes=32,fixed_target_recipient,ok
1787733239647528943,PPS-GC,multiple_signal_sender_scalability,share_generation,sender,10,-6,true,113270,11327,recipient_bits=16;location_bytes=32,fixed_target_recipient,ok
1787733239649593736,PPS-GC,multiple_signal_sender_scalability,share_generation,sender,10,-5,true,292393,29239,recipient_bits=16;location_bytes=32,fixed_target_recipient,ok
1787733239651403375,PPS-GC,multiple_signal_sender_scalability,share_generation,sender,10,-4,true,119812,11981,recipient_bits=16;location_bytes=32,fixed_target_recipient,ok
1787733239653402220,PPS-GC,multiple_signal_sender_scalability,share_generation,sender,10,-3,true,125423,12542,recipient_bits=16;location_bytes=32,fixed_target_recipient,ok
1787733239655027362,PPS-GC,multiple_signal_sender_scalability,share_generation,sender,10,-2,true,122116,12211,recipient_bits=16;location_bytes=32,fixed_target_recipient,ok
1787733239656567191,PPS-GC,multiple_signal_sender_scalability,share_generation,sender,10,-1,true,123569,12356,recipient_bits=16;location_bytes=32,fixed_target_recipient,ok
1787733239658175566,PPS-GC,multiple_signal_sender_scalability,share_generation,sender,10,0,false,131033,13103,recipient_bits=16;location_bytes=32,fixed_target_recipient,ok
1787733239660228312,PPS-GC,multiple_signal_sender_scalability,share_generation,sender,10,1,false,130572,13057,recipient_bits=16;location_bytes=32,fixed_target_recipient,ok
1787733239662028249,PPS-GC,multiple_signal_sender_scalability,share_generation,sender,10,2,false,229787,22978,recipient_bits=16;location_bytes=32,fixed_target_recipient,ok
1787733239663712816,PPS-GC,multiple_signal_sender_scalability,share_generation,sender,10,3,false,130452,13045,recipient_bits=16;location_bytes=32,fixed_target_recipient,ok
1787733239666092739,PPS-GC,multiple_signal_sender_scalability,share_generation,sender,10,4,false,135331,13533,recipient_bits=16;location_bytes=32,fixed_target_recipient,ok
1787733239667791898,PPS-GC,multiple_signal_sender_scalability,share_generation,sender,10,5,false,131364,13136,recipient_bits=16;location_bytes=32,fixed_target_recipient,ok
1787733239669592090,PPS-GC,multiple_signal_sender_scalability,share_generation,sender,10,6,false,130853,13085,recipient_bits=16;location_bytes=32,fixed_target_recipient,ok
1787733239671289170,PPS-GC,multiple_signal_sender_scalability,share_generation,sender,10,7,false,129049,12904,recipient_bits=16;location_bytes=32,fixed_target_recipient,ok
1787733239672903116,PPS-GC,multiple_signal_sender_scalability,share_generation,sender,10,8,false,126214,12621,recipient_bits=16;location_bytes=32,fixed_target_recipient,ok
1787733239674465697,PPS-GC,multiple_signal_sender_scalability,share_generation,sender,10,9,false,126324,12632,recipient_bits=16;location_bytes=32,fixed_target_recipient,ok
1787733239676703591,PPS-GC,multiple_signal_sender_scalability,share_generation,sender,10,10,false,224948,22494,recipient_bits=16;location_bytes=32,fixed_target_recipient,ok
1787733239678365747,PPS-GC,multiple_signal_sender_scalability,share_generation,sender,10,11,false,140411,14041,recipient_bits=16;location_bytes=32,fixed_target_recipient,ok
1787733239680091059,PPS-GC,multiple_signal_sender_scalability,share_generation,sender,10,12,false,230849,23084,recipient_bits=16;location_bytes=32,fixed_target_recipient,ok
1787733239681902542,PPS-GC,multiple_signal_sender_scalability,share_generation,sender,10,13,false,205702,20570,recipient_bits=16;location_bytes=32,fixed_target_recipient,ok
1787733239683834944,PPS-GC,multiple_signal_sender_scalability,share_generation,sender,10,14,false,142394,14239,recipient_bits=16;location_bytes=32,fixed_target_recipient,ok
1787733239686001962,PPS-GC,multiple_signal_sender_scalability,share_generation,sender,10,15,false,145430,14543,recipient_bits=16;location_bytes=32,fixed_target_recipient,ok
1787733239687937886,PPS-GC,multiple_signal_sender_scalability,share_generation,sender,10,16,false,142134,14213,recipient_bits=16;location_bytes=32,fixed_target_recipient,ok
1787733239689775347,PPS-GC,multiple_signal_sender_scalability,share_generation,sender,10,17,false,139249,13924,recipient_bits=16;location_bytes=32,fixed_target_recipient,ok
1787733239691654275,PPS-GC,multiple_signal_sender_scalability,share_generation,sender,10,18,false,137084,13708,recipient_bits=16;location_bytes=32,fixed_target_recipient,ok
1787733239693757179,PPS-GC,multiple_signal_sender_scalability,share_generation,sender,10,19,false,205332,20533,recipient_bits=16;location_bytes=32,fixed_target_recipient,ok
1787733239695472513,PPS-GC,multiple_signal_sender_scalability,share_generation,sender,10,20,false,151231,15123,recipient_bits=16;location_bytes=32,fixed_target_recipient,ok
1787733239697172599,PPS-GC,multiple_signal_sender_scalability,share_generation,sender,10,21,false,139058,13905,recipient_bits=16;location_bytes=32,fixed_target_recipient,ok
1787733239699056617,PPS-GC,multiple_signal_sender_scalability,share_generation,sender,10,22,false,215019,21501,recipient_bits=16;location_bytes=32,fixed_target_recipient,ok
1787733239701282649,PPS-GC,multiple_signal_sender_scalability,share_generation,sender,10,23,false,142224,14222,recipient_bits=16;location_bytes=32,fixed_target_recipient,ok
1787733239703084228,PPS-GC,multiple_signal_sender_scalability,share_generation,sender,10,24,false,142715,14271,recipient_bits=16;location_bytes=32,fixed_target_recipient,ok
1787733239705071572,PPS-GC,multiple_signal_sender_scalability,share_generation,sender,10,25,false,216983,21698,recipient_bits=16;location_bytes=32,fixed_target_recipient,ok
1787733239706968453,PPS-GC,multiple_signal_sender_scalability,share_generation,sender,10,26,false,135782,13578,recipient_bits=16;location_bytes=32,fixed_target_recipient,ok
1787733239709168928,PPS-GC,multiple_signal_sender_scalability,share_generation,sender,10,27,false,128880,12888,recipient_bits=16;location_bytes=32,fixed_target_recipient,ok
1787733239710889302,PPS-GC,multiple_signal_sender_scalability,share_generation,sender,10,28,false,126525,12652,recipient_bits=16;location_bytes=32,fixed_target_recipient,ok
1787733239712495063,PPS-GC,multiple_signal_sender_scalability,share_generation,sender,10,29,false,122017,12201,recipient_bits=16;location_bytes=32,fixed_target_recipient,ok
1787733239714320572,PPS-GC,multiple_signal_sender_scalability,share_generation,sender,10,30,false,122017,12201,recipient_bits=16;location_bytes=32,fixed_target_recipient,ok
1787733239716299576,PPS-GC,multiple_signal_sender_scalability,share_generation,sender,10,31,false,133769,13376,recipient_bits=16;location_bytes=32,fixed_target_recipient,ok
1787733239718278955,PPS-GC,multiple_signal_sender_scalability,share_generation,sender,10,32,false,122387,12238,recipient_bits=16;location_bytes=32,fixed_target_recipient,ok
1787733239720207760,PPS-GC,multiple_signal_sender_scalability,share_generation,sender,10,33,false,121806,12180,recipient_bits=16;location_bytes=32,fixed_target_recipient,ok
1787733239722368962,PPS-GC,multiple_signal_sender_scalability,share_generation,sender,10,34,false,206042,20604,recipient_bits=16;location_bytes=32,fixed_target_recipient,ok
1787733239724213506,PPS-GC,multiple_signal_sender_scalability,share_generation,sender,10,35,false,118480,11848,recipient_bits=16;location_bytes=32,fixed_target_recipient,ok
1787733239725683590,PPS-GC,multiple_signal_sender_scalability,share_generation,sender,10,36,false,112639,11263,recipient_bits=16;location_bytes=32,fixed_target_recipient,ok
1787733239727427438,PPS-GC,multiple_signal_sender_scalability,share_generation,sender,10,37,false,113240,11324,recipient_bits=16;location_bytes=32,fixed_target_recipient,ok
1787733239728925964,PPS-GC,multiple_signal_sender_scalability,share_generation,sender,10,38,false,112950,11295,recipient_bits=16;location_bytes=32,fixed_target_recipient,ok
1787733239730385223,PPS-GC,multiple_signal_sender_scalability,share_generation,sender,10,39,false,110045,11004,recipient_bits=16;location_bytes=32,fixed_target_recipient,ok
1787733239732427875,PPS-GC,multiple_signal_sender_scalability,share_generation,sender,10,40,false,218666,21866,recipient_bits=16;location_bytes=32,fixed_target_recipient,ok
1787733239734041891,PPS-GC,multiple_signal_sender_scalability,share_generation,sender,10,41,false,110034,11003,recipient_bits=16;location_bytes=32,fixed_target_recipient,ok
1787733239735549971,PPS-GC,multiple_signal_sender_scalability,share_generation,sender,10,42,false,110285,11028,recipient_bits=16;location_bytes=32,fixed_target_recipient,ok
1787733239737337619,PPS-GC,multiple_signal_sender_scalability,share_generation,sender,10,43,false,109233,10923,recipient_bits=16;location_bytes=32,fixed_target_recipient,ok
1787733239738856699,PPS-GC,multiple_signal_sender_scalability,share_generation,sender,10,44,false,106457,10645,recipient_bits=16;location_bytes=32,fixed_target_recipient,ok
1787733239740542439,PPS-GC,multiple_signal_sender_scalability,share_generation,sender,10,45,false,105145,10514,recipient_bits=16;location_bytes=32,fixed_target_recipient,ok
1787733239742034138,PPS-GC,multiple_signal_sender_scalability,share_generation,sender,10,46,false,211353,21135,recipient_bits=16;location_bytes=32,fixed_target_recipient,ok
1787733239743482777,PPS-GC,multiple_signal_sender_scalability,share_generation,sender,10,47,false,107540,10754,recipient_bits=16;location_bytes=32,fixed_target_recipient,ok
1787733239745022580,PPS-GC,multiple_signal_sender_scalability,share_generation,sender,10,48,false,113130,11313,recipient_bits=16;location_bytes=32,fixed_target_recipient,ok
1787733239746985880,PPS-GC,multiple_signal_sender_scalability,share_generation,sender,10,49,false,110945,11094,recipient_bits=16;location_bytes=32,fixed_target_recipient,ok
1787733239748518806,PPS-GC,multiple_signal_sender_scalability,share_generation,sender,10,50,false,110355,11035,recipient_bits=16;location_bytes=32,fixed_target_recipient,ok
1787733239750154893,PPS-GC,multiple_signal_sender_scalability,share_generation,sender,10,51,false,108822,10882,recipient_bits=16;location_bytes=32,fixed_target_recipient,ok
1787733239752078394,PPS-GC,multiple_signal_sender_scalability,share_generation,sender,10,52,false,107088,10708,recipient_bits=16;location_bytes=32,fixed_target_recipient,ok
1787733239753747893,PPS-GC,multiple_signal_sender_scalability,share_generation,sender,10,53,false,203668,20366,recipient_bits=16;location_bytes=32,fixed_target_recipient,ok
1787733239755138494,PPS-GC,multiple_signal_sender_scalability,share_generation,sender,10,54,false,100226,10022,recipient_bits=16;location_bytes=32,fixed_target_recipient,ok
1787733239756561786,PPS-GC,multiple_signal_sender_scalability,share_generation,sender,10,55,false,159647,15964,recipient_bits=16;location_bytes=32,fixed_target_recipient,ok
1787733239757860572,PPS-GC,multiple_signal_sender_scalability,share_generation,sender,10,56,false,100186,10018,recipient_bits=16;location_bytes=32,fixed_target_recipient,ok
1787733239759330586,PPS-GC,multiple_signal_sender_scalability,share_generation,sender,10,57,false,202526,20252,recipient_bits=16;location_bytes=32,fixed_target_recipient,ok
1787733239761176793,PPS-GC,multiple_signal_sender_scalability,share_generation,sender,10,58,false,102510,10251,recipient_bits=16;location_bytes=32,fixed_target_recipient,ok
1787733239762606969,PPS-GC,multiple_signal_sender_scalability,share_generation,sender,10,59,false,141874,14187,recipient_bits=16;location_bytes=32,fixed_target_recipient,ok
1787733239764065090,PPS-GC,multiple_signal_sender_scalability,share_generation,sender,10,60,false,111968,11196,recipient_bits=16;location_bytes=32,fixed_target_recipient,ok
1787733239765759932,PPS-GC,multiple_signal_sender_scalability,share_generation,sender,10,61,false,212555,21255,recipient_bits=16;location_bytes=32,fixed_target_recipient,ok
1787733239767627283,PPS-GC,multiple_signal_sender_scalability,share_generation,sender,10,62,false,133588,13358,recipient_bits=16;location_bytes=32,fixed_target_recipient,ok
1787733239770158236,PPS-GC,multiple_signal_sender_scalability,share_generation,sender,10,63,false,108902,10890,recipient_bits=16;location_bytes=32,fixed_target_recipient,ok
1787733239771846641,PPS-GC,multiple_signal_sender_scalability,share_generation,sender,10,64,false,213065,21306,recipient_bits=16;location_bytes=32,fixed_target_recipient,ok
1787733239773441701,PPS-GC,multiple_signal_sender_scalability,share_generation,sender,10,65,false,159547,15954,recipient_bits=16;location_bytes=32,fixed_target_recipient,ok
1787733239774871696,PPS-GC,multiple_signal_sender_scalability,share_generation,sender,10,66,false,103402,10340,recipient_bits=16;location_bytes=32,fixed_target_recipient,ok
1787733239776630551,PPS-GC,multiple_signal_sender_scalability,share_generation,sender,10,67,false,104884,10488,recipient_bits=16;location_bytes=32,fixed_target_recipient,ok
1787733239778210604,PPS-GC,multiple_signal_sender_scalability,share_generation,sender,10,68,false,140701,14070,recipient_bits=16;location_bytes=32,fixed_target_recipient,ok
1787733239779659684,PPS-GC,multiple_signal_sender_scalability,share_generation,sender,10,69,false,110344,11034,recipient_bits=16;location_bytes=32,fixed_target_recipient,ok
1787733239781127739,PPS-GC,multiple_signal_sender_scalability,share_generation,sender,10,70,false,112639,11263,recipient_bits=16;location_bytes=32,fixed_target_recipient,ok
1787733239783228915,PPS-GC,multiple_signal_sender_scalability,share_generation,sender,10,71,false,119291,11929,recipient_bits=16;location_bytes=32,fixed_target_recipient,ok
1787733239785012947,PPS-GC,multiple_signal_sender_scalability,share_generation,sender,10,72,false,120314,12031,recipient_bits=16;location_bytes=32,fixed_target_recipient,ok
1787733239786637698,PPS-GC,multiple_signal_sender_scalability,share_generation,sender,10,73,false,161540,16154,recipient_bits=16;location_bytes=32,fixed_target_recipient,ok
1787733239788477032,PPS-GC,multiple_signal_sender_scalability,share_generation,sender,10,74,false,118360,11836,recipient_bits=16;location_bytes=32,fixed_target_recipient,ok
1787733239790519424,PPS-GC,multiple_signal_sender_scalability,share_generation,sender,10,75,false,117719,11771,recipient_bits=16;location_bytes=32,fixed_target_recipient,ok
1787733239792224329,PPS-GC,multiple_signal_sender_scalability,share_generation,sender,10,76,false,118199,11819,recipient_bits=16;location_bytes=32,fixed_target_recipient,ok
1787733239793999144,PPS-GC,multiple_signal_sender_scalability,share_generation,sender,10,77,false,122046,12204,recipient_bits=16;location_bytes=32,fixed_target_recipient,ok
1787733239795824452,PPS-GC,multiple_signal_sender_scalability,share_generation,sender,10,78,false,128849,12884,recipient_bits=16;location_bytes=32,fixed_target_recipient,ok
1787733239797505011,PPS-GC,multiple_signal_sender_scalability,share_generation,sender,10,79,false,126875,12687,recipient_bits=16;location_bytes=32,fixed_target_recipient,ok
1787733239799321333,PPS-GC,multiple_signal_sender_scalability,share_generation,sender,10,80,false,228925,22892,recipient_bits=16;location_bytes=32,fixed_target_recipient,ok
1787733239801218626,PPS-GC,multiple_signal_sender_scalability,share_generation,sender,10,81,false,134470,13447,recipient_bits=16;location_bytes=32,fixed_target_recipient,ok
1787733239803007957,PPS-GC,multiple_signal_sender_scalability,share_generation,sender,10,82,false,136263,13626,recipient_bits=16;location_bytes=32,fixed_target_recipient,ok
1787733239804879591,PPS-GC,multiple_signal_sender_scalability,share_generation,sender,10,83,false,134309,13430,recipient_bits=16;location_bytes=32,fixed_target_recipient,ok
1787733239806991793,PPS-GC,multiple_signal_sender_scalability,share_generation,sender,10,84,false,159566,15956,recipient_bits=16;location_bytes=32,fixed_target_recipient,ok
1787733239808744576,PPS-GC,multiple_signal_sender_scalability,share_generation,sender,10,85,false,127076,12707,recipient_bits=16;location_bytes=32,fixed_target_recipient,ok
1787733239810280948,PPS-GC,multiple_signal_sender_scalability,share_generation,sender,10,86,false,126224,12622,recipient_bits=16;location_bytes=32,fixed_target_recipient,ok
1787733239812155859,PPS-GC,multiple_signal_sender_scalability,share_generation,sender,10,87,false,217774,21777,recipient_bits=16;location_bytes=32,fixed_target_recipient,ok
1787733239813823454,PPS-GC,multiple_signal_sender_scalability,share_generation,sender,10,88,false,123078,12307,recipient_bits=16;location_bytes=32,fixed_target_recipient,ok
1787733239815816394,PPS-GC,multiple_signal_sender_scalability,share_generation,sender,10,89,false,215089,21508,recipient_bits=16;location_bytes=32,fixed_target_recipient,ok
1787733239817657452,PPS-GC,multiple_signal_sender_scalability,share_generation,sender,10,90,false,213627,21362,recipient_bits=16;location_bytes=32,fixed_target_recipient,ok
1787733239819538574,PPS-GC,multiple_signal_sender_scalability,share_generation,sender,10,91,false,293886,29388,recipient_bits=16;location_bytes=32,fixed_target_recipient,ok
1787733239821283483,PPS-GC,multiple_signal_sender_scalability,share_generation,sender,10,92,false,116156,11615,recipient_bits=16;location_bytes=32,fixed_target_recipient,ok
1787733239823458230,PPS-GC,multiple_signal_sender_scalability,share_generation,sender,10,93,false,225388,22538,recipient_bits=16;location_bytes=32,fixed_target_recipient,ok
1787733239825039976,PPS-GC,multiple_signal_sender_scalability,share_generation,sender,10,94,false,111277,11127,recipient_bits=16;location_bytes=32,fixed_target_recipient,ok
1787733239826680001,PPS-GC,multiple_signal_sender_scalability,share_generation,sender,10,95,false,279719,27971,recipient_bits=16;location_bytes=32,fixed_target_recipient,ok
1787733239828312752,PPS-GC,multiple_signal_sender_scalability,share_generation,sender,10,96,false,111426,11142,recipient_bits=16;location_bytes=32,fixed_target_recipient,ok
1787733239830049365,PPS-GC,multiple_signal_sender_scalability,share_generation,sender,10,97,false,109743,10974,recipient_bits=16;location_bytes=32,fixed_target_recipient,ok
1787733239831699969,PPS-GC,multiple_signal_sender_scalability,share_generation,sender,10,98,false,220509,22050,recipient_bits=16;location_bytes=32,fixed_target_recipient,ok
1787733239833520269,PPS-GC,multiple_signal_sender_scalability,share_generation,sender,10,99,false,110916,11091,recipient_bits=16;location_bytes=32,fixed_target_recipient,ok
1787733239842106878,PPS-GC,multiple_signal_sender_scalability,share_generation,sender,32,-20,true,329492,10296,recipient_bits=16;location_bytes=32,fixed_target_recipient,ok
1787733239844279051,PPS-GC,multiple_signal_sender_scalability,share_generation,sender,32,-19,true,352193,11006,recipient_bits=16;location_bytes=32,fixed_target_recipient,ok
1787733239846028448,PPS-GC,multiple_signal_sender_scalability,share_generation,sender,32,-18,true,310827,9713,recipient_bits=16;location_bytes=32,fixed_target_recipient,ok
1787733239847580429,PPS-GC,multiple_signal_sender_scalability,share_generation,sender,32,-17,true,310837,9713,recipient_bits=16;location_bytes=32,fixed_target_recipient,ok
1787733239849764153,PPS-GC,multiple_signal_sender_scalability,share_generation,sender,32,-16,true,312751,9773,recipient_bits=16;location_bytes=32,fixed_target_recipient,ok
1787733239851484006,PPS-GC,multiple_signal_sender_scalability,share_generation,sender,32,-15,true,316227,9882,recipient_bits=16;location_bytes=32,fixed_target_recipient,ok
1787733239853601246,PPS-GC,multiple_signal_sender_scalability,share_generation,sender,32,-14,true,699939,21873,recipient_bits=16;location_bytes=32,fixed_target_recipient,ok
1787733239855219390,PPS-GC,multiple_signal_sender_scalability,share_generation,sender,32,-13,true,313271,9789,recipient_bits=16;location_bytes=32,fixed_target_recipient,ok
1787733239857398179,PPS-GC,multiple_signal_sender_scalability,share_generation,sender,32,-12,true,841462,26295,recipient_bits=16;location_bytes=32,fixed_target_recipient,ok
1787733239859033620,PPS-GC,multiple_signal_sender_scalability,share_generation,sender,32,-11,true,340713,10647,recipient_bits=16;location_bytes=32,fixed_target_recipient,ok
1787733239861319734,PPS-GC,multiple_signal_sender_scalability,share_generation,sender,32,-10,true,312179,9755,recipient_bits=16;location_bytes=32,fixed_target_recipient,ok
1787733239863021764,PPS-GC,multiple_signal_sender_scalability,share_generation,sender,32,-9,true,306188,9568,recipient_bits=16;location_bytes=32,fixed_target_recipient,ok
1787733239864544601,PPS-GC,multiple_signal_sender_scalability,share_generation,sender,32,-8,true,310296,9696,recipient_bits=16;location_bytes=32,fixed_target_recipient,ok
1787733239866255036,PPS-GC,multiple_signal_sender_scalability,share_generation,sender,32,-7,true,309334,9666,recipient_bits=16;location_bytes=32,fixed_target_recipient,ok
1787733239868008381,PPS-GC,multiple_signal_sender_scalability,share_generation,sender,32,-6,true,341353,10667,recipient_bits=16;location_bytes=32,fixed_target_recipient,ok
1787733239869978268,PPS-GC,multiple_signal_sender_scalability,share_generation,sender,32,-5,true,308352,9636,recipient_bits=16;location_bytes=32,fixed_target_recipient,ok
1787733239872054171,PPS-GC,multiple_signal_sender_scalability,share_generation,sender,32,-4,true,780749,24398,recipient_bits=16;location_bytes=32,fixed_target_recipient,ok
1787733239873701379,PPS-GC,multiple_signal_sender_scalability,share_generation,sender,32,-3,true,306229,9569,recipient_bits=16;location_bytes=32,fixed_target_recipient,ok
1787733239875225078,PPS-GC,multiple_signal_sender_scalability,share_generation,sender,32,-2,true,312690,9771,recipient_bits=16;location_bytes=32,fixed_target_recipient,ok
1787733239877281425,PPS-GC,multiple_signal_sender_scalability,share_generation,sender,32,-1,true,316458,9889,recipient_bits=16;location_bytes=32,fixed_target_recipient,ok
1787733239878767203,PPS-GC,multiple_signal_sender_scalability,share_generation,sender,32,0,false,314123,9816,recipient_bits=16;location_bytes=32,fixed_target_recipient,ok
1787733239880367774,PPS-GC,multiple_signal_sender_scalability,share_generation,sender,32,1,false,409570,12799,recipient_bits=16;location_bytes=32,fixed_target_recipient,ok
1787733239882650021,PPS-GC,multiple_signal_sender_scalability,share_generation,sender,32,2,false,581589,18174,recipient_bits=16;location_bytes=32,fixed_target_recipient,ok
1787733239884293732,PPS-GC,multiple_signal_sender_scalability,share_generation,sender,32,3,false,347244,10851,recipient_bits=16;location_bytes=32,fixed_target_recipient,ok
1787733239885960336,PPS-GC,multiple_signal_sender_scalability,share_generation,sender,32,4,false,340512,10641,recipient_bits=16;location_bytes=32,fixed_target_recipient,ok
1787733239887544837,PPS-GC,multiple_signal_sender_scalability,share_generation,sender,32,5,false,358195,11193,recipient_bits=16;location_bytes=32,fixed_target_recipient,ok
1787733239889280539,PPS-GC,multiple_signal_sender_scalability,share_generation,sender,32,6,false,342746,10710,recipient_bits=16;location_bytes=32,fixed_target_recipient,ok
1787733239890925172,PPS-GC,multiple_signal_sender_scalability,share_generation,sender,32,7,false,352214,11006,recipient_bits=16;location_bytes=32,fixed_target_recipient,ok
1787733239892881003,PPS-GC,multiple_signal_sender_scalability,share_generation,sender,32,8,false,320896,10028,recipient_bits=16;location_bytes=32,fixed_target_recipient,ok
1787733239894423542,PPS-GC,multiple_signal_sender_scalability,share_generation,sender,32,9,false,315266,9852,recipient_bits=16;location_bytes=32,fixed_target_recipient,ok
1787733239896006475,PPS-GC,multiple_signal_sender_scalability,share_generation,sender,32,10,false,332498,10390,recipient_bits=16;location_bytes=32,fixed_target_recipient,ok
1787733239897559538,PPS-GC,multiple_signal_sender_scalability,share_generation,sender,32,11,false,322459,10076,recipient_bits=16;location_bytes=32,fixed_target_recipient,ok
1787733239899542038,PPS-GC,multiple_signal_sender_scalability,share_generation,sender,32,12,false,689961,21561,recipient_bits=16;location_bytes=32,fixed_target_recipient,ok
1787733239901583638,PPS-GC,multiple_signal_sender_scalability,share_generation,sender,32,13,false,306509,9578,recipient_bits=16;location_bytes=32,fixed_target_recipient,ok
1787733239903516336,PPS-GC,multiple_signal_sender_scalability,share_generation,sender,32,14,false,690582,21580,recipient_bits=16;location_bytes=32,fixed_target_recipient,ok
1787733239905101308,PPS-GC,multiple_signal_sender_scalability,share_generation,sender,32,15,false,306349,9573,recipient_bits=16;location_bytes=32,fixed_target_recipient,ok
1787733239906757543,PPS-GC,multiple_signal_sender_scalability,share_generation,sender,32,16,false,308132,9629,recipient_bits=16;location_bytes=32,fixed_target_recipient,ok
1787733239908508293,PPS-GC,multiple_signal_sender_scalability,share_generation,sender,32,17,false,314123,9816,recipient_bits=16;location_bytes=32,fixed_target_recipient,ok
1787733239909931485,PPS-GC,multiple_signal_sender_scalability,share_generation,sender,32,18,false,306118,9566,recipient_bits=16;location_bytes=32,fixed_target_recipient,ok
1787733239911798842,PPS-GC,multiple_signal_sender_scalability,share_generation,sender,32,19,false,692426,21638,recipient_bits=16;location_bytes=32,fixed_target_recipient,ok
1787733239913722643,PPS-GC,multiple_signal_sender_scalability,share_generation,sender,32,20,false,306258,9570,recipient_bits=16;location_bytes=32,fixed_target_recipient,ok
1787733239916705590,PPS-GC,multiple_signal_sender_scalability,share_generation,sender,32,21,false,709217,22163,recipient_bits=16;location_bytes=32,fixed_target_recipient,ok
1787733239918631055,PPS-GC,multiple_signal_sender_scalability,share_generation,sender,32,22,false,575799,17993,recipient_bits=16;location_bytes=32,fixed_target_recipient,ok
1787733239920308408,PPS-GC,multiple_signal_sender_scalability,share_generation,sender,32,23,false,311378,9730,recipient_bits=16;location_bytes=32,fixed_target_recipient,ok
1787733239921780992,PPS-GC,multiple_signal_sender_scalability,share_generation,sender,32,24,false,306409,9575,recipient_bits=16;location_bytes=32,fixed_target_recipient,ok
1787733239923638720,PPS-GC,multiple_signal_sender_scalability,share_generation,sender,32,25,false,306940,9591,recipient_bits=16;location_bytes=32,fixed_target_recipient,ok
1787733239925336512,PPS-GC,multiple_signal_sender_scalability,share_generation,sender,32,26,false,307661,9614,recipient_bits=16;location_bytes=32,fixed_target_recipient,ok
1787733239926871983,PPS-GC,multiple_signal_sender_scalability,share_generation,sender,32,27,false,306789,9587,recipient_bits=16;location_bytes=32,fixed_target_recipient,ok
1787733239928831110,PPS-GC,multiple_signal_sender_scalability,share_generation,sender,32,28,false,306259,9570,recipient_bits=16;location_bytes=32,fixed_target_recipient,ok
1787733239930335061,PPS-GC,multiple_signal_sender_scalability,share_generation,sender,32,29,false,306258,9570,recipient_bits=16;location_bytes=32,fixed_target_recipient,ok
1787733239932521781,PPS-GC,multiple_signal_sender_scalability,share_generation,sender,32,30,false,910780,28461,recipient_bits=16;location_bytes=32,fixed_target_recipient,ok
1787733239934535819,PPS-GC,multiple_signal_sender_scalability,share_generation,sender,32,31,false,306519,9578,recipient_bits=16;location_bytes=32,fixed_target_recipient,ok
1787733239936852179,PPS-GC,multiple_signal_sender_scalability,share_generation,sender,32,32,false,766273,23946,recipient_bits=16;location_bytes=32,fixed_target_recipient,ok
1787733239938621033,PPS-GC,multiple_signal_sender_scalability,share_generation,sender,32,33,false,306780,9586,recipient_bits=16;location_bytes=32,fixed_target_recipient,ok
1787733239940614303,PPS-GC,multiple_signal_sender_scalability,share_generation,sender,32,34,false,306349,9573,recipient_bits=16;location_bytes=32,fixed_target_recipient,ok
1787733239942699734,PPS-GC,multiple_signal_sender_scalability,share_generation,sender,32,35,false,690171,21567,recipient_bits=16;location_bytes=32,fixed_target_recipient,ok
1787733239944446988,PPS-GC,multiple_signal_sender_scalability,share_generation,sender,32,36,false,306689,9584,recipient_bits=16;location_bytes=32,fixed_target_recipient,ok
1787733239946074640,PPS-GC,multiple_signal_sender_scalability,share_generation,sender,32,37,false,306550,9579,recipient_bits=16;location_bytes=32,fixed_target_recipient,ok
1787733239947675080,PPS-GC,multiple_signal_sender_scalability,share_generation,sender,32,38,false,308203,9631,recipient_bits=16;location_bytes=32,fixed_target_recipient,ok
1787733239949970702,PPS-GC,multiple_signal_sender_scalability,share_generation,sender,32,39,false,310015,9687,recipient_bits=16;location_bytes=32,fixed_target_recipient,ok
1787733239951624001,PPS-GC,multiple_signal_sender_scalability,share_generation,sender,32,40,false,309595,9674,recipient_bits=16;location_bytes=32,fixed_target_recipient,ok
1787733239953394829,PPS-GC,multiple_signal_sender_scalability,share_generation,sender,32,41,false,308462,9639,recipient_bits=16;location_bytes=32,fixed_target_recipient,ok
1787733239954947891,PPS-GC,multiple_signal_sender_scalability,share_generation,sender,32,42,false,315445,9857,recipient_bits=16;location_bytes=32,fixed_target_recipient,ok
1787733239956827400,PPS-GC,multiple_signal_sender_scalability,share_generation,sender,32,43,false,307882,9621,recipient_bits=16;location_bytes=32,fixed_target_recipient,ok
1787733239958370776,PPS-GC,multiple_signal_sender_scalability,share_generation,sender,32,44,false,310747,9710,recipient_bits=16;location_bytes=32,fixed_target_recipient,ok
1787733239964832220,PPS-GC,multiple_signal_sender_scalability,share_generation,sender,32,45,false,331836,10369,recipient_bits=16;location_bytes=32,fixed_target_recipient,ok
1787733239966767042,PPS-GC,multiple_signal_sender_scalability,share_generation,sender,32,46,false,346743,10835,recipient_bits=16;location_bytes=32,fixed_target_recipient,ok
1787733239969339808,PPS-GC,multiple_signal_sender_scalability,share_generation,sender,32,47,false,351843,10995,recipient_bits=16;location_bytes=32,fixed_target_recipient,ok
1787733239971082353,PPS-GC,multiple_signal_sender_scalability,share_generation,sender,32,48,false,348708,10897,recipient_bits=16;location_bytes=32,fixed_target_recipient,ok
1787733239973001075,PPS-GC,multiple_signal_sender_scalability,share_generation,sender,32,49,false,587992,18374,recipient_bits=16;location_bytes=32,fixed_target_recipient,ok
1787733239975701307,PPS-GC,multiple_signal_sender_scalability,share_generation,sender,32,50,false,696743,21773,recipient_bits=16;location_bytes=32,fixed_target_recipient,ok
1787733239977513722,PPS-GC,multiple_signal_sender_scalability,share_generation,sender,32,51,false,357694,11177,recipient_bits=16;location_bytes=32,fixed_target_recipient,ok
1787733239979467529,PPS-GC,multiple_signal_sender_scalability,share_generation,sender,32,52,false,356642,11145,recipient_bits=16;location_bytes=32,fixed_target_recipient,ok
1787733239981485705,PPS-GC,multiple_signal_sender_scalability,share_generation,sender,32,53,false,365398,11418,recipient_bits=16;location_bytes=32,fixed_target_recipient,ok
1787733239983848201,PPS-GC,multiple_signal_sender_scalability,share_generation,sender,32,54,false,386908,12090,recipient_bits=16;location_bytes=32,fixed_target_recipient,ok
1787733239985843895,PPS-GC,multiple_signal_sender_scalability,share_generation,sender,32,55,false,376899,11778,recipient_bits=16;location_bytes=32,fixed_target_recipient,ok
1787733239987700362,PPS-GC,multiple_signal_sender_scalability,share_generation,sender,32,56,false,376749,11773,recipient_bits=16;location_bytes=32,fixed_target_recipient,ok
1787733239989648087,PPS-GC,multiple_signal_sender_scalability,share_generation,sender,32,57,false,507702,15865,recipient_bits=16;location_bytes=32,fixed_target_recipient,ok
1787733239991445674,PPS-GC,multiple_signal_sender_scalability,share_generation,sender,32,58,false,369566,11548,recipient_bits=16;location_bytes=32,fixed_target_recipient,ok
1787733239993576861,PPS-GC,multiple_signal_sender_scalability,share_generation,sender,32,59,false,680283,21258,recipient_bits=16;location_bytes=32,fixed_target_recipient,ok
1787733239996296529,PPS-GC,multiple_signal_sender_scalability,share_generation,sender,32,60,false,431641,13488,recipient_bits=16;location_bytes=32,fixed_target_recipient,ok
1787733239998097052,PPS-GC,multiple_signal_sender_scalability,share_generation,sender,32,61,false,401746,12554,recipient_bits=16;location_bytes=32,fixed_target_recipient,ok
1787733240000113796,PPS-GC,multiple_signal_sender_scalability,share_generation,sender,32,62,false,421191,13162,recipient_bits=16;location_bytes=32,fixed_target_recipient,ok
1787733240002096356,PPS-GC,multiple_signal_sender_scalability,share_generation,sender,32,63,false,399251,12476,recipient_bits=16;location_bytes=32,fixed_target_recipient,ok
1787733240004438674,PPS-GC,multiple_signal_sender_scalability,share_generation,sender,32,64,false,401585,12549,recipient_bits=16;location_bytes=32,fixed_target_recipient,ok
1787733240006770343,PPS-GC,multiple_signal_sender_scalability,share_generation,sender,32,65,false,399312,12478,recipient_bits=16;location_bytes=32,fixed_target_recipient,ok
1787733240008909584,PPS-GC,multiple_signal_sender_scalability,share_generation,sender,32,66,false,557736,17429,recipient_bits=16;location_bytes=32,fixed_target_recipient,ok
1787733240010854334,PPS-GC,multiple_signal_sender_scalability,share_generation,sender,32,67,false,399301,12478,recipient_bits=16;location_bytes=32,fixed_target_recipient,ok
1787733240012724014,PPS-GC,multiple_signal_sender_scalability,share_generation,sender,32,68,false,406014,12687,recipient_bits=16;location_bytes=32,fixed_target_recipient,ok
1787733240014939076,PPS-GC,multiple_signal_sender_scalability,share_generation,sender,32,69,false,419158,13098,recipient_bits=16;location_bytes=32,fixed_target_recipient,ok
1787733240017040598,PPS-GC,multiple_signal_sender_scalability,share_generation,sender,32,70,false,462148,14442,recipient_bits=16;location_bytes=32,fixed_target_recipient,ok
1787733240019466571,PPS-GC,multiple_signal_sender_scalability,share_generation,sender,32,71,false,648804,20275,recipient_bits=16;location_bytes=32,fixed_target_recipient,ok
1787733240021610461,PPS-GC,multiple_signal_sender_scalability,share_generation,sender,32,72,false,424608,13269,recipient_bits=16;location_bytes=32,fixed_target_recipient,ok
1787733240024130710,PPS-GC,multiple_signal_sender_scalability,share_generation,sender,32,73,false,471365,14730,recipient_bits=16;location_bytes=32,fixed_target_recipient,ok
1787733240026079167,PPS-GC,multiple_signal_sender_scalability,share_generation,sender,32,74,false,418057,13064,recipient_bits=16;location_bytes=32,fixed_target_recipient,ok
1787733240028386990,PPS-GC,multiple_signal_sender_scalability,share_generation,sender,32,75,false,431551,13485,recipient_bits=16;location_bytes=32,fixed_target_recipient,ok
1787733240030594919,PPS-GC,multiple_signal_sender_scalability,share_generation,sender,32,76,false,424057,13251,recipient_bits=16;location_bytes=32,fixed_target_recipient,ok
1787733240032643362,PPS-GC,multiple_signal_sender_scalability,share_generation,sender,32,77,false,432913,13528,recipient_bits=16;location_bytes=32,fixed_target_recipient,ok
1787733240034954342,PPS-GC,multiple_signal_sender_scalability,share_generation,sender,32,78,false,440709,13772,recipient_bits=16;location_bytes=32,fixed_target_recipient,ok
1787733240037472437,PPS-GC,multiple_signal_sender_scalability,share_generation,sender,32,79,false,436780,13649,recipient_bits=16;location_bytes=32,fixed_target_recipient,ok
1787733240039451350,PPS-GC,multiple_signal_sender_scalability,share_generation,sender,32,80,false,433044,13532,recipient_bits=16;location_bytes=32,fixed_target_recipient,ok
1787733240041457870,PPS-GC,multiple_signal_sender_scalability,share_generation,sender,32,81,false,439316,13728,recipient_bits=16;location_bytes=32,fixed_target_recipient,ok
1787733240043922901,PPS-GC,multiple_signal_sender_scalability,share_generation,sender,32,82,false,901654,28176,recipient_bits=16;location_bytes=32,fixed_target_recipient,ok
1787733240046569814,PPS-GC,multiple_signal_sender_scalability,share_generation,sender,32,83,false,684000,21375,recipient_bits=16;location_bytes=32,fixed_target_recipient,ok
1787733240049102716,PPS-GC,multiple_signal_sender_scalability,share_generation,sender,32,84,false,716089,22377,recipient_bits=16;location_bytes=32,fixed_target_recipient,ok
1787733240051847682,PPS-GC,multiple_signal_sender_scalability,share_generation,sender,32,85,false,925779,28930,recipient_bits=16;location_bytes=32,fixed_target_recipient,ok
1787733240054683496,PPS-GC,multiple_signal_sender_scalability,share_generation,sender,32,86,false,804023,25125,recipient_bits=16;location_bytes=32,fixed_target_recipient,ok
1787733240057555117,PPS-GC,multiple_signal_sender_scalability,share_generation,sender,32,87,false,705018,22031,recipient_bits=16;location_bytes=32,fixed_target_recipient,ok
1787733240059841672,PPS-GC,multiple_signal_sender_scalability,share_generation,sender,32,88,false,477817,14931,recipient_bits=16;location_bytes=32,fixed_target_recipient,ok
1787733240062504835,PPS-GC,multiple_signal_sender_scalability,share_generation,sender,32,89,false,481494,15046,recipient_bits=16;location_bytes=32,fixed_target_recipient,ok
1787733240064597801,PPS-GC,multiple_signal_sender_scalability,share_generation,sender,32,90,false,481113,15034,recipient_bits=16;location_bytes=32,fixed_target_recipient,ok
1787733240067286682,PPS-GC,multiple_signal_sender_scalability,share_generation,sender,32,91,false,497494,15546,recipient_bits=16;location_bytes=32,fixed_target_recipient,ok
1787733240069991744,PPS-GC,multiple_signal_sender_scalability,share_generation,sender,32,92,false,493546,15423,recipient_bits=16;location_bytes=32,fixed_target_recipient,ok
1787733240072222144,PPS-GC,multiple_signal_sender_scalability,share_generation,sender,32,93,false,522110,16315,recipient_bits=16;location_bytes=32,fixed_target_recipient,ok
1787733240074287719,PPS-GC,multiple_signal_sender_scalability,share_generation,sender,32,94,false,461777,14430,recipient_bits=16;location_bytes=32,fixed_target_recipient,ok
1787733240076764386,PPS-GC,multiple_signal_sender_scalability,share_generation,sender,32,95,false,436480,13640,recipient_bits=16;location_bytes=32,fixed_target_recipient,ok
1787733240078737349,PPS-GC,multiple_signal_sender_scalability,share_generation,sender,32,96,false,426953,13342,recipient_bits=16;location_bytes=32,fixed_target_recipient,ok
1787733240080869326,PPS-GC,multiple_signal_sender_scalability,share_generation,sender,32,97,false,541936,16935,recipient_bits=16;location_bytes=32,fixed_target_recipient,ok
1787733240083506457,PPS-GC,multiple_signal_sender_scalability,share_generation,sender,32,98,false,543519,16984,recipient_bits=16;location_bytes=32,fixed_target_recipient,ok
1787733240085910705,PPS-GC,multiple_signal_sender_scalability,share_generation,sender,32,99,false,441239,13788,recipient_bits=16;location_bytes=32,fixed_target_recipient,ok
1787733240096255629,PPS-GC,multiple_signal_sender_scalability,share_generation,sender,100,-20,true,1102717,11027,recipient_bits=16;location_bytes=32,fixed_target_recipient,ok
1787733240099980809,PPS-GC,multiple_signal_sender_scalability,share_generation,sender,100,-19,true,2000298,20002,recipient_bits=16;location_bytes=32,fixed_target_recipient,ok
1787733240103073696,PPS-GC,multiple_signal_sender_scalability,share_generation,sender,100,-18,true,984708,9847,recipient_bits=16;location_bytes=32,fixed_target_recipient,ok
1787733240105397950,PPS-GC,multiple_signal_sender_scalability,share_generation,sender,100,-17,true,982483,9824,recipient_bits=16;location_bytes=32,fixed_target_recipient,ok
1787733240107678063,PPS-GC,multiple_signal_sender_scalability,share_generation,sender,100,-16,true,960233,9602,recipient_bits=16;location_bytes=32,fixed_target_recipient,ok
1787733240111008235,PPS-GC,multiple_signal_sender_scalability,share_generation,sender,100,-15,true,1603055,16030,recipient_bits=16;location_bytes=32,fixed_target_recipient,ok
1787733240114295728,PPS-GC,multiple_signal_sender_scalability,share_generation,sender,100,-14,true,1616702,16167,recipient_bits=16;location_bytes=32,fixed_target_recipient,ok
1787733240116912420,PPS-GC,multiple_signal_sender_scalability,share_generation,sender,100,-13,true,964410,9644,recipient_bits=16;location_bytes=32,fixed_target_recipient,ok
1787733240120123927,PPS-GC,multiple_signal_sender_scalability,share_generation,sender,100,-12,true,1006158,10061,recipient_bits=16;location_bytes=32,fixed_target_recipient,ok
1787733240123103258,PPS-GC,multiple_signal_sender_scalability,share_generation,sender,100,-11,true,1451324,14513,recipient_bits=16;location_bytes=32,fixed_target_recipient,ok
1787733240125455499,PPS-GC,multiple_signal_sender_scalability,share_generation,sender,100,-10,true,970722,9707,recipient_bits=16;location_bytes=32,fixed_target_recipient,ok
1787733240128855270,PPS-GC,multiple_signal_sender_scalability,share_generation,sender,100,-9,true,2001541,20015,recipient_bits=16;location_bytes=32,fixed_target_recipient,ok
1787733240131567320,PPS-GC,multiple_signal_sender_scalability,share_generation,sender,100,-8,true,1366266,13662,recipient_bits=16;location_bytes=32,fixed_target_recipient,ok
1787733240134675665,PPS-GC,multiple_signal_sender_scalability,share_generation,sender,100,-7,true,968538,9685,recipient_bits=16;location_bytes=32,fixed_target_recipient,ok
1787733240137581064,PPS-GC,multiple_signal_sender_scalability,share_generation,sender,100,-6,true,960923,9609,recipient_bits=16;location_bytes=32,fixed_target_recipient,ok
1787733240140888934,PPS-GC,multiple_signal_sender_scalability,share_generation,sender,100,-5,true,1642839,16428,recipient_bits=16;location_bytes=32,fixed_target_recipient,ok
1787733240144647872,PPS-GC,multiple_signal_sender_scalability,share_generation,sender,100,-4,true,2322751,23227,recipient_bits=16;location_bytes=32,fixed_target_recipient,ok
1787733240148196024,PPS-GC,multiple_signal_sender_scalability,share_generation,sender,100,-3,true,1710906,17109,recipient_bits=16;location_bytes=32,fixed_target_recipient,ok
1787733240150826512,PPS-GC,multiple_signal_sender_scalability,share_generation,sender,100,-2,true,961866,9618,recipient_bits=16;location_bytes=32,fixed_target_recipient,ok
1787733240153369352,PPS-GC,multiple_signal_sender_scalability,share_generation,sender,100,-1,true,967416,9674,recipient_bits=16;location_bytes=32,fixed_target_recipient,ok
1787733240156615498,PPS-GC,multiple_signal_sender_scalability,share_generation,sender,100,0,false,1865823,18658,recipient_bits=16;location_bytes=32,fixed_target_recipient,ok
1787733240160213618,PPS-GC,multiple_signal_sender_scalability,share_generation,sender,100,1,false,1576407,15764,recipient_bits=16;location_bytes=32,fixed_target_recipient,ok
1787733240162710723,PPS-GC,multiple_signal_sender_scalability,share_generation,sender,100,2,false,960443,9604,recipient_bits=16;location_bytes=32,fixed_target_recipient,ok
1787733240166010459,PPS-GC,multiple_signal_sender_scalability,share_generation,sender,100,3,false,1628593,16285,recipient_bits=16;location_bytes=32,fixed_target_recipient,ok
1787733240169187396,PPS-GC,multiple_signal_sender_scalability,share_generation,sender,100,4,false,962176,9621,recipient_bits=16;location_bytes=32,fixed_target_recipient,ok
1787733240171681145,PPS-GC,multiple_signal_sender_scalability,share_generation,sender,100,5,false,960593,9605,recipient_bits=16;location_bytes=32,fixed_target_recipient,ok
1787733240173962270,PPS-GC,multiple_signal_sender_scalability,share_generation,sender,100,6,false,960473,9604,recipient_bits=16;location_bytes=32,fixed_target_recipient,ok
1787733240176203811,PPS-GC,multiple_signal_sender_scalability,share_generation,sender,100,7,false,1015636,10156,recipient_bits=16;location_bytes=32,fixed_target_recipient,ok
1787733240178624555,PPS-GC,multiple_signal_sender_scalability,share_generation,sender,100,8,false,990088,9900,recipient_bits=16;location_bytes=32,fixed_target_recipient,ok
1787733240180997145,PPS-GC,multiple_signal_sender_scalability,share_generation,sender,100,9,false,1027117,10271,recipient_bits=16;location_bytes=32,fixed_target_recipient,ok
1787733240184244458,PPS-GC,multiple_signal_sender_scalability,share_generation,sender,100,10,false,1058004,10580,recipient_bits=16;location_bytes=32,fixed_target_recipient,ok
1787733240187196197,PPS-GC,multiple_signal_sender_scalability,share_generation,sender,100,11,false,1530742,15307,recipient_bits=16;location_bytes=32,fixed_target_recipient,ok
1787733240189962081,PPS-GC,multiple_signal_sender_scalability,share_generation,sender,100,12,false,985099,9850,recipient_bits=16;location_bytes=32,fixed_target_recipient,ok
1787733240192342230,PPS-GC,multiple_signal_sender_scalability,share_generation,sender,100,13,false,1016036,10160,recipient_bits=16;location_bytes=32,fixed_target_recipient,ok
1787733240194897358,PPS-GC,multiple_signal_sender_scalability,share_generation,sender,100,14,false,1043197,10431,recipient_bits=16;location_bytes=32,fixed_target_recipient,ok
1787733240198263181,PPS-GC,multiple_signal_sender_scalability,share_generation,sender,100,15,false,1630768,16307,recipient_bits=16;location_bytes=32,fixed_target_recipient,ok
1787733240200988325,PPS-GC,multiple_signal_sender_scalability,share_generation,sender,100,16,false,1014283,10142,recipient_bits=16;location_bytes=32,fixed_target_recipient,ok
1787733240203642672,PPS-GC,multiple_signal_sender_scalability,share_generation,sender,100,17,false,973677,9736,recipient_bits=16;location_bytes=32,fixed_target_recipient,ok
1787733240206508818,PPS-GC,multiple_signal_sender_scalability,share_generation,sender,100,18,false,963118,9631,recipient_bits=16;location_bytes=32,fixed_target_recipient,ok
1787733240209319185,PPS-GC,multiple_signal_sender_scalability,share_generation,sender,100,19,false,960653,9606,recipient_bits=16;location_bytes=32,fixed_target_recipient,ok
1787733240211828839,PPS-GC,multiple_signal_sender_scalability,share_generation,sender,100,20,false,967997,9679,recipient_bits=16;location_bytes=32,fixed_target_recipient,ok
1787733240214543398,PPS-GC,multiple_signal_sender_scalability,share_generation,sender,100,21,false,960252,9602,recipient_bits=16;location_bytes=32,fixed_target_recipient,ok
1787733240217122120,PPS-GC,multiple_signal_sender_scalability,share_generation,sender,100,22,false,961314,9613,recipient_bits=16;location_bytes=32,fixed_target_recipient,ok
1787733240220160080,PPS-GC,multiple_signal_sender_scalability,share_generation,sender,100,23,false,1006769,10067,recipient_bits=16;location_bytes=32,fixed_target_recipient,ok
1787733240223329934,PPS-GC,multiple_signal_sender_scalability,share_generation,sender,100,24,false,969820,9698,recipient_bits=16;location_bytes=32,fixed_target_recipient,ok
1787733240226264852,PPS-GC,multiple_signal_sender_scalability,share_generation,sender,100,25,false,1528457,15284,recipient_bits=16;location_bytes=32,fixed_target_recipient,ok
1787733240229328009,PPS-GC,multiple_signal_sender_scalability,share_generation,sender,100,26,false,971584,9715,recipient_bits=16;location_bytes=32,fixed_target_recipient,ok
1787733240232371047,PPS-GC,multiple_signal_sender_scalability,share_generation,sender,100,27,false,1445293,14452,recipient_bits=16;location_bytes=32,fixed_target_recipient,ok
1787733240234918266,PPS-GC,multiple_signal_sender_scalability,share_generation,sender,100,28,false,961975,9619,recipient_bits=16;location_bytes=32,fixed_target_recipient,ok
1787733240237699439,PPS-GC,multiple_signal_sender_scalability,share_generation,sender,100,29,false,960383,9603,recipient_bits=16;location_bytes=32,fixed_target_recipient,ok
1787733240240333969,PPS-GC,multiple_signal_sender_scalability,share_generation,sender,100,30,false,991290,9912,recipient_bits=16;location_bytes=32,fixed_target_recipient,ok
1787733240242672851,PPS-GC,multiple_signal_sender_scalability,share_generation,sender,100,31,false,987052,9870,recipient_bits=16;location_bytes=32,fixed_target_recipient,ok
1787733240245210672,PPS-GC,multiple_signal_sender_scalability,share_generation,sender,100,32,false,1026927,10269,recipient_bits=16;location_bytes=32,fixed_target_recipient,ok
1787733240248078136,PPS-GC,multiple_signal_sender_scalability,share_generation,sender,100,33,false,1464429,14644,recipient_bits=16;location_bytes=32,fixed_target_recipient,ok
1787733240251115534,PPS-GC,multiple_signal_sender_scalability,share_generation,sender,100,34,false,1001318,10013,recipient_bits=16;location_bytes=32,fixed_target_recipient,ok
1787733240253426985,PPS-GC,multiple_signal_sender_scalability,share_generation,sender,100,35,false,960282,9602,recipient_bits=16;location_bytes=32,fixed_target_recipient,ok
1787733240255615948,PPS-GC,multiple_signal_sender_scalability,share_generation,sender,100,36,false,960253,9602,recipient_bits=16;location_bytes=32,fixed_target_recipient,ok
1787733240257758536,PPS-GC,multiple_signal_sender_scalability,share_generation,sender,100,37,false,984377,9843,recipient_bits=16;location_bytes=32,fixed_target_recipient,ok
1787733240260740622,PPS-GC,multiple_signal_sender_scalability,share_generation,sender,100,38,false,1015215,10152,recipient_bits=16;location_bytes=32,fixed_target_recipient,ok
1787733240263074975,PPS-GC,multiple_signal_sender_scalability,share_generation,sender,100,39,false,970933,9709,recipient_bits=16;location_bytes=32,fixed_target_recipient,ok
1787733240265334690,PPS-GC,multiple_signal_sender_scalability,share_generation,sender,100,40,false,979298,9792,recipient_bits=16;location_bytes=32,fixed_target_recipient,ok
1787733240267716912,PPS-GC,multiple_signal_sender_scalability,share_generation,sender,100,41,false,1008462,10084,recipient_bits=16;location_bytes=32,fixed_target_recipient,ok
1787733240270570609,PPS-GC,multiple_signal_sender_scalability,share_generation,sender,100,42,false,1003664,10036,recipient_bits=16;location_bytes=32,fixed_target_recipient,ok
1787733240272727423,PPS-GC,multiple_signal_sender_scalability,share_generation,sender,100,43,false,985540,9855,recipient_bits=16;location_bytes=32,fixed_target_recipient,ok
1787733240275087650,PPS-GC,multiple_signal_sender_scalability,share_generation,sender,100,44,false,961095,9610,recipient_bits=16;location_bytes=32,fixed_target_recipient,ok
1787733240277492439,PPS-GC,multiple_signal_sender_scalability,share_generation,sender,100,45,false,1269166,12691,recipient_bits=16;location_bytes=32,fixed_target_recipient,ok
1787733240279679469,PPS-GC,multiple_signal_sender_scalability,share_generation,sender,100,46,false,961024,9610,recipient_bits=16;location_bytes=32,fixed_target_recipient,ok
1787733240282177406,PPS-GC,multiple_signal_sender_scalability,share_generation,sender,100,47,false,975601,9756,recipient_bits=16;location_bytes=32,fixed_target_recipient,ok
1787733240284798051,PPS-GC,multiple_signal_sender_scalability,share_generation,sender,100,48,false,1039420,10394,recipient_bits=16;location_bytes=32,fixed_target_recipient,ok
1787733240287187737,PPS-GC,multiple_signal_sender_scalability,share_generation,sender,100,49,false,987183,9871,recipient_bits=16;location_bytes=32,fixed_target_recipient,ok
1787733240290783902,PPS-GC,multiple_signal_sender_scalability,share_generation,sender,100,50,false,1945071,19450,recipient_bits=16;location_bytes=32,fixed_target_recipient,ok
1787733240292928163,PPS-GC,multiple_signal_sender_scalability,share_generation,sender,100,51,false,960634,9606,recipient_bits=16;location_bytes=32,fixed_target_recipient,ok
1787733240295083384,PPS-GC,multiple_signal_sender_scalability,share_generation,sender,100,52,false,960533,9605,recipient_bits=16;location_bytes=32,fixed_target_recipient,ok
1787733240297926792,PPS-GC,multiple_signal_sender_scalability,share_generation,sender,100,53,false,1637509,16375,recipient_bits=16;location_bytes=32,fixed_target_recipient,ok
1787733240300807630,PPS-GC,multiple_signal_sender_scalability,share_generation,sender,100,54,false,1390351,13903,recipient_bits=16;location_bytes=32,fixed_target_recipient,ok
1787733240303357834,PPS-GC,multiple_signal_sender_scalability,share_generation,sender,100,55,false,961676,9616,recipient_bits=16;location_bytes=32,fixed_target_recipient,ok
1787733240305981875,PPS-GC,multiple_signal_sender_scalability,share_generation,sender,100,56,false,961174,9611,recipient_bits=16;location_bytes=32,fixed_target_recipient,ok
1787733240308119263,PPS-GC,multiple_signal_sender_scalability,share_generation,sender,100,57,false,993174,9931,recipient_bits=16;location_bytes=32,fixed_target_recipient,ok
1787733240310371805,PPS-GC,multiple_signal_sender_scalability,share_generation,sender,100,58,false,984027,9840,recipient_bits=16;location_bytes=32,fixed_target_recipient,ok
1787733240312598047,PPS-GC,multiple_signal_sender_scalability,share_generation,sender,100,59,false,988645,9886,recipient_bits=16;location_bytes=32,fixed_target_recipient,ok
1787733240314812007,PPS-GC,multiple_signal_sender_scalability,share_generation,sender,100,60,false,1027938,10279,recipient_bits=16;location_bytes=32,fixed_target_recipient,ok
1787733240317716820,PPS-GC,multiple_signal_sender_scalability,share_generation,sender,100,61,false,999586,9995,recipient_bits=16;location_bytes=32,fixed_target_recipient,ok
1787733240320149866,PPS-GC,multiple_signal_sender_scalability,share_generation,sender,100,62,false,1039510,10395,recipient_bits=16;location_bytes=32,fixed_target_recipient,ok
1787733240322513444,PPS-GC,multiple_signal_sender_scalability,share_generation,sender,100,63,false,970572,9705,recipient_bits=16;location_bytes=32,fixed_target_recipient,ok
1787733240325852843,PPS-GC,multiple_signal_sender_scalability,share_generation,sender,100,64,false,2168625,21686,recipient_bits=16;location_bytes=32,fixed_target_recipient,ok
1787733240328544860,PPS-GC,multiple_signal_sender_scalability,share_generation,sender,100,65,false,977245,9772,recipient_bits=16;location_bytes=32,fixed_target_recipient,ok
1787733240330834971,PPS-GC,multiple_signal_sender_scalability,share_generation,sender,100,66,false,974720,9747,recipient_bits=16;location_bytes=32,fixed_target_recipient,ok
1787733240333486364,PPS-GC,multiple_signal_sender_scalability,share_generation,sender,100,67,false,995578,9955,recipient_bits=16;location_bytes=32,fixed_target_recipient,ok
1787733240336176637,PPS-GC,multiple_signal_sender_scalability,share_generation,sender,100,68,false,1186282,11862,recipient_bits=16;location_bytes=32,fixed_target_recipient,ok
1787733240338679945,PPS-GC,multiple_signal_sender_scalability,share_generation,sender,100,69,false,972886,9728,recipient_bits=16;location_bytes=32,fixed_target_recipient,ok
1787733240340885258,PPS-GC,multiple_signal_sender_scalability,share_generation,sender,100,70,false,990709,9907,recipient_bits=16;location_bytes=32,fixed_target_recipient,ok
1787733240343208421,PPS-GC,multiple_signal_sender_scalability,share_generation,sender,100,71,false,965222,9652,recipient_bits=16;location_bytes=32,fixed_target_recipient,ok
1787733240345836500,PPS-GC,multiple_signal_sender_scalability,share_generation,sender,100,72,false,965202,9652,recipient_bits=16;location_bytes=32,fixed_target_recipient,ok
1787733240348026665,PPS-GC,multiple_signal_sender_scalability,share_generation,sender,100,73,false,973346,9733,recipient_bits=16;location_bytes=32,fixed_target_recipient,ok
1787733240350600373,PPS-GC,multiple_signal_sender_scalability,share_generation,sender,100,74,false,993714,9937,recipient_bits=16;location_bytes=32,fixed_target_recipient,ok
1787733240353381726,PPS-GC,multiple_signal_sender_scalability,share_generation,sender,100,75,false,998544,9985,recipient_bits=16;location_bytes=32,fixed_target_recipient,ok
1787733240355769028,PPS-GC,multiple_signal_sender_scalability,share_generation,sender,100,76,false,960293,9602,recipient_bits=16;location_bytes=32,fixed_target_recipient,ok
1787733240358506490,PPS-GC,multiple_signal_sender_scalability,share_generation,sender,100,77,false,1376145,13761,recipient_bits=16;location_bytes=32,fixed_target_recipient,ok
1787733240361739602,PPS-GC,multiple_signal_sender_scalability,share_generation,sender,100,78,false,1679157,16791,recipient_bits=16;location_bytes=32,fixed_target_recipient,ok
1787733240364630438,PPS-GC,multiple_signal_sender_scalability,share_generation,sender,100,79,false,1489646,14896,recipient_bits=16;location_bytes=32,fixed_target_recipient,ok
1787733240367402524,PPS-GC,multiple_signal_sender_scalability,share_generation,sender,100,80,false,976042,9760,recipient_bits=16;location_bytes=32,fixed_target_recipient,ok
1787733240369709907,PPS-GC,multiple_signal_sender_scalability,share_generation,sender,100,81,false,961505,9615,recipient_bits=16;location_bytes=32,fixed_target_recipient,ok
1787733240371881609,PPS-GC,multiple_signal_sender_scalability,share_generation,sender,100,82,false,960373,9603,recipient_bits=16;location_bytes=32,fixed_target_recipient,ok
1787733240374371120,PPS-GC,multiple_signal_sender_scalability,share_generation,sender,100,83,false,960112,9601,recipient_bits=16;location_bytes=32,fixed_target_recipient,ok
1787733240376686679,PPS-GC,multiple_signal_sender_scalability,share_generation,sender,100,84,false,1010887,10108,recipient_bits=16;location_bytes=32,fixed_target_recipient,ok
1787733240379690956,PPS-GC,multiple_signal_sender_scalability,share_generation,sender,100,85,false,1739709,17397,recipient_bits=16;location_bytes=32,fixed_target_recipient,ok
1787733240382423719,PPS-GC,multiple_signal_sender_scalability,share_generation,sender,100,86,false,1460832,14608,recipient_bits=16;location_bytes=32,fixed_target_recipient,ok
1787733240385231902,PPS-GC,multiple_signal_sender_scalability,share_generation,sender,100,87,false,1062442,10624,recipient_bits=16;location_bytes=32,fixed_target_recipient,ok
1787733240387640092,PPS-GC,multiple_signal_sender_scalability,share_generation,sender,100,88,false,1098379,10983,recipient_bits=16;location_bytes=32,fixed_target_recipient,ok
1787733240390043383,PPS-GC,multiple_signal_sender_scalability,share_generation,sender,100,89,false,1086326,10863,recipient_bits=16;location_bytes=32,fixed_target_recipient,ok
1787733240392461312,PPS-GC,multiple_signal_sender_scalability,share_generation,sender,100,90,false,1149985,11499,recipient_bits=16;location_bytes=32,fixed_target_recipient,ok
1787733240395533785,PPS-GC,multiple_signal_sender_scalability,share_generation,sender,100,91,false,1171244,11712,recipient_bits=16;location_bytes=32,fixed_target_recipient,ok
1787733240398749154,PPS-GC,multiple_signal_sender_scalability,share_generation,sender,100,92,false,1811582,18115,recipient_bits=16;location_bytes=32,fixed_target_recipient,ok
1787733240401513506,PPS-GC,multiple_signal_sender_scalability,share_generation,sender,100,93,false,1245873,12458,recipient_bits=16;location_bytes=32,fixed_target_recipient,ok
1787733240403974725,PPS-GC,multiple_signal_sender_scalability,share_generation,sender,100,94,false,1033699,10336,recipient_bits=16;location_bytes=32,fixed_target_recipient,ok
1787733240406819235,PPS-GC,multiple_signal_sender_scalability,share_generation,sender,100,95,false,965242,9652,recipient_bits=16;location_bytes=32,fixed_target_recipient,ok
1787733240409016550,PPS-GC,multiple_signal_sender_scalability,share_generation,sender,100,96,false,965893,9658,recipient_bits=16;location_bytes=32,fixed_target_recipient,ok
1787733240412160511,PPS-GC,multiple_signal_sender_scalability,share_generation,sender,100,97,false,1868839,18688,recipient_bits=16;location_bytes=32,fixed_target_recipient,ok
1787733240415401086,PPS-GC,multiple_signal_sender_scalability,share_generation,sender,100,98,false,1628934,16289,recipient_bits=16;location_bytes=32,fixed_target_recipient,ok
1787733240417918575,PPS-GC,multiple_signal_sender_scalability,share_generation,sender,100,99,false,961425,9614,recipient_bits=16;location_bytes=32,fixed_target_recipient,ok
1787733240428189406,PPS-GC,multiple_signal_sender_scalability,share_generation,sender,316,-20,true,3902875,12350,recipient_bits=16;location_bytes=32,fixed_target_recipient,ok
1787733240432955814,PPS-GC,multiple_signal_sender_scalability,share_generation,sender,316,-19,true,3110284,9842,recipient_bits=16;location_bytes=32,fixed_target_recipient,ok
1787733240437964202,PPS-GC,multiple_signal_sender_scalability,share_generation,sender,316,-18,true,3148755,9964,recipient_bits=16;location_bytes=32,fixed_target_recipient,ok
1787733240442704080,PPS-GC,multiple_signal_sender_scalability,share_generation,sender,316,-17,true,3296430,10431,recipient_bits=16;location_bytes=32,fixed_target_recipient,ok
1787733240447993620,PPS-GC,multiple_signal_sender_scalability,share_generation,sender,316,-16,true,3805644,12043,recipient_bits=16;location_bytes=32,fixed_target_recipient,ok
1787733240452686712,PPS-GC,multiple_signal_sender_scalability,share_generation,sender,316,-15,true,3148444,9963,recipient_bits=16;location_bytes=32,fixed_target_recipient,ok
1787733240457816104,PPS-GC,multiple_signal_sender_scalability,share_generation,sender,316,-14,true,3615892,11442,recipient_bits=16;location_bytes=32,fixed_target_recipient,ok
1787733240462552812,PPS-GC,multiple_signal_sender_scalability,share_generation,sender,316,-13,true,3124279,9886,recipient_bits=16;location_bytes=32,fixed_target_recipient,ok
1787733240467577514,PPS-GC,multiple_signal_sender_scalability,share_generation,sender,316,-12,true,3116615,9862,recipient_bits=16;location_bytes=32,fixed_target_recipient,ok
1787733240473312881,PPS-GC,multiple_signal_sender_scalability,share_generation,sender,316,-11,true,3872388,12254,recipient_bits=16;location_bytes=32,fixed_target_recipient,ok
1787733240478033349,PPS-GC,multiple_signal_sender_scalability,share_generation,sender,316,-10,true,3092100,9785,recipient_bits=16;location_bytes=32,fixed_target_recipient,ok
1787733240482653396,PPS-GC,multiple_signal_sender_scalability,share_generation,sender,316,-9,true,3117327,9864,recipient_bits=16;location_bytes=32,fixed_target_recipient,ok
1787733240488493667,PPS-GC,multiple_signal_sender_scalability,share_generation,sender,316,-8,true,4374466,13843,recipient_bits=16;location_bytes=32,fixed_target_recipient,ok
1787733240493823581,PPS-GC,multiple_signal_sender_scalability,share_generation,sender,316,-7,true,3129635,9903,recipient_bits=16;location_bytes=32,fixed_target_recipient,ok
1787733240498749285,PPS-GC,multiple_signal_sender_scalability,share_generation,sender,316,-6,true,3301324,10447,recipient_bits=16;location_bytes=32,fixed_target_recipient,ok
1787733240503682839,PPS-GC,multiple_signal_sender_scalability,share_generation,sender,316,-5,true,3215700,10176,recipient_bits=16;location_bytes=32,fixed_target_recipient,ok
1787733240508386420,PPS-GC,multiple_signal_sender_scalability,share_generation,sender,316,-4,true,3146511,9957,recipient_bits=16;location_bytes=32,fixed_target_recipient,ok
1787733240513110720,PPS-GC,multiple_signal_sender_scalability,share_generation,sender,316,-3,true,3107278,9833,recipient_bits=16;location_bytes=32,fixed_target_recipient,ok
1787733240519288057,PPS-GC,multiple_signal_sender_scalability,share_generation,sender,316,-2,true,3132324,9912,recipient_bits=16;location_bytes=32,fixed_target_recipient,ok
1787733240525070381,PPS-GC,multiple_signal_sender_scalability,share_generation,sender,316,-1,true,3889360,12308,recipient_bits=16;location_bytes=32,fixed_target_recipient,ok
1787733240530045302,PPS-GC,multiple_signal_sender_scalability,share_generation,sender,316,0,false,3177458,10055,recipient_bits=16;location_bytes=32,fixed_target_recipient,ok
1787733240534932925,PPS-GC,multiple_signal_sender_scalability,share_generation,sender,316,1,false,3116796,9863,recipient_bits=16;location_bytes=32,fixed_target_recipient,ok
1787733240540157549,PPS-GC,multiple_signal_sender_scalability,share_generation,sender,316,2,false,3121885,9879,recipient_bits=16;location_bytes=32,fixed_target_recipient,ok
1787733240545678015,PPS-GC,multiple_signal_sender_scalability,share_generation,sender,316,3,false,3840703,12154,recipient_bits=16;location_bytes=32,fixed_target_recipient,ok
1787733240550674902,PPS-GC,multiple_signal_sender_scalability,share_generation,sender,316,4,false,3292921,10420,recipient_bits=16;location_bytes=32,fixed_target_recipient,ok
1787733240556064511,PPS-GC,multiple_signal_sender_scalability,share_generation,sender,316,5,false,3484586,11027,recipient_bits=16;location_bytes=32,fixed_target_recipient,ok
1787733240561778573,PPS-GC,multiple_signal_sender_scalability,share_generation,sender,316,6,false,4358216,13791,recipient_bits=16;location_bytes=32,fixed_target_recipient,ok
1787733240566340015,PPS-GC,multiple_signal_sender_scalability,share_generation,sender,316,7,false,3105473,9827,recipient_bits=16;location_bytes=32,fixed_target_recipient,ok
1787733240572771370,PPS-GC,multiple_signal_sender_scalability,share_generation,sender,316,8,false,4802044,15196,recipient_bits=16;location_bytes=32,fixed_target_recipient,ok
1787733240576866700,PPS-GC,multiple_signal_sender_scalability,share_generation,sender,316,9,false,2828887,8952,recipient_bits=16;location_bytes=32,fixed_target_recipient,ok
1787733240581508637,PPS-GC,multiple_signal_sender_scalability,share_generation,sender,316,10,false,2832386,8963,recipient_bits=16;location_bytes=32,fixed_target_recipient,ok
1787733240586389102,PPS-GC,multiple_signal_sender_scalability,share_generation,sender,316,11,false,3360460,10634,recipient_bits=16;location_bytes=32,fixed_target_recipient,ok
1787733240591830518,PPS-GC,multiple_signal_sender_scalability,share_generation,sender,316,12,false,3869457,12245,recipient_bits=16;location_bytes=32,fixed_target_recipient,ok
1787733240596140416,PPS-GC,multiple_signal_sender_scalability,share_generation,sender,316,13,false,2876422,9102,recipient_bits=16;location_bytes=32,fixed_target_recipient,ok
1787733240601095710,PPS-GC,multiple_signal_sender_scalability,share_generation,sender,316,14,false,3508059,11101,recipient_bits=16;location_bytes=32,fixed_target_recipient,ok
1787733240605651600,PPS-GC,multiple_signal_sender_scalability,share_generation,sender,316,15,false,2933766,9284,recipient_bits=16;location_bytes=32,fixed_target_recipient,ok
1787733240610785035,PPS-GC,multiple_signal_sender_scalability,share_generation,sender,316,16,false,2923131,9250,recipient_bits=16;location_bytes=32,fixed_target_recipient,ok
1787733240615752942,PPS-GC,multiple_signal_sender_scalability,share_generation,sender,316,17,false,3480164,11013,recipient_bits=16;location_bytes=32,fixed_target_recipient,ok
1787733240620523023,PPS-GC,multiple_signal_sender_scalability,share_generation,sender,316,18,false,3415359,10808,recipient_bits=16;location_bytes=32,fixed_target_recipient,ok
1787733240625941607,PPS-GC,multiple_signal_sender_scalability,share_generation,sender,316,19,false,3916404,12393,recipient_bits=16;location_bytes=32,fixed_target_recipient,ok
1787733240631382655,PPS-GC,multiple_signal_sender_scalability,share_generation,sender,316,20,false,3886961,12300,recipient_bits=16;location_bytes=32,fixed_target_recipient,ok
1787733240636389471,PPS-GC,multiple_signal_sender_scalability,share_generation,sender,316,21,false,3274069,10360,recipient_bits=16;location_bytes=32,fixed_target_recipient,ok
1787733240641596646,PPS-GC,multiple_signal_sender_scalability,share_generation,sender,316,22,false,3450716,10919,recipient_bits=16;location_bytes=32,fixed_target_recipient,ok
1787733240645839536,PPS-GC,multiple_signal_sender_scalability,share_generation,sender,316,23,false,2848701,9014,recipient_bits=16;location_bytes=32,fixed_target_recipient,ok
1787733240650511075,PPS-GC,multiple_signal_sender_scalability,share_generation,sender,316,24,false,3424781,10837,recipient_bits=16;location_bytes=32,fixed_target_recipient,ok
1787733240655152774,PPS-GC,multiple_signal_sender_scalability,share_generation,sender,316,25,false,3451746,10923,recipient_bits=16;location_bytes=32,fixed_target_recipient,ok
1787733240659722131,PPS-GC,multiple_signal_sender_scalability,share_generation,sender,316,26,false,2794733,8844,recipient_bits=16;location_bytes=32,fixed_target_recipient,ok
1787733240664110225,PPS-GC,multiple_signal_sender_scalability,share_generation,sender,316,27,false,2872693,9090,recipient_bits=16;location_bytes=32,fixed_target_recipient,ok
1787733240669098988,PPS-GC,multiple_signal_sender_scalability,share_generation,sender,316,28,false,3482014,11019,recipient_bits=16;location_bytes=32,fixed_target_recipient,ok
1787733240673390777,PPS-GC,multiple_signal_sender_scalability,share_generation,sender,316,29,false,2851121,9022,recipient_bits=16;location_bytes=32,fixed_target_recipient,ok
1787733240677879777,PPS-GC,multiple_signal_sender_scalability,share_generation,sender,316,30,false,2820375,8925,recipient_bits=16;location_bytes=32,fixed_target_recipient,ok
1787733240682739230,PPS-GC,multiple_signal_sender_scalability,share_generation,sender,316,31,false,3447181,10908,recipient_bits=16;location_bytes=32,fixed_target_recipient,ok
1787733240687830906,PPS-GC,multiple_signal_sender_scalability,share_generation,sender,316,32,false,3392909,10737,recipient_bits=16;location_bytes=32,fixed_target_recipient,ok
1787733240692792238,PPS-GC,multiple_signal_sender_scalability,share_generation,sender,316,33,false,3560058,11266,recipient_bits=16;location_bytes=32,fixed_target_recipient,ok
1787733240697335119,PPS-GC,multiple_signal_sender_scalability,share_generation,sender,316,34,false,3315772,10492,recipient_bits=16;location_bytes=32,fixed_target_recipient,ok
1787733240701599611,PPS-GC,multiple_signal_sender_scalability,share_generation,sender,316,35,false,2819401,8922,recipient_bits=16;location_bytes=32,fixed_target_recipient,ok
1787733240707559809,PPS-GC,multiple_signal_sender_scalability,share_generation,sender,316,36,false,4442658,14059,recipient_bits=16;location_bytes=32,fixed_target_recipient,ok
1787733240713276983,PPS-GC,multiple_signal_sender_scalability,share_generation,sender,316,37,false,3484843,11027,recipient_bits=16;location_bytes=32,fixed_target_recipient,ok
1787733240717547979,PPS-GC,multiple_signal_sender_scalability,share_generation,sender,316,38,false,2841891,8993,recipient_bits=16;location_bytes=32,fixed_target_recipient,ok
1787733240722456189,PPS-GC,multiple_signal_sender_scalability,share_generation,sender,316,39,false,3453766,10929,recipient_bits=16;location_bytes=32,fixed_target_recipient,ok
1787733240726715128,PPS-GC,multiple_signal_sender_scalability,share_generation,sender,316,40,false,2837125,8978,recipient_bits=16;location_bytes=32,fixed_target_recipient,ok
1787733240731889848,PPS-GC,multiple_signal_sender_scalability,share_generation,sender,316,41,false,3477157,11003,recipient_bits=16;location_bytes=32,fixed_target_recipient,ok
1787733240736155564,PPS-GC,multiple_signal_sender_scalability,share_generation,sender,316,42,false,2993496,9473,recipient_bits=16;location_bytes=32,fixed_target_recipient,ok
1787733240742088249,PPS-GC,multiple_signal_sender_scalability,share_generation,sender,316,43,false,4345316,13751,recipient_bits=16;location_bytes=32,fixed_target_recipient,ok
1787733240746475838,PPS-GC,multiple_signal_sender_scalability,share_generation,sender,316,44,false,2946356,9323,recipient_bits=16;location_bytes=32,fixed_target_recipient,ok
1787733240752066360,PPS-GC,multiple_signal_sender_scalability,share_generation,sender,316,45,false,3484889,11028,recipient_bits=16;location_bytes=32,fixed_target_recipient,ok
1787733240757756084,PPS-GC,multiple_signal_sender_scalability,share_generation,sender,316,46,false,4009894,12689,recipient_bits=16;location_bytes=32,fixed_target_recipient,ok
1787733240762180880,PPS-GC,multiple_signal_sender_scalability,share_generation,sender,316,47,false,2886047,9133,recipient_bits=16;location_bytes=32,fixed_target_recipient,ok
1787733240767782257,PPS-GC,multiple_signal_sender_scalability,share_generation,sender,316,48,false,4026765,12742,recipient_bits=16;location_bytes=32,fixed_target_recipient,ok
1787733240772107439,PPS-GC,multiple_signal_sender_scalability,share_generation,sender,316,49,false,2822119,8930,recipient_bits=16;location_bytes=32,fixed_target_recipient,ok
1787733240776482496,PPS-GC,multiple_signal_sender_scalability,share_generation,sender,316,50,false,2955999,9354,recipient_bits=16;location_bytes=32,fixed_target_recipient,ok
1787733240781376245,PPS-GC,multiple_signal_sender_scalability,share_generation,sender,316,51,false,3447304,10909,recipient_bits=16;location_bytes=32,fixed_target_recipient,ok
1787733240786531179,PPS-GC,multiple_signal_sender_scalability,share_generation,sender,316,52,false,3832400,12127,recipient_bits=16;location_bytes=32,fixed_target_recipient,ok
1787733240790711064,PPS-GC,multiple_signal_sender_scalability,share_generation,sender,316,53,false,2928916,9268,recipient_bits=16;location_bytes=32,fixed_target_recipient,ok
1787733240796035014,PPS-GC,multiple_signal_sender_scalability,share_generation,sender,316,54,false,2842810,8996,recipient_bits=16;location_bytes=32,fixed_target_recipient,ok
1787733240801363341,PPS-GC,multiple_signal_sender_scalability,share_generation,sender,316,55,false,3946641,12489,recipient_bits=16;location_bytes=32,fixed_target_recipient,ok
1787733240805689756,PPS-GC,multiple_signal_sender_scalability,share_generation,sender,316,56,false,2952206,9342,recipient_bits=16;location_bytes=32,fixed_target_recipient,ok
1787733240810343842,PPS-GC,multiple_signal_sender_scalability,share_generation,sender,316,57,false,2948367,9330,recipient_bits=16;location_bytes=32,fixed_target_recipient,ok
1787733240815387880,PPS-GC,multiple_signal_sender_scalability,share_generation,sender,316,58,false,3529771,11170,recipient_bits=16;location_bytes=32,fixed_target_recipient,ok
1787733240821369086,PPS-GC,multiple_signal_sender_scalability,share_generation,sender,316,59,false,4317264,13662,recipient_bits=16;location_bytes=32,fixed_target_recipient,ok
1787733240825845632,PPS-GC,multiple_signal_sender_scalability,share_generation,sender,316,60,false,2822789,8932,recipient_bits=16;location_bytes=32,fixed_target_recipient,ok
1787733240830816667,PPS-GC,multiple_signal_sender_scalability,share_generation,sender,316,61,false,3595754,11378,recipient_bits=16;location_bytes=32,fixed_target_recipient,ok
1787733240835030656,PPS-GC,multiple_signal_sender_scalability,share_generation,sender,316,62,false,2863721,9062,recipient_bits=16;location_bytes=32,fixed_target_recipient,ok
1787733240839672715,PPS-GC,multiple_signal_sender_scalability,share_generation,sender,316,63,false,2813064,8902,recipient_bits=16;location_bytes=32,fixed_target_recipient,ok
1787733240844617172,PPS-GC,multiple_signal_sender_scalability,share_generation,sender,316,64,false,3468799,10977,recipient_bits=16;location_bytes=32,fixed_target_recipient,ok
1787733240849979326,PPS-GC,multiple_signal_sender_scalability,share_generation,sender,316,65,false,4128176,13063,recipient_bits=16;location_bytes=32,fixed_target_recipient,ok
1787733240854934505,PPS-GC,multiple_signal_sender_scalability,share_generation,sender,316,66,false,3589840,11360,recipient_bits=16;location_bytes=32,fixed_target_recipient,ok
1787733240860311195,PPS-GC,multiple_signal_sender_scalability,share_generation,sender,316,67,false,3819609,12087,recipient_bits=16;location_bytes=32,fixed_target_recipient,ok
1787733240864919675,PPS-GC,multiple_signal_sender_scalability,share_generation,sender,316,68,false,3467477,10973,recipient_bits=16;location_bytes=32,fixed_target_recipient,ok
1787733240870192770,PPS-GC,multiple_signal_sender_scalability,share_generation,sender,316,69,false,3948915,12496,recipient_bits=16;location_bytes=32,fixed_target_recipient,ok
1787733240874545603,PPS-GC,multiple_signal_sender_scalability,share_generation,sender,316,70,false,2825287,8940,recipient_bits=16;location_bytes=32,fixed_target_recipient,ok
1787733240879525784,PPS-GC,multiple_signal_sender_scalability,share_generation,sender,316,71,false,3071401,9719,recipient_bits=16;location_bytes=32,fixed_target_recipient,ok
1787733240883625249,PPS-GC,multiple_signal_sender_scalability,share_generation,sender,316,72,false,2849571,9017,recipient_bits=16;location_bytes=32,fixed_target_recipient,ok
1787733240887813275,PPS-GC,multiple_signal_sender_scalability,share_generation,sender,316,73,false,2864735,9065,recipient_bits=16;location_bytes=32,fixed_target_recipient,ok
1787733240892913952,PPS-GC,multiple_signal_sender_scalability,share_generation,sender,316,74,false,3493072,11054,recipient_bits=16;location_bytes=32,fixed_target_recipient,ok
1787733240897248904,PPS-GC,multiple_signal_sender_scalability,share_generation,sender,316,75,false,2875449,9099,recipient_bits=16;location_bytes=32,fixed_target_recipient,ok
1787733240902453617,PPS-GC,multiple_signal_sender_scalability,share_generation,sender,316,76,false,3337224,10560,recipient_bits=16;location_bytes=32,fixed_target_recipient,ok
1787733240907285759,PPS-GC,multiple_signal_sender_scalability,share_generation,sender,316,77,false,2809419,8890,recipient_bits=16;location_bytes=32,fixed_target_recipient,ok
1787733240911515732,PPS-GC,multiple_signal_sender_scalability,share_generation,sender,316,78,false,2783198,8807,recipient_bits=16;location_bytes=32,fixed_target_recipient,ok
1787733240915879934,PPS-GC,multiple_signal_sender_scalability,share_generation,sender,316,79,false,2835720,8973,recipient_bits=16;location_bytes=32,fixed_target_recipient,ok
1787733240920305525,PPS-GC,multiple_signal_sender_scalability,share_generation,sender,316,80,false,2878488,9109,recipient_bits=16;location_bytes=32,fixed_target_recipient,ok
1787733240925334008,PPS-GC,multiple_signal_sender_scalability,share_generation,sender,316,81,false,2874301,9095,recipient_bits=16;location_bytes=32,fixed_target_recipient,ok
1787733240935354576,PPS-GC,multiple_signal_sender_scalability,share_generation,sender,316,82,false,3959021,12528,recipient_bits=16;location_bytes=32,fixed_target_recipient,ok
1787733240940973663,PPS-GC,multiple_signal_sender_scalability,share_generation,sender,316,83,false,4037951,12778,recipient_bits=16;location_bytes=32,fixed_target_recipient,ok
1787733240945597305,PPS-GC,multiple_signal_sender_scalability,share_generation,sender,316,84,false,2973237,9408,recipient_bits=16;location_bytes=32,fixed_target_recipient,ok
1787733240951092534,PPS-GC,multiple_signal_sender_scalability,share_generation,sender,316,85,false,3476289,11000,recipient_bits=16;location_bytes=32,fixed_target_recipient,ok
1787733240955513326,PPS-GC,multiple_signal_sender_scalability,share_generation,sender,316,86,false,2987889,9455,recipient_bits=16;location_bytes=32,fixed_target_recipient,ok
1787733240960646650,PPS-GC,multiple_signal_sender_scalability,share_generation,sender,316,87,false,3491942,11050,recipient_bits=16;location_bytes=32,fixed_target_recipient,ok
1787733240966204418,PPS-GC,multiple_signal_sender_scalability,share_generation,sender,316,88,false,4102049,12981,recipient_bits=16;location_bytes=32,fixed_target_recipient,ok
1787733240970867818,PPS-GC,multiple_signal_sender_scalability,share_generation,sender,316,89,false,3012714,9533,recipient_bits=16;location_bytes=32,fixed_target_recipient,ok
1787733240977193428,PPS-GC,multiple_signal_sender_scalability,share_generation,sender,316,90,false,3424901,10838,recipient_bits=16;location_bytes=32,fixed_target_recipient,ok
1787733240981780298,PPS-GC,multiple_signal_sender_scalability,share_generation,sender,316,91,false,2887755,9138,recipient_bits=16;location_bytes=32,fixed_target_recipient,ok
1787733240986872254,PPS-GC,multiple_signal_sender_scalability,share_generation,sender,316,92,false,3663053,11591,recipient_bits=16;location_bytes=32,fixed_target_recipient,ok
1787733240992148585,PPS-GC,multiple_signal_sender_scalability,share_generation,sender,316,93,false,3378047,10690,recipient_bits=16;location_bytes=32,fixed_target_recipient,ok
1787733240997346861,PPS-GC,multiple_signal_sender_scalability,share_generation,sender,316,94,false,3693359,11687,recipient_bits=16;location_bytes=32,fixed_target_recipient,ok
1787733241001639623,PPS-GC,multiple_signal_sender_scalability,share_generation,sender,316,95,false,2986764,9451,recipient_bits=16;location_bytes=32,fixed_target_recipient,ok
1787733241005868852,PPS-GC,multiple_signal_sender_scalability,share_generation,sender,316,96,false,2841073,8990,recipient_bits=16;location_bytes=32,fixed_target_recipient,ok
1787733241010958186,PPS-GC,multiple_signal_sender_scalability,share_generation,sender,316,97,false,3445862,10904,recipient_bits=16;location_bytes=32,fixed_target_recipient,ok
1787733241016094541,PPS-GC,multiple_signal_sender_scalability,share_generation,sender,316,98,false,3476982,11003,recipient_bits=16;location_bytes=32,fixed_target_recipient,ok
1787733241020471611,PPS-GC,multiple_signal_sender_scalability,share_generation,sender,316,99,false,2807453,8884,recipient_bits=16;location_bytes=32,fixed_target_recipient,ok
1787733241037312679,PPS-GC,multiple_signal_sender_scalability,share_generation,sender,1000,-20,true,9031495,9031,recipient_bits=16;location_bytes=32,fixed_target_recipient,ok
1787733241048401272,PPS-GC,multiple_signal_sender_scalability,share_generation,sender,1000,-19,true,9112881,9112,recipient_bits=16;location_bytes=32,fixed_target_recipient,ok
1787733241060052622,PPS-GC,multiple_signal_sender_scalability,share_generation,sender,1000,-18,true,10259752,10259,recipient_bits=16;location_bytes=32,fixed_target_recipient,ok
1787733241071734309,PPS-GC,multiple_signal_sender_scalability,share_generation,sender,1000,-17,true,10060540,10060,recipient_bits=16;location_bytes=32,fixed_target_recipient,ok
1787733241083943452,PPS-GC,multiple_signal_sender_scalability,share_generation,sender,1000,-16,true,9072575,9072,recipient_bits=16;location_bytes=32,fixed_target_recipient,ok
1787733241095237804,PPS-GC,multiple_signal_sender_scalability,share_generation,sender,1000,-15,true,9668522,9668,recipient_bits=16;location_bytes=32,fixed_target_recipient,ok
1787733241106124713,PPS-GC,multiple_signal_sender_scalability,share_generation,sender,1000,-14,true,9138476,9138,recipient_bits=16;location_bytes=32,fixed_target_recipient,ok
1787733241117116141,PPS-GC,multiple_signal_sender_scalability,share_generation,sender,1000,-13,true,9011354,9011,recipient_bits=16;location_bytes=32,fixed_target_recipient,ok
1787733241128954171,PPS-GC,multiple_signal_sender_scalability,share_generation,sender,1000,-12,true,10292548,10292,recipient_bits=16;location_bytes=32,fixed_target_recipient,ok
1787733241140445206,PPS-GC,multiple_signal_sender_scalability,share_generation,sender,1000,-11,true,9396882,9396,recipient_bits=16;location_bytes=32,fixed_target_recipient,ok
1787733241151723762,PPS-GC,multiple_signal_sender_scalability,share_generation,sender,1000,-10,true,9418656,9418,recipient_bits=16;location_bytes=32,fixed_target_recipient,ok
1787733241164099090,PPS-GC,multiple_signal_sender_scalability,share_generation,sender,1000,-9,true,10455228,10455,recipient_bits=16;location_bytes=32,fixed_target_recipient,ok
1787733241175084733,PPS-GC,multiple_signal_sender_scalability,share_generation,sender,1000,-8,true,9020493,9020,recipient_bits=16;location_bytes=32,fixed_target_recipient,ok
1787733241186156206,PPS-GC,multiple_signal_sender_scalability,share_generation,sender,1000,-7,true,8968649,8968,recipient_bits=16;location_bytes=32,fixed_target_recipient,ok
1787733241197459601,PPS-GC,multiple_signal_sender_scalability,share_generation,sender,1000,-6,true,8976218,8976,recipient_bits=16;location_bytes=32,fixed_target_recipient,ok
1787733241209264899,PPS-GC,multiple_signal_sender_scalability,share_generation,sender,1000,-5,true,10258466,10258,recipient_bits=16;location_bytes=32,fixed_target_recipient,ok
1787733241221279205,PPS-GC,multiple_signal_sender_scalability,share_generation,sender,1000,-4,true,10254969,10254,recipient_bits=16;location_bytes=32,fixed_target_recipient,ok
1787733241231963869,PPS-GC,multiple_signal_sender_scalability,share_generation,sender,1000,-3,true,8961854,8961,recipient_bits=16;location_bytes=32,fixed_target_recipient,ok
1787733241242685278,PPS-GC,multiple_signal_sender_scalability,share_generation,sender,1000,-2,true,9096865,9096,recipient_bits=16;location_bytes=32,fixed_target_recipient,ok
1787733241254707872,PPS-GC,multiple_signal_sender_scalability,share_generation,sender,1000,-1,true,10186760,10186,recipient_bits=16;location_bytes=32,fixed_target_recipient,ok
1787733241266516651,PPS-GC,multiple_signal_sender_scalability,share_generation,sender,1000,0,false,10251580,10251,recipient_bits=16;location_bytes=32,fixed_target_recipient,ok
1787733241278928620,PPS-GC,multiple_signal_sender_scalability,share_generation,sender,1000,1,false,10522273,10522,recipient_bits=16;location_bytes=32,fixed_target_recipient,ok
1787733241290538108,PPS-GC,multiple_signal_sender_scalability,share_generation,sender,1000,2,false,9580690,9580,recipient_bits=16;location_bytes=32,fixed_target_recipient,ok
1787733241301537691,PPS-GC,multiple_signal_sender_scalability,share_generation,sender,1000,3,false,9238110,9238,recipient_bits=16;location_bytes=32,fixed_target_recipient,ok
1787733241312430221,PPS-GC,multiple_signal_sender_scalability,share_generation,sender,1000,4,false,9066844,9066,recipient_bits=16;location_bytes=32,fixed_target_recipient,ok
1787733241324617588,PPS-GC,multiple_signal_sender_scalability,share_generation,sender,1000,5,false,10124356,10124,recipient_bits=16;location_bytes=32,fixed_target_recipient,ok
1787733241336317252,PPS-GC,multiple_signal_sender_scalability,share_generation,sender,1000,6,false,9988737,9988,recipient_bits=16;location_bytes=32,fixed_target_recipient,ok
1787733241348710936,PPS-GC,multiple_signal_sender_scalability,share_generation,sender,1000,7,false,10166068,10166,recipient_bits=16;location_bytes=32,fixed_target_recipient,ok
1787733241361135043,PPS-GC,multiple_signal_sender_scalability,share_generation,sender,1000,8,false,10620270,10620,recipient_bits=16;location_bytes=32,fixed_target_recipient,ok
1787733241373052124,PPS-GC,multiple_signal_sender_scalability,share_generation,sender,1000,9,false,10529477,10529,recipient_bits=16;location_bytes=32,fixed_target_recipient,ok
1787733241384234299,PPS-GC,multiple_signal_sender_scalability,share_generation,sender,1000,10,false,8964005,8964,recipient_bits=16;location_bytes=32,fixed_target_recipient,ok
1787733241395161955,PPS-GC,multiple_signal_sender_scalability,share_generation,sender,1000,11,false,9017306,9017,recipient_bits=16;location_bytes=32,fixed_target_recipient,ok
1787733241406454757,PPS-GC,multiple_signal_sender_scalability,share_generation,sender,1000,12,false,9373837,9373,recipient_bits=16;location_bytes=32,fixed_target_recipient,ok
1787733241418269733,PPS-GC,multiple_signal_sender_scalability,share_generation,sender,1000,13,false,9779838,9779,recipient_bits=16;location_bytes=32,fixed_target_recipient,ok
1787733241429038375,PPS-GC,multiple_signal_sender_scalability,share_generation,sender,1000,14,false,9091741,9091,recipient_bits=16;location_bytes=32,fixed_target_recipient,ok
1787733241440322239,PPS-GC,multiple_signal_sender_scalability,share_generation,sender,1000,15,false,9655050,9655,recipient_bits=16;location_bytes=32,fixed_target_recipient,ok
1787733241451928454,PPS-GC,multiple_signal_sender_scalability,share_generation,sender,1000,16,false,9563334,9563,recipient_bits=16;location_bytes=32,fixed_target_recipient,ok
1787733241464162906,PPS-GC,multiple_signal_sender_scalability,share_generation,sender,1000,17,false,10258172,10258,recipient_bits=16;location_bytes=32,fixed_target_recipient,ok
1787733241474769634,PPS-GC,multiple_signal_sender_scalability,share_generation,sender,1000,18,false,9034788,9034,recipient_bits=16;location_bytes=32,fixed_target_recipient,ok
1787733241487312893,PPS-GC,multiple_signal_sender_scalability,share_generation,sender,1000,19,false,10294016,10294,recipient_bits=16;location_bytes=32,fixed_target_recipient,ok
1787733241498447060,PPS-GC,multiple_signal_sender_scalability,share_generation,sender,1000,20,false,8988088,8988,recipient_bits=16;location_bytes=32,fixed_target_recipient,ok
1787733241509639758,PPS-GC,multiple_signal_sender_scalability,share_generation,sender,1000,21,false,9142479,9142,recipient_bits=16;location_bytes=32,fixed_target_recipient,ok
1787733241520411178,PPS-GC,multiple_signal_sender_scalability,share_generation,sender,1000,22,false,9036281,9036,recipient_bits=16;location_bytes=32,fixed_target_recipient,ok
1787733241533010140,PPS-GC,multiple_signal_sender_scalability,share_generation,sender,1000,23,false,10330392,10330,recipient_bits=16;location_bytes=32,fixed_target_recipient,ok
1787733241544276969,PPS-GC,multiple_signal_sender_scalability,share_generation,sender,1000,24,false,9318366,9318,recipient_bits=16;location_bytes=32,fixed_target_recipient,ok
1787733241556022296,PPS-GC,multiple_signal_sender_scalability,share_generation,sender,1000,25,false,10184712,10184,recipient_bits=16;location_bytes=32,fixed_target_recipient,ok
1787733241567476723,PPS-GC,multiple_signal_sender_scalability,share_generation,sender,1000,26,false,9680986,9680,recipient_bits=16;location_bytes=32,fixed_target_recipient,ok
1787733241578408134,PPS-GC,multiple_signal_sender_scalability,share_generation,sender,1000,27,false,9182097,9182,recipient_bits=16;location_bytes=32,fixed_target_recipient,ok
1787733241590429598,PPS-GC,multiple_signal_sender_scalability,share_generation,sender,1000,28,false,10112766,10112,recipient_bits=16;location_bytes=32,fixed_target_recipient,ok
1787733241602553487,PPS-GC,multiple_signal_sender_scalability,share_generation,sender,1000,29,false,10162266,10162,recipient_bits=16;location_bytes=32,fixed_target_recipient,ok
1787733241613837528,PPS-GC,multiple_signal_sender_scalability,share_generation,sender,1000,30,false,9612081,9612,recipient_bits=16;location_bytes=32,fixed_target_recipient,ok
1787733241626134453,PPS-GC,multiple_signal_sender_scalability,share_generation,sender,1000,31,false,10558531,10558,recipient_bits=16;location_bytes=32,fixed_target_recipient,ok
1787733241637982332,PPS-GC,multiple_signal_sender_scalability,share_generation,sender,1000,32,false,9631852,9631,recipient_bits=16;location_bytes=32,fixed_target_recipient,ok
1787733241651200732,PPS-GC,multiple_signal_sender_scalability,share_generation,sender,1000,33,false,11244535,11244,recipient_bits=16;location_bytes=32,fixed_target_recipient,ok
1787733241662462809,PPS-GC,multiple_signal_sender_scalability,share_generation,sender,1000,34,false,9011502,9011,recipient_bits=16;location_bytes=32,fixed_target_recipient,ok
1787733241673525985,PPS-GC,multiple_signal_sender_scalability,share_generation,sender,1000,35,false,9018339,9018,recipient_bits=16;location_bytes=32,fixed_target_recipient,ok
1787733241684217598,PPS-GC,multiple_signal_sender_scalability,share_generation,sender,1000,36,false,8993116,8993,recipient_bits=16;location_bytes=32,fixed_target_recipient,ok
1787733241696481319,PPS-GC,multiple_signal_sender_scalability,share_generation,sender,1000,37,false,10521414,10521,recipient_bits=16;location_bytes=32,fixed_target_recipient,ok
1787733241708210425,PPS-GC,multiple_signal_sender_scalability,share_generation,sender,1000,38,false,9546247,9546,recipient_bits=16;location_bytes=32,fixed_target_recipient,ok
1787733241718985793,PPS-GC,multiple_signal_sender_scalability,share_generation,sender,1000,39,false,9056411,9056,recipient_bits=16;location_bytes=32,fixed_target_recipient,ok
1787733241730540320,PPS-GC,multiple_signal_sender_scalability,share_generation,sender,1000,40,false,9643423,9643,recipient_bits=16;location_bytes=32,fixed_target_recipient,ok
1787733241742698553,PPS-GC,multiple_signal_sender_scalability,share_generation,sender,1000,41,false,10113507,10113,recipient_bits=16;location_bytes=32,fixed_target_recipient,ok
1787733241754958652,PPS-GC,multiple_signal_sender_scalability,share_generation,sender,1000,42,false,9810540,9810,recipient_bits=16;location_bytes=32,fixed_target_recipient,ok
1787733241765699687,PPS-GC,multiple_signal_sender_scalability,share_generation,sender,1000,43,false,9083540,9083,recipient_bits=16;location_bytes=32,fixed_target_recipient,ok
1787733241776837227,PPS-GC,multiple_signal_sender_scalability,share_generation,sender,1000,44,false,9256192,9256,recipient_bits=16;location_bytes=32,fixed_target_recipient,ok
1787733241789102658,PPS-GC,multiple_signal_sender_scalability,share_generation,sender,1000,45,false,10697771,10697,recipient_bits=16;location_bytes=32,fixed_target_recipient,ok
1787733241800615334,PPS-GC,multiple_signal_sender_scalability,share_generation,sender,1000,46,false,10057425,10057,recipient_bits=16;location_bytes=32,fixed_target_recipient,ok
1787733241811307080,PPS-GC,multiple_signal_sender_scalability,share_generation,sender,1000,47,false,9195839,9195,recipient_bits=16;location_bytes=32,fixed_target_recipient,ok
1787733241822618772,PPS-GC,multiple_signal_sender_scalability,share_generation,sender,1000,48,false,9744692,9744,recipient_bits=16;location_bytes=32,fixed_target_recipient,ok
1787733241833222777,PPS-GC,multiple_signal_sender_scalability,share_generation,sender,1000,49,false,9150278,9150,recipient_bits=16;location_bytes=32,fixed_target_recipient,ok
1787733241844745959,PPS-GC,multiple_signal_sender_scalability,share_generation,sender,1000,50,false,10048278,10048,recipient_bits=16;location_bytes=32,fixed_target_recipient,ok
1787733241857157126,PPS-GC,multiple_signal_sender_scalability,share_generation,sender,1000,51,false,10228740,10228,recipient_bits=16;location_bytes=32,fixed_target_recipient,ok
1787733241868087927,PPS-GC,multiple_signal_sender_scalability,share_generation,sender,1000,52,false,9190065,9190,recipient_bits=16;location_bytes=32,fixed_target_recipient,ok
1787733241879242675,PPS-GC,multiple_signal_sender_scalability,share_generation,sender,1000,53,false,9575640,9575,recipient_bits=16;location_bytes=32,fixed_target_recipient,ok
1787733241890695143,PPS-GC,multiple_signal_sender_scalability,share_generation,sender,1000,54,false,9974414,9974,recipient_bits=16;location_bytes=32,fixed_target_recipient,ok
1787733241902594189,PPS-GC,multiple_signal_sender_scalability,share_generation,sender,1000,55,false,10257503,10257,recipient_bits=16;location_bytes=32,fixed_target_recipient,ok
1787733241913556404,PPS-GC,multiple_signal_sender_scalability,share_generation,sender,1000,56,false,9250828,9250,recipient_bits=16;location_bytes=32,fixed_target_recipient,ok
1787733241925478529,PPS-GC,multiple_signal_sender_scalability,share_generation,sender,1000,57,false,10331901,10331,recipient_bits=16;location_bytes=32,fixed_target_recipient,ok
1787733241937403600,PPS-GC,multiple_signal_sender_scalability,share_generation,sender,1000,58,false,10114474,10114,recipient_bits=16;location_bytes=32,fixed_target_recipient,ok
1787733241948098248,PPS-GC,multiple_signal_sender_scalability,share_generation,sender,1000,59,false,9197474,9197,recipient_bits=16;location_bytes=32,fixed_target_recipient,ok
1787733241959871605,PPS-GC,multiple_signal_sender_scalability,share_generation,sender,1000,60,false,9532805,9532,recipient_bits=16;location_bytes=32,fixed_target_recipient,ok
1787733241970962223,PPS-GC,multiple_signal_sender_scalability,share_generation,sender,1000,61,false,9339458,9339,recipient_bits=16;location_bytes=32,fixed_target_recipient,ok
1787733241982410250,PPS-GC,multiple_signal_sender_scalability,share_generation,sender,1000,62,false,9700831,9700,recipient_bits=16;location_bytes=32,fixed_target_recipient,ok
1787733241993673559,PPS-GC,multiple_signal_sender_scalability,share_generation,sender,1000,63,false,9095667,9095,recipient_bits=16;location_bytes=32,fixed_target_recipient,ok
1787733242004731178,PPS-GC,multiple_signal_sender_scalability,share_generation,sender,1000,64,false,9018940,9018,recipient_bits=16;location_bytes=32,fixed_target_recipient,ok
1787733242015651452,PPS-GC,multiple_signal_sender_scalability,share_generation,sender,1000,65,false,9120973,9120,recipient_bits=16;location_bytes=32,fixed_target_recipient,ok
1787733242028189435,PPS-GC,multiple_signal_sender_scalability,share_generation,sender,1000,66,false,10604472,10604,recipient_bits=16;location_bytes=32,fixed_target_recipient,ok
1787733242039964868,PPS-GC,multiple_signal_sender_scalability,share_generation,sender,1000,67,false,9703680,9703,recipient_bits=16;location_bytes=32,fixed_target_recipient,ok
1787733242051029490,PPS-GC,multiple_signal_sender_scalability,share_generation,sender,1000,68,false,9096202,9096,recipient_bits=16;location_bytes=32,fixed_target_recipient,ok
1787733242062180514,PPS-GC,multiple_signal_sender_scalability,share_generation,sender,1000,69,false,9460357,9460,recipient_bits=16;location_bytes=32,fixed_target_recipient,ok
1787733242073033147,PPS-GC,multiple_signal_sender_scalability,share_generation,sender,1000,70,false,9180298,9180,recipient_bits=16;location_bytes=32,fixed_target_recipient,ok
1787733242084475176,PPS-GC,multiple_signal_sender_scalability,share_generation,sender,1000,71,false,9092439,9092,recipient_bits=16;location_bytes=32,fixed_target_recipient,ok
1787733242096178662,PPS-GC,multiple_signal_sender_scalability,share_generation,sender,1000,72,false,9605743,9605,recipient_bits=16;location_bytes=32,fixed_target_recipient,ok
1787733242108733086,PPS-GC,multiple_signal_sender_scalability,share_generation,sender,1000,73,false,10397932,10397,recipient_bits=16;location_bytes=32,fixed_target_recipient,ok
1787733242120290248,PPS-GC,multiple_signal_sender_scalability,share_generation,sender,1000,74,false,10153156,10153,recipient_bits=16;location_bytes=32,fixed_target_recipient,ok
1787733242131414929,PPS-GC,multiple_signal_sender_scalability,share_generation,sender,1000,75,false,9231375,9231,recipient_bits=16;location_bytes=32,fixed_target_recipient,ok
1787733242142912425,PPS-GC,multiple_signal_sender_scalability,share_generation,sender,1000,76,false,9553914,9553,recipient_bits=16;location_bytes=32,fixed_target_recipient,ok
1787733242154519378,PPS-GC,multiple_signal_sender_scalability,share_generation,sender,1000,77,false,9899403,9899,recipient_bits=16;location_bytes=32,fixed_target_recipient,ok
1787733242166624460,PPS-GC,multiple_signal_sender_scalability,share_generation,sender,1000,78,false,9847035,9847,recipient_bits=16;location_bytes=32,fixed_target_recipient,ok
1787733242178126793,PPS-GC,multiple_signal_sender_scalability,share_generation,sender,1000,79,false,9640694,9640,recipient_bits=16;location_bytes=32,fixed_target_recipient,ok
1787733242189624633,PPS-GC,multiple_signal_sender_scalability,share_generation,sender,1000,80,false,9483287,9483,recipient_bits=16;location_bytes=32,fixed_target_recipient,ok
1787733242201398955,PPS-GC,multiple_signal_sender_scalability,share_generation,sender,1000,81,false,9764591,9764,recipient_bits=16;location_bytes=32,fixed_target_recipient,ok
1787733242213613773,PPS-GC,multiple_signal_sender_scalability,share_generation,sender,1000,82,false,10308498,10308,recipient_bits=16;location_bytes=32,fixed_target_recipient,ok
1787733242224067404,PPS-GC,multiple_signal_sender_scalability,share_generation,sender,1000,83,false,8994670,8994,recipient_bits=16;location_bytes=32,fixed_target_recipient,ok
1787733242235201160,PPS-GC,multiple_signal_sender_scalability,share_generation,sender,1000,84,false,9097185,9097,recipient_bits=16;location_bytes=32,fixed_target_recipient,ok
1787733242246163298,PPS-GC,multiple_signal_sender_scalability,share_generation,sender,1000,85,false,9022922,9022,recipient_bits=16;location_bytes=32,fixed_target_recipient,ok
1787733242258418354,PPS-GC,multiple_signal_sender_scalability,share_generation,sender,1000,86,false,10067491,10067,recipient_bits=16;location_bytes=32,fixed_target_recipient,ok
1787733242270572574,PPS-GC,multiple_signal_sender_scalability,share_generation,sender,1000,87,false,10263312,10263,recipient_bits=16;location_bytes=32,fixed_target_recipient,ok
1787733242282140647,PPS-GC,multiple_signal_sender_scalability,share_generation,sender,1000,88,false,9839941,9839,recipient_bits=16;location_bytes=32,fixed_target_recipient,ok
1787733242294208908,PPS-GC,multiple_signal_sender_scalability,share_generation,sender,1000,89,false,9461858,9461,recipient_bits=16;location_bytes=32,fixed_target_recipient,ok
1787733242305550088,PPS-GC,multiple_signal_sender_scalability,share_generation,sender,1000,90,false,9735765,9735,recipient_bits=16;location_bytes=32,fixed_target_recipient,ok
1787733242318144286,PPS-GC,multiple_signal_sender_scalability,share_generation,sender,1000,91,false,10599817,10599,recipient_bits=16;location_bytes=32,fixed_target_recipient,ok
1787733242329824997,PPS-GC,multiple_signal_sender_scalability,share_generation,sender,1000,92,false,9715267,9715,recipient_bits=16;location_bytes=32,fixed_target_recipient,ok
1787733242342153904,PPS-GC,multiple_signal_sender_scalability,share_generation,sender,1000,93,false,10238813,10238,recipient_bits=16;location_bytes=32,fixed_target_recipient,ok
1787733242354216998,PPS-GC,multiple_signal_sender_scalability,share_generation,sender,1000,94,false,10423912,10423,recipient_bits=16;location_bytes=32,fixed_target_recipient,ok
1787733242365652073,PPS-GC,multiple_signal_sender_scalability,share_generation,sender,1000,95,false,9527718,9527,recipient_bits=16;location_bytes=32,fixed_target_recipient,ok
1787733242377315170,PPS-GC,multiple_signal_sender_scalability,share_generation,sender,1000,96,false,9619270,9619,recipient_bits=16;location_bytes=32,fixed_target_recipient,ok
1787733242389229000,PPS-GC,multiple_signal_sender_scalability,share_generation,sender,1000,97,false,9607589,9607,recipient_bits=16;location_bytes=32,fixed_target_recipient,ok
1787733242400481816,PPS-GC,multiple_signal_sender_scalability,share_generation,sender,1000,98,false,9211525,9211,recipient_bits=16;location_bytes=32,fixed_target_recipient,ok
1787733242412423731,PPS-GC,multiple_signal_sender_scalability,share_generation,sender,1000,99,false,9993690,9993,recipient_bits=16;location_bytes=32,fixed_target_recipient,ok
