timestamp,scheme,experiment,operation,role,B,trial,warmup,total_time_ns,per_signal_time_ns,scheme_specific_parameters,recipient_mode,status
2026-08-19T14:30:54.996730295Z,FMD,multiple_signal_sender_scalability,flag_generation,sender,10,-20,true,8000295,800029,gamma=8;p=2^-8;curve=P-256,fixed_target_recipient,ok
2026-08-19T14:30:55.012433184Z,FMD,multiple_signal_sender_scalability,flag_generation,sender,10,-19,true,7834636,783463,gamma=8;p=2^-8;curve=P-256,fixed_target_recipient,ok
2026-08-19T14:30:55.022221125Z,FMD,multiple_signal_sender_scalability,flag_generation,sender,10,-18,true,3711969,371196,gamma=8;p=2^-8;curve=P-256,fixed_target_recipient,ok
2026-08-19T14:30:55.032285342Z,FMD,multiple_signal_sender_scalability,flag_generation,sender,10,-17,true,3724753,372475,gamma=8;p=2^-8;curve=P-256,fixed_target_recipient,ok
2026-08-19T14:30:55.042593086Z,FMD,multiple_signal_sender_scalability,flag_generation,sender,10,-16,true,5364011,536401,gamma=8;p=2^-8;curve=P-256,fixed_target_recipient,ok
2026-08-19T14:30:55.053074246Z,FMD,multiple_signal_sender_scalability,flag_generation,sender,10,-15,true,3940048,394004,gamma=8;p=2^-8;curve=P-256,fixed_target_recipient,ok
2026-08-19T14:30:55.061107412Z,FMD,multiple_signal_sender_scalability,flag_generation,sender,10,-14,true,3752691,375269,gamma=8;p=2^-8;curve=P-256,fixed_target_recipient,ok
2026-08-19T14:30:55.075147117Z,FMD,multiple_signal_sender_scalability,flag_generation,sender,10,-13,true,5542239,554223,gamma=8;p=2^-8;curve=P-256,fixed_target_recipient,ok
2026-08-19T14:30:55.087624646Z,FMD,multiple_signal_sender_scalability,flag_generation,sender,10,-12,true,3810676,381067,gamma=8;p=2^-8;curve=P-256,fixed_target_recipient,ok
2026-08-19T14:30:55.099569615Z,FMD,multiple_signal_sender_scalability,flag_generation,sender,10,-11,true,3774860,377486,gamma=8;p=2^-8;curve=P-256,fixed_target_recipient,ok
2026-08-19T14:30:55.109832063Z,FMD,multiple_signal_sender_scalability,flag_generation,sender,10,-10,true,4357450,435745,gamma=8;p=2^-8;curve=P-256,fixed_target_recipient,ok
2026-08-19T14:30:55.119477986Z,FMD,multiple_signal_sender_scalability,flag_generation,sender,1000,41,false,421191340,421191,gamma=8;p=2^-8;curve=P-256,fixed_target_recipient,ok
2026-08-19T14:30:55.120009277Z,FMD,multiple_signal_sender_scalability,flag_generation,sender,10,-9,true,3859773,385977,gamma=8;p=2^-8;curve=P-256,fixed_target_recipient,ok
2026-08-19T14:30:55.133464592Z,FMD,multiple_signal_sender_scalability,flag_generation,sender,10,-8,true,4558540,455854,gamma=8;p=2^-8;curve=P-256,fixed_target_recipient,ok
2026-08-19T14:30:55.144086557Z,FMD,multiple_signal_sender_scalability,flag_generation,sender,10,-7,true,4079834,407983,gamma=8;p=2^-8;curve=P-256,fixed_target_recipient,ok
2026-08-19T14:30:55.154720792Z,FMD,multiple_signal_sender_scalability,flag_generation,sender,10,-6,true,5211017,521101,gamma=8;p=2^-8;curve=P-256,fixed_target_recipient,ok
2026-08-19T14:30:55.165035826Z,FMD,multiple_signal_sender_scalability,flag_generation,sender,10,-5,true,3656802,365680,gamma=8;p=2^-8;curve=P-256,fixed_target_recipient,ok
2026-08-19T14:30:55.173850923Z,FMD,multiple_signal_sender_scalability,flag_generation,sender,10,-4,true,3682022,368202,gamma=8;p=2^-8;curve=P-256,fixed_target_recipient,ok
2026-08-19T14:30:55.184765061Z,FMD,multiple_signal_sender_scalability,flag_generation,sender,10,-3,true,3601764,360176,gamma=8;p=2^-8;curve=P-256,fixed_target_recipient,ok
2026-08-19T14:30:55.19522507Z,FMD,multiple_signal_sender_scalability,flag_generation,sender,10,-2,true,6302435,630243,gamma=8;p=2^-8;curve=P-256,fixed_target_recipient,ok
2026-08-19T14:30:55.204240014Z,FMD,multiple_signal_sender_scalability,flag_generation,sender,10,-1,true,7045043,704504,gamma=8;p=2^-8;curve=P-256,fixed_target_recipient,ok
2026-08-19T14:30:55.213177786Z,FMD,multiple_signal_sender_scalability,flag_generation,sender,10,0,false,3613491,361349,gamma=8;p=2^-8;curve=P-256,fixed_target_recipient,ok
2026-08-19T14:30:55.225078574Z,FMD,multiple_signal_sender_scalability,flag_generation,sender,10,1,false,4450952,445095,gamma=8;p=2^-8;curve=P-256,fixed_target_recipient,ok
2026-08-19T14:30:55.234110893Z,FMD,multiple_signal_sender_scalability,flag_generation,sender,10,2,false,3650254,365025,gamma=8;p=2^-8;curve=P-256,fixed_target_recipient,ok
2026-08-19T14:30:55.244944204Z,FMD,multiple_signal_sender_scalability,flag_generation,sender,10,3,false,3603298,360329,gamma=8;p=2^-8;curve=P-256,fixed_target_recipient,ok
2026-08-19T14:30:55.254719031Z,FMD,multiple_signal_sender_scalability,flag_generation,sender,10,4,false,5447481,544748,gamma=8;p=2^-8;curve=P-256,fixed_target_recipient,ok
2026-08-19T14:30:55.266576187Z,FMD,multiple_signal_sender_scalability,flag_generation,sender,10,5,false,5182935,518293,gamma=8;p=2^-8;curve=P-256,fixed_target_recipient,ok
2026-08-19T14:30:55.274329281Z,FMD,multiple_signal_sender_scalability,flag_generation,sender,10,6,false,3629940,362994,gamma=8;p=2^-8;curve=P-256,fixed_target_recipient,ok
2026-08-19T14:30:55.29178126Z,FMD,multiple_signal_sender_scalability,flag_generation,sender,10,7,false,11004827,1100482,gamma=8;p=2^-8;curve=P-256,fixed_target_recipient,ok
2026-08-19T14:30:55.29870989Z,FMD,multiple_signal_sender_scalability,flag_generation,sender,10,8,false,5010352,501035,gamma=8;p=2^-8;curve=P-256,fixed_target_recipient,ok
2026-08-19T14:30:55.30918317Z,FMD,multiple_signal_sender_scalability,flag_generation,sender,10,9,false,3617156,361715,gamma=8;p=2^-8;curve=P-256,fixed_target_recipient,ok
2026-08-19T14:30:55.321302238Z,FMD,multiple_signal_sender_scalability,flag_generation,sender,10,10,false,3974405,397440,gamma=8;p=2^-8;curve=P-256,fixed_target_recipient,ok
2026-08-19T14:30:55.326880661Z,FMD,multiple_signal_sender_scalability,flag_generation,sender,10,11,false,3685024,368502,gamma=8;p=2^-8;curve=P-256,fixed_target_recipient,ok
2026-08-19T14:30:55.341496715Z,FMD,multiple_signal_sender_scalability,flag_generation,sender,10,12,false,3932264,393226,gamma=8;p=2^-8;curve=P-256,fixed_target_recipient,ok
2026-08-19T14:30:55.346987287Z,FMD,multiple_signal_sender_scalability,flag_generation,sender,10,13,false,3667308,366730,gamma=8;p=2^-8;curve=P-256,fixed_target_recipient,ok
2026-08-19T14:30:55.361882167Z,FMD,multiple_signal_sender_scalability,flag_generation,sender,10,14,false,3734526,373452,gamma=8;p=2^-8;curve=P-256,fixed_target_recipient,ok
2026-08-19T14:30:55.371963328Z,FMD,multiple_signal_sender_scalability,flag_generation,sender,10,15,false,7295173,729517,gamma=8;p=2^-8;curve=P-256,fixed_target_recipient,ok
2026-08-19T14:30:55.381331314Z,FMD,multiple_signal_sender_scalability,flag_generation,sender,10,16,false,3554789,355478,gamma=8;p=2^-8;curve=P-256,fixed_target_recipient,ok
2026-08-19T14:30:55.392413597Z,FMD,multiple_signal_sender_scalability,flag_generation,sender,10,17,false,7517264,751726,gamma=8;p=2^-8;curve=P-256,fixed_target_recipient,ok
2026-08-19T14:30:55.398019543Z,FMD,multiple_signal_sender_scalability,flag_generation,sender,10,18,false,3559445,355944,gamma=8;p=2^-8;curve=P-256,fixed_target_recipient,ok
2026-08-19T14:30:55.412627082Z,FMD,multiple_signal_sender_scalability,flag_generation,sender,10,19,false,3630766,363076,gamma=8;p=2^-8;curve=P-256,fixed_target_recipient,ok
2026-08-19T14:30:55.423228669Z,FMD,multiple_signal_sender_scalability,flag_generation,sender,10,20,false,5277930,527793,gamma=8;p=2^-8;curve=P-256,fixed_target_recipient,ok
2026-08-19T14:30:55.433004864Z,FMD,multiple_signal_sender_scalability,flag_generation,sender,10,21,false,3805129,380512,gamma=8;p=2^-8;curve=P-256,fixed_target_recipient,ok
2026-08-19T14:30:55.440915477Z,FMD,multiple_signal_sender_scalability,flag_generation,sender,10,22,false,3546928,354692,gamma=8;p=2^-8;curve=P-256,fixed_target_recipient,ok
2026-08-19T14:30:55.455225352Z,FMD,multiple_signal_sender_scalability,flag_generation,sender,10,23,false,3544440,354444,gamma=8;p=2^-8;curve=P-256,fixed_target_recipient,ok
2026-08-19T14:30:55.460988772Z,FMD,multiple_signal_sender_scalability,flag_generation,sender,10,24,false,3639674,363967,gamma=8;p=2^-8;curve=P-256,fixed_target_recipient,ok
2026-08-19T14:30:55.473181507Z,FMD,multiple_signal_sender_scalability,flag_generation,sender,10,25,false,3790036,379003,gamma=8;p=2^-8;curve=P-256,fixed_target_recipient,ok
2026-08-19T14:30:55.480873914Z,FMD,multiple_signal_sender_scalability,flag_generation,sender,10,26,false,3624989,362498,gamma=8;p=2^-8;curve=P-256,fixed_target_recipient,ok
2026-08-19T14:30:55.493329731Z,FMD,multiple_signal_sender_scalability,flag_generation,sender,10,27,false,3715276,371527,gamma=8;p=2^-8;curve=P-256,fixed_target_recipient,ok
2026-08-19T14:30:55.503543231Z,FMD,multiple_signal_sender_scalability,flag_generation,sender,10,28,false,6099969,609996,gamma=8;p=2^-8;curve=P-256,fixed_target_recipient,ok
2026-08-19T14:30:55.514001376Z,FMD,multiple_signal_sender_scalability,flag_generation,sender,10,29,false,8285238,828523,gamma=8;p=2^-8;curve=P-256,fixed_target_recipient,ok
2026-08-19T14:30:55.523948169Z,FMD,multiple_signal_sender_scalability,flag_generation,sender,10,30,false,7688275,768827,gamma=8;p=2^-8;curve=P-256,fixed_target_recipient,ok
2026-08-19T14:30:55.529603997Z,FMD,multiple_signal_sender_scalability,flag_generation,sender,10,31,false,4019143,401914,gamma=8;p=2^-8;curve=P-256,fixed_target_recipient,ok
2026-08-19T14:30:55.544875072Z,FMD,multiple_signal_sender_scalability,flag_generation,sender,10,32,false,3719786,371978,gamma=8;p=2^-8;curve=P-256,fixed_target_recipient,ok
2026-08-19T14:30:55.555043607Z,FMD,multiple_signal_sender_scalability,flag_generation,sender,10,33,false,5488064,548806,gamma=8;p=2^-8;curve=P-256,fixed_target_recipient,ok
2026-08-19T14:30:55.56476615Z,FMD,multiple_signal_sender_scalability,flag_generation,sender,10,34,false,7470950,747095,gamma=8;p=2^-8;curve=P-256,fixed_target_recipient,ok
2026-08-19T14:30:55.577047916Z,FMD,multiple_signal_sender_scalability,flag_generation,sender,10,35,false,3763747,376374,gamma=8;p=2^-8;curve=P-256,fixed_target_recipient,ok
2026-08-19T14:30:55.587386169Z,FMD,multiple_signal_sender_scalability,flag_generation,sender,10,36,false,3648915,364891,gamma=8;p=2^-8;curve=P-256,fixed_target_recipient,ok
2026-08-19T14:30:55.593108456Z,FMD,multiple_signal_sender_scalability,flag_generation,sender,10,37,false,3562742,356274,gamma=8;p=2^-8;curve=P-256,fixed_target_recipient,ok
2026-08-19T14:30:55.606601478Z,FMD,multiple_signal_sender_scalability,flag_generation,sender,10,38,false,4970651,497065,gamma=8;p=2^-8;curve=P-256,fixed_target_recipient,ok
2026-08-19T14:30:55.616712265Z,FMD,multiple_signal_sender_scalability,flag_generation,sender,10,39,false,3761433,376143,gamma=8;p=2^-8;curve=P-256,fixed_target_recipient,ok
2026-08-19T14:30:55.62515427Z,FMD,multiple_signal_sender_scalability,flag_generation,sender,10,40,false,3603637,360363,gamma=8;p=2^-8;curve=P-256,fixed_target_recipient,ok
2026-08-19T14:30:55.636833766Z,FMD,multiple_signal_sender_scalability,flag_generation,sender,10,41,false,3577785,357778,gamma=8;p=2^-8;curve=P-256,fixed_target_recipient,ok
2026-08-19T14:30:55.644790905Z,FMD,multiple_signal_sender_scalability,flag_generation,sender,10,42,false,3644358,364435,gamma=8;p=2^-8;curve=P-256,fixed_target_recipient,ok
2026-08-19T14:30:55.654136776Z,FMD,multiple_signal_sender_scalability,flag_generation,sender,10,43,false,5370861,537086,gamma=8;p=2^-8;curve=P-256,fixed_target_recipient,ok
2026-08-19T14:30:55.664886809Z,FMD,multiple_signal_sender_scalability,flag_generation,sender,10,44,false,3594646,359464,gamma=8;p=2^-8;curve=P-256,fixed_target_recipient,ok
2026-08-19T14:30:55.676756399Z,FMD,multiple_signal_sender_scalability,flag_generation,sender,10,45,false,7827409,782740,gamma=8;p=2^-8;curve=P-256,fixed_target_recipient,ok
2026-08-19T14:30:55.68237626Z,FMD,multiple_signal_sender_scalability,flag_generation,sender,10,46,false,3599578,359957,gamma=8;p=2^-8;curve=P-256,fixed_target_recipient,ok
2026-08-19T14:30:55.696792435Z,FMD,multiple_signal_sender_scalability,flag_generation,sender,10,47,false,3775410,377541,gamma=8;p=2^-8;curve=P-256,fixed_target_recipient,ok
2026-08-19T14:30:55.704913169Z,FMD,multiple_signal_sender_scalability,flag_generation,sender,10,48,false,3754784,375478,gamma=8;p=2^-8;curve=P-256,fixed_target_recipient,ok
2026-08-19T14:30:55.717715709Z,FMD,multiple_signal_sender_scalability,flag_generation,sender,10,49,false,3904957,390495,gamma=8;p=2^-8;curve=P-256,fixed_target_recipient,ok
2026-08-19T14:30:55.724691656Z,FMD,multiple_signal_sender_scalability,flag_generation,sender,10,50,false,3583388,358338,gamma=8;p=2^-8;curve=P-256,fixed_target_recipient,ok
2026-08-19T14:30:55.738119533Z,FMD,multiple_signal_sender_scalability,flag_generation,sender,10,51,false,4077180,407718,gamma=8;p=2^-8;curve=P-256,fixed_target_recipient,ok
2026-08-19T14:30:55.748312267Z,FMD,multiple_signal_sender_scalability,flag_generation,sender,10,52,false,3622666,362266,gamma=8;p=2^-8;curve=P-256,fixed_target_recipient,ok
2026-08-19T14:30:55.753461422Z,FMD,multiple_signal_sender_scalability,flag_generation,sender,10,53,false,3587465,358746,gamma=8;p=2^-8;curve=P-256,fixed_target_recipient,ok
2026-08-19T14:30:55.763060141Z,FMD,multiple_signal_sender_scalability,flag_generation,sender,10,54,false,3562356,356235,gamma=8;p=2^-8;curve=P-256,fixed_target_recipient,ok
2026-08-19T14:30:55.776829748Z,FMD,multiple_signal_sender_scalability,flag_generation,sender,10,55,false,7908148,790814,gamma=8;p=2^-8;curve=P-256,fixed_target_recipient,ok
2026-08-19T14:30:55.786539086Z,FMD,multiple_signal_sender_scalability,flag_generation,sender,10,56,false,7365879,736587,gamma=8;p=2^-8;curve=P-256,fixed_target_recipient,ok
2026-08-19T14:30:55.788229863Z,FMD,multiple_signal_sender_scalability,flag_generation,sender,1000,42,false,666396659,666396,gamma=8;p=2^-8;curve=P-256,fixed_target_recipient,ok
2026-08-19T14:30:55.793527943Z,FMD,multiple_signal_sender_scalability,flag_generation,sender,10,57,false,3659516,365951,gamma=8;p=2^-8;curve=P-256,fixed_target_recipient,ok
2026-08-19T14:30:55.807177998Z,FMD,multiple_signal_sender_scalability,flag_generation,sender,10,58,false,3533841,353384,gamma=8;p=2^-8;curve=P-256,fixed_target_recipient,ok
2026-08-19T14:30:55.812810469Z,FMD,multiple_signal_sender_scalability,flag_generation,sender,10,59,false,3563367,356336,gamma=8;p=2^-8;curve=P-256,fixed_target_recipient,ok
2026-08-19T14:30:55.827423866Z,FMD,multiple_signal_sender_scalability,flag_generation,sender,10,60,false,3598908,359890,gamma=8;p=2^-8;curve=P-256,fixed_target_recipient,ok
2026-08-19T14:30:55.836667476Z,FMD,multiple_signal_sender_scalability,flag_generation,sender,10,61,false,3607852,360785,gamma=8;p=2^-8;curve=P-256,fixed_target_recipient,ok
2026-08-19T14:30:55.851220176Z,FMD,multiple_signal_sender_scalability,flag_generation,sender,10,62,false,3788387,378838,gamma=8;p=2^-8;curve=P-256,fixed_target_recipient,ok
2026-08-19T14:30:55.856701454Z,FMD,multiple_signal_sender_scalability,flag_generation,sender,10,63,false,3603307,360330,gamma=8;p=2^-8;curve=P-256,fixed_target_recipient,ok
2026-08-19T14:30:55.867263118Z,FMD,multiple_signal_sender_scalability,flag_generation,sender,10,64,false,3565359,356535,gamma=8;p=2^-8;curve=P-256,fixed_target_recipient,ok
2026-08-19T14:30:55.872849081Z,FMD,multiple_signal_sender_scalability,flag_generation,sender,10,65,false,3594830,359483,gamma=8;p=2^-8;curve=P-256,fixed_target_recipient,ok
2026-08-19T14:30:55.885824014Z,FMD,multiple_signal_sender_scalability,flag_generation,sender,10,66,false,9100724,910072,gamma=8;p=2^-8;curve=P-256,fixed_target_recipient,ok
2026-08-19T14:30:55.893215543Z,FMD,multiple_signal_sender_scalability,flag_generation,sender,10,67,false,3602618,360261,gamma=8;p=2^-8;curve=P-256,fixed_target_recipient,ok
2026-08-19T14:30:55.905738724Z,FMD,multiple_signal_sender_scalability,flag_generation,sender,10,68,false,3620462,362046,gamma=8;p=2^-8;curve=P-256,fixed_target_recipient,ok
2026-08-19T14:30:55.913514318Z,FMD,multiple_signal_sender_scalability,flag_generation,sender,10,69,false,3658033,365803,gamma=8;p=2^-8;curve=P-256,fixed_target_recipient,ok
2026-08-19T14:30:55.925739861Z,FMD,multiple_signal_sender_scalability,flag_generation,sender,10,70,false,3562292,356229,gamma=8;p=2^-8;curve=P-256,fixed_target_recipient,ok
2026-08-19T14:30:55.933267365Z,FMD,multiple_signal_sender_scalability,flag_generation,sender,10,71,false,3593856,359385,gamma=8;p=2^-8;curve=P-256,fixed_target_recipient,ok
2026-08-19T14:30:55.947227923Z,FMD,multiple_signal_sender_scalability,flag_generation,sender,10,72,false,6283222,628322,gamma=8;p=2^-8;curve=P-256,fixed_target_recipient,ok
2026-08-19T14:30:55.956902773Z,FMD,multiple_signal_sender_scalability,flag_generation,sender,10,73,false,3579539,357953,gamma=8;p=2^-8;curve=P-256,fixed_target_recipient,ok
2026-08-19T14:30:55.971434241Z,FMD,multiple_signal_sender_scalability,flag_generation,sender,10,74,false,6370376,637037,gamma=8;p=2^-8;curve=P-256,fixed_target_recipient,ok
2026-08-19T14:30:55.982189361Z,FMD,multiple_signal_sender_scalability,flag_generation,sender,10,75,false,3735461,373546,gamma=8;p=2^-8;curve=P-256,fixed_target_recipient,ok
2026-08-19T14:30:55.992302776Z,FMD,multiple_signal_sender_scalability,flag_generation,sender,10,76,false,6714997,671499,gamma=8;p=2^-8;curve=P-256,fixed_target_recipient,ok
2026-08-19T14:30:56.002382165Z,FMD,multiple_signal_sender_scalability,flag_generation,sender,10,77,false,6079655,607965,gamma=8;p=2^-8;curve=P-256,fixed_target_recipient,ok
2026-08-19T14:30:56.012822764Z,FMD,multiple_signal_sender_scalability,flag_generation,sender,10,78,false,3821605,382160,gamma=8;p=2^-8;curve=P-256,fixed_target_recipient,ok
2026-08-19T14:30:56.022646265Z,FMD,multiple_signal_sender_scalability,flag_generation,sender,10,79,false,3652329,365232,gamma=8;p=2^-8;curve=P-256,fixed_target_recipient,ok
2026-08-19T14:30:56.032914577Z,FMD,multiple_signal_sender_scalability,flag_generation,sender,10,80,false,3898001,389800,gamma=8;p=2^-8;curve=P-256,fixed_target_recipient,ok
2026-08-19T14:30:56.043240808Z,FMD,multiple_signal_sender_scalability,flag_generation,sender,10,81,false,5769254,576925,gamma=8;p=2^-8;curve=P-256,fixed_target_recipient,ok
2026-08-19T14:30:56.054790931Z,FMD,multiple_signal_sender_scalability,flag_generation,sender,10,82,false,8655215,865521,gamma=8;p=2^-8;curve=P-256,fixed_target_recipient,ok
2026-08-19T14:30:56.067802517Z,FMD,multiple_signal_sender_scalability,flag_generation,sender,10,83,false,9489148,948914,gamma=8;p=2^-8;curve=P-256,fixed_target_recipient,ok
2026-08-19T14:30:56.078151224Z,FMD,multiple_signal_sender_scalability,flag_generation,sender,10,84,false,4689136,468913,gamma=8;p=2^-8;curve=P-256,fixed_target_recipient,ok
2026-08-19T14:30:56.086668721Z,FMD,multiple_signal_sender_scalability,flag_generation,sender,10,85,false,3731659,373165,gamma=8;p=2^-8;curve=P-256,fixed_target_recipient,ok
2026-08-19T14:30:56.101939656Z,FMD,multiple_signal_sender_scalability,flag_generation,sender,10,86,false,8249118,824911,gamma=8;p=2^-8;curve=P-256,fixed_target_recipient,ok
2026-08-19T14:30:56.110814979Z,FMD,multiple_signal_sender_scalability,flag_generation,sender,10,87,false,7012570,701257,gamma=8;p=2^-8;curve=P-256,fixed_target_recipient,ok
2026-08-19T14:30:56.117352623Z,FMD,multiple_signal_sender_scalability,flag_generation,sender,10,88,false,3760170,376017,gamma=8;p=2^-8;curve=P-256,fixed_target_recipient,ok
2026-08-19T14:30:56.132773362Z,FMD,multiple_signal_sender_scalability,flag_generation,sender,10,89,false,3642587,364258,gamma=8;p=2^-8;curve=P-256,fixed_target_recipient,ok
2026-08-19T14:30:56.142586366Z,FMD,multiple_signal_sender_scalability,flag_generation,sender,10,90,false,5777012,577701,gamma=8;p=2^-8;curve=P-256,fixed_target_recipient,ok
2026-08-19T14:30:56.152290533Z,FMD,multiple_signal_sender_scalability,flag_generation,sender,10,91,false,7702270,770227,gamma=8;p=2^-8;curve=P-256,fixed_target_recipient,ok
2026-08-19T14:30:56.158088861Z,FMD,multiple_signal_sender_scalability,flag_generation,sender,10,92,false,3726663,372666,gamma=8;p=2^-8;curve=P-256,fixed_target_recipient,ok
2026-08-19T14:30:56.172273412Z,FMD,multiple_signal_sender_scalability,flag_generation,sender,10,93,false,7656573,765657,gamma=8;p=2^-8;curve=P-256,fixed_target_recipient,ok
2026-08-19T14:30:56.177495314Z,FMD,multiple_signal_sender_scalability,flag_generation,sender,10,94,false,3581258,358125,gamma=8;p=2^-8;curve=P-256,fixed_target_recipient,ok
2026-08-19T14:30:56.19079207Z,FMD,multiple_signal_sender_scalability,flag_generation,sender,10,95,false,7735212,773521,gamma=8;p=2^-8;curve=P-256,fixed_target_recipient,ok
2026-08-19T14:30:56.199053953Z,FMD,multiple_signal_sender_scalability,flag_generation,sender,10,96,false,6106127,610612,gamma=8;p=2^-8;curve=P-256,fixed_target_recipient,ok
2026-08-19T14:30:56.211537431Z,FMD,multiple_signal_sender_scalability,flag_generation,sender,10,97,false,5875426,587542,gamma=8;p=2^-8;curve=P-256,fixed_target_recipient,ok
2026-08-19T14:30:56.221828415Z,FMD,multiple_signal_sender_scalability,flag_generation,sender,10,98,false,8470504,847050,gamma=8;p=2^-8;curve=P-256,fixed_target_recipient,ok
2026-08-19T14:30:56.23163421Z,FMD,multiple_signal_sender_scalability,flag_generation,sender,10,99,false,3590504,359050,gamma=8;p=2^-8;curve=P-256,fixed_target_recipient,ok
2026-08-19T14:30:56.276262491Z,FMD,multiple_signal_sender_scalability,flag_generation,sender,50,-20,true,39807757,796155,gamma=8;p=2^-8;curve=P-256,fixed_target_recipient,ok
2026-08-19T14:30:56.315107051Z,FMD,multiple_signal_sender_scalability,flag_generation,sender,50,-19,true,36840285,736805,gamma=8;p=2^-8;curve=P-256,fixed_target_recipient,ok
2026-08-19T14:30:56.358150567Z,FMD,multiple_signal_sender_scalability,flag_generation,sender,50,-18,true,38967686,779353,gamma=8;p=2^-8;curve=P-256,fixed_target_recipient,ok
2026-08-19T14:30:56.395038193Z,FMD,multiple_signal_sender_scalability,flag_generation,sender,50,-17,true,35109345,702186,gamma=8;p=2^-8;curve=P-256,fixed_target_recipient,ok
2026-08-19T14:30:56.434843734Z,FMD,multiple_signal_sender_scalability,flag_generation,sender,50,-16,true,35259244,705184,gamma=8;p=2^-8;curve=P-256,fixed_target_recipient,ok
2026-08-19T14:30:56.474523498Z,FMD,multiple_signal_sender_scalability,flag_generation,sender,50,-15,true,34504279,690085,gamma=8;p=2^-8;curve=P-256,fixed_target_recipient,ok
2026-08-19T14:30:56.476428763Z,FMD,multiple_signal_sender_scalability,flag_generation,sender,1000,43,false,681821430,681821,gamma=8;p=2^-8;curve=P-256,fixed_target_recipient,ok
2026-08-19T14:30:56.514173948Z,FMD,multiple_signal_sender_scalability,flag_generation,sender,50,-14,true,36118753,722375,gamma=8;p=2^-8;curve=P-256,fixed_target_recipient,ok
2026-08-19T14:30:56.557374985Z,FMD,multiple_signal_sender_scalability,flag_generation,sender,50,-13,true,36959748,739194,gamma=8;p=2^-8;curve=P-256,fixed_target_recipient,ok
2026-08-19T14:30:56.595118962Z,FMD,multiple_signal_sender_scalability,flag_generation,sender,50,-12,true,35743679,714873,gamma=8;p=2^-8;curve=P-256,fixed_target_recipient,ok
2026-08-19T14:30:56.637330071Z,FMD,multiple_signal_sender_scalability,flag_generation,sender,50,-11,true,36664076,733281,gamma=8;p=2^-8;curve=P-256,fixed_target_recipient,ok
2026-08-19T14:30:56.67764891Z,FMD,multiple_signal_sender_scalability,flag_generation,sender,50,-10,true,38065354,761307,gamma=8;p=2^-8;curve=P-256,fixed_target_recipient,ok
2026-08-19T14:30:56.717128444Z,FMD,multiple_signal_sender_scalability,flag_generation,sender,50,-9,true,37373906,747478,gamma=8;p=2^-8;curve=P-256,fixed_target_recipient,ok
2026-08-19T14:30:56.755946367Z,FMD,multiple_signal_sender_scalability,flag_generation,sender,50,-8,true,36915010,738300,gamma=8;p=2^-8;curve=P-256,fixed_target_recipient,ok
2026-08-19T14:30:56.792671221Z,FMD,multiple_signal_sender_scalability,flag_generation,sender,50,-7,true,35021550,700431,gamma=8;p=2^-8;curve=P-256,fixed_target_recipient,ok
2026-08-19T14:30:56.836739862Z,FMD,multiple_signal_sender_scalability,flag_generation,sender,50,-6,true,35560132,711202,gamma=8;p=2^-8;curve=P-256,fixed_target_recipient,ok
2026-08-19T14:30:56.879786428Z,FMD,multiple_signal_sender_scalability,flag_generation,sender,50,-5,true,38944397,778887,gamma=8;p=2^-8;curve=P-256,fixed_target_recipient,ok
2026-08-19T14:30:56.919584042Z,FMD,multiple_signal_sender_scalability,flag_generation,sender,50,-4,true,32125917,642518,gamma=8;p=2^-8;curve=P-256,fixed_target_recipient,ok
2026-08-19T14:30:56.954117797Z,FMD,multiple_signal_sender_scalability,flag_generation,sender,50,-3,true,32813377,656267,gamma=8;p=2^-8;curve=P-256,fixed_target_recipient,ok
2026-08-19T14:30:56.995652283Z,FMD,multiple_signal_sender_scalability,flag_generation,sender,50,-2,true,39029595,780591,gamma=8;p=2^-8;curve=P-256,fixed_target_recipient,ok
2026-08-19T14:30:57.034864522Z,FMD,multiple_signal_sender_scalability,flag_generation,sender,50,-1,true,37343921,746878,gamma=8;p=2^-8;curve=P-256,fixed_target_recipient,ok
2026-08-19T14:30:57.073697465Z,FMD,multiple_signal_sender_scalability,flag_generation,sender,50,0,false,36770543,735410,gamma=8;p=2^-8;curve=P-256,fixed_target_recipient,ok
2026-08-19T14:30:57.11581816Z,FMD,multiple_signal_sender_scalability,flag_generation,sender,50,1,false,38778345,775566,gamma=8;p=2^-8;curve=P-256,fixed_target_recipient,ok
2026-08-19T14:30:57.159346653Z,FMD,multiple_signal_sender_scalability,flag_generation,sender,50,2,false,38497129,769942,gamma=8;p=2^-8;curve=P-256,fixed_target_recipient,ok
2026-08-19T14:30:57.193240886Z,FMD,multiple_signal_sender_scalability,flag_generation,sender,1000,44,false,709511446,709511,gamma=8;p=2^-8;curve=P-256,fixed_target_recipient,ok
2026-08-19T14:30:57.194043851Z,FMD,multiple_signal_sender_scalability,flag_generation,sender,50,3,false,32571375,651427,gamma=8;p=2^-8;curve=P-256,fixed_target_recipient,ok
2026-08-19T14:30:57.233145022Z,FMD,multiple_signal_sender_scalability,flag_generation,sender,50,4,false,36668464,733369,gamma=8;p=2^-8;curve=P-256,fixed_target_recipient,ok
2026-08-19T14:30:57.273167538Z,FMD,multiple_signal_sender_scalability,flag_generation,sender,50,5,false,38012547,760250,gamma=8;p=2^-8;curve=P-256,fixed_target_recipient,ok
2026-08-19T14:30:57.309861055Z,FMD,multiple_signal_sender_scalability,flag_generation,sender,50,6,false,34658753,693175,gamma=8;p=2^-8;curve=P-256,fixed_target_recipient,ok
2026-08-19T14:30:57.351295657Z,FMD,multiple_signal_sender_scalability,flag_generation,sender,50,7,false,30083106,601662,gamma=8;p=2^-8;curve=P-256,fixed_target_recipient,ok
2026-08-19T14:30:57.391514439Z,FMD,multiple_signal_sender_scalability,flag_generation,sender,50,8,false,30195673,603913,gamma=8;p=2^-8;curve=P-256,fixed_target_recipient,ok
2026-08-19T14:30:57.428509388Z,FMD,multiple_signal_sender_scalability,flag_generation,sender,50,9,false,34640286,692805,gamma=8;p=2^-8;curve=P-256,fixed_target_recipient,ok
2026-08-19T14:30:57.468966444Z,FMD,multiple_signal_sender_scalability,flag_generation,sender,50,10,false,35524242,710484,gamma=8;p=2^-8;curve=P-256,fixed_target_recipient,ok
2026-08-19T14:30:57.508045245Z,FMD,multiple_signal_sender_scalability,flag_generation,sender,50,11,false,35156589,703131,gamma=8;p=2^-8;curve=P-256,fixed_target_recipient,ok
2026-08-19T14:30:57.548992594Z,FMD,multiple_signal_sender_scalability,flag_generation,sender,50,12,false,35852093,717041,gamma=8;p=2^-8;curve=P-256,fixed_target_recipient,ok
2026-08-19T14:30:57.588976786Z,FMD,multiple_signal_sender_scalability,flag_generation,sender,50,13,false,36269487,725389,gamma=8;p=2^-8;curve=P-256,fixed_target_recipient,ok
2026-08-19T14:30:57.626616812Z,FMD,multiple_signal_sender_scalability,flag_generation,sender,50,14,false,35794419,715888,gamma=8;p=2^-8;curve=P-256,fixed_target_recipient,ok
2026-08-19T14:30:57.662851766Z,FMD,multiple_signal_sender_scalability,flag_generation,sender,50,15,false,32022542,640450,gamma=8;p=2^-8;curve=P-256,fixed_target_recipient,ok
2026-08-19T14:30:57.705400728Z,FMD,multiple_signal_sender_scalability,flag_generation,sender,50,16,false,36625459,732509,gamma=8;p=2^-8;curve=P-256,fixed_target_recipient,ok
2026-08-19T14:30:57.742723822Z,FMD,multiple_signal_sender_scalability,flag_generation,sender,50,17,false,34341841,686836,gamma=8;p=2^-8;curve=P-256,fixed_target_recipient,ok
2026-08-19T14:30:57.785418071Z,FMD,multiple_signal_sender_scalability,flag_generation,sender,50,18,false,36561631,731232,gamma=8;p=2^-8;curve=P-256,fixed_target_recipient,ok
2026-08-19T14:30:57.825179681Z,FMD,multiple_signal_sender_scalability,flag_generation,sender,50,19,false,37833093,756661,gamma=8;p=2^-8;curve=P-256,fixed_target_recipient,ok
2026-08-19T14:30:57.861738245Z,FMD,multiple_signal_sender_scalability,flag_generation,sender,50,20,false,34445793,688915,gamma=8;p=2^-8;curve=P-256,fixed_target_recipient,ok
2026-08-19T14:30:57.901822232Z,FMD,multiple_signal_sender_scalability,flag_generation,sender,50,21,false,32436286,648725,gamma=8;p=2^-8;curve=P-256,fixed_target_recipient,ok
2026-08-19T14:30:57.906043074Z,FMD,multiple_signal_sender_scalability,flag_generation,sender,1000,45,false,710826153,710826,gamma=8;p=2^-8;curve=P-256,fixed_target_recipient,ok
2026-08-19T14:30:57.942423205Z,FMD,multiple_signal_sender_scalability,flag_generation,sender,50,22,false,35455371,709107,gamma=8;p=2^-8;curve=P-256,fixed_target_recipient,ok
2026-08-19T14:30:57.978700883Z,FMD,multiple_signal_sender_scalability,flag_generation,sender,50,23,false,34167028,683340,gamma=8;p=2^-8;curve=P-256,fixed_target_recipient,ok
2026-08-19T14:30:58.018717347Z,FMD,multiple_signal_sender_scalability,flag_generation,sender,50,24,false,30887035,617740,gamma=8;p=2^-8;curve=P-256,fixed_target_recipient,ok
2026-08-19T14:30:58.061417465Z,FMD,multiple_signal_sender_scalability,flag_generation,sender,50,25,false,36606696,732133,gamma=8;p=2^-8;curve=P-256,fixed_target_recipient,ok
2026-08-19T14:30:58.103489155Z,FMD,multiple_signal_sender_scalability,flag_generation,sender,50,26,false,36059316,721186,gamma=8;p=2^-8;curve=P-256,fixed_target_recipient,ok
2026-08-19T14:30:58.142907728Z,FMD,multiple_signal_sender_scalability,flag_generation,sender,50,27,false,37588074,751761,gamma=8;p=2^-8;curve=P-256,fixed_target_recipient,ok
2026-08-19T14:30:58.187222986Z,FMD,multiple_signal_sender_scalability,flag_generation,sender,50,28,false,38687049,773740,gamma=8;p=2^-8;curve=P-256,fixed_target_recipient,ok
2026-08-19T14:30:58.231378023Z,FMD,multiple_signal_sender_scalability,flag_generation,sender,50,29,false,37896065,757921,gamma=8;p=2^-8;curve=P-256,fixed_target_recipient,ok
2026-08-19T14:30:58.271330917Z,FMD,multiple_signal_sender_scalability,flag_generation,sender,50,30,false,33782273,675645,gamma=8;p=2^-8;curve=P-256,fixed_target_recipient,ok
2026-08-19T14:30:58.307376006Z,FMD,multiple_signal_sender_scalability,flag_generation,sender,50,31,false,33819668,676393,gamma=8;p=2^-8;curve=P-256,fixed_target_recipient,ok
2026-08-19T14:30:58.347360115Z,FMD,multiple_signal_sender_scalability,flag_generation,sender,50,32,false,34170774,683415,gamma=8;p=2^-8;curve=P-256,fixed_target_recipient,ok
2026-08-19T14:30:58.384946315Z,FMD,multiple_signal_sender_scalability,flag_generation,sender,50,33,false,35282093,705641,gamma=8;p=2^-8;curve=P-256,fixed_target_recipient,ok
2026-08-19T14:30:58.42784831Z,FMD,multiple_signal_sender_scalability,flag_generation,sender,50,34,false,38427993,768559,gamma=8;p=2^-8;curve=P-256,fixed_target_recipient,ok
2026-08-19T14:30:58.465062081Z,FMD,multiple_signal_sender_scalability,flag_generation,sender,50,35,false,35169198,703383,gamma=8;p=2^-8;curve=P-256,fixed_target_recipient,ok
2026-08-19T14:30:58.507500324Z,FMD,multiple_signal_sender_scalability,flag_generation,sender,50,36,false,32862327,657246,gamma=8;p=2^-8;curve=P-256,fixed_target_recipient,ok
2026-08-19T14:30:58.547673233Z,FMD,multiple_signal_sender_scalability,flag_generation,sender,50,37,false,33102363,662047,gamma=8;p=2^-8;curve=P-256,fixed_target_recipient,ok
2026-08-19T14:30:58.582423465Z,FMD,multiple_signal_sender_scalability,flag_generation,sender,50,38,false,32396056,647921,gamma=8;p=2^-8;curve=P-256,fixed_target_recipient,ok
2026-08-19T14:30:58.624097526Z,FMD,multiple_signal_sender_scalability,flag_generation,sender,50,39,false,34743951,694879,gamma=8;p=2^-8;curve=P-256,fixed_target_recipient,ok
2026-08-19T14:30:58.634979052Z,FMD,multiple_signal_sender_scalability,flag_generation,sender,1000,46,false,724209597,724209,gamma=8;p=2^-8;curve=P-256,fixed_target_recipient,ok
2026-08-19T14:30:58.658570041Z,FMD,multiple_signal_sender_scalability,flag_generation,sender,50,40,false,29381382,587627,gamma=8;p=2^-8;curve=P-256,fixed_target_recipient,ok
2026-08-19T14:30:58.70345595Z,FMD,multiple_signal_sender_scalability,flag_generation,sender,50,41,false,34275911,685518,gamma=8;p=2^-8;curve=P-256,fixed_target_recipient,ok
2026-08-19T14:30:58.737914689Z,FMD,multiple_signal_sender_scalability,flag_generation,sender,50,42,false,32613160,652263,gamma=8;p=2^-8;curve=P-256,fixed_target_recipient,ok
2026-08-19T14:30:58.778525403Z,FMD,multiple_signal_sender_scalability,flag_generation,sender,50,43,false,33719325,674386,gamma=8;p=2^-8;curve=P-256,fixed_target_recipient,ok
2026-08-19T14:30:58.818049415Z,FMD,multiple_signal_sender_scalability,flag_generation,sender,50,44,false,32924895,658497,gamma=8;p=2^-8;curve=P-256,fixed_target_recipient,ok
2026-08-19T14:30:58.861166232Z,FMD,multiple_signal_sender_scalability,flag_generation,sender,50,45,false,35995020,719900,gamma=8;p=2^-8;curve=P-256,fixed_target_recipient,ok
2026-08-19T14:30:58.903659035Z,FMD,multiple_signal_sender_scalability,flag_generation,sender,50,46,false,40421762,808435,gamma=8;p=2^-8;curve=P-256,fixed_target_recipient,ok
2026-08-19T14:30:58.938658239Z,FMD,multiple_signal_sender_scalability,flag_generation,sender,50,47,false,32550527,651010,gamma=8;p=2^-8;curve=P-256,fixed_target_recipient,ok
2026-08-19T14:30:58.982142283Z,FMD,multiple_signal_sender_scalability,flag_generation,sender,50,48,false,37173555,743471,gamma=8;p=2^-8;curve=P-256,fixed_target_recipient,ok
2026-08-19T14:30:59.025866675Z,FMD,multiple_signal_sender_scalability,flag_generation,sender,50,49,false,34288410,685768,gamma=8;p=2^-8;curve=P-256,fixed_target_recipient,ok
2026-08-19T14:30:59.05908761Z,FMD,multiple_signal_sender_scalability,flag_generation,sender,50,50,false,30959404,619188,gamma=8;p=2^-8;curve=P-256,fixed_target_recipient,ok
2026-08-19T14:30:59.101687587Z,FMD,multiple_signal_sender_scalability,flag_generation,sender,50,51,false,36994095,739881,gamma=8;p=2^-8;curve=P-256,fixed_target_recipient,ok
2026-08-19T14:30:59.138470648Z,FMD,multiple_signal_sender_scalability,flag_generation,sender,50,52,false,34679960,693599,gamma=8;p=2^-8;curve=P-256,fixed_target_recipient,ok
2026-08-19T14:30:59.181645566Z,FMD,multiple_signal_sender_scalability,flag_generation,sender,50,53,false,36304880,726097,gamma=8;p=2^-8;curve=P-256,fixed_target_recipient,ok
2026-08-19T14:30:59.218202835Z,FMD,multiple_signal_sender_scalability,flag_generation,sender,50,54,false,34663355,693267,gamma=8;p=2^-8;curve=P-256,fixed_target_recipient,ok
2026-08-19T14:30:59.260351475Z,FMD,multiple_signal_sender_scalability,flag_generation,sender,50,55,false,35499793,709995,gamma=8;p=2^-8;curve=P-256,fixed_target_recipient,ok
2026-08-19T14:30:59.29968452Z,FMD,multiple_signal_sender_scalability,flag_generation,sender,50,56,false,37273070,745461,gamma=8;p=2^-8;curve=P-256,fixed_target_recipient,ok
2026-08-19T14:30:59.338002023Z,FMD,multiple_signal_sender_scalability,flag_generation,sender,50,57,false,36242431,724848,gamma=8;p=2^-8;curve=P-256,fixed_target_recipient,ok
2026-08-19T14:30:59.350456435Z,FMD,multiple_signal_sender_scalability,flag_generation,sender,1000,47,false,713702518,713702,gamma=8;p=2^-8;curve=P-256,fixed_target_recipient,ok
2026-08-19T14:30:59.377666887Z,FMD,multiple_signal_sender_scalability,flag_generation,sender,50,58,false,37697829,753956,gamma=8;p=2^-8;curve=P-256,fixed_target_recipient,ok
2026-08-19T14:30:59.416871184Z,FMD,multiple_signal_sender_scalability,flag_generation,sender,50,59,false,37012517,740250,gamma=8;p=2^-8;curve=P-256,fixed_target_recipient,ok
2026-08-19T14:30:59.455969666Z,FMD,multiple_signal_sender_scalability,flag_generation,sender,50,60,false,36886039,737720,gamma=8;p=2^-8;curve=P-256,fixed_target_recipient,ok
2026-08-19T14:30:59.497809595Z,FMD,multiple_signal_sender_scalability,flag_generation,sender,50,61,false,36428237,728564,gamma=8;p=2^-8;curve=P-256,fixed_target_recipient,ok
2026-08-19T14:30:59.536903126Z,FMD,multiple_signal_sender_scalability,flag_generation,sender,50,62,false,37235149,744702,gamma=8;p=2^-8;curve=P-256,fixed_target_recipient,ok
2026-08-19T14:30:59.577763495Z,FMD,multiple_signal_sender_scalability,flag_generation,sender,50,63,false,32890583,657811,gamma=8;p=2^-8;curve=P-256,fixed_target_recipient,ok
2026-08-19T14:30:59.617654325Z,FMD,multiple_signal_sender_scalability,flag_generation,sender,50,64,false,37740396,754807,gamma=8;p=2^-8;curve=P-256,fixed_target_recipient,ok
2026-08-19T14:30:59.657311373Z,FMD,multiple_signal_sender_scalability,flag_generation,sender,50,65,false,37342454,746849,gamma=8;p=2^-8;curve=P-256,fixed_target_recipient,ok
2026-08-19T14:30:59.696728165Z,FMD,multiple_signal_sender_scalability,flag_generation,sender,50,66,false,37473341,749466,gamma=8;p=2^-8;curve=P-256,fixed_target_recipient,ok
2026-08-19T14:30:59.73746088Z,FMD,multiple_signal_sender_scalability,flag_generation,sender,50,67,false,38866023,777320,gamma=8;p=2^-8;curve=P-256,fixed_target_recipient,ok
2026-08-19T14:30:59.774619254Z,FMD,multiple_signal_sender_scalability,flag_generation,sender,50,68,false,34613892,692277,gamma=8;p=2^-8;curve=P-256,fixed_target_recipient,ok
2026-08-19T14:30:59.814580322Z,FMD,multiple_signal_sender_scalability,flag_generation,sender,50,69,false,33499580,669991,gamma=8;p=2^-8;curve=P-256,fixed_target_recipient,ok
2026-08-19T14:30:59.856426898Z,FMD,multiple_signal_sender_scalability,flag_generation,sender,50,70,false,35299761,705995,gamma=8;p=2^-8;curve=P-256,fixed_target_recipient,ok
2026-08-19T14:30:59.899919327Z,FMD,multiple_signal_sender_scalability,flag_generation,sender,50,71,false,41297397,825947,gamma=8;p=2^-8;curve=P-256,fixed_target_recipient,ok
2026-08-19T14:30:59.93960219Z,FMD,multiple_signal_sender_scalability,flag_generation,sender,50,72,false,34880403,697608,gamma=8;p=2^-8;curve=P-256,fixed_target_recipient,ok
2026-08-19T14:30:59.979912626Z,FMD,multiple_signal_sender_scalability,flag_generation,sender,50,73,false,38418635,768372,gamma=8;p=2^-8;curve=P-256,fixed_target_recipient,ok
2026-08-19T14:31:00.01837786Z,FMD,multiple_signal_sender_scalability,flag_generation,sender,50,74,false,33568843,671376,gamma=8;p=2^-8;curve=P-256,fixed_target_recipient,ok
2026-08-19T14:31:00.060008351Z,FMD,multiple_signal_sender_scalability,flag_generation,sender,50,75,false,39551644,791032,gamma=8;p=2^-8;curve=P-256,fixed_target_recipient,ok
2026-08-19T14:31:00.074927053Z,FMD,multiple_signal_sender_scalability,flag_generation,sender,1000,48,false,717801721,717801,gamma=8;p=2^-8;curve=P-256,fixed_target_recipient,ok
2026-08-19T14:31:00.095546351Z,FMD,multiple_signal_sender_scalability,flag_generation,sender,50,76,false,33489715,669794,gamma=8;p=2^-8;curve=P-256,fixed_target_recipient,ok
2026-08-19T14:31:00.135682699Z,FMD,multiple_signal_sender_scalability,flag_generation,sender,50,77,false,35471086,709421,gamma=8;p=2^-8;curve=P-256,fixed_target_recipient,ok
2026-08-19T14:31:00.172716146Z,FMD,multiple_signal_sender_scalability,flag_generation,sender,50,78,false,32060206,641204,gamma=8;p=2^-8;curve=P-256,fixed_target_recipient,ok
2026-08-19T14:31:00.217690605Z,FMD,multiple_signal_sender_scalability,flag_generation,sender,50,79,false,40620066,812401,gamma=8;p=2^-8;curve=P-256,fixed_target_recipient,ok
2026-08-19T14:31:00.257746421Z,FMD,multiple_signal_sender_scalability,flag_generation,sender,50,80,false,37181607,743632,gamma=8;p=2^-8;curve=P-256,fixed_target_recipient,ok
2026-08-19T14:31:00.29789514Z,FMD,multiple_signal_sender_scalability,flag_generation,sender,50,81,false,38252391,765047,gamma=8;p=2^-8;curve=P-256,fixed_target_recipient,ok
2026-08-19T14:31:00.334434253Z,FMD,multiple_signal_sender_scalability,flag_generation,sender,50,82,false,34531623,690632,gamma=8;p=2^-8;curve=P-256,fixed_target_recipient,ok
2026-08-19T14:31:00.373433119Z,FMD,multiple_signal_sender_scalability,flag_generation,sender,50,83,false,32371822,647436,gamma=8;p=2^-8;curve=P-256,fixed_target_recipient,ok
2026-08-19T14:31:00.417732075Z,FMD,multiple_signal_sender_scalability,flag_generation,sender,50,84,false,36590220,731804,gamma=8;p=2^-8;curve=P-256,fixed_target_recipient,ok
2026-08-19T14:31:00.457393559Z,FMD,multiple_signal_sender_scalability,flag_generation,sender,50,85,false,37803121,756062,gamma=8;p=2^-8;curve=P-256,fixed_target_recipient,ok
2026-08-19T14:31:00.496806181Z,FMD,multiple_signal_sender_scalability,flag_generation,sender,50,86,false,37321303,746426,gamma=8;p=2^-8;curve=P-256,fixed_target_recipient,ok
2026-08-19T14:31:00.532517486Z,FMD,multiple_signal_sender_scalability,flag_generation,sender,50,87,false,33779747,675594,gamma=8;p=2^-8;curve=P-256,fixed_target_recipient,ok
2026-08-19T14:31:00.572420034Z,FMD,multiple_signal_sender_scalability,flag_generation,sender,50,88,false,31237073,624741,gamma=8;p=2^-8;curve=P-256,fixed_target_recipient,ok
2026-08-19T14:31:00.615220213Z,FMD,multiple_signal_sender_scalability,flag_generation,sender,50,89,false,33594416,671888,gamma=8;p=2^-8;curve=P-256,fixed_target_recipient,ok
2026-08-19T14:31:00.652805504Z,FMD,multiple_signal_sender_scalability,flag_generation,sender,50,90,false,35049120,700982,gamma=8;p=2^-8;curve=P-256,fixed_target_recipient,ok
2026-08-19T14:31:00.691705929Z,FMD,multiple_signal_sender_scalability,flag_generation,sender,50,91,false,36884551,737691,gamma=8;p=2^-8;curve=P-256,fixed_target_recipient,ok
2026-08-19T14:31:00.72611225Z,FMD,multiple_signal_sender_scalability,flag_generation,sender,50,92,false,32199534,643990,gamma=8;p=2^-8;curve=P-256,fixed_target_recipient,ok
2026-08-19T14:31:00.771280068Z,FMD,multiple_signal_sender_scalability,flag_generation,sender,50,93,false,34148431,682968,gamma=8;p=2^-8;curve=P-256,fixed_target_recipient,ok
2026-08-19T14:31:00.793321664Z,FMD,multiple_signal_sender_scalability,flag_generation,sender,1000,49,false,716477876,716477,gamma=8;p=2^-8;curve=P-256,fixed_target_recipient,ok
2026-08-19T14:31:00.808833096Z,FMD,multiple_signal_sender_scalability,flag_generation,sender,50,94,false,35441229,708824,gamma=8;p=2^-8;curve=P-256,fixed_target_recipient,ok
2026-08-19T14:31:00.849669514Z,FMD,multiple_signal_sender_scalability,flag_generation,sender,50,95,false,38639716,772794,gamma=8;p=2^-8;curve=P-256,fixed_target_recipient,ok
2026-08-19T14:31:00.896342243Z,FMD,multiple_signal_sender_scalability,flag_generation,sender,50,96,false,38657962,773159,gamma=8;p=2^-8;curve=P-256,fixed_target_recipient,ok
2026-08-19T14:31:00.93257167Z,FMD,multiple_signal_sender_scalability,flag_generation,sender,50,97,false,34308045,686160,gamma=8;p=2^-8;curve=P-256,fixed_target_recipient,ok
2026-08-19T14:31:00.975670758Z,FMD,multiple_signal_sender_scalability,flag_generation,sender,50,98,false,30278951,605579,gamma=8;p=2^-8;curve=P-256,fixed_target_recipient,ok
2026-08-19T14:31:01.013208904Z,FMD,multiple_signal_sender_scalability,flag_generation,sender,50,99,false,34628692,692573,gamma=8;p=2^-8;curve=P-256,fixed_target_recipient,ok
2026-08-19T14:31:01.095250662Z,FMD,multiple_signal_sender_scalability,flag_generation,sender,100,-20,true,71177718,711777,gamma=8;p=2^-8;curve=P-256,fixed_target_recipient,ok
2026-08-19T14:31:01.169948159Z,FMD,multiple_signal_sender_scalability,flag_generation,sender,100,-19,true,72758885,727588,gamma=8;p=2^-8;curve=P-256,fixed_target_recipient,ok
2026-08-19T14:31:01.251945476Z,FMD,multiple_signal_sender_scalability,flag_generation,sender,100,-18,true,74764887,747648,gamma=8;p=2^-8;curve=P-256,fixed_target_recipient,ok
2026-08-19T14:31:01.331811141Z,FMD,multiple_signal_sender_scalability,flag_generation,sender,100,-17,true,77515790,775157,gamma=8;p=2^-8;curve=P-256,fixed_target_recipient,ok
2026-08-19T14:31:01.406804616Z,FMD,multiple_signal_sender_scalability,flag_generation,sender,100,-16,true,73111400,731114,gamma=8;p=2^-8;curve=P-256,fixed_target_recipient,ok
2026-08-19T14:31:01.483089334Z,FMD,multiple_signal_sender_scalability,flag_generation,sender,100,-15,true,69971455,699714,gamma=8;p=2^-8;curve=P-256,fixed_target_recipient,ok
2026-08-19T14:31:01.51450871Z,FMD,multiple_signal_sender_scalability,flag_generation,sender,1000,50,false,713603935,713603,gamma=8;p=2^-8;curve=P-256,fixed_target_recipient,ok
2026-08-19T14:31:01.558282924Z,FMD,multiple_signal_sender_scalability,flag_generation,sender,100,-14,true,69368082,693680,gamma=8;p=2^-8;curve=P-256,fixed_target_recipient,ok
2026-08-19T14:31:01.636627003Z,FMD,multiple_signal_sender_scalability,flag_generation,sender,100,-13,true,76278705,762787,gamma=8;p=2^-8;curve=P-256,fixed_target_recipient,ok
2026-08-19T14:31:01.711641234Z,FMD,multiple_signal_sender_scalability,flag_generation,sender,100,-12,true,72890218,728902,gamma=8;p=2^-8;curve=P-256,fixed_target_recipient,ok
2026-08-19T14:31:01.786627649Z,FMD,multiple_signal_sender_scalability,flag_generation,sender,100,-11,true,72341252,723412,gamma=8;p=2^-8;curve=P-256,fixed_target_recipient,ok
2026-08-19T14:31:01.868889767Z,FMD,multiple_signal_sender_scalability,flag_generation,sender,100,-10,true,75544898,755448,gamma=8;p=2^-8;curve=P-256,fixed_target_recipient,ok
2026-08-19T14:31:01.947318185Z,FMD,multiple_signal_sender_scalability,flag_generation,sender,100,-9,true,72890861,728908,gamma=8;p=2^-8;curve=P-256,fixed_target_recipient,ok
2026-08-19T14:31:02.017922687Z,FMD,multiple_signal_sender_scalability,flag_generation,sender,100,-8,true,68886834,688868,gamma=8;p=2^-8;curve=P-256,fixed_target_recipient,ok
2026-08-19T14:31:02.095994697Z,FMD,multiple_signal_sender_scalability,flag_generation,sender,100,-7,true,70870089,708700,gamma=8;p=2^-8;curve=P-256,fixed_target_recipient,ok
2026-08-19T14:31:02.168190177Z,FMD,multiple_signal_sender_scalability,flag_generation,sender,100,-6,true,70199847,701998,gamma=8;p=2^-8;curve=P-256,fixed_target_recipient,ok
2026-08-19T14:31:02.249644743Z,FMD,multiple_signal_sender_scalability,flag_generation,sender,1000,51,false,728663277,728663,gamma=8;p=2^-8;curve=P-256,fixed_target_recipient,ok
2026-08-19T14:31:02.250578108Z,FMD,multiple_signal_sender_scalability,flag_generation,sender,100,-5,true,73562181,735621,gamma=8;p=2^-8;curve=P-256,fixed_target_recipient,ok
2026-08-19T14:31:02.331821255Z,FMD,multiple_signal_sender_scalability,flag_generation,sender,100,-4,true,76184181,761841,gamma=8;p=2^-8;curve=P-256,fixed_target_recipient,ok
2026-08-19T14:31:02.405363012Z,FMD,multiple_signal_sender_scalability,flag_generation,sender,100,-3,true,71566127,715661,gamma=8;p=2^-8;curve=P-256,fixed_target_recipient,ok
2026-08-19T14:31:02.481725383Z,FMD,multiple_signal_sender_scalability,flag_generation,sender,100,-2,true,68634174,686341,gamma=8;p=2^-8;curve=P-256,fixed_target_recipient,ok
2026-08-19T14:31:02.564514002Z,FMD,multiple_signal_sender_scalability,flag_generation,sender,100,-1,true,75995652,759956,gamma=8;p=2^-8;curve=P-256,fixed_target_recipient,ok
2026-08-19T14:31:02.638274077Z,FMD,multiple_signal_sender_scalability,flag_generation,sender,100,0,false,71383471,713834,gamma=8;p=2^-8;curve=P-256,fixed_target_recipient,ok
2026-08-19T14:31:02.715666908Z,FMD,multiple_signal_sender_scalability,flag_generation,sender,100,1,false,75551146,755511,gamma=8;p=2^-8;curve=P-256,fixed_target_recipient,ok
2026-08-19T14:31:02.78989563Z,FMD,multiple_signal_sender_scalability,flag_generation,sender,100,2,false,72348850,723488,gamma=8;p=2^-8;curve=P-256,fixed_target_recipient,ok
2026-08-19T14:31:02.868128827Z,FMD,multiple_signal_sender_scalability,flag_generation,sender,100,3,false,71154055,711540,gamma=8;p=2^-8;curve=P-256,fixed_target_recipient,ok
2026-08-19T14:31:02.943741659Z,FMD,multiple_signal_sender_scalability,flag_generation,sender,100,4,false,71680140,716801,gamma=8;p=2^-8;curve=P-256,fixed_target_recipient,ok
2026-08-19T14:31:02.985288653Z,FMD,multiple_signal_sender_scalability,flag_generation,sender,1000,52,false,732936458,732936,gamma=8;p=2^-8;curve=P-256,fixed_target_recipient,ok
2026-08-19T14:31:03.016161133Z,FMD,multiple_signal_sender_scalability,flag_generation,sender,100,5,false,70471825,704718,gamma=8;p=2^-8;curve=P-256,fixed_target_recipient,ok
2026-08-19T14:31:03.095011338Z,FMD,multiple_signal_sender_scalability,flag_generation,sender,100,6,false,73939305,739393,gamma=8;p=2^-8;curve=P-256,fixed_target_recipient,ok
2026-08-19T14:31:03.168343328Z,FMD,multiple_signal_sender_scalability,flag_generation,sender,100,7,false,71232820,712328,gamma=8;p=2^-8;curve=P-256,fixed_target_recipient,ok
2026-08-19T14:31:03.251857441Z,FMD,multiple_signal_sender_scalability,flag_generation,sender,100,8,false,75211314,752113,gamma=8;p=2^-8;curve=P-256,fixed_target_recipient,ok
2026-08-19T14:31:03.322781503Z,FMD,multiple_signal_sender_scalability,flag_generation,sender,100,9,false,69119636,691196,gamma=8;p=2^-8;curve=P-256,fixed_target_recipient,ok
2026-08-19T14:31:03.397426617Z,FMD,multiple_signal_sender_scalability,flag_generation,sender,100,10,false,70053789,700537,gamma=8;p=2^-8;curve=P-256,fixed_target_recipient,ok
2026-08-19T14:31:03.470922409Z,FMD,multiple_signal_sender_scalability,flag_generation,sender,100,11,false,65602920,656029,gamma=8;p=2^-8;curve=P-256,fixed_target_recipient,ok
2026-08-19T14:31:03.552729953Z,FMD,multiple_signal_sender_scalability,flag_generation,sender,100,12,false,75639313,756393,gamma=8;p=2^-8;curve=P-256,fixed_target_recipient,ok
2026-08-19T14:31:03.632362745Z,FMD,multiple_signal_sender_scalability,flag_generation,sender,100,13,false,77799830,777998,gamma=8;p=2^-8;curve=P-256,fixed_target_recipient,ok
2026-08-19T14:31:03.707223396Z,FMD,multiple_signal_sender_scalability,flag_generation,sender,100,14,false,68830735,688307,gamma=8;p=2^-8;curve=P-256,fixed_target_recipient,ok
2026-08-19T14:31:03.721211682Z,FMD,multiple_signal_sender_scalability,flag_generation,sender,1000,53,false,728098411,728098,gamma=8;p=2^-8;curve=P-256,fixed_target_recipient,ok
2026-08-19T14:31:03.779042466Z,FMD,multiple_signal_sender_scalability,flag_generation,sender,100,15,false,69679877,696798,gamma=8;p=2^-8;curve=P-256,fixed_target_recipient,ok
2026-08-19T14:31:03.859533114Z,FMD,multiple_signal_sender_scalability,flag_generation,sender,100,16,false,74377242,743772,gamma=8;p=2^-8;curve=P-256,fixed_target_recipient,ok
2026-08-19T14:31:03.935005307Z,FMD,multiple_signal_sender_scalability,flag_generation,sender,100,17,false,73824974,738249,gamma=8;p=2^-8;curve=P-256,fixed_target_recipient,ok
2026-08-19T14:31:04.011383876Z,FMD,multiple_signal_sender_scalability,flag_generation,sender,100,18,false,70056738,700567,gamma=8;p=2^-8;curve=P-256,fixed_target_recipient,ok
2026-08-19T14:31:04.086258823Z,FMD,multiple_signal_sender_scalability,flag_generation,sender,100,19,false,69000449,690004,gamma=8;p=2^-8;curve=P-256,fixed_target_recipient,ok
2026-08-19T14:31:04.168424229Z,FMD,multiple_signal_sender_scalability,flag_generation,sender,100,20,false,75439325,754393,gamma=8;p=2^-8;curve=P-256,fixed_target_recipient,ok
2026-08-19T14:31:04.242515983Z,FMD,multiple_signal_sender_scalability,flag_generation,sender,100,21,false,72325852,723258,gamma=8;p=2^-8;curve=P-256,fixed_target_recipient,ok
2026-08-19T14:31:04.322193093Z,FMD,multiple_signal_sender_scalability,flag_generation,sender,100,22,false,73203031,732030,gamma=8;p=2^-8;curve=P-256,fixed_target_recipient,ok
2026-08-19T14:31:04.402794515Z,FMD,multiple_signal_sender_scalability,flag_generation,sender,100,23,false,74477822,744778,gamma=8;p=2^-8;curve=P-256,fixed_target_recipient,ok
2026-08-19T14:31:04.458920099Z,FMD,multiple_signal_sender_scalability,flag_generation,sender,1000,54,false,734160084,734160,gamma=8;p=2^-8;curve=P-256,fixed_target_recipient,ok
2026-08-19T14:31:04.477341296Z,FMD,multiple_signal_sender_scalability,flag_generation,sender,100,24,false,72405945,724059,gamma=8;p=2^-8;curve=P-256,fixed_target_recipient,ok
2026-08-19T14:31:04.553802381Z,FMD,multiple_signal_sender_scalability,flag_generation,sender,100,25,false,68903477,689034,gamma=8;p=2^-8;curve=P-256,fixed_target_recipient,ok
2026-08-19T14:31:04.63155115Z,FMD,multiple_signal_sender_scalability,flag_generation,sender,100,26,false,72483402,724834,gamma=8;p=2^-8;curve=P-256,fixed_target_recipient,ok
2026-08-19T14:31:04.708516064Z,FMD,multiple_signal_sender_scalability,flag_generation,sender,100,27,false,74073882,740738,gamma=8;p=2^-8;curve=P-256,fixed_target_recipient,ok
2026-08-19T14:31:04.785587318Z,FMD,multiple_signal_sender_scalability,flag_generation,sender,100,28,false,75157844,751578,gamma=8;p=2^-8;curve=P-256,fixed_target_recipient,ok
2026-08-19T14:31:04.855044531Z,FMD,multiple_signal_sender_scalability,flag_generation,sender,100,29,false,67006918,670069,gamma=8;p=2^-8;curve=P-256,fixed_target_recipient,ok
2026-08-19T14:31:04.939694275Z,FMD,multiple_signal_sender_scalability,flag_generation,sender,100,30,false,70101626,701016,gamma=8;p=2^-8;curve=P-256,fixed_target_recipient,ok
2026-08-19T14:31:05.014492097Z,FMD,multiple_signal_sender_scalability,flag_generation,sender,100,31,false,72960424,729604,gamma=8;p=2^-8;curve=P-256,fixed_target_recipient,ok
2026-08-19T14:31:05.086975003Z,FMD,multiple_signal_sender_scalability,flag_generation,sender,100,32,false,65828273,658282,gamma=8;p=2^-8;curve=P-256,fixed_target_recipient,ok
2026-08-19T14:31:05.168968004Z,FMD,multiple_signal_sender_scalability,flag_generation,sender,100,33,false,72021732,720217,gamma=8;p=2^-8;curve=P-256,fixed_target_recipient,ok
2026-08-19T14:31:05.186508819Z,FMD,multiple_signal_sender_scalability,flag_generation,sender,1000,55,false,721718557,721718,gamma=8;p=2^-8;curve=P-256,fixed_target_recipient,ok
2026-08-19T14:31:05.242716501Z,FMD,multiple_signal_sender_scalability,flag_generation,sender,100,34,false,71922341,719223,gamma=8;p=2^-8;curve=P-256,fixed_target_recipient,ok
2026-08-19T14:31:05.322017203Z,FMD,multiple_signal_sender_scalability,flag_generation,sender,100,35,false,77297685,772976,gamma=8;p=2^-8;curve=P-256,fixed_target_recipient,ok
2026-08-19T14:31:05.397542378Z,FMD,multiple_signal_sender_scalability,flag_generation,sender,100,36,false,73150749,731507,gamma=8;p=2^-8;curve=P-256,fixed_target_recipient,ok
2026-08-19T14:31:05.476144015Z,FMD,multiple_signal_sender_scalability,flag_generation,sender,100,37,false,76364001,763640,gamma=8;p=2^-8;curve=P-256,fixed_target_recipient,ok
2026-08-19T14:31:05.550200936Z,FMD,multiple_signal_sender_scalability,flag_generation,sender,100,38,false,72173266,721732,gamma=8;p=2^-8;curve=P-256,fixed_target_recipient,ok
2026-08-19T14:31:05.621837143Z,FMD,multiple_signal_sender_scalability,flag_generation,sender,100,39,false,68956466,689564,gamma=8;p=2^-8;curve=P-256,fixed_target_recipient,ok
2026-08-19T14:31:05.701379321Z,FMD,multiple_signal_sender_scalability,flag_generation,sender,100,40,false,76479942,764799,gamma=8;p=2^-8;curve=P-256,fixed_target_recipient,ok
2026-08-19T14:31:05.775856372Z,FMD,multiple_signal_sender_scalability,flag_generation,sender,100,41,false,72588566,725885,gamma=8;p=2^-8;curve=P-256,fixed_target_recipient,ok
2026-08-19T14:31:05.853540436Z,FMD,multiple_signal_sender_scalability,flag_generation,sender,100,42,false,72526221,725262,gamma=8;p=2^-8;curve=P-256,fixed_target_recipient,ok
2026-08-19T14:31:05.922367126Z,FMD,multiple_signal_sender_scalability,flag_generation,sender,1000,56,false,729994640,729994,gamma=8;p=2^-8;curve=P-256,fixed_target_recipient,ok
2026-08-19T14:31:05.927069344Z,FMD,multiple_signal_sender_scalability,flag_generation,sender,100,43,false,71519784,715197,gamma=8;p=2^-8;curve=P-256,fixed_target_recipient,ok
2026-08-19T14:31:06.00423284Z,FMD,multiple_signal_sender_scalability,flag_generation,sender,100,44,false,68567149,685671,gamma=8;p=2^-8;curve=P-256,fixed_target_recipient,ok
2026-08-19T14:31:06.088762068Z,FMD,multiple_signal_sender_scalability,flag_generation,sender,100,45,false,73099073,730990,gamma=8;p=2^-8;curve=P-256,fixed_target_recipient,ok
2026-08-19T14:31:06.16353522Z,FMD,multiple_signal_sender_scalability,flag_generation,sender,100,46,false,72275085,722750,gamma=8;p=2^-8;curve=P-256,fixed_target_recipient,ok
2026-08-19T14:31:06.236567573Z,FMD,multiple_signal_sender_scalability,flag_generation,sender,100,47,false,70885426,708854,gamma=8;p=2^-8;curve=P-256,fixed_target_recipient,ok
2026-08-19T14:31:06.316678774Z,FMD,multiple_signal_sender_scalability,flag_generation,sender,100,48,false,75601071,756010,gamma=8;p=2^-8;curve=P-256,fixed_target_recipient,ok
2026-08-19T14:31:06.399149093Z,FMD,multiple_signal_sender_scalability,flag_generation,sender,100,49,false,74133128,741331,gamma=8;p=2^-8;curve=P-256,fixed_target_recipient,ok
2026-08-19T14:31:06.48047063Z,FMD,multiple_signal_sender_scalability,flag_generation,sender,100,50,false,74909815,749098,gamma=8;p=2^-8;curve=P-256,fixed_target_recipient,ok
2026-08-19T14:31:06.556927647Z,FMD,multiple_signal_sender_scalability,flag_generation,sender,100,51,false,73776412,737764,gamma=8;p=2^-8;curve=P-256,fixed_target_recipient,ok
2026-08-19T14:31:06.636268183Z,FMD,multiple_signal_sender_scalability,flag_generation,sender,100,52,false,77131519,771315,gamma=8;p=2^-8;curve=P-256,fixed_target_recipient,ok
2026-08-19T14:31:06.65315582Z,FMD,multiple_signal_sender_scalability,flag_generation,sender,1000,57,false,724007404,724007,gamma=8;p=2^-8;curve=P-256,fixed_target_recipient,ok
2026-08-19T14:31:06.706884321Z,FMD,multiple_signal_sender_scalability,flag_generation,sender,100,53,false,68849181,688491,gamma=8;p=2^-8;curve=P-256,fixed_target_recipient,ok
2026-08-19T14:31:06.784968628Z,FMD,multiple_signal_sender_scalability,flag_generation,sender,100,54,false,72740428,727404,gamma=8;p=2^-8;curve=P-256,fixed_target_recipient,ok
2026-08-19T14:31:06.858378461Z,FMD,multiple_signal_sender_scalability,flag_generation,sender,100,55,false,66303846,663038,gamma=8;p=2^-8;curve=P-256,fixed_target_recipient,ok
2026-08-19T14:31:06.93431572Z,FMD,multiple_signal_sender_scalability,flag_generation,sender,100,56,false,67206324,672063,gamma=8;p=2^-8;curve=P-256,fixed_target_recipient,ok
2026-08-19T14:31:07.013842309Z,FMD,multiple_signal_sender_scalability,flag_generation,sender,100,57,false,72635566,726355,gamma=8;p=2^-8;curve=P-256,fixed_target_recipient,ok
2026-08-19T14:31:07.091746244Z,FMD,multiple_signal_sender_scalability,flag_generation,sender,100,58,false,75921381,759213,gamma=8;p=2^-8;curve=P-256,fixed_target_recipient,ok
2026-08-19T14:31:07.165912836Z,FMD,multiple_signal_sender_scalability,flag_generation,sender,100,59,false,71786278,717862,gamma=8;p=2^-8;curve=P-256,fixed_target_recipient,ok
2026-08-19T14:31:07.243651117Z,FMD,multiple_signal_sender_scalability,flag_generation,sender,100,60,false,70765733,707657,gamma=8;p=2^-8;curve=P-256,fixed_target_recipient,ok
2026-08-19T14:31:07.318999635Z,FMD,multiple_signal_sender_scalability,flag_generation,sender,100,61,false,73205100,732051,gamma=8;p=2^-8;curve=P-256,fixed_target_recipient,ok
2026-08-19T14:31:07.378740822Z,FMD,multiple_signal_sender_scalability,flag_generation,sender,1000,58,false,717838860,717838,gamma=8;p=2^-8;curve=P-256,fixed_target_recipient,ok
2026-08-19T14:31:07.39627442Z,FMD,multiple_signal_sender_scalability,flag_generation,sender,100,62,false,71260500,712605,gamma=8;p=2^-8;curve=P-256,fixed_target_recipient,ok
2026-08-19T14:31:07.472166036Z,FMD,multiple_signal_sender_scalability,flag_generation,sender,100,63,false,72919749,729197,gamma=8;p=2^-8;curve=P-256,fixed_target_recipient,ok
2026-08-19T14:31:07.547913712Z,FMD,multiple_signal_sender_scalability,flag_generation,sender,100,64,false,72441621,724416,gamma=8;p=2^-8;curve=P-256,fixed_target_recipient,ok
2026-08-19T14:31:07.625884526Z,FMD,multiple_signal_sender_scalability,flag_generation,sender,100,65,false,72793905,727939,gamma=8;p=2^-8;curve=P-256,fixed_target_recipient,ok
2026-08-19T14:31:07.701726807Z,FMD,multiple_signal_sender_scalability,flag_generation,sender,100,66,false,71507569,715075,gamma=8;p=2^-8;curve=P-256,fixed_target_recipient,ok
2026-08-19T14:31:07.77798184Z,FMD,multiple_signal_sender_scalability,flag_generation,sender,100,67,false,74195652,741956,gamma=8;p=2^-8;curve=P-256,fixed_target_recipient,ok
2026-08-19T14:31:07.852985636Z,FMD,multiple_signal_sender_scalability,flag_generation,sender,100,68,false,73028376,730283,gamma=8;p=2^-8;curve=P-256,fixed_target_recipient,ok
2026-08-19T14:31:07.930383628Z,FMD,multiple_signal_sender_scalability,flag_generation,sender,100,69,false,73248619,732486,gamma=8;p=2^-8;curve=P-256,fixed_target_recipient,ok
2026-08-19T14:31:08.005093516Z,FMD,multiple_signal_sender_scalability,flag_generation,sender,100,70,false,72624603,726246,gamma=8;p=2^-8;curve=P-256,fixed_target_recipient,ok
2026-08-19T14:31:08.083096987Z,FMD,multiple_signal_sender_scalability,flag_generation,sender,100,71,false,70381274,703812,gamma=8;p=2^-8;curve=P-256,fixed_target_recipient,ok
2026-08-19T14:31:08.113797333Z,FMD,multiple_signal_sender_scalability,flag_generation,sender,1000,59,false,730130163,730130,gamma=8;p=2^-8;curve=P-256,fixed_target_recipient,ok
2026-08-19T14:31:08.156590537Z,FMD,multiple_signal_sender_scalability,flag_generation,sender,100,72,false,68798909,687989,gamma=8;p=2^-8;curve=P-256,fixed_target_recipient,ok
2026-08-19T14:31:08.236965184Z,FMD,multiple_signal_sender_scalability,flag_generation,sender,100,73,false,72183579,721835,gamma=8;p=2^-8;curve=P-256,fixed_target_recipient,ok
2026-08-19T14:31:08.314999596Z,FMD,multiple_signal_sender_scalability,flag_generation,sender,100,74,false,71764460,717644,gamma=8;p=2^-8;curve=P-256,fixed_target_recipient,ok
2026-08-19T14:31:08.393369093Z,FMD,multiple_signal_sender_scalability,flag_generation,sender,100,75,false,72584587,725845,gamma=8;p=2^-8;curve=P-256,fixed_target_recipient,ok
2026-08-19T14:31:08.47356887Z,FMD,multiple_signal_sender_scalability,flag_generation,sender,100,76,false,78133567,781335,gamma=8;p=2^-8;curve=P-256,fixed_target_recipient,ok
2026-08-19T14:31:08.546099934Z,FMD,multiple_signal_sender_scalability,flag_generation,sender,100,77,false,70794275,707942,gamma=8;p=2^-8;curve=P-256,fixed_target_recipient,ok
2026-08-19T14:31:08.622273007Z,FMD,multiple_signal_sender_scalability,flag_generation,sender,100,78,false,69415196,694151,gamma=8;p=2^-8;curve=P-256,fixed_target_recipient,ok
2026-08-19T14:31:08.700781437Z,FMD,multiple_signal_sender_scalability,flag_generation,sender,100,79,false,72415596,724155,gamma=8;p=2^-8;curve=P-256,fixed_target_recipient,ok
2026-08-19T14:31:08.775023062Z,FMD,multiple_signal_sender_scalability,flag_generation,sender,100,80,false,70223616,702236,gamma=8;p=2^-8;curve=P-256,fixed_target_recipient,ok
2026-08-19T14:31:08.850227761Z,FMD,multiple_signal_sender_scalability,flag_generation,sender,1000,60,false,732959377,732959,gamma=8;p=2^-8;curve=P-256,fixed_target_recipient,ok
2026-08-19T14:31:08.855357704Z,FMD,multiple_signal_sender_scalability,flag_generation,sender,100,81,false,71349923,713499,gamma=8;p=2^-8;curve=P-256,fixed_target_recipient,ok
2026-08-19T14:31:08.925708547Z,FMD,multiple_signal_sender_scalability,flag_generation,sender,100,82,false,68362951,683629,gamma=8;p=2^-8;curve=P-256,fixed_target_recipient,ok
2026-08-19T14:31:09.009267124Z,FMD,multiple_signal_sender_scalability,flag_generation,sender,100,83,false,73593031,735930,gamma=8;p=2^-8;curve=P-256,fixed_target_recipient,ok
2026-08-19T14:31:09.084435915Z,FMD,multiple_signal_sender_scalability,flag_generation,sender,100,84,false,68443003,684430,gamma=8;p=2^-8;curve=P-256,fixed_target_recipient,ok
2026-08-19T14:31:09.161489939Z,FMD,multiple_signal_sender_scalability,flag_generation,sender,100,85,false,75050190,750501,gamma=8;p=2^-8;curve=P-256,fixed_target_recipient,ok
2026-08-19T14:31:09.236571989Z,FMD,multiple_signal_sender_scalability,flag_generation,sender,100,86,false,73443096,734430,gamma=8;p=2^-8;curve=P-256,fixed_target_recipient,ok
2026-08-19T14:31:09.310635275Z,FMD,multiple_signal_sender_scalability,flag_generation,sender,100,87,false,65903526,659035,gamma=8;p=2^-8;curve=P-256,fixed_target_recipient,ok
2026-08-19T14:31:09.391738688Z,FMD,multiple_signal_sender_scalability,flag_generation,sender,100,88,false,75083481,750834,gamma=8;p=2^-8;curve=P-256,fixed_target_recipient,ok
2026-08-19T14:31:09.456942604Z,FMD,multiple_signal_sender_scalability,flag_generation,sender,100,89,false,62937913,629379,gamma=8;p=2^-8;curve=P-256,fixed_target_recipient,ok
2026-08-19T14:31:09.535906449Z,FMD,multiple_signal_sender_scalability,flag_generation,sender,100,90,false,70866489,708664,gamma=8;p=2^-8;curve=P-256,fixed_target_recipient,ok
2026-08-19T14:31:09.581159002Z,FMD,multiple_signal_sender_scalability,flag_generation,sender,1000,61,false,728667157,728667,gamma=8;p=2^-8;curve=P-256,fixed_target_recipient,ok
2026-08-19T14:31:09.610413107Z,FMD,multiple_signal_sender_scalability,flag_generation,sender,100,91,false,69081071,690810,gamma=8;p=2^-8;curve=P-256,fixed_target_recipient,ok
2026-08-19T14:31:09.6887348Z,FMD,multiple_signal_sender_scalability,flag_generation,sender,100,92,false,73011537,730115,gamma=8;p=2^-8;curve=P-256,fixed_target_recipient,ok
2026-08-19T14:31:09.763624699Z,FMD,multiple_signal_sender_scalability,flag_generation,sender,100,93,false,68860992,688609,gamma=8;p=2^-8;curve=P-256,fixed_target_recipient,ok
2026-08-19T14:31:09.840849566Z,FMD,multiple_signal_sender_scalability,flag_generation,sender,100,94,false,75265005,752650,gamma=8;p=2^-8;curve=P-256,fixed_target_recipient,ok
2026-08-19T14:31:09.916883457Z,FMD,multiple_signal_sender_scalability,flag_generation,sender,100,95,false,74150879,741508,gamma=8;p=2^-8;curve=P-256,fixed_target_recipient,ok
2026-08-19T14:31:09.995134307Z,FMD,multiple_signal_sender_scalability,flag_generation,sender,100,96,false,69501318,695013,gamma=8;p=2^-8;curve=P-256,fixed_target_recipient,ok
2026-08-19T14:31:10.069888734Z,FMD,multiple_signal_sender_scalability,flag_generation,sender,100,97,false,72357361,723573,gamma=8;p=2^-8;curve=P-256,fixed_target_recipient,ok
2026-08-19T14:31:10.148775307Z,FMD,multiple_signal_sender_scalability,flag_generation,sender,100,98,false,71559146,715591,gamma=8;p=2^-8;curve=P-256,fixed_target_recipient,ok
2026-08-19T14:31:10.225658488Z,FMD,multiple_signal_sender_scalability,flag_generation,sender,100,99,false,74976042,749760,gamma=8;p=2^-8;curve=P-256,fixed_target_recipient,ok
2026-08-19T14:31:10.313586169Z,FMD,multiple_signal_sender_scalability,flag_generation,sender,1000,62,false,730231287,730231,gamma=8;p=2^-8;curve=P-256,fixed_target_recipient,ok
2026-08-19T14:31:10.611707024Z,FMD,multiple_signal_sender_scalability,flag_generation,sender,500,-20,true,379075577,758151,gamma=8;p=2^-8;curve=P-256,fixed_target_recipient,ok
2026-08-19T14:31:10.977892182Z,FMD,multiple_signal_sender_scalability,flag_generation,sender,500,-19,true,364299170,728598,gamma=8;p=2^-8;curve=P-256,fixed_target_recipient,ok
2026-08-19T14:31:11.05592922Z,FMD,multiple_signal_sender_scalability,flag_generation,sender,1000,63,false,740189980,740189,gamma=8;p=2^-8;curve=P-256,fixed_target_recipient,ok
2026-08-19T14:31:11.34760535Z,FMD,multiple_signal_sender_scalability,flag_generation,sender,500,-18,true,362711775,725423,gamma=8;p=2^-8;curve=P-256,fixed_target_recipient,ok
2026-08-19T14:31:11.71907298Z,FMD,multiple_signal_sender_scalability,flag_generation,sender,500,-17,true,366018375,732036,gamma=8;p=2^-8;curve=P-256,fixed_target_recipient,ok
2026-08-19T14:31:11.798751735Z,FMD,multiple_signal_sender_scalability,flag_generation,sender,1000,64,false,737848568,737848,gamma=8;p=2^-8;curve=P-256,fixed_target_recipient,ok
2026-08-19T14:31:12.096244051Z,FMD,multiple_signal_sender_scalability,flag_generation,sender,500,-16,true,371382073,742764,gamma=8;p=2^-8;curve=P-256,fixed_target_recipient,ok
2026-08-19T14:31:12.466588477Z,FMD,multiple_signal_sender_scalability,flag_generation,sender,500,-15,true,368581951,737163,gamma=8;p=2^-8;curve=P-256,fixed_target_recipient,ok
2026-08-19T14:31:12.546568057Z,FMD,multiple_signal_sender_scalability,flag_generation,sender,1000,65,false,745838937,745838,gamma=8;p=2^-8;curve=P-256,fixed_target_recipient,ok
2026-08-19T14:31:12.85424081Z,FMD,multiple_signal_sender_scalability,flag_generation,sender,500,-14,true,381136293,762272,gamma=8;p=2^-8;curve=P-256,fixed_target_recipient,ok
2026-08-19T14:31:13.236554028Z,FMD,multiple_signal_sender_scalability,flag_generation,sender,500,-13,true,376978826,753957,gamma=8;p=2^-8;curve=P-256,fixed_target_recipient,ok
2026-08-19T14:31:13.303388751Z,FMD,multiple_signal_sender_scalability,flag_generation,sender,1000,66,false,750435119,750435,gamma=8;p=2^-8;curve=P-256,fixed_target_recipient,ok
2026-08-19T14:31:13.61292004Z,FMD,multiple_signal_sender_scalability,flag_generation,sender,500,-12,true,374413589,748827,gamma=8;p=2^-8;curve=P-256,fixed_target_recipient,ok
2026-08-19T14:31:13.989170841Z,FMD,multiple_signal_sender_scalability,flag_generation,sender,500,-11,true,374010789,748021,gamma=8;p=2^-8;curve=P-256,fixed_target_recipient,ok
2026-08-19T14:31:14.056969739Z,FMD,multiple_signal_sender_scalability,flag_generation,sender,1000,67,false,747572883,747572,gamma=8;p=2^-8;curve=P-256,fixed_target_recipient,ok
2026-08-19T14:31:14.365059001Z,FMD,multiple_signal_sender_scalability,flag_generation,sender,500,-10,true,368310265,736620,gamma=8;p=2^-8;curve=P-256,fixed_target_recipient,ok
2026-08-19T14:31:14.749724706Z,FMD,multiple_signal_sender_scalability,flag_generation,sender,500,-9,true,376820186,753640,gamma=8;p=2^-8;curve=P-256,fixed_target_recipient,ok
2026-08-19T14:31:14.813991197Z,FMD,multiple_signal_sender_scalability,flag_generation,sender,1000,68,false,749205943,749205,gamma=8;p=2^-8;curve=P-256,fixed_target_recipient,ok
2026-08-19T14:31:15.127791232Z,FMD,multiple_signal_sender_scalability,flag_generation,sender,500,-8,true,370409063,740818,gamma=8;p=2^-8;curve=P-256,fixed_target_recipient,ok
2026-08-19T14:31:15.511570047Z,FMD,multiple_signal_sender_scalability,flag_generation,sender,500,-7,true,376616082,753232,gamma=8;p=2^-8;curve=P-256,fixed_target_recipient,ok
2026-08-19T14:31:15.574782325Z,FMD,multiple_signal_sender_scalability,flag_generation,sender,1000,69,false,758749502,758749,gamma=8;p=2^-8;curve=P-256,fixed_target_recipient,ok
2026-08-19T14:31:15.8831453Z,FMD,multiple_signal_sender_scalability,flag_generation,sender,500,-6,true,369388524,738777,gamma=8;p=2^-8;curve=P-256,fixed_target_recipient,ok
2026-08-19T14:31:16.258103855Z,FMD,multiple_signal_sender_scalability,flag_generation,sender,500,-5,true,368894052,737788,gamma=8;p=2^-8;curve=P-256,fixed_target_recipient,ok
2026-08-19T14:31:16.325274409Z,FMD,multiple_signal_sender_scalability,flag_generation,sender,1000,70,false,741605135,741605,gamma=8;p=2^-8;curve=P-256,fixed_target_recipient,ok
2026-08-19T14:31:16.638975314Z,FMD,multiple_signal_sender_scalability,flag_generation,sender,500,-4,true,374415040,748830,gamma=8;p=2^-8;curve=P-256,fixed_target_recipient,ok
2026-08-19T14:31:17.019532089Z,FMD,multiple_signal_sender_scalability,flag_generation,sender,500,-3,true,374350302,748700,gamma=8;p=2^-8;curve=P-256,fixed_target_recipient,ok
2026-08-19T14:31:17.081549043Z,FMD,multiple_signal_sender_scalability,flag_generation,sender,1000,71,false,748256709,748256,gamma=8;p=2^-8;curve=P-256,fixed_target_recipient,ok
2026-08-19T14:31:17.399129366Z,FMD,multiple_signal_sender_scalability,flag_generation,sender,500,-2,true,377654837,755309,gamma=8;p=2^-8;curve=P-256,fixed_target_recipient,ok
2026-08-19T14:31:20.710015343Z,FMD,multiple_signal_sender_scalability,flag_generation,sender,500,-1,true,374510546,749021,gamma=8;p=2^-8;curve=P-256,fixed_target_recipient,ok
2026-08-19T14:31:20.772548366Z,FMD,multiple_signal_sender_scalability,flag_generation,sender,1000,72,false,757127598,757127,gamma=8;p=2^-8;curve=P-256,fixed_target_recipient,ok
2026-08-19T14:31:21.089731596Z,FMD,multiple_signal_sender_scalability,flag_generation,sender,500,0,false,373202886,746405,gamma=8;p=2^-8;curve=P-256,fixed_target_recipient,ok
2026-08-19T14:31:21.467064301Z,FMD,multiple_signal_sender_scalability,flag_generation,sender,500,1,false,366967315,733934,gamma=8;p=2^-8;curve=P-256,fixed_target_recipient,ok
2026-08-19T14:31:21.521394894Z,FMD,multiple_signal_sender_scalability,flag_generation,sender,1000,73,false,747096240,747096,gamma=8;p=2^-8;curve=P-256,fixed_target_recipient,ok
2026-08-19T14:31:21.844912692Z,FMD,multiple_signal_sender_scalability,flag_generation,sender,500,2,false,375659587,751319,gamma=8;p=2^-8;curve=P-256,fixed_target_recipient,ok
2026-08-19T14:31:22.217129243Z,FMD,multiple_signal_sender_scalability,flag_generation,sender,500,3,false,370047740,740095,gamma=8;p=2^-8;curve=P-256,fixed_target_recipient,ok
2026-08-19T14:31:22.272956343Z,FMD,multiple_signal_sender_scalability,flag_generation,sender,1000,74,false,749326184,749326,gamma=8;p=2^-8;curve=P-256,fixed_target_recipient,ok
2026-08-19T14:31:22.59661994Z,FMD,multiple_signal_sender_scalability,flag_generation,sender,500,4,false,371846321,743692,gamma=8;p=2^-8;curve=P-256,fixed_target_recipient,ok
2026-08-19T14:31:22.970071061Z,FMD,multiple_signal_sender_scalability,flag_generation,sender,500,5,false,371397621,742795,gamma=8;p=2^-8;curve=P-256,fixed_target_recipient,ok
2026-08-19T14:31:23.021723263Z,FMD,multiple_signal_sender_scalability,flag_generation,sender,1000,75,false,738485085,738485,gamma=8;p=2^-8;curve=P-256,fixed_target_recipient,ok
2026-08-19T14:31:23.338825579Z,FMD,multiple_signal_sender_scalability,flag_generation,sender,500,6,false,366493906,732987,gamma=8;p=2^-8;curve=P-256,fixed_target_recipient,ok
2026-08-19T14:31:23.712704745Z,FMD,multiple_signal_sender_scalability,flag_generation,sender,500,7,false,363354650,726709,gamma=8;p=2^-8;curve=P-256,fixed_target_recipient,ok
2026-08-19T14:31:23.765280417Z,FMD,multiple_signal_sender_scalability,flag_generation,sender,1000,76,false,740366273,740366,gamma=8;p=2^-8;curve=P-256,fixed_target_recipient,ok
2026-08-19T14:31:24.096027498Z,FMD,multiple_signal_sender_scalability,flag_generation,sender,500,8,false,375209572,750419,gamma=8;p=2^-8;curve=P-256,fixed_target_recipient,ok
2026-08-19T14:31:24.465555671Z,FMD,multiple_signal_sender_scalability,flag_generation,sender,500,9,false,367434484,734868,gamma=8;p=2^-8;curve=P-256,fixed_target_recipient,ok
2026-08-19T14:31:24.505526841Z,FMD,multiple_signal_sender_scalability,flag_generation,sender,1000,77,false,737845217,737845,gamma=8;p=2^-8;curve=P-256,fixed_target_recipient,ok
2026-08-19T14:31:24.836305964Z,FMD,multiple_signal_sender_scalability,flag_generation,sender,500,10,false,363244234,726488,gamma=8;p=2^-8;curve=P-256,fixed_target_recipient,ok
2026-08-19T14:31:25.216073004Z,FMD,multiple_signal_sender_scalability,flag_generation,sender,500,11,false,377109701,754219,gamma=8;p=2^-8;curve=P-256,fixed_target_recipient,ok
2026-08-19T14:31:25.249360769Z,FMD,multiple_signal_sender_scalability,flag_generation,sender,1000,78,false,736280077,736280,gamma=8;p=2^-8;curve=P-256,fixed_target_recipient,ok
2026-08-19T14:31:25.588483589Z,FMD,multiple_signal_sender_scalability,flag_generation,sender,500,12,false,369129877,738259,gamma=8;p=2^-8;curve=P-256,fixed_target_recipient,ok
2026-08-19T14:31:25.970367926Z,FMD,multiple_signal_sender_scalability,flag_generation,sender,500,13,false,379846770,759693,gamma=8;p=2^-8;curve=P-256,fixed_target_recipient,ok
2026-08-19T14:31:26.00062715Z,FMD,multiple_signal_sender_scalability,flag_generation,sender,1000,79,false,744556444,744556,gamma=8;p=2^-8;curve=P-256,fixed_target_recipient,ok
2026-08-19T14:31:26.345247085Z,FMD,multiple_signal_sender_scalability,flag_generation,sender,500,14,false,372485732,744971,gamma=8;p=2^-8;curve=P-256,fixed_target_recipient,ok
2026-08-19T14:31:26.713519842Z,FMD,multiple_signal_sender_scalability,flag_generation,sender,500,15,false,365882249,731764,gamma=8;p=2^-8;curve=P-256,fixed_target_recipient,ok
2026-08-19T14:31:26.743419503Z,FMD,multiple_signal_sender_scalability,flag_generation,sender,1000,80,false,734796276,734796,gamma=8;p=2^-8;curve=P-256,fixed_target_recipient,ok
2026-08-19T14:31:27.084717745Z,FMD,multiple_signal_sender_scalability,flag_generation,sender,500,16,false,363888257,727776,gamma=8;p=2^-8;curve=P-256,fixed_target_recipient,ok
2026-08-19T14:31:27.456402909Z,FMD,multiple_signal_sender_scalability,flag_generation,sender,500,17,false,363636546,727273,gamma=8;p=2^-8;curve=P-256,fixed_target_recipient,ok
2026-08-19T14:31:27.482645032Z,FMD,multiple_signal_sender_scalability,flag_generation,sender,1000,81,false,733941041,733941,gamma=8;p=2^-8;curve=P-256,fixed_target_recipient,ok
2026-08-19T14:31:27.835805744Z,FMD,multiple_signal_sender_scalability,flag_generation,sender,500,18,false,371327290,742654,gamma=8;p=2^-8;curve=P-256,fixed_target_recipient,ok
2026-08-19T14:31:28.218608668Z,FMD,multiple_signal_sender_scalability,flag_generation,sender,500,19,false,377253070,754506,gamma=8;p=2^-8;curve=P-256,fixed_target_recipient,ok
2026-08-19T14:31:28.231585085Z,FMD,multiple_signal_sender_scalability,flag_generation,sender,1000,82,false,743969402,743969,gamma=8;p=2^-8;curve=P-256,fixed_target_recipient,ok
2026-08-19T14:31:28.595119779Z,FMD,multiple_signal_sender_scalability,flag_generation,sender,500,20,false,373769710,747539,gamma=8;p=2^-8;curve=P-256,fixed_target_recipient,ok
2026-08-19T14:31:28.970146894Z,FMD,multiple_signal_sender_scalability,flag_generation,sender,500,21,false,372668677,745337,gamma=8;p=2^-8;curve=P-256,fixed_target_recipient,ok
2026-08-19T14:31:28.974563901Z,FMD,multiple_signal_sender_scalability,flag_generation,sender,1000,83,false,737982873,737982,gamma=8;p=2^-8;curve=P-256,fixed_target_recipient,ok
2026-08-19T14:31:29.35045873Z,FMD,multiple_signal_sender_scalability,flag_generation,sender,500,22,false,370998700,741997,gamma=8;p=2^-8;curve=P-256,fixed_target_recipient,ok
2026-08-19T14:31:29.717620034Z,FMD,multiple_signal_sender_scalability,flag_generation,sender,1000,84,false,741016973,741016,gamma=8;p=2^-8;curve=P-256,fixed_target_recipient,ok
2026-08-19T14:31:29.721985098Z,FMD,multiple_signal_sender_scalability,flag_generation,sender,500,23,false,369432864,738865,gamma=8;p=2^-8;curve=P-256,fixed_target_recipient,ok
2026-08-19T14:31:30.101405333Z,FMD,multiple_signal_sender_scalability,flag_generation,sender,500,24,false,374028972,748057,gamma=8;p=2^-8;curve=P-256,fixed_target_recipient,ok
2026-08-19T14:31:30.468970599Z,FMD,multiple_signal_sender_scalability,flag_generation,sender,1000,85,false,746111187,746111,gamma=8;p=2^-8;curve=P-256,fixed_target_recipient,ok
2026-08-19T14:31:30.476512622Z,FMD,multiple_signal_sender_scalability,flag_generation,sender,500,25,false,373057544,746115,gamma=8;p=2^-8;curve=P-256,fixed_target_recipient,ok
2026-08-19T14:31:30.84220813Z,FMD,multiple_signal_sender_scalability,flag_generation,sender,500,26,false,363521729,727043,gamma=8;p=2^-8;curve=P-256,fixed_target_recipient,ok
2026-08-19T14:31:31.227301308Z,FMD,multiple_signal_sender_scalability,flag_generation,sender,1000,86,false,751969682,751969,gamma=8;p=2^-8;curve=P-256,fixed_target_recipient,ok
2026-08-19T14:31:31.227551464Z,FMD,multiple_signal_sender_scalability,flag_generation,sender,500,27,false,377901258,755802,gamma=8;p=2^-8;curve=P-256,fixed_target_recipient,ok
2026-08-19T14:31:31.604616985Z,FMD,multiple_signal_sender_scalability,flag_generation,sender,500,28,false,374747414,749494,gamma=8;p=2^-8;curve=P-256,fixed_target_recipient,ok
2026-08-19T14:31:31.970159513Z,FMD,multiple_signal_sender_scalability,flag_generation,sender,1000,87,false,738798782,738798,gamma=8;p=2^-8;curve=P-256,fixed_target_recipient,ok
2026-08-19T14:31:31.982780628Z,FMD,multiple_signal_sender_scalability,flag_generation,sender,500,29,false,375299827,750599,gamma=8;p=2^-8;curve=P-256,fixed_target_recipient,ok
2026-08-19T14:31:32.358690034Z,FMD,multiple_signal_sender_scalability,flag_generation,sender,500,30,false,369915922,739831,gamma=8;p=2^-8;curve=P-256,fixed_target_recipient,ok
2026-08-19T14:31:32.710677813Z,FMD,multiple_signal_sender_scalability,flag_generation,sender,1000,88,false,738507514,738507,gamma=8;p=2^-8;curve=P-256,fixed_target_recipient,ok
2026-08-19T14:31:32.726381995Z,FMD,multiple_signal_sender_scalability,flag_generation,sender,500,31,false,362986501,725973,gamma=8;p=2^-8;curve=P-256,fixed_target_recipient,ok
2026-08-19T14:31:33.097317093Z,FMD,multiple_signal_sender_scalability,flag_generation,sender,500,32,false,364560370,729120,gamma=8;p=2^-8;curve=P-256,fixed_target_recipient,ok
2026-08-19T14:31:33.451001731Z,FMD,multiple_signal_sender_scalability,flag_generation,sender,1000,89,false,727911622,727911,gamma=8;p=2^-8;curve=P-256,fixed_target_recipient,ok
2026-08-19T14:31:33.475233729Z,FMD,multiple_signal_sender_scalability,flag_generation,sender,500,33,false,366049471,732098,gamma=8;p=2^-8;curve=P-256,fixed_target_recipient,ok
2026-08-19T14:31:33.849911332Z,FMD,multiple_signal_sender_scalability,flag_generation,sender,500,34,false,370127155,740254,gamma=8;p=2^-8;curve=P-256,fixed_target_recipient,ok
2026-08-19T14:31:34.195714826Z,FMD,multiple_signal_sender_scalability,flag_generation,sender,1000,90,false,742681810,742681,gamma=8;p=2^-8;curve=P-256,fixed_target_recipient,ok
2026-08-19T14:31:34.227995352Z,FMD,multiple_signal_sender_scalability,flag_generation,sender,500,35,false,376225712,752451,gamma=8;p=2^-8;curve=P-256,fixed_target_recipient,ok
2026-08-19T14:31:34.601887165Z,FMD,multiple_signal_sender_scalability,flag_generation,sender,500,36,false,371580919,743161,gamma=8;p=2^-8;curve=P-256,fixed_target_recipient,ok
2026-08-19T14:31:34.929966463Z,FMD,multiple_signal_sender_scalability,flag_generation,sender,1000,91,false,732077086,732077,gamma=8;p=2^-8;curve=P-256,fixed_target_recipient,ok
2026-08-19T14:31:34.970316903Z,FMD,multiple_signal_sender_scalability,flag_generation,sender,500,37,false,366226562,732453,gamma=8;p=2^-8;curve=P-256,fixed_target_recipient,ok
2026-08-19T14:31:35.344949073Z,FMD,multiple_signal_sender_scalability,flag_generation,sender,500,38,false,368106680,736213,gamma=8;p=2^-8;curve=P-256,fixed_target_recipient,ok
2026-08-19T14:31:35.666401483Z,FMD,multiple_signal_sender_scalability,flag_generation,sender,1000,92,false,729490420,729490,gamma=8;p=2^-8;curve=P-256,fixed_target_recipient,ok
2026-08-19T14:31:35.71944326Z,FMD,multiple_signal_sender_scalability,flag_generation,sender,500,39,false,366543484,733086,gamma=8;p=2^-8;curve=P-256,fixed_target_recipient,ok
2026-08-19T14:31:36.09014949Z,FMD,multiple_signal_sender_scalability,flag_generation,sender,500,40,false,368657588,737315,gamma=8;p=2^-8;curve=P-256,fixed_target_recipient,ok
2026-08-19T14:31:36.418327419Z,FMD,multiple_signal_sender_scalability,flag_generation,sender,1000,93,false,745659794,745659,gamma=8;p=2^-8;curve=P-256,fixed_target_recipient,ok
2026-08-19T14:31:36.465095953Z,FMD,multiple_signal_sender_scalability,flag_generation,sender,500,41,false,370436021,740872,gamma=8;p=2^-8;curve=P-256,fixed_target_recipient,ok
2026-08-19T14:31:36.834562205Z,FMD,multiple_signal_sender_scalability,flag_generation,sender,500,42,false,366997921,733995,gamma=8;p=2^-8;curve=P-256,fixed_target_recipient,ok
2026-08-19T14:31:37.161553401Z,FMD,multiple_signal_sender_scalability,flag_generation,sender,1000,94,false,736354190,736354,gamma=8;p=2^-8;curve=P-256,fixed_target_recipient,ok
2026-08-19T14:31:37.218981662Z,FMD,multiple_signal_sender_scalability,flag_generation,sender,500,43,false,371881720,743763,gamma=8;p=2^-8;curve=P-256,fixed_target_recipient,ok
2026-08-19T14:31:37.588977101Z,FMD,multiple_signal_sender_scalability,flag_generation,sender,500,44,false,367818720,735637,gamma=8;p=2^-8;curve=P-256,fixed_target_recipient,ok
2026-08-19T14:31:37.896311505Z,FMD,multiple_signal_sender_scalability,flag_generation,sender,1000,95,false,730860852,730860,gamma=8;p=2^-8;curve=P-256,fixed_target_recipient,ok
2026-08-19T14:31:37.963509059Z,FMD,multiple_signal_sender_scalability,flag_generation,sender,500,45,false,366727381,733454,gamma=8;p=2^-8;curve=P-256,fixed_target_recipient,ok
2026-08-19T14:31:38.340489419Z,FMD,multiple_signal_sender_scalability,flag_generation,sender,500,46,false,375135662,750271,gamma=8;p=2^-8;curve=P-256,fixed_target_recipient,ok
2026-08-19T14:31:38.636248372Z,FMD,multiple_signal_sender_scalability,flag_generation,sender,1000,96,false,737927073,737927,gamma=8;p=2^-8;curve=P-256,fixed_target_recipient,ok
2026-08-19T14:31:38.710497774Z,FMD,multiple_signal_sender_scalability,flag_generation,sender,500,47,false,367419910,734839,gamma=8;p=2^-8;curve=P-256,fixed_target_recipient,ok
2026-08-19T14:31:39.088322212Z,FMD,multiple_signal_sender_scalability,flag_generation,sender,500,48,false,375674030,751348,gamma=8;p=2^-8;curve=P-256,fixed_target_recipient,ok
2026-08-19T14:31:39.382454183Z,FMD,multiple_signal_sender_scalability,flag_generation,sender,1000,97,false,737899359,737899,gamma=8;p=2^-8;curve=P-256,fixed_target_recipient,ok
2026-08-19T14:31:39.467121117Z,FMD,multiple_signal_sender_scalability,flag_generation,sender,500,49,false,367976430,735952,gamma=8;p=2^-8;curve=P-256,fixed_target_recipient,ok
2026-08-19T14:31:39.842315417Z,FMD,multiple_signal_sender_scalability,flag_generation,sender,500,50,false,373067184,746134,gamma=8;p=2^-8;curve=P-256,fixed_target_recipient,ok
2026-08-19T14:31:40.129875961Z,FMD,multiple_signal_sender_scalability,flag_generation,sender,1000,98,false,737014042,737014,gamma=8;p=2^-8;curve=P-256,fixed_target_recipient,ok
2026-08-19T14:31:40.21335215Z,FMD,multiple_signal_sender_scalability,flag_generation,sender,500,51,false,368136929,736273,gamma=8;p=2^-8;curve=P-256,fixed_target_recipient,ok
2026-08-19T14:31:40.586286994Z,FMD,multiple_signal_sender_scalability,flag_generation,sender,500,52,false,371030984,742061,gamma=8;p=2^-8;curve=P-256,fixed_target_recipient,ok
2026-08-19T14:31:40.878233354Z,FMD,multiple_signal_sender_scalability,flag_generation,sender,1000,99,false,741899349,741899,gamma=8;p=2^-8;curve=P-256,fixed_target_recipient,ok
2026-08-19T14:31:40.933477287Z,FMD,multiple_signal_sender_scalability,flag_generation,sender,500,53,false,336544321,673088,gamma=8;p=2^-8;curve=P-256,fixed_target_recipient,ok
2026-08-19T14:31:41.161044459Z,FMD,multiple_signal_sender_scalability,flag_generation,sender,500,54,false,224965622,449931,gamma=8;p=2^-8;curve=P-256,fixed_target_recipient,ok
2026-08-19T14:31:41.41671689Z,FMD,multiple_signal_sender_scalability,flag_generation,sender,500,55,false,253507789,507015,gamma=8;p=2^-8;curve=P-256,fixed_target_recipient,ok
2026-08-19T14:31:41.695237792Z,FMD,multiple_signal_sender_scalability,flag_generation,sender,500,56,false,274792164,549584,gamma=8;p=2^-8;curve=P-256,fixed_target_recipient,ok
2026-08-19T14:31:42.011358673Z,FMD,multiple_signal_sender_scalability,flag_generation,sender,500,57,false,313738226,627476,gamma=8;p=2^-8;curve=P-256,fixed_target_recipient,ok
2026-08-19T14:31:42.347910324Z,FMD,multiple_signal_sender_scalability,flag_generation,sender,500,58,false,330281993,660563,gamma=8;p=2^-8;curve=P-256,fixed_target_recipient,ok
2026-08-19T14:31:42.686858551Z,FMD,multiple_signal_sender_scalability,flag_generation,sender,500,59,false,332617621,665235,gamma=8;p=2^-8;curve=P-256,fixed_target_recipient,ok
2026-08-19T14:31:43.014092511Z,FMD,multiple_signal_sender_scalability,flag_generation,sender,500,60,false,325433257,650866,gamma=8;p=2^-8;curve=P-256,fixed_target_recipient,ok
2026-08-19T14:31:43.351244316Z,FMD,multiple_signal_sender_scalability,flag_generation,sender,500,61,false,334668835,669337,gamma=8;p=2^-8;curve=P-256,fixed_target_recipient,ok
2026-08-19T14:31:43.703509231Z,FMD,multiple_signal_sender_scalability,flag_generation,sender,500,62,false,344140448,688280,gamma=8;p=2^-8;curve=P-256,fixed_target_recipient,ok
2026-08-19T14:31:44.071695683Z,FMD,multiple_signal_sender_scalability,flag_generation,sender,500,63,false,359725508,719451,gamma=8;p=2^-8;curve=P-256,fixed_target_recipient,ok
2026-08-19T14:31:44.43831072Z,FMD,multiple_signal_sender_scalability,flag_generation,sender,500,64,false,363808485,727616,gamma=8;p=2^-8;curve=P-256,fixed_target_recipient,ok
2026-08-19T14:31:44.788038013Z,FMD,multiple_signal_sender_scalability,flag_generation,sender,500,65,false,344873901,689747,gamma=8;p=2^-8;curve=P-256,fixed_target_recipient,ok
2026-08-19T14:31:45.148100536Z,FMD,multiple_signal_sender_scalability,flag_generation,sender,500,66,false,355494663,710989,gamma=8;p=2^-8;curve=P-256,fixed_target_recipient,ok
2026-08-19T14:31:45.497927799Z,FMD,multiple_signal_sender_scalability,flag_generation,sender,500,67,false,347949375,695898,gamma=8;p=2^-8;curve=P-256,fixed_target_recipient,ok
2026-08-19T14:31:45.741090438Z,FMD,multiple_signal_sender_scalability,flag_generation,sender,500,68,false,240932838,481865,gamma=8;p=2^-8;curve=P-256,fixed_target_recipient,ok
2026-08-19T14:31:46.113372184Z,FMD,multiple_signal_sender_scalability,flag_generation,sender,500,69,false,369432538,738865,gamma=8;p=2^-8;curve=P-256,fixed_target_recipient,ok
2026-08-19T14:31:46.498615892Z,FMD,multiple_signal_sender_scalability,flag_generation,sender,500,70,false,383100345,766200,gamma=8;p=2^-8;curve=P-256,fixed_target_recipient,ok
2026-08-19T14:31:46.877349975Z,FMD,multiple_signal_sender_scalability,flag_generation,sender,500,71,false,376819084,753638,gamma=8;p=2^-8;curve=P-256,fixed_target_recipient,ok
2026-08-19T14:31:47.249289411Z,FMD,multiple_signal_sender_scalability,flag_generation,sender,500,72,false,370151222,740302,gamma=8;p=2^-8;curve=P-256,fixed_target_recipient,ok
2026-08-19T14:31:47.617069943Z,FMD,multiple_signal_sender_scalability,flag_generation,sender,500,73,false,364911017,729822,gamma=8;p=2^-8;curve=P-256,fixed_target_recipient,ok
2026-08-19T14:31:47.995954745Z,FMD,multiple_signal_sender_scalability,flag_generation,sender,500,74,false,371275811,742551,gamma=8;p=2^-8;curve=P-256,fixed_target_recipient,ok
2026-08-19T14:31:48.365641811Z,FMD,multiple_signal_sender_scalability,flag_generation,sender,500,75,false,364606715,729213,gamma=8;p=2^-8;curve=P-256,fixed_target_recipient,ok
2026-08-19T14:31:48.743370542Z,FMD,multiple_signal_sender_scalability,flag_generation,sender,500,76,false,375366188,750732,gamma=8;p=2^-8;curve=P-256,fixed_target_recipient,ok
2026-08-19T14:31:49.112934895Z,FMD,multiple_signal_sender_scalability,flag_generation,sender,500,77,false,364241872,728483,gamma=8;p=2^-8;curve=P-256,fixed_target_recipient,ok
2026-08-19T14:31:49.478811371Z,FMD,multiple_signal_sender_scalability,flag_generation,sender,500,78,false,359638960,719277,gamma=8;p=2^-8;curve=P-256,fixed_target_recipient,ok
2026-08-19T14:31:49.85791818Z,FMD,multiple_signal_sender_scalability,flag_generation,sender,500,79,false,369151703,738303,gamma=8;p=2^-8;curve=P-256,fixed_target_recipient,ok
2026-08-19T14:31:50.236550613Z,FMD,multiple_signal_sender_scalability,flag_generation,sender,500,80,false,370085954,740171,gamma=8;p=2^-8;curve=P-256,fixed_target_recipient,ok
2026-08-19T14:31:50.608285482Z,FMD,multiple_signal_sender_scalability,flag_generation,sender,500,81,false,370092600,740185,gamma=8;p=2^-8;curve=P-256,fixed_target_recipient,ok
2026-08-19T14:31:50.983950058Z,FMD,multiple_signal_sender_scalability,flag_generation,sender,500,82,false,366733130,733466,gamma=8;p=2^-8;curve=P-256,fixed_target_recipient,ok
2026-08-19T14:31:51.35987512Z,FMD,multiple_signal_sender_scalability,flag_generation,sender,500,83,false,374050435,748100,gamma=8;p=2^-8;curve=P-256,fixed_target_recipient,ok
2026-08-19T14:31:51.73480671Z,FMD,multiple_signal_sender_scalability,flag_generation,sender,500,84,false,373125500,746251,gamma=8;p=2^-8;curve=P-256,fixed_target_recipient,ok
2026-08-19T14:31:52.110193877Z,FMD,multiple_signal_sender_scalability,flag_generation,sender,500,85,false,371598183,743196,gamma=8;p=2^-8;curve=P-256,fixed_target_recipient,ok
2026-08-19T14:31:52.483028575Z,FMD,multiple_signal_sender_scalability,flag_generation,sender,500,86,false,366134513,732269,gamma=8;p=2^-8;curve=P-256,fixed_target_recipient,ok
2026-08-19T14:31:55.799064624Z,FMD,multiple_signal_sender_scalability,flag_generation,sender,500,87,false,376193541,752387,gamma=8;p=2^-8;curve=P-256,fixed_target_recipient,ok
2026-08-19T14:31:56.171027235Z,FMD,multiple_signal_sender_scalability,flag_generation,sender,500,88,false,363672754,727345,gamma=8;p=2^-8;curve=P-256,fixed_target_recipient,ok
2026-08-19T14:31:56.546935245Z,FMD,multiple_signal_sender_scalability,flag_generation,sender,500,89,false,367048208,734096,gamma=8;p=2^-8;curve=P-256,fixed_target_recipient,ok
2026-08-19T14:31:56.922276192Z,FMD,multiple_signal_sender_scalability,flag_generation,sender,500,90,false,373614288,747228,gamma=8;p=2^-8;curve=P-256,fixed_target_recipient,ok
2026-08-19T14:31:57.28347153Z,FMD,multiple_signal_sender_scalability,flag_generation,sender,500,91,false,359365344,718730,gamma=8;p=2^-8;curve=P-256,fixed_target_recipient,ok
2026-08-19T14:31:57.666513593Z,FMD,multiple_signal_sender_scalability,flag_generation,sender,500,92,false,375395887,750791,gamma=8;p=2^-8;curve=P-256,fixed_target_recipient,ok
2026-08-19T14:31:58.041633575Z,FMD,multiple_signal_sender_scalability,flag_generation,sender,500,93,false,369122493,738244,gamma=8;p=2^-8;curve=P-256,fixed_target_recipient,ok
2026-08-19T14:31:58.40737118Z,FMD,multiple_signal_sender_scalability,flag_generation,sender,500,94,false,363887139,727774,gamma=8;p=2^-8;curve=P-256,fixed_target_recipient,ok
2026-08-19T14:31:58.781694062Z,FMD,multiple_signal_sender_scalability,flag_generation,sender,500,95,false,366816565,733633,gamma=8;p=2^-8;curve=P-256,fixed_target_recipient,ok
2026-08-19T14:31:59.154531702Z,FMD,multiple_signal_sender_scalability,flag_generation,sender,500,96,false,370624595,741249,gamma=8;p=2^-8;curve=P-256,fixed_target_recipient,ok
2026-08-19T14:31:59.533526797Z,FMD,multiple_signal_sender_scalability,flag_generation,sender,500,97,false,373390471,746780,gamma=8;p=2^-8;curve=P-256,fixed_target_recipient,ok
2026-08-19T14:31:59.913099378Z,FMD,multiple_signal_sender_scalability,flag_generation,sender,500,98,false,377138534,754277,gamma=8;p=2^-8;curve=P-256,fixed_target_recipient,ok
2026-08-19T14:32:00.289779152Z,FMD,multiple_signal_sender_scalability,flag_generation,sender,500,99,false,375006096,750012,gamma=8;p=2^-8;curve=P-256,fixed_target_recipient,ok
2026-08-19T14:32:01.052325365Z,FMD,multiple_signal_sender_scalability,flag_generation,sender,1000,-20,true,756528035,756528,gamma=8;p=2^-8;curve=P-256,fixed_target_recipient,ok
2026-08-19T14:32:01.797262138Z,FMD,multiple_signal_sender_scalability,flag_generation,sender,1000,-19,true,742853692,742853,gamma=8;p=2^-8;curve=P-256,fixed_target_recipient,ok
2026-08-19T14:32:02.542281798Z,FMD,multiple_signal_sender_scalability,flag_generation,sender,1000,-18,true,743128254,743128,gamma=8;p=2^-8;curve=P-256,fixed_target_recipient,ok
2026-08-19T14:32:03.293361742Z,FMD,multiple_signal_sender_scalability,flag_generation,sender,1000,-17,true,742480702,742480,gamma=8;p=2^-8;curve=P-256,fixed_target_recipient,ok
2026-08-19T14:32:04.046605726Z,FMD,multiple_signal_sender_scalability,flag_generation,sender,1000,-16,true,751305639,751305,gamma=8;p=2^-8;curve=P-256,fixed_target_recipient,ok
2026-08-19T14:32:04.79151936Z,FMD,multiple_signal_sender_scalability,flag_generation,sender,1000,-15,true,737319971,737319,gamma=8;p=2^-8;curve=P-256,fixed_target_recipient,ok
2026-08-19T14:32:05.551005675Z,FMD,multiple_signal_sender_scalability,flag_generation,sender,1000,-14,true,757068950,757068,gamma=8;p=2^-8;curve=P-256,fixed_target_recipient,ok
2026-08-19T14:32:06.310181966Z,FMD,multiple_signal_sender_scalability,flag_generation,sender,1000,-13,true,757047053,757047,gamma=8;p=2^-8;curve=P-256,fixed_target_recipient,ok
2026-08-19T14:32:07.064959697Z,FMD,multiple_signal_sender_scalability,flag_generation,sender,1000,-12,true,749999093,749999,gamma=8;p=2^-8;curve=P-256,fixed_target_recipient,ok
2026-08-19T14:32:07.816705563Z,FMD,multiple_signal_sender_scalability,flag_generation,sender,1000,-11,true,749409818,749409,gamma=8;p=2^-8;curve=P-256,fixed_target_recipient,ok
2026-08-19T14:32:08.579831895Z,FMD,multiple_signal_sender_scalability,flag_generation,sender,1000,-10,true,757040387,757040,gamma=8;p=2^-8;curve=P-256,fixed_target_recipient,ok
2026-08-19T14:32:09.32644005Z,FMD,multiple_signal_sender_scalability,flag_generation,sender,1000,-9,true,739584094,739584,gamma=8;p=2^-8;curve=P-256,fixed_target_recipient,ok
2026-08-19T14:32:10.075289127Z,FMD,multiple_signal_sender_scalability,flag_generation,sender,1000,-8,true,746299543,746299,gamma=8;p=2^-8;curve=P-256,fixed_target_recipient,ok
2026-08-19T14:32:10.82344574Z,FMD,multiple_signal_sender_scalability,flag_generation,sender,1000,-7,true,740612935,740612,gamma=8;p=2^-8;curve=P-256,fixed_target_recipient,ok
2026-08-19T14:32:11.56691846Z,FMD,multiple_signal_sender_scalability,flag_generation,sender,1000,-6,true,741327429,741327,gamma=8;p=2^-8;curve=P-256,fixed_target_recipient,ok
2026-08-19T14:32:12.322739281Z,FMD,multiple_signal_sender_scalability,flag_generation,sender,1000,-5,true,747611321,747611,gamma=8;p=2^-8;curve=P-256,fixed_target_recipient,ok
2026-08-19T14:32:13.075651091Z,FMD,multiple_signal_sender_scalability,flag_generation,sender,1000,-4,true,744326773,744326,gamma=8;p=2^-8;curve=P-256,fixed_target_recipient,ok
2026-08-19T14:32:13.817452586Z,FMD,multiple_signal_sender_scalability,flag_generation,sender,1000,-3,true,739960159,739960,gamma=8;p=2^-8;curve=P-256,fixed_target_recipient,ok
2026-08-19T14:32:14.574168038Z,FMD,multiple_signal_sender_scalability,flag_generation,sender,1000,-2,true,750890922,750890,gamma=8;p=2^-8;curve=P-256,fixed_target_recipient,ok
2026-08-19T14:32:15.311732445Z,FMD,multiple_signal_sender_scalability,flag_generation,sender,1000,-1,true,735603856,735603,gamma=8;p=2^-8;curve=P-256,fixed_target_recipient,ok
2026-08-19T14:32:16.05137571Z,FMD,multiple_signal_sender_scalability,flag_generation,sender,1000,0,false,731992818,731992,gamma=8;p=2^-8;curve=P-256,fixed_target_recipient,ok
2026-08-19T14:32:16.800657511Z,FMD,multiple_signal_sender_scalability,flag_generation,sender,1000,1,false,743743649,743743,gamma=8;p=2^-8;curve=P-256,fixed_target_recipient,ok
2026-08-19T14:32:17.546530972Z,FMD,multiple_signal_sender_scalability,flag_generation,sender,1000,2,false,739496141,739496,gamma=8;p=2^-8;curve=P-256,fixed_target_recipient,ok
2026-08-19T14:32:18.301774421Z,FMD,multiple_signal_sender_scalability,flag_generation,sender,1000,3,false,753039364,753039,gamma=8;p=2^-8;curve=P-256,fixed_target_recipient,ok
2026-08-19T14:32:19.03826003Z,FMD,multiple_signal_sender_scalability,flag_generation,sender,1000,4,false,734501152,734501,gamma=8;p=2^-8;curve=P-256,fixed_target_recipient,ok
2026-08-19T14:32:19.78486024Z,FMD,multiple_signal_sender_scalability,flag_generation,sender,1000,5,false,744596560,744596,gamma=8;p=2^-8;curve=P-256,fixed_target_recipient,ok
2026-08-19T14:32:20.537852827Z,FMD,multiple_signal_sender_scalability,flag_generation,sender,1000,6,false,746687168,746687,gamma=8;p=2^-8;curve=P-256,fixed_target_recipient,ok
2026-08-19T14:32:21.282187743Z,FMD,multiple_signal_sender_scalability,flag_generation,sender,1000,7,false,742473853,742473,gamma=8;p=2^-8;curve=P-256,fixed_target_recipient,ok
2026-08-19T14:32:22.025954201Z,FMD,multiple_signal_sender_scalability,flag_generation,sender,1000,8,false,741655174,741655,gamma=8;p=2^-8;curve=P-256,fixed_target_recipient,ok
2026-08-19T14:32:22.78950868Z,FMD,multiple_signal_sender_scalability,flag_generation,sender,1000,9,false,756886732,756886,gamma=8;p=2^-8;curve=P-256,fixed_target_recipient,ok
2026-08-19T14:32:23.53258682Z,FMD,multiple_signal_sender_scalability,flag_generation,sender,1000,10,false,740393862,740393,gamma=8;p=2^-8;curve=P-256,fixed_target_recipient,ok
2026-08-19T14:32:24.27939304Z,FMD,multiple_signal_sender_scalability,flag_generation,sender,1000,11,false,742345168,742345,gamma=8;p=2^-8;curve=P-256,fixed_target_recipient,ok
2026-08-19T14:32:25.028298169Z,FMD,multiple_signal_sender_scalability,flag_generation,sender,1000,12,false,741003736,741003,gamma=8;p=2^-8;curve=P-256,fixed_target_recipient,ok
2026-08-19T14:32:25.776673535Z,FMD,multiple_signal_sender_scalability,flag_generation,sender,1000,13,false,741755528,741755,gamma=8;p=2^-8;curve=P-256,fixed_target_recipient,ok
2026-08-19T14:32:26.5339139Z,FMD,multiple_signal_sender_scalability,flag_generation,sender,1000,14,false,754883047,754883,gamma=8;p=2^-8;curve=P-256,fixed_target_recipient,ok
2026-08-19T14:32:27.274048886Z,FMD,multiple_signal_sender_scalability,flag_generation,sender,1000,15,false,737925904,737925,gamma=8;p=2^-8;curve=P-256,fixed_target_recipient,ok
2026-08-19T14:32:30.964946891Z,FMD,multiple_signal_sender_scalability,flag_generation,sender,1000,16,false,747323179,747323,gamma=8;p=2^-8;curve=P-256,fixed_target_recipient,ok
2026-08-19T14:32:31.714237563Z,FMD,multiple_signal_sender_scalability,flag_generation,sender,1000,17,false,744364600,744364,gamma=8;p=2^-8;curve=P-256,fixed_target_recipient,ok
2026-08-19T14:32:32.47308796Z,FMD,multiple_signal_sender_scalability,flag_generation,sender,1000,18,false,752158442,752158,gamma=8;p=2^-8;curve=P-256,fixed_target_recipient,ok
2026-08-19T14:32:33.222021337Z,FMD,multiple_signal_sender_scalability,flag_generation,sender,1000,19,false,746721916,746721,gamma=8;p=2^-8;curve=P-256,fixed_target_recipient,ok
2026-08-19T14:32:33.973112062Z,FMD,multiple_signal_sender_scalability,flag_generation,sender,1000,20,false,748934313,748934,gamma=8;p=2^-8;curve=P-256,fixed_target_recipient,ok
2026-08-19T14:32:34.723899432Z,FMD,multiple_signal_sender_scalability,flag_generation,sender,1000,21,false,742432226,742432,gamma=8;p=2^-8;curve=P-256,fixed_target_recipient,ok
2026-08-19T14:32:35.475885644Z,FMD,multiple_signal_sender_scalability,flag_generation,sender,1000,22,false,749442244,749442,gamma=8;p=2^-8;curve=P-256,fixed_target_recipient,ok
2026-08-19T14:32:36.223999844Z,FMD,multiple_signal_sender_scalability,flag_generation,sender,1000,23,false,745870201,745870,gamma=8;p=2^-8;curve=P-256,fixed_target_recipient,ok
2026-08-19T14:32:36.974261647Z,FMD,multiple_signal_sender_scalability,flag_generation,sender,1000,24,false,747379587,747379,gamma=8;p=2^-8;curve=P-256,fixed_target_recipient,ok
2026-08-19T14:32:37.729391368Z,FMD,multiple_signal_sender_scalability,flag_generation,sender,1000,25,false,748384638,748384,gamma=8;p=2^-8;curve=P-256,fixed_target_recipient,ok
2026-08-19T14:32:38.473034979Z,FMD,multiple_signal_sender_scalability,flag_generation,sender,1000,26,false,741383503,741383,gamma=8;p=2^-8;curve=P-256,fixed_target_recipient,ok
2026-08-19T14:32:39.223650326Z,FMD,multiple_signal_sender_scalability,flag_generation,sender,1000,27,false,743806253,743806,gamma=8;p=2^-8;curve=P-256,fixed_target_recipient,ok
2026-08-19T14:32:39.979783027Z,FMD,multiple_signal_sender_scalability,flag_generation,sender,1000,28,false,754343115,754343,gamma=8;p=2^-8;curve=P-256,fixed_target_recipient,ok
2026-08-19T14:32:40.735361815Z,FMD,multiple_signal_sender_scalability,flag_generation,sender,1000,29,false,749556449,749556,gamma=8;p=2^-8;curve=P-256,fixed_target_recipient,ok
2026-08-19T14:32:41.48857673Z,FMD,multiple_signal_sender_scalability,flag_generation,sender,1000,30,false,749005700,749005,gamma=8;p=2^-8;curve=P-256,fixed_target_recipient,ok
2026-08-19T14:32:42.244144158Z,FMD,multiple_signal_sender_scalability,flag_generation,sender,1000,31,false,753680485,753680,gamma=8;p=2^-8;curve=P-256,fixed_target_recipient,ok
2026-08-19T14:32:42.996086812Z,FMD,multiple_signal_sender_scalability,flag_generation,sender,1000,32,false,748950674,748950,gamma=8;p=2^-8;curve=P-256,fixed_target_recipient,ok
2026-08-19T14:32:43.751959185Z,FMD,multiple_signal_sender_scalability,flag_generation,sender,1000,33,false,753328570,753328,gamma=8;p=2^-8;curve=P-256,fixed_target_recipient,ok
2026-08-19T14:32:44.508819226Z,FMD,multiple_signal_sender_scalability,flag_generation,sender,1000,34,false,754424009,754424,gamma=8;p=2^-8;curve=P-256,fixed_target_recipient,ok
2026-08-19T14:32:45.259499471Z,FMD,multiple_signal_sender_scalability,flag_generation,sender,1000,35,false,737974529,737974,gamma=8;p=2^-8;curve=P-256,fixed_target_recipient,ok
2026-08-19T14:32:46.014902904Z,FMD,multiple_signal_sender_scalability,flag_generation,sender,1000,36,false,753279576,753279,gamma=8;p=2^-8;curve=P-256,fixed_target_recipient,ok
2026-08-19T14:32:46.762300489Z,FMD,multiple_signal_sender_scalability,flag_generation,sender,1000,37,false,738675072,738675,gamma=8;p=2^-8;curve=P-256,fixed_target_recipient,ok
2026-08-19T14:32:47.517006819Z,FMD,multiple_signal_sender_scalability,flag_generation,sender,1000,38,false,747828715,747828,gamma=8;p=2^-8;curve=P-256,fixed_target_recipient,ok
2026-08-19T14:32:48.272705606Z,FMD,multiple_signal_sender_scalability,flag_generation,sender,1000,39,false,753423407,753423,gamma=8;p=2^-8;curve=P-256,fixed_target_recipient,ok
2026-08-19T14:32:49.017614379Z,FMD,multiple_signal_sender_scalability,flag_generation,sender,1000,40,false,742925575,742925,gamma=8;p=2^-8;curve=P-256,fixed_target_recipient,ok
2026-08-19T14:32:49.756294204Z,FMD,multiple_signal_sender_scalability,flag_generation,sender,1000,41,false,736419663,736419,gamma=8;p=2^-8;curve=P-256,fixed_target_recipient,ok
2026-08-19T14:32:50.50881861Z,FMD,multiple_signal_sender_scalability,flag_generation,sender,1000,42,false,746927313,746927,gamma=8;p=2^-8;curve=P-256,fixed_target_recipient,ok
2026-08-19T14:32:51.251765801Z,FMD,multiple_signal_sender_scalability,flag_generation,sender,1000,43,false,734745204,734745,gamma=8;p=2^-8;curve=P-256,fixed_target_recipient,ok
2026-08-19T14:32:52.009097385Z,FMD,multiple_signal_sender_scalability,flag_generation,sender,1000,44,false,754875238,754875,gamma=8;p=2^-8;curve=P-256,fixed_target_recipient,ok
2026-08-19T14:32:52.768184427Z,FMD,multiple_signal_sender_scalability,flag_generation,sender,1000,45,false,756689665,756689,gamma=8;p=2^-8;curve=P-256,fixed_target_recipient,ok
2026-08-19T14:32:53.516125664Z,FMD,multiple_signal_sender_scalability,flag_generation,sender,1000,46,false,745448451,745448,gamma=8;p=2^-8;curve=P-256,fixed_target_recipient,ok
2026-08-19T14:32:54.266071965Z,FMD,multiple_signal_sender_scalability,flag_generation,sender,1000,47,false,747684485,747684,gamma=8;p=2^-8;curve=P-256,fixed_target_recipient,ok
2026-08-19T14:32:55.026576148Z,FMD,multiple_signal_sender_scalability,flag_generation,sender,1000,48,false,758097181,758097,gamma=8;p=2^-8;curve=P-256,fixed_target_recipient,ok
2026-08-19T14:32:55.772683515Z,FMD,multiple_signal_sender_scalability,flag_generation,sender,1000,49,false,743706289,743706,gamma=8;p=2^-8;curve=P-256,fixed_target_recipient,ok
2026-08-19T14:32:56.540235939Z,FMD,multiple_signal_sender_scalability,flag_generation,sender,1000,50,false,765401135,765401,gamma=8;p=2^-8;curve=P-256,fixed_target_recipient,ok
2026-08-19T14:32:57.296771297Z,FMD,multiple_signal_sender_scalability,flag_generation,sender,1000,51,false,749180574,749180,gamma=8;p=2^-8;curve=P-256,fixed_target_recipient,ok
2026-08-19T14:32:58.034904417Z,FMD,multiple_signal_sender_scalability,flag_generation,sender,1000,52,false,736192800,736192,gamma=8;p=2^-8;curve=P-256,fixed_target_recipient,ok
2026-08-19T14:32:58.799263998Z,FMD,multiple_signal_sender_scalability,flag_generation,sender,1000,53,false,752691051,752691,gamma=8;p=2^-8;curve=P-256,fixed_target_recipient,ok
2026-08-19T14:32:59.555810107Z,FMD,multiple_signal_sender_scalability,flag_generation,sender,1000,54,false,754467087,754467,gamma=8;p=2^-8;curve=P-256,fixed_target_recipient,ok
2026-08-19T14:33:00.296884276Z,FMD,multiple_signal_sender_scalability,flag_generation,sender,1000,55,false,739335397,739335,gamma=8;p=2^-8;curve=P-256,fixed_target_recipient,ok
2026-08-19T14:33:01.042542927Z,FMD,multiple_signal_sender_scalability,flag_generation,sender,1000,56,false,737622954,737622,gamma=8;p=2^-8;curve=P-256,fixed_target_recipient,ok
2026-08-19T14:33:01.796973661Z,FMD,multiple_signal_sender_scalability,flag_generation,sender,1000,57,false,747417062,747417,gamma=8;p=2^-8;curve=P-256,fixed_target_recipient,ok
2026-08-19T14:33:02.558011647Z,FMD,multiple_signal_sender_scalability,flag_generation,sender,1000,58,false,756493298,756493,gamma=8;p=2^-8;curve=P-256,fixed_target_recipient,ok
2026-08-19T14:33:06.237357456Z,FMD,multiple_signal_sender_scalability,flag_generation,sender,1000,59,false,744943019,744943,gamma=8;p=2^-8;curve=P-256,fixed_target_recipient,ok
2026-08-19T14:33:06.995016779Z,FMD,multiple_signal_sender_scalability,flag_generation,sender,1000,60,false,741659260,741659,gamma=8;p=2^-8;curve=P-256,fixed_target_recipient,ok
2026-08-19T14:33:07.745725345Z,FMD,multiple_signal_sender_scalability,flag_generation,sender,1000,61,false,748580420,748580,gamma=8;p=2^-8;curve=P-256,fixed_target_recipient,ok
2026-08-19T14:33:08.498183936Z,FMD,multiple_signal_sender_scalability,flag_generation,sender,1000,62,false,746736653,746736,gamma=8;p=2^-8;curve=P-256,fixed_target_recipient,ok
2026-08-19T14:33:09.255895942Z,FMD,multiple_signal_sender_scalability,flag_generation,sender,1000,63,false,750449783,750449,gamma=8;p=2^-8;curve=P-256,fixed_target_recipient,ok
2026-08-19T14:33:10.005100792Z,FMD,multiple_signal_sender_scalability,flag_generation,sender,1000,64,false,744417995,744417,gamma=8;p=2^-8;curve=P-256,fixed_target_recipient,ok
2026-08-19T14:33:10.754677392Z,FMD,multiple_signal_sender_scalability,flag_generation,sender,1000,65,false,740860753,740860,gamma=8;p=2^-8;curve=P-256,fixed_target_recipient,ok
2026-08-19T14:33:11.517804239Z,FMD,multiple_signal_sender_scalability,flag_generation,sender,1000,66,false,758996731,758996,gamma=8;p=2^-8;curve=P-256,fixed_target_recipient,ok
2026-08-19T14:33:12.263936596Z,FMD,multiple_signal_sender_scalability,flag_generation,sender,1000,67,false,743794510,743794,gamma=8;p=2^-8;curve=P-256,fixed_target_recipient,ok
2026-08-19T14:33:13.006785187Z,FMD,multiple_signal_sender_scalability,flag_generation,sender,1000,68,false,737641651,737641,gamma=8;p=2^-8;curve=P-256,fixed_target_recipient,ok
2026-08-19T14:33:13.753132351Z,FMD,multiple_signal_sender_scalability,flag_generation,sender,1000,69,false,741171009,741171,gamma=8;p=2^-8;curve=P-256,fixed_target_recipient,ok
2026-08-19T14:33:14.504586924Z,FMD,multiple_signal_sender_scalability,flag_generation,sender,1000,70,false,743553988,743553,gamma=8;p=2^-8;curve=P-256,fixed_target_recipient,ok
2026-08-19T14:33:15.256703862Z,FMD,multiple_signal_sender_scalability,flag_generation,sender,1000,71,false,748161426,748161,gamma=8;p=2^-8;curve=P-256,fixed_target_recipient,ok
2026-08-19T14:33:16.023533556Z,FMD,multiple_signal_sender_scalability,flag_generation,sender,1000,72,false,764666374,764666,gamma=8;p=2^-8;curve=P-256,fixed_target_recipient,ok
2026-08-19T14:33:16.765332094Z,FMD,multiple_signal_sender_scalability,flag_generation,sender,1000,73,false,739503312,739503,gamma=8;p=2^-8;curve=P-256,fixed_target_recipient,ok
2026-08-19T14:33:17.515648114Z,FMD,multiple_signal_sender_scalability,flag_generation,sender,1000,74,false,747850619,747850,gamma=8;p=2^-8;curve=P-256,fixed_target_recipient,ok
2026-08-19T14:33:18.272377839Z,FMD,multiple_signal_sender_scalability,flag_generation,sender,1000,75,false,754291306,754291,gamma=8;p=2^-8;curve=P-256,fixed_target_recipient,ok
2026-08-19T14:33:19.019987391Z,FMD,multiple_signal_sender_scalability,flag_generation,sender,1000,76,false,745650589,745650,gamma=8;p=2^-8;curve=P-256,fixed_target_recipient,ok
2026-08-19T14:33:19.769482514Z,FMD,multiple_signal_sender_scalability,flag_generation,sender,1000,77,false,747459642,747459,gamma=8;p=2^-8;curve=P-256,fixed_target_recipient,ok
2026-08-19T14:33:20.527863773Z,FMD,multiple_signal_sender_scalability,flag_generation,sender,1000,78,false,751130516,751130,gamma=8;p=2^-8;curve=P-256,fixed_target_recipient,ok
2026-08-19T14:33:21.282213628Z,FMD,multiple_signal_sender_scalability,flag_generation,sender,1000,79,false,752434075,752434,gamma=8;p=2^-8;curve=P-256,fixed_target_recipient,ok
2026-08-19T14:33:22.036404511Z,FMD,multiple_signal_sender_scalability,flag_generation,sender,1000,80,false,751803838,751803,gamma=8;p=2^-8;curve=P-256,fixed_target_recipient,ok
2026-08-19T14:33:22.806637774Z,FMD,multiple_signal_sender_scalability,flag_generation,sender,1000,81,false,767760414,767760,gamma=8;p=2^-8;curve=P-256,fixed_target_recipient,ok
2026-08-19T14:33:23.561467048Z,FMD,multiple_signal_sender_scalability,flag_generation,sender,1000,82,false,751326439,751326,gamma=8;p=2^-8;curve=P-256,fixed_target_recipient,ok
2026-08-19T14:33:24.332922347Z,FMD,multiple_signal_sender_scalability,flag_generation,sender,1000,83,false,761507588,761507,gamma=8;p=2^-8;curve=P-256,fixed_target_recipient,ok
2026-08-19T14:33:25.091194886Z,FMD,multiple_signal_sender_scalability,flag_generation,sender,1000,84,false,741989650,741989,gamma=8;p=2^-8;curve=P-256,fixed_target_recipient,ok
2026-08-19T14:33:25.84149243Z,FMD,multiple_signal_sender_scalability,flag_generation,sender,1000,85,false,746042806,746042,gamma=8;p=2^-8;curve=P-256,fixed_target_recipient,ok
2026-08-19T14:33:26.593529389Z,FMD,multiple_signal_sender_scalability,flag_generation,sender,1000,86,false,749698753,749698,gamma=8;p=2^-8;curve=P-256,fixed_target_recipient,ok
2026-08-19T14:33:27.341070182Z,FMD,multiple_signal_sender_scalability,flag_generation,sender,1000,87,false,745342125,745342,gamma=8;p=2^-8;curve=P-256,fixed_target_recipient,ok
2026-08-19T14:33:28.108572982Z,FMD,multiple_signal_sender_scalability,flag_generation,sender,1000,88,false,764804765,764804,gamma=8;p=2^-8;curve=P-256,fixed_target_recipient,ok
2026-08-19T14:33:28.854072076Z,FMD,multiple_signal_sender_scalability,flag_generation,sender,1000,89,false,743614190,743614,gamma=8;p=2^-8;curve=P-256,fixed_target_recipient,ok
2026-08-19T14:33:29.602834083Z,FMD,multiple_signal_sender_scalability,flag_generation,sender,1000,90,false,737744697,737744,gamma=8;p=2^-8;curve=P-256,fixed_target_recipient,ok
2026-08-19T14:33:30.358577218Z,FMD,multiple_signal_sender_scalability,flag_generation,sender,1000,91,false,745873633,745873,gamma=8;p=2^-8;curve=P-256,fixed_target_recipient,ok
2026-08-19T14:33:31.109459902Z,FMD,multiple_signal_sender_scalability,flag_generation,sender,1000,92,false,740479807,740479,gamma=8;p=2^-8;curve=P-256,fixed_target_recipient,ok
2026-08-19T14:33:31.854027433Z,FMD,multiple_signal_sender_scalability,flag_generation,sender,1000,93,false,738205604,738205,gamma=8;p=2^-8;curve=P-256,fixed_target_recipient,ok
2026-08-19T14:33:32.610674638Z,FMD,multiple_signal_sender_scalability,flag_generation,sender,1000,94,false,746000085,746000,gamma=8;p=2^-8;curve=P-256,fixed_target_recipient,ok
2026-08-19T14:33:33.349815233Z,FMD,multiple_signal_sender_scalability,flag_generation,sender,1000,95,false,736869064,736869,gamma=8;p=2^-8;curve=P-256,fixed_target_recipient,ok
2026-08-19T14:33:34.109093245Z,FMD,multiple_signal_sender_scalability,flag_generation,sender,1000,96,false,752023696,752023,gamma=8;p=2^-8;curve=P-256,fixed_target_recipient,ok
2026-08-19T14:33:34.85380295Z,FMD,multiple_signal_sender_scalability,flag_generation,sender,1000,97,false,742540316,742540,gamma=8;p=2^-8;curve=P-256,fixed_target_recipient,ok
2026-08-19T14:33:35.601338026Z,FMD,multiple_signal_sender_scalability,flag_generation,sender,1000,98,false,740417224,740417,gamma=8;p=2^-8;curve=P-256,fixed_target_recipient,ok
2026-08-19T14:33:36.350756893Z,FMD,multiple_signal_sender_scalability,flag_generation,sender,1000,99,false,747616019,747616,gamma=8;p=2^-8;curve=P-256,fixed_target_recipient,ok
