timestamp,scheme,experiment,operation,role,trial,warmup,message_size_bytes,recipient_input_size,scheme_specific_parameters,wall_time_ns,output_bytes,output_bytes_status,status,git_commit,compiler,compiler_version,build_type,machine_id
2026-08-19T14:08:04.01314978Z,FMD,sender_signaling,fmd_flag_generation,sender,-100,true,not_applicable,unclear,gamma=8;p=2^-8;curve=P-256,506576,271,measured,ok,unavailable,gc,go1.18.1,Release,JerryZ
2026-08-19T14:08:04.017482981Z,FMD,sender_signaling,fmd_sender_total_signaling,sender,-100,true,not_applicable,unclear,gamma=8;p=2^-8;curve=P-256,517937,269,measured,ok,unavailable,gc,go1.18.1,Release,JerryZ
2026-08-19T14:08:04.019896241Z,FMD,sender_signaling,fmd_flag_generation,sender,-99,true,not_applicable,unclear,gamma=8;p=2^-8;curve=P-256,404297,268,measured,ok,unavailable,gc,go1.18.1,Release,JerryZ
2026-08-19T14:08:04.022402973Z,FMD,sender_signaling,fmd_sender_total_signaling,sender,-99,true,not_applicable,unclear,gamma=8;p=2^-8;curve=P-256,435403,270,measured,ok,unavailable,gc,go1.18.1,Release,JerryZ
2026-08-19T14:08:04.025171742Z,FMD,sender_signaling,fmd_flag_generation,sender,-98,true,not_applicable,unclear,gamma=8;p=2^-8;curve=P-256,504593,268,measured,ok,unavailable,gc,go1.18.1,Release,JerryZ
2026-08-19T14:08:04.027186587Z,FMD,sender_signaling,fmd_sender_total_signaling,sender,-98,true,not_applicable,unclear,gamma=8;p=2^-8;curve=P-256,390053,268,measured,ok,unavailable,gc,go1.18.1,Release,JerryZ
2026-08-19T14:08:04.029149407Z,FMD,sender_signaling,fmd_flag_generation,sender,-97,true,not_applicable,unclear,gamma=8;p=2^-8;curve=P-256,373219,269,measured,ok,unavailable,gc,go1.18.1,Release,JerryZ
2026-08-19T14:08:04.031722434Z,FMD,sender_signaling,fmd_sender_total_signaling,sender,-97,true,not_applicable,unclear,gamma=8;p=2^-8;curve=P-256,396022,270,measured,ok,unavailable,gc,go1.18.1,Release,JerryZ
2026-08-19T14:08:04.03408731Z,FMD,sender_signaling,fmd_flag_generation,sender,-96,true,not_applicable,unclear,gamma=8;p=2^-8;curve=P-256,429653,269,measured,ok,unavailable,gc,go1.18.1,Release,JerryZ
2026-08-19T14:08:04.036836645Z,FMD,sender_signaling,fmd_sender_total_signaling,sender,-96,true,not_applicable,unclear,gamma=8;p=2^-8;curve=P-256,517974,269,measured,ok,unavailable,gc,go1.18.1,Release,JerryZ
2026-08-19T14:08:04.039435459Z,FMD,sender_signaling,fmd_flag_generation,sender,-95,true,not_applicable,unclear,gamma=8;p=2^-8;curve=P-256,445587,269,measured,ok,unavailable,gc,go1.18.1,Release,JerryZ
2026-08-19T14:08:04.041512763Z,FMD,sender_signaling,fmd_sender_total_signaling,sender,-95,true,not_applicable,unclear,gamma=8;p=2^-8;curve=P-256,385002,269,measured,ok,unavailable,gc,go1.18.1,Release,JerryZ
2026-08-19T14:08:04.04387368Z,FMD,sender_signaling,fmd_flag_generation,sender,-94,true,not_applicable,unclear,gamma=8;p=2^-8;curve=P-256,370528,272,measured,ok,unavailable,gc,go1.18.1,Release,JerryZ
2026-08-19T14:08:04.045815505Z,FMD,sender_signaling,fmd_sender_total_signaling,sender,-94,true,not_applicable,unclear,gamma=8;p=2^-8;curve=P-256,362602,269,measured,ok,unavailable,gc,go1.18.1,Release,JerryZ
2026-08-19T14:08:04.047890146Z,FMD,sender_signaling,fmd_flag_generation,sender,-93,true,not_applicable,unclear,gamma=8;p=2^-8;curve=P-256,384653,270,measured,ok,unavailable,gc,go1.18.1,Release,JerryZ
2026-08-19T14:08:04.050684992Z,FMD,sender_signaling,fmd_sender_total_signaling,sender,-93,true,not_applicable,unclear,gamma=8;p=2^-8;curve=P-256,835998,269,measured,ok,unavailable,gc,go1.18.1,Release,JerryZ
2026-08-19T14:08:04.053844103Z,FMD,sender_signaling,fmd_flag_generation,sender,-92,true,not_applicable,unclear,gamma=8;p=2^-8;curve=P-256,628969,271,measured,ok,unavailable,gc,go1.18.1,Release,JerryZ
2026-08-19T14:08:04.055951851Z,FMD,sender_signaling,fmd_sender_total_signaling,sender,-92,true,not_applicable,unclear,gamma=8;p=2^-8;curve=P-256,376672,270,measured,ok,unavailable,gc,go1.18.1,Release,JerryZ
2026-08-19T14:08:04.057927482Z,FMD,sender_signaling,fmd_flag_generation,sender,-91,true,not_applicable,unclear,gamma=8;p=2^-8;curve=P-256,386022,269,measured,ok,unavailable,gc,go1.18.1,Release,JerryZ
2026-08-19T14:08:04.060408421Z,FMD,sender_signaling,fmd_sender_total_signaling,sender,-91,true,not_applicable,unclear,gamma=8;p=2^-8;curve=P-256,388216,270,measured,ok,unavailable,gc,go1.18.1,Release,JerryZ
2026-08-19T14:08:04.062775207Z,FMD,sender_signaling,fmd_flag_generation,sender,-90,true,not_applicable,unclear,gamma=8;p=2^-8;curve=P-256,423501,270,measured,ok,unavailable,gc,go1.18.1,Release,JerryZ
2026-08-19T14:08:04.064834539Z,FMD,sender_signaling,fmd_sender_total_signaling,sender,-90,true,not_applicable,unclear,gamma=8;p=2^-8;curve=P-256,373862,268,measured,ok,unavailable,gc,go1.18.1,Release,JerryZ
2026-08-19T14:08:04.067372905Z,FMD,sender_signaling,fmd_flag_generation,sender,-89,true,not_applicable,unclear,gamma=8;p=2^-8;curve=P-256,442465,269,measured,ok,unavailable,gc,go1.18.1,Release,JerryZ
2026-08-19T14:08:04.070381866Z,FMD,sender_signaling,fmd_sender_total_signaling,sender,-89,true,not_applicable,unclear,gamma=8;p=2^-8;curve=P-256,398512,268,measured,ok,unavailable,gc,go1.18.1,Release,JerryZ
2026-08-19T14:08:04.072650835Z,FMD,sender_signaling,fmd_flag_generation,sender,-88,true,not_applicable,unclear,gamma=8;p=2^-8;curve=P-256,450014,270,measured,ok,unavailable,gc,go1.18.1,Release,JerryZ
2026-08-19T14:08:04.075526888Z,FMD,sender_signaling,fmd_sender_total_signaling,sender,-88,true,not_applicable,unclear,gamma=8;p=2^-8;curve=P-256,393286,269,measured,ok,unavailable,gc,go1.18.1,Release,JerryZ
2026-08-19T14:08:04.078170832Z,FMD,sender_signaling,fmd_flag_generation,sender,-87,true,not_applicable,unclear,gamma=8;p=2^-8;curve=P-256,816768,269,measured,ok,unavailable,gc,go1.18.1,Release,JerryZ
2026-08-19T14:08:04.080547822Z,FMD,sender_signaling,fmd_sender_total_signaling,sender,-87,true,not_applicable,unclear,gamma=8;p=2^-8;curve=P-256,809558,269,measured,ok,unavailable,gc,go1.18.1,Release,JerryZ
2026-08-19T14:08:04.08276123Z,FMD,sender_signaling,fmd_flag_generation,sender,-86,true,not_applicable,unclear,gamma=8;p=2^-8;curve=P-256,415961,270,measured,ok,unavailable,gc,go1.18.1,Release,JerryZ
2026-08-19T14:08:04.084894766Z,FMD,sender_signaling,fmd_sender_total_signaling,sender,-86,true,not_applicable,unclear,gamma=8;p=2^-8;curve=P-256,400146,270,measured,ok,unavailable,gc,go1.18.1,Release,JerryZ
2026-08-19T14:08:04.087838049Z,FMD,sender_signaling,fmd_flag_generation,sender,-85,true,not_applicable,unclear,gamma=8;p=2^-8;curve=P-256,445275,269,measured,ok,unavailable,gc,go1.18.1,Release,JerryZ
2026-08-19T14:08:04.090602965Z,FMD,sender_signaling,fmd_sender_total_signaling,sender,-85,true,not_applicable,unclear,gamma=8;p=2^-8;curve=P-256,831581,269,measured,ok,unavailable,gc,go1.18.1,Release,JerryZ
2026-08-19T14:08:04.093177014Z,FMD,sender_signaling,fmd_flag_generation,sender,-84,true,not_applicable,unclear,gamma=8;p=2^-8;curve=P-256,415639,269,measured,ok,unavailable,gc,go1.18.1,Release,JerryZ
2026-08-19T14:08:04.095358357Z,FMD,sender_signaling,fmd_sender_total_signaling,sender,-84,true,not_applicable,unclear,gamma=8;p=2^-8;curve=P-256,428074,269,measured,ok,unavailable,gc,go1.18.1,Release,JerryZ
2026-08-19T14:08:04.098325136Z,FMD,sender_signaling,fmd_flag_generation,sender,-83,true,not_applicable,unclear,gamma=8;p=2^-8;curve=P-256,802634,270,measured,ok,unavailable,gc,go1.18.1,Release,JerryZ
2026-08-19T14:08:04.100539008Z,FMD,sender_signaling,fmd_sender_total_signaling,sender,-83,true,not_applicable,unclear,gamma=8;p=2^-8;curve=P-256,392138,269,measured,ok,unavailable,gc,go1.18.1,Release,JerryZ
2026-08-19T14:08:04.102960083Z,FMD,sender_signaling,fmd_flag_generation,sender,-82,true,not_applicable,unclear,gamma=8;p=2^-8;curve=P-256,403507,269,measured,ok,unavailable,gc,go1.18.1,Release,JerryZ
2026-08-19T14:08:04.105020976Z,FMD,sender_signaling,fmd_sender_total_signaling,sender,-82,true,not_applicable,unclear,gamma=8;p=2^-8;curve=P-256,375286,270,measured,ok,unavailable,gc,go1.18.1,Release,JerryZ
2026-08-19T14:08:04.107921807Z,FMD,sender_signaling,fmd_flag_generation,sender,-81,true,not_applicable,unclear,gamma=8;p=2^-8;curve=P-256,885150,269,measured,ok,unavailable,gc,go1.18.1,Release,JerryZ
2026-08-19T14:08:04.111040743Z,FMD,sender_signaling,fmd_sender_total_signaling,sender,-81,true,not_applicable,unclear,gamma=8;p=2^-8;curve=P-256,856037,270,measured,ok,unavailable,gc,go1.18.1,Release,JerryZ
2026-08-19T14:08:04.113559612Z,FMD,sender_signaling,fmd_flag_generation,sender,-80,true,not_applicable,unclear,gamma=8;p=2^-8;curve=P-256,437579,269,measured,ok,unavailable,gc,go1.18.1,Release,JerryZ
2026-08-19T14:08:04.116665113Z,FMD,sender_signaling,fmd_sender_total_signaling,sender,-80,true,not_applicable,unclear,gamma=8;p=2^-8;curve=P-256,813819,269,measured,ok,unavailable,gc,go1.18.1,Release,JerryZ
2026-08-19T14:08:04.118784019Z,FMD,sender_signaling,fmd_flag_generation,sender,-79,true,not_applicable,unclear,gamma=8;p=2^-8;curve=P-256,370813,269,measured,ok,unavailable,gc,go1.18.1,Release,JerryZ
2026-08-19T14:08:04.121284476Z,FMD,sender_signaling,fmd_sender_total_signaling,sender,-79,true,not_applicable,unclear,gamma=8;p=2^-8;curve=P-256,814821,269,measured,ok,unavailable,gc,go1.18.1,Release,JerryZ
2026-08-19T14:08:04.123719323Z,FMD,sender_signaling,fmd_flag_generation,sender,-78,true,not_applicable,unclear,gamma=8;p=2^-8;curve=P-256,478263,268,measured,ok,unavailable,gc,go1.18.1,Release,JerryZ
2026-08-19T14:08:04.126051486Z,FMD,sender_signaling,fmd_sender_total_signaling,sender,-78,true,not_applicable,unclear,gamma=8;p=2^-8;curve=P-256,385920,269,measured,ok,unavailable,gc,go1.18.1,Release,JerryZ
2026-08-19T14:08:04.128580338Z,FMD,sender_signaling,fmd_flag_generation,sender,-77,true,not_applicable,unclear,gamma=8;p=2^-8;curve=P-256,446267,269,measured,ok,unavailable,gc,go1.18.1,Release,JerryZ
2026-08-19T14:08:04.130561718Z,FMD,sender_signaling,fmd_sender_total_signaling,sender,-77,true,not_applicable,unclear,gamma=8;p=2^-8;curve=P-256,366377,269,measured,ok,unavailable,gc,go1.18.1,Release,JerryZ
2026-08-19T14:08:04.132581688Z,FMD,sender_signaling,fmd_flag_generation,sender,-76,true,not_applicable,unclear,gamma=8;p=2^-8;curve=P-256,380980,268,measured,ok,unavailable,gc,go1.18.1,Release,JerryZ
2026-08-19T14:08:04.134975428Z,FMD,sender_signaling,fmd_sender_total_signaling,sender,-76,true,not_applicable,unclear,gamma=8;p=2^-8;curve=P-256,393305,269,measured,ok,unavailable,gc,go1.18.1,Release,JerryZ
2026-08-19T14:08:04.137465349Z,FMD,sender_signaling,fmd_flag_generation,sender,-75,true,not_applicable,unclear,gamma=8;p=2^-8;curve=P-256,597505,269,measured,ok,unavailable,gc,go1.18.1,Release,JerryZ
2026-08-19T14:08:04.139885263Z,FMD,sender_signaling,fmd_sender_total_signaling,sender,-75,true,not_applicable,unclear,gamma=8;p=2^-8;curve=P-256,373605,269,measured,ok,unavailable,gc,go1.18.1,Release,JerryZ
2026-08-19T14:08:04.142293697Z,FMD,sender_signaling,fmd_flag_generation,sender,-74,true,not_applicable,unclear,gamma=8;p=2^-8;curve=P-256,738063,269,measured,ok,unavailable,gc,go1.18.1,Release,JerryZ
2026-08-19T14:08:04.14558921Z,FMD,sender_signaling,fmd_sender_total_signaling,sender,-74,true,not_applicable,unclear,gamma=8;p=2^-8;curve=P-256,389061,270,measured,ok,unavailable,gc,go1.18.1,Release,JerryZ
2026-08-19T14:08:04.147893987Z,FMD,sender_signaling,fmd_flag_generation,sender,-73,true,not_applicable,unclear,gamma=8;p=2^-8;curve=P-256,460327,268,measured,ok,unavailable,gc,go1.18.1,Release,JerryZ
2026-08-19T14:08:04.15027509Z,FMD,sender_signaling,fmd_sender_total_signaling,sender,-73,true,not_applicable,unclear,gamma=8;p=2^-8;curve=P-256,387040,268,measured,ok,unavailable,gc,go1.18.1,Release,JerryZ
2026-08-19T14:08:04.152236761Z,FMD,sender_signaling,fmd_flag_generation,sender,-72,true,not_applicable,unclear,gamma=8;p=2^-8;curve=P-256,369711,270,measured,ok,unavailable,gc,go1.18.1,Release,JerryZ
2026-08-19T14:08:04.154673675Z,FMD,sender_signaling,fmd_sender_total_signaling,sender,-72,true,not_applicable,unclear,gamma=8;p=2^-8;curve=P-256,401964,270,measured,ok,unavailable,gc,go1.18.1,Release,JerryZ
2026-08-19T14:08:04.156741914Z,FMD,sender_signaling,fmd_flag_generation,sender,-71,true,not_applicable,unclear,gamma=8;p=2^-8;curve=P-256,385471,269,measured,ok,unavailable,gc,go1.18.1,Release,JerryZ
2026-08-19T14:08:04.158988521Z,FMD,sender_signaling,fmd_sender_total_signaling,sender,-71,true,not_applicable,unclear,gamma=8;p=2^-8;curve=P-256,503215,268,measured,ok,unavailable,gc,go1.18.1,Release,JerryZ
2026-08-19T14:08:04.161814073Z,FMD,sender_signaling,fmd_flag_generation,sender,-70,true,not_applicable,unclear,gamma=8;p=2^-8;curve=P-256,380172,270,measured,ok,unavailable,gc,go1.18.1,Release,JerryZ
2026-08-19T14:08:04.16421156Z,FMD,sender_signaling,fmd_sender_total_signaling,sender,-70,true,not_applicable,unclear,gamma=8;p=2^-8;curve=P-256,747136,271,measured,ok,unavailable,gc,go1.18.1,Release,JerryZ
2026-08-19T14:08:04.166415068Z,FMD,sender_signaling,fmd_flag_generation,sender,-69,true,not_applicable,unclear,gamma=8;p=2^-8;curve=P-256,380878,269,measured,ok,unavailable,gc,go1.18.1,Release,JerryZ
2026-08-19T14:08:04.168508017Z,FMD,sender_signaling,fmd_sender_total_signaling,sender,-69,true,not_applicable,unclear,gamma=8;p=2^-8;curve=P-256,401772,269,measured,ok,unavailable,gc,go1.18.1,Release,JerryZ
2026-08-19T14:08:04.171424824Z,FMD,sender_signaling,fmd_flag_generation,sender,-68,true,not_applicable,unclear,gamma=8;p=2^-8;curve=P-256,687249,269,measured,ok,unavailable,gc,go1.18.1,Release,JerryZ
2026-08-19T14:08:04.173554375Z,FMD,sender_signaling,fmd_sender_total_signaling,sender,-68,true,not_applicable,unclear,gamma=8;p=2^-8;curve=P-256,370914,269,measured,ok,unavailable,gc,go1.18.1,Release,JerryZ
2026-08-19T14:08:04.176249756Z,FMD,sender_signaling,fmd_flag_generation,sender,-67,true,not_applicable,unclear,gamma=8;p=2^-8;curve=P-256,394011,270,measured,ok,unavailable,gc,go1.18.1,Release,JerryZ
2026-08-19T14:08:04.178527046Z,FMD,sender_signaling,fmd_sender_total_signaling,sender,-67,true,not_applicable,unclear,gamma=8;p=2^-8;curve=P-256,739963,269,measured,ok,unavailable,gc,go1.18.1,Release,JerryZ
2026-08-19T14:08:04.180562499Z,FMD,sender_signaling,fmd_flag_generation,sender,-66,true,not_applicable,unclear,gamma=8;p=2^-8;curve=P-256,370226,269,measured,ok,unavailable,gc,go1.18.1,Release,JerryZ
2026-08-19T14:08:04.182399446Z,FMD,sender_signaling,fmd_sender_total_signaling,sender,-66,true,not_applicable,unclear,gamma=8;p=2^-8;curve=P-256,360371,270,measured,ok,unavailable,gc,go1.18.1,Release,JerryZ
2026-08-19T14:08:04.184482224Z,FMD,sender_signaling,fmd_flag_generation,sender,-65,true,not_applicable,unclear,gamma=8;p=2^-8;curve=P-256,384570,270,measured,ok,unavailable,gc,go1.18.1,Release,JerryZ
2026-08-19T14:08:04.18699324Z,FMD,sender_signaling,fmd_sender_total_signaling,sender,-65,true,not_applicable,unclear,gamma=8;p=2^-8;curve=P-256,382991,269,measured,ok,unavailable,gc,go1.18.1,Release,JerryZ
2026-08-19T14:08:04.189085285Z,FMD,sender_signaling,fmd_flag_generation,sender,-64,true,not_applicable,unclear,gamma=8;p=2^-8;curve=P-256,383734,269,measured,ok,unavailable,gc,go1.18.1,Release,JerryZ
2026-08-19T14:08:04.191393009Z,FMD,sender_signaling,fmd_sender_total_signaling,sender,-64,true,not_applicable,unclear,gamma=8;p=2^-8;curve=P-256,396271,269,measured,ok,unavailable,gc,go1.18.1,Release,JerryZ
2026-08-19T14:08:04.193301415Z,FMD,sender_signaling,fmd_flag_generation,sender,-63,true,not_applicable,unclear,gamma=8;p=2^-8;curve=P-256,361684,270,measured,ok,unavailable,gc,go1.18.1,Release,JerryZ
2026-08-19T14:08:04.195611363Z,FMD,sender_signaling,fmd_sender_total_signaling,sender,-63,true,not_applicable,unclear,gamma=8;p=2^-8;curve=P-256,395609,269,measured,ok,unavailable,gc,go1.18.1,Release,JerryZ
2026-08-19T14:08:04.198150096Z,FMD,sender_signaling,fmd_flag_generation,sender,-62,true,not_applicable,unclear,gamma=8;p=2^-8;curve=P-256,803166,270,measured,ok,unavailable,gc,go1.18.1,Release,JerryZ
2026-08-19T14:08:04.200311597Z,FMD,sender_signaling,fmd_sender_total_signaling,sender,-62,true,not_applicable,unclear,gamma=8;p=2^-8;curve=P-256,370941,270,measured,ok,unavailable,gc,go1.18.1,Release,JerryZ
2026-08-19T14:08:04.202599733Z,FMD,sender_signaling,fmd_flag_generation,sender,-61,true,not_applicable,unclear,gamma=8;p=2^-8;curve=P-256,444036,270,measured,ok,unavailable,gc,go1.18.1,Release,JerryZ
2026-08-19T14:08:04.205284782Z,FMD,sender_signaling,fmd_sender_total_signaling,sender,-61,true,not_applicable,unclear,gamma=8;p=2^-8;curve=P-256,419414,269,measured,ok,unavailable,gc,go1.18.1,Release,JerryZ
2026-08-19T14:08:04.207531683Z,FMD,sender_signaling,fmd_flag_generation,sender,-60,true,not_applicable,unclear,gamma=8;p=2^-8;curve=P-256,426550,269,measured,ok,unavailable,gc,go1.18.1,Release,JerryZ
2026-08-19T14:08:04.209649717Z,FMD,sender_signaling,fmd_sender_total_signaling,sender,-60,true,not_applicable,unclear,gamma=8;p=2^-8;curve=P-256,371741,269,measured,ok,unavailable,gc,go1.18.1,Release,JerryZ
2026-08-19T14:08:04.212003361Z,FMD,sender_signaling,fmd_flag_generation,sender,-59,true,not_applicable,unclear,gamma=8;p=2^-8;curve=P-256,366341,269,measured,ok,unavailable,gc,go1.18.1,Release,JerryZ
2026-08-19T14:08:04.214092578Z,FMD,sender_signaling,fmd_sender_total_signaling,sender,-59,true,not_applicable,unclear,gamma=8;p=2^-8;curve=P-256,400036,269,measured,ok,unavailable,gc,go1.18.1,Release,JerryZ
2026-08-19T14:08:04.216392763Z,FMD,sender_signaling,fmd_flag_generation,sender,-58,true,not_applicable,unclear,gamma=8;p=2^-8;curve=P-256,428928,270,measured,ok,unavailable,gc,go1.18.1,Release,JerryZ
2026-08-19T14:08:04.218344507Z,FMD,sender_signaling,fmd_sender_total_signaling,sender,-58,true,not_applicable,unclear,gamma=8;p=2^-8;curve=P-256,357147,269,measured,ok,unavailable,gc,go1.18.1,Release,JerryZ
2026-08-19T14:08:04.221247441Z,FMD,sender_signaling,fmd_flag_generation,sender,-57,true,not_applicable,unclear,gamma=8;p=2^-8;curve=P-256,831746,269,measured,ok,unavailable,gc,go1.18.1,Release,JerryZ
2026-08-19T14:08:04.223264022Z,FMD,sender_signaling,fmd_sender_total_signaling,sender,-57,true,not_applicable,unclear,gamma=8;p=2^-8;curve=P-256,379923,270,measured,ok,unavailable,gc,go1.18.1,Release,JerryZ
2026-08-19T14:08:04.225718402Z,FMD,sender_signaling,fmd_flag_generation,sender,-56,true,not_applicable,unclear,gamma=8;p=2^-8;curve=P-256,379023,269,measured,ok,unavailable,gc,go1.18.1,Release,JerryZ
2026-08-19T14:08:04.22770374Z,FMD,sender_signaling,fmd_sender_total_signaling,sender,-56,true,not_applicable,unclear,gamma=8;p=2^-8;curve=P-256,362290,270,measured,ok,unavailable,gc,go1.18.1,Release,JerryZ
2026-08-19T14:08:04.22975882Z,FMD,sender_signaling,fmd_flag_generation,sender,-55,true,not_applicable,unclear,gamma=8;p=2^-8;curve=P-256,365836,269,measured,ok,unavailable,gc,go1.18.1,Release,JerryZ
2026-08-19T14:08:04.231775539Z,FMD,sender_signaling,fmd_sender_total_signaling,sender,-55,true,not_applicable,unclear,gamma=8;p=2^-8;curve=P-256,355788,269,measured,ok,unavailable,gc,go1.18.1,Release,JerryZ
2026-08-19T14:08:04.234344138Z,FMD,sender_signaling,fmd_flag_generation,sender,-54,true,not_applicable,unclear,gamma=8;p=2^-8;curve=P-256,673868,269,measured,ok,unavailable,gc,go1.18.1,Release,JerryZ
2026-08-19T14:08:04.237137142Z,FMD,sender_signaling,fmd_sender_total_signaling,sender,-54,true,not_applicable,unclear,gamma=8;p=2^-8;curve=P-256,369380,268,measured,ok,unavailable,gc,go1.18.1,Release,JerryZ
2026-08-19T14:08:04.239070316Z,FMD,sender_signaling,fmd_flag_generation,sender,-53,true,not_applicable,unclear,gamma=8;p=2^-8;curve=P-256,366349,267,measured,ok,unavailable,gc,go1.18.1,Release,JerryZ
2026-08-19T14:08:04.241450418Z,FMD,sender_signaling,fmd_sender_total_signaling,sender,-53,true,not_applicable,unclear,gamma=8;p=2^-8;curve=P-256,396812,270,measured,ok,unavailable,gc,go1.18.1,Release,JerryZ
2026-08-19T14:08:04.244182185Z,FMD,sender_signaling,fmd_flag_generation,sender,-52,true,not_applicable,unclear,gamma=8;p=2^-8;curve=P-256,688332,270,measured,ok,unavailable,gc,go1.18.1,Release,JerryZ
2026-08-19T14:08:04.247310131Z,FMD,sender_signaling,fmd_sender_total_signaling,sender,-52,true,not_applicable,unclear,gamma=8;p=2^-8;curve=P-256,496576,270,measured,ok,unavailable,gc,go1.18.1,Release,JerryZ
2026-08-19T14:08:04.250118693Z,FMD,sender_signaling,fmd_flag_generation,sender,-51,true,not_applicable,unclear,gamma=8;p=2^-8;curve=P-256,736713,271,measured,ok,unavailable,gc,go1.18.1,Release,JerryZ
2026-08-19T14:08:04.252687613Z,FMD,sender_signaling,fmd_sender_total_signaling,sender,-51,true,not_applicable,unclear,gamma=8;p=2^-8;curve=P-256,364806,269,measured,ok,unavailable,gc,go1.18.1,Release,JerryZ
2026-08-19T14:08:04.255564732Z,FMD,sender_signaling,fmd_flag_generation,sender,-50,true,not_applicable,unclear,gamma=8;p=2^-8;curve=P-256,790438,269,measured,ok,unavailable,gc,go1.18.1,Release,JerryZ
2026-08-19T14:08:04.257642946Z,FMD,sender_signaling,fmd_sender_total_signaling,sender,-50,true,not_applicable,unclear,gamma=8;p=2^-8;curve=P-256,362529,269,measured,ok,unavailable,gc,go1.18.1,Release,JerryZ
2026-08-19T14:08:04.259524881Z,FMD,sender_signaling,fmd_flag_generation,sender,-49,true,not_applicable,unclear,gamma=8;p=2^-8;curve=P-256,381742,269,measured,ok,unavailable,gc,go1.18.1,Release,JerryZ
2026-08-19T14:08:04.262104367Z,FMD,sender_signaling,fmd_sender_total_signaling,sender,-49,true,not_applicable,unclear,gamma=8;p=2^-8;curve=P-256,801431,270,measured,ok,unavailable,gc,go1.18.1,Release,JerryZ
2026-08-19T14:08:04.264202022Z,FMD,sender_signaling,fmd_flag_generation,sender,-48,true,not_applicable,unclear,gamma=8;p=2^-8;curve=P-256,369601,270,measured,ok,unavailable,gc,go1.18.1,Release,JerryZ
2026-08-19T14:08:04.26726879Z,FMD,sender_signaling,fmd_sender_total_signaling,sender,-48,true,not_applicable,unclear,gamma=8;p=2^-8;curve=P-256,833455,269,measured,ok,unavailable,gc,go1.18.1,Release,JerryZ
2026-08-19T14:08:04.269672444Z,FMD,sender_signaling,fmd_flag_generation,sender,-47,true,not_applicable,unclear,gamma=8;p=2^-8;curve=P-256,371005,268,measured,ok,unavailable,gc,go1.18.1,Release,JerryZ
2026-08-19T14:08:04.271920814Z,FMD,sender_signaling,fmd_sender_total_signaling,sender,-47,true,not_applicable,unclear,gamma=8;p=2^-8;curve=P-256,378124,269,measured,ok,unavailable,gc,go1.18.1,Release,JerryZ
2026-08-19T14:08:04.274806979Z,FMD,sender_signaling,fmd_flag_generation,sender,-46,true,not_applicable,unclear,gamma=8;p=2^-8;curve=P-256,786387,271,measured,ok,unavailable,gc,go1.18.1,Release,JerryZ
2026-08-19T14:08:04.277709481Z,FMD,sender_signaling,fmd_sender_total_signaling,sender,-46,true,not_applicable,unclear,gamma=8;p=2^-8;curve=P-256,450565,268,measured,ok,unavailable,gc,go1.18.1,Release,JerryZ
2026-08-19T14:08:04.280137697Z,FMD,sender_signaling,fmd_flag_generation,sender,-45,true,not_applicable,unclear,gamma=8;p=2^-8;curve=P-256,378445,269,measured,ok,unavailable,gc,go1.18.1,Release,JerryZ
2026-08-19T14:08:04.282973333Z,FMD,sender_signaling,fmd_sender_total_signaling,sender,-45,true,not_applicable,unclear,gamma=8;p=2^-8;curve=P-256,390035,270,measured,ok,unavailable,gc,go1.18.1,Release,JerryZ
2026-08-19T14:08:04.285903974Z,FMD,sender_signaling,fmd_flag_generation,sender,-44,true,not_applicable,unclear,gamma=8;p=2^-8;curve=P-256,810707,269,measured,ok,unavailable,gc,go1.18.1,Release,JerryZ
2026-08-19T14:08:04.288116087Z,FMD,sender_signaling,fmd_sender_total_signaling,sender,-44,true,not_applicable,unclear,gamma=8;p=2^-8;curve=P-256,358268,269,measured,ok,unavailable,gc,go1.18.1,Release,JerryZ
2026-08-19T14:08:04.290061962Z,FMD,sender_signaling,fmd_flag_generation,sender,-43,true,not_applicable,unclear,gamma=8;p=2^-8;curve=P-256,358957,270,measured,ok,unavailable,gc,go1.18.1,Release,JerryZ
2026-08-19T14:08:04.292467292Z,FMD,sender_signaling,fmd_sender_total_signaling,sender,-43,true,not_applicable,unclear,gamma=8;p=2^-8;curve=P-256,360390,270,measured,ok,unavailable,gc,go1.18.1,Release,JerryZ
2026-08-19T14:08:04.295049492Z,FMD,sender_signaling,fmd_flag_generation,sender,-42,true,not_applicable,unclear,gamma=8;p=2^-8;curve=P-256,883644,266,measured,ok,unavailable,gc,go1.18.1,Release,JerryZ
2026-08-19T14:08:04.297774725Z,FMD,sender_signaling,fmd_sender_total_signaling,sender,-42,true,not_applicable,unclear,gamma=8;p=2^-8;curve=P-256,409027,269,measured,ok,unavailable,gc,go1.18.1,Release,JerryZ
2026-08-19T14:08:04.299912583Z,FMD,sender_signaling,fmd_flag_generation,sender,-41,true,not_applicable,unclear,gamma=8;p=2^-8;curve=P-256,371043,269,measured,ok,unavailable,gc,go1.18.1,Release,JerryZ
2026-08-19T14:08:04.302421312Z,FMD,sender_signaling,fmd_sender_total_signaling,sender,-41,true,not_applicable,unclear,gamma=8;p=2^-8;curve=P-256,374074,269,measured,ok,unavailable,gc,go1.18.1,Release,JerryZ
2026-08-19T14:08:04.304691578Z,FMD,sender_signaling,fmd_flag_generation,sender,-40,true,not_applicable,unclear,gamma=8;p=2^-8;curve=P-256,374734,269,measured,ok,unavailable,gc,go1.18.1,Release,JerryZ
2026-08-19T14:08:04.307355147Z,FMD,sender_signaling,fmd_sender_total_signaling,sender,-40,true,not_applicable,unclear,gamma=8;p=2^-8;curve=P-256,508909,269,measured,ok,unavailable,gc,go1.18.1,Release,JerryZ
2026-08-19T14:08:04.309809013Z,FMD,sender_signaling,fmd_flag_generation,sender,-39,true,not_applicable,unclear,gamma=8;p=2^-8;curve=P-256,384626,270,measured,ok,unavailable,gc,go1.18.1,Release,JerryZ
2026-08-19T14:08:04.312761944Z,FMD,sender_signaling,fmd_sender_total_signaling,sender,-39,true,not_applicable,unclear,gamma=8;p=2^-8;curve=P-256,837927,269,measured,ok,unavailable,gc,go1.18.1,Release,JerryZ
2026-08-19T14:08:04.317617099Z,FMD,sender_signaling,fmd_flag_generation,sender,-38,true,not_applicable,unclear,gamma=8;p=2^-8;curve=P-256,400339,269,measured,ok,unavailable,gc,go1.18.1,Release,JerryZ
2026-08-19T14:08:04.319785148Z,FMD,sender_signaling,fmd_sender_total_signaling,sender,-38,true,not_applicable,unclear,gamma=8;p=2^-8;curve=P-256,369757,269,measured,ok,unavailable,gc,go1.18.1,Release,JerryZ
2026-08-19T14:08:04.322451417Z,FMD,sender_signaling,fmd_flag_generation,sender,-37,true,not_applicable,unclear,gamma=8;p=2^-8;curve=P-256,811927,269,measured,ok,unavailable,gc,go1.18.1,Release,JerryZ
2026-08-19T14:08:04.324549926Z,FMD,sender_signaling,fmd_sender_total_signaling,sender,-37,true,not_applicable,unclear,gamma=8;p=2^-8;curve=P-256,379152,269,measured,ok,unavailable,gc,go1.18.1,Release,JerryZ
2026-08-19T14:08:04.327728162Z,FMD,sender_signaling,fmd_flag_generation,sender,-36,true,not_applicable,unclear,gamma=8;p=2^-8;curve=P-256,563498,270,measured,ok,unavailable,gc,go1.18.1,Release,JerryZ
2026-08-19T14:08:04.329720094Z,FMD,sender_signaling,fmd_sender_total_signaling,sender,-36,true,not_applicable,unclear,gamma=8;p=2^-8;curve=P-256,354089,269,measured,ok,unavailable,gc,go1.18.1,Release,JerryZ
2026-08-19T14:08:04.331717288Z,FMD,sender_signaling,fmd_flag_generation,sender,-35,true,not_applicable,unclear,gamma=8;p=2^-8;curve=P-256,374716,268,measured,ok,unavailable,gc,go1.18.1,Release,JerryZ
2026-08-19T14:08:04.334374859Z,FMD,sender_signaling,fmd_sender_total_signaling,sender,-35,true,not_applicable,unclear,gamma=8;p=2^-8;curve=P-256,655363,269,measured,ok,unavailable,gc,go1.18.1,Release,JerryZ
2026-08-19T14:08:04.336721629Z,FMD,sender_signaling,fmd_flag_generation,sender,-34,true,not_applicable,unclear,gamma=8;p=2^-8;curve=P-256,419000,270,measured,ok,unavailable,gc,go1.18.1,Release,JerryZ
2026-08-19T14:08:04.339840451Z,FMD,sender_signaling,fmd_sender_total_signaling,sender,-34,true,not_applicable,unclear,gamma=8;p=2^-8;curve=P-256,400431,268,measured,ok,unavailable,gc,go1.18.1,Release,JerryZ
2026-08-19T14:08:04.343014407Z,FMD,sender_signaling,fmd_flag_generation,sender,-33,true,not_applicable,unclear,gamma=8;p=2^-8;curve=P-256,498376,268,measured,ok,unavailable,gc,go1.18.1,Release,JerryZ
2026-08-19T14:08:04.345133984Z,FMD,sender_signaling,fmd_sender_total_signaling,sender,-33,true,not_applicable,unclear,gamma=8;p=2^-8;curve=P-256,371079,269,measured,ok,unavailable,gc,go1.18.1,Release,JerryZ
2026-08-19T14:08:04.34770093Z,FMD,sender_signaling,fmd_flag_generation,sender,-32,true,not_applicable,unclear,gamma=8;p=2^-8;curve=P-256,451685,269,measured,ok,unavailable,gc,go1.18.1,Release,JerryZ
2026-08-19T14:08:04.350235027Z,FMD,sender_signaling,fmd_sender_total_signaling,sender,-32,true,not_applicable,unclear,gamma=8;p=2^-8;curve=P-256,365267,269,measured,ok,unavailable,gc,go1.18.1,Release,JerryZ
2026-08-19T14:08:04.352848783Z,FMD,sender_signaling,fmd_flag_generation,sender,-31,true,not_applicable,unclear,gamma=8;p=2^-8;curve=P-256,447892,269,measured,ok,unavailable,gc,go1.18.1,Release,JerryZ
2026-08-19T14:08:04.354976754Z,FMD,sender_signaling,fmd_sender_total_signaling,sender,-31,true,not_applicable,unclear,gamma=8;p=2^-8;curve=P-256,358727,269,measured,ok,unavailable,gc,go1.18.1,Release,JerryZ
2026-08-19T14:08:04.357909683Z,FMD,sender_signaling,fmd_flag_generation,sender,-30,true,not_applicable,unclear,gamma=8;p=2^-8;curve=P-256,732746,268,measured,ok,unavailable,gc,go1.18.1,Release,JerryZ
2026-08-19T14:08:04.359995619Z,FMD,sender_signaling,fmd_sender_total_signaling,sender,-30,true,not_applicable,unclear,gamma=8;p=2^-8;curve=P-256,369527,269,measured,ok,unavailable,gc,go1.18.1,Release,JerryZ
2026-08-19T14:08:04.362280752Z,FMD,sender_signaling,fmd_flag_generation,sender,-29,true,not_applicable,unclear,gamma=8;p=2^-8;curve=P-256,624037,270,measured,ok,unavailable,gc,go1.18.1,Release,JerryZ
2026-08-19T14:08:04.364639043Z,FMD,sender_signaling,fmd_sender_total_signaling,sender,-29,true,not_applicable,unclear,gamma=8;p=2^-8;curve=P-256,448948,269,measured,ok,unavailable,gc,go1.18.1,Release,JerryZ
2026-08-19T14:08:04.366966761Z,FMD,sender_signaling,fmd_flag_generation,sender,-28,true,not_applicable,unclear,gamma=8;p=2^-8;curve=P-256,351684,269,measured,ok,unavailable,gc,go1.18.1,Release,JerryZ
2026-08-19T14:08:04.369802098Z,FMD,sender_signaling,fmd_sender_total_signaling,sender,-28,true,not_applicable,unclear,gamma=8;p=2^-8;curve=P-256,500974,270,measured,ok,unavailable,gc,go1.18.1,Release,JerryZ
2026-08-19T14:08:04.372943402Z,FMD,sender_signaling,fmd_flag_generation,sender,-27,true,not_applicable,unclear,gamma=8;p=2^-8;curve=P-256,406446,270,measured,ok,unavailable,gc,go1.18.1,Release,JerryZ
2026-08-19T14:08:04.375379616Z,FMD,sender_signaling,fmd_sender_total_signaling,sender,-27,true,not_applicable,unclear,gamma=8;p=2^-8;curve=P-256,479273,269,measured,ok,unavailable,gc,go1.18.1,Release,JerryZ
2026-08-19T14:08:04.377716243Z,FMD,sender_signaling,fmd_flag_generation,sender,-26,true,not_applicable,unclear,gamma=8;p=2^-8;curve=P-256,596679,269,measured,ok,unavailable,gc,go1.18.1,Release,JerryZ
2026-08-19T14:08:04.380110828Z,FMD,sender_signaling,fmd_sender_total_signaling,sender,-26,true,not_applicable,unclear,gamma=8;p=2^-8;curve=P-256,359095,269,measured,ok,unavailable,gc,go1.18.1,Release,JerryZ
2026-08-19T14:08:04.383028079Z,FMD,sender_signaling,fmd_flag_generation,sender,-25,true,not_applicable,unclear,gamma=8;p=2^-8;curve=P-256,870015,269,measured,ok,unavailable,gc,go1.18.1,Release,JerryZ
2026-08-19T14:08:04.386087312Z,FMD,sender_signaling,fmd_sender_total_signaling,sender,-25,true,not_applicable,unclear,gamma=8;p=2^-8;curve=P-256,642129,270,measured,ok,unavailable,gc,go1.18.1,Release,JerryZ
2026-08-19T14:08:04.388838163Z,FMD,sender_signaling,fmd_flag_generation,sender,-24,true,not_applicable,unclear,gamma=8;p=2^-8;curve=P-256,636371,270,measured,ok,unavailable,gc,go1.18.1,Release,JerryZ
2026-08-19T14:08:04.390959995Z,FMD,sender_signaling,fmd_sender_total_signaling,sender,-24,true,not_applicable,unclear,gamma=8;p=2^-8;curve=P-256,359765,270,measured,ok,unavailable,gc,go1.18.1,Release,JerryZ
2026-08-19T14:08:04.393141686Z,FMD,sender_signaling,fmd_flag_generation,sender,-23,true,not_applicable,unclear,gamma=8;p=2^-8;curve=P-256,630677,269,measured,ok,unavailable,gc,go1.18.1,Release,JerryZ
2026-08-19T14:08:04.39553646Z,FMD,sender_signaling,fmd_sender_total_signaling,sender,-23,true,not_applicable,unclear,gamma=8;p=2^-8;curve=P-256,657931,269,measured,ok,unavailable,gc,go1.18.1,Release,JerryZ
2026-08-19T14:08:04.398446912Z,FMD,sender_signaling,fmd_flag_generation,sender,-22,true,not_applicable,unclear,gamma=8;p=2^-8;curve=P-256,1107999,269,measured,ok,unavailable,gc,go1.18.1,Release,JerryZ
2026-08-19T14:08:04.40117873Z,FMD,sender_signaling,fmd_sender_total_signaling,sender,-22,true,not_applicable,unclear,gamma=8;p=2^-8;curve=P-256,624529,269,measured,ok,unavailable,gc,go1.18.1,Release,JerryZ
2026-08-19T14:08:04.403564181Z,FMD,sender_signaling,fmd_flag_generation,sender,-21,true,not_applicable,unclear,gamma=8;p=2^-8;curve=P-256,463115,269,measured,ok,unavailable,gc,go1.18.1,Release,JerryZ
2026-08-19T14:08:04.40669491Z,FMD,sender_signaling,fmd_sender_total_signaling,sender,-21,true,not_applicable,unclear,gamma=8;p=2^-8;curve=P-256,397456,268,measured,ok,unavailable,gc,go1.18.1,Release,JerryZ
2026-08-19T14:08:04.409255666Z,FMD,sender_signaling,fmd_flag_generation,sender,-20,true,not_applicable,unclear,gamma=8;p=2^-8;curve=P-256,377444,269,measured,ok,unavailable,gc,go1.18.1,Release,JerryZ
2026-08-19T14:08:04.411220781Z,FMD,sender_signaling,fmd_sender_total_signaling,sender,-20,true,not_applicable,unclear,gamma=8;p=2^-8;curve=P-256,404701,270,measured,ok,unavailable,gc,go1.18.1,Release,JerryZ
2026-08-19T14:08:04.413702842Z,FMD,sender_signaling,fmd_flag_generation,sender,-19,true,not_applicable,unclear,gamma=8;p=2^-8;curve=P-256,378004,270,measured,ok,unavailable,gc,go1.18.1,Release,JerryZ
2026-08-19T14:08:04.415845282Z,FMD,sender_signaling,fmd_sender_total_signaling,sender,-19,true,not_applicable,unclear,gamma=8;p=2^-8;curve=P-256,366047,269,measured,ok,unavailable,gc,go1.18.1,Release,JerryZ
2026-08-19T14:08:04.418356532Z,FMD,sender_signaling,fmd_flag_generation,sender,-18,true,not_applicable,unclear,gamma=8;p=2^-8;curve=P-256,843648,267,measured,ok,unavailable,gc,go1.18.1,Release,JerryZ
2026-08-19T14:08:04.420763121Z,FMD,sender_signaling,fmd_sender_total_signaling,sender,-18,true,not_applicable,unclear,gamma=8;p=2^-8;curve=P-256,389108,269,measured,ok,unavailable,gc,go1.18.1,Release,JerryZ
2026-08-19T14:08:04.422723667Z,FMD,sender_signaling,fmd_flag_generation,sender,-17,true,not_applicable,unclear,gamma=8;p=2^-8;curve=P-256,363255,269,measured,ok,unavailable,gc,go1.18.1,Release,JerryZ
2026-08-19T14:08:04.425021469Z,FMD,sender_signaling,fmd_sender_total_signaling,sender,-17,true,not_applicable,unclear,gamma=8;p=2^-8;curve=P-256,364448,267,measured,ok,unavailable,gc,go1.18.1,Release,JerryZ
2026-08-19T14:08:04.427423213Z,FMD,sender_signaling,fmd_flag_generation,sender,-16,true,not_applicable,unclear,gamma=8;p=2^-8;curve=P-256,388813,270,measured,ok,unavailable,gc,go1.18.1,Release,JerryZ
2026-08-19T14:08:04.429843893Z,FMD,sender_signaling,fmd_sender_total_signaling,sender,-16,true,not_applicable,unclear,gamma=8;p=2^-8;curve=P-256,410505,271,measured,ok,unavailable,gc,go1.18.1,Release,JerryZ
2026-08-19T14:08:04.431907504Z,FMD,sender_signaling,fmd_flag_generation,sender,-15,true,not_applicable,unclear,gamma=8;p=2^-8;curve=P-256,372971,270,measured,ok,unavailable,gc,go1.18.1,Release,JerryZ
2026-08-19T14:08:04.434157638Z,FMD,sender_signaling,fmd_sender_total_signaling,sender,-15,true,not_applicable,unclear,gamma=8;p=2^-8;curve=P-256,390806,271,measured,ok,unavailable,gc,go1.18.1,Release,JerryZ
2026-08-19T14:08:04.436214664Z,FMD,sender_signaling,fmd_flag_generation,sender,-14,true,not_applicable,unclear,gamma=8;p=2^-8;curve=P-256,362841,269,measured,ok,unavailable,gc,go1.18.1,Release,JerryZ
2026-08-19T14:08:04.438611316Z,FMD,sender_signaling,fmd_sender_total_signaling,sender,-14,true,not_applicable,unclear,gamma=8;p=2^-8;curve=P-256,364486,269,measured,ok,unavailable,gc,go1.18.1,Release,JerryZ
2026-08-19T14:08:04.440765131Z,FMD,sender_signaling,fmd_flag_generation,sender,-13,true,not_applicable,unclear,gamma=8;p=2^-8;curve=P-256,378390,270,measured,ok,unavailable,gc,go1.18.1,Release,JerryZ
2026-08-19T14:08:04.443433852Z,FMD,sender_signaling,fmd_sender_total_signaling,sender,-13,true,not_applicable,unclear,gamma=8;p=2^-8;curve=P-256,886859,270,measured,ok,unavailable,gc,go1.18.1,Release,JerryZ
2026-08-19T14:08:04.445615052Z,FMD,sender_signaling,fmd_flag_generation,sender,-12,true,not_applicable,unclear,gamma=8;p=2^-8;curve=P-256,393075,269,measured,ok,unavailable,gc,go1.18.1,Release,JerryZ
2026-08-19T14:08:04.448249967Z,FMD,sender_signaling,fmd_sender_total_signaling,sender,-12,true,not_applicable,unclear,gamma=8;p=2^-8;curve=P-256,494032,269,measured,ok,unavailable,gc,go1.18.1,Release,JerryZ
2026-08-19T14:08:04.450582644Z,FMD,sender_signaling,fmd_flag_generation,sender,-11,true,not_applicable,unclear,gamma=8;p=2^-8;curve=P-256,382513,269,measured,ok,unavailable,gc,go1.18.1,Release,JerryZ
2026-08-19T14:08:04.453141555Z,FMD,sender_signaling,fmd_sender_total_signaling,sender,-11,true,not_applicable,unclear,gamma=8;p=2^-8;curve=P-256,552771,270,measured,ok,unavailable,gc,go1.18.1,Release,JerryZ
2026-08-19T14:08:04.455494115Z,FMD,sender_signaling,fmd_flag_generation,sender,-10,true,not_applicable,unclear,gamma=8;p=2^-8;curve=P-256,411405,270,measured,ok,unavailable,gc,go1.18.1,Release,JerryZ
2026-08-19T14:08:04.458649612Z,FMD,sender_signaling,fmd_sender_total_signaling,sender,-10,true,not_applicable,unclear,gamma=8;p=2^-8;curve=P-256,803561,270,measured,ok,unavailable,gc,go1.18.1,Release,JerryZ
2026-08-19T14:08:04.461179207Z,FMD,sender_signaling,fmd_flag_generation,sender,-9,true,not_applicable,unclear,gamma=8;p=2^-8;curve=P-256,702622,269,measured,ok,unavailable,gc,go1.18.1,Release,JerryZ
2026-08-19T14:08:04.463542411Z,FMD,sender_signaling,fmd_sender_total_signaling,sender,-9,true,not_applicable,unclear,gamma=8;p=2^-8;curve=P-256,425089,269,measured,ok,unavailable,gc,go1.18.1,Release,JerryZ
2026-08-19T14:08:04.46672068Z,FMD,sender_signaling,fmd_flag_generation,sender,-8,true,not_applicable,unclear,gamma=8;p=2^-8;curve=P-256,770877,268,measured,ok,unavailable,gc,go1.18.1,Release,JerryZ
2026-08-19T14:08:04.468768816Z,FMD,sender_signaling,fmd_sender_total_signaling,sender,-8,true,not_applicable,unclear,gamma=8;p=2^-8;curve=P-256,400926,267,measured,ok,unavailable,gc,go1.18.1,Release,JerryZ
2026-08-19T14:08:04.471052713Z,FMD,sender_signaling,fmd_flag_generation,sender,-7,true,not_applicable,unclear,gamma=8;p=2^-8;curve=P-256,367277,270,measured,ok,unavailable,gc,go1.18.1,Release,JerryZ
2026-08-19T14:08:04.473041091Z,FMD,sender_signaling,fmd_sender_total_signaling,sender,-7,true,not_applicable,unclear,gamma=8;p=2^-8;curve=P-256,379923,270,measured,ok,unavailable,gc,go1.18.1,Release,JerryZ
2026-08-19T14:08:04.475288442Z,FMD,sender_signaling,fmd_flag_generation,sender,-6,true,not_applicable,unclear,gamma=8;p=2^-8;curve=P-256,396068,270,measured,ok,unavailable,gc,go1.18.1,Release,JerryZ
2026-08-19T14:08:04.47770043Z,FMD,sender_signaling,fmd_sender_total_signaling,sender,-6,true,not_applicable,unclear,gamma=8;p=2^-8;curve=P-256,787931,269,measured,ok,unavailable,gc,go1.18.1,Release,JerryZ
2026-08-19T14:08:04.480312189Z,FMD,sender_signaling,fmd_flag_generation,sender,-5,true,not_applicable,unclear,gamma=8;p=2^-8;curve=P-256,425962,270,measured,ok,unavailable,gc,go1.18.1,Release,JerryZ
2026-08-19T14:08:04.482362827Z,FMD,sender_signaling,fmd_sender_total_signaling,sender,-5,true,not_applicable,unclear,gamma=8;p=2^-8;curve=P-256,378362,269,measured,ok,unavailable,gc,go1.18.1,Release,JerryZ
2026-08-19T14:08:04.484296103Z,FMD,sender_signaling,fmd_flag_generation,sender,-4,true,not_applicable,unclear,gamma=8;p=2^-8;curve=P-256,361418,269,measured,ok,unavailable,gc,go1.18.1,Release,JerryZ
2026-08-19T14:08:04.486210571Z,FMD,sender_signaling,fmd_sender_total_signaling,sender,-4,true,not_applicable,unclear,gamma=8;p=2^-8;curve=P-256,358131,270,measured,ok,unavailable,gc,go1.18.1,Release,JerryZ
2026-08-19T14:08:04.488066914Z,FMD,sender_signaling,fmd_flag_generation,sender,-3,true,not_applicable,unclear,gamma=8;p=2^-8;curve=P-256,351123,269,measured,ok,unavailable,gc,go1.18.1,Release,JerryZ
2026-08-19T14:08:04.490783482Z,FMD,sender_signaling,fmd_sender_total_signaling,sender,-3,true,not_applicable,unclear,gamma=8;p=2^-8;curve=P-256,438378,269,measured,ok,unavailable,gc,go1.18.1,Release,JerryZ
2026-08-19T14:08:04.492758837Z,FMD,sender_signaling,fmd_flag_generation,sender,-2,true,not_applicable,unclear,gamma=8;p=2^-8;curve=P-256,356119,269,measured,ok,unavailable,gc,go1.18.1,Release,JerryZ
2026-08-19T14:08:04.495353096Z,FMD,sender_signaling,fmd_sender_total_signaling,sender,-2,true,not_applicable,unclear,gamma=8;p=2^-8;curve=P-256,809411,269,measured,ok,unavailable,gc,go1.18.1,Release,JerryZ
2026-08-19T14:08:04.497688647Z,FMD,sender_signaling,fmd_flag_generation,sender,-1,true,not_applicable,unclear,gamma=8;p=2^-8;curve=P-256,366891,269,measured,ok,unavailable,gc,go1.18.1,Release,JerryZ
2026-08-19T14:08:04.500358681Z,FMD,sender_signaling,fmd_sender_total_signaling,sender,-1,true,not_applicable,unclear,gamma=8;p=2^-8;curve=P-256,384074,270,measured,ok,unavailable,gc,go1.18.1,Release,JerryZ
2026-08-19T14:08:04.503026924Z,FMD,sender_signaling,fmd_flag_generation,sender,0,false,not_applicable,unclear,gamma=8;p=2^-8;curve=P-256,796968,269,measured,ok,unavailable,gc,go1.18.1,Release,JerryZ
2026-08-19T14:08:04.504382301Z,FMD,sender_signaling,fmd_sender_preparation,sender,0,false,not_applicable,unclear,gamma=8;p=2^-8;curve=P-256,-1,,not_applicable,not_applicable,unavailable,gc,go1.18.1,Release,JerryZ
2026-08-19T14:08:04.50602896Z,FMD,sender_signaling,message_encryption,sender,0,false,not_applicable,unclear,gamma=8;p=2^-8;curve=P-256,-1,,not_applicable,not_applicable,unavailable,gc,go1.18.1,Release,JerryZ
2026-08-19T14:08:04.508621795Z,FMD,sender_signaling,fmd_sender_total_signaling,sender,0,false,not_applicable,unclear,gamma=8;p=2^-8;curve=P-256,812745,270,measured,ok,unavailable,gc,go1.18.1,Release,JerryZ
2026-08-19T14:08:04.511151455Z,FMD,sender_signaling,fmd_flag_generation,sender,1,false,not_applicable,unclear,gamma=8;p=2^-8;curve=P-256,400550,268,measured,ok,unavailable,gc,go1.18.1,Release,JerryZ
2026-08-19T14:08:04.512440048Z,FMD,sender_signaling,fmd_sender_preparation,sender,1,false,not_applicable,unclear,gamma=8;p=2^-8;curve=P-256,-1,,not_applicable,not_applicable,unavailable,gc,go1.18.1,Release,JerryZ
2026-08-19T14:08:04.513507046Z,FMD,sender_signaling,message_encryption,sender,1,false,not_applicable,unclear,gamma=8;p=2^-8;curve=P-256,-1,,not_applicable,not_applicable,unavailable,gc,go1.18.1,Release,JerryZ
2026-08-19T14:08:04.515590034Z,FMD,sender_signaling,fmd_sender_total_signaling,sender,1,false,not_applicable,unclear,gamma=8;p=2^-8;curve=P-256,441500,270,measured,ok,unavailable,gc,go1.18.1,Release,JerryZ
2026-08-19T14:08:04.517847644Z,FMD,sender_signaling,fmd_flag_generation,sender,2,false,not_applicable,unclear,gamma=8;p=2^-8;curve=P-256,363897,269,measured,ok,unavailable,gc,go1.18.1,Release,JerryZ
2026-08-19T14:08:04.519066917Z,FMD,sender_signaling,fmd_sender_preparation,sender,2,false,not_applicable,unclear,gamma=8;p=2^-8;curve=P-256,-1,,not_applicable,not_applicable,unavailable,gc,go1.18.1,Release,JerryZ
2026-08-19T14:08:04.520436392Z,FMD,sender_signaling,message_encryption,sender,2,false,not_applicable,unclear,gamma=8;p=2^-8;curve=P-256,-1,,not_applicable,not_applicable,unavailable,gc,go1.18.1,Release,JerryZ
2026-08-19T14:08:04.522324565Z,FMD,sender_signaling,fmd_sender_total_signaling,sender,2,false,not_applicable,unclear,gamma=8;p=2^-8;curve=P-256,364017,269,measured,ok,unavailable,gc,go1.18.1,Release,JerryZ
2026-08-19T14:08:04.525014078Z,FMD,sender_signaling,fmd_flag_generation,sender,3,false,not_applicable,unclear,gamma=8;p=2^-8;curve=P-256,862916,270,measured,ok,unavailable,gc,go1.18.1,Release,JerryZ
2026-08-19T14:08:04.52749804Z,FMD,sender_signaling,fmd_sender_preparation,sender,3,false,not_applicable,unclear,gamma=8;p=2^-8;curve=P-256,-1,,not_applicable,not_applicable,unavailable,gc,go1.18.1,Release,JerryZ
2026-08-19T14:08:04.528707941Z,FMD,sender_signaling,message_encryption,sender,3,false,not_applicable,unclear,gamma=8;p=2^-8;curve=P-256,-1,,not_applicable,not_applicable,unavailable,gc,go1.18.1,Release,JerryZ
2026-08-19T14:08:04.53074384Z,FMD,sender_signaling,fmd_sender_total_signaling,sender,3,false,not_applicable,unclear,gamma=8;p=2^-8;curve=P-256,379730,268,measured,ok,unavailable,gc,go1.18.1,Release,JerryZ
2026-08-19T14:08:04.533500782Z,FMD,sender_signaling,fmd_flag_generation,sender,4,false,not_applicable,unclear,gamma=8;p=2^-8;curve=P-256,807061,268,measured,ok,unavailable,gc,go1.18.1,Release,JerryZ
2026-08-19T14:08:04.535152694Z,FMD,sender_signaling,fmd_sender_preparation,sender,4,false,not_applicable,unclear,gamma=8;p=2^-8;curve=P-256,-1,,not_applicable,not_applicable,unavailable,gc,go1.18.1,Release,JerryZ
2026-08-19T14:08:04.53661228Z,FMD,sender_signaling,message_encryption,sender,4,false,not_applicable,unclear,gamma=8;p=2^-8;curve=P-256,-1,,not_applicable,not_applicable,unavailable,gc,go1.18.1,Release,JerryZ
2026-08-19T14:08:04.539110816Z,FMD,sender_signaling,fmd_sender_total_signaling,sender,4,false,not_applicable,unclear,gamma=8;p=2^-8;curve=P-256,768443,270,measured,ok,unavailable,gc,go1.18.1,Release,JerryZ
2026-08-19T14:08:04.541816643Z,FMD,sender_signaling,fmd_flag_generation,sender,5,false,not_applicable,unclear,gamma=8;p=2^-8;curve=P-256,431353,269,measured,ok,unavailable,gc,go1.18.1,Release,JerryZ
2026-08-19T14:08:04.543419188Z,FMD,sender_signaling,fmd_sender_preparation,sender,5,false,not_applicable,unclear,gamma=8;p=2^-8;curve=P-256,-1,,not_applicable,not_applicable,unavailable,gc,go1.18.1,Release,JerryZ
2026-08-19T14:08:04.544554283Z,FMD,sender_signaling,message_encryption,sender,5,false,not_applicable,unclear,gamma=8;p=2^-8;curve=P-256,-1,,not_applicable,not_applicable,unavailable,gc,go1.18.1,Release,JerryZ
2026-08-19T14:08:04.546535369Z,FMD,sender_signaling,fmd_sender_total_signaling,sender,5,false,not_applicable,unclear,gamma=8;p=2^-8;curve=P-256,383422,268,measured,ok,unavailable,gc,go1.18.1,Release,JerryZ
2026-08-19T14:08:04.548759999Z,FMD,sender_signaling,fmd_flag_generation,sender,6,false,not_applicable,unclear,gamma=8;p=2^-8;curve=P-256,356193,269,measured,ok,unavailable,gc,go1.18.1,Release,JerryZ
2026-08-19T14:08:04.550093069Z,FMD,sender_signaling,fmd_sender_preparation,sender,6,false,not_applicable,unclear,gamma=8;p=2^-8;curve=P-256,-1,,not_applicable,not_applicable,unavailable,gc,go1.18.1,Release,JerryZ
2026-08-19T14:08:04.55145606Z,FMD,sender_signaling,message_encryption,sender,6,false,not_applicable,unclear,gamma=8;p=2^-8;curve=P-256,-1,,not_applicable,not_applicable,unavailable,gc,go1.18.1,Release,JerryZ
2026-08-19T14:08:04.553584664Z,FMD,sender_signaling,fmd_sender_total_signaling,sender,6,false,not_applicable,unclear,gamma=8;p=2^-8;curve=P-256,419689,269,measured,ok,unavailable,gc,go1.18.1,Release,JerryZ
2026-08-19T14:08:04.556049606Z,FMD,sender_signaling,fmd_flag_generation,sender,7,false,not_applicable,unclear,gamma=8;p=2^-8;curve=P-256,376351,269,measured,ok,unavailable,gc,go1.18.1,Release,JerryZ
2026-08-19T14:08:04.557528836Z,FMD,sender_signaling,fmd_sender_preparation,sender,7,false,not_applicable,unclear,gamma=8;p=2^-8;curve=P-256,-1,,not_applicable,not_applicable,unavailable,gc,go1.18.1,Release,JerryZ
2026-08-19T14:08:04.559028615Z,FMD,sender_signaling,message_encryption,sender,7,false,not_applicable,unclear,gamma=8;p=2^-8;curve=P-256,-1,,not_applicable,not_applicable,unavailable,gc,go1.18.1,Release,JerryZ
2026-08-19T14:08:04.561110634Z,FMD,sender_signaling,fmd_sender_total_signaling,sender,7,false,not_applicable,unclear,gamma=8;p=2^-8;curve=P-256,375744,268,measured,ok,unavailable,gc,go1.18.1,Release,JerryZ
2026-08-19T14:08:04.563542854Z,FMD,sender_signaling,fmd_flag_generation,sender,8,false,not_applicable,unclear,gamma=8;p=2^-8;curve=P-256,825309,269,measured,ok,unavailable,gc,go1.18.1,Release,JerryZ
2026-08-19T14:08:04.56489729Z,FMD,sender_signaling,fmd_sender_preparation,sender,8,false,not_applicable,unclear,gamma=8;p=2^-8;curve=P-256,-1,,not_applicable,not_applicable,unavailable,gc,go1.18.1,Release,JerryZ
2026-08-19T14:08:04.566320724Z,FMD,sender_signaling,message_encryption,sender,8,false,not_applicable,unclear,gamma=8;p=2^-8;curve=P-256,-1,,not_applicable,not_applicable,unavailable,gc,go1.18.1,Release,JerryZ
2026-08-19T14:08:04.568633068Z,FMD,sender_signaling,fmd_sender_total_signaling,sender,8,false,not_applicable,unclear,gamma=8;p=2^-8;curve=P-256,373843,269,measured,ok,unavailable,gc,go1.18.1,Release,JerryZ
2026-08-19T14:08:04.571298455Z,FMD,sender_signaling,fmd_flag_generation,sender,9,false,not_applicable,unclear,gamma=8;p=2^-8;curve=P-256,767754,269,measured,ok,unavailable,gc,go1.18.1,Release,JerryZ
2026-08-19T14:08:04.572672976Z,FMD,sender_signaling,fmd_sender_preparation,sender,9,false,not_applicable,unclear,gamma=8;p=2^-8;curve=P-256,-1,,not_applicable,not_applicable,unavailable,gc,go1.18.1,Release,JerryZ
2026-08-19T14:08:04.573769899Z,FMD,sender_signaling,message_encryption,sender,9,false,not_applicable,unclear,gamma=8;p=2^-8;curve=P-256,-1,,not_applicable,not_applicable,unavailable,gc,go1.18.1,Release,JerryZ
2026-08-19T14:08:04.576255669Z,FMD,sender_signaling,fmd_sender_total_signaling,sender,9,false,not_applicable,unclear,gamma=8;p=2^-8;curve=P-256,374643,270,measured,ok,unavailable,gc,go1.18.1,Release,JerryZ
2026-08-19T14:08:04.578403588Z,FMD,sender_signaling,fmd_flag_generation,sender,10,false,not_applicable,unclear,gamma=8;p=2^-8;curve=P-256,366212,269,measured,ok,unavailable,gc,go1.18.1,Release,JerryZ
2026-08-19T14:08:04.579689104Z,FMD,sender_signaling,fmd_sender_preparation,sender,10,false,not_applicable,unclear,gamma=8;p=2^-8;curve=P-256,-1,,not_applicable,not_applicable,unavailable,gc,go1.18.1,Release,JerryZ
2026-08-19T14:08:04.581296167Z,FMD,sender_signaling,message_encryption,sender,10,false,not_applicable,unclear,gamma=8;p=2^-8;curve=P-256,-1,,not_applicable,not_applicable,unavailable,gc,go1.18.1,Release,JerryZ
2026-08-19T14:08:04.583526799Z,FMD,sender_signaling,fmd_sender_total_signaling,sender,10,false,not_applicable,unclear,gamma=8;p=2^-8;curve=P-256,405353,270,measured,ok,unavailable,gc,go1.18.1,Release,JerryZ
2026-08-19T14:08:04.585568585Z,FMD,sender_signaling,fmd_flag_generation,sender,11,false,not_applicable,unclear,gamma=8;p=2^-8;curve=P-256,366910,269,measured,ok,unavailable,gc,go1.18.1,Release,JerryZ
2026-08-19T14:08:04.587026301Z,FMD,sender_signaling,fmd_sender_preparation,sender,11,false,not_applicable,unclear,gamma=8;p=2^-8;curve=P-256,-1,,not_applicable,not_applicable,unavailable,gc,go1.18.1,Release,JerryZ
2026-08-19T14:08:04.588262749Z,FMD,sender_signaling,message_encryption,sender,11,false,not_applicable,unclear,gamma=8;p=2^-8;curve=P-256,-1,,not_applicable,not_applicable,unavailable,gc,go1.18.1,Release,JerryZ
2026-08-19T14:08:04.590743863Z,FMD,sender_signaling,fmd_sender_total_signaling,sender,11,false,not_applicable,unclear,gamma=8;p=2^-8;curve=P-256,751710,268,measured,ok,unavailable,gc,go1.18.1,Release,JerryZ
2026-08-19T14:08:04.593453874Z,FMD,sender_signaling,fmd_flag_generation,sender,12,false,not_applicable,unclear,gamma=8;p=2^-8;curve=P-256,375423,269,measured,ok,unavailable,gc,go1.18.1,Release,JerryZ
2026-08-19T14:08:04.594778715Z,FMD,sender_signaling,fmd_sender_preparation,sender,12,false,not_applicable,unclear,gamma=8;p=2^-8;curve=P-256,-1,,not_applicable,not_applicable,unavailable,gc,go1.18.1,Release,JerryZ
2026-08-19T14:08:04.596158356Z,FMD,sender_signaling,message_encryption,sender,12,false,not_applicable,unclear,gamma=8;p=2^-8;curve=P-256,-1,,not_applicable,not_applicable,unavailable,gc,go1.18.1,Release,JerryZ
2026-08-19T14:08:04.598599769Z,FMD,sender_signaling,fmd_sender_total_signaling,sender,12,false,not_applicable,unclear,gamma=8;p=2^-8;curve=P-256,819615,268,measured,ok,unavailable,gc,go1.18.1,Release,JerryZ
2026-08-19T14:08:04.60076099Z,FMD,sender_signaling,fmd_flag_generation,sender,13,false,not_applicable,unclear,gamma=8;p=2^-8;curve=P-256,385168,270,measured,ok,unavailable,gc,go1.18.1,Release,JerryZ
2026-08-19T14:08:04.602509997Z,FMD,sender_signaling,fmd_sender_preparation,sender,13,false,not_applicable,unclear,gamma=8;p=2^-8;curve=P-256,-1,,not_applicable,not_applicable,unavailable,gc,go1.18.1,Release,JerryZ
2026-08-19T14:08:04.603664737Z,FMD,sender_signaling,message_encryption,sender,13,false,not_applicable,unclear,gamma=8;p=2^-8;curve=P-256,-1,,not_applicable,not_applicable,unavailable,gc,go1.18.1,Release,JerryZ
2026-08-19T14:08:04.60610187Z,FMD,sender_signaling,fmd_sender_total_signaling,sender,13,false,not_applicable,unclear,gamma=8;p=2^-8;curve=P-256,656539,271,measured,ok,unavailable,gc,go1.18.1,Release,JerryZ
2026-08-19T14:08:04.608150989Z,FMD,sender_signaling,fmd_flag_generation,sender,14,false,not_applicable,unclear,gamma=8;p=2^-8;curve=P-256,373026,269,measured,ok,unavailable,gc,go1.18.1,Release,JerryZ
2026-08-19T14:08:04.609688793Z,FMD,sender_signaling,fmd_sender_preparation,sender,14,false,not_applicable,unclear,gamma=8;p=2^-8;curve=P-256,-1,,not_applicable,not_applicable,unavailable,gc,go1.18.1,Release,JerryZ
2026-08-19T14:08:04.611180301Z,FMD,sender_signaling,message_encryption,sender,14,false,not_applicable,unclear,gamma=8;p=2^-8;curve=P-256,-1,,not_applicable,not_applicable,unavailable,gc,go1.18.1,Release,JerryZ
2026-08-19T14:08:04.613855813Z,FMD,sender_signaling,fmd_sender_total_signaling,sender,14,false,not_applicable,unclear,gamma=8;p=2^-8;curve=P-256,501085,270,measured,ok,unavailable,gc,go1.18.1,Release,JerryZ
2026-08-19T14:08:04.616678848Z,FMD,sender_signaling,fmd_flag_generation,sender,15,false,not_applicable,unclear,gamma=8;p=2^-8;curve=P-256,384928,269,measured,ok,unavailable,gc,go1.18.1,Release,JerryZ
2026-08-19T14:08:04.61822686Z,FMD,sender_signaling,fmd_sender_preparation,sender,15,false,not_applicable,unclear,gamma=8;p=2^-8;curve=P-256,-1,,not_applicable,not_applicable,unavailable,gc,go1.18.1,Release,JerryZ
2026-08-19T14:08:04.619431651Z,FMD,sender_signaling,message_encryption,sender,15,false,not_applicable,unclear,gamma=8;p=2^-8;curve=P-256,-1,,not_applicable,not_applicable,unavailable,gc,go1.18.1,Release,JerryZ
2026-08-19T14:08:04.62181383Z,FMD,sender_signaling,fmd_sender_total_signaling,sender,15,false,not_applicable,unclear,gamma=8;p=2^-8;curve=P-256,786461,270,measured,ok,unavailable,gc,go1.18.1,Release,JerryZ
2026-08-19T14:08:04.623919366Z,FMD,sender_signaling,fmd_flag_generation,sender,16,false,not_applicable,unclear,gamma=8;p=2^-8;curve=P-256,372457,269,measured,ok,unavailable,gc,go1.18.1,Release,JerryZ
2026-08-19T14:08:04.625194688Z,FMD,sender_signaling,fmd_sender_preparation,sender,16,false,not_applicable,unclear,gamma=8;p=2^-8;curve=P-256,-1,,not_applicable,not_applicable,unavailable,gc,go1.18.1,Release,JerryZ
2026-08-19T14:08:04.626697006Z,FMD,sender_signaling,message_encryption,sender,16,false,not_applicable,unclear,gamma=8;p=2^-8;curve=P-256,-1,,not_applicable,not_applicable,unavailable,gc,go1.18.1,Release,JerryZ
2026-08-19T14:08:04.628840855Z,FMD,sender_signaling,fmd_sender_total_signaling,sender,16,false,not_applicable,unclear,gamma=8;p=2^-8;curve=P-256,417099,270,measured,ok,unavailable,gc,go1.18.1,Release,JerryZ
2026-08-19T14:08:04.631058442Z,FMD,sender_signaling,fmd_flag_generation,sender,17,false,not_applicable,unclear,gamma=8;p=2^-8;curve=P-256,481873,268,measured,ok,unavailable,gc,go1.18.1,Release,JerryZ
2026-08-19T14:08:04.632480319Z,FMD,sender_signaling,fmd_sender_preparation,sender,17,false,not_applicable,unclear,gamma=8;p=2^-8;curve=P-256,-1,,not_applicable,not_applicable,unavailable,gc,go1.18.1,Release,JerryZ
2026-08-19T14:08:04.634171243Z,FMD,sender_signaling,message_encryption,sender,17,false,not_applicable,unclear,gamma=8;p=2^-8;curve=P-256,-1,,not_applicable,not_applicable,unavailable,gc,go1.18.1,Release,JerryZ
2026-08-19T14:08:04.636099348Z,FMD,sender_signaling,fmd_sender_total_signaling,sender,17,false,not_applicable,unclear,gamma=8;p=2^-8;curve=P-256,374449,267,measured,ok,unavailable,gc,go1.18.1,Release,JerryZ
2026-08-19T14:08:04.63806798Z,FMD,sender_signaling,fmd_flag_generation,sender,18,false,not_applicable,unclear,gamma=8;p=2^-8;curve=P-256,358828,267,measured,ok,unavailable,gc,go1.18.1,Release,JerryZ
2026-08-19T14:08:04.639739509Z,FMD,sender_signaling,fmd_sender_preparation,sender,18,false,not_applicable,unclear,gamma=8;p=2^-8;curve=P-256,-1,,not_applicable,not_applicable,unavailable,gc,go1.18.1,Release,JerryZ
2026-08-19T14:08:04.640878553Z,FMD,sender_signaling,message_encryption,sender,18,false,not_applicable,unclear,gamma=8;p=2^-8;curve=P-256,-1,,not_applicable,not_applicable,unavailable,gc,go1.18.1,Release,JerryZ
2026-08-19T14:08:04.643347352Z,FMD,sender_signaling,fmd_sender_total_signaling,sender,18,false,not_applicable,unclear,gamma=8;p=2^-8;curve=P-256,468969,269,measured,ok,unavailable,gc,go1.18.1,Release,JerryZ
2026-08-19T14:08:04.645576023Z,FMD,sender_signaling,fmd_flag_generation,sender,19,false,not_applicable,unclear,gamma=8;p=2^-8;curve=P-256,394801,270,measured,ok,unavailable,gc,go1.18.1,Release,JerryZ
2026-08-19T14:08:04.647149387Z,FMD,sender_signaling,fmd_sender_preparation,sender,19,false,not_applicable,unclear,gamma=8;p=2^-8;curve=P-256,-1,,not_applicable,not_applicable,unavailable,gc,go1.18.1,Release,JerryZ
2026-08-19T14:08:04.64845148Z,FMD,sender_signaling,message_encryption,sender,19,false,not_applicable,unclear,gamma=8;p=2^-8;curve=P-256,-1,,not_applicable,not_applicable,unavailable,gc,go1.18.1,Release,JerryZ
2026-08-19T14:08:04.650813618Z,FMD,sender_signaling,fmd_sender_total_signaling,sender,19,false,not_applicable,unclear,gamma=8;p=2^-8;curve=P-256,383303,269,measured,ok,unavailable,gc,go1.18.1,Release,JerryZ
2026-08-19T14:08:04.653544807Z,FMD,sender_signaling,fmd_flag_generation,sender,20,false,not_applicable,unclear,gamma=8;p=2^-8;curve=P-256,377655,268,measured,ok,unavailable,gc,go1.18.1,Release,JerryZ
2026-08-19T14:08:04.654704487Z,FMD,sender_signaling,fmd_sender_preparation,sender,20,false,not_applicable,unclear,gamma=8;p=2^-8;curve=P-256,-1,,not_applicable,not_applicable,unavailable,gc,go1.18.1,Release,JerryZ
2026-08-19T14:08:04.655884078Z,FMD,sender_signaling,message_encryption,sender,20,false,not_applicable,unclear,gamma=8;p=2^-8;curve=P-256,-1,,not_applicable,not_applicable,unavailable,gc,go1.18.1,Release,JerryZ
2026-08-19T14:08:04.658201336Z,FMD,sender_signaling,fmd_sender_total_signaling,sender,20,false,not_applicable,unclear,gamma=8;p=2^-8;curve=P-256,687974,269,measured,ok,unavailable,gc,go1.18.1,Release,JerryZ
2026-08-19T14:08:04.660413494Z,FMD,sender_signaling,fmd_flag_generation,sender,21,false,not_applicable,unclear,gamma=8;p=2^-8;curve=P-256,356587,271,measured,ok,unavailable,gc,go1.18.1,Release,JerryZ
2026-08-19T14:08:04.661690405Z,FMD,sender_signaling,fmd_sender_preparation,sender,21,false,not_applicable,unclear,gamma=8;p=2^-8;curve=P-256,-1,,not_applicable,not_applicable,unavailable,gc,go1.18.1,Release,JerryZ
2026-08-19T14:08:04.66294095Z,FMD,sender_signaling,message_encryption,sender,21,false,not_applicable,unclear,gamma=8;p=2^-8;curve=P-256,-1,,not_applicable,not_applicable,unavailable,gc,go1.18.1,Release,JerryZ
2026-08-19T14:08:04.664795282Z,FMD,sender_signaling,fmd_sender_total_signaling,sender,21,false,not_applicable,unclear,gamma=8;p=2^-8;curve=P-256,370226,270,measured,ok,unavailable,gc,go1.18.1,Release,JerryZ
2026-08-19T14:08:04.667268843Z,FMD,sender_signaling,fmd_flag_generation,sender,22,false,not_applicable,unclear,gamma=8;p=2^-8;curve=P-256,388327,269,measured,ok,unavailable,gc,go1.18.1,Release,JerryZ
2026-08-19T14:08:04.668378834Z,FMD,sender_signaling,fmd_sender_preparation,sender,22,false,not_applicable,unclear,gamma=8;p=2^-8;curve=P-256,-1,,not_applicable,not_applicable,unavailable,gc,go1.18.1,Release,JerryZ
2026-08-19T14:08:04.669389205Z,FMD,sender_signaling,message_encryption,sender,22,false,not_applicable,unclear,gamma=8;p=2^-8;curve=P-256,-1,,not_applicable,not_applicable,unavailable,gc,go1.18.1,Release,JerryZ
2026-08-19T14:08:04.671445377Z,FMD,sender_signaling,fmd_sender_total_signaling,sender,22,false,not_applicable,unclear,gamma=8;p=2^-8;curve=P-256,457738,270,measured,ok,unavailable,gc,go1.18.1,Release,JerryZ
2026-08-19T14:08:04.674562137Z,FMD,sender_signaling,fmd_flag_generation,sender,23,false,not_applicable,unclear,gamma=8;p=2^-8;curve=P-256,422728,267,measured,ok,unavailable,gc,go1.18.1,Release,JerryZ
2026-08-19T14:08:04.6758599Z,FMD,sender_signaling,fmd_sender_preparation,sender,23,false,not_applicable,unclear,gamma=8;p=2^-8;curve=P-256,-1,,not_applicable,not_applicable,unavailable,gc,go1.18.1,Release,JerryZ
2026-08-19T14:08:04.677386366Z,FMD,sender_signaling,message_encryption,sender,23,false,not_applicable,unclear,gamma=8;p=2^-8;curve=P-256,-1,,not_applicable,not_applicable,unavailable,gc,go1.18.1,Release,JerryZ
2026-08-19T14:08:04.679619372Z,FMD,sender_signaling,fmd_sender_total_signaling,sender,23,false,not_applicable,unclear,gamma=8;p=2^-8;curve=P-256,469676,269,measured,ok,unavailable,gc,go1.18.1,Release,JerryZ
2026-08-19T14:08:04.682355878Z,FMD,sender_signaling,fmd_flag_generation,sender,24,false,not_applicable,unclear,gamma=8;p=2^-8;curve=P-256,915383,268,measured,ok,unavailable,gc,go1.18.1,Release,JerryZ
2026-08-19T14:08:04.683992737Z,FMD,sender_signaling,fmd_sender_preparation,sender,24,false,not_applicable,unclear,gamma=8;p=2^-8;curve=P-256,-1,,not_applicable,not_applicable,unavailable,gc,go1.18.1,Release,JerryZ
2026-08-19T14:08:04.684970074Z,FMD,sender_signaling,message_encryption,sender,24,false,not_applicable,unclear,gamma=8;p=2^-8;curve=P-256,-1,,not_applicable,not_applicable,unavailable,gc,go1.18.1,Release,JerryZ
2026-08-19T14:08:04.687594189Z,FMD,sender_signaling,fmd_sender_total_signaling,sender,24,false,not_applicable,unclear,gamma=8;p=2^-8;curve=P-256,874423,269,measured,ok,unavailable,gc,go1.18.1,Release,JerryZ
2026-08-19T14:08:04.689986212Z,FMD,sender_signaling,fmd_flag_generation,sender,25,false,not_applicable,unclear,gamma=8;p=2^-8;curve=P-256,379822,269,measured,ok,unavailable,gc,go1.18.1,Release,JerryZ
2026-08-19T14:08:04.691086703Z,FMD,sender_signaling,fmd_sender_preparation,sender,25,false,not_applicable,unclear,gamma=8;p=2^-8;curve=P-256,-1,,not_applicable,not_applicable,unavailable,gc,go1.18.1,Release,JerryZ
2026-08-19T14:08:04.692334988Z,FMD,sender_signaling,message_encryption,sender,25,false,not_applicable,unclear,gamma=8;p=2^-8;curve=P-256,-1,,not_applicable,not_applicable,unavailable,gc,go1.18.1,Release,JerryZ
2026-08-19T14:08:04.694829052Z,FMD,sender_signaling,fmd_sender_total_signaling,sender,25,false,not_applicable,unclear,gamma=8;p=2^-8;curve=P-256,406988,270,measured,ok,unavailable,gc,go1.18.1,Release,JerryZ
2026-08-19T14:08:04.696681381Z,FMD,sender_signaling,fmd_flag_generation,sender,26,false,not_applicable,unclear,gamma=8;p=2^-8;curve=P-256,363916,269,measured,ok,unavailable,gc,go1.18.1,Release,JerryZ
2026-08-19T14:08:04.697724179Z,FMD,sender_signaling,fmd_sender_preparation,sender,26,false,not_applicable,unclear,gamma=8;p=2^-8;curve=P-256,-1,,not_applicable,not_applicable,unavailable,gc,go1.18.1,Release,JerryZ
2026-08-19T14:08:04.698824459Z,FMD,sender_signaling,message_encryption,sender,26,false,not_applicable,unclear,gamma=8;p=2^-8;curve=P-256,-1,,not_applicable,not_applicable,unavailable,gc,go1.18.1,Release,JerryZ
2026-08-19T14:08:04.701003832Z,FMD,sender_signaling,fmd_sender_total_signaling,sender,26,false,not_applicable,unclear,gamma=8;p=2^-8;curve=P-256,738283,269,measured,ok,unavailable,gc,go1.18.1,Release,JerryZ
2026-08-19T14:08:04.70381255Z,FMD,sender_signaling,fmd_flag_generation,sender,27,false,not_applicable,unclear,gamma=8;p=2^-8;curve=P-256,464745,269,measured,ok,unavailable,gc,go1.18.1,Release,JerryZ
2026-08-19T14:08:04.70533273Z,FMD,sender_signaling,fmd_sender_preparation,sender,27,false,not_applicable,unclear,gamma=8;p=2^-8;curve=P-256,-1,,not_applicable,not_applicable,unavailable,gc,go1.18.1,Release,JerryZ
2026-08-19T14:08:04.706629873Z,FMD,sender_signaling,message_encryption,sender,27,false,not_applicable,unclear,gamma=8;p=2^-8;curve=P-256,-1,,not_applicable,not_applicable,unavailable,gc,go1.18.1,Release,JerryZ
2026-08-19T14:08:04.708818916Z,FMD,sender_signaling,fmd_sender_total_signaling,sender,27,false,not_applicable,unclear,gamma=8;p=2^-8;curve=P-256,402350,269,measured,ok,unavailable,gc,go1.18.1,Release,JerryZ
2026-08-19T14:08:04.711352268Z,FMD,sender_signaling,fmd_flag_generation,sender,28,false,not_applicable,unclear,gamma=8;p=2^-8;curve=P-256,423583,269,measured,ok,unavailable,gc,go1.18.1,Release,JerryZ
2026-08-19T14:08:04.712803345Z,FMD,sender_signaling,fmd_sender_preparation,sender,28,false,not_applicable,unclear,gamma=8;p=2^-8;curve=P-256,-1,,not_applicable,not_applicable,unavailable,gc,go1.18.1,Release,JerryZ
2026-08-19T14:08:04.714276896Z,FMD,sender_signaling,message_encryption,sender,28,false,not_applicable,unclear,gamma=8;p=2^-8;curve=P-256,-1,,not_applicable,not_applicable,unavailable,gc,go1.18.1,Release,JerryZ
2026-08-19T14:08:04.716146077Z,FMD,sender_signaling,fmd_sender_total_signaling,sender,28,false,not_applicable,unclear,gamma=8;p=2^-8;curve=P-256,375533,268,measured,ok,unavailable,gc,go1.18.1,Release,JerryZ
2026-08-19T14:08:04.718458743Z,FMD,sender_signaling,fmd_flag_generation,sender,29,false,not_applicable,unclear,gamma=8;p=2^-8;curve=P-256,795516,269,measured,ok,unavailable,gc,go1.18.1,Release,JerryZ
2026-08-19T14:08:04.719771397Z,FMD,sender_signaling,fmd_sender_preparation,sender,29,false,not_applicable,unclear,gamma=8;p=2^-8;curve=P-256,-1,,not_applicable,not_applicable,unavailable,gc,go1.18.1,Release,JerryZ
2026-08-19T14:08:04.721135224Z,FMD,sender_signaling,message_encryption,sender,29,false,not_applicable,unclear,gamma=8;p=2^-8;curve=P-256,-1,,not_applicable,not_applicable,unavailable,gc,go1.18.1,Release,JerryZ
2026-08-19T14:08:04.724052861Z,FMD,sender_signaling,fmd_sender_total_signaling,sender,29,false,not_applicable,unclear,gamma=8;p=2^-8;curve=P-256,382081,269,measured,ok,unavailable,gc,go1.18.1,Release,JerryZ
2026-08-19T14:08:04.726145401Z,FMD,sender_signaling,fmd_flag_generation,sender,30,false,not_applicable,unclear,gamma=8;p=2^-8;curve=P-256,363237,270,measured,ok,unavailable,gc,go1.18.1,Release,JerryZ
2026-08-19T14:08:04.727641442Z,FMD,sender_signaling,fmd_sender_preparation,sender,30,false,not_applicable,unclear,gamma=8;p=2^-8;curve=P-256,-1,,not_applicable,not_applicable,unavailable,gc,go1.18.1,Release,JerryZ
2026-08-19T14:08:04.728714358Z,FMD,sender_signaling,message_encryption,sender,30,false,not_applicable,unclear,gamma=8;p=2^-8;curve=P-256,-1,,not_applicable,not_applicable,unavailable,gc,go1.18.1,Release,JerryZ
2026-08-19T14:08:04.730419022Z,FMD,sender_signaling,fmd_sender_total_signaling,sender,30,false,not_applicable,unclear,gamma=8;p=2^-8;curve=P-256,368002,270,measured,ok,unavailable,gc,go1.18.1,Release,JerryZ
2026-08-19T14:08:04.732297947Z,FMD,sender_signaling,fmd_flag_generation,sender,31,false,not_applicable,unclear,gamma=8;p=2^-8;curve=P-256,360068,268,measured,ok,unavailable,gc,go1.18.1,Release,JerryZ
2026-08-19T14:08:04.733819009Z,FMD,sender_signaling,fmd_sender_preparation,sender,31,false,not_applicable,unclear,gamma=8;p=2^-8;curve=P-256,-1,,not_applicable,not_applicable,unavailable,gc,go1.18.1,Release,JerryZ
2026-08-19T14:08:04.734977238Z,FMD,sender_signaling,message_encryption,sender,31,false,not_applicable,unclear,gamma=8;p=2^-8;curve=P-256,-1,,not_applicable,not_applicable,unavailable,gc,go1.18.1,Release,JerryZ
2026-08-19T14:08:04.737397547Z,FMD,sender_signaling,fmd_sender_total_signaling,sender,31,false,not_applicable,unclear,gamma=8;p=2^-8;curve=P-256,386628,269,measured,ok,unavailable,gc,go1.18.1,Release,JerryZ
2026-08-19T14:08:04.739908656Z,FMD,sender_signaling,fmd_flag_generation,sender,32,false,not_applicable,unclear,gamma=8;p=2^-8;curve=P-256,375809,270,measured,ok,unavailable,gc,go1.18.1,Release,JerryZ
2026-08-19T14:08:04.741385424Z,FMD,sender_signaling,fmd_sender_preparation,sender,32,false,not_applicable,unclear,gamma=8;p=2^-8;curve=P-256,-1,,not_applicable,not_applicable,unavailable,gc,go1.18.1,Release,JerryZ
2026-08-19T14:08:04.74251691Z,FMD,sender_signaling,message_encryption,sender,32,false,not_applicable,unclear,gamma=8;p=2^-8;curve=P-256,-1,,not_applicable,not_applicable,unavailable,gc,go1.18.1,Release,JerryZ
2026-08-19T14:08:04.745012241Z,FMD,sender_signaling,fmd_sender_total_signaling,sender,32,false,not_applicable,unclear,gamma=8;p=2^-8;curve=P-256,405703,270,measured,ok,unavailable,gc,go1.18.1,Release,JerryZ
2026-08-19T14:08:04.74780554Z,FMD,sender_signaling,fmd_flag_generation,sender,33,false,not_applicable,unclear,gamma=8;p=2^-8;curve=P-256,465920,268,measured,ok,unavailable,gc,go1.18.1,Release,JerryZ
2026-08-19T14:08:04.749290867Z,FMD,sender_signaling,fmd_sender_preparation,sender,33,false,not_applicable,unclear,gamma=8;p=2^-8;curve=P-256,-1,,not_applicable,not_applicable,unavailable,gc,go1.18.1,Release,JerryZ
2026-08-19T14:08:04.750438067Z,FMD,sender_signaling,message_encryption,sender,33,false,not_applicable,unclear,gamma=8;p=2^-8;curve=P-256,-1,,not_applicable,not_applicable,unavailable,gc,go1.18.1,Release,JerryZ
2026-08-19T14:08:04.752404771Z,FMD,sender_signaling,fmd_sender_total_signaling,sender,33,false,not_applicable,unclear,gamma=8;p=2^-8;curve=P-256,370703,267,measured,ok,unavailable,gc,go1.18.1,Release,JerryZ
2026-08-19T14:08:04.754915907Z,FMD,sender_signaling,fmd_flag_generation,sender,34,false,not_applicable,unclear,gamma=8;p=2^-8;curve=P-256,383202,269,measured,ok,unavailable,gc,go1.18.1,Release,JerryZ
2026-08-19T14:08:04.756263644Z,FMD,sender_signaling,fmd_sender_preparation,sender,34,false,not_applicable,unclear,gamma=8;p=2^-8;curve=P-256,-1,,not_applicable,not_applicable,unavailable,gc,go1.18.1,Release,JerryZ
2026-08-19T14:08:04.757352445Z,FMD,sender_signaling,message_encryption,sender,34,false,not_applicable,unclear,gamma=8;p=2^-8;curve=P-256,-1,,not_applicable,not_applicable,unavailable,gc,go1.18.1,Release,JerryZ
2026-08-19T14:08:04.760031332Z,FMD,sender_signaling,fmd_sender_total_signaling,sender,34,false,not_applicable,unclear,gamma=8;p=2^-8;curve=P-256,390898,269,measured,ok,unavailable,gc,go1.18.1,Release,JerryZ
2026-08-19T14:08:04.762279353Z,FMD,sender_signaling,fmd_flag_generation,sender,35,false,not_applicable,unclear,gamma=8;p=2^-8;curve=P-256,351472,268,measured,ok,unavailable,gc,go1.18.1,Release,JerryZ
2026-08-19T14:08:04.763536139Z,FMD,sender_signaling,fmd_sender_preparation,sender,35,false,not_applicable,unclear,gamma=8;p=2^-8;curve=P-256,-1,,not_applicable,not_applicable,unavailable,gc,go1.18.1,Release,JerryZ
2026-08-19T14:08:04.765175441Z,FMD,sender_signaling,message_encryption,sender,35,false,not_applicable,unclear,gamma=8;p=2^-8;curve=P-256,-1,,not_applicable,not_applicable,unavailable,gc,go1.18.1,Release,JerryZ
2026-08-19T14:08:04.767697961Z,FMD,sender_signaling,fmd_sender_total_signaling,sender,35,false,not_applicable,unclear,gamma=8;p=2^-8;curve=P-256,404270,268,measured,ok,unavailable,gc,go1.18.1,Release,JerryZ
2026-08-19T14:08:04.770043063Z,FMD,sender_signaling,fmd_flag_generation,sender,36,false,not_applicable,unclear,gamma=8;p=2^-8;curve=P-256,392588,269,measured,ok,unavailable,gc,go1.18.1,Release,JerryZ
2026-08-19T14:08:04.772249666Z,FMD,sender_signaling,fmd_sender_preparation,sender,36,false,not_applicable,unclear,gamma=8;p=2^-8;curve=P-256,-1,,not_applicable,not_applicable,unavailable,gc,go1.18.1,Release,JerryZ
2026-08-19T14:08:04.773446917Z,FMD,sender_signaling,message_encryption,sender,36,false,not_applicable,unclear,gamma=8;p=2^-8;curve=P-256,-1,,not_applicable,not_applicable,unavailable,gc,go1.18.1,Release,JerryZ
2026-08-19T14:08:04.775694277Z,FMD,sender_signaling,fmd_sender_total_signaling,sender,36,false,not_applicable,unclear,gamma=8;p=2^-8;curve=P-256,428744,267,measured,ok,unavailable,gc,go1.18.1,Release,JerryZ
2026-08-19T14:08:04.777689533Z,FMD,sender_signaling,fmd_flag_generation,sender,37,false,not_applicable,unclear,gamma=8;p=2^-8;curve=P-256,364531,269,measured,ok,unavailable,gc,go1.18.1,Release,JerryZ
2026-08-19T14:08:04.778822305Z,FMD,sender_signaling,fmd_sender_preparation,sender,37,false,not_applicable,unclear,gamma=8;p=2^-8;curve=P-256,-1,,not_applicable,not_applicable,unavailable,gc,go1.18.1,Release,JerryZ
2026-08-19T14:08:04.78058074Z,FMD,sender_signaling,message_encryption,sender,37,false,not_applicable,unclear,gamma=8;p=2^-8;curve=P-256,-1,,not_applicable,not_applicable,unavailable,gc,go1.18.1,Release,JerryZ
2026-08-19T14:08:04.78261758Z,FMD,sender_signaling,fmd_sender_total_signaling,sender,37,false,not_applicable,unclear,gamma=8;p=2^-8;curve=P-256,374340,270,measured,ok,unavailable,gc,go1.18.1,Release,JerryZ
2026-08-19T14:08:04.78550088Z,FMD,sender_signaling,fmd_flag_generation,sender,38,false,not_applicable,unclear,gamma=8;p=2^-8;curve=P-256,799640,270,measured,ok,unavailable,gc,go1.18.1,Release,JerryZ
2026-08-19T14:08:04.787144434Z,FMD,sender_signaling,fmd_sender_preparation,sender,38,false,not_applicable,unclear,gamma=8;p=2^-8;curve=P-256,-1,,not_applicable,not_applicable,unavailable,gc,go1.18.1,Release,JerryZ
2026-08-19T14:08:04.788554575Z,FMD,sender_signaling,message_encryption,sender,38,false,not_applicable,unclear,gamma=8;p=2^-8;curve=P-256,-1,,not_applicable,not_applicable,unavailable,gc,go1.18.1,Release,JerryZ
2026-08-19T14:08:04.790664073Z,FMD,sender_signaling,fmd_sender_total_signaling,sender,38,false,not_applicable,unclear,gamma=8;p=2^-8;curve=P-256,385370,271,measured,ok,unavailable,gc,go1.18.1,Release,JerryZ
2026-08-19T14:08:04.793209964Z,FMD,sender_signaling,fmd_flag_generation,sender,39,false,not_applicable,unclear,gamma=8;p=2^-8;curve=P-256,782760,270,measured,ok,unavailable,gc,go1.18.1,Release,JerryZ
2026-08-19T14:08:04.79454162Z,FMD,sender_signaling,fmd_sender_preparation,sender,39,false,not_applicable,unclear,gamma=8;p=2^-8;curve=P-256,-1,,not_applicable,not_applicable,unavailable,gc,go1.18.1,Release,JerryZ
2026-08-19T14:08:04.796063068Z,FMD,sender_signaling,message_encryption,sender,39,false,not_applicable,unclear,gamma=8;p=2^-8;curve=P-256,-1,,not_applicable,not_applicable,unavailable,gc,go1.18.1,Release,JerryZ
2026-08-19T14:08:04.798268972Z,FMD,sender_signaling,fmd_sender_total_signaling,sender,39,false,not_applicable,unclear,gamma=8;p=2^-8;curve=P-256,375313,269,measured,ok,unavailable,gc,go1.18.1,Release,JerryZ
2026-08-19T14:08:04.8004654Z,FMD,sender_signaling,fmd_flag_generation,sender,40,false,not_applicable,unclear,gamma=8;p=2^-8;curve=P-256,376039,269,measured,ok,unavailable,gc,go1.18.1,Release,JerryZ
2026-08-19T14:08:04.802303853Z,FMD,sender_signaling,fmd_sender_preparation,sender,40,false,not_applicable,unclear,gamma=8;p=2^-8;curve=P-256,-1,,not_applicable,not_applicable,unavailable,gc,go1.18.1,Release,JerryZ
2026-08-19T14:08:04.8035897Z,FMD,sender_signaling,message_encryption,sender,40,false,not_applicable,unclear,gamma=8;p=2^-8;curve=P-256,-1,,not_applicable,not_applicable,unavailable,gc,go1.18.1,Release,JerryZ
2026-08-19T14:08:04.805808233Z,FMD,sender_signaling,fmd_sender_total_signaling,sender,40,false,not_applicable,unclear,gamma=8;p=2^-8;curve=P-256,374349,269,measured,ok,unavailable,gc,go1.18.1,Release,JerryZ
2026-08-19T14:08:04.808332244Z,FMD,sender_signaling,fmd_flag_generation,sender,41,false,not_applicable,unclear,gamma=8;p=2^-8;curve=P-256,422279,269,measured,ok,unavailable,gc,go1.18.1,Release,JerryZ
2026-08-19T14:08:04.809872656Z,FMD,sender_signaling,fmd_sender_preparation,sender,41,false,not_applicable,unclear,gamma=8;p=2^-8;curve=P-256,-1,,not_applicable,not_applicable,unavailable,gc,go1.18.1,Release,JerryZ
2026-08-19T14:08:04.811418073Z,FMD,sender_signaling,message_encryption,sender,41,false,not_applicable,unclear,gamma=8;p=2^-8;curve=P-256,-1,,not_applicable,not_applicable,unavailable,gc,go1.18.1,Release,JerryZ
2026-08-19T14:08:04.814226176Z,FMD,sender_signaling,fmd_sender_total_signaling,sender,41,false,not_applicable,unclear,gamma=8;p=2^-8;curve=P-256,825731,269,measured,ok,unavailable,gc,go1.18.1,Release,JerryZ
2026-08-19T14:08:04.816934983Z,FMD,sender_signaling,fmd_flag_generation,sender,42,false,not_applicable,unclear,gamma=8;p=2^-8;curve=P-256,387803,270,measured,ok,unavailable,gc,go1.18.1,Release,JerryZ
2026-08-19T14:08:04.818190616Z,FMD,sender_signaling,fmd_sender_preparation,sender,42,false,not_applicable,unclear,gamma=8;p=2^-8;curve=P-256,-1,,not_applicable,not_applicable,unavailable,gc,go1.18.1,Release,JerryZ
2026-08-19T14:08:04.819369757Z,FMD,sender_signaling,message_encryption,sender,42,false,not_applicable,unclear,gamma=8;p=2^-8;curve=P-256,-1,,not_applicable,not_applicable,unavailable,gc,go1.18.1,Release,JerryZ
2026-08-19T14:08:04.821382306Z,FMD,sender_signaling,fmd_sender_total_signaling,sender,42,false,not_applicable,unclear,gamma=8;p=2^-8;curve=P-256,372953,269,measured,ok,unavailable,gc,go1.18.1,Release,JerryZ
2026-08-19T14:08:04.823909183Z,FMD,sender_signaling,fmd_flag_generation,sender,43,false,not_applicable,unclear,gamma=8;p=2^-8;curve=P-256,377233,271,measured,ok,unavailable,gc,go1.18.1,Release,JerryZ
2026-08-19T14:08:04.825406881Z,FMD,sender_signaling,fmd_sender_preparation,sender,43,false,not_applicable,unclear,gamma=8;p=2^-8;curve=P-256,-1,,not_applicable,not_applicable,unavailable,gc,go1.18.1,Release,JerryZ
2026-08-19T14:08:04.826823028Z,FMD,sender_signaling,message_encryption,sender,43,false,not_applicable,unclear,gamma=8;p=2^-8;curve=P-256,-1,,not_applicable,not_applicable,unavailable,gc,go1.18.1,Release,JerryZ
2026-08-19T14:08:04.828827192Z,FMD,sender_signaling,fmd_sender_total_signaling,sender,43,false,not_applicable,unclear,gamma=8;p=2^-8;curve=P-256,393286,268,measured,ok,unavailable,gc,go1.18.1,Release,JerryZ
2026-08-19T14:08:04.83135598Z,FMD,sender_signaling,fmd_flag_generation,sender,44,false,not_applicable,unclear,gamma=8;p=2^-8;curve=P-256,393543,267,measured,ok,unavailable,gc,go1.18.1,Release,JerryZ
2026-08-19T14:08:04.832578256Z,FMD,sender_signaling,fmd_sender_preparation,sender,44,false,not_applicable,unclear,gamma=8;p=2^-8;curve=P-256,-1,,not_applicable,not_applicable,unavailable,gc,go1.18.1,Release,JerryZ
2026-08-19T14:08:04.833975604Z,FMD,sender_signaling,message_encryption,sender,44,false,not_applicable,unclear,gamma=8;p=2^-8;curve=P-256,-1,,not_applicable,not_applicable,unavailable,gc,go1.18.1,Release,JerryZ
2026-08-19T14:08:04.836392703Z,FMD,sender_signaling,fmd_sender_total_signaling,sender,44,false,not_applicable,unclear,gamma=8;p=2^-8;curve=P-256,370583,269,measured,ok,unavailable,gc,go1.18.1,Release,JerryZ
2026-08-19T14:08:04.839072659Z,FMD,sender_signaling,fmd_flag_generation,sender,45,false,not_applicable,unclear,gamma=8;p=2^-8;curve=P-256,404169,269,measured,ok,unavailable,gc,go1.18.1,Release,JerryZ
2026-08-19T14:08:04.840741672Z,FMD,sender_signaling,fmd_sender_preparation,sender,45,false,not_applicable,unclear,gamma=8;p=2^-8;curve=P-256,-1,,not_applicable,not_applicable,unavailable,gc,go1.18.1,Release,JerryZ
2026-08-19T14:08:04.841919518Z,FMD,sender_signaling,message_encryption,sender,45,false,not_applicable,unclear,gamma=8;p=2^-8;curve=P-256,-1,,not_applicable,not_applicable,unavailable,gc,go1.18.1,Release,JerryZ
2026-08-19T14:08:04.843802108Z,FMD,sender_signaling,fmd_sender_total_signaling,sender,45,false,not_applicable,unclear,gamma=8;p=2^-8;curve=P-256,367847,270,measured,ok,unavailable,gc,go1.18.1,Release,JerryZ
2026-08-19T14:08:04.846097877Z,FMD,sender_signaling,fmd_flag_generation,sender,46,false,not_applicable,unclear,gamma=8;p=2^-8;curve=P-256,380851,269,measured,ok,unavailable,gc,go1.18.1,Release,JerryZ
2026-08-19T14:08:04.847730806Z,FMD,sender_signaling,fmd_sender_preparation,sender,46,false,not_applicable,unclear,gamma=8;p=2^-8;curve=P-256,-1,,not_applicable,not_applicable,unavailable,gc,go1.18.1,Release,JerryZ
2026-08-19T14:08:04.849083943Z,FMD,sender_signaling,message_encryption,sender,46,false,not_applicable,unclear,gamma=8;p=2^-8;curve=P-256,-1,,not_applicable,not_applicable,unavailable,gc,go1.18.1,Release,JerryZ
2026-08-19T14:08:04.851677723Z,FMD,sender_signaling,fmd_sender_total_signaling,sender,46,false,not_applicable,unclear,gamma=8;p=2^-8;curve=P-256,437846,269,measured,ok,unavailable,gc,go1.18.1,Release,JerryZ
2026-08-19T14:08:04.854287337Z,FMD,sender_signaling,fmd_flag_generation,sender,47,false,not_applicable,unclear,gamma=8;p=2^-8;curve=P-256,373660,270,measured,ok,unavailable,gc,go1.18.1,Release,JerryZ
2026-08-19T14:08:04.855943538Z,FMD,sender_signaling,fmd_sender_preparation,sender,47,false,not_applicable,unclear,gamma=8;p=2^-8;curve=P-256,-1,,not_applicable,not_applicable,unavailable,gc,go1.18.1,Release,JerryZ
2026-08-19T14:08:04.857469706Z,FMD,sender_signaling,message_encryption,sender,47,false,not_applicable,unclear,gamma=8;p=2^-8;curve=P-256,-1,,not_applicable,not_applicable,unavailable,gc,go1.18.1,Release,JerryZ
2026-08-19T14:08:04.860207755Z,FMD,sender_signaling,fmd_sender_total_signaling,sender,47,false,not_applicable,unclear,gamma=8;p=2^-8;curve=P-256,910727,268,measured,ok,unavailable,gc,go1.18.1,Release,JerryZ
2026-08-19T14:08:04.863521984Z,FMD,sender_signaling,fmd_flag_generation,sender,48,false,not_applicable,unclear,gamma=8;p=2^-8;curve=P-256,892203,268,measured,ok,unavailable,gc,go1.18.1,Release,JerryZ
2026-08-19T14:08:04.864767404Z,FMD,sender_signaling,fmd_sender_preparation,sender,48,false,not_applicable,unclear,gamma=8;p=2^-8;curve=P-256,-1,,not_applicable,not_applicable,unavailable,gc,go1.18.1,Release,JerryZ
2026-08-19T14:08:04.866342613Z,FMD,sender_signaling,message_encryption,sender,48,false,not_applicable,unclear,gamma=8;p=2^-8;curve=P-256,-1,,not_applicable,not_applicable,unavailable,gc,go1.18.1,Release,JerryZ
2026-08-19T14:08:04.868483258Z,FMD,sender_signaling,fmd_sender_total_signaling,sender,48,false,not_applicable,unclear,gamma=8;p=2^-8;curve=P-256,389943,269,measured,ok,unavailable,gc,go1.18.1,Release,JerryZ
2026-08-19T14:08:04.871206805Z,FMD,sender_signaling,fmd_flag_generation,sender,49,false,not_applicable,unclear,gamma=8;p=2^-8;curve=P-256,791815,270,measured,ok,unavailable,gc,go1.18.1,Release,JerryZ
2026-08-19T14:08:04.872413534Z,FMD,sender_signaling,fmd_sender_preparation,sender,49,false,not_applicable,unclear,gamma=8;p=2^-8;curve=P-256,-1,,not_applicable,not_applicable,unavailable,gc,go1.18.1,Release,JerryZ
2026-08-19T14:08:04.873867279Z,FMD,sender_signaling,message_encryption,sender,49,false,not_applicable,unclear,gamma=8;p=2^-8;curve=P-256,-1,,not_applicable,not_applicable,unavailable,gc,go1.18.1,Release,JerryZ
2026-08-19T14:08:04.876223393Z,FMD,sender_signaling,fmd_sender_total_signaling,sender,49,false,not_applicable,unclear,gamma=8;p=2^-8;curve=P-256,399338,269,measured,ok,unavailable,gc,go1.18.1,Release,JerryZ
2026-08-19T14:08:04.878437664Z,FMD,sender_signaling,fmd_flag_generation,sender,50,false,not_applicable,unclear,gamma=8;p=2^-8;curve=P-256,366552,268,measured,ok,unavailable,gc,go1.18.1,Release,JerryZ
2026-08-19T14:08:04.879895091Z,FMD,sender_signaling,fmd_sender_preparation,sender,50,false,not_applicable,unclear,gamma=8;p=2^-8;curve=P-256,-1,,not_applicable,not_applicable,unavailable,gc,go1.18.1,Release,JerryZ
2026-08-19T14:08:04.881249568Z,FMD,sender_signaling,message_encryption,sender,50,false,not_applicable,unclear,gamma=8;p=2^-8;curve=P-256,-1,,not_applicable,not_applicable,unavailable,gc,go1.18.1,Release,JerryZ
2026-08-19T14:08:04.88329191Z,FMD,sender_signaling,fmd_sender_total_signaling,sender,50,false,not_applicable,unclear,gamma=8;p=2^-8;curve=P-256,377802,270,measured,ok,unavailable,gc,go1.18.1,Release,JerryZ
2026-08-19T14:08:04.885293806Z,FMD,sender_signaling,fmd_flag_generation,sender,51,false,not_applicable,unclear,gamma=8;p=2^-8;curve=P-256,358020,268,measured,ok,unavailable,gc,go1.18.1,Release,JerryZ
2026-08-19T14:08:04.886605276Z,FMD,sender_signaling,fmd_sender_preparation,sender,51,false,not_applicable,unclear,gamma=8;p=2^-8;curve=P-256,-1,,not_applicable,not_applicable,unavailable,gc,go1.18.1,Release,JerryZ
2026-08-19T14:08:04.887859209Z,FMD,sender_signaling,message_encryption,sender,51,false,not_applicable,unclear,gamma=8;p=2^-8;curve=P-256,-1,,not_applicable,not_applicable,unavailable,gc,go1.18.1,Release,JerryZ
2026-08-19T14:08:04.891131276Z,FMD,sender_signaling,fmd_sender_total_signaling,sender,51,false,not_applicable,unclear,gamma=8;p=2^-8;curve=P-256,908036,268,measured,ok,unavailable,gc,go1.18.1,Release,JerryZ
2026-08-19T14:08:04.894320273Z,FMD,sender_signaling,fmd_flag_generation,sender,52,false,not_applicable,unclear,gamma=8;p=2^-8;curve=P-256,891221,267,measured,ok,unavailable,gc,go1.18.1,Release,JerryZ
2026-08-19T14:08:04.895617466Z,FMD,sender_signaling,fmd_sender_preparation,sender,52,false,not_applicable,unclear,gamma=8;p=2^-8;curve=P-256,-1,,not_applicable,not_applicable,unavailable,gc,go1.18.1,Release,JerryZ
2026-08-19T14:08:04.89680309Z,FMD,sender_signaling,message_encryption,sender,52,false,not_applicable,unclear,gamma=8;p=2^-8;curve=P-256,-1,,not_applicable,not_applicable,unavailable,gc,go1.18.1,Release,JerryZ
2026-08-19T14:08:04.899053242Z,FMD,sender_signaling,fmd_sender_total_signaling,sender,52,false,not_applicable,unclear,gamma=8;p=2^-8;curve=P-256,376149,270,measured,ok,unavailable,gc,go1.18.1,Release,JerryZ
2026-08-19T14:08:04.901440003Z,FMD,sender_signaling,fmd_flag_generation,sender,53,false,not_applicable,unclear,gamma=8;p=2^-8;curve=P-256,363264,269,measured,ok,unavailable,gc,go1.18.1,Release,JerryZ
2026-08-19T14:08:04.902702486Z,FMD,sender_signaling,fmd_sender_preparation,sender,53,false,not_applicable,unclear,gamma=8;p=2^-8;curve=P-256,-1,,not_applicable,not_applicable,unavailable,gc,go1.18.1,Release,JerryZ
2026-08-19T14:08:04.903851743Z,FMD,sender_signaling,message_encryption,sender,53,false,not_applicable,unclear,gamma=8;p=2^-8;curve=P-256,-1,,not_applicable,not_applicable,unavailable,gc,go1.18.1,Release,JerryZ
2026-08-19T14:08:04.905808005Z,FMD,sender_signaling,fmd_sender_total_signaling,sender,53,false,not_applicable,unclear,gamma=8;p=2^-8;curve=P-256,371455,270,measured,ok,unavailable,gc,go1.18.1,Release,JerryZ
2026-08-19T14:08:04.908417527Z,FMD,sender_signaling,fmd_flag_generation,sender,54,false,not_applicable,unclear,gamma=8;p=2^-8;curve=P-256,420423,269,measured,ok,unavailable,gc,go1.18.1,Release,JerryZ
2026-08-19T14:08:04.90972232Z,FMD,sender_signaling,fmd_sender_preparation,sender,54,false,not_applicable,unclear,gamma=8;p=2^-8;curve=P-256,-1,,not_applicable,not_applicable,unavailable,gc,go1.18.1,Release,JerryZ
2026-08-19T14:08:04.910976529Z,FMD,sender_signaling,message_encryption,sender,54,false,not_applicable,unclear,gamma=8;p=2^-8;curve=P-256,-1,,not_applicable,not_applicable,unavailable,gc,go1.18.1,Release,JerryZ
2026-08-19T14:08:04.913332808Z,FMD,sender_signaling,fmd_sender_total_signaling,sender,54,false,not_applicable,unclear,gamma=8;p=2^-8;curve=P-256,402956,269,measured,ok,unavailable,gc,go1.18.1,Release,JerryZ
2026-08-19T14:08:04.915902923Z,FMD,sender_signaling,fmd_flag_generation,sender,55,false,not_applicable,unclear,gamma=8;p=2^-8;curve=P-256,393533,269,measured,ok,unavailable,gc,go1.18.1,Release,JerryZ
2026-08-19T14:08:04.917287734Z,FMD,sender_signaling,fmd_sender_preparation,sender,55,false,not_applicable,unclear,gamma=8;p=2^-8;curve=P-256,-1,,not_applicable,not_applicable,unavailable,gc,go1.18.1,Release,JerryZ
2026-08-19T14:08:04.918474681Z,FMD,sender_signaling,message_encryption,sender,55,false,not_applicable,unclear,gamma=8;p=2^-8;curve=P-256,-1,,not_applicable,not_applicable,unavailable,gc,go1.18.1,Release,JerryZ
2026-08-19T14:08:04.920966421Z,FMD,sender_signaling,fmd_sender_total_signaling,sender,55,false,not_applicable,unclear,gamma=8;p=2^-8;curve=P-256,883855,269,measured,ok,unavailable,gc,go1.18.1,Release,JerryZ
2026-08-19T14:08:04.923619814Z,FMD,sender_signaling,fmd_flag_generation,sender,56,false,not_applicable,unclear,gamma=8;p=2^-8;curve=P-256,499147,269,measured,ok,unavailable,gc,go1.18.1,Release,JerryZ
2026-08-19T14:08:04.925220407Z,FMD,sender_signaling,fmd_sender_preparation,sender,56,false,not_applicable,unclear,gamma=8;p=2^-8;curve=P-256,-1,,not_applicable,not_applicable,unavailable,gc,go1.18.1,Release,JerryZ
2026-08-19T14:08:04.926423912Z,FMD,sender_signaling,message_encryption,sender,56,false,not_applicable,unclear,gamma=8;p=2^-8;curve=P-256,-1,,not_applicable,not_applicable,unavailable,gc,go1.18.1,Release,JerryZ
2026-08-19T14:08:04.928402197Z,FMD,sender_signaling,fmd_sender_total_signaling,sender,56,false,not_applicable,unclear,gamma=8;p=2^-8;curve=P-256,380833,270,measured,ok,unavailable,gc,go1.18.1,Release,JerryZ
2026-08-19T14:08:04.930315957Z,FMD,sender_signaling,fmd_flag_generation,sender,57,false,not_applicable,unclear,gamma=8;p=2^-8;curve=P-256,364522,268,measured,ok,unavailable,gc,go1.18.1,Release,JerryZ
2026-08-19T14:08:04.931479274Z,FMD,sender_signaling,fmd_sender_preparation,sender,57,false,not_applicable,unclear,gamma=8;p=2^-8;curve=P-256,-1,,not_applicable,not_applicable,unavailable,gc,go1.18.1,Release,JerryZ
2026-08-19T14:08:04.932988525Z,FMD,sender_signaling,message_encryption,sender,57,false,not_applicable,unclear,gamma=8;p=2^-8;curve=P-256,-1,,not_applicable,not_applicable,unavailable,gc,go1.18.1,Release,JerryZ
2026-08-19T14:08:04.934964358Z,FMD,sender_signaling,fmd_sender_total_signaling,sender,57,false,not_applicable,unclear,gamma=8;p=2^-8;curve=P-256,361446,268,measured,ok,unavailable,gc,go1.18.1,Release,JerryZ
2026-08-19T14:08:04.937133111Z,FMD,sender_signaling,fmd_flag_generation,sender,58,false,not_applicable,unclear,gamma=8;p=2^-8;curve=P-256,374772,270,measured,ok,unavailable,gc,go1.18.1,Release,JerryZ
2026-08-19T14:08:04.938815178Z,FMD,sender_signaling,fmd_sender_preparation,sender,58,false,not_applicable,unclear,gamma=8;p=2^-8;curve=P-256,-1,,not_applicable,not_applicable,unavailable,gc,go1.18.1,Release,JerryZ
2026-08-19T14:08:04.940273515Z,FMD,sender_signaling,message_encryption,sender,58,false,not_applicable,unclear,gamma=8;p=2^-8;curve=P-256,-1,,not_applicable,not_applicable,unavailable,gc,go1.18.1,Release,JerryZ
2026-08-19T14:08:04.942294693Z,FMD,sender_signaling,fmd_sender_total_signaling,sender,58,false,not_applicable,unclear,gamma=8;p=2^-8;curve=P-256,371841,269,measured,ok,unavailable,gc,go1.18.1,Release,JerryZ
2026-08-19T14:08:04.944807808Z,FMD,sender_signaling,fmd_flag_generation,sender,59,false,not_applicable,unclear,gamma=8;p=2^-8;curve=P-256,537434,269,measured,ok,unavailable,gc,go1.18.1,Release,JerryZ
2026-08-19T14:08:04.94601675Z,FMD,sender_signaling,fmd_sender_preparation,sender,59,false,not_applicable,unclear,gamma=8;p=2^-8;curve=P-256,-1,,not_applicable,not_applicable,unavailable,gc,go1.18.1,Release,JerryZ
2026-08-19T14:08:04.948445746Z,FMD,sender_signaling,message_encryption,sender,59,false,not_applicable,unclear,gamma=8;p=2^-8;curve=P-256,-1,,not_applicable,not_applicable,unavailable,gc,go1.18.1,Release,JerryZ
2026-08-19T14:08:04.950393017Z,FMD,sender_signaling,fmd_sender_total_signaling,sender,59,false,not_applicable,unclear,gamma=8;p=2^-8;curve=P-256,371585,269,measured,ok,unavailable,gc,go1.18.1,Release,JerryZ
2026-08-19T14:08:04.953009969Z,FMD,sender_signaling,fmd_flag_generation,sender,60,false,not_applicable,unclear,gamma=8;p=2^-8;curve=P-256,633056,271,measured,ok,unavailable,gc,go1.18.1,Release,JerryZ
2026-08-19T14:08:04.954908888Z,FMD,sender_signaling,fmd_sender_preparation,sender,60,false,not_applicable,unclear,gamma=8;p=2^-8;curve=P-256,-1,,not_applicable,not_applicable,unavailable,gc,go1.18.1,Release,JerryZ
2026-08-19T14:08:04.95620717Z,FMD,sender_signaling,message_encryption,sender,60,false,not_applicable,unclear,gamma=8;p=2^-8;curve=P-256,-1,,not_applicable,not_applicable,unavailable,gc,go1.18.1,Release,JerryZ
2026-08-19T14:08:04.958300738Z,FMD,sender_signaling,fmd_sender_total_signaling,sender,60,false,not_applicable,unclear,gamma=8;p=2^-8;curve=P-256,375469,270,measured,ok,unavailable,gc,go1.18.1,Release,JerryZ
2026-08-19T14:08:04.96019939Z,FMD,sender_signaling,fmd_flag_generation,sender,61,false,not_applicable,unclear,gamma=8;p=2^-8;curve=P-256,355623,267,measured,ok,unavailable,gc,go1.18.1,Release,JerryZ
2026-08-19T14:08:04.961461534Z,FMD,sender_signaling,fmd_sender_preparation,sender,61,false,not_applicable,unclear,gamma=8;p=2^-8;curve=P-256,-1,,not_applicable,not_applicable,unavailable,gc,go1.18.1,Release,JerryZ
2026-08-19T14:08:04.962741026Z,FMD,sender_signaling,message_encryption,sender,61,false,not_applicable,unclear,gamma=8;p=2^-8;curve=P-256,-1,,not_applicable,not_applicable,unavailable,gc,go1.18.1,Release,JerryZ
2026-08-19T14:08:04.964948528Z,FMD,sender_signaling,fmd_sender_total_signaling,sender,61,false,not_applicable,unclear,gamma=8;p=2^-8;curve=P-256,375405,270,measured,ok,unavailable,gc,go1.18.1,Release,JerryZ
2026-08-19T14:08:04.967140175Z,FMD,sender_signaling,fmd_flag_generation,sender,62,false,not_applicable,unclear,gamma=8;p=2^-8;curve=P-256,376203,270,measured,ok,unavailable,gc,go1.18.1,Release,JerryZ
2026-08-19T14:08:04.968683567Z,FMD,sender_signaling,fmd_sender_preparation,sender,62,false,not_applicable,unclear,gamma=8;p=2^-8;curve=P-256,-1,,not_applicable,not_applicable,unavailable,gc,go1.18.1,Release,JerryZ
2026-08-19T14:08:04.969933808Z,FMD,sender_signaling,message_encryption,sender,62,false,not_applicable,unclear,gamma=8;p=2^-8;curve=P-256,-1,,not_applicable,not_applicable,unavailable,gc,go1.18.1,Release,JerryZ
2026-08-19T14:08:04.971865366Z,FMD,sender_signaling,fmd_sender_total_signaling,sender,62,false,not_applicable,unclear,gamma=8;p=2^-8;curve=P-256,368940,270,measured,ok,unavailable,gc,go1.18.1,Release,JerryZ
2026-08-19T14:08:04.974085625Z,FMD,sender_signaling,fmd_flag_generation,sender,63,false,not_applicable,unclear,gamma=8;p=2^-8;curve=P-256,360858,270,measured,ok,unavailable,gc,go1.18.1,Release,JerryZ
2026-08-19T14:08:04.975431965Z,FMD,sender_signaling,fmd_sender_preparation,sender,63,false,not_applicable,unclear,gamma=8;p=2^-8;curve=P-256,-1,,not_applicable,not_applicable,unavailable,gc,go1.18.1,Release,JerryZ
2026-08-19T14:08:04.976572819Z,FMD,sender_signaling,message_encryption,sender,63,false,not_applicable,unclear,gamma=8;p=2^-8;curve=P-256,-1,,not_applicable,not_applicable,unavailable,gc,go1.18.1,Release,JerryZ
2026-08-19T14:08:04.980004398Z,FMD,sender_signaling,fmd_sender_total_signaling,sender,63,false,not_applicable,unclear,gamma=8;p=2^-8;curve=P-256,1120870,269,measured,ok,unavailable,gc,go1.18.1,Release,JerryZ
2026-08-19T14:08:04.98276525Z,FMD,sender_signaling,fmd_flag_generation,sender,64,false,not_applicable,unclear,gamma=8;p=2^-8;curve=P-256,407107,269,measured,ok,unavailable,gc,go1.18.1,Release,JerryZ
2026-08-19T14:08:04.984822397Z,FMD,sender_signaling,fmd_sender_preparation,sender,64,false,not_applicable,unclear,gamma=8;p=2^-8;curve=P-256,-1,,not_applicable,not_applicable,unavailable,gc,go1.18.1,Release,JerryZ
2026-08-19T14:08:04.986368145Z,FMD,sender_signaling,message_encryption,sender,64,false,not_applicable,unclear,gamma=8;p=2^-8;curve=P-256,-1,,not_applicable,not_applicable,unavailable,gc,go1.18.1,Release,JerryZ
2026-08-19T14:08:04.98875047Z,FMD,sender_signaling,fmd_sender_total_signaling,sender,64,false,not_applicable,unclear,gamma=8;p=2^-8;curve=P-256,454789,268,measured,ok,unavailable,gc,go1.18.1,Release,JerryZ
2026-08-19T14:08:04.991051546Z,FMD,sender_signaling,fmd_flag_generation,sender,65,false,not_applicable,unclear,gamma=8;p=2^-8;curve=P-256,361574,269,measured,ok,unavailable,gc,go1.18.1,Release,JerryZ
2026-08-19T14:08:04.992285321Z,FMD,sender_signaling,fmd_sender_preparation,sender,65,false,not_applicable,unclear,gamma=8;p=2^-8;curve=P-256,-1,,not_applicable,not_applicable,unavailable,gc,go1.18.1,Release,JerryZ
2026-08-19T14:08:04.99380867Z,FMD,sender_signaling,message_encryption,sender,65,false,not_applicable,unclear,gamma=8;p=2^-8;curve=P-256,-1,,not_applicable,not_applicable,unavailable,gc,go1.18.1,Release,JerryZ
2026-08-19T14:08:04.995988336Z,FMD,sender_signaling,fmd_sender_total_signaling,sender,65,false,not_applicable,unclear,gamma=8;p=2^-8;curve=P-256,367957,269,measured,ok,unavailable,gc,go1.18.1,Release,JerryZ
2026-08-19T14:08:04.99824668Z,FMD,sender_signaling,fmd_flag_generation,sender,66,false,not_applicable,unclear,gamma=8;p=2^-8;curve=P-256,358379,270,measured,ok,unavailable,gc,go1.18.1,Release,JerryZ
2026-08-19T14:08:05.000185135Z,FMD,sender_signaling,fmd_sender_preparation,sender,66,false,not_applicable,unclear,gamma=8;p=2^-8;curve=P-256,-1,,not_applicable,not_applicable,unavailable,gc,go1.18.1,Release,JerryZ
2026-08-19T14:08:05.001353282Z,FMD,sender_signaling,message_encryption,sender,66,false,not_applicable,unclear,gamma=8;p=2^-8;curve=P-256,-1,,not_applicable,not_applicable,unavailable,gc,go1.18.1,Release,JerryZ
2026-08-19T14:08:05.003399027Z,FMD,sender_signaling,fmd_sender_total_signaling,sender,66,false,not_applicable,unclear,gamma=8;p=2^-8;curve=P-256,416052,268,measured,ok,unavailable,gc,go1.18.1,Release,JerryZ
2026-08-19T14:08:05.005735024Z,FMD,sender_signaling,fmd_flag_generation,sender,67,false,not_applicable,unclear,gamma=8;p=2^-8;curve=P-256,749818,268,measured,ok,unavailable,gc,go1.18.1,Release,JerryZ
2026-08-19T14:08:05.007951765Z,FMD,sender_signaling,fmd_sender_preparation,sender,67,false,not_applicable,unclear,gamma=8;p=2^-8;curve=P-256,-1,,not_applicable,not_applicable,unavailable,gc,go1.18.1,Release,JerryZ
2026-08-19T14:08:05.009401561Z,FMD,sender_signaling,message_encryption,sender,67,false,not_applicable,unclear,gamma=8;p=2^-8;curve=P-256,-1,,not_applicable,not_applicable,unavailable,gc,go1.18.1,Release,JerryZ
2026-08-19T14:08:05.011622113Z,FMD,sender_signaling,fmd_sender_total_signaling,sender,67,false,not_applicable,unclear,gamma=8;p=2^-8;curve=P-256,412049,269,measured,ok,unavailable,gc,go1.18.1,Release,JerryZ
2026-08-19T14:08:05.014342208Z,FMD,sender_signaling,fmd_flag_generation,sender,68,false,not_applicable,unclear,gamma=8;p=2^-8;curve=P-256,394498,268,measured,ok,unavailable,gc,go1.18.1,Release,JerryZ
2026-08-19T14:08:05.016235892Z,FMD,sender_signaling,fmd_sender_preparation,sender,68,false,not_applicable,unclear,gamma=8;p=2^-8;curve=P-256,-1,,not_applicable,not_applicable,unavailable,gc,go1.18.1,Release,JerryZ
2026-08-19T14:08:05.017932914Z,FMD,sender_signaling,message_encryption,sender,68,false,not_applicable,unclear,gamma=8;p=2^-8;curve=P-256,-1,,not_applicable,not_applicable,unavailable,gc,go1.18.1,Release,JerryZ
2026-08-19T14:08:05.019916819Z,FMD,sender_signaling,fmd_sender_total_signaling,sender,68,false,not_applicable,unclear,gamma=8;p=2^-8;curve=P-256,376975,270,measured,ok,unavailable,gc,go1.18.1,Release,JerryZ
2026-08-19T14:08:05.021851399Z,FMD,sender_signaling,fmd_flag_generation,sender,69,false,not_applicable,unclear,gamma=8;p=2^-8;curve=P-256,357588,270,measured,ok,unavailable,gc,go1.18.1,Release,JerryZ
2026-08-19T14:08:05.023505267Z,FMD,sender_signaling,fmd_sender_preparation,sender,69,false,not_applicable,unclear,gamma=8;p=2^-8;curve=P-256,-1,,not_applicable,not_applicable,unavailable,gc,go1.18.1,Release,JerryZ
2026-08-19T14:08:05.024850092Z,FMD,sender_signaling,message_encryption,sender,69,false,not_applicable,unclear,gamma=8;p=2^-8;curve=P-256,-1,,not_applicable,not_applicable,unavailable,gc,go1.18.1,Release,JerryZ
2026-08-19T14:08:05.026679526Z,FMD,sender_signaling,fmd_sender_total_signaling,sender,69,false,not_applicable,unclear,gamma=8;p=2^-8;curve=P-256,365394,268,measured,ok,unavailable,gc,go1.18.1,Release,JerryZ
2026-08-19T14:08:05.028950545Z,FMD,sender_signaling,fmd_flag_generation,sender,70,false,not_applicable,unclear,gamma=8;p=2^-8;curve=P-256,600849,267,measured,ok,unavailable,gc,go1.18.1,Release,JerryZ
2026-08-19T14:08:05.03051309Z,FMD,sender_signaling,fmd_sender_preparation,sender,70,false,not_applicable,unclear,gamma=8;p=2^-8;curve=P-256,-1,,not_applicable,not_applicable,unavailable,gc,go1.18.1,Release,JerryZ
2026-08-19T14:08:05.031770146Z,FMD,sender_signaling,message_encryption,sender,70,false,not_applicable,unclear,gamma=8;p=2^-8;curve=P-256,-1,,not_applicable,not_applicable,unavailable,gc,go1.18.1,Release,JerryZ
2026-08-19T14:08:05.033919029Z,FMD,sender_signaling,fmd_sender_total_signaling,sender,70,false,not_applicable,unclear,gamma=8;p=2^-8;curve=P-256,386288,269,measured,ok,unavailable,gc,go1.18.1,Release,JerryZ
2026-08-19T14:08:05.036432451Z,FMD,sender_signaling,fmd_flag_generation,sender,71,false,not_applicable,unclear,gamma=8;p=2^-8;curve=P-256,795801,266,measured,ok,unavailable,gc,go1.18.1,Release,JerryZ
2026-08-19T14:08:05.037753941Z,FMD,sender_signaling,fmd_sender_preparation,sender,71,false,not_applicable,unclear,gamma=8;p=2^-8;curve=P-256,-1,,not_applicable,not_applicable,unavailable,gc,go1.18.1,Release,JerryZ
2026-08-19T14:08:05.039180736Z,FMD,sender_signaling,message_encryption,sender,71,false,not_applicable,unclear,gamma=8;p=2^-8;curve=P-256,-1,,not_applicable,not_applicable,unavailable,gc,go1.18.1,Release,JerryZ
2026-08-19T14:08:05.041381777Z,FMD,sender_signaling,fmd_sender_total_signaling,sender,71,false,not_applicable,unclear,gamma=8;p=2^-8;curve=P-256,431197,269,measured,ok,unavailable,gc,go1.18.1,Release,JerryZ
2026-08-19T14:08:05.045043915Z,FMD,sender_signaling,fmd_flag_generation,sender,72,false,not_applicable,unclear,gamma=8;p=2^-8;curve=P-256,805518,269,measured,ok,unavailable,gc,go1.18.1,Release,JerryZ
2026-08-19T14:08:05.046944368Z,FMD,sender_signaling,fmd_sender_preparation,sender,72,false,not_applicable,unclear,gamma=8;p=2^-8;curve=P-256,-1,,not_applicable,not_applicable,unavailable,gc,go1.18.1,Release,JerryZ
2026-08-19T14:08:05.048189797Z,FMD,sender_signaling,message_encryption,sender,72,false,not_applicable,unclear,gamma=8;p=2^-8;curve=P-256,-1,,not_applicable,not_applicable,unavailable,gc,go1.18.1,Release,JerryZ
2026-08-19T14:08:05.050311238Z,FMD,sender_signaling,fmd_sender_total_signaling,sender,72,false,not_applicable,unclear,gamma=8;p=2^-8;curve=P-256,394645,267,measured,ok,unavailable,gc,go1.18.1,Release,JerryZ
2026-08-19T14:08:05.052824909Z,FMD,sender_signaling,fmd_flag_generation,sender,73,false,not_applicable,unclear,gamma=8;p=2^-8;curve=P-256,364779,269,measured,ok,unavailable,gc,go1.18.1,Release,JerryZ
2026-08-19T14:08:05.054139754Z,FMD,sender_signaling,fmd_sender_preparation,sender,73,false,not_applicable,unclear,gamma=8;p=2^-8;curve=P-256,-1,,not_applicable,not_applicable,unavailable,gc,go1.18.1,Release,JerryZ
2026-08-19T14:08:05.055489671Z,FMD,sender_signaling,message_encryption,sender,73,false,not_applicable,unclear,gamma=8;p=2^-8;curve=P-256,-1,,not_applicable,not_applicable,unavailable,gc,go1.18.1,Release,JerryZ
2026-08-19T14:08:05.057501063Z,FMD,sender_signaling,fmd_sender_total_signaling,sender,73,false,not_applicable,unclear,gamma=8;p=2^-8;curve=P-256,376295,269,measured,ok,unavailable,gc,go1.18.1,Release,JerryZ
2026-08-19T14:08:05.059924945Z,FMD,sender_signaling,fmd_flag_generation,sender,74,false,not_applicable,unclear,gamma=8;p=2^-8;curve=P-256,421820,269,measured,ok,unavailable,gc,go1.18.1,Release,JerryZ
2026-08-19T14:08:05.061776916Z,FMD,sender_signaling,fmd_sender_preparation,sender,74,false,not_applicable,unclear,gamma=8;p=2^-8;curve=P-256,-1,,not_applicable,not_applicable,unavailable,gc,go1.18.1,Release,JerryZ
2026-08-19T14:08:05.062906832Z,FMD,sender_signaling,message_encryption,sender,74,false,not_applicable,unclear,gamma=8;p=2^-8;curve=P-256,-1,,not_applicable,not_applicable,unavailable,gc,go1.18.1,Release,JerryZ
2026-08-19T14:08:05.065331411Z,FMD,sender_signaling,fmd_sender_total_signaling,sender,74,false,not_applicable,unclear,gamma=8;p=2^-8;curve=P-256,473075,270,measured,ok,unavailable,gc,go1.18.1,Release,JerryZ
2026-08-19T14:08:05.067914254Z,FMD,sender_signaling,fmd_flag_generation,sender,75,false,not_applicable,unclear,gamma=8;p=2^-8;curve=P-256,474443,269,measured,ok,unavailable,gc,go1.18.1,Release,JerryZ
2026-08-19T14:08:05.069176094Z,FMD,sender_signaling,fmd_sender_preparation,sender,75,false,not_applicable,unclear,gamma=8;p=2^-8;curve=P-256,-1,,not_applicable,not_applicable,unavailable,gc,go1.18.1,Release,JerryZ
2026-08-19T14:08:05.070743883Z,FMD,sender_signaling,message_encryption,sender,75,false,not_applicable,unclear,gamma=8;p=2^-8;curve=P-256,-1,,not_applicable,not_applicable,unavailable,gc,go1.18.1,Release,JerryZ
2026-08-19T14:08:05.073528504Z,FMD,sender_signaling,fmd_sender_total_signaling,sender,75,false,not_applicable,unclear,gamma=8;p=2^-8;curve=P-256,800871,269,measured,ok,unavailable,gc,go1.18.1,Release,JerryZ
2026-08-19T14:08:05.076259647Z,FMD,sender_signaling,fmd_flag_generation,sender,76,false,not_applicable,unclear,gamma=8;p=2^-8;curve=P-256,794047,269,measured,ok,unavailable,gc,go1.18.1,Release,JerryZ
2026-08-19T14:08:05.077887489Z,FMD,sender_signaling,fmd_sender_preparation,sender,76,false,not_applicable,unclear,gamma=8;p=2^-8;curve=P-256,-1,,not_applicable,not_applicable,unavailable,gc,go1.18.1,Release,JerryZ
2026-08-19T14:08:05.078982286Z,FMD,sender_signaling,message_encryption,sender,76,false,not_applicable,unclear,gamma=8;p=2^-8;curve=P-256,-1,,not_applicable,not_applicable,unavailable,gc,go1.18.1,Release,JerryZ
2026-08-19T14:08:05.080815467Z,FMD,sender_signaling,fmd_sender_total_signaling,sender,76,false,not_applicable,unclear,gamma=8;p=2^-8;curve=P-256,381806,270,measured,ok,unavailable,gc,go1.18.1,Release,JerryZ
2026-08-19T14:08:05.083620511Z,FMD,sender_signaling,fmd_flag_generation,sender,77,false,not_applicable,unclear,gamma=8;p=2^-8;curve=P-256,894646,269,measured,ok,unavailable,gc,go1.18.1,Release,JerryZ
2026-08-19T14:08:05.084976908Z,FMD,sender_signaling,fmd_sender_preparation,sender,77,false,not_applicable,unclear,gamma=8;p=2^-8;curve=P-256,-1,,not_applicable,not_applicable,unavailable,gc,go1.18.1,Release,JerryZ
2026-08-19T14:08:05.086400098Z,FMD,sender_signaling,message_encryption,sender,77,false,not_applicable,unclear,gamma=8;p=2^-8;curve=P-256,-1,,not_applicable,not_applicable,unavailable,gc,go1.18.1,Release,JerryZ
2026-08-19T14:08:05.088725667Z,FMD,sender_signaling,fmd_sender_total_signaling,sender,77,false,not_applicable,unclear,gamma=8;p=2^-8;curve=P-256,437717,269,measured,ok,unavailable,gc,go1.18.1,Release,JerryZ
2026-08-19T14:08:05.091140438Z,FMD,sender_signaling,fmd_flag_generation,sender,78,false,not_applicable,unclear,gamma=8;p=2^-8;curve=P-256,382146,269,measured,ok,unavailable,gc,go1.18.1,Release,JerryZ
2026-08-19T14:08:05.092568115Z,FMD,sender_signaling,fmd_sender_preparation,sender,78,false,not_applicable,unclear,gamma=8;p=2^-8;curve=P-256,-1,,not_applicable,not_applicable,unavailable,gc,go1.18.1,Release,JerryZ
2026-08-19T14:08:05.093981712Z,FMD,sender_signaling,message_encryption,sender,78,false,not_applicable,unclear,gamma=8;p=2^-8;curve=P-256,-1,,not_applicable,not_applicable,unavailable,gc,go1.18.1,Release,JerryZ
2026-08-19T14:08:05.09608846Z,FMD,sender_signaling,fmd_sender_total_signaling,sender,78,false,not_applicable,unclear,gamma=8;p=2^-8;curve=P-256,407153,269,measured,ok,unavailable,gc,go1.18.1,Release,JerryZ
2026-08-19T14:08:05.09868573Z,FMD,sender_signaling,fmd_flag_generation,sender,79,false,not_applicable,unclear,gamma=8;p=2^-8;curve=P-256,409541,270,measured,ok,unavailable,gc,go1.18.1,Release,JerryZ
2026-08-19T14:08:05.100615194Z,FMD,sender_signaling,fmd_sender_preparation,sender,79,false,not_applicable,unclear,gamma=8;p=2^-8;curve=P-256,-1,,not_applicable,not_applicable,unavailable,gc,go1.18.1,Release,JerryZ
2026-08-19T14:08:05.101706768Z,FMD,sender_signaling,message_encryption,sender,79,false,not_applicable,unclear,gamma=8;p=2^-8;curve=P-256,-1,,not_applicable,not_applicable,unavailable,gc,go1.18.1,Release,JerryZ
2026-08-19T14:08:05.103605723Z,FMD,sender_signaling,fmd_sender_total_signaling,sender,79,false,not_applicable,unclear,gamma=8;p=2^-8;curve=P-256,391256,270,measured,ok,unavailable,gc,go1.18.1,Release,JerryZ
2026-08-19T14:08:05.105938988Z,FMD,sender_signaling,fmd_flag_generation,sender,80,false,not_applicable,unclear,gamma=8;p=2^-8;curve=P-256,373697,271,measured,ok,unavailable,gc,go1.18.1,Release,JerryZ
2026-08-19T14:08:05.107439506Z,FMD,sender_signaling,fmd_sender_preparation,sender,80,false,not_applicable,unclear,gamma=8;p=2^-8;curve=P-256,-1,,not_applicable,not_applicable,unavailable,gc,go1.18.1,Release,JerryZ
2026-08-19T14:08:05.108891809Z,FMD,sender_signaling,message_encryption,sender,80,false,not_applicable,unclear,gamma=8;p=2^-8;curve=P-256,-1,,not_applicable,not_applicable,unavailable,gc,go1.18.1,Release,JerryZ
2026-08-19T14:08:05.110860698Z,FMD,sender_signaling,fmd_sender_total_signaling,sender,80,false,not_applicable,unclear,gamma=8;p=2^-8;curve=P-256,374514,270,measured,ok,unavailable,gc,go1.18.1,Release,JerryZ
2026-08-19T14:08:05.113358876Z,FMD,sender_signaling,fmd_flag_generation,sender,81,false,not_applicable,unclear,gamma=8;p=2^-8;curve=P-256,791687,268,measured,ok,unavailable,gc,go1.18.1,Release,JerryZ
2026-08-19T14:08:05.114692029Z,FMD,sender_signaling,fmd_sender_preparation,sender,81,false,not_applicable,unclear,gamma=8;p=2^-8;curve=P-256,-1,,not_applicable,not_applicable,unavailable,gc,go1.18.1,Release,JerryZ
2026-08-19T14:08:05.116029736Z,FMD,sender_signaling,message_encryption,sender,81,false,not_applicable,unclear,gamma=8;p=2^-8;curve=P-256,-1,,not_applicable,not_applicable,unavailable,gc,go1.18.1,Release,JerryZ
2026-08-19T14:08:05.118050312Z,FMD,sender_signaling,fmd_sender_total_signaling,sender,81,false,not_applicable,unclear,gamma=8;p=2^-8;curve=P-256,390531,269,measured,ok,unavailable,gc,go1.18.1,Release,JerryZ
2026-08-19T14:08:05.121059449Z,FMD,sender_signaling,fmd_flag_generation,sender,82,false,not_applicable,unclear,gamma=8;p=2^-8;curve=P-256,821213,269,measured,ok,unavailable,gc,go1.18.1,Release,JerryZ
2026-08-19T14:08:05.122584901Z,FMD,sender_signaling,fmd_sender_preparation,sender,82,false,not_applicable,unclear,gamma=8;p=2^-8;curve=P-256,-1,,not_applicable,not_applicable,unavailable,gc,go1.18.1,Release,JerryZ
2026-08-19T14:08:05.123652542Z,FMD,sender_signaling,message_encryption,sender,82,false,not_applicable,unclear,gamma=8;p=2^-8;curve=P-256,-1,,not_applicable,not_applicable,unavailable,gc,go1.18.1,Release,JerryZ
2026-08-19T14:08:05.125730374Z,FMD,sender_signaling,fmd_sender_total_signaling,sender,82,false,not_applicable,unclear,gamma=8;p=2^-8;curve=P-256,378858,271,measured,ok,unavailable,gc,go1.18.1,Release,JerryZ
2026-08-19T14:08:05.127765061Z,FMD,sender_signaling,fmd_flag_generation,sender,83,false,not_applicable,unclear,gamma=8;p=2^-8;curve=P-256,375643,270,measured,ok,unavailable,gc,go1.18.1,Release,JerryZ
2026-08-19T14:08:05.129000865Z,FMD,sender_signaling,fmd_sender_preparation,sender,83,false,not_applicable,unclear,gamma=8;p=2^-8;curve=P-256,-1,,not_applicable,not_applicable,unavailable,gc,go1.18.1,Release,JerryZ
2026-08-19T14:08:05.13004236Z,FMD,sender_signaling,message_encryption,sender,83,false,not_applicable,unclear,gamma=8;p=2^-8;curve=P-256,-1,,not_applicable,not_applicable,unavailable,gc,go1.18.1,Release,JerryZ
2026-08-19T14:08:05.132974228Z,FMD,sender_signaling,fmd_sender_total_signaling,sender,83,false,not_applicable,unclear,gamma=8;p=2^-8;curve=P-256,812120,269,measured,ok,unavailable,gc,go1.18.1,Release,JerryZ
2026-08-19T14:08:05.135833002Z,FMD,sender_signaling,fmd_flag_generation,sender,84,false,not_applicable,unclear,gamma=8;p=2^-8;curve=P-256,420626,270,measured,ok,unavailable,gc,go1.18.1,Release,JerryZ
2026-08-19T14:08:05.137359257Z,FMD,sender_signaling,fmd_sender_preparation,sender,84,false,not_applicable,unclear,gamma=8;p=2^-8;curve=P-256,-1,,not_applicable,not_applicable,unavailable,gc,go1.18.1,Release,JerryZ
2026-08-19T14:08:05.138588435Z,FMD,sender_signaling,message_encryption,sender,84,false,not_applicable,unclear,gamma=8;p=2^-8;curve=P-256,-1,,not_applicable,not_applicable,unavailable,gc,go1.18.1,Release,JerryZ
2026-08-19T14:08:05.140960548Z,FMD,sender_signaling,fmd_sender_total_signaling,sender,84,false,not_applicable,unclear,gamma=8;p=2^-8;curve=P-256,805233,269,measured,ok,unavailable,gc,go1.18.1,Release,JerryZ
2026-08-19T14:08:05.143333798Z,FMD,sender_signaling,fmd_flag_generation,sender,85,false,not_applicable,unclear,gamma=8;p=2^-8;curve=P-256,685578,270,measured,ok,unavailable,gc,go1.18.1,Release,JerryZ
2026-08-19T14:08:05.144404911Z,FMD,sender_signaling,fmd_sender_preparation,sender,85,false,not_applicable,unclear,gamma=8;p=2^-8;curve=P-256,-1,,not_applicable,not_applicable,unavailable,gc,go1.18.1,Release,JerryZ
2026-08-19T14:08:05.145975978Z,FMD,sender_signaling,message_encryption,sender,85,false,not_applicable,unclear,gamma=8;p=2^-8;curve=P-256,-1,,not_applicable,not_applicable,unavailable,gc,go1.18.1,Release,JerryZ
2026-08-19T14:08:05.14853149Z,FMD,sender_signaling,fmd_sender_total_signaling,sender,85,false,not_applicable,unclear,gamma=8;p=2^-8;curve=P-256,410781,269,measured,ok,unavailable,gc,go1.18.1,Release,JerryZ
2026-08-19T14:08:05.150988277Z,FMD,sender_signaling,fmd_flag_generation,sender,86,false,not_applicable,unclear,gamma=8;p=2^-8;curve=P-256,405556,269,measured,ok,unavailable,gc,go1.18.1,Release,JerryZ
2026-08-19T14:08:05.152459172Z,FMD,sender_signaling,fmd_sender_preparation,sender,86,false,not_applicable,unclear,gamma=8;p=2^-8;curve=P-256,-1,,not_applicable,not_applicable,unavailable,gc,go1.18.1,Release,JerryZ
2026-08-19T14:08:05.153804084Z,FMD,sender_signaling,message_encryption,sender,86,false,not_applicable,unclear,gamma=8;p=2^-8;curve=P-256,-1,,not_applicable,not_applicable,unavailable,gc,go1.18.1,Release,JerryZ
2026-08-19T14:08:05.156380168Z,FMD,sender_signaling,fmd_sender_total_signaling,sender,86,false,not_applicable,unclear,gamma=8;p=2^-8;curve=P-256,804030,269,measured,ok,unavailable,gc,go1.18.1,Release,JerryZ
2026-08-19T14:08:05.158965656Z,FMD,sender_signaling,fmd_flag_generation,sender,87,false,not_applicable,unclear,gamma=8;p=2^-8;curve=P-256,367029,269,measured,ok,unavailable,gc,go1.18.1,Release,JerryZ
2026-08-19T14:08:05.160090943Z,FMD,sender_signaling,fmd_sender_preparation,sender,87,false,not_applicable,unclear,gamma=8;p=2^-8;curve=P-256,-1,,not_applicable,not_applicable,unavailable,gc,go1.18.1,Release,JerryZ
2026-08-19T14:08:05.161293475Z,FMD,sender_signaling,message_encryption,sender,87,false,not_applicable,unclear,gamma=8;p=2^-8;curve=P-256,-1,,not_applicable,not_applicable,unavailable,gc,go1.18.1,Release,JerryZ
2026-08-19T14:08:05.163531927Z,FMD,sender_signaling,fmd_sender_total_signaling,sender,87,false,not_applicable,unclear,gamma=8;p=2^-8;curve=P-256,436807,269,measured,ok,unavailable,gc,go1.18.1,Release,JerryZ
2026-08-19T14:08:05.166185514Z,FMD,sender_signaling,fmd_flag_generation,sender,88,false,not_applicable,unclear,gamma=8;p=2^-8;curve=P-256,984694,269,measured,ok,unavailable,gc,go1.18.1,Release,JerryZ
2026-08-19T14:08:05.167875906Z,FMD,sender_signaling,fmd_sender_preparation,sender,88,false,not_applicable,unclear,gamma=8;p=2^-8;curve=P-256,-1,,not_applicable,not_applicable,unavailable,gc,go1.18.1,Release,JerryZ
2026-08-19T14:08:05.169008688Z,FMD,sender_signaling,message_encryption,sender,88,false,not_applicable,unclear,gamma=8;p=2^-8;curve=P-256,-1,,not_applicable,not_applicable,unavailable,gc,go1.18.1,Release,JerryZ
2026-08-19T14:08:05.171133591Z,FMD,sender_signaling,fmd_sender_total_signaling,sender,88,false,not_applicable,unclear,gamma=8;p=2^-8;curve=P-256,404472,270,measured,ok,unavailable,gc,go1.18.1,Release,JerryZ
2026-08-19T14:08:05.173572662Z,FMD,sender_signaling,fmd_flag_generation,sender,89,false,not_applicable,unclear,gamma=8;p=2^-8;curve=P-256,483636,269,measured,ok,unavailable,gc,go1.18.1,Release,JerryZ
2026-08-19T14:08:05.174764128Z,FMD,sender_signaling,fmd_sender_preparation,sender,89,false,not_applicable,unclear,gamma=8;p=2^-8;curve=P-256,-1,,not_applicable,not_applicable,unavailable,gc,go1.18.1,Release,JerryZ
2026-08-19T14:08:05.176177299Z,FMD,sender_signaling,message_encryption,sender,89,false,not_applicable,unclear,gamma=8;p=2^-8;curve=P-256,-1,,not_applicable,not_applicable,unavailable,gc,go1.18.1,Release,JerryZ
2026-08-19T14:08:05.178095411Z,FMD,sender_signaling,fmd_sender_total_signaling,sender,89,false,not_applicable,unclear,gamma=8;p=2^-8;curve=P-256,382669,268,measured,ok,unavailable,gc,go1.18.1,Release,JerryZ
2026-08-19T14:08:05.179969869Z,FMD,sender_signaling,fmd_flag_generation,sender,90,false,not_applicable,unclear,gamma=8;p=2^-8;curve=P-256,369288,269,measured,ok,unavailable,gc,go1.18.1,Release,JerryZ
2026-08-19T14:08:05.181475497Z,FMD,sender_signaling,fmd_sender_preparation,sender,90,false,not_applicable,unclear,gamma=8;p=2^-8;curve=P-256,-1,,not_applicable,not_applicable,unavailable,gc,go1.18.1,Release,JerryZ
2026-08-19T14:08:05.182976392Z,FMD,sender_signaling,message_encryption,sender,90,false,not_applicable,unclear,gamma=8;p=2^-8;curve=P-256,-1,,not_applicable,not_applicable,unavailable,gc,go1.18.1,Release,JerryZ
2026-08-19T14:08:05.185687146Z,FMD,sender_signaling,fmd_sender_total_signaling,sender,90,false,not_applicable,unclear,gamma=8;p=2^-8;curve=P-256,399751,270,measured,ok,unavailable,gc,go1.18.1,Release,JerryZ
2026-08-19T14:08:05.188124408Z,FMD,sender_signaling,fmd_flag_generation,sender,91,false,not_applicable,unclear,gamma=8;p=2^-8;curve=P-256,379556,269,measured,ok,unavailable,gc,go1.18.1,Release,JerryZ
2026-08-19T14:08:05.189191571Z,FMD,sender_signaling,fmd_sender_preparation,sender,91,false,not_applicable,unclear,gamma=8;p=2^-8;curve=P-256,-1,,not_applicable,not_applicable,unavailable,gc,go1.18.1,Release,JerryZ
2026-08-19T14:08:05.190341021Z,FMD,sender_signaling,message_encryption,sender,91,false,not_applicable,unclear,gamma=8;p=2^-8;curve=P-256,-1,,not_applicable,not_applicable,unavailable,gc,go1.18.1,Release,JerryZ
2026-08-19T14:08:05.192767777Z,FMD,sender_signaling,fmd_sender_total_signaling,sender,91,false,not_applicable,unclear,gamma=8;p=2^-8;curve=P-256,810054,271,measured,ok,unavailable,gc,go1.18.1,Release,JerryZ
2026-08-19T14:08:05.195481828Z,FMD,sender_signaling,fmd_flag_generation,sender,92,false,not_applicable,unclear,gamma=8;p=2^-8;curve=P-256,410009,269,measured,ok,unavailable,gc,go1.18.1,Release,JerryZ
2026-08-19T14:08:05.19723371Z,FMD,sender_signaling,fmd_sender_preparation,sender,92,false,not_applicable,unclear,gamma=8;p=2^-8;curve=P-256,-1,,not_applicable,not_applicable,unavailable,gc,go1.18.1,Release,JerryZ
2026-08-19T14:08:05.198826364Z,FMD,sender_signaling,message_encryption,sender,92,false,not_applicable,unclear,gamma=8;p=2^-8;curve=P-256,-1,,not_applicable,not_applicable,unavailable,gc,go1.18.1,Release,JerryZ
2026-08-19T14:08:05.200620348Z,FMD,sender_signaling,fmd_sender_total_signaling,sender,92,false,not_applicable,unclear,gamma=8;p=2^-8;curve=P-256,394525,268,measured,ok,unavailable,gc,go1.18.1,Release,JerryZ
2026-08-19T14:08:05.202765925Z,FMD,sender_signaling,fmd_flag_generation,sender,93,false,not_applicable,unclear,gamma=8;p=2^-8;curve=P-256,373137,269,measured,ok,unavailable,gc,go1.18.1,Release,JerryZ
2026-08-19T14:08:05.20417927Z,FMD,sender_signaling,fmd_sender_preparation,sender,93,false,not_applicable,unclear,gamma=8;p=2^-8;curve=P-256,-1,,not_applicable,not_applicable,unavailable,gc,go1.18.1,Release,JerryZ
2026-08-19T14:08:05.205269888Z,FMD,sender_signaling,message_encryption,sender,93,false,not_applicable,unclear,gamma=8;p=2^-8;curve=P-256,-1,,not_applicable,not_applicable,unavailable,gc,go1.18.1,Release,JerryZ
2026-08-19T14:08:05.207549704Z,FMD,sender_signaling,fmd_sender_total_signaling,sender,93,false,not_applicable,unclear,gamma=8;p=2^-8;curve=P-256,447580,269,measured,ok,unavailable,gc,go1.18.1,Release,JerryZ
2026-08-19T14:08:05.21021634Z,FMD,sender_signaling,fmd_flag_generation,sender,94,false,not_applicable,unclear,gamma=8;p=2^-8;curve=P-256,382568,270,measured,ok,unavailable,gc,go1.18.1,Release,JerryZ
2026-08-19T14:08:05.211563048Z,FMD,sender_signaling,fmd_sender_preparation,sender,94,false,not_applicable,unclear,gamma=8;p=2^-8;curve=P-256,-1,,not_applicable,not_applicable,unavailable,gc,go1.18.1,Release,JerryZ
2026-08-19T14:08:05.212762403Z,FMD,sender_signaling,message_encryption,sender,94,false,not_applicable,unclear,gamma=8;p=2^-8;curve=P-256,-1,,not_applicable,not_applicable,unavailable,gc,go1.18.1,Release,JerryZ
2026-08-19T14:08:05.215001443Z,FMD,sender_signaling,fmd_sender_total_signaling,sender,94,false,not_applicable,unclear,gamma=8;p=2^-8;curve=P-256,411782,269,measured,ok,unavailable,gc,go1.18.1,Release,JerryZ
2026-08-19T14:08:05.216936932Z,FMD,sender_signaling,fmd_flag_generation,sender,95,false,not_applicable,unclear,gamma=8;p=2^-8;curve=P-256,373577,269,measured,ok,unavailable,gc,go1.18.1,Release,JerryZ
2026-08-19T14:08:05.218368295Z,FMD,sender_signaling,fmd_sender_preparation,sender,95,false,not_applicable,unclear,gamma=8;p=2^-8;curve=P-256,-1,,not_applicable,not_applicable,unavailable,gc,go1.18.1,Release,JerryZ
2026-08-19T14:08:05.220073501Z,FMD,sender_signaling,message_encryption,sender,95,false,not_applicable,unclear,gamma=8;p=2^-8;curve=P-256,-1,,not_applicable,not_applicable,unavailable,gc,go1.18.1,Release,JerryZ
2026-08-19T14:08:05.221994139Z,FMD,sender_signaling,fmd_sender_total_signaling,sender,95,false,not_applicable,unclear,gamma=8;p=2^-8;curve=P-256,434264,268,measured,ok,unavailable,gc,go1.18.1,Release,JerryZ
2026-08-19T14:08:05.224419701Z,FMD,sender_signaling,fmd_flag_generation,sender,96,false,not_applicable,unclear,gamma=8;p=2^-8;curve=P-256,440325,269,measured,ok,unavailable,gc,go1.18.1,Release,JerryZ
2026-08-19T14:08:05.225741447Z,FMD,sender_signaling,fmd_sender_preparation,sender,96,false,not_applicable,unclear,gamma=8;p=2^-8;curve=P-256,-1,,not_applicable,not_applicable,unavailable,gc,go1.18.1,Release,JerryZ
2026-08-19T14:08:05.227359783Z,FMD,sender_signaling,message_encryption,sender,96,false,not_applicable,unclear,gamma=8;p=2^-8;curve=P-256,-1,,not_applicable,not_applicable,unavailable,gc,go1.18.1,Release,JerryZ
2026-08-19T14:08:05.229657792Z,FMD,sender_signaling,fmd_sender_total_signaling,sender,96,false,not_applicable,unclear,gamma=8;p=2^-8;curve=P-256,415557,269,measured,ok,unavailable,gc,go1.18.1,Release,JerryZ
2026-08-19T14:08:05.232155823Z,FMD,sender_signaling,fmd_flag_generation,sender,97,false,not_applicable,unclear,gamma=8;p=2^-8;curve=P-256,851629,269,measured,ok,unavailable,gc,go1.18.1,Release,JerryZ
2026-08-19T14:08:05.233298908Z,FMD,sender_signaling,fmd_sender_preparation,sender,97,false,not_applicable,unclear,gamma=8;p=2^-8;curve=P-256,-1,,not_applicable,not_applicable,unavailable,gc,go1.18.1,Release,JerryZ
2026-08-19T14:08:05.234367197Z,FMD,sender_signaling,message_encryption,sender,97,false,not_applicable,unclear,gamma=8;p=2^-8;curve=P-256,-1,,not_applicable,not_applicable,unavailable,gc,go1.18.1,Release,JerryZ
2026-08-19T14:08:05.23696381Z,FMD,sender_signaling,fmd_sender_total_signaling,sender,97,false,not_applicable,unclear,gamma=8;p=2^-8;curve=P-256,366744,269,measured,ok,unavailable,gc,go1.18.1,Release,JerryZ
2026-08-19T14:08:05.239464665Z,FMD,sender_signaling,fmd_flag_generation,sender,98,false,not_applicable,unclear,gamma=8;p=2^-8;curve=P-256,491846,269,measured,ok,unavailable,gc,go1.18.1,Release,JerryZ
2026-08-19T14:08:05.240929095Z,FMD,sender_signaling,fmd_sender_preparation,sender,98,false,not_applicable,unclear,gamma=8;p=2^-8;curve=P-256,-1,,not_applicable,not_applicable,unavailable,gc,go1.18.1,Release,JerryZ
2026-08-19T14:08:05.242385209Z,FMD,sender_signaling,message_encryption,sender,98,false,not_applicable,unclear,gamma=8;p=2^-8;curve=P-256,-1,,not_applicable,not_applicable,unavailable,gc,go1.18.1,Release,JerryZ
2026-08-19T14:08:05.245164291Z,FMD,sender_signaling,fmd_sender_total_signaling,sender,98,false,not_applicable,unclear,gamma=8;p=2^-8;curve=P-256,582462,268,measured,ok,unavailable,gc,go1.18.1,Release,JerryZ
2026-08-19T14:08:05.247226644Z,FMD,sender_signaling,fmd_flag_generation,sender,99,false,not_applicable,unclear,gamma=8;p=2^-8;curve=P-256,374119,270,measured,ok,unavailable,gc,go1.18.1,Release,JerryZ
2026-08-19T14:08:05.248329311Z,FMD,sender_signaling,fmd_sender_preparation,sender,99,false,not_applicable,unclear,gamma=8;p=2^-8;curve=P-256,-1,,not_applicable,not_applicable,unavailable,gc,go1.18.1,Release,JerryZ
2026-08-19T14:08:05.24975488Z,FMD,sender_signaling,message_encryption,sender,99,false,not_applicable,unclear,gamma=8;p=2^-8;curve=P-256,-1,,not_applicable,not_applicable,unavailable,gc,go1.18.1,Release,JerryZ
2026-08-19T14:08:05.251765492Z,FMD,sender_signaling,fmd_sender_total_signaling,sender,99,false,not_applicable,unclear,gamma=8;p=2^-8;curve=P-256,397868,270,measured,ok,unavailable,gc,go1.18.1,Release,JerryZ
2026-08-19T14:08:05.253840712Z,FMD,sender_signaling,fmd_flag_generation,sender,100,false,not_applicable,unclear,gamma=8;p=2^-8;curve=P-256,388933,268,measured,ok,unavailable,gc,go1.18.1,Release,JerryZ
2026-08-19T14:08:05.255221528Z,FMD,sender_signaling,fmd_sender_preparation,sender,100,false,not_applicable,unclear,gamma=8;p=2^-8;curve=P-256,-1,,not_applicable,not_applicable,unavailable,gc,go1.18.1,Release,JerryZ
2026-08-19T14:08:05.256336975Z,FMD,sender_signaling,message_encryption,sender,100,false,not_applicable,unclear,gamma=8;p=2^-8;curve=P-256,-1,,not_applicable,not_applicable,unavailable,gc,go1.18.1,Release,JerryZ
2026-08-19T14:08:05.259383187Z,FMD,sender_signaling,fmd_sender_total_signaling,sender,100,false,not_applicable,unclear,gamma=8;p=2^-8;curve=P-256,470585,269,measured,ok,unavailable,gc,go1.18.1,Release,JerryZ
2026-08-19T14:08:05.262238847Z,FMD,sender_signaling,fmd_flag_generation,sender,101,false,not_applicable,unclear,gamma=8;p=2^-8;curve=P-256,384396,268,measured,ok,unavailable,gc,go1.18.1,Release,JerryZ
2026-08-19T14:08:05.26370291Z,FMD,sender_signaling,fmd_sender_preparation,sender,101,false,not_applicable,unclear,gamma=8;p=2^-8;curve=P-256,-1,,not_applicable,not_applicable,unavailable,gc,go1.18.1,Release,JerryZ
2026-08-19T14:08:05.264806555Z,FMD,sender_signaling,message_encryption,sender,101,false,not_applicable,unclear,gamma=8;p=2^-8;curve=P-256,-1,,not_applicable,not_applicable,unavailable,gc,go1.18.1,Release,JerryZ
2026-08-19T14:08:05.266564494Z,FMD,sender_signaling,fmd_sender_total_signaling,sender,101,false,not_applicable,unclear,gamma=8;p=2^-8;curve=P-256,373715,271,measured,ok,unavailable,gc,go1.18.1,Release,JerryZ
2026-08-19T14:08:05.269356121Z,FMD,sender_signaling,fmd_flag_generation,sender,102,false,not_applicable,unclear,gamma=8;p=2^-8;curve=P-256,834135,270,measured,ok,unavailable,gc,go1.18.1,Release,JerryZ
2026-08-19T14:08:05.270830088Z,FMD,sender_signaling,fmd_sender_preparation,sender,102,false,not_applicable,unclear,gamma=8;p=2^-8;curve=P-256,-1,,not_applicable,not_applicable,unavailable,gc,go1.18.1,Release,JerryZ
2026-08-19T14:08:05.271977637Z,FMD,sender_signaling,message_encryption,sender,102,false,not_applicable,unclear,gamma=8;p=2^-8;curve=P-256,-1,,not_applicable,not_applicable,unavailable,gc,go1.18.1,Release,JerryZ
2026-08-19T14:08:05.274934112Z,FMD,sender_signaling,fmd_sender_total_signaling,sender,102,false,not_applicable,unclear,gamma=8;p=2^-8;curve=P-256,804783,270,measured,ok,unavailable,gc,go1.18.1,Release,JerryZ
2026-08-19T14:08:05.277230284Z,FMD,sender_signaling,fmd_flag_generation,sender,103,false,not_applicable,unclear,gamma=8;p=2^-8;curve=P-256,380989,268,measured,ok,unavailable,gc,go1.18.1,Release,JerryZ
2026-08-19T14:08:05.278636696Z,FMD,sender_signaling,fmd_sender_preparation,sender,103,false,not_applicable,unclear,gamma=8;p=2^-8;curve=P-256,-1,,not_applicable,not_applicable,unavailable,gc,go1.18.1,Release,JerryZ
2026-08-19T14:08:05.279916646Z,FMD,sender_signaling,message_encryption,sender,103,false,not_applicable,unclear,gamma=8;p=2^-8;curve=P-256,-1,,not_applicable,not_applicable,unavailable,gc,go1.18.1,Release,JerryZ
2026-08-19T14:08:05.281916412Z,FMD,sender_signaling,fmd_sender_total_signaling,sender,103,false,not_applicable,unclear,gamma=8;p=2^-8;curve=P-256,375864,268,measured,ok,unavailable,gc,go1.18.1,Release,JerryZ
2026-08-19T14:08:05.284438656Z,FMD,sender_signaling,fmd_flag_generation,sender,104,false,not_applicable,unclear,gamma=8;p=2^-8;curve=P-256,382504,269,measured,ok,unavailable,gc,go1.18.1,Release,JerryZ
2026-08-19T14:08:05.285905547Z,FMD,sender_signaling,fmd_sender_preparation,sender,104,false,not_applicable,unclear,gamma=8;p=2^-8;curve=P-256,-1,,not_applicable,not_applicable,unavailable,gc,go1.18.1,Release,JerryZ
2026-08-19T14:08:05.28700039Z,FMD,sender_signaling,message_encryption,sender,104,false,not_applicable,unclear,gamma=8;p=2^-8;curve=P-256,-1,,not_applicable,not_applicable,unavailable,gc,go1.18.1,Release,JerryZ
2026-08-19T14:08:05.289579514Z,FMD,sender_signaling,fmd_sender_total_signaling,sender,104,false,not_applicable,unclear,gamma=8;p=2^-8;curve=P-256,695790,267,measured,ok,unavailable,gc,go1.18.1,Release,JerryZ
2026-08-19T14:08:05.291911355Z,FMD,sender_signaling,fmd_flag_generation,sender,105,false,not_applicable,unclear,gamma=8;p=2^-8;curve=P-256,462036,268,measured,ok,unavailable,gc,go1.18.1,Release,JerryZ
2026-08-19T14:08:05.293113208Z,FMD,sender_signaling,fmd_sender_preparation,sender,105,false,not_applicable,unclear,gamma=8;p=2^-8;curve=P-256,-1,,not_applicable,not_applicable,unavailable,gc,go1.18.1,Release,JerryZ
2026-08-19T14:08:05.294922364Z,FMD,sender_signaling,message_encryption,sender,105,false,not_applicable,unclear,gamma=8;p=2^-8;curve=P-256,-1,,not_applicable,not_applicable,unavailable,gc,go1.18.1,Release,JerryZ
2026-08-19T14:08:05.296874218Z,FMD,sender_signaling,fmd_sender_total_signaling,sender,105,false,not_applicable,unclear,gamma=8;p=2^-8;curve=P-256,372962,269,measured,ok,unavailable,gc,go1.18.1,Release,JerryZ
2026-08-19T14:08:05.29929201Z,FMD,sender_signaling,fmd_flag_generation,sender,106,false,not_applicable,unclear,gamma=8;p=2^-8;curve=P-256,837100,269,measured,ok,unavailable,gc,go1.18.1,Release,JerryZ
2026-08-19T14:08:05.300690855Z,FMD,sender_signaling,fmd_sender_preparation,sender,106,false,not_applicable,unclear,gamma=8;p=2^-8;curve=P-256,-1,,not_applicable,not_applicable,unavailable,gc,go1.18.1,Release,JerryZ
2026-08-19T14:08:05.301733342Z,FMD,sender_signaling,message_encryption,sender,106,false,not_applicable,unclear,gamma=8;p=2^-8;curve=P-256,-1,,not_applicable,not_applicable,unavailable,gc,go1.18.1,Release,JerryZ
2026-08-19T14:08:05.304223843Z,FMD,sender_signaling,fmd_sender_total_signaling,sender,106,false,not_applicable,unclear,gamma=8;p=2^-8;curve=P-256,377003,269,measured,ok,unavailable,gc,go1.18.1,Release,JerryZ
2026-08-19T14:08:05.306272944Z,FMD,sender_signaling,fmd_flag_generation,sender,107,false,not_applicable,unclear,gamma=8;p=2^-8;curve=P-256,360454,269,measured,ok,unavailable,gc,go1.18.1,Release,JerryZ
2026-08-19T14:08:05.307355967Z,FMD,sender_signaling,fmd_sender_preparation,sender,107,false,not_applicable,unclear,gamma=8;p=2^-8;curve=P-256,-1,,not_applicable,not_applicable,unavailable,gc,go1.18.1,Release,JerryZ
2026-08-19T14:08:05.308603545Z,FMD,sender_signaling,message_encryption,sender,107,false,not_applicable,unclear,gamma=8;p=2^-8;curve=P-256,-1,,not_applicable,not_applicable,unavailable,gc,go1.18.1,Release,JerryZ
2026-08-19T14:08:05.310805253Z,FMD,sender_signaling,fmd_sender_total_signaling,sender,107,false,not_applicable,unclear,gamma=8;p=2^-8;curve=P-256,374827,269,measured,ok,unavailable,gc,go1.18.1,Release,JerryZ
2026-08-19T14:08:05.312749117Z,FMD,sender_signaling,fmd_flag_generation,sender,108,false,not_applicable,unclear,gamma=8;p=2^-8;curve=P-256,364614,269,measured,ok,unavailable,gc,go1.18.1,Release,JerryZ
2026-08-19T14:08:05.31410465Z,FMD,sender_signaling,fmd_sender_preparation,sender,108,false,not_applicable,unclear,gamma=8;p=2^-8;curve=P-256,-1,,not_applicable,not_applicable,unavailable,gc,go1.18.1,Release,JerryZ
2026-08-19T14:08:05.315433041Z,FMD,sender_signaling,message_encryption,sender,108,false,not_applicable,unclear,gamma=8;p=2^-8;curve=P-256,-1,,not_applicable,not_applicable,unavailable,gc,go1.18.1,Release,JerryZ
2026-08-19T14:08:05.317785243Z,FMD,sender_signaling,fmd_sender_total_signaling,sender,108,false,not_applicable,unclear,gamma=8;p=2^-8;curve=P-256,417660,270,measured,ok,unavailable,gc,go1.18.1,Release,JerryZ
2026-08-19T14:08:05.32048505Z,FMD,sender_signaling,fmd_flag_generation,sender,109,false,not_applicable,unclear,gamma=8;p=2^-8;curve=P-256,646583,269,measured,ok,unavailable,gc,go1.18.1,Release,JerryZ
2026-08-19T14:08:05.321995202Z,FMD,sender_signaling,fmd_sender_preparation,sender,109,false,not_applicable,unclear,gamma=8;p=2^-8;curve=P-256,-1,,not_applicable,not_applicable,unavailable,gc,go1.18.1,Release,JerryZ
2026-08-19T14:08:05.323846434Z,FMD,sender_signaling,message_encryption,sender,109,false,not_applicable,unclear,gamma=8;p=2^-8;curve=P-256,-1,,not_applicable,not_applicable,unavailable,gc,go1.18.1,Release,JerryZ
2026-08-19T14:08:05.32597491Z,FMD,sender_signaling,fmd_sender_total_signaling,sender,109,false,not_applicable,unclear,gamma=8;p=2^-8;curve=P-256,375378,269,measured,ok,unavailable,gc,go1.18.1,Release,JerryZ
2026-08-19T14:08:05.328401969Z,FMD,sender_signaling,fmd_flag_generation,sender,110,false,not_applicable,unclear,gamma=8;p=2^-8;curve=P-256,360986,267,measured,ok,unavailable,gc,go1.18.1,Release,JerryZ
2026-08-19T14:08:05.32969249Z,FMD,sender_signaling,fmd_sender_preparation,sender,110,false,not_applicable,unclear,gamma=8;p=2^-8;curve=P-256,-1,,not_applicable,not_applicable,unavailable,gc,go1.18.1,Release,JerryZ
2026-08-19T14:08:05.331111649Z,FMD,sender_signaling,message_encryption,sender,110,false,not_applicable,unclear,gamma=8;p=2^-8;curve=P-256,-1,,not_applicable,not_applicable,unavailable,gc,go1.18.1,Release,JerryZ
2026-08-19T14:08:05.333655773Z,FMD,sender_signaling,fmd_sender_total_signaling,sender,110,false,not_applicable,unclear,gamma=8;p=2^-8;curve=P-256,803057,269,measured,ok,unavailable,gc,go1.18.1,Release,JerryZ
2026-08-19T14:08:05.33609095Z,FMD,sender_signaling,fmd_flag_generation,sender,111,false,not_applicable,unclear,gamma=8;p=2^-8;curve=P-256,373146,269,measured,ok,unavailable,gc,go1.18.1,Release,JerryZ
2026-08-19T14:08:05.337296173Z,FMD,sender_signaling,fmd_sender_preparation,sender,111,false,not_applicable,unclear,gamma=8;p=2^-8;curve=P-256,-1,,not_applicable,not_applicable,unavailable,gc,go1.18.1,Release,JerryZ
2026-08-19T14:08:05.338772124Z,FMD,sender_signaling,message_encryption,sender,111,false,not_applicable,unclear,gamma=8;p=2^-8;curve=P-256,-1,,not_applicable,not_applicable,unavailable,gc,go1.18.1,Release,JerryZ
2026-08-19T14:08:05.340960653Z,FMD,sender_signaling,fmd_sender_total_signaling,sender,111,false,not_applicable,unclear,gamma=8;p=2^-8;curve=P-256,395949,269,measured,ok,unavailable,gc,go1.18.1,Release,JerryZ
2026-08-19T14:08:05.342930305Z,FMD,sender_signaling,fmd_flag_generation,sender,112,false,not_applicable,unclear,gamma=8;p=2^-8;curve=P-256,360252,268,measured,ok,unavailable,gc,go1.18.1,Release,JerryZ
2026-08-19T14:08:05.3444115Z,FMD,sender_signaling,fmd_sender_preparation,sender,112,false,not_applicable,unclear,gamma=8;p=2^-8;curve=P-256,-1,,not_applicable,not_applicable,unavailable,gc,go1.18.1,Release,JerryZ
2026-08-19T14:08:05.345685693Z,FMD,sender_signaling,message_encryption,sender,112,false,not_applicable,unclear,gamma=8;p=2^-8;curve=P-256,-1,,not_applicable,not_applicable,unavailable,gc,go1.18.1,Release,JerryZ
2026-08-19T14:08:05.347912821Z,FMD,sender_signaling,fmd_sender_total_signaling,sender,112,false,not_applicable,unclear,gamma=8;p=2^-8;curve=P-256,364321,269,measured,ok,unavailable,gc,go1.18.1,Release,JerryZ
2026-08-19T14:08:05.351156631Z,FMD,sender_signaling,fmd_flag_generation,sender,113,false,not_applicable,unclear,gamma=8;p=2^-8;curve=P-256,930078,269,measured,ok,unavailable,gc,go1.18.1,Release,JerryZ
2026-08-19T14:08:05.352794473Z,FMD,sender_signaling,fmd_sender_preparation,sender,113,false,not_applicable,unclear,gamma=8;p=2^-8;curve=P-256,-1,,not_applicable,not_applicable,unavailable,gc,go1.18.1,Release,JerryZ
2026-08-19T14:08:05.354483368Z,FMD,sender_signaling,message_encryption,sender,113,false,not_applicable,unclear,gamma=8;p=2^-8;curve=P-256,-1,,not_applicable,not_applicable,unavailable,gc,go1.18.1,Release,JerryZ
2026-08-19T14:08:05.356642536Z,FMD,sender_signaling,fmd_sender_total_signaling,sender,113,false,not_applicable,unclear,gamma=8;p=2^-8;curve=P-256,376342,269,measured,ok,unavailable,gc,go1.18.1,Release,JerryZ
2026-08-19T14:08:05.358637306Z,FMD,sender_signaling,fmd_flag_generation,sender,114,false,not_applicable,unclear,gamma=8;p=2^-8;curve=P-256,353988,269,measured,ok,unavailable,gc,go1.18.1,Release,JerryZ
2026-08-19T14:08:05.360151452Z,FMD,sender_signaling,fmd_sender_preparation,sender,114,false,not_applicable,unclear,gamma=8;p=2^-8;curve=P-256,-1,,not_applicable,not_applicable,unavailable,gc,go1.18.1,Release,JerryZ
2026-08-19T14:08:05.361276363Z,FMD,sender_signaling,message_encryption,sender,114,false,not_applicable,unclear,gamma=8;p=2^-8;curve=P-256,-1,,not_applicable,not_applicable,unavailable,gc,go1.18.1,Release,JerryZ
2026-08-19T14:08:05.363656649Z,FMD,sender_signaling,fmd_sender_total_signaling,sender,114,false,not_applicable,unclear,gamma=8;p=2^-8;curve=P-256,387822,269,measured,ok,unavailable,gc,go1.18.1,Release,JerryZ
2026-08-19T14:08:05.366232577Z,FMD,sender_signaling,fmd_flag_generation,sender,115,false,not_applicable,unclear,gamma=8;p=2^-8;curve=P-256,403718,271,measured,ok,unavailable,gc,go1.18.1,Release,JerryZ
2026-08-19T14:08:05.367568594Z,FMD,sender_signaling,fmd_sender_preparation,sender,115,false,not_applicable,unclear,gamma=8;p=2^-8;curve=P-256,-1,,not_applicable,not_applicable,unavailable,gc,go1.18.1,Release,JerryZ
2026-08-19T14:08:05.368602898Z,FMD,sender_signaling,message_encryption,sender,115,false,not_applicable,unclear,gamma=8;p=2^-8;curve=P-256,-1,,not_applicable,not_applicable,unavailable,gc,go1.18.1,Release,JerryZ
2026-08-19T14:08:05.37053767Z,FMD,sender_signaling,fmd_sender_total_signaling,sender,115,false,not_applicable,unclear,gamma=8;p=2^-8;curve=P-256,385865,269,measured,ok,unavailable,gc,go1.18.1,Release,JerryZ
2026-08-19T14:08:05.372692237Z,FMD,sender_signaling,fmd_flag_generation,sender,116,false,not_applicable,unclear,gamma=8;p=2^-8;curve=P-256,372255,268,measured,ok,unavailable,gc,go1.18.1,Release,JerryZ
2026-08-19T14:08:05.373973336Z,FMD,sender_signaling,fmd_sender_preparation,sender,116,false,not_applicable,unclear,gamma=8;p=2^-8;curve=P-256,-1,,not_applicable,not_applicable,unavailable,gc,go1.18.1,Release,JerryZ
2026-08-19T14:08:05.375168503Z,FMD,sender_signaling,message_encryption,sender,116,false,not_applicable,unclear,gamma=8;p=2^-8;curve=P-256,-1,,not_applicable,not_applicable,unavailable,gc,go1.18.1,Release,JerryZ
2026-08-19T14:08:05.377205113Z,FMD,sender_signaling,fmd_sender_total_signaling,sender,116,false,not_applicable,unclear,gamma=8;p=2^-8;curve=P-256,397023,269,measured,ok,unavailable,gc,go1.18.1,Release,JerryZ
2026-08-19T14:08:05.379632485Z,FMD,sender_signaling,fmd_flag_generation,sender,117,false,not_applicable,unclear,gamma=8;p=2^-8;curve=P-256,935633,269,measured,ok,unavailable,gc,go1.18.1,Release,JerryZ
2026-08-19T14:08:05.381529842Z,FMD,sender_signaling,fmd_sender_preparation,sender,117,false,not_applicable,unclear,gamma=8;p=2^-8;curve=P-256,-1,,not_applicable,not_applicable,unavailable,gc,go1.18.1,Release,JerryZ
2026-08-19T14:08:05.382826967Z,FMD,sender_signaling,message_encryption,sender,117,false,not_applicable,unclear,gamma=8;p=2^-8;curve=P-256,-1,,not_applicable,not_applicable,unavailable,gc,go1.18.1,Release,JerryZ
2026-08-19T14:08:05.384867875Z,FMD,sender_signaling,fmd_sender_total_signaling,sender,117,false,not_applicable,unclear,gamma=8;p=2^-8;curve=P-256,386196,269,measured,ok,unavailable,gc,go1.18.1,Release,JerryZ
2026-08-19T14:08:05.386989592Z,FMD,sender_signaling,fmd_flag_generation,sender,118,false,not_applicable,unclear,gamma=8;p=2^-8;curve=P-256,374257,269,measured,ok,unavailable,gc,go1.18.1,Release,JerryZ
2026-08-19T14:08:05.388359103Z,FMD,sender_signaling,fmd_sender_preparation,sender,118,false,not_applicable,unclear,gamma=8;p=2^-8;curve=P-256,-1,,not_applicable,not_applicable,unavailable,gc,go1.18.1,Release,JerryZ
2026-08-19T14:08:05.389662473Z,FMD,sender_signaling,message_encryption,sender,118,false,not_applicable,unclear,gamma=8;p=2^-8;curve=P-256,-1,,not_applicable,not_applicable,unavailable,gc,go1.18.1,Release,JerryZ
2026-08-19T14:08:05.391971686Z,FMD,sender_signaling,fmd_sender_total_signaling,sender,118,false,not_applicable,unclear,gamma=8;p=2^-8;curve=P-256,378950,270,measured,ok,unavailable,gc,go1.18.1,Release,JerryZ
2026-08-19T14:08:05.39424726Z,FMD,sender_signaling,fmd_flag_generation,sender,119,false,not_applicable,unclear,gamma=8;p=2^-8;curve=P-256,363558,270,measured,ok,unavailable,gc,go1.18.1,Release,JerryZ
2026-08-19T14:08:05.395679221Z,FMD,sender_signaling,fmd_sender_preparation,sender,119,false,not_applicable,unclear,gamma=8;p=2^-8;curve=P-256,-1,,not_applicable,not_applicable,unavailable,gc,go1.18.1,Release,JerryZ
2026-08-19T14:08:05.397240241Z,FMD,sender_signaling,message_encryption,sender,119,false,not_applicable,unclear,gamma=8;p=2^-8;curve=P-256,-1,,not_applicable,not_applicable,unavailable,gc,go1.18.1,Release,JerryZ
2026-08-19T14:08:05.399426465Z,FMD,sender_signaling,fmd_sender_total_signaling,sender,119,false,not_applicable,unclear,gamma=8;p=2^-8;curve=P-256,474645,269,measured,ok,unavailable,gc,go1.18.1,Release,JerryZ
2026-08-19T14:08:05.401436884Z,FMD,sender_signaling,fmd_flag_generation,sender,120,false,not_applicable,unclear,gamma=8;p=2^-8;curve=P-256,380080,269,measured,ok,unavailable,gc,go1.18.1,Release,JerryZ
2026-08-19T14:08:05.402816304Z,FMD,sender_signaling,fmd_sender_preparation,sender,120,false,not_applicable,unclear,gamma=8;p=2^-8;curve=P-256,-1,,not_applicable,not_applicable,unavailable,gc,go1.18.1,Release,JerryZ
2026-08-19T14:08:05.404235518Z,FMD,sender_signaling,message_encryption,sender,120,false,not_applicable,unclear,gamma=8;p=2^-8;curve=P-256,-1,,not_applicable,not_applicable,unavailable,gc,go1.18.1,Release,JerryZ
2026-08-19T14:08:05.406974182Z,FMD,sender_signaling,fmd_sender_total_signaling,sender,120,false,not_applicable,unclear,gamma=8;p=2^-8;curve=P-256,819072,270,measured,ok,unavailable,gc,go1.18.1,Release,JerryZ
2026-08-19T14:08:05.40909116Z,FMD,sender_signaling,fmd_flag_generation,sender,121,false,not_applicable,unclear,gamma=8;p=2^-8;curve=P-256,396270,268,measured,ok,unavailable,gc,go1.18.1,Release,JerryZ
2026-08-19T14:08:05.410419142Z,FMD,sender_signaling,fmd_sender_preparation,sender,121,false,not_applicable,unclear,gamma=8;p=2^-8;curve=P-256,-1,,not_applicable,not_applicable,unavailable,gc,go1.18.1,Release,JerryZ
2026-08-19T14:08:05.411741779Z,FMD,sender_signaling,message_encryption,sender,121,false,not_applicable,unclear,gamma=8;p=2^-8;curve=P-256,-1,,not_applicable,not_applicable,unavailable,gc,go1.18.1,Release,JerryZ
2026-08-19T14:08:05.413918828Z,FMD,sender_signaling,fmd_sender_total_signaling,sender,121,false,not_applicable,unclear,gamma=8;p=2^-8;curve=P-256,377435,270,measured,ok,unavailable,gc,go1.18.1,Release,JerryZ
2026-08-19T14:08:05.415950011Z,FMD,sender_signaling,fmd_flag_generation,sender,122,false,not_applicable,unclear,gamma=8;p=2^-8;curve=P-256,379914,269,measured,ok,unavailable,gc,go1.18.1,Release,JerryZ
2026-08-19T14:08:05.41728096Z,FMD,sender_signaling,fmd_sender_preparation,sender,122,false,not_applicable,unclear,gamma=8;p=2^-8;curve=P-256,-1,,not_applicable,not_applicable,unavailable,gc,go1.18.1,Release,JerryZ
2026-08-19T14:08:05.418358473Z,FMD,sender_signaling,message_encryption,sender,122,false,not_applicable,unclear,gamma=8;p=2^-8;curve=P-256,-1,,not_applicable,not_applicable,unavailable,gc,go1.18.1,Release,JerryZ
2026-08-19T14:08:05.420518813Z,FMD,sender_signaling,fmd_sender_total_signaling,sender,122,false,not_applicable,unclear,gamma=8;p=2^-8;curve=P-256,369050,268,measured,ok,unavailable,gc,go1.18.1,Release,JerryZ
2026-08-19T14:08:05.422915358Z,FMD,sender_signaling,fmd_flag_generation,sender,123,false,not_applicable,unclear,gamma=8;p=2^-8;curve=P-256,526386,268,measured,ok,unavailable,gc,go1.18.1,Release,JerryZ
2026-08-19T14:08:05.4242475Z,FMD,sender_signaling,fmd_sender_preparation,sender,123,false,not_applicable,unclear,gamma=8;p=2^-8;curve=P-256,-1,,not_applicable,not_applicable,unavailable,gc,go1.18.1,Release,JerryZ
2026-08-19T14:08:05.425877234Z,FMD,sender_signaling,message_encryption,sender,123,false,not_applicable,unclear,gamma=8;p=2^-8;curve=P-256,-1,,not_applicable,not_applicable,unavailable,gc,go1.18.1,Release,JerryZ
2026-08-19T14:08:05.428045089Z,FMD,sender_signaling,fmd_sender_total_signaling,sender,123,false,not_applicable,unclear,gamma=8;p=2^-8;curve=P-256,405941,268,measured,ok,unavailable,gc,go1.18.1,Release,JerryZ
2026-08-19T14:08:05.42998551Z,FMD,sender_signaling,fmd_flag_generation,sender,124,false,not_applicable,unclear,gamma=8;p=2^-8;curve=P-256,360858,270,measured,ok,unavailable,gc,go1.18.1,Release,JerryZ
2026-08-19T14:08:05.431173981Z,FMD,sender_signaling,fmd_sender_preparation,sender,124,false,not_applicable,unclear,gamma=8;p=2^-8;curve=P-256,-1,,not_applicable,not_applicable,unavailable,gc,go1.18.1,Release,JerryZ
2026-08-19T14:08:05.432385752Z,FMD,sender_signaling,message_encryption,sender,124,false,not_applicable,unclear,gamma=8;p=2^-8;curve=P-256,-1,,not_applicable,not_applicable,unavailable,gc,go1.18.1,Release,JerryZ
2026-08-19T14:08:05.434461403Z,FMD,sender_signaling,fmd_sender_total_signaling,sender,124,false,not_applicable,unclear,gamma=8;p=2^-8;curve=P-256,392202,270,measured,ok,unavailable,gc,go1.18.1,Release,JerryZ
2026-08-19T14:08:05.437057003Z,FMD,sender_signaling,fmd_flag_generation,sender,125,false,not_applicable,unclear,gamma=8;p=2^-8;curve=P-256,589112,270,measured,ok,unavailable,gc,go1.18.1,Release,JerryZ
2026-08-19T14:08:05.438462479Z,FMD,sender_signaling,fmd_sender_preparation,sender,125,false,not_applicable,unclear,gamma=8;p=2^-8;curve=P-256,-1,,not_applicable,not_applicable,unavailable,gc,go1.18.1,Release,JerryZ
2026-08-19T14:08:05.439785438Z,FMD,sender_signaling,message_encryption,sender,125,false,not_applicable,unclear,gamma=8;p=2^-8;curve=P-256,-1,,not_applicable,not_applicable,unavailable,gc,go1.18.1,Release,JerryZ
2026-08-19T14:08:05.441962441Z,FMD,sender_signaling,fmd_sender_total_signaling,sender,125,false,not_applicable,unclear,gamma=8;p=2^-8;curve=P-256,391073,270,measured,ok,unavailable,gc,go1.18.1,Release,JerryZ
2026-08-19T14:08:05.444240869Z,FMD,sender_signaling,fmd_flag_generation,sender,126,false,not_applicable,unclear,gamma=8;p=2^-8;curve=P-256,371336,270,measured,ok,unavailable,gc,go1.18.1,Release,JerryZ
2026-08-19T14:08:05.44559756Z,FMD,sender_signaling,fmd_sender_preparation,sender,126,false,not_applicable,unclear,gamma=8;p=2^-8;curve=P-256,-1,,not_applicable,not_applicable,unavailable,gc,go1.18.1,Release,JerryZ
2026-08-19T14:08:05.447282331Z,FMD,sender_signaling,message_encryption,sender,126,false,not_applicable,unclear,gamma=8;p=2^-8;curve=P-256,-1,,not_applicable,not_applicable,unavailable,gc,go1.18.1,Release,JerryZ
2026-08-19T14:08:05.449210482Z,FMD,sender_signaling,fmd_sender_total_signaling,sender,126,false,not_applicable,unclear,gamma=8;p=2^-8;curve=P-256,376461,270,measured,ok,unavailable,gc,go1.18.1,Release,JerryZ
2026-08-19T14:08:05.451553321Z,FMD,sender_signaling,fmd_flag_generation,sender,127,false,not_applicable,unclear,gamma=8;p=2^-8;curve=P-256,434071,269,measured,ok,unavailable,gc,go1.18.1,Release,JerryZ
2026-08-19T14:08:05.453168916Z,FMD,sender_signaling,fmd_sender_preparation,sender,127,false,not_applicable,unclear,gamma=8;p=2^-8;curve=P-256,-1,,not_applicable,not_applicable,unavailable,gc,go1.18.1,Release,JerryZ
2026-08-19T14:08:05.454378409Z,FMD,sender_signaling,message_encryption,sender,127,false,not_applicable,unclear,gamma=8;p=2^-8;curve=P-256,-1,,not_applicable,not_applicable,unavailable,gc,go1.18.1,Release,JerryZ
2026-08-19T14:08:05.456790902Z,FMD,sender_signaling,fmd_sender_total_signaling,sender,127,false,not_applicable,unclear,gamma=8;p=2^-8;curve=P-256,758350,268,measured,ok,unavailable,gc,go1.18.1,Release,JerryZ
2026-08-19T14:08:05.459291211Z,FMD,sender_signaling,fmd_flag_generation,sender,128,false,not_applicable,unclear,gamma=8;p=2^-8;curve=P-256,379106,269,measured,ok,unavailable,gc,go1.18.1,Release,JerryZ
2026-08-19T14:08:05.460865538Z,FMD,sender_signaling,fmd_sender_preparation,sender,128,false,not_applicable,unclear,gamma=8;p=2^-8;curve=P-256,-1,,not_applicable,not_applicable,unavailable,gc,go1.18.1,Release,JerryZ
2026-08-19T14:08:05.462266008Z,FMD,sender_signaling,message_encryption,sender,128,false,not_applicable,unclear,gamma=8;p=2^-8;curve=P-256,-1,,not_applicable,not_applicable,unavailable,gc,go1.18.1,Release,JerryZ
2026-08-19T14:08:05.464247888Z,FMD,sender_signaling,fmd_sender_total_signaling,sender,128,false,not_applicable,unclear,gamma=8;p=2^-8;curve=P-256,412806,269,measured,ok,unavailable,gc,go1.18.1,Release,JerryZ
2026-08-19T14:08:05.467583896Z,FMD,sender_signaling,fmd_flag_generation,sender,129,false,not_applicable,unclear,gamma=8;p=2^-8;curve=P-256,486804,269,measured,ok,unavailable,gc,go1.18.1,Release,JerryZ
2026-08-19T14:08:05.469210195Z,FMD,sender_signaling,fmd_sender_preparation,sender,129,false,not_applicable,unclear,gamma=8;p=2^-8;curve=P-256,-1,,not_applicable,not_applicable,unavailable,gc,go1.18.1,Release,JerryZ
2026-08-19T14:08:05.470327562Z,FMD,sender_signaling,message_encryption,sender,129,false,not_applicable,unclear,gamma=8;p=2^-8;curve=P-256,-1,,not_applicable,not_applicable,unavailable,gc,go1.18.1,Release,JerryZ
2026-08-19T14:08:05.472626732Z,FMD,sender_signaling,fmd_sender_total_signaling,sender,129,false,not_applicable,unclear,gamma=8;p=2^-8;curve=P-256,475995,269,measured,ok,unavailable,gc,go1.18.1,Release,JerryZ
2026-08-19T14:08:05.475065591Z,FMD,sender_signaling,fmd_flag_generation,sender,130,false,not_applicable,unclear,gamma=8;p=2^-8;curve=P-256,543339,269,measured,ok,unavailable,gc,go1.18.1,Release,JerryZ
2026-08-19T14:08:05.476179151Z,FMD,sender_signaling,fmd_sender_preparation,sender,130,false,not_applicable,unclear,gamma=8;p=2^-8;curve=P-256,-1,,not_applicable,not_applicable,unavailable,gc,go1.18.1,Release,JerryZ
2026-08-19T14:08:05.47782806Z,FMD,sender_signaling,message_encryption,sender,130,false,not_applicable,unclear,gamma=8;p=2^-8;curve=P-256,-1,,not_applicable,not_applicable,unavailable,gc,go1.18.1,Release,JerryZ
2026-08-19T14:08:05.480145327Z,FMD,sender_signaling,fmd_sender_total_signaling,sender,130,false,not_applicable,unclear,gamma=8;p=2^-8;curve=P-256,376938,269,measured,ok,unavailable,gc,go1.18.1,Release,JerryZ
2026-08-19T14:08:05.482832057Z,FMD,sender_signaling,fmd_flag_generation,sender,131,false,not_applicable,unclear,gamma=8;p=2^-8;curve=P-256,784951,270,measured,ok,unavailable,gc,go1.18.1,Release,JerryZ
2026-08-19T14:08:05.484159874Z,FMD,sender_signaling,fmd_sender_preparation,sender,131,false,not_applicable,unclear,gamma=8;p=2^-8;curve=P-256,-1,,not_applicable,not_applicable,unavailable,gc,go1.18.1,Release,JerryZ
2026-08-19T14:08:05.485196961Z,FMD,sender_signaling,message_encryption,sender,131,false,not_applicable,unclear,gamma=8;p=2^-8;curve=P-256,-1,,not_applicable,not_applicable,unavailable,gc,go1.18.1,Release,JerryZ
2026-08-19T14:08:05.48795988Z,FMD,sender_signaling,fmd_sender_total_signaling,sender,131,false,not_applicable,unclear,gamma=8;p=2^-8;curve=P-256,410340,269,measured,ok,unavailable,gc,go1.18.1,Release,JerryZ
2026-08-19T14:08:05.489879104Z,FMD,sender_signaling,fmd_flag_generation,sender,132,false,not_applicable,unclear,gamma=8;p=2^-8;curve=P-256,355421,270,measured,ok,unavailable,gc,go1.18.1,Release,JerryZ
2026-08-19T14:08:05.491059916Z,FMD,sender_signaling,fmd_sender_preparation,sender,132,false,not_applicable,unclear,gamma=8;p=2^-8;curve=P-256,-1,,not_applicable,not_applicable,unavailable,gc,go1.18.1,Release,JerryZ
2026-08-19T14:08:05.492281008Z,FMD,sender_signaling,message_encryption,sender,132,false,not_applicable,unclear,gamma=8;p=2^-8;curve=P-256,-1,,not_applicable,not_applicable,unavailable,gc,go1.18.1,Release,JerryZ
2026-08-19T14:08:05.494244277Z,FMD,sender_signaling,fmd_sender_total_signaling,sender,132,false,not_applicable,unclear,gamma=8;p=2^-8;curve=P-256,360564,270,measured,ok,unavailable,gc,go1.18.1,Release,JerryZ
2026-08-19T14:08:05.496606793Z,FMD,sender_signaling,fmd_flag_generation,sender,133,false,not_applicable,unclear,gamma=8;p=2^-8;curve=P-256,527792,271,measured,ok,unavailable,gc,go1.18.1,Release,JerryZ
2026-08-19T14:08:05.498648051Z,FMD,sender_signaling,fmd_sender_preparation,sender,133,false,not_applicable,unclear,gamma=8;p=2^-8;curve=P-256,-1,,not_applicable,not_applicable,unavailable,gc,go1.18.1,Release,JerryZ
2026-08-19T14:08:05.500285774Z,FMD,sender_signaling,message_encryption,sender,133,false,not_applicable,unclear,gamma=8;p=2^-8;curve=P-256,-1,,not_applicable,not_applicable,unavailable,gc,go1.18.1,Release,JerryZ
2026-08-19T14:08:05.502407739Z,FMD,sender_signaling,fmd_sender_total_signaling,sender,133,false,not_applicable,unclear,gamma=8;p=2^-8;curve=P-256,451308,271,measured,ok,unavailable,gc,go1.18.1,Release,JerryZ
2026-08-19T14:08:05.505387853Z,FMD,sender_signaling,fmd_flag_generation,sender,134,false,not_applicable,unclear,gamma=8;p=2^-8;curve=P-256,385828,267,measured,ok,unavailable,gc,go1.18.1,Release,JerryZ
2026-08-19T14:08:05.506622487Z,FMD,sender_signaling,fmd_sender_preparation,sender,134,false,not_applicable,unclear,gamma=8;p=2^-8;curve=P-256,-1,,not_applicable,not_applicable,unavailable,gc,go1.18.1,Release,JerryZ
2026-08-19T14:08:05.507945726Z,FMD,sender_signaling,message_encryption,sender,134,false,not_applicable,unclear,gamma=8;p=2^-8;curve=P-256,-1,,not_applicable,not_applicable,unavailable,gc,go1.18.1,Release,JerryZ
2026-08-19T14:08:05.509755883Z,FMD,sender_signaling,fmd_sender_total_signaling,sender,134,false,not_applicable,unclear,gamma=8;p=2^-8;curve=P-256,371704,270,measured,ok,unavailable,gc,go1.18.1,Release,JerryZ
2026-08-19T14:08:05.512404684Z,FMD,sender_signaling,fmd_flag_generation,sender,135,false,not_applicable,unclear,gamma=8;p=2^-8;curve=P-256,502802,269,measured,ok,unavailable,gc,go1.18.1,Release,JerryZ
2026-08-19T14:08:05.513865371Z,FMD,sender_signaling,fmd_sender_preparation,sender,135,false,not_applicable,unclear,gamma=8;p=2^-8;curve=P-256,-1,,not_applicable,not_applicable,unavailable,gc,go1.18.1,Release,JerryZ
2026-08-19T14:08:05.515000164Z,FMD,sender_signaling,message_encryption,sender,135,false,not_applicable,unclear,gamma=8;p=2^-8;curve=P-256,-1,,not_applicable,not_applicable,unavailable,gc,go1.18.1,Release,JerryZ
2026-08-19T14:08:05.517205444Z,FMD,sender_signaling,fmd_sender_total_signaling,sender,135,false,not_applicable,unclear,gamma=8;p=2^-8;curve=P-256,776974,269,measured,ok,unavailable,gc,go1.18.1,Release,JerryZ
2026-08-19T14:08:05.519723238Z,FMD,sender_signaling,fmd_flag_generation,sender,136,false,not_applicable,unclear,gamma=8;p=2^-8;curve=P-256,414665,268,measured,ok,unavailable,gc,go1.18.1,Release,JerryZ
2026-08-19T14:08:05.521175146Z,FMD,sender_signaling,fmd_sender_preparation,sender,136,false,not_applicable,unclear,gamma=8;p=2^-8;curve=P-256,-1,,not_applicable,not_applicable,unavailable,gc,go1.18.1,Release,JerryZ
2026-08-19T14:08:05.522200569Z,FMD,sender_signaling,message_encryption,sender,136,false,not_applicable,unclear,gamma=8;p=2^-8;curve=P-256,-1,,not_applicable,not_applicable,unavailable,gc,go1.18.1,Release,JerryZ
2026-08-19T14:08:05.524086988Z,FMD,sender_signaling,fmd_sender_total_signaling,sender,136,false,not_applicable,unclear,gamma=8;p=2^-8;curve=P-256,430480,270,measured,ok,unavailable,gc,go1.18.1,Release,JerryZ
2026-08-19T14:08:05.525905338Z,FMD,sender_signaling,fmd_flag_generation,sender,137,false,not_applicable,unclear,gamma=8;p=2^-8;curve=P-256,354898,268,measured,ok,unavailable,gc,go1.18.1,Release,JerryZ
2026-08-19T14:08:05.527222291Z,FMD,sender_signaling,fmd_sender_preparation,sender,137,false,not_applicable,unclear,gamma=8;p=2^-8;curve=P-256,-1,,not_applicable,not_applicable,unavailable,gc,go1.18.1,Release,JerryZ
2026-08-19T14:08:05.5285026Z,FMD,sender_signaling,message_encryption,sender,137,false,not_applicable,unclear,gamma=8;p=2^-8;curve=P-256,-1,,not_applicable,not_applicable,unavailable,gc,go1.18.1,Release,JerryZ
2026-08-19T14:08:05.531116605Z,FMD,sender_signaling,fmd_sender_total_signaling,sender,137,false,not_applicable,unclear,gamma=8;p=2^-8;curve=P-256,556858,269,measured,ok,unavailable,gc,go1.18.1,Release,JerryZ
2026-08-19T14:08:05.53335215Z,FMD,sender_signaling,fmd_flag_generation,sender,138,false,not_applicable,unclear,gamma=8;p=2^-8;curve=P-256,393020,269,measured,ok,unavailable,gc,go1.18.1,Release,JerryZ
2026-08-19T14:08:05.535731954Z,FMD,sender_signaling,fmd_sender_preparation,sender,138,false,not_applicable,unclear,gamma=8;p=2^-8;curve=P-256,-1,,not_applicable,not_applicable,unavailable,gc,go1.18.1,Release,JerryZ
2026-08-19T14:08:05.536838047Z,FMD,sender_signaling,message_encryption,sender,138,false,not_applicable,unclear,gamma=8;p=2^-8;curve=P-256,-1,,not_applicable,not_applicable,unavailable,gc,go1.18.1,Release,JerryZ
2026-08-19T14:08:05.538907591Z,FMD,sender_signaling,fmd_sender_total_signaling,sender,138,false,not_applicable,unclear,gamma=8;p=2^-8;curve=P-256,379373,269,measured,ok,unavailable,gc,go1.18.1,Release,JerryZ
2026-08-19T14:08:05.540939169Z,FMD,sender_signaling,fmd_flag_generation,sender,139,false,not_applicable,unclear,gamma=8;p=2^-8;curve=P-256,356174,271,measured,ok,unavailable,gc,go1.18.1,Release,JerryZ
2026-08-19T14:08:05.541933468Z,FMD,sender_signaling,fmd_sender_preparation,sender,139,false,not_applicable,unclear,gamma=8;p=2^-8;curve=P-256,-1,,not_applicable,not_applicable,unavailable,gc,go1.18.1,Release,JerryZ
2026-08-19T14:08:05.543016409Z,FMD,sender_signaling,message_encryption,sender,139,false,not_applicable,unclear,gamma=8;p=2^-8;curve=P-256,-1,,not_applicable,not_applicable,unavailable,gc,go1.18.1,Release,JerryZ
2026-08-19T14:08:05.544871016Z,FMD,sender_signaling,fmd_sender_total_signaling,sender,139,false,not_applicable,unclear,gamma=8;p=2^-8;curve=P-256,372456,269,measured,ok,unavailable,gc,go1.18.1,Release,JerryZ
2026-08-19T14:08:05.547693542Z,FMD,sender_signaling,fmd_flag_generation,sender,140,false,not_applicable,unclear,gamma=8;p=2^-8;curve=P-256,799227,269,measured,ok,unavailable,gc,go1.18.1,Release,JerryZ
2026-08-19T14:08:05.549185789Z,FMD,sender_signaling,fmd_sender_preparation,sender,140,false,not_applicable,unclear,gamma=8;p=2^-8;curve=P-256,-1,,not_applicable,not_applicable,unavailable,gc,go1.18.1,Release,JerryZ
2026-08-19T14:08:05.55101076Z,FMD,sender_signaling,message_encryption,sender,140,false,not_applicable,unclear,gamma=8;p=2^-8;curve=P-256,-1,,not_applicable,not_applicable,unavailable,gc,go1.18.1,Release,JerryZ
2026-08-19T14:08:05.552813745Z,FMD,sender_signaling,fmd_sender_total_signaling,sender,140,false,not_applicable,unclear,gamma=8;p=2^-8;curve=P-256,381558,269,measured,ok,unavailable,gc,go1.18.1,Release,JerryZ
2026-08-19T14:08:05.555170897Z,FMD,sender_signaling,fmd_flag_generation,sender,141,false,not_applicable,unclear,gamma=8;p=2^-8;curve=P-256,371934,270,measured,ok,unavailable,gc,go1.18.1,Release,JerryZ
2026-08-19T14:08:05.556658392Z,FMD,sender_signaling,fmd_sender_preparation,sender,141,false,not_applicable,unclear,gamma=8;p=2^-8;curve=P-256,-1,,not_applicable,not_applicable,unavailable,gc,go1.18.1,Release,JerryZ
2026-08-19T14:08:05.557781135Z,FMD,sender_signaling,message_encryption,sender,141,false,not_applicable,unclear,gamma=8;p=2^-8;curve=P-256,-1,,not_applicable,not_applicable,unavailable,gc,go1.18.1,Release,JerryZ
2026-08-19T14:08:05.560781794Z,FMD,sender_signaling,fmd_sender_total_signaling,sender,141,false,not_applicable,unclear,gamma=8;p=2^-8;curve=P-256,443631,269,measured,ok,unavailable,gc,go1.18.1,Release,JerryZ
2026-08-19T14:08:05.562798972Z,FMD,sender_signaling,fmd_flag_generation,sender,142,false,not_applicable,unclear,gamma=8;p=2^-8;curve=P-256,371337,270,measured,ok,unavailable,gc,go1.18.1,Release,JerryZ
2026-08-19T14:08:05.564250838Z,FMD,sender_signaling,fmd_sender_preparation,sender,142,false,not_applicable,unclear,gamma=8;p=2^-8;curve=P-256,-1,,not_applicable,not_applicable,unavailable,gc,go1.18.1,Release,JerryZ
2026-08-19T14:08:05.565826419Z,FMD,sender_signaling,message_encryption,sender,142,false,not_applicable,unclear,gamma=8;p=2^-8;curve=P-256,-1,,not_applicable,not_applicable,unavailable,gc,go1.18.1,Release,JerryZ
2026-08-19T14:08:05.567992135Z,FMD,sender_signaling,fmd_sender_total_signaling,sender,142,false,not_applicable,unclear,gamma=8;p=2^-8;curve=P-256,381181,269,measured,ok,unavailable,gc,go1.18.1,Release,JerryZ
2026-08-19T14:08:05.57028569Z,FMD,sender_signaling,fmd_flag_generation,sender,143,false,not_applicable,unclear,gamma=8;p=2^-8;curve=P-256,368196,269,measured,ok,unavailable,gc,go1.18.1,Release,JerryZ
2026-08-19T14:08:05.571352421Z,FMD,sender_signaling,fmd_sender_preparation,sender,143,false,not_applicable,unclear,gamma=8;p=2^-8;curve=P-256,-1,,not_applicable,not_applicable,unavailable,gc,go1.18.1,Release,JerryZ
2026-08-19T14:08:05.572622123Z,FMD,sender_signaling,message_encryption,sender,143,false,not_applicable,unclear,gamma=8;p=2^-8;curve=P-256,-1,,not_applicable,not_applicable,unavailable,gc,go1.18.1,Release,JerryZ
2026-08-19T14:08:05.574748662Z,FMD,sender_signaling,fmd_sender_total_signaling,sender,143,false,not_applicable,unclear,gamma=8;p=2^-8;curve=P-256,369858,267,measured,ok,unavailable,gc,go1.18.1,Release,JerryZ
2026-08-19T14:08:05.576590072Z,FMD,sender_signaling,fmd_flag_generation,sender,144,false,not_applicable,unclear,gamma=8;p=2^-8;curve=P-256,356945,268,measured,ok,unavailable,gc,go1.18.1,Release,JerryZ
2026-08-19T14:08:05.577768222Z,FMD,sender_signaling,fmd_sender_preparation,sender,144,false,not_applicable,unclear,gamma=8;p=2^-8;curve=P-256,-1,,not_applicable,not_applicable,unavailable,gc,go1.18.1,Release,JerryZ
2026-08-19T14:08:05.579222252Z,FMD,sender_signaling,message_encryption,sender,144,false,not_applicable,unclear,gamma=8;p=2^-8;curve=P-256,-1,,not_applicable,not_applicable,unavailable,gc,go1.18.1,Release,JerryZ
2026-08-19T14:08:05.581485408Z,FMD,sender_signaling,fmd_sender_total_signaling,sender,144,false,not_applicable,unclear,gamma=8;p=2^-8;curve=P-256,375901,269,measured,ok,unavailable,gc,go1.18.1,Release,JerryZ
2026-08-19T14:08:05.583547118Z,FMD,sender_signaling,fmd_flag_generation,sender,145,false,not_applicable,unclear,gamma=8;p=2^-8;curve=P-256,392578,270,measured,ok,unavailable,gc,go1.18.1,Release,JerryZ
2026-08-19T14:08:05.584645405Z,FMD,sender_signaling,fmd_sender_preparation,sender,145,false,not_applicable,unclear,gamma=8;p=2^-8;curve=P-256,-1,,not_applicable,not_applicable,unavailable,gc,go1.18.1,Release,JerryZ
2026-08-19T14:08:05.585750827Z,FMD,sender_signaling,message_encryption,sender,145,false,not_applicable,unclear,gamma=8;p=2^-8;curve=P-256,-1,,not_applicable,not_applicable,unavailable,gc,go1.18.1,Release,JerryZ
2026-08-19T14:08:05.588487039Z,FMD,sender_signaling,fmd_sender_total_signaling,sender,145,false,not_applicable,unclear,gamma=8;p=2^-8;curve=P-256,856579,268,measured,ok,unavailable,gc,go1.18.1,Release,JerryZ
2026-08-19T14:08:05.590620677Z,FMD,sender_signaling,fmd_flag_generation,sender,146,false,not_applicable,unclear,gamma=8;p=2^-8;curve=P-256,388776,269,measured,ok,unavailable,gc,go1.18.1,Release,JerryZ
2026-08-19T14:08:05.592089189Z,FMD,sender_signaling,fmd_sender_preparation,sender,146,false,not_applicable,unclear,gamma=8;p=2^-8;curve=P-256,-1,,not_applicable,not_applicable,unavailable,gc,go1.18.1,Release,JerryZ
2026-08-19T14:08:05.593425487Z,FMD,sender_signaling,message_encryption,sender,146,false,not_applicable,unclear,gamma=8;p=2^-8;curve=P-256,-1,,not_applicable,not_applicable,unavailable,gc,go1.18.1,Release,JerryZ
2026-08-19T14:08:05.596154623Z,FMD,sender_signaling,fmd_sender_total_signaling,sender,146,false,not_applicable,unclear,gamma=8;p=2^-8;curve=P-256,543422,268,measured,ok,unavailable,gc,go1.18.1,Release,JerryZ
2026-08-19T14:08:05.598246327Z,FMD,sender_signaling,fmd_flag_generation,sender,147,false,not_applicable,unclear,gamma=8;p=2^-8;curve=P-256,373687,269,measured,ok,unavailable,gc,go1.18.1,Release,JerryZ
2026-08-19T14:08:05.5997883Z,FMD,sender_signaling,fmd_sender_preparation,sender,147,false,not_applicable,unclear,gamma=8;p=2^-8;curve=P-256,-1,,not_applicable,not_applicable,unavailable,gc,go1.18.1,Release,JerryZ
2026-08-19T14:08:05.601130802Z,FMD,sender_signaling,message_encryption,sender,147,false,not_applicable,unclear,gamma=8;p=2^-8;curve=P-256,-1,,not_applicable,not_applicable,unavailable,gc,go1.18.1,Release,JerryZ
2026-08-19T14:08:05.603152563Z,FMD,sender_signaling,fmd_sender_total_signaling,sender,147,false,not_applicable,unclear,gamma=8;p=2^-8;curve=P-256,399944,269,measured,ok,unavailable,gc,go1.18.1,Release,JerryZ
2026-08-19T14:08:05.6057942Z,FMD,sender_signaling,fmd_flag_generation,sender,148,false,not_applicable,unclear,gamma=8;p=2^-8;curve=P-256,397189,269,measured,ok,unavailable,gc,go1.18.1,Release,JerryZ
2026-08-19T14:08:05.607022575Z,FMD,sender_signaling,fmd_sender_preparation,sender,148,false,not_applicable,unclear,gamma=8;p=2^-8;curve=P-256,-1,,not_applicable,not_applicable,unavailable,gc,go1.18.1,Release,JerryZ
2026-08-19T14:08:05.608254238Z,FMD,sender_signaling,message_encryption,sender,148,false,not_applicable,unclear,gamma=8;p=2^-8;curve=P-256,-1,,not_applicable,not_applicable,unavailable,gc,go1.18.1,Release,JerryZ
2026-08-19T14:08:05.610234901Z,FMD,sender_signaling,fmd_sender_total_signaling,sender,148,false,not_applicable,unclear,gamma=8;p=2^-8;curve=P-256,397676,269,measured,ok,unavailable,gc,go1.18.1,Release,JerryZ
2026-08-19T14:08:05.612163584Z,FMD,sender_signaling,fmd_flag_generation,sender,149,false,not_applicable,unclear,gamma=8;p=2^-8;curve=P-256,355348,271,measured,ok,unavailable,gc,go1.18.1,Release,JerryZ
2026-08-19T14:08:05.613235707Z,FMD,sender_signaling,fmd_sender_preparation,sender,149,false,not_applicable,unclear,gamma=8;p=2^-8;curve=P-256,-1,,not_applicable,not_applicable,unavailable,gc,go1.18.1,Release,JerryZ
2026-08-19T14:08:05.614857083Z,FMD,sender_signaling,message_encryption,sender,149,false,not_applicable,unclear,gamma=8;p=2^-8;curve=P-256,-1,,not_applicable,not_applicable,unavailable,gc,go1.18.1,Release,JerryZ
2026-08-19T14:08:05.616920951Z,FMD,sender_signaling,fmd_sender_total_signaling,sender,149,false,not_applicable,unclear,gamma=8;p=2^-8;curve=P-256,374524,269,measured,ok,unavailable,gc,go1.18.1,Release,JerryZ
2026-08-19T14:08:05.619366166Z,FMD,sender_signaling,fmd_flag_generation,sender,150,false,not_applicable,unclear,gamma=8;p=2^-8;curve=P-256,804489,269,measured,ok,unavailable,gc,go1.18.1,Release,JerryZ
2026-08-19T14:08:05.621001346Z,FMD,sender_signaling,fmd_sender_preparation,sender,150,false,not_applicable,unclear,gamma=8;p=2^-8;curve=P-256,-1,,not_applicable,not_applicable,unavailable,gc,go1.18.1,Release,JerryZ
2026-08-19T14:08:05.622183454Z,FMD,sender_signaling,message_encryption,sender,150,false,not_applicable,unclear,gamma=8;p=2^-8;curve=P-256,-1,,not_applicable,not_applicable,unavailable,gc,go1.18.1,Release,JerryZ
2026-08-19T14:08:05.624419472Z,FMD,sender_signaling,fmd_sender_total_signaling,sender,150,false,not_applicable,unclear,gamma=8;p=2^-8;curve=P-256,377645,269,measured,ok,unavailable,gc,go1.18.1,Release,JerryZ
2026-08-19T14:08:05.626719722Z,FMD,sender_signaling,fmd_flag_generation,sender,151,false,not_applicable,unclear,gamma=8;p=2^-8;curve=P-256,424473,269,measured,ok,unavailable,gc,go1.18.1,Release,JerryZ
2026-08-19T14:08:05.627780952Z,FMD,sender_signaling,fmd_sender_preparation,sender,151,false,not_applicable,unclear,gamma=8;p=2^-8;curve=P-256,-1,,not_applicable,not_applicable,unavailable,gc,go1.18.1,Release,JerryZ
2026-08-19T14:08:05.628948012Z,FMD,sender_signaling,message_encryption,sender,151,false,not_applicable,unclear,gamma=8;p=2^-8;curve=P-256,-1,,not_applicable,not_applicable,unavailable,gc,go1.18.1,Release,JerryZ
2026-08-19T14:08:05.630979163Z,FMD,sender_signaling,fmd_sender_total_signaling,sender,151,false,not_applicable,unclear,gamma=8;p=2^-8;curve=P-256,363328,268,measured,ok,unavailable,gc,go1.18.1,Release,JerryZ
2026-08-19T14:08:05.632847793Z,FMD,sender_signaling,fmd_flag_generation,sender,152,false,not_applicable,unclear,gamma=8;p=2^-8;curve=P-256,356918,270,measured,ok,unavailable,gc,go1.18.1,Release,JerryZ
2026-08-19T14:08:05.633964659Z,FMD,sender_signaling,fmd_sender_preparation,sender,152,false,not_applicable,unclear,gamma=8;p=2^-8;curve=P-256,-1,,not_applicable,not_applicable,unavailable,gc,go1.18.1,Release,JerryZ
2026-08-19T14:08:05.635324702Z,FMD,sender_signaling,message_encryption,sender,152,false,not_applicable,unclear,gamma=8;p=2^-8;curve=P-256,-1,,not_applicable,not_applicable,unavailable,gc,go1.18.1,Release,JerryZ
2026-08-19T14:08:05.637622697Z,FMD,sender_signaling,fmd_sender_total_signaling,sender,152,false,not_applicable,unclear,gamma=8;p=2^-8;curve=P-256,387426,268,measured,ok,unavailable,gc,go1.18.1,Release,JerryZ
2026-08-19T14:08:05.639785938Z,FMD,sender_signaling,fmd_flag_generation,sender,153,false,not_applicable,unclear,gamma=8;p=2^-8;curve=P-256,436854,270,measured,ok,unavailable,gc,go1.18.1,Release,JerryZ
2026-08-19T14:08:05.640985292Z,FMD,sender_signaling,fmd_sender_preparation,sender,153,false,not_applicable,unclear,gamma=8;p=2^-8;curve=P-256,-1,,not_applicable,not_applicable,unavailable,gc,go1.18.1,Release,JerryZ
2026-08-19T14:08:05.642689046Z,FMD,sender_signaling,message_encryption,sender,153,false,not_applicable,unclear,gamma=8;p=2^-8;curve=P-256,-1,,not_applicable,not_applicable,unavailable,gc,go1.18.1,Release,JerryZ
2026-08-19T14:08:05.644553535Z,FMD,sender_signaling,fmd_sender_total_signaling,sender,153,false,not_applicable,unclear,gamma=8;p=2^-8;curve=P-256,376820,270,measured,ok,unavailable,gc,go1.18.1,Release,JerryZ
2026-08-19T14:08:05.646575847Z,FMD,sender_signaling,fmd_flag_generation,sender,154,false,not_applicable,unclear,gamma=8;p=2^-8;curve=P-256,372687,270,measured,ok,unavailable,gc,go1.18.1,Release,JerryZ
2026-08-19T14:08:05.647662043Z,FMD,sender_signaling,fmd_sender_preparation,sender,154,false,not_applicable,unclear,gamma=8;p=2^-8;curve=P-256,-1,,not_applicable,not_applicable,unavailable,gc,go1.18.1,Release,JerryZ
2026-08-19T14:08:05.648677093Z,FMD,sender_signaling,message_encryption,sender,154,false,not_applicable,unclear,gamma=8;p=2^-8;curve=P-256,-1,,not_applicable,not_applicable,unavailable,gc,go1.18.1,Release,JerryZ
2026-08-19T14:08:05.651254885Z,FMD,sender_signaling,fmd_sender_total_signaling,sender,154,false,not_applicable,unclear,gamma=8;p=2^-8;curve=P-256,833601,271,measured,ok,unavailable,gc,go1.18.1,Release,JerryZ
2026-08-19T14:08:05.653646297Z,FMD,sender_signaling,fmd_flag_generation,sender,155,false,not_applicable,unclear,gamma=8;p=2^-8;curve=P-256,372870,269,measured,ok,unavailable,gc,go1.18.1,Release,JerryZ
2026-08-19T14:08:05.654982067Z,FMD,sender_signaling,fmd_sender_preparation,sender,155,false,not_applicable,unclear,gamma=8;p=2^-8;curve=P-256,-1,,not_applicable,not_applicable,unavailable,gc,go1.18.1,Release,JerryZ
2026-08-19T14:08:05.656547831Z,FMD,sender_signaling,message_encryption,sender,155,false,not_applicable,unclear,gamma=8;p=2^-8;curve=P-256,-1,,not_applicable,not_applicable,unavailable,gc,go1.18.1,Release,JerryZ
2026-08-19T14:08:05.658470609Z,FMD,sender_signaling,fmd_sender_total_signaling,sender,155,false,not_applicable,unclear,gamma=8;p=2^-8;curve=P-256,388207,267,measured,ok,unavailable,gc,go1.18.1,Release,JerryZ
2026-08-19T14:08:05.660691602Z,FMD,sender_signaling,fmd_flag_generation,sender,156,false,not_applicable,unclear,gamma=8;p=2^-8;curve=P-256,423583,268,measured,ok,unavailable,gc,go1.18.1,Release,JerryZ
2026-08-19T14:08:05.662068791Z,FMD,sender_signaling,fmd_sender_preparation,sender,156,false,not_applicable,unclear,gamma=8;p=2^-8;curve=P-256,-1,,not_applicable,not_applicable,unavailable,gc,go1.18.1,Release,JerryZ
2026-08-19T14:08:05.663159685Z,FMD,sender_signaling,message_encryption,sender,156,false,not_applicable,unclear,gamma=8;p=2^-8;curve=P-256,-1,,not_applicable,not_applicable,unavailable,gc,go1.18.1,Release,JerryZ
2026-08-19T14:08:05.664913317Z,FMD,sender_signaling,fmd_sender_total_signaling,sender,156,false,not_applicable,unclear,gamma=8;p=2^-8;curve=P-256,358011,269,measured,ok,unavailable,gc,go1.18.1,Release,JerryZ
2026-08-19T14:08:05.667114557Z,FMD,sender_signaling,fmd_flag_generation,sender,157,false,not_applicable,unclear,gamma=8;p=2^-8;curve=P-256,467197,266,measured,ok,unavailable,gc,go1.18.1,Release,JerryZ
2026-08-19T14:08:05.668631399Z,FMD,sender_signaling,fmd_sender_preparation,sender,157,false,not_applicable,unclear,gamma=8;p=2^-8;curve=P-256,-1,,not_applicable,not_applicable,unavailable,gc,go1.18.1,Release,JerryZ
2026-08-19T14:08:05.670180485Z,FMD,sender_signaling,message_encryption,sender,157,false,not_applicable,unclear,gamma=8;p=2^-8;curve=P-256,-1,,not_applicable,not_applicable,unavailable,gc,go1.18.1,Release,JerryZ
2026-08-19T14:08:05.672958859Z,FMD,sender_signaling,fmd_sender_total_signaling,sender,157,false,not_applicable,unclear,gamma=8;p=2^-8;curve=P-256,510865,269,measured,ok,unavailable,gc,go1.18.1,Release,JerryZ
2026-08-19T14:08:05.675616936Z,FMD,sender_signaling,fmd_flag_generation,sender,158,false,not_applicable,unclear,gamma=8;p=2^-8;curve=P-256,868179,269,measured,ok,unavailable,gc,go1.18.1,Release,JerryZ
2026-08-19T14:08:05.676911774Z,FMD,sender_signaling,fmd_sender_preparation,sender,158,false,not_applicable,unclear,gamma=8;p=2^-8;curve=P-256,-1,,not_applicable,not_applicable,unavailable,gc,go1.18.1,Release,JerryZ
2026-08-19T14:08:05.677921006Z,FMD,sender_signaling,message_encryption,sender,158,false,not_applicable,unclear,gamma=8;p=2^-8;curve=P-256,-1,,not_applicable,not_applicable,unavailable,gc,go1.18.1,Release,JerryZ
2026-08-19T14:08:05.679722163Z,FMD,sender_signaling,fmd_sender_total_signaling,sender,158,false,not_applicable,unclear,gamma=8;p=2^-8;curve=P-256,364366,269,measured,ok,unavailable,gc,go1.18.1,Release,JerryZ
2026-08-19T14:08:05.682227211Z,FMD,sender_signaling,fmd_flag_generation,sender,159,false,not_applicable,unclear,gamma=8;p=2^-8;curve=P-256,1004291,269,measured,ok,unavailable,gc,go1.18.1,Release,JerryZ
2026-08-19T14:08:05.683624328Z,FMD,sender_signaling,fmd_sender_preparation,sender,159,false,not_applicable,unclear,gamma=8;p=2^-8;curve=P-256,-1,,not_applicable,not_applicable,unavailable,gc,go1.18.1,Release,JerryZ
2026-08-19T14:08:05.685019039Z,FMD,sender_signaling,message_encryption,sender,159,false,not_applicable,unclear,gamma=8;p=2^-8;curve=P-256,-1,,not_applicable,not_applicable,unavailable,gc,go1.18.1,Release,JerryZ
2026-08-19T14:08:05.687135788Z,FMD,sender_signaling,fmd_sender_total_signaling,sender,159,false,not_applicable,unclear,gamma=8;p=2^-8;curve=P-256,421985,269,measured,ok,unavailable,gc,go1.18.1,Release,JerryZ
2026-08-19T14:08:05.689753676Z,FMD,sender_signaling,fmd_flag_generation,sender,160,false,not_applicable,unclear,gamma=8;p=2^-8;curve=P-256,804525,267,measured,ok,unavailable,gc,go1.18.1,Release,JerryZ
2026-08-19T14:08:05.690827157Z,FMD,sender_signaling,fmd_sender_preparation,sender,160,false,not_applicable,unclear,gamma=8;p=2^-8;curve=P-256,-1,,not_applicable,not_applicable,unavailable,gc,go1.18.1,Release,JerryZ
2026-08-19T14:08:05.69186699Z,FMD,sender_signaling,message_encryption,sender,160,false,not_applicable,unclear,gamma=8;p=2^-8;curve=P-256,-1,,not_applicable,not_applicable,unavailable,gc,go1.18.1,Release,JerryZ
2026-08-19T14:08:05.694317706Z,FMD,sender_signaling,fmd_sender_total_signaling,sender,160,false,not_applicable,unclear,gamma=8;p=2^-8;curve=P-256,802211,269,measured,ok,unavailable,gc,go1.18.1,Release,JerryZ
2026-08-19T14:08:05.696261203Z,FMD,sender_signaling,fmd_flag_generation,sender,161,false,not_applicable,unclear,gamma=8;p=2^-8;curve=P-256,360573,267,measured,ok,unavailable,gc,go1.18.1,Release,JerryZ
2026-08-19T14:08:05.697369931Z,FMD,sender_signaling,fmd_sender_preparation,sender,161,false,not_applicable,unclear,gamma=8;p=2^-8;curve=P-256,-1,,not_applicable,not_applicable,unavailable,gc,go1.18.1,Release,JerryZ
2026-08-19T14:08:05.698353155Z,FMD,sender_signaling,message_encryption,sender,161,false,not_applicable,unclear,gamma=8;p=2^-8;curve=P-256,-1,,not_applicable,not_applicable,unavailable,gc,go1.18.1,Release,JerryZ
2026-08-19T14:08:05.700583782Z,FMD,sender_signaling,fmd_sender_total_signaling,sender,161,false,not_applicable,unclear,gamma=8;p=2^-8;curve=P-256,374688,269,measured,ok,unavailable,gc,go1.18.1,Release,JerryZ
2026-08-19T14:08:05.70304022Z,FMD,sender_signaling,fmd_flag_generation,sender,162,false,not_applicable,unclear,gamma=8;p=2^-8;curve=P-256,495777,269,measured,ok,unavailable,gc,go1.18.1,Release,JerryZ
2026-08-19T14:08:05.704382791Z,FMD,sender_signaling,fmd_sender_preparation,sender,162,false,not_applicable,unclear,gamma=8;p=2^-8;curve=P-256,-1,,not_applicable,not_applicable,unavailable,gc,go1.18.1,Release,JerryZ
2026-08-19T14:08:05.705726876Z,FMD,sender_signaling,message_encryption,sender,162,false,not_applicable,unclear,gamma=8;p=2^-8;curve=P-256,-1,,not_applicable,not_applicable,unavailable,gc,go1.18.1,Release,JerryZ
2026-08-19T14:08:05.708282747Z,FMD,sender_signaling,fmd_sender_total_signaling,sender,162,false,not_applicable,unclear,gamma=8;p=2^-8;curve=P-256,379078,268,measured,ok,unavailable,gc,go1.18.1,Release,JerryZ
2026-08-19T14:08:05.710241984Z,FMD,sender_signaling,fmd_flag_generation,sender,163,false,not_applicable,unclear,gamma=8;p=2^-8;curve=P-256,372696,268,measured,ok,unavailable,gc,go1.18.1,Release,JerryZ
2026-08-19T14:08:05.711843808Z,FMD,sender_signaling,fmd_sender_preparation,sender,163,false,not_applicable,unclear,gamma=8;p=2^-8;curve=P-256,-1,,not_applicable,not_applicable,unavailable,gc,go1.18.1,Release,JerryZ
2026-08-19T14:08:05.713405307Z,FMD,sender_signaling,message_encryption,sender,163,false,not_applicable,unclear,gamma=8;p=2^-8;curve=P-256,-1,,not_applicable,not_applicable,unavailable,gc,go1.18.1,Release,JerryZ
2026-08-19T14:08:05.715502733Z,FMD,sender_signaling,fmd_sender_total_signaling,sender,163,false,not_applicable,unclear,gamma=8;p=2^-8;curve=P-256,558300,270,measured,ok,unavailable,gc,go1.18.1,Release,JerryZ
2026-08-19T14:08:05.718230432Z,FMD,sender_signaling,fmd_flag_generation,sender,164,false,not_applicable,unclear,gamma=8;p=2^-8;curve=P-256,627463,270,measured,ok,unavailable,gc,go1.18.1,Release,JerryZ
2026-08-19T14:08:05.719400123Z,FMD,sender_signaling,fmd_sender_preparation,sender,164,false,not_applicable,unclear,gamma=8;p=2^-8;curve=P-256,-1,,not_applicable,not_applicable,unavailable,gc,go1.18.1,Release,JerryZ
2026-08-19T14:08:05.720454548Z,FMD,sender_signaling,message_encryption,sender,164,false,not_applicable,unclear,gamma=8;p=2^-8;curve=P-256,-1,,not_applicable,not_applicable,unavailable,gc,go1.18.1,Release,JerryZ
2026-08-19T14:08:05.72281856Z,FMD,sender_signaling,fmd_sender_total_signaling,sender,164,false,not_applicable,unclear,gamma=8;p=2^-8;curve=P-256,801945,270,measured,ok,unavailable,gc,go1.18.1,Release,JerryZ
2026-08-19T14:08:05.725332415Z,FMD,sender_signaling,fmd_flag_generation,sender,165,false,not_applicable,unclear,gamma=8;p=2^-8;curve=P-256,372236,269,measured,ok,unavailable,gc,go1.18.1,Release,JerryZ
2026-08-19T14:08:05.726442695Z,FMD,sender_signaling,fmd_sender_preparation,sender,165,false,not_applicable,unclear,gamma=8;p=2^-8;curve=P-256,-1,,not_applicable,not_applicable,unavailable,gc,go1.18.1,Release,JerryZ
2026-08-19T14:08:05.727845231Z,FMD,sender_signaling,message_encryption,sender,165,false,not_applicable,unclear,gamma=8;p=2^-8;curve=P-256,-1,,not_applicable,not_applicable,unavailable,gc,go1.18.1,Release,JerryZ
2026-08-19T14:08:05.729801218Z,FMD,sender_signaling,fmd_sender_total_signaling,sender,165,false,not_applicable,unclear,gamma=8;p=2^-8;curve=P-256,375488,268,measured,ok,unavailable,gc,go1.18.1,Release,JerryZ
2026-08-19T14:08:05.732099419Z,FMD,sender_signaling,fmd_flag_generation,sender,166,false,not_applicable,unclear,gamma=8;p=2^-8;curve=P-256,372668,270,measured,ok,unavailable,gc,go1.18.1,Release,JerryZ
2026-08-19T14:08:05.733618966Z,FMD,sender_signaling,fmd_sender_preparation,sender,166,false,not_applicable,unclear,gamma=8;p=2^-8;curve=P-256,-1,,not_applicable,not_applicable,unavailable,gc,go1.18.1,Release,JerryZ
2026-08-19T14:08:05.734678919Z,FMD,sender_signaling,message_encryption,sender,166,false,not_applicable,unclear,gamma=8;p=2^-8;curve=P-256,-1,,not_applicable,not_applicable,unavailable,gc,go1.18.1,Release,JerryZ
2026-08-19T14:08:05.737108729Z,FMD,sender_signaling,fmd_sender_total_signaling,sender,166,false,not_applicable,unclear,gamma=8;p=2^-8;curve=P-256,810357,270,measured,ok,unavailable,gc,go1.18.1,Release,JerryZ
2026-08-19T14:08:05.740104566Z,FMD,sender_signaling,fmd_flag_generation,sender,167,false,not_applicable,unclear,gamma=8;p=2^-8;curve=P-256,877197,269,measured,ok,unavailable,gc,go1.18.1,Release,JerryZ
2026-08-19T14:08:05.741660347Z,FMD,sender_signaling,fmd_sender_preparation,sender,167,false,not_applicable,unclear,gamma=8;p=2^-8;curve=P-256,-1,,not_applicable,not_applicable,unavailable,gc,go1.18.1,Release,JerryZ
2026-08-19T14:08:05.743464902Z,FMD,sender_signaling,message_encryption,sender,167,false,not_applicable,unclear,gamma=8;p=2^-8;curve=P-256,-1,,not_applicable,not_applicable,unavailable,gc,go1.18.1,Release,JerryZ
2026-08-19T14:08:05.745256683Z,FMD,sender_signaling,fmd_sender_total_signaling,sender,167,false,not_applicable,unclear,gamma=8;p=2^-8;curve=P-256,367506,271,measured,ok,unavailable,gc,go1.18.1,Release,JerryZ
2026-08-19T14:08:05.748047529Z,FMD,sender_signaling,fmd_flag_generation,sender,168,false,not_applicable,unclear,gamma=8;p=2^-8;curve=P-256,932805,269,measured,ok,unavailable,gc,go1.18.1,Release,JerryZ
2026-08-19T14:08:05.749907251Z,FMD,sender_signaling,fmd_sender_preparation,sender,168,false,not_applicable,unclear,gamma=8;p=2^-8;curve=P-256,-1,,not_applicable,not_applicable,unavailable,gc,go1.18.1,Release,JerryZ
2026-08-19T14:08:05.751058152Z,FMD,sender_signaling,message_encryption,sender,168,false,not_applicable,unclear,gamma=8;p=2^-8;curve=P-256,-1,,not_applicable,not_applicable,unavailable,gc,go1.18.1,Release,JerryZ
2026-08-19T14:08:05.753051278Z,FMD,sender_signaling,fmd_sender_total_signaling,sender,168,false,not_applicable,unclear,gamma=8;p=2^-8;curve=P-256,372934,269,measured,ok,unavailable,gc,go1.18.1,Release,JerryZ
2026-08-19T14:08:05.755706104Z,FMD,sender_signaling,fmd_flag_generation,sender,169,false,not_applicable,unclear,gamma=8;p=2^-8;curve=P-256,895941,269,measured,ok,unavailable,gc,go1.18.1,Release,JerryZ
2026-08-19T14:08:05.757105077Z,FMD,sender_signaling,fmd_sender_preparation,sender,169,false,not_applicable,unclear,gamma=8;p=2^-8;curve=P-256,-1,,not_applicable,not_applicable,unavailable,gc,go1.18.1,Release,JerryZ
2026-08-19T14:08:05.758247217Z,FMD,sender_signaling,message_encryption,sender,169,false,not_applicable,unclear,gamma=8;p=2^-8;curve=P-256,-1,,not_applicable,not_applicable,unavailable,gc,go1.18.1,Release,JerryZ
2026-08-19T14:08:05.760471012Z,FMD,sender_signaling,fmd_sender_total_signaling,sender,169,false,not_applicable,unclear,gamma=8;p=2^-8;curve=P-256,369720,269,measured,ok,unavailable,gc,go1.18.1,Release,JerryZ
2026-08-19T14:08:05.76305127Z,FMD,sender_signaling,fmd_flag_generation,sender,170,false,not_applicable,unclear,gamma=8;p=2^-8;curve=P-256,387996,269,measured,ok,unavailable,gc,go1.18.1,Release,JerryZ
2026-08-19T14:08:05.764772377Z,FMD,sender_signaling,fmd_sender_preparation,sender,170,false,not_applicable,unclear,gamma=8;p=2^-8;curve=P-256,-1,,not_applicable,not_applicable,unavailable,gc,go1.18.1,Release,JerryZ
2026-08-19T14:08:05.765851571Z,FMD,sender_signaling,message_encryption,sender,170,false,not_applicable,unclear,gamma=8;p=2^-8;curve=P-256,-1,,not_applicable,not_applicable,unavailable,gc,go1.18.1,Release,JerryZ
2026-08-19T14:08:05.767820621Z,FMD,sender_signaling,fmd_sender_total_signaling,sender,170,false,not_applicable,unclear,gamma=8;p=2^-8;curve=P-256,373981,269,measured,ok,unavailable,gc,go1.18.1,Release,JerryZ
2026-08-19T14:08:05.770165784Z,FMD,sender_signaling,fmd_flag_generation,sender,171,false,not_applicable,unclear,gamma=8;p=2^-8;curve=P-256,797510,269,measured,ok,unavailable,gc,go1.18.1,Release,JerryZ
2026-08-19T14:08:05.771603062Z,FMD,sender_signaling,fmd_sender_preparation,sender,171,false,not_applicable,unclear,gamma=8;p=2^-8;curve=P-256,-1,,not_applicable,not_applicable,unavailable,gc,go1.18.1,Release,JerryZ
2026-08-19T14:08:05.772866312Z,FMD,sender_signaling,message_encryption,sender,171,false,not_applicable,unclear,gamma=8;p=2^-8;curve=P-256,-1,,not_applicable,not_applicable,unavailable,gc,go1.18.1,Release,JerryZ
2026-08-19T14:08:05.774912929Z,FMD,sender_signaling,fmd_sender_total_signaling,sender,171,false,not_applicable,unclear,gamma=8;p=2^-8;curve=P-256,372466,267,measured,ok,unavailable,gc,go1.18.1,Release,JerryZ
2026-08-19T14:08:05.776875454Z,FMD,sender_signaling,fmd_flag_generation,sender,172,false,not_applicable,unclear,gamma=8;p=2^-8;curve=P-256,364742,269,measured,ok,unavailable,gc,go1.18.1,Release,JerryZ
2026-08-19T14:08:05.778377156Z,FMD,sender_signaling,fmd_sender_preparation,sender,172,false,not_applicable,unclear,gamma=8;p=2^-8;curve=P-256,-1,,not_applicable,not_applicable,unavailable,gc,go1.18.1,Release,JerryZ
2026-08-19T14:08:05.780189555Z,FMD,sender_signaling,message_encryption,sender,172,false,not_applicable,unclear,gamma=8;p=2^-8;curve=P-256,-1,,not_applicable,not_applicable,unavailable,gc,go1.18.1,Release,JerryZ
2026-08-19T14:08:05.782092482Z,FMD,sender_signaling,fmd_sender_total_signaling,sender,172,false,not_applicable,unclear,gamma=8;p=2^-8;curve=P-256,415299,269,measured,ok,unavailable,gc,go1.18.1,Release,JerryZ
2026-08-19T14:08:05.784419874Z,FMD,sender_signaling,fmd_flag_generation,sender,173,false,not_applicable,unclear,gamma=8;p=2^-8;curve=P-256,378224,270,measured,ok,unavailable,gc,go1.18.1,Release,JerryZ
2026-08-19T14:08:05.785529668Z,FMD,sender_signaling,fmd_sender_preparation,sender,173,false,not_applicable,unclear,gamma=8;p=2^-8;curve=P-256,-1,,not_applicable,not_applicable,unavailable,gc,go1.18.1,Release,JerryZ
2026-08-19T14:08:05.786632474Z,FMD,sender_signaling,message_encryption,sender,173,false,not_applicable,unclear,gamma=8;p=2^-8;curve=P-256,-1,,not_applicable,not_applicable,unavailable,gc,go1.18.1,Release,JerryZ
2026-08-19T14:08:05.788974784Z,FMD,sender_signaling,fmd_sender_total_signaling,sender,173,false,not_applicable,unclear,gamma=8;p=2^-8;curve=P-256,717206,269,measured,ok,unavailable,gc,go1.18.1,Release,JerryZ
2026-08-19T14:08:05.79079734Z,FMD,sender_signaling,fmd_flag_generation,sender,174,false,not_applicable,unclear,gamma=8;p=2^-8;curve=P-256,361546,268,measured,ok,unavailable,gc,go1.18.1,Release,JerryZ
2026-08-19T14:08:05.791947763Z,FMD,sender_signaling,fmd_sender_preparation,sender,174,false,not_applicable,unclear,gamma=8;p=2^-8;curve=P-256,-1,,not_applicable,not_applicable,unavailable,gc,go1.18.1,Release,JerryZ
2026-08-19T14:08:05.793602449Z,FMD,sender_signaling,message_encryption,sender,174,false,not_applicable,unclear,gamma=8;p=2^-8;curve=P-256,-1,,not_applicable,not_applicable,unavailable,gc,go1.18.1,Release,JerryZ
2026-08-19T14:08:05.795564726Z,FMD,sender_signaling,fmd_sender_total_signaling,sender,174,false,not_applicable,unclear,gamma=8;p=2^-8;curve=P-256,415694,270,measured,ok,unavailable,gc,go1.18.1,Release,JerryZ
2026-08-19T14:08:05.797546207Z,FMD,sender_signaling,fmd_flag_generation,sender,175,false,not_applicable,unclear,gamma=8;p=2^-8;curve=P-256,367985,269,measured,ok,unavailable,gc,go1.18.1,Release,JerryZ
2026-08-19T14:08:05.798769981Z,FMD,sender_signaling,fmd_sender_preparation,sender,175,false,not_applicable,unclear,gamma=8;p=2^-8;curve=P-256,-1,,not_applicable,not_applicable,unavailable,gc,go1.18.1,Release,JerryZ
2026-08-19T14:08:05.799870903Z,FMD,sender_signaling,message_encryption,sender,175,false,not_applicable,unclear,gamma=8;p=2^-8;curve=P-256,-1,,not_applicable,not_applicable,unavailable,gc,go1.18.1,Release,JerryZ
2026-08-19T14:08:05.802038989Z,FMD,sender_signaling,fmd_sender_total_signaling,sender,175,false,not_applicable,unclear,gamma=8;p=2^-8;curve=P-256,370831,269,measured,ok,unavailable,gc,go1.18.1,Release,JerryZ
2026-08-19T14:08:05.804380814Z,FMD,sender_signaling,fmd_flag_generation,sender,176,false,not_applicable,unclear,gamma=8;p=2^-8;curve=P-256,393598,271,measured,ok,unavailable,gc,go1.18.1,Release,JerryZ
2026-08-19T14:08:05.805665908Z,FMD,sender_signaling,fmd_sender_preparation,sender,176,false,not_applicable,unclear,gamma=8;p=2^-8;curve=P-256,-1,,not_applicable,not_applicable,unavailable,gc,go1.18.1,Release,JerryZ
2026-08-19T14:08:05.80710507Z,FMD,sender_signaling,message_encryption,sender,176,false,not_applicable,unclear,gamma=8;p=2^-8;curve=P-256,-1,,not_applicable,not_applicable,unavailable,gc,go1.18.1,Release,JerryZ
2026-08-19T14:08:05.809394308Z,FMD,sender_signaling,fmd_sender_total_signaling,sender,176,false,not_applicable,unclear,gamma=8;p=2^-8;curve=P-256,413389,271,measured,ok,unavailable,gc,go1.18.1,Release,JerryZ
2026-08-19T14:08:05.81136059Z,FMD,sender_signaling,fmd_flag_generation,sender,177,false,not_applicable,unclear,gamma=8;p=2^-8;curve=P-256,384524,268,measured,ok,unavailable,gc,go1.18.1,Release,JerryZ
2026-08-19T14:08:05.81254401Z,FMD,sender_signaling,fmd_sender_preparation,sender,177,false,not_applicable,unclear,gamma=8;p=2^-8;curve=P-256,-1,,not_applicable,not_applicable,unavailable,gc,go1.18.1,Release,JerryZ
2026-08-19T14:08:05.814274186Z,FMD,sender_signaling,message_encryption,sender,177,false,not_applicable,unclear,gamma=8;p=2^-8;curve=P-256,-1,,not_applicable,not_applicable,unavailable,gc,go1.18.1,Release,JerryZ
2026-08-19T14:08:05.816223229Z,FMD,sender_signaling,fmd_sender_total_signaling,sender,177,false,not_applicable,unclear,gamma=8;p=2^-8;curve=P-256,370887,269,measured,ok,unavailable,gc,go1.18.1,Release,JerryZ
2026-08-19T14:08:05.818576212Z,FMD,sender_signaling,fmd_flag_generation,sender,178,false,not_applicable,unclear,gamma=8;p=2^-8;curve=P-256,803286,269,measured,ok,unavailable,gc,go1.18.1,Release,JerryZ
2026-08-19T14:08:05.819929027Z,FMD,sender_signaling,fmd_sender_preparation,sender,178,false,not_applicable,unclear,gamma=8;p=2^-8;curve=P-256,-1,,not_applicable,not_applicable,unavailable,gc,go1.18.1,Release,JerryZ
2026-08-19T14:08:05.820941152Z,FMD,sender_signaling,message_encryption,sender,178,false,not_applicable,unclear,gamma=8;p=2^-8;curve=P-256,-1,,not_applicable,not_applicable,unavailable,gc,go1.18.1,Release,JerryZ
2026-08-19T14:08:05.823859827Z,FMD,sender_signaling,fmd_sender_total_signaling,sender,178,false,not_applicable,unclear,gamma=8;p=2^-8;curve=P-256,875076,269,measured,ok,unavailable,gc,go1.18.1,Release,JerryZ
2026-08-19T14:08:05.827064843Z,FMD,sender_signaling,fmd_flag_generation,sender,179,false,not_applicable,unclear,gamma=8;p=2^-8;curve=P-256,545947,271,measured,ok,unavailable,gc,go1.18.1,Release,JerryZ
2026-08-19T14:08:05.828534439Z,FMD,sender_signaling,fmd_sender_preparation,sender,179,false,not_applicable,unclear,gamma=8;p=2^-8;curve=P-256,-1,,not_applicable,not_applicable,unavailable,gc,go1.18.1,Release,JerryZ
2026-08-19T14:08:05.829648365Z,FMD,sender_signaling,message_encryption,sender,179,false,not_applicable,unclear,gamma=8;p=2^-8;curve=P-256,-1,,not_applicable,not_applicable,unavailable,gc,go1.18.1,Release,JerryZ
2026-08-19T14:08:05.831465209Z,FMD,sender_signaling,fmd_sender_total_signaling,sender,179,false,not_applicable,unclear,gamma=8;p=2^-8;curve=P-256,398925,269,measured,ok,unavailable,gc,go1.18.1,Release,JerryZ
2026-08-19T14:08:05.833190508Z,FMD,sender_signaling,fmd_flag_generation,sender,180,false,not_applicable,unclear,gamma=8;p=2^-8;curve=P-256,351573,269,measured,ok,unavailable,gc,go1.18.1,Release,JerryZ
2026-08-19T14:08:05.834781532Z,FMD,sender_signaling,fmd_sender_preparation,sender,180,false,not_applicable,unclear,gamma=8;p=2^-8;curve=P-256,-1,,not_applicable,not_applicable,unavailable,gc,go1.18.1,Release,JerryZ
2026-08-19T14:08:05.835893668Z,FMD,sender_signaling,message_encryption,sender,180,false,not_applicable,unclear,gamma=8;p=2^-8;curve=P-256,-1,,not_applicable,not_applicable,unavailable,gc,go1.18.1,Release,JerryZ
2026-08-19T14:08:05.837861465Z,FMD,sender_signaling,fmd_sender_total_signaling,sender,180,false,not_applicable,unclear,gamma=8;p=2^-8;curve=P-256,387426,269,measured,ok,unavailable,gc,go1.18.1,Release,JerryZ
2026-08-19T14:08:05.840307653Z,FMD,sender_signaling,fmd_flag_generation,sender,181,false,not_applicable,unclear,gamma=8;p=2^-8;curve=P-256,473368,270,measured,ok,unavailable,gc,go1.18.1,Release,JerryZ
2026-08-19T14:08:05.841652727Z,FMD,sender_signaling,fmd_sender_preparation,sender,181,false,not_applicable,unclear,gamma=8;p=2^-8;curve=P-256,-1,,not_applicable,not_applicable,unavailable,gc,go1.18.1,Release,JerryZ
2026-08-19T14:08:05.84294941Z,FMD,sender_signaling,message_encryption,sender,181,false,not_applicable,unclear,gamma=8;p=2^-8;curve=P-256,-1,,not_applicable,not_applicable,unavailable,gc,go1.18.1,Release,JerryZ
2026-08-19T14:08:05.844920881Z,FMD,sender_signaling,fmd_sender_total_signaling,sender,181,false,not_applicable,unclear,gamma=8;p=2^-8;curve=P-256,399797,269,measured,ok,unavailable,gc,go1.18.1,Release,JerryZ
2026-08-19T14:08:05.846691961Z,FMD,sender_signaling,fmd_flag_generation,sender,182,false,not_applicable,unclear,gamma=8;p=2^-8;curve=P-256,353897,269,measured,ok,unavailable,gc,go1.18.1,Release,JerryZ
2026-08-19T14:08:05.847964759Z,FMD,sender_signaling,fmd_sender_preparation,sender,182,false,not_applicable,unclear,gamma=8;p=2^-8;curve=P-256,-1,,not_applicable,not_applicable,unavailable,gc,go1.18.1,Release,JerryZ
2026-08-19T14:08:05.849112703Z,FMD,sender_signaling,message_encryption,sender,182,false,not_applicable,unclear,gamma=8;p=2^-8;curve=P-256,-1,,not_applicable,not_applicable,unavailable,gc,go1.18.1,Release,JerryZ
2026-08-19T14:08:05.850947051Z,FMD,sender_signaling,fmd_sender_total_signaling,sender,182,false,not_applicable,unclear,gamma=8;p=2^-8;curve=P-256,381411,270,measured,ok,unavailable,gc,go1.18.1,Release,JerryZ
2026-08-19T14:08:05.853795498Z,FMD,sender_signaling,fmd_flag_generation,sender,183,false,not_applicable,unclear,gamma=8;p=2^-8;curve=P-256,895858,267,measured,ok,unavailable,gc,go1.18.1,Release,JerryZ
2026-08-19T14:08:05.855235026Z,FMD,sender_signaling,fmd_sender_preparation,sender,183,false,not_applicable,unclear,gamma=8;p=2^-8;curve=P-256,-1,,not_applicable,not_applicable,unavailable,gc,go1.18.1,Release,JerryZ
2026-08-19T14:08:05.85631095Z,FMD,sender_signaling,message_encryption,sender,183,false,not_applicable,unclear,gamma=8;p=2^-8;curve=P-256,-1,,not_applicable,not_applicable,unavailable,gc,go1.18.1,Release,JerryZ
2026-08-19T14:08:05.859026067Z,FMD,sender_signaling,fmd_sender_total_signaling,sender,183,false,not_applicable,unclear,gamma=8;p=2^-8;curve=P-256,800999,269,measured,ok,unavailable,gc,go1.18.1,Release,JerryZ
2026-08-19T14:08:05.860948184Z,FMD,sender_signaling,fmd_flag_generation,sender,184,false,not_applicable,unclear,gamma=8;p=2^-8;curve=P-256,359774,270,measured,ok,unavailable,gc,go1.18.1,Release,JerryZ
2026-08-19T14:08:05.862131458Z,FMD,sender_signaling,fmd_sender_preparation,sender,184,false,not_applicable,unclear,gamma=8;p=2^-8;curve=P-256,-1,,not_applicable,not_applicable,unavailable,gc,go1.18.1,Release,JerryZ
2026-08-19T14:08:05.863560975Z,FMD,sender_signaling,message_encryption,sender,184,false,not_applicable,unclear,gamma=8;p=2^-8;curve=P-256,-1,,not_applicable,not_applicable,unavailable,gc,go1.18.1,Release,JerryZ
2026-08-19T14:08:05.865547489Z,FMD,sender_signaling,fmd_sender_total_signaling,sender,184,false,not_applicable,unclear,gamma=8;p=2^-8;curve=P-256,444256,269,measured,ok,unavailable,gc,go1.18.1,Release,JerryZ
2026-08-19T14:08:05.867495091Z,FMD,sender_signaling,fmd_flag_generation,sender,185,false,not_applicable,unclear,gamma=8;p=2^-8;curve=P-256,404150,271,measured,ok,unavailable,gc,go1.18.1,Release,JerryZ
2026-08-19T14:08:05.868715467Z,FMD,sender_signaling,fmd_sender_preparation,sender,185,false,not_applicable,unclear,gamma=8;p=2^-8;curve=P-256,-1,,not_applicable,not_applicable,unavailable,gc,go1.18.1,Release,JerryZ
2026-08-19T14:08:05.870391018Z,FMD,sender_signaling,message_encryption,sender,185,false,not_applicable,unclear,gamma=8;p=2^-8;curve=P-256,-1,,not_applicable,not_applicable,unavailable,gc,go1.18.1,Release,JerryZ
2026-08-19T14:08:05.873175995Z,FMD,sender_signaling,fmd_sender_total_signaling,sender,185,false,not_applicable,unclear,gamma=8;p=2^-8;curve=P-256,410248,269,measured,ok,unavailable,gc,go1.18.1,Release,JerryZ
2026-08-19T14:08:05.87518905Z,FMD,sender_signaling,fmd_flag_generation,sender,186,false,not_applicable,unclear,gamma=8;p=2^-8;curve=P-256,380741,269,measured,ok,unavailable,gc,go1.18.1,Release,JerryZ
2026-08-19T14:08:05.876322951Z,FMD,sender_signaling,fmd_sender_preparation,sender,186,false,not_applicable,unclear,gamma=8;p=2^-8;curve=P-256,-1,,not_applicable,not_applicable,unavailable,gc,go1.18.1,Release,JerryZ
2026-08-19T14:08:05.877384108Z,FMD,sender_signaling,message_encryption,sender,186,false,not_applicable,unclear,gamma=8;p=2^-8;curve=P-256,-1,,not_applicable,not_applicable,unavailable,gc,go1.18.1,Release,JerryZ
2026-08-19T14:08:05.879531209Z,FMD,sender_signaling,fmd_sender_total_signaling,sender,186,false,not_applicable,unclear,gamma=8;p=2^-8;curve=P-256,444531,269,measured,ok,unavailable,gc,go1.18.1,Release,JerryZ
2026-08-19T14:08:05.881450038Z,FMD,sender_signaling,fmd_flag_generation,sender,187,false,not_applicable,unclear,gamma=8;p=2^-8;curve=P-256,368582,269,measured,ok,unavailable,gc,go1.18.1,Release,JerryZ
2026-08-19T14:08:05.882544477Z,FMD,sender_signaling,fmd_sender_preparation,sender,187,false,not_applicable,unclear,gamma=8;p=2^-8;curve=P-256,-1,,not_applicable,not_applicable,unavailable,gc,go1.18.1,Release,JerryZ
2026-08-19T14:08:05.884214812Z,FMD,sender_signaling,message_encryption,sender,187,false,not_applicable,unclear,gamma=8;p=2^-8;curve=P-256,-1,,not_applicable,not_applicable,unavailable,gc,go1.18.1,Release,JerryZ
2026-08-19T14:08:05.886133172Z,FMD,sender_signaling,fmd_sender_total_signaling,sender,187,false,not_applicable,unclear,gamma=8;p=2^-8;curve=P-256,371658,270,measured,ok,unavailable,gc,go1.18.1,Release,JerryZ
2026-08-19T14:08:05.887899257Z,FMD,sender_signaling,fmd_flag_generation,sender,188,false,not_applicable,unclear,gamma=8;p=2^-8;curve=P-256,351958,269,measured,ok,unavailable,gc,go1.18.1,Release,JerryZ
2026-08-19T14:08:05.889197479Z,FMD,sender_signaling,fmd_sender_preparation,sender,188,false,not_applicable,unclear,gamma=8;p=2^-8;curve=P-256,-1,,not_applicable,not_applicable,unavailable,gc,go1.18.1,Release,JerryZ
2026-08-19T14:08:05.890843876Z,FMD,sender_signaling,message_encryption,sender,188,false,not_applicable,unclear,gamma=8;p=2^-8;curve=P-256,-1,,not_applicable,not_applicable,unavailable,gc,go1.18.1,Release,JerryZ
2026-08-19T14:08:05.892666414Z,FMD,sender_signaling,fmd_sender_total_signaling,sender,188,false,not_applicable,unclear,gamma=8;p=2^-8;curve=P-256,375533,269,measured,ok,unavailable,gc,go1.18.1,Release,JerryZ
2026-08-19T14:08:05.895383626Z,FMD,sender_signaling,fmd_flag_generation,sender,189,false,not_applicable,unclear,gamma=8;p=2^-8;curve=P-256,827936,268,measured,ok,unavailable,gc,go1.18.1,Release,JerryZ
2026-08-19T14:08:05.897249336Z,FMD,sender_signaling,fmd_sender_preparation,sender,189,false,not_applicable,unclear,gamma=8;p=2^-8;curve=P-256,-1,,not_applicable,not_applicable,unavailable,gc,go1.18.1,Release,JerryZ
2026-08-19T14:08:05.898272674Z,FMD,sender_signaling,message_encryption,sender,189,false,not_applicable,unclear,gamma=8;p=2^-8;curve=P-256,-1,,not_applicable,not_applicable,unavailable,gc,go1.18.1,Release,JerryZ
2026-08-19T14:08:05.900428417Z,FMD,sender_signaling,fmd_sender_total_signaling,sender,189,false,not_applicable,unclear,gamma=8;p=2^-8;curve=P-256,387693,268,measured,ok,unavailable,gc,go1.18.1,Release,JerryZ
2026-08-19T14:08:05.902857019Z,FMD,sender_signaling,fmd_flag_generation,sender,190,false,not_applicable,unclear,gamma=8;p=2^-8;curve=P-256,378151,269,measured,ok,unavailable,gc,go1.18.1,Release,JerryZ
2026-08-19T14:08:05.904249384Z,FMD,sender_signaling,fmd_sender_preparation,sender,190,false,not_applicable,unclear,gamma=8;p=2^-8;curve=P-256,-1,,not_applicable,not_applicable,unavailable,gc,go1.18.1,Release,JerryZ
2026-08-19T14:08:05.905723075Z,FMD,sender_signaling,message_encryption,sender,190,false,not_applicable,unclear,gamma=8;p=2^-8;curve=P-256,-1,,not_applicable,not_applicable,unavailable,gc,go1.18.1,Release,JerryZ
2026-08-19T14:08:05.907853568Z,FMD,sender_signaling,fmd_sender_total_signaling,sender,190,false,not_applicable,unclear,gamma=8;p=2^-8;curve=P-256,406382,270,measured,ok,unavailable,gc,go1.18.1,Release,JerryZ
2026-08-19T14:08:05.910800832Z,FMD,sender_signaling,fmd_flag_generation,sender,191,false,not_applicable,unclear,gamma=8;p=2^-8;curve=P-256,683107,269,measured,ok,unavailable,gc,go1.18.1,Release,JerryZ
2026-08-19T14:08:05.912486549Z,FMD,sender_signaling,fmd_sender_preparation,sender,191,false,not_applicable,unclear,gamma=8;p=2^-8;curve=P-256,-1,,not_applicable,not_applicable,unavailable,gc,go1.18.1,Release,JerryZ
2026-08-19T14:08:05.913960728Z,FMD,sender_signaling,message_encryption,sender,191,false,not_applicable,unclear,gamma=8;p=2^-8;curve=P-256,-1,,not_applicable,not_applicable,unavailable,gc,go1.18.1,Release,JerryZ
2026-08-19T14:08:05.915994473Z,FMD,sender_signaling,fmd_sender_total_signaling,sender,191,false,not_applicable,unclear,gamma=8;p=2^-8;curve=P-256,412251,269,measured,ok,unavailable,gc,go1.18.1,Release,JerryZ
2026-08-19T14:08:05.917860495Z,FMD,sender_signaling,fmd_flag_generation,sender,192,false,not_applicable,unclear,gamma=8;p=2^-8;curve=P-256,364237,268,measured,ok,unavailable,gc,go1.18.1,Release,JerryZ
2026-08-19T14:08:05.919232422Z,FMD,sender_signaling,fmd_sender_preparation,sender,192,false,not_applicable,unclear,gamma=8;p=2^-8;curve=P-256,-1,,not_applicable,not_applicable,unavailable,gc,go1.18.1,Release,JerryZ
2026-08-19T14:08:05.920472038Z,FMD,sender_signaling,message_encryption,sender,192,false,not_applicable,unclear,gamma=8;p=2^-8;curve=P-256,-1,,not_applicable,not_applicable,unavailable,gc,go1.18.1,Release,JerryZ
2026-08-19T14:08:05.922543584Z,FMD,sender_signaling,fmd_sender_total_signaling,sender,192,false,not_applicable,unclear,gamma=8;p=2^-8;curve=P-256,366993,269,measured,ok,unavailable,gc,go1.18.1,Release,JerryZ
2026-08-19T14:08:05.92441507Z,FMD,sender_signaling,fmd_flag_generation,sender,193,false,not_applicable,unclear,gamma=8;p=2^-8;curve=P-256,357037,268,measured,ok,unavailable,gc,go1.18.1,Release,JerryZ
2026-08-19T14:08:05.925795832Z,FMD,sender_signaling,fmd_sender_preparation,sender,193,false,not_applicable,unclear,gamma=8;p=2^-8;curve=P-256,-1,,not_applicable,not_applicable,unavailable,gc,go1.18.1,Release,JerryZ
2026-08-19T14:08:05.927475819Z,FMD,sender_signaling,message_encryption,sender,193,false,not_applicable,unclear,gamma=8;p=2^-8;curve=P-256,-1,,not_applicable,not_applicable,unavailable,gc,go1.18.1,Release,JerryZ
2026-08-19T14:08:05.930424258Z,FMD,sender_signaling,fmd_sender_total_signaling,sender,193,false,not_applicable,unclear,gamma=8;p=2^-8;curve=P-256,549144,269,measured,ok,unavailable,gc,go1.18.1,Release,JerryZ
2026-08-19T14:08:05.933008406Z,FMD,sender_signaling,fmd_flag_generation,sender,194,false,not_applicable,unclear,gamma=8;p=2^-8;curve=P-256,394214,269,measured,ok,unavailable,gc,go1.18.1,Release,JerryZ
2026-08-19T14:08:05.934149479Z,FMD,sender_signaling,fmd_sender_preparation,sender,194,false,not_applicable,unclear,gamma=8;p=2^-8;curve=P-256,-1,,not_applicable,not_applicable,unavailable,gc,go1.18.1,Release,JerryZ
2026-08-19T14:08:05.935395763Z,FMD,sender_signaling,message_encryption,sender,194,false,not_applicable,unclear,gamma=8;p=2^-8;curve=P-256,-1,,not_applicable,not_applicable,unavailable,gc,go1.18.1,Release,JerryZ
2026-08-19T14:08:05.937970065Z,FMD,sender_signaling,fmd_sender_total_signaling,sender,194,false,not_applicable,unclear,gamma=8;p=2^-8;curve=P-256,388868,270,measured,ok,unavailable,gc,go1.18.1,Release,JerryZ
2026-08-19T14:08:05.939958021Z,FMD,sender_signaling,fmd_flag_generation,sender,195,false,not_applicable,unclear,gamma=8;p=2^-8;curve=P-256,363659,270,measured,ok,unavailable,gc,go1.18.1,Release,JerryZ
2026-08-19T14:08:05.941277986Z,FMD,sender_signaling,fmd_sender_preparation,sender,195,false,not_applicable,unclear,gamma=8;p=2^-8;curve=P-256,-1,,not_applicable,not_applicable,unavailable,gc,go1.18.1,Release,JerryZ
2026-08-19T14:08:05.942306128Z,FMD,sender_signaling,message_encryption,sender,195,false,not_applicable,unclear,gamma=8;p=2^-8;curve=P-256,-1,,not_applicable,not_applicable,unavailable,gc,go1.18.1,Release,JerryZ
2026-08-19T14:08:05.944955021Z,FMD,sender_signaling,fmd_sender_total_signaling,sender,195,false,not_applicable,unclear,gamma=8;p=2^-8;curve=P-256,776891,269,measured,ok,unavailable,gc,go1.18.1,Release,JerryZ
2026-08-19T14:08:05.947755905Z,FMD,sender_signaling,fmd_flag_generation,sender,196,false,not_applicable,unclear,gamma=8;p=2^-8;curve=P-256,410468,269,measured,ok,unavailable,gc,go1.18.1,Release,JerryZ
2026-08-19T14:08:05.948842354Z,FMD,sender_signaling,fmd_sender_preparation,sender,196,false,not_applicable,unclear,gamma=8;p=2^-8;curve=P-256,-1,,not_applicable,not_applicable,unavailable,gc,go1.18.1,Release,JerryZ
2026-08-19T14:08:05.949854571Z,FMD,sender_signaling,message_encryption,sender,196,false,not_applicable,unclear,gamma=8;p=2^-8;curve=P-256,-1,,not_applicable,not_applicable,unavailable,gc,go1.18.1,Release,JerryZ
2026-08-19T14:08:05.952204541Z,FMD,sender_signaling,fmd_sender_total_signaling,sender,196,false,not_applicable,unclear,gamma=8;p=2^-8;curve=P-256,390567,269,measured,ok,unavailable,gc,go1.18.1,Release,JerryZ
2026-08-19T14:08:05.954062775Z,FMD,sender_signaling,fmd_flag_generation,sender,197,false,not_applicable,unclear,gamma=8;p=2^-8;curve=P-256,362814,270,measured,ok,unavailable,gc,go1.18.1,Release,JerryZ
2026-08-19T14:08:05.955173934Z,FMD,sender_signaling,fmd_sender_preparation,sender,197,false,not_applicable,unclear,gamma=8;p=2^-8;curve=P-256,-1,,not_applicable,not_applicable,unavailable,gc,go1.18.1,Release,JerryZ
2026-08-19T14:08:05.956586521Z,FMD,sender_signaling,message_encryption,sender,197,false,not_applicable,unclear,gamma=8;p=2^-8;curve=P-256,-1,,not_applicable,not_applicable,unavailable,gc,go1.18.1,Release,JerryZ
2026-08-19T14:08:05.958436655Z,FMD,sender_signaling,fmd_sender_total_signaling,sender,197,false,not_applicable,unclear,gamma=8;p=2^-8;curve=P-256,364247,270,measured,ok,unavailable,gc,go1.18.1,Release,JerryZ
2026-08-19T14:08:05.961383919Z,FMD,sender_signaling,fmd_flag_generation,sender,198,false,not_applicable,unclear,gamma=8;p=2^-8;curve=P-256,796884,269,measured,ok,unavailable,gc,go1.18.1,Release,JerryZ
2026-08-19T14:08:05.962950643Z,FMD,sender_signaling,fmd_sender_preparation,sender,198,false,not_applicable,unclear,gamma=8;p=2^-8;curve=P-256,-1,,not_applicable,not_applicable,unavailable,gc,go1.18.1,Release,JerryZ
2026-08-19T14:08:05.963958956Z,FMD,sender_signaling,message_encryption,sender,198,false,not_applicable,unclear,gamma=8;p=2^-8;curve=P-256,-1,,not_applicable,not_applicable,unavailable,gc,go1.18.1,Release,JerryZ
2026-08-19T14:08:05.966108114Z,FMD,sender_signaling,fmd_sender_total_signaling,sender,198,false,not_applicable,unclear,gamma=8;p=2^-8;curve=P-256,678414,269,measured,ok,unavailable,gc,go1.18.1,Release,JerryZ
2026-08-19T14:08:05.968696532Z,FMD,sender_signaling,fmd_flag_generation,sender,199,false,not_applicable,unclear,gamma=8;p=2^-8;curve=P-256,359683,270,measured,ok,unavailable,gc,go1.18.1,Release,JerryZ
2026-08-19T14:08:05.969673281Z,FMD,sender_signaling,fmd_sender_preparation,sender,199,false,not_applicable,unclear,gamma=8;p=2^-8;curve=P-256,-1,,not_applicable,not_applicable,unavailable,gc,go1.18.1,Release,JerryZ
2026-08-19T14:08:05.970831202Z,FMD,sender_signaling,message_encryption,sender,199,false,not_applicable,unclear,gamma=8;p=2^-8;curve=P-256,-1,,not_applicable,not_applicable,unavailable,gc,go1.18.1,Release,JerryZ
2026-08-19T14:08:05.973139042Z,FMD,sender_signaling,fmd_sender_total_signaling,sender,199,false,not_applicable,unclear,gamma=8;p=2^-8;curve=P-256,414647,268,measured,ok,unavailable,gc,go1.18.1,Release,JerryZ
2026-08-19T14:08:05.975229828Z,FMD,sender_signaling,fmd_flag_generation,sender,200,false,not_applicable,unclear,gamma=8;p=2^-8;curve=P-256,381438,269,measured,ok,unavailable,gc,go1.18.1,Release,JerryZ
2026-08-19T14:08:05.976839628Z,FMD,sender_signaling,fmd_sender_preparation,sender,200,false,not_applicable,unclear,gamma=8;p=2^-8;curve=P-256,-1,,not_applicable,not_applicable,unavailable,gc,go1.18.1,Release,JerryZ
2026-08-19T14:08:05.978086705Z,FMD,sender_signaling,message_encryption,sender,200,false,not_applicable,unclear,gamma=8;p=2^-8;curve=P-256,-1,,not_applicable,not_applicable,unavailable,gc,go1.18.1,Release,JerryZ
2026-08-19T14:08:05.979890581Z,FMD,sender_signaling,fmd_sender_total_signaling,sender,200,false,not_applicable,unclear,gamma=8;p=2^-8;curve=P-256,371153,270,measured,ok,unavailable,gc,go1.18.1,Release,JerryZ
2026-08-19T14:08:05.982372793Z,FMD,sender_signaling,fmd_flag_generation,sender,201,false,not_applicable,unclear,gamma=8;p=2^-8;curve=P-256,757211,271,measured,ok,unavailable,gc,go1.18.1,Release,JerryZ
2026-08-19T14:08:05.983731095Z,FMD,sender_signaling,fmd_sender_preparation,sender,201,false,not_applicable,unclear,gamma=8;p=2^-8;curve=P-256,-1,,not_applicable,not_applicable,unavailable,gc,go1.18.1,Release,JerryZ
2026-08-19T14:08:05.984797212Z,FMD,sender_signaling,message_encryption,sender,201,false,not_applicable,unclear,gamma=8;p=2^-8;curve=P-256,-1,,not_applicable,not_applicable,unavailable,gc,go1.18.1,Release,JerryZ
2026-08-19T14:08:05.98706203Z,FMD,sender_signaling,fmd_sender_total_signaling,sender,201,false,not_applicable,unclear,gamma=8;p=2^-8;curve=P-256,627040,269,measured,ok,unavailable,gc,go1.18.1,Release,JerryZ
2026-08-19T14:08:05.989349743Z,FMD,sender_signaling,fmd_flag_generation,sender,202,false,not_applicable,unclear,gamma=8;p=2^-8;curve=P-256,365193,268,measured,ok,unavailable,gc,go1.18.1,Release,JerryZ
2026-08-19T14:08:05.991028849Z,FMD,sender_signaling,fmd_sender_preparation,sender,202,false,not_applicable,unclear,gamma=8;p=2^-8;curve=P-256,-1,,not_applicable,not_applicable,unavailable,gc,go1.18.1,Release,JerryZ
2026-08-19T14:08:05.99223825Z,FMD,sender_signaling,message_encryption,sender,202,false,not_applicable,unclear,gamma=8;p=2^-8;curve=P-256,-1,,not_applicable,not_applicable,unavailable,gc,go1.18.1,Release,JerryZ
2026-08-19T14:08:05.994174675Z,FMD,sender_signaling,fmd_sender_total_signaling,sender,202,false,not_applicable,unclear,gamma=8;p=2^-8;curve=P-256,373403,271,measured,ok,unavailable,gc,go1.18.1,Release,JerryZ
2026-08-19T14:08:05.995965997Z,FMD,sender_signaling,fmd_flag_generation,sender,203,false,not_applicable,unclear,gamma=8;p=2^-8;curve=P-256,354824,270,measured,ok,unavailable,gc,go1.18.1,Release,JerryZ
2026-08-19T14:08:05.996954482Z,FMD,sender_signaling,fmd_sender_preparation,sender,203,false,not_applicable,unclear,gamma=8;p=2^-8;curve=P-256,-1,,not_applicable,not_applicable,unavailable,gc,go1.18.1,Release,JerryZ
2026-08-19T14:08:05.99830839Z,FMD,sender_signaling,message_encryption,sender,203,false,not_applicable,unclear,gamma=8;p=2^-8;curve=P-256,-1,,not_applicable,not_applicable,unavailable,gc,go1.18.1,Release,JerryZ
2026-08-19T14:08:06.000384932Z,FMD,sender_signaling,fmd_sender_total_signaling,sender,203,false,not_applicable,unclear,gamma=8;p=2^-8;curve=P-256,460025,269,measured,ok,unavailable,gc,go1.18.1,Release,JerryZ
2026-08-19T14:08:06.002270984Z,FMD,sender_signaling,fmd_flag_generation,sender,204,false,not_applicable,unclear,gamma=8;p=2^-8;curve=P-256,363540,269,measured,ok,unavailable,gc,go1.18.1,Release,JerryZ
2026-08-19T14:08:06.003538133Z,FMD,sender_signaling,fmd_sender_preparation,sender,204,false,not_applicable,unclear,gamma=8;p=2^-8;curve=P-256,-1,,not_applicable,not_applicable,unavailable,gc,go1.18.1,Release,JerryZ
2026-08-19T14:08:06.004799147Z,FMD,sender_signaling,message_encryption,sender,204,false,not_applicable,unclear,gamma=8;p=2^-8;curve=P-256,-1,,not_applicable,not_applicable,unavailable,gc,go1.18.1,Release,JerryZ
2026-08-19T14:08:06.007306794Z,FMD,sender_signaling,fmd_sender_total_signaling,sender,204,false,not_applicable,unclear,gamma=8;p=2^-8;curve=P-256,390971,268,measured,ok,unavailable,gc,go1.18.1,Release,JerryZ
2026-08-19T14:08:06.00966142Z,FMD,sender_signaling,fmd_flag_generation,sender,205,false,not_applicable,unclear,gamma=8;p=2^-8;curve=P-256,392267,267,measured,ok,unavailable,gc,go1.18.1,Release,JerryZ
2026-08-19T14:08:06.010819158Z,FMD,sender_signaling,fmd_sender_preparation,sender,205,false,not_applicable,unclear,gamma=8;p=2^-8;curve=P-256,-1,,not_applicable,not_applicable,unavailable,gc,go1.18.1,Release,JerryZ
2026-08-19T14:08:06.012085343Z,FMD,sender_signaling,message_encryption,sender,205,false,not_applicable,unclear,gamma=8;p=2^-8;curve=P-256,-1,,not_applicable,not_applicable,unavailable,gc,go1.18.1,Release,JerryZ
2026-08-19T14:08:06.014090182Z,FMD,sender_signaling,fmd_sender_total_signaling,sender,205,false,not_applicable,unclear,gamma=8;p=2^-8;curve=P-256,371116,268,measured,ok,unavailable,gc,go1.18.1,Release,JerryZ
2026-08-19T14:08:06.015885517Z,FMD,sender_signaling,fmd_flag_generation,sender,206,false,not_applicable,unclear,gamma=8;p=2^-8;curve=P-256,351132,268,measured,ok,unavailable,gc,go1.18.1,Release,JerryZ
2026-08-19T14:08:06.016939318Z,FMD,sender_signaling,fmd_sender_preparation,sender,206,false,not_applicable,unclear,gamma=8;p=2^-8;curve=P-256,-1,,not_applicable,not_applicable,unavailable,gc,go1.18.1,Release,JerryZ
2026-08-19T14:08:06.018038018Z,FMD,sender_signaling,message_encryption,sender,206,false,not_applicable,unclear,gamma=8;p=2^-8;curve=P-256,-1,,not_applicable,not_applicable,unavailable,gc,go1.18.1,Release,JerryZ
2026-08-19T14:08:06.020459704Z,FMD,sender_signaling,fmd_sender_total_signaling,sender,206,false,not_applicable,unclear,gamma=8;p=2^-8;curve=P-256,411037,269,measured,ok,unavailable,gc,go1.18.1,Release,JerryZ
2026-08-19T14:08:06.022756243Z,FMD,sender_signaling,fmd_flag_generation,sender,207,false,not_applicable,unclear,gamma=8;p=2^-8;curve=P-256,385985,269,measured,ok,unavailable,gc,go1.18.1,Release,JerryZ
2026-08-19T14:08:06.024122724Z,FMD,sender_signaling,fmd_sender_preparation,sender,207,false,not_applicable,unclear,gamma=8;p=2^-8;curve=P-256,-1,,not_applicable,not_applicable,unavailable,gc,go1.18.1,Release,JerryZ
2026-08-19T14:08:06.025629541Z,FMD,sender_signaling,message_encryption,sender,207,false,not_applicable,unclear,gamma=8;p=2^-8;curve=P-256,-1,,not_applicable,not_applicable,unavailable,gc,go1.18.1,Release,JerryZ
2026-08-19T14:08:06.027457111Z,FMD,sender_signaling,fmd_sender_total_signaling,sender,207,false,not_applicable,unclear,gamma=8;p=2^-8;curve=P-256,404609,269,measured,ok,unavailable,gc,go1.18.1,Release,JerryZ
2026-08-19T14:08:06.0291984Z,FMD,sender_signaling,fmd_flag_generation,sender,208,false,not_applicable,unclear,gamma=8;p=2^-8;curve=P-256,351206,270,measured,ok,unavailable,gc,go1.18.1,Release,JerryZ
2026-08-19T14:08:06.03031049Z,FMD,sender_signaling,fmd_sender_preparation,sender,208,false,not_applicable,unclear,gamma=8;p=2^-8;curve=P-256,-1,,not_applicable,not_applicable,unavailable,gc,go1.18.1,Release,JerryZ
2026-08-19T14:08:06.031429358Z,FMD,sender_signaling,message_encryption,sender,208,false,not_applicable,unclear,gamma=8;p=2^-8;curve=P-256,-1,,not_applicable,not_applicable,unavailable,gc,go1.18.1,Release,JerryZ
2026-08-19T14:08:06.033584734Z,FMD,sender_signaling,fmd_sender_total_signaling,sender,208,false,not_applicable,unclear,gamma=8;p=2^-8;curve=P-256,516115,269,measured,ok,unavailable,gc,go1.18.1,Release,JerryZ
2026-08-19T14:08:06.036265886Z,FMD,sender_signaling,fmd_flag_generation,sender,209,false,not_applicable,unclear,gamma=8;p=2^-8;curve=P-256,806151,269,measured,ok,unavailable,gc,go1.18.1,Release,JerryZ
2026-08-19T14:08:06.03766365Z,FMD,sender_signaling,fmd_sender_preparation,sender,209,false,not_applicable,unclear,gamma=8;p=2^-8;curve=P-256,-1,,not_applicable,not_applicable,unavailable,gc,go1.18.1,Release,JerryZ
2026-08-19T14:08:06.038791707Z,FMD,sender_signaling,message_encryption,sender,209,false,not_applicable,unclear,gamma=8;p=2^-8;curve=P-256,-1,,not_applicable,not_applicable,unavailable,gc,go1.18.1,Release,JerryZ
2026-08-19T14:08:06.040613519Z,FMD,sender_signaling,fmd_sender_total_signaling,sender,209,false,not_applicable,unclear,gamma=8;p=2^-8;curve=P-256,370813,269,measured,ok,unavailable,gc,go1.18.1,Release,JerryZ
2026-08-19T14:08:06.042628888Z,FMD,sender_signaling,fmd_flag_generation,sender,210,false,not_applicable,unclear,gamma=8;p=2^-8;curve=P-256,364624,270,measured,ok,unavailable,gc,go1.18.1,Release,JerryZ
2026-08-19T14:08:06.043992874Z,FMD,sender_signaling,fmd_sender_preparation,sender,210,false,not_applicable,unclear,gamma=8;p=2^-8;curve=P-256,-1,,not_applicable,not_applicable,unavailable,gc,go1.18.1,Release,JerryZ
2026-08-19T14:08:06.045149359Z,FMD,sender_signaling,message_encryption,sender,210,false,not_applicable,unclear,gamma=8;p=2^-8;curve=P-256,-1,,not_applicable,not_applicable,unavailable,gc,go1.18.1,Release,JerryZ
2026-08-19T14:08:06.047377423Z,FMD,sender_signaling,fmd_sender_total_signaling,sender,210,false,not_applicable,unclear,gamma=8;p=2^-8;curve=P-256,393993,269,measured,ok,unavailable,gc,go1.18.1,Release,JerryZ
2026-08-19T14:08:06.050002664Z,FMD,sender_signaling,fmd_flag_generation,sender,211,false,not_applicable,unclear,gamma=8;p=2^-8;curve=P-256,427605,268,measured,ok,unavailable,gc,go1.18.1,Release,JerryZ
2026-08-19T14:08:06.05140772Z,FMD,sender_signaling,fmd_sender_preparation,sender,211,false,not_applicable,unclear,gamma=8;p=2^-8;curve=P-256,-1,,not_applicable,not_applicable,unavailable,gc,go1.18.1,Release,JerryZ
2026-08-19T14:08:06.052551945Z,FMD,sender_signaling,message_encryption,sender,211,false,not_applicable,unclear,gamma=8;p=2^-8;curve=P-256,-1,,not_applicable,not_applicable,unavailable,gc,go1.18.1,Release,JerryZ
2026-08-19T14:08:06.055043804Z,FMD,sender_signaling,fmd_sender_total_signaling,sender,211,false,not_applicable,unclear,gamma=8;p=2^-8;curve=P-256,492488,270,measured,ok,unavailable,gc,go1.18.1,Release,JerryZ
2026-08-19T14:08:06.057713645Z,FMD,sender_signaling,fmd_flag_generation,sender,212,false,not_applicable,unclear,gamma=8;p=2^-8;curve=P-256,379308,269,measured,ok,unavailable,gc,go1.18.1,Release,JerryZ
2026-08-19T14:08:06.059020587Z,FMD,sender_signaling,fmd_sender_preparation,sender,212,false,not_applicable,unclear,gamma=8;p=2^-8;curve=P-256,-1,,not_applicable,not_applicable,unavailable,gc,go1.18.1,Release,JerryZ
2026-08-19T14:08:06.060049261Z,FMD,sender_signaling,message_encryption,sender,212,false,not_applicable,unclear,gamma=8;p=2^-8;curve=P-256,-1,,not_applicable,not_applicable,unavailable,gc,go1.18.1,Release,JerryZ
2026-08-19T14:08:06.062061369Z,FMD,sender_signaling,fmd_sender_total_signaling,sender,212,false,not_applicable,unclear,gamma=8;p=2^-8;curve=P-256,389520,268,measured,ok,unavailable,gc,go1.18.1,Release,JerryZ
2026-08-19T14:08:06.064041234Z,FMD,sender_signaling,fmd_flag_generation,sender,213,false,not_applicable,unclear,gamma=8;p=2^-8;curve=P-256,375598,269,measured,ok,unavailable,gc,go1.18.1,Release,JerryZ
2026-08-19T14:08:06.065099865Z,FMD,sender_signaling,fmd_sender_preparation,sender,213,false,not_applicable,unclear,gamma=8;p=2^-8;curve=P-256,-1,,not_applicable,not_applicable,unavailable,gc,go1.18.1,Release,JerryZ
2026-08-19T14:08:06.066707355Z,FMD,sender_signaling,message_encryption,sender,213,false,not_applicable,unclear,gamma=8;p=2^-8;curve=P-256,-1,,not_applicable,not_applicable,unavailable,gc,go1.18.1,Release,JerryZ
2026-08-19T14:08:06.068868305Z,FMD,sender_signaling,fmd_sender_total_signaling,sender,213,false,not_applicable,unclear,gamma=8;p=2^-8;curve=P-256,396996,271,measured,ok,unavailable,gc,go1.18.1,Release,JerryZ
2026-08-19T14:08:06.070686351Z,FMD,sender_signaling,fmd_flag_generation,sender,214,false,not_applicable,unclear,gamma=8;p=2^-8;curve=P-256,357028,269,measured,ok,unavailable,gc,go1.18.1,Release,JerryZ
2026-08-19T14:08:06.071821961Z,FMD,sender_signaling,fmd_sender_preparation,sender,214,false,not_applicable,unclear,gamma=8;p=2^-8;curve=P-256,-1,,not_applicable,not_applicable,unavailable,gc,go1.18.1,Release,JerryZ
2026-08-19T14:08:06.073199361Z,FMD,sender_signaling,message_encryption,sender,214,false,not_applicable,unclear,gamma=8;p=2^-8;curve=P-256,-1,,not_applicable,not_applicable,unavailable,gc,go1.18.1,Release,JerryZ
2026-08-19T14:08:06.075555108Z,FMD,sender_signaling,fmd_sender_total_signaling,sender,214,false,not_applicable,unclear,gamma=8;p=2^-8;curve=P-256,445634,270,measured,ok,unavailable,gc,go1.18.1,Release,JerryZ
2026-08-19T14:08:06.077481139Z,FMD,sender_signaling,fmd_flag_generation,sender,215,false,not_applicable,unclear,gamma=8;p=2^-8;curve=P-256,381044,268,measured,ok,unavailable,gc,go1.18.1,Release,JerryZ
2026-08-19T14:08:06.078793288Z,FMD,sender_signaling,fmd_sender_preparation,sender,215,false,not_applicable,unclear,gamma=8;p=2^-8;curve=P-256,-1,,not_applicable,not_applicable,unavailable,gc,go1.18.1,Release,JerryZ
2026-08-19T14:08:06.080021167Z,FMD,sender_signaling,message_encryption,sender,215,false,not_applicable,unclear,gamma=8;p=2^-8;curve=P-256,-1,,not_applicable,not_applicable,unavailable,gc,go1.18.1,Release,JerryZ
2026-08-19T14:08:06.082618521Z,FMD,sender_signaling,fmd_sender_total_signaling,sender,215,false,not_applicable,unclear,gamma=8;p=2^-8;curve=P-256,838092,270,measured,ok,unavailable,gc,go1.18.1,Release,JerryZ
2026-08-19T14:08:06.085180884Z,FMD,sender_signaling,fmd_flag_generation,sender,216,false,not_applicable,unclear,gamma=8;p=2^-8;curve=P-256,403664,269,measured,ok,unavailable,gc,go1.18.1,Release,JerryZ
2026-08-19T14:08:06.086351654Z,FMD,sender_signaling,fmd_sender_preparation,sender,216,false,not_applicable,unclear,gamma=8;p=2^-8;curve=P-256,-1,,not_applicable,not_applicable,unavailable,gc,go1.18.1,Release,JerryZ
2026-08-19T14:08:06.087576695Z,FMD,sender_signaling,message_encryption,sender,216,false,not_applicable,unclear,gamma=8;p=2^-8;curve=P-256,-1,,not_applicable,not_applicable,unavailable,gc,go1.18.1,Release,JerryZ
2026-08-19T14:08:06.090034818Z,FMD,sender_signaling,fmd_sender_total_signaling,sender,216,false,not_applicable,unclear,gamma=8;p=2^-8;curve=P-256,387344,270,measured,ok,unavailable,gc,go1.18.1,Release,JerryZ
2026-08-19T14:08:06.091837371Z,FMD,sender_signaling,fmd_flag_generation,sender,217,false,not_applicable,unclear,gamma=8;p=2^-8;curve=P-256,363613,269,measured,ok,unavailable,gc,go1.18.1,Release,JerryZ
2026-08-19T14:08:06.093062835Z,FMD,sender_signaling,fmd_sender_preparation,sender,217,false,not_applicable,unclear,gamma=8;p=2^-8;curve=P-256,-1,,not_applicable,not_applicable,unavailable,gc,go1.18.1,Release,JerryZ
2026-08-19T14:08:06.094614598Z,FMD,sender_signaling,message_encryption,sender,217,false,not_applicable,unclear,gamma=8;p=2^-8;curve=P-256,-1,,not_applicable,not_applicable,unavailable,gc,go1.18.1,Release,JerryZ
2026-08-19T14:08:06.09652833Z,FMD,sender_signaling,fmd_sender_total_signaling,sender,217,false,not_applicable,unclear,gamma=8;p=2^-8;curve=P-256,368196,269,measured,ok,unavailable,gc,go1.18.1,Release,JerryZ
2026-08-19T14:08:06.099166964Z,FMD,sender_signaling,fmd_flag_generation,sender,218,false,not_applicable,unclear,gamma=8;p=2^-8;curve=P-256,813443,270,measured,ok,unavailable,gc,go1.18.1,Release,JerryZ
2026-08-19T14:08:06.100579024Z,FMD,sender_signaling,fmd_sender_preparation,sender,218,false,not_applicable,unclear,gamma=8;p=2^-8;curve=P-256,-1,,not_applicable,not_applicable,unavailable,gc,go1.18.1,Release,JerryZ
2026-08-19T14:08:06.10166303Z,FMD,sender_signaling,message_encryption,sender,218,false,not_applicable,unclear,gamma=8;p=2^-8;curve=P-256,-1,,not_applicable,not_applicable,unavailable,gc,go1.18.1,Release,JerryZ
2026-08-19T14:08:06.103750749Z,FMD,sender_signaling,fmd_sender_total_signaling,sender,218,false,not_applicable,unclear,gamma=8;p=2^-8;curve=P-256,564475,270,measured,ok,unavailable,gc,go1.18.1,Release,JerryZ
2026-08-19T14:08:06.106109131Z,FMD,sender_signaling,fmd_flag_generation,sender,219,false,not_applicable,unclear,gamma=8;p=2^-8;curve=P-256,366827,269,measured,ok,unavailable,gc,go1.18.1,Release,JerryZ
2026-08-19T14:08:06.107319212Z,FMD,sender_signaling,fmd_sender_preparation,sender,219,false,not_applicable,unclear,gamma=8;p=2^-8;curve=P-256,-1,,not_applicable,not_applicable,unavailable,gc,go1.18.1,Release,JerryZ
2026-08-19T14:08:06.108570771Z,FMD,sender_signaling,message_encryption,sender,219,false,not_applicable,unclear,gamma=8;p=2^-8;curve=P-256,-1,,not_applicable,not_applicable,unavailable,gc,go1.18.1,Release,JerryZ
2026-08-19T14:08:06.111008438Z,FMD,sender_signaling,fmd_sender_total_signaling,sender,219,false,not_applicable,unclear,gamma=8;p=2^-8;curve=P-256,522731,269,measured,ok,unavailable,gc,go1.18.1,Release,JerryZ
2026-08-19T14:08:06.113071383Z,FMD,sender_signaling,fmd_flag_generation,sender,220,false,not_applicable,unclear,gamma=8;p=2^-8;curve=P-256,392083,269,measured,ok,unavailable,gc,go1.18.1,Release,JerryZ
2026-08-19T14:08:06.11454788Z,FMD,sender_signaling,fmd_sender_preparation,sender,220,false,not_applicable,unclear,gamma=8;p=2^-8;curve=P-256,-1,,not_applicable,not_applicable,unavailable,gc,go1.18.1,Release,JerryZ
2026-08-19T14:08:06.115890405Z,FMD,sender_signaling,message_encryption,sender,220,false,not_applicable,unclear,gamma=8;p=2^-8;curve=P-256,-1,,not_applicable,not_applicable,unavailable,gc,go1.18.1,Release,JerryZ
2026-08-19T14:08:06.118007117Z,FMD,sender_signaling,fmd_sender_total_signaling,sender,220,false,not_applicable,unclear,gamma=8;p=2^-8;curve=P-256,552100,269,measured,ok,unavailable,gc,go1.18.1,Release,JerryZ
2026-08-19T14:08:06.12009192Z,FMD,sender_signaling,fmd_flag_generation,sender,221,false,not_applicable,unclear,gamma=8;p=2^-8;curve=P-256,376892,269,measured,ok,unavailable,gc,go1.18.1,Release,JerryZ
2026-08-19T14:08:06.121370641Z,FMD,sender_signaling,fmd_sender_preparation,sender,221,false,not_applicable,unclear,gamma=8;p=2^-8;curve=P-256,-1,,not_applicable,not_applicable,unavailable,gc,go1.18.1,Release,JerryZ
2026-08-19T14:08:06.122831655Z,FMD,sender_signaling,message_encryption,sender,221,false,not_applicable,unclear,gamma=8;p=2^-8;curve=P-256,-1,,not_applicable,not_applicable,unavailable,gc,go1.18.1,Release,JerryZ
2026-08-19T14:08:06.124718323Z,FMD,sender_signaling,fmd_sender_total_signaling,sender,221,false,not_applicable,unclear,gamma=8;p=2^-8;curve=P-256,368278,269,measured,ok,unavailable,gc,go1.18.1,Release,JerryZ
2026-08-19T14:08:06.126668726Z,FMD,sender_signaling,fmd_flag_generation,sender,222,false,not_applicable,unclear,gamma=8;p=2^-8;curve=P-256,364376,269,measured,ok,unavailable,gc,go1.18.1,Release,JerryZ
2026-08-19T14:08:06.128337398Z,FMD,sender_signaling,fmd_sender_preparation,sender,222,false,not_applicable,unclear,gamma=8;p=2^-8;curve=P-256,-1,,not_applicable,not_applicable,unavailable,gc,go1.18.1,Release,JerryZ
2026-08-19T14:08:06.129773611Z,FMD,sender_signaling,message_encryption,sender,222,false,not_applicable,unclear,gamma=8;p=2^-8;curve=P-256,-1,,not_applicable,not_applicable,unavailable,gc,go1.18.1,Release,JerryZ
2026-08-19T14:08:06.132092577Z,FMD,sender_signaling,fmd_sender_total_signaling,sender,222,false,not_applicable,unclear,gamma=8;p=2^-8;curve=P-256,400633,270,measured,ok,unavailable,gc,go1.18.1,Release,JerryZ
2026-08-19T14:08:06.134380102Z,FMD,sender_signaling,fmd_flag_generation,sender,223,false,not_applicable,unclear,gamma=8;p=2^-8;curve=P-256,748137,270,measured,ok,unavailable,gc,go1.18.1,Release,JerryZ
2026-08-19T14:08:06.135796813Z,FMD,sender_signaling,fmd_sender_preparation,sender,223,false,not_applicable,unclear,gamma=8;p=2^-8;curve=P-256,-1,,not_applicable,not_applicable,unavailable,gc,go1.18.1,Release,JerryZ
2026-08-19T14:08:06.136798542Z,FMD,sender_signaling,message_encryption,sender,223,false,not_applicable,unclear,gamma=8;p=2^-8;curve=P-256,-1,,not_applicable,not_applicable,unavailable,gc,go1.18.1,Release,JerryZ
2026-08-19T14:08:06.139571911Z,FMD,sender_signaling,fmd_sender_total_signaling,sender,223,false,not_applicable,unclear,gamma=8;p=2^-8;curve=P-256,844943,269,measured,ok,unavailable,gc,go1.18.1,Release,JerryZ
2026-08-19T14:08:06.141927098Z,FMD,sender_signaling,fmd_flag_generation,sender,224,false,not_applicable,unclear,gamma=8;p=2^-8;curve=P-256,791209,269,measured,ok,unavailable,gc,go1.18.1,Release,JerryZ
2026-08-19T14:08:06.143394792Z,FMD,sender_signaling,fmd_sender_preparation,sender,224,false,not_applicable,unclear,gamma=8;p=2^-8;curve=P-256,-1,,not_applicable,not_applicable,unavailable,gc,go1.18.1,Release,JerryZ
2026-08-19T14:08:06.14464981Z,FMD,sender_signaling,message_encryption,sender,224,false,not_applicable,unclear,gamma=8;p=2^-8;curve=P-256,-1,,not_applicable,not_applicable,unavailable,gc,go1.18.1,Release,JerryZ
2026-08-19T14:08:06.146910114Z,FMD,sender_signaling,fmd_sender_total_signaling,sender,224,false,not_applicable,unclear,gamma=8;p=2^-8;curve=P-256,396730,270,measured,ok,unavailable,gc,go1.18.1,Release,JerryZ
2026-08-19T14:08:06.149169101Z,FMD,sender_signaling,fmd_flag_generation,sender,225,false,not_applicable,unclear,gamma=8;p=2^-8;curve=P-256,365707,269,measured,ok,unavailable,gc,go1.18.1,Release,JerryZ
2026-08-19T14:08:06.150473412Z,FMD,sender_signaling,fmd_sender_preparation,sender,225,false,not_applicable,unclear,gamma=8;p=2^-8;curve=P-256,-1,,not_applicable,not_applicable,unavailable,gc,go1.18.1,Release,JerryZ
2026-08-19T14:08:06.151704487Z,FMD,sender_signaling,message_encryption,sender,225,false,not_applicable,unclear,gamma=8;p=2^-8;curve=P-256,-1,,not_applicable,not_applicable,unavailable,gc,go1.18.1,Release,JerryZ
2026-08-19T14:08:06.154009512Z,FMD,sender_signaling,fmd_sender_total_signaling,sender,225,false,not_applicable,unclear,gamma=8;p=2^-8;curve=P-256,797729,268,measured,ok,unavailable,gc,go1.18.1,Release,JerryZ
2026-08-19T14:08:06.156445446Z,FMD,sender_signaling,fmd_flag_generation,sender,226,false,not_applicable,unclear,gamma=8;p=2^-8;curve=P-256,410212,269,measured,ok,unavailable,gc,go1.18.1,Release,JerryZ
2026-08-19T14:08:06.157776868Z,FMD,sender_signaling,fmd_sender_preparation,sender,226,false,not_applicable,unclear,gamma=8;p=2^-8;curve=P-256,-1,,not_applicable,not_applicable,unavailable,gc,go1.18.1,Release,JerryZ
2026-08-19T14:08:06.15919407Z,FMD,sender_signaling,message_encryption,sender,226,false,not_applicable,unclear,gamma=8;p=2^-8;curve=P-256,-1,,not_applicable,not_applicable,unavailable,gc,go1.18.1,Release,JerryZ
2026-08-19T14:08:06.161781588Z,FMD,sender_signaling,fmd_sender_total_signaling,sender,226,false,not_applicable,unclear,gamma=8;p=2^-8;curve=P-256,434062,269,measured,ok,unavailable,gc,go1.18.1,Release,JerryZ
2026-08-19T14:08:06.165127759Z,FMD,sender_signaling,fmd_flag_generation,sender,227,false,not_applicable,unclear,gamma=8;p=2^-8;curve=P-256,377986,269,measured,ok,unavailable,gc,go1.18.1,Release,JerryZ
2026-08-19T14:08:06.166224678Z,FMD,sender_signaling,fmd_sender_preparation,sender,227,false,not_applicable,unclear,gamma=8;p=2^-8;curve=P-256,-1,,not_applicable,not_applicable,unavailable,gc,go1.18.1,Release,JerryZ
2026-08-19T14:08:06.167276643Z,FMD,sender_signaling,message_encryption,sender,227,false,not_applicable,unclear,gamma=8;p=2^-8;curve=P-256,-1,,not_applicable,not_applicable,unavailable,gc,go1.18.1,Release,JerryZ
2026-08-19T14:08:06.16906464Z,FMD,sender_signaling,fmd_sender_total_signaling,sender,227,false,not_applicable,unclear,gamma=8;p=2^-8;curve=P-256,367516,269,measured,ok,unavailable,gc,go1.18.1,Release,JerryZ
2026-08-19T14:08:06.171133743Z,FMD,sender_signaling,fmd_flag_generation,sender,228,false,not_applicable,unclear,gamma=8;p=2^-8;curve=P-256,387151,271,measured,ok,unavailable,gc,go1.18.1,Release,JerryZ
2026-08-19T14:08:06.172618124Z,FMD,sender_signaling,fmd_sender_preparation,sender,228,false,not_applicable,unclear,gamma=8;p=2^-8;curve=P-256,-1,,not_applicable,not_applicable,unavailable,gc,go1.18.1,Release,JerryZ
2026-08-19T14:08:06.174212794Z,FMD,sender_signaling,message_encryption,sender,228,false,not_applicable,unclear,gamma=8;p=2^-8;curve=P-256,-1,,not_applicable,not_applicable,unavailable,gc,go1.18.1,Release,JerryZ
2026-08-19T14:08:06.17633339Z,FMD,sender_signaling,fmd_sender_total_signaling,sender,228,false,not_applicable,unclear,gamma=8;p=2^-8;curve=P-256,418008,269,measured,ok,unavailable,gc,go1.18.1,Release,JerryZ
2026-08-19T14:08:06.17855015Z,FMD,sender_signaling,fmd_flag_generation,sender,229,false,not_applicable,unclear,gamma=8;p=2^-8;curve=P-256,394112,269,measured,ok,unavailable,gc,go1.18.1,Release,JerryZ
2026-08-19T14:08:06.179937211Z,FMD,sender_signaling,fmd_sender_preparation,sender,229,false,not_applicable,unclear,gamma=8;p=2^-8;curve=P-256,-1,,not_applicable,not_applicable,unavailable,gc,go1.18.1,Release,JerryZ
2026-08-19T14:08:06.181358845Z,FMD,sender_signaling,message_encryption,sender,229,false,not_applicable,unclear,gamma=8;p=2^-8;curve=P-256,-1,,not_applicable,not_applicable,unavailable,gc,go1.18.1,Release,JerryZ
2026-08-19T14:08:06.183950757Z,FMD,sender_signaling,fmd_sender_total_signaling,sender,229,false,not_applicable,unclear,gamma=8;p=2^-8;curve=P-256,745501,270,measured,ok,unavailable,gc,go1.18.1,Release,JerryZ
2026-08-19T14:08:06.186425355Z,FMD,sender_signaling,fmd_flag_generation,sender,230,false,not_applicable,unclear,gamma=8;p=2^-8;curve=P-256,572442,269,measured,ok,unavailable,gc,go1.18.1,Release,JerryZ
2026-08-19T14:08:06.187778956Z,FMD,sender_signaling,fmd_sender_preparation,sender,230,false,not_applicable,unclear,gamma=8;p=2^-8;curve=P-256,-1,,not_applicable,not_applicable,unavailable,gc,go1.18.1,Release,JerryZ
2026-08-19T14:08:06.190618324Z,FMD,sender_signaling,message_encryption,sender,230,false,not_applicable,unclear,gamma=8;p=2^-8;curve=P-256,-1,,not_applicable,not_applicable,unavailable,gc,go1.18.1,Release,JerryZ
2026-08-19T14:08:06.19344265Z,FMD,sender_signaling,fmd_sender_total_signaling,sender,230,false,not_applicable,unclear,gamma=8;p=2^-8;curve=P-256,809025,270,measured,ok,unavailable,gc,go1.18.1,Release,JerryZ
2026-08-19T14:08:06.195991651Z,FMD,sender_signaling,fmd_flag_generation,sender,231,false,not_applicable,unclear,gamma=8;p=2^-8;curve=P-256,828706,270,measured,ok,unavailable,gc,go1.18.1,Release,JerryZ
2026-08-19T14:08:06.197031873Z,FMD,sender_signaling,fmd_sender_preparation,sender,231,false,not_applicable,unclear,gamma=8;p=2^-8;curve=P-256,-1,,not_applicable,not_applicable,unavailable,gc,go1.18.1,Release,JerryZ
2026-08-19T14:08:06.198472807Z,FMD,sender_signaling,message_encryption,sender,231,false,not_applicable,unclear,gamma=8;p=2^-8;curve=P-256,-1,,not_applicable,not_applicable,unavailable,gc,go1.18.1,Release,JerryZ
2026-08-19T14:08:06.200651385Z,FMD,sender_signaling,fmd_sender_total_signaling,sender,231,false,not_applicable,unclear,gamma=8;p=2^-8;curve=P-256,390797,270,measured,ok,unavailable,gc,go1.18.1,Release,JerryZ
2026-08-19T14:08:06.202648597Z,FMD,sender_signaling,fmd_flag_generation,sender,232,false,not_applicable,unclear,gamma=8;p=2^-8;curve=P-256,366322,269,measured,ok,unavailable,gc,go1.18.1,Release,JerryZ
2026-08-19T14:08:06.204653327Z,FMD,sender_signaling,fmd_sender_preparation,sender,232,false,not_applicable,unclear,gamma=8;p=2^-8;curve=P-256,-1,,not_applicable,not_applicable,unavailable,gc,go1.18.1,Release,JerryZ
2026-08-19T14:08:06.20583723Z,FMD,sender_signaling,message_encryption,sender,232,false,not_applicable,unclear,gamma=8;p=2^-8;curve=P-256,-1,,not_applicable,not_applicable,unavailable,gc,go1.18.1,Release,JerryZ
2026-08-19T14:08:06.207978628Z,FMD,sender_signaling,fmd_sender_total_signaling,sender,232,false,not_applicable,unclear,gamma=8;p=2^-8;curve=P-256,384139,269,measured,ok,unavailable,gc,go1.18.1,Release,JerryZ
2026-08-19T14:08:06.209788524Z,FMD,sender_signaling,fmd_flag_generation,sender,233,false,not_applicable,unclear,gamma=8;p=2^-8;curve=P-256,355578,269,measured,ok,unavailable,gc,go1.18.1,Release,JerryZ
2026-08-19T14:08:06.211032475Z,FMD,sender_signaling,fmd_sender_preparation,sender,233,false,not_applicable,unclear,gamma=8;p=2^-8;curve=P-256,-1,,not_applicable,not_applicable,unavailable,gc,go1.18.1,Release,JerryZ
2026-08-19T14:08:06.212455597Z,FMD,sender_signaling,message_encryption,sender,233,false,not_applicable,unclear,gamma=8;p=2^-8;curve=P-256,-1,,not_applicable,not_applicable,unavailable,gc,go1.18.1,Release,JerryZ
2026-08-19T14:08:06.215365768Z,FMD,sender_signaling,fmd_sender_total_signaling,sender,233,false,not_applicable,unclear,gamma=8;p=2^-8;curve=P-256,562588,268,measured,ok,unavailable,gc,go1.18.1,Release,JerryZ
2026-08-19T14:08:06.217505577Z,FMD,sender_signaling,fmd_flag_generation,sender,234,false,not_applicable,unclear,gamma=8;p=2^-8;curve=P-256,411791,268,measured,ok,unavailable,gc,go1.18.1,Release,JerryZ
2026-08-19T14:08:06.218665349Z,FMD,sender_signaling,fmd_sender_preparation,sender,234,false,not_applicable,unclear,gamma=8;p=2^-8;curve=P-256,-1,,not_applicable,not_applicable,unavailable,gc,go1.18.1,Release,JerryZ
2026-08-19T14:08:06.21985517Z,FMD,sender_signaling,message_encryption,sender,234,false,not_applicable,unclear,gamma=8;p=2^-8;curve=P-256,-1,,not_applicable,not_applicable,unavailable,gc,go1.18.1,Release,JerryZ
2026-08-19T14:08:06.221936024Z,FMD,sender_signaling,fmd_sender_total_signaling,sender,234,false,not_applicable,unclear,gamma=8;p=2^-8;curve=P-256,476977,269,measured,ok,unavailable,gc,go1.18.1,Release,JerryZ
2026-08-19T14:08:06.224026438Z,FMD,sender_signaling,fmd_flag_generation,sender,235,false,not_applicable,unclear,gamma=8;p=2^-8;curve=P-256,355917,269,measured,ok,unavailable,gc,go1.18.1,Release,JerryZ
2026-08-19T14:08:06.225031969Z,FMD,sender_signaling,fmd_sender_preparation,sender,235,false,not_applicable,unclear,gamma=8;p=2^-8;curve=P-256,-1,,not_applicable,not_applicable,unavailable,gc,go1.18.1,Release,JerryZ
2026-08-19T14:08:06.22632666Z,FMD,sender_signaling,message_encryption,sender,235,false,not_applicable,unclear,gamma=8;p=2^-8;curve=P-256,-1,,not_applicable,not_applicable,unavailable,gc,go1.18.1,Release,JerryZ
2026-08-19T14:08:06.228158679Z,FMD,sender_signaling,fmd_sender_total_signaling,sender,235,false,not_applicable,unclear,gamma=8;p=2^-8;curve=P-256,371538,269,measured,ok,unavailable,gc,go1.18.1,Release,JerryZ
2026-08-19T14:08:06.230216867Z,FMD,sender_signaling,fmd_flag_generation,sender,236,false,not_applicable,unclear,gamma=8;p=2^-8;curve=P-256,363209,270,measured,ok,unavailable,gc,go1.18.1,Release,JerryZ
2026-08-19T14:08:06.231863834Z,FMD,sender_signaling,fmd_sender_preparation,sender,236,false,not_applicable,unclear,gamma=8;p=2^-8;curve=P-256,-1,,not_applicable,not_applicable,unavailable,gc,go1.18.1,Release,JerryZ
2026-08-19T14:08:06.233129389Z,FMD,sender_signaling,message_encryption,sender,236,false,not_applicable,unclear,gamma=8;p=2^-8;curve=P-256,-1,,not_applicable,not_applicable,unavailable,gc,go1.18.1,Release,JerryZ
2026-08-19T14:08:06.235919216Z,FMD,sender_signaling,fmd_sender_total_signaling,sender,236,false,not_applicable,unclear,gamma=8;p=2^-8;curve=P-256,450914,270,measured,ok,unavailable,gc,go1.18.1,Release,JerryZ
2026-08-19T14:08:06.23824585Z,FMD,sender_signaling,fmd_flag_generation,sender,237,false,not_applicable,unclear,gamma=8;p=2^-8;curve=P-256,374450,269,measured,ok,unavailable,gc,go1.18.1,Release,JerryZ
2026-08-19T14:08:06.239360613Z,FMD,sender_signaling,fmd_sender_preparation,sender,237,false,not_applicable,unclear,gamma=8;p=2^-8;curve=P-256,-1,,not_applicable,not_applicable,unavailable,gc,go1.18.1,Release,JerryZ
2026-08-19T14:08:06.240438438Z,FMD,sender_signaling,message_encryption,sender,237,false,not_applicable,unclear,gamma=8;p=2^-8;curve=P-256,-1,,not_applicable,not_applicable,unavailable,gc,go1.18.1,Release,JerryZ
2026-08-19T14:08:06.242656667Z,FMD,sender_signaling,fmd_sender_total_signaling,sender,237,false,not_applicable,unclear,gamma=8;p=2^-8;curve=P-256,404977,270,measured,ok,unavailable,gc,go1.18.1,Release,JerryZ
2026-08-19T14:08:06.244778848Z,FMD,sender_signaling,fmd_flag_generation,sender,238,false,not_applicable,unclear,gamma=8;p=2^-8;curve=P-256,362217,269,measured,ok,unavailable,gc,go1.18.1,Release,JerryZ
2026-08-19T14:08:06.24673393Z,FMD,sender_signaling,fmd_sender_preparation,sender,238,false,not_applicable,unclear,gamma=8;p=2^-8;curve=P-256,-1,,not_applicable,not_applicable,unavailable,gc,go1.18.1,Release,JerryZ
2026-08-19T14:08:06.248032308Z,FMD,sender_signaling,message_encryption,sender,238,false,not_applicable,unclear,gamma=8;p=2^-8;curve=P-256,-1,,not_applicable,not_applicable,unavailable,gc,go1.18.1,Release,JerryZ
2026-08-19T14:08:06.250046736Z,FMD,sender_signaling,fmd_sender_total_signaling,sender,238,false,not_applicable,unclear,gamma=8;p=2^-8;curve=P-256,420185,270,measured,ok,unavailable,gc,go1.18.1,Release,JerryZ
2026-08-19T14:08:06.252121147Z,FMD,sender_signaling,fmd_flag_generation,sender,239,false,not_applicable,unclear,gamma=8;p=2^-8;curve=P-256,370335,270,measured,ok,unavailable,gc,go1.18.1,Release,JerryZ
2026-08-19T14:08:06.253408849Z,FMD,sender_signaling,fmd_sender_preparation,sender,239,false,not_applicable,unclear,gamma=8;p=2^-8;curve=P-256,-1,,not_applicable,not_applicable,unavailable,gc,go1.18.1,Release,JerryZ
2026-08-19T14:08:06.254694949Z,FMD,sender_signaling,message_encryption,sender,239,false,not_applicable,unclear,gamma=8;p=2^-8;curve=P-256,-1,,not_applicable,not_applicable,unavailable,gc,go1.18.1,Release,JerryZ
2026-08-19T14:08:06.256757766Z,FMD,sender_signaling,fmd_sender_total_signaling,sender,239,false,not_applicable,unclear,gamma=8;p=2^-8;curve=P-256,465461,269,measured,ok,unavailable,gc,go1.18.1,Release,JerryZ
2026-08-19T14:08:06.259247983Z,FMD,sender_signaling,fmd_flag_generation,sender,240,false,not_applicable,unclear,gamma=8;p=2^-8;curve=P-256,400706,269,measured,ok,unavailable,gc,go1.18.1,Release,JerryZ
2026-08-19T14:08:06.260284344Z,FMD,sender_signaling,fmd_sender_preparation,sender,240,false,not_applicable,unclear,gamma=8;p=2^-8;curve=P-256,-1,,not_applicable,not_applicable,unavailable,gc,go1.18.1,Release,JerryZ
2026-08-19T14:08:06.261626409Z,FMD,sender_signaling,message_encryption,sender,240,false,not_applicable,unclear,gamma=8;p=2^-8;curve=P-256,-1,,not_applicable,not_applicable,unavailable,gc,go1.18.1,Release,JerryZ
2026-08-19T14:08:06.263558674Z,FMD,sender_signaling,fmd_sender_total_signaling,sender,240,false,not_applicable,unclear,gamma=8;p=2^-8;curve=P-256,440784,269,measured,ok,unavailable,gc,go1.18.1,Release,JerryZ
2026-08-19T14:08:06.265396915Z,FMD,sender_signaling,fmd_flag_generation,sender,241,false,not_applicable,unclear,gamma=8;p=2^-8;curve=P-256,369877,269,measured,ok,unavailable,gc,go1.18.1,Release,JerryZ
2026-08-19T14:08:06.267012226Z,FMD,sender_signaling,fmd_sender_preparation,sender,241,false,not_applicable,unclear,gamma=8;p=2^-8;curve=P-256,-1,,not_applicable,not_applicable,unavailable,gc,go1.18.1,Release,JerryZ
2026-08-19T14:08:06.268494105Z,FMD,sender_signaling,message_encryption,sender,241,false,not_applicable,unclear,gamma=8;p=2^-8;curve=P-256,-1,,not_applicable,not_applicable,unavailable,gc,go1.18.1,Release,JerryZ
2026-08-19T14:08:06.270343279Z,FMD,sender_signaling,fmd_sender_total_signaling,sender,241,false,not_applicable,unclear,gamma=8;p=2^-8;curve=P-256,372824,269,measured,ok,unavailable,gc,go1.18.1,Release,JerryZ
2026-08-19T14:08:06.272214077Z,FMD,sender_signaling,fmd_flag_generation,sender,242,false,not_applicable,unclear,gamma=8;p=2^-8;curve=P-256,356854,270,measured,ok,unavailable,gc,go1.18.1,Release,JerryZ
2026-08-19T14:08:06.273342308Z,FMD,sender_signaling,fmd_sender_preparation,sender,242,false,not_applicable,unclear,gamma=8;p=2^-8;curve=P-256,-1,,not_applicable,not_applicable,unavailable,gc,go1.18.1,Release,JerryZ
2026-08-19T14:08:06.274503099Z,FMD,sender_signaling,message_encryption,sender,242,false,not_applicable,unclear,gamma=8;p=2^-8;curve=P-256,-1,,not_applicable,not_applicable,unavailable,gc,go1.18.1,Release,JerryZ
2026-08-19T14:08:06.276949844Z,FMD,sender_signaling,fmd_sender_total_signaling,sender,242,false,not_applicable,unclear,gamma=8;p=2^-8;curve=P-256,397932,269,measured,ok,unavailable,gc,go1.18.1,Release,JerryZ
2026-08-19T14:08:06.279308768Z,FMD,sender_signaling,fmd_flag_generation,sender,243,false,not_applicable,unclear,gamma=8;p=2^-8;curve=P-256,399687,268,measured,ok,unavailable,gc,go1.18.1,Release,JerryZ
2026-08-19T14:08:06.280687265Z,FMD,sender_signaling,fmd_sender_preparation,sender,243,false,not_applicable,unclear,gamma=8;p=2^-8;curve=P-256,-1,,not_applicable,not_applicable,unavailable,gc,go1.18.1,Release,JerryZ
2026-08-19T14:08:06.282021369Z,FMD,sender_signaling,message_encryption,sender,243,false,not_applicable,unclear,gamma=8;p=2^-8;curve=P-256,-1,,not_applicable,not_applicable,unavailable,gc,go1.18.1,Release,JerryZ
2026-08-19T14:08:06.284179182Z,FMD,sender_signaling,fmd_sender_total_signaling,sender,243,false,not_applicable,unclear,gamma=8;p=2^-8;curve=P-256,538031,268,measured,ok,unavailable,gc,go1.18.1,Release,JerryZ
2026-08-19T14:08:06.286933445Z,FMD,sender_signaling,fmd_flag_generation,sender,244,false,not_applicable,unclear,gamma=8;p=2^-8;curve=P-256,586558,268,measured,ok,unavailable,gc,go1.18.1,Release,JerryZ
2026-08-19T14:08:06.288050375Z,FMD,sender_signaling,fmd_sender_preparation,sender,244,false,not_applicable,unclear,gamma=8;p=2^-8;curve=P-256,-1,,not_applicable,not_applicable,unavailable,gc,go1.18.1,Release,JerryZ
2026-08-19T14:08:06.289139877Z,FMD,sender_signaling,message_encryption,sender,244,false,not_applicable,unclear,gamma=8;p=2^-8;curve=P-256,-1,,not_applicable,not_applicable,unavailable,gc,go1.18.1,Release,JerryZ
2026-08-19T14:08:06.291189401Z,FMD,sender_signaling,fmd_sender_total_signaling,sender,244,false,not_applicable,unclear,gamma=8;p=2^-8;curve=P-256,378885,270,measured,ok,unavailable,gc,go1.18.1,Release,JerryZ
2026-08-19T14:08:06.293525439Z,FMD,sender_signaling,fmd_flag_generation,sender,245,false,not_applicable,unclear,gamma=8;p=2^-8;curve=P-256,395563,269,measured,ok,unavailable,gc,go1.18.1,Release,JerryZ
2026-08-19T14:08:06.294571925Z,FMD,sender_signaling,fmd_sender_preparation,sender,245,false,not_applicable,unclear,gamma=8;p=2^-8;curve=P-256,-1,,not_applicable,not_applicable,unavailable,gc,go1.18.1,Release,JerryZ
2026-08-19T14:08:06.295913701Z,FMD,sender_signaling,message_encryption,sender,245,false,not_applicable,unclear,gamma=8;p=2^-8;curve=P-256,-1,,not_applicable,not_applicable,unavailable,gc,go1.18.1,Release,JerryZ
2026-08-19T14:08:06.297829674Z,FMD,sender_signaling,fmd_sender_total_signaling,sender,245,false,not_applicable,unclear,gamma=8;p=2^-8;curve=P-256,379023,270,measured,ok,unavailable,gc,go1.18.1,Release,JerryZ
2026-08-19T14:08:06.300586541Z,FMD,sender_signaling,fmd_flag_generation,sender,246,false,not_applicable,unclear,gamma=8;p=2^-8;curve=P-256,370271,269,measured,ok,unavailable,gc,go1.18.1,Release,JerryZ
2026-08-19T14:08:06.301754171Z,FMD,sender_signaling,fmd_sender_preparation,sender,246,false,not_applicable,unclear,gamma=8;p=2^-8;curve=P-256,-1,,not_applicable,not_applicable,unavailable,gc,go1.18.1,Release,JerryZ
2026-08-19T14:08:06.302917392Z,FMD,sender_signaling,message_encryption,sender,246,false,not_applicable,unclear,gamma=8;p=2^-8;curve=P-256,-1,,not_applicable,not_applicable,unavailable,gc,go1.18.1,Release,JerryZ
2026-08-19T14:08:06.305253706Z,FMD,sender_signaling,fmd_sender_total_signaling,sender,246,false,not_applicable,unclear,gamma=8;p=2^-8;curve=P-256,384441,269,measured,ok,unavailable,gc,go1.18.1,Release,JerryZ
2026-08-19T14:08:06.307240633Z,FMD,sender_signaling,fmd_flag_generation,sender,247,false,not_applicable,unclear,gamma=8;p=2^-8;curve=P-256,390623,271,measured,ok,unavailable,gc,go1.18.1,Release,JerryZ
2026-08-19T14:08:06.308409754Z,FMD,sender_signaling,fmd_sender_preparation,sender,247,false,not_applicable,unclear,gamma=8;p=2^-8;curve=P-256,-1,,not_applicable,not_applicable,unavailable,gc,go1.18.1,Release,JerryZ
2026-08-19T14:08:06.309463509Z,FMD,sender_signaling,message_encryption,sender,247,false,not_applicable,unclear,gamma=8;p=2^-8;curve=P-256,-1,,not_applicable,not_applicable,unavailable,gc,go1.18.1,Release,JerryZ
2026-08-19T14:08:06.311493191Z,FMD,sender_signaling,fmd_sender_total_signaling,sender,247,false,not_applicable,unclear,gamma=8;p=2^-8;curve=P-256,518148,270,measured,ok,unavailable,gc,go1.18.1,Release,JerryZ
2026-08-19T14:08:06.31392018Z,FMD,sender_signaling,fmd_flag_generation,sender,248,false,not_applicable,unclear,gamma=8;p=2^-8;curve=P-256,396169,268,measured,ok,unavailable,gc,go1.18.1,Release,JerryZ
2026-08-19T14:08:06.315577805Z,FMD,sender_signaling,fmd_sender_preparation,sender,248,false,not_applicable,unclear,gamma=8;p=2^-8;curve=P-256,-1,,not_applicable,not_applicable,unavailable,gc,go1.18.1,Release,JerryZ
2026-08-19T14:08:06.316734721Z,FMD,sender_signaling,message_encryption,sender,248,false,not_applicable,unclear,gamma=8;p=2^-8;curve=P-256,-1,,not_applicable,not_applicable,unavailable,gc,go1.18.1,Release,JerryZ
2026-08-19T14:08:06.318782407Z,FMD,sender_signaling,fmd_sender_total_signaling,sender,248,false,not_applicable,unclear,gamma=8;p=2^-8;curve=P-256,378619,270,measured,ok,unavailable,gc,go1.18.1,Release,JerryZ
2026-08-19T14:08:06.320618996Z,FMD,sender_signaling,fmd_flag_generation,sender,249,false,not_applicable,unclear,gamma=8;p=2^-8;curve=P-256,354870,268,measured,ok,unavailable,gc,go1.18.1,Release,JerryZ
2026-08-19T14:08:06.321623874Z,FMD,sender_signaling,fmd_sender_preparation,sender,249,false,not_applicable,unclear,gamma=8;p=2^-8;curve=P-256,-1,,not_applicable,not_applicable,unavailable,gc,go1.18.1,Release,JerryZ
2026-08-19T14:08:06.323226451Z,FMD,sender_signaling,message_encryption,sender,249,false,not_applicable,unclear,gamma=8;p=2^-8;curve=P-256,-1,,not_applicable,not_applicable,unavailable,gc,go1.18.1,Release,JerryZ
2026-08-19T14:08:06.325211697Z,FMD,sender_signaling,fmd_sender_total_signaling,sender,249,false,not_applicable,unclear,gamma=8;p=2^-8;curve=P-256,366341,269,measured,ok,unavailable,gc,go1.18.1,Release,JerryZ
2026-08-19T14:08:06.32792894Z,FMD,sender_signaling,fmd_flag_generation,sender,250,false,not_applicable,unclear,gamma=8;p=2^-8;curve=P-256,881036,270,measured,ok,unavailable,gc,go1.18.1,Release,JerryZ
2026-08-19T14:08:06.329953079Z,FMD,sender_signaling,fmd_sender_preparation,sender,250,false,not_applicable,unclear,gamma=8;p=2^-8;curve=P-256,-1,,not_applicable,not_applicable,unavailable,gc,go1.18.1,Release,JerryZ
2026-08-19T14:08:06.331230858Z,FMD,sender_signaling,message_encryption,sender,250,false,not_applicable,unclear,gamma=8;p=2^-8;curve=P-256,-1,,not_applicable,not_applicable,unavailable,gc,go1.18.1,Release,JerryZ
2026-08-19T14:08:06.333561354Z,FMD,sender_signaling,fmd_sender_total_signaling,sender,250,false,not_applicable,unclear,gamma=8;p=2^-8;curve=P-256,592132,268,measured,ok,unavailable,gc,go1.18.1,Release,JerryZ
2026-08-19T14:08:06.336468141Z,FMD,sender_signaling,fmd_flag_generation,sender,251,false,not_applicable,unclear,gamma=8;p=2^-8;curve=P-256,788720,267,measured,ok,unavailable,gc,go1.18.1,Release,JerryZ
2026-08-19T14:08:06.337764054Z,FMD,sender_signaling,fmd_sender_preparation,sender,251,false,not_applicable,unclear,gamma=8;p=2^-8;curve=P-256,-1,,not_applicable,not_applicable,unavailable,gc,go1.18.1,Release,JerryZ
2026-08-19T14:08:06.339079353Z,FMD,sender_signaling,message_encryption,sender,251,false,not_applicable,unclear,gamma=8;p=2^-8;curve=P-256,-1,,not_applicable,not_applicable,unavailable,gc,go1.18.1,Release,JerryZ
2026-08-19T14:08:06.341117823Z,FMD,sender_signaling,fmd_sender_total_signaling,sender,251,false,not_applicable,unclear,gamma=8;p=2^-8;curve=P-256,364889,269,measured,ok,unavailable,gc,go1.18.1,Release,JerryZ
2026-08-19T14:08:06.343979454Z,FMD,sender_signaling,fmd_flag_generation,sender,252,false,not_applicable,unclear,gamma=8;p=2^-8;curve=P-256,515945,269,measured,ok,unavailable,gc,go1.18.1,Release,JerryZ
2026-08-19T14:08:06.345267157Z,FMD,sender_signaling,fmd_sender_preparation,sender,252,false,not_applicable,unclear,gamma=8;p=2^-8;curve=P-256,-1,,not_applicable,not_applicable,unavailable,gc,go1.18.1,Release,JerryZ
2026-08-19T14:08:06.346351926Z,FMD,sender_signaling,message_encryption,sender,252,false,not_applicable,unclear,gamma=8;p=2^-8;curve=P-256,-1,,not_applicable,not_applicable,unavailable,gc,go1.18.1,Release,JerryZ
2026-08-19T14:08:06.34851362Z,FMD,sender_signaling,fmd_sender_total_signaling,sender,252,false,not_applicable,unclear,gamma=8;p=2^-8;curve=P-256,405289,270,measured,ok,unavailable,gc,go1.18.1,Release,JerryZ
2026-08-19T14:08:06.351132688Z,FMD,sender_signaling,fmd_flag_generation,sender,253,false,not_applicable,unclear,gamma=8;p=2^-8;curve=P-256,772088,268,measured,ok,unavailable,gc,go1.18.1,Release,JerryZ
2026-08-19T14:08:06.352306338Z,FMD,sender_signaling,fmd_sender_preparation,sender,253,false,not_applicable,unclear,gamma=8;p=2^-8;curve=P-256,-1,,not_applicable,not_applicable,unavailable,gc,go1.18.1,Release,JerryZ
2026-08-19T14:08:06.353679641Z,FMD,sender_signaling,message_encryption,sender,253,false,not_applicable,unclear,gamma=8;p=2^-8;curve=P-256,-1,,not_applicable,not_applicable,unavailable,gc,go1.18.1,Release,JerryZ
2026-08-19T14:08:06.355669148Z,FMD,sender_signaling,fmd_sender_total_signaling,sender,253,false,not_applicable,unclear,gamma=8;p=2^-8;curve=P-256,416870,269,measured,ok,unavailable,gc,go1.18.1,Release,JerryZ
2026-08-19T14:08:06.358153395Z,FMD,sender_signaling,fmd_flag_generation,sender,254,false,not_applicable,unclear,gamma=8;p=2^-8;curve=P-256,421929,270,measured,ok,unavailable,gc,go1.18.1,Release,JerryZ
2026-08-19T14:08:06.359563475Z,FMD,sender_signaling,fmd_sender_preparation,sender,254,false,not_applicable,unclear,gamma=8;p=2^-8;curve=P-256,-1,,not_applicable,not_applicable,unavailable,gc,go1.18.1,Release,JerryZ
2026-08-19T14:08:06.360791786Z,FMD,sender_signaling,message_encryption,sender,254,false,not_applicable,unclear,gamma=8;p=2^-8;curve=P-256,-1,,not_applicable,not_applicable,unavailable,gc,go1.18.1,Release,JerryZ
2026-08-19T14:08:06.363109718Z,FMD,sender_signaling,fmd_sender_total_signaling,sender,254,false,not_applicable,unclear,gamma=8;p=2^-8;curve=P-256,825832,269,measured,ok,unavailable,gc,go1.18.1,Release,JerryZ
2026-08-19T14:08:06.36614033Z,FMD,sender_signaling,fmd_flag_generation,sender,255,false,not_applicable,unclear,gamma=8;p=2^-8;curve=P-256,795755,270,measured,ok,unavailable,gc,go1.18.1,Release,JerryZ
2026-08-19T14:08:06.367525045Z,FMD,sender_signaling,fmd_sender_preparation,sender,255,false,not_applicable,unclear,gamma=8;p=2^-8;curve=P-256,-1,,not_applicable,not_applicable,unavailable,gc,go1.18.1,Release,JerryZ
2026-08-19T14:08:06.368747813Z,FMD,sender_signaling,message_encryption,sender,255,false,not_applicable,unclear,gamma=8;p=2^-8;curve=P-256,-1,,not_applicable,not_applicable,unavailable,gc,go1.18.1,Release,JerryZ
2026-08-19T14:08:06.370590554Z,FMD,sender_signaling,fmd_sender_total_signaling,sender,255,false,not_applicable,unclear,gamma=8;p=2^-8;curve=P-256,386388,269,measured,ok,unavailable,gc,go1.18.1,Release,JerryZ
2026-08-19T14:08:06.372801804Z,FMD,sender_signaling,fmd_flag_generation,sender,256,false,not_applicable,unclear,gamma=8;p=2^-8;curve=P-256,361399,269,measured,ok,unavailable,gc,go1.18.1,Release,JerryZ
2026-08-19T14:08:06.37420484Z,FMD,sender_signaling,fmd_sender_preparation,sender,256,false,not_applicable,unclear,gamma=8;p=2^-8;curve=P-256,-1,,not_applicable,not_applicable,unavailable,gc,go1.18.1,Release,JerryZ
2026-08-19T14:08:06.37564272Z,FMD,sender_signaling,message_encryption,sender,256,false,not_applicable,unclear,gamma=8;p=2^-8;curve=P-256,-1,,not_applicable,not_applicable,unavailable,gc,go1.18.1,Release,JerryZ
2026-08-19T14:08:06.377669302Z,FMD,sender_signaling,fmd_sender_total_signaling,sender,256,false,not_applicable,unclear,gamma=8;p=2^-8;curve=P-256,374853,269,measured,ok,unavailable,gc,go1.18.1,Release,JerryZ
2026-08-19T14:08:06.380177637Z,FMD,sender_signaling,fmd_flag_generation,sender,257,false,not_applicable,unclear,gamma=8;p=2^-8;curve=P-256,443374,270,measured,ok,unavailable,gc,go1.18.1,Release,JerryZ
2026-08-19T14:08:06.38129853Z,FMD,sender_signaling,fmd_sender_preparation,sender,257,false,not_applicable,unclear,gamma=8;p=2^-8;curve=P-256,-1,,not_applicable,not_applicable,unavailable,gc,go1.18.1,Release,JerryZ
2026-08-19T14:08:06.382411226Z,FMD,sender_signaling,message_encryption,sender,257,false,not_applicable,unclear,gamma=8;p=2^-8;curve=P-256,-1,,not_applicable,not_applicable,unavailable,gc,go1.18.1,Release,JerryZ
2026-08-19T14:08:06.384884236Z,FMD,sender_signaling,fmd_sender_total_signaling,sender,257,false,not_applicable,unclear,gamma=8;p=2^-8;curve=P-256,480412,270,measured,ok,unavailable,gc,go1.18.1,Release,JerryZ
2026-08-19T14:08:06.386909693Z,FMD,sender_signaling,fmd_flag_generation,sender,258,false,not_applicable,unclear,gamma=8;p=2^-8;curve=P-256,369830,270,measured,ok,unavailable,gc,go1.18.1,Release,JerryZ
2026-08-19T14:08:06.388473253Z,FMD,sender_signaling,fmd_sender_preparation,sender,258,false,not_applicable,unclear,gamma=8;p=2^-8;curve=P-256,-1,,not_applicable,not_applicable,unavailable,gc,go1.18.1,Release,JerryZ
2026-08-19T14:08:06.389788235Z,FMD,sender_signaling,message_encryption,sender,258,false,not_applicable,unclear,gamma=8;p=2^-8;curve=P-256,-1,,not_applicable,not_applicable,unavailable,gc,go1.18.1,Release,JerryZ
2026-08-19T14:08:06.391914077Z,FMD,sender_signaling,fmd_sender_total_signaling,sender,258,false,not_applicable,unclear,gamma=8;p=2^-8;curve=P-256,379033,270,measured,ok,unavailable,gc,go1.18.1,Release,JerryZ
2026-08-19T14:08:06.393730943Z,FMD,sender_signaling,fmd_flag_generation,sender,259,false,not_applicable,unclear,gamma=8;p=2^-8;curve=P-256,366295,270,measured,ok,unavailable,gc,go1.18.1,Release,JerryZ
2026-08-19T14:08:06.39503036Z,FMD,sender_signaling,fmd_sender_preparation,sender,259,false,not_applicable,unclear,gamma=8;p=2^-8;curve=P-256,-1,,not_applicable,not_applicable,unavailable,gc,go1.18.1,Release,JerryZ
2026-08-19T14:08:06.396362465Z,FMD,sender_signaling,message_encryption,sender,259,false,not_applicable,unclear,gamma=8;p=2^-8;curve=P-256,-1,,not_applicable,not_applicable,unavailable,gc,go1.18.1,Release,JerryZ
2026-08-19T14:08:06.398408926Z,FMD,sender_signaling,fmd_sender_total_signaling,sender,259,false,not_applicable,unclear,gamma=8;p=2^-8;curve=P-256,369307,269,measured,ok,unavailable,gc,go1.18.1,Release,JerryZ
2026-08-19T14:08:06.40057663Z,FMD,sender_signaling,fmd_flag_generation,sender,260,false,not_applicable,unclear,gamma=8;p=2^-8;curve=P-256,406189,268,measured,ok,unavailable,gc,go1.18.1,Release,JerryZ
2026-08-19T14:08:06.401649869Z,FMD,sender_signaling,fmd_sender_preparation,sender,260,false,not_applicable,unclear,gamma=8;p=2^-8;curve=P-256,-1,,not_applicable,not_applicable,unavailable,gc,go1.18.1,Release,JerryZ
2026-08-19T14:08:06.403246458Z,FMD,sender_signaling,message_encryption,sender,260,false,not_applicable,unclear,gamma=8;p=2^-8;curve=P-256,-1,,not_applicable,not_applicable,unavailable,gc,go1.18.1,Release,JerryZ
2026-08-19T14:08:06.405390684Z,FMD,sender_signaling,fmd_sender_total_signaling,sender,260,false,not_applicable,unclear,gamma=8;p=2^-8;curve=P-256,384708,270,measured,ok,unavailable,gc,go1.18.1,Release,JerryZ
2026-08-19T14:08:06.407219429Z,FMD,sender_signaling,fmd_flag_generation,sender,261,false,not_applicable,unclear,gamma=8;p=2^-8;curve=P-256,374909,271,measured,ok,unavailable,gc,go1.18.1,Release,JerryZ
2026-08-19T14:08:06.408566137Z,FMD,sender_signaling,fmd_sender_preparation,sender,261,false,not_applicable,unclear,gamma=8;p=2^-8;curve=P-256,-1,,not_applicable,not_applicable,unavailable,gc,go1.18.1,Release,JerryZ
2026-08-19T14:08:06.409752946Z,FMD,sender_signaling,message_encryption,sender,261,false,not_applicable,unclear,gamma=8;p=2^-8;curve=P-256,-1,,not_applicable,not_applicable,unavailable,gc,go1.18.1,Release,JerryZ
2026-08-19T14:08:06.41245899Z,FMD,sender_signaling,fmd_sender_total_signaling,sender,261,false,not_applicable,unclear,gamma=8;p=2^-8;curve=P-256,873642,269,measured,ok,unavailable,gc,go1.18.1,Release,JerryZ
2026-08-19T14:08:06.41471034Z,FMD,sender_signaling,fmd_flag_generation,sender,262,false,not_applicable,unclear,gamma=8;p=2^-8;curve=P-256,383808,269,measured,ok,unavailable,gc,go1.18.1,Release,JerryZ
2026-08-19T14:08:06.416122519Z,FMD,sender_signaling,fmd_sender_preparation,sender,262,false,not_applicable,unclear,gamma=8;p=2^-8;curve=P-256,-1,,not_applicable,not_applicable,unavailable,gc,go1.18.1,Release,JerryZ
2026-08-19T14:08:06.417404876Z,FMD,sender_signaling,message_encryption,sender,262,false,not_applicable,unclear,gamma=8;p=2^-8;curve=P-256,-1,,not_applicable,not_applicable,unavailable,gc,go1.18.1,Release,JerryZ
2026-08-19T14:08:06.419945019Z,FMD,sender_signaling,fmd_sender_total_signaling,sender,262,false,not_applicable,unclear,gamma=8;p=2^-8;curve=P-256,383192,268,measured,ok,unavailable,gc,go1.18.1,Release,JerryZ
2026-08-19T14:08:06.42206934Z,FMD,sender_signaling,fmd_flag_generation,sender,263,false,not_applicable,unclear,gamma=8;p=2^-8;curve=P-256,364458,270,measured,ok,unavailable,gc,go1.18.1,Release,JerryZ
2026-08-19T14:08:06.423158218Z,FMD,sender_signaling,fmd_sender_preparation,sender,263,false,not_applicable,unclear,gamma=8;p=2^-8;curve=P-256,-1,,not_applicable,not_applicable,unavailable,gc,go1.18.1,Release,JerryZ
2026-08-19T14:08:06.424376018Z,FMD,sender_signaling,message_encryption,sender,263,false,not_applicable,unclear,gamma=8;p=2^-8;curve=P-256,-1,,not_applicable,not_applicable,unavailable,gc,go1.18.1,Release,JerryZ
2026-08-19T14:08:06.42635168Z,FMD,sender_signaling,fmd_sender_total_signaling,sender,263,false,not_applicable,unclear,gamma=8;p=2^-8;curve=P-256,378059,270,measured,ok,unavailable,gc,go1.18.1,Release,JerryZ
2026-08-19T14:08:06.428455847Z,FMD,sender_signaling,fmd_flag_generation,sender,264,false,not_applicable,unclear,gamma=8;p=2^-8;curve=P-256,352519,269,measured,ok,unavailable,gc,go1.18.1,Release,JerryZ
2026-08-19T14:08:06.429942304Z,FMD,sender_signaling,fmd_sender_preparation,sender,264,false,not_applicable,unclear,gamma=8;p=2^-8;curve=P-256,-1,,not_applicable,not_applicable,unavailable,gc,go1.18.1,Release,JerryZ
2026-08-19T14:08:06.431091203Z,FMD,sender_signaling,message_encryption,sender,264,false,not_applicable,unclear,gamma=8;p=2^-8;curve=P-256,-1,,not_applicable,not_applicable,unavailable,gc,go1.18.1,Release,JerryZ
2026-08-19T14:08:06.432892094Z,FMD,sender_signaling,fmd_sender_total_signaling,sender,264,false,not_applicable,unclear,gamma=8;p=2^-8;curve=P-256,371189,268,measured,ok,unavailable,gc,go1.18.1,Release,JerryZ
2026-08-19T14:08:06.435483386Z,FMD,sender_signaling,fmd_flag_generation,sender,265,false,not_applicable,unclear,gamma=8;p=2^-8;curve=P-256,417053,268,measured,ok,unavailable,gc,go1.18.1,Release,JerryZ
2026-08-19T14:08:06.436852145Z,FMD,sender_signaling,fmd_sender_preparation,sender,265,false,not_applicable,unclear,gamma=8;p=2^-8;curve=P-256,-1,,not_applicable,not_applicable,unavailable,gc,go1.18.1,Release,JerryZ
2026-08-19T14:08:06.437866722Z,FMD,sender_signaling,message_encryption,sender,265,false,not_applicable,unclear,gamma=8;p=2^-8;curve=P-256,-1,,not_applicable,not_applicable,unavailable,gc,go1.18.1,Release,JerryZ
2026-08-19T14:08:06.440370875Z,FMD,sender_signaling,fmd_sender_total_signaling,sender,265,false,not_applicable,unclear,gamma=8;p=2^-8;curve=P-256,501507,269,measured,ok,unavailable,gc,go1.18.1,Release,JerryZ
2026-08-19T14:08:06.442307043Z,FMD,sender_signaling,fmd_flag_generation,sender,266,false,not_applicable,unclear,gamma=8;p=2^-8;curve=P-256,363328,269,measured,ok,unavailable,gc,go1.18.1,Release,JerryZ
2026-08-19T14:08:06.443398796Z,FMD,sender_signaling,fmd_sender_preparation,sender,266,false,not_applicable,unclear,gamma=8;p=2^-8;curve=P-256,-1,,not_applicable,not_applicable,unavailable,gc,go1.18.1,Release,JerryZ
2026-08-19T14:08:06.444674164Z,FMD,sender_signaling,message_encryption,sender,266,false,not_applicable,unclear,gamma=8;p=2^-8;curve=P-256,-1,,not_applicable,not_applicable,unavailable,gc,go1.18.1,Release,JerryZ
2026-08-19T14:08:06.446858312Z,FMD,sender_signaling,fmd_sender_total_signaling,sender,266,false,not_applicable,unclear,gamma=8;p=2^-8;curve=P-256,420313,268,measured,ok,unavailable,gc,go1.18.1,Release,JerryZ
2026-08-19T14:08:06.449638Z,FMD,sender_signaling,fmd_flag_generation,sender,267,false,not_applicable,unclear,gamma=8;p=2^-8;curve=P-256,608489,270,measured,ok,unavailable,gc,go1.18.1,Release,JerryZ
2026-08-19T14:08:06.451600778Z,FMD,sender_signaling,fmd_sender_preparation,sender,267,false,not_applicable,unclear,gamma=8;p=2^-8;curve=P-256,-1,,not_applicable,not_applicable,unavailable,gc,go1.18.1,Release,JerryZ
2026-08-19T14:08:06.452664465Z,FMD,sender_signaling,message_encryption,sender,267,false,not_applicable,unclear,gamma=8;p=2^-8;curve=P-256,-1,,not_applicable,not_applicable,unavailable,gc,go1.18.1,Release,JerryZ
2026-08-19T14:08:06.454415047Z,FMD,sender_signaling,fmd_sender_total_signaling,sender,267,false,not_applicable,unclear,gamma=8;p=2^-8;curve=P-256,368306,269,measured,ok,unavailable,gc,go1.18.1,Release,JerryZ
2026-08-19T14:08:06.456454836Z,FMD,sender_signaling,fmd_flag_generation,sender,268,false,not_applicable,unclear,gamma=8;p=2^-8;curve=P-256,366955,270,measured,ok,unavailable,gc,go1.18.1,Release,JerryZ
2026-08-19T14:08:06.457547723Z,FMD,sender_signaling,fmd_sender_preparation,sender,268,false,not_applicable,unclear,gamma=8;p=2^-8;curve=P-256,-1,,not_applicable,not_applicable,unavailable,gc,go1.18.1,Release,JerryZ
2026-08-19T14:08:06.458912467Z,FMD,sender_signaling,message_encryption,sender,268,false,not_applicable,unclear,gamma=8;p=2^-8;curve=P-256,-1,,not_applicable,not_applicable,unavailable,gc,go1.18.1,Release,JerryZ
2026-08-19T14:08:06.461376895Z,FMD,sender_signaling,fmd_sender_total_signaling,sender,268,false,not_applicable,unclear,gamma=8;p=2^-8;curve=P-256,448526,270,measured,ok,unavailable,gc,go1.18.1,Release,JerryZ
2026-08-19T14:08:06.463890772Z,FMD,sender_signaling,fmd_flag_generation,sender,269,false,not_applicable,unclear,gamma=8;p=2^-8;curve=P-256,509194,270,measured,ok,unavailable,gc,go1.18.1,Release,JerryZ
2026-08-19T14:08:06.465394041Z,FMD,sender_signaling,fmd_sender_preparation,sender,269,false,not_applicable,unclear,gamma=8;p=2^-8;curve=P-256,-1,,not_applicable,not_applicable,unavailable,gc,go1.18.1,Release,JerryZ
2026-08-19T14:08:06.467000479Z,FMD,sender_signaling,message_encryption,sender,269,false,not_applicable,unclear,gamma=8;p=2^-8;curve=P-256,-1,,not_applicable,not_applicable,unavailable,gc,go1.18.1,Release,JerryZ
2026-08-19T14:08:06.469419507Z,FMD,sender_signaling,fmd_sender_total_signaling,sender,269,false,not_applicable,unclear,gamma=8;p=2^-8;curve=P-256,476380,267,measured,ok,unavailable,gc,go1.18.1,Release,JerryZ
2026-08-19T14:08:06.471613743Z,FMD,sender_signaling,fmd_flag_generation,sender,270,false,not_applicable,unclear,gamma=8;p=2^-8;curve=P-256,399016,269,measured,ok,unavailable,gc,go1.18.1,Release,JerryZ
2026-08-19T14:08:06.47267647Z,FMD,sender_signaling,fmd_sender_preparation,sender,270,false,not_applicable,unclear,gamma=8;p=2^-8;curve=P-256,-1,,not_applicable,not_applicable,unavailable,gc,go1.18.1,Release,JerryZ
2026-08-19T14:08:06.474055106Z,FMD,sender_signaling,message_encryption,sender,270,false,not_applicable,unclear,gamma=8;p=2^-8;curve=P-256,-1,,not_applicable,not_applicable,unavailable,gc,go1.18.1,Release,JerryZ
2026-08-19T14:08:06.476445723Z,FMD,sender_signaling,fmd_sender_total_signaling,sender,270,false,not_applicable,unclear,gamma=8;p=2^-8;curve=P-256,395618,268,measured,ok,unavailable,gc,go1.18.1,Release,JerryZ
2026-08-19T14:08:06.478596805Z,FMD,sender_signaling,fmd_flag_generation,sender,271,false,not_applicable,unclear,gamma=8;p=2^-8;curve=P-256,371474,270,measured,ok,unavailable,gc,go1.18.1,Release,JerryZ
2026-08-19T14:08:06.480106273Z,FMD,sender_signaling,fmd_sender_preparation,sender,271,false,not_applicable,unclear,gamma=8;p=2^-8;curve=P-256,-1,,not_applicable,not_applicable,unavailable,gc,go1.18.1,Release,JerryZ
2026-08-19T14:08:06.481628419Z,FMD,sender_signaling,message_encryption,sender,271,false,not_applicable,unclear,gamma=8;p=2^-8;curve=P-256,-1,,not_applicable,not_applicable,unavailable,gc,go1.18.1,Release,JerryZ
2026-08-19T14:08:06.483978496Z,FMD,sender_signaling,fmd_sender_total_signaling,sender,271,false,not_applicable,unclear,gamma=8;p=2^-8;curve=P-256,386489,270,measured,ok,unavailable,gc,go1.18.1,Release,JerryZ
2026-08-19T14:08:06.485906917Z,FMD,sender_signaling,fmd_flag_generation,sender,272,false,not_applicable,unclear,gamma=8;p=2^-8;curve=P-256,370161,269,measured,ok,unavailable,gc,go1.18.1,Release,JerryZ
2026-08-19T14:08:06.487047357Z,FMD,sender_signaling,fmd_sender_preparation,sender,272,false,not_applicable,unclear,gamma=8;p=2^-8;curve=P-256,-1,,not_applicable,not_applicable,unavailable,gc,go1.18.1,Release,JerryZ
2026-08-19T14:08:06.488209853Z,FMD,sender_signaling,message_encryption,sender,272,false,not_applicable,unclear,gamma=8;p=2^-8;curve=P-256,-1,,not_applicable,not_applicable,unavailable,gc,go1.18.1,Release,JerryZ
2026-08-19T14:08:06.490077174Z,FMD,sender_signaling,fmd_sender_total_signaling,sender,272,false,not_applicable,unclear,gamma=8;p=2^-8;curve=P-256,369499,269,measured,ok,unavailable,gc,go1.18.1,Release,JerryZ
2026-08-19T14:08:06.492224229Z,FMD,sender_signaling,fmd_flag_generation,sender,273,false,not_applicable,unclear,gamma=8;p=2^-8;curve=P-256,376572,269,measured,ok,unavailable,gc,go1.18.1,Release,JerryZ
2026-08-19T14:08:06.493264438Z,FMD,sender_signaling,fmd_sender_preparation,sender,273,false,not_applicable,unclear,gamma=8;p=2^-8;curve=P-256,-1,,not_applicable,not_applicable,unavailable,gc,go1.18.1,Release,JerryZ
2026-08-19T14:08:06.494436443Z,FMD,sender_signaling,message_encryption,sender,273,false,not_applicable,unclear,gamma=8;p=2^-8;curve=P-256,-1,,not_applicable,not_applicable,unavailable,gc,go1.18.1,Release,JerryZ
2026-08-19T14:08:06.496594826Z,FMD,sender_signaling,fmd_sender_total_signaling,sender,273,false,not_applicable,unclear,gamma=8;p=2^-8;curve=P-256,423427,269,measured,ok,unavailable,gc,go1.18.1,Release,JerryZ
2026-08-19T14:08:06.498798164Z,FMD,sender_signaling,fmd_flag_generation,sender,274,false,not_applicable,unclear,gamma=8;p=2^-8;curve=P-256,352354,269,measured,ok,unavailable,gc,go1.18.1,Release,JerryZ
2026-08-19T14:08:06.499926642Z,FMD,sender_signaling,fmd_sender_preparation,sender,274,false,not_applicable,unclear,gamma=8;p=2^-8;curve=P-256,-1,,not_applicable,not_applicable,unavailable,gc,go1.18.1,Release,JerryZ
2026-08-19T14:08:06.501259184Z,FMD,sender_signaling,message_encryption,sender,274,false,not_applicable,unclear,gamma=8;p=2^-8;curve=P-256,-1,,not_applicable,not_applicable,unavailable,gc,go1.18.1,Release,JerryZ
2026-08-19T14:08:06.50371924Z,FMD,sender_signaling,fmd_sender_total_signaling,sender,274,false,not_applicable,unclear,gamma=8;p=2^-8;curve=P-256,791880,269,measured,ok,unavailable,gc,go1.18.1,Release,JerryZ
2026-08-19T14:08:06.506012721Z,FMD,sender_signaling,fmd_flag_generation,sender,275,false,not_applicable,unclear,gamma=8;p=2^-8;curve=P-256,357488,269,measured,ok,unavailable,gc,go1.18.1,Release,JerryZ
2026-08-19T14:08:06.507374114Z,FMD,sender_signaling,fmd_sender_preparation,sender,275,false,not_applicable,unclear,gamma=8;p=2^-8;curve=P-256,-1,,not_applicable,not_applicable,unavailable,gc,go1.18.1,Release,JerryZ
2026-08-19T14:08:06.508548323Z,FMD,sender_signaling,message_encryption,sender,275,false,not_applicable,unclear,gamma=8;p=2^-8;curve=P-256,-1,,not_applicable,not_applicable,unavailable,gc,go1.18.1,Release,JerryZ
2026-08-19T14:08:06.511383159Z,FMD,sender_signaling,fmd_sender_total_signaling,sender,275,false,not_applicable,unclear,gamma=8;p=2^-8;curve=P-256,817851,271,measured,ok,unavailable,gc,go1.18.1,Release,JerryZ
2026-08-19T14:08:06.51366089Z,FMD,sender_signaling,fmd_flag_generation,sender,276,false,not_applicable,unclear,gamma=8;p=2^-8;curve=P-256,370252,269,measured,ok,unavailable,gc,go1.18.1,Release,JerryZ
2026-08-19T14:08:06.514826053Z,FMD,sender_signaling,fmd_sender_preparation,sender,276,false,not_applicable,unclear,gamma=8;p=2^-8;curve=P-256,-1,,not_applicable,not_applicable,unavailable,gc,go1.18.1,Release,JerryZ
2026-08-19T14:08:06.516165428Z,FMD,sender_signaling,message_encryption,sender,276,false,not_applicable,unclear,gamma=8;p=2^-8;curve=P-256,-1,,not_applicable,not_applicable,unavailable,gc,go1.18.1,Release,JerryZ
2026-08-19T14:08:06.518343331Z,FMD,sender_signaling,fmd_sender_total_signaling,sender,276,false,not_applicable,unclear,gamma=8;p=2^-8;curve=P-256,386389,270,measured,ok,unavailable,gc,go1.18.1,Release,JerryZ
2026-08-19T14:08:06.520151032Z,FMD,sender_signaling,fmd_flag_generation,sender,277,false,not_applicable,unclear,gamma=8;p=2^-8;curve=P-256,354567,270,measured,ok,unavailable,gc,go1.18.1,Release,JerryZ
2026-08-19T14:08:06.521830008Z,FMD,sender_signaling,fmd_sender_preparation,sender,277,false,not_applicable,unclear,gamma=8;p=2^-8;curve=P-256,-1,,not_applicable,not_applicable,unavailable,gc,go1.18.1,Release,JerryZ
2026-08-19T14:08:06.523090118Z,FMD,sender_signaling,message_encryption,sender,277,false,not_applicable,unclear,gamma=8;p=2^-8;curve=P-256,-1,,not_applicable,not_applicable,unavailable,gc,go1.18.1,Release,JerryZ
2026-08-19T14:08:06.525516359Z,FMD,sender_signaling,fmd_sender_total_signaling,sender,277,false,not_applicable,unclear,gamma=8;p=2^-8;curve=P-256,542292,269,measured,ok,unavailable,gc,go1.18.1,Release,JerryZ
2026-08-19T14:08:06.528219019Z,FMD,sender_signaling,fmd_flag_generation,sender,278,false,not_applicable,unclear,gamma=8;p=2^-8;curve=P-256,793083,269,measured,ok,unavailable,gc,go1.18.1,Release,JerryZ
2026-08-19T14:08:06.529378213Z,FMD,sender_signaling,fmd_sender_preparation,sender,278,false,not_applicable,unclear,gamma=8;p=2^-8;curve=P-256,-1,,not_applicable,not_applicable,unavailable,gc,go1.18.1,Release,JerryZ
2026-08-19T14:08:06.530845918Z,FMD,sender_signaling,message_encryption,sender,278,false,not_applicable,unclear,gamma=8;p=2^-8;curve=P-256,-1,,not_applicable,not_applicable,unavailable,gc,go1.18.1,Release,JerryZ
2026-08-19T14:08:06.532839521Z,FMD,sender_signaling,fmd_sender_total_signaling,sender,278,false,not_applicable,unclear,gamma=8;p=2^-8;curve=P-256,380741,270,measured,ok,unavailable,gc,go1.18.1,Release,JerryZ
2026-08-19T14:08:06.534654399Z,FMD,sender_signaling,fmd_flag_generation,sender,279,false,not_applicable,unclear,gamma=8;p=2^-8;curve=P-256,355844,269,measured,ok,unavailable,gc,go1.18.1,Release,JerryZ
2026-08-19T14:08:06.535768491Z,FMD,sender_signaling,fmd_sender_preparation,sender,279,false,not_applicable,unclear,gamma=8;p=2^-8;curve=P-256,-1,,not_applicable,not_applicable,unavailable,gc,go1.18.1,Release,JerryZ
2026-08-19T14:08:06.537125122Z,FMD,sender_signaling,message_encryption,sender,279,false,not_applicable,unclear,gamma=8;p=2^-8;curve=P-256,-1,,not_applicable,not_applicable,unavailable,gc,go1.18.1,Release,JerryZ
2026-08-19T14:08:06.538994216Z,FMD,sender_signaling,fmd_sender_total_signaling,sender,279,false,not_applicable,unclear,gamma=8;p=2^-8;curve=P-256,364935,269,measured,ok,unavailable,gc,go1.18.1,Release,JerryZ
2026-08-19T14:08:06.542141002Z,FMD,sender_signaling,fmd_flag_generation,sender,280,false,not_applicable,unclear,gamma=8;p=2^-8;curve=P-256,830708,268,measured,ok,unavailable,gc,go1.18.1,Release,JerryZ
2026-08-19T14:08:06.543598388Z,FMD,sender_signaling,fmd_sender_preparation,sender,280,false,not_applicable,unclear,gamma=8;p=2^-8;curve=P-256,-1,,not_applicable,not_applicable,unavailable,gc,go1.18.1,Release,JerryZ
2026-08-19T14:08:06.545029086Z,FMD,sender_signaling,message_encryption,sender,280,false,not_applicable,unclear,gamma=8;p=2^-8;curve=P-256,-1,,not_applicable,not_applicable,unavailable,gc,go1.18.1,Release,JerryZ
2026-08-19T14:08:06.547003969Z,FMD,sender_signaling,fmd_sender_total_signaling,sender,280,false,not_applicable,unclear,gamma=8;p=2^-8;curve=P-256,372246,270,measured,ok,unavailable,gc,go1.18.1,Release,JerryZ
2026-08-19T14:08:06.549111042Z,FMD,sender_signaling,fmd_flag_generation,sender,281,false,not_applicable,unclear,gamma=8;p=2^-8;curve=P-256,673143,269,measured,ok,unavailable,gc,go1.18.1,Release,JerryZ
2026-08-19T14:08:06.550673504Z,FMD,sender_signaling,fmd_sender_preparation,sender,281,false,not_applicable,unclear,gamma=8;p=2^-8;curve=P-256,-1,,not_applicable,not_applicable,unavailable,gc,go1.18.1,Release,JerryZ
2026-08-19T14:08:06.551904322Z,FMD,sender_signaling,message_encryption,sender,281,false,not_applicable,unclear,gamma=8;p=2^-8;curve=P-256,-1,,not_applicable,not_applicable,unavailable,gc,go1.18.1,Release,JerryZ
2026-08-19T14:08:06.553733357Z,FMD,sender_signaling,fmd_sender_total_signaling,sender,281,false,not_applicable,unclear,gamma=8;p=2^-8;curve=P-256,379657,270,measured,ok,unavailable,gc,go1.18.1,Release,JerryZ
2026-08-19T14:08:06.556451366Z,FMD,sender_signaling,fmd_flag_generation,sender,282,false,not_applicable,unclear,gamma=8;p=2^-8;curve=P-256,873330,267,measured,ok,unavailable,gc,go1.18.1,Release,JerryZ
2026-08-19T14:08:06.557961619Z,FMD,sender_signaling,fmd_sender_preparation,sender,282,false,not_applicable,unclear,gamma=8;p=2^-8;curve=P-256,-1,,not_applicable,not_applicable,unavailable,gc,go1.18.1,Release,JerryZ
2026-08-19T14:08:06.559164885Z,FMD,sender_signaling,message_encryption,sender,282,false,not_applicable,unclear,gamma=8;p=2^-8;curve=P-256,-1,,not_applicable,not_applicable,unavailable,gc,go1.18.1,Release,JerryZ
2026-08-19T14:08:06.561294307Z,FMD,sender_signaling,fmd_sender_total_signaling,sender,282,false,not_applicable,unclear,gamma=8;p=2^-8;curve=P-256,372953,271,measured,ok,unavailable,gc,go1.18.1,Release,JerryZ
2026-08-19T14:08:06.563261608Z,FMD,sender_signaling,fmd_flag_generation,sender,283,false,not_applicable,unclear,gamma=8;p=2^-8;curve=P-256,388317,267,measured,ok,unavailable,gc,go1.18.1,Release,JerryZ
2026-08-19T14:08:06.564261555Z,FMD,sender_signaling,fmd_sender_preparation,sender,283,false,not_applicable,unclear,gamma=8;p=2^-8;curve=P-256,-1,,not_applicable,not_applicable,unavailable,gc,go1.18.1,Release,JerryZ
2026-08-19T14:08:06.565339156Z,FMD,sender_signaling,message_encryption,sender,283,false,not_applicable,unclear,gamma=8;p=2^-8;curve=P-256,-1,,not_applicable,not_applicable,unavailable,gc,go1.18.1,Release,JerryZ
2026-08-19T14:08:06.567971793Z,FMD,sender_signaling,fmd_sender_total_signaling,sender,283,false,not_applicable,unclear,gamma=8;p=2^-8;curve=P-256,804480,269,measured,ok,unavailable,gc,go1.18.1,Release,JerryZ
2026-08-19T14:08:06.570326107Z,FMD,sender_signaling,fmd_flag_generation,sender,284,false,not_applicable,unclear,gamma=8;p=2^-8;curve=P-256,353410,269,measured,ok,unavailable,gc,go1.18.1,Release,JerryZ
2026-08-19T14:08:06.571566647Z,FMD,sender_signaling,fmd_sender_preparation,sender,284,false,not_applicable,unclear,gamma=8;p=2^-8;curve=P-256,-1,,not_applicable,not_applicable,unavailable,gc,go1.18.1,Release,JerryZ
2026-08-19T14:08:06.572813445Z,FMD,sender_signaling,message_encryption,sender,284,false,not_applicable,unclear,gamma=8;p=2^-8;curve=P-256,-1,,not_applicable,not_applicable,unavailable,gc,go1.18.1,Release,JerryZ
2026-08-19T14:08:06.574800207Z,FMD,sender_signaling,fmd_sender_total_signaling,sender,284,false,not_applicable,unclear,gamma=8;p=2^-8;curve=P-256,385452,269,measured,ok,unavailable,gc,go1.18.1,Release,JerryZ
2026-08-19T14:08:06.577074659Z,FMD,sender_signaling,fmd_flag_generation,sender,285,false,not_applicable,unclear,gamma=8;p=2^-8;curve=P-256,366212,269,measured,ok,unavailable,gc,go1.18.1,Release,JerryZ
2026-08-19T14:08:06.578158096Z,FMD,sender_signaling,fmd_sender_preparation,sender,285,false,not_applicable,unclear,gamma=8;p=2^-8;curve=P-256,-1,,not_applicable,not_applicable,unavailable,gc,go1.18.1,Release,JerryZ
2026-08-19T14:08:06.579398474Z,FMD,sender_signaling,message_encryption,sender,285,false,not_applicable,unclear,gamma=8;p=2^-8;curve=P-256,-1,,not_applicable,not_applicable,unavailable,gc,go1.18.1,Release,JerryZ
2026-08-19T14:08:06.581985863Z,FMD,sender_signaling,fmd_sender_total_signaling,sender,285,false,not_applicable,unclear,gamma=8;p=2^-8;curve=P-256,792220,269,measured,ok,unavailable,gc,go1.18.1,Release,JerryZ
2026-08-19T14:08:06.584223544Z,FMD,sender_signaling,fmd_flag_generation,sender,286,false,not_applicable,unclear,gamma=8;p=2^-8;curve=P-256,391128,270,measured,ok,unavailable,gc,go1.18.1,Release,JerryZ
2026-08-19T14:08:06.585558413Z,FMD,sender_signaling,fmd_sender_preparation,sender,286,false,not_applicable,unclear,gamma=8;p=2^-8;curve=P-256,-1,,not_applicable,not_applicable,unavailable,gc,go1.18.1,Release,JerryZ
2026-08-19T14:08:06.586974537Z,FMD,sender_signaling,message_encryption,sender,286,false,not_applicable,unclear,gamma=8;p=2^-8;curve=P-256,-1,,not_applicable,not_applicable,unavailable,gc,go1.18.1,Release,JerryZ
2026-08-19T14:08:06.588991931Z,FMD,sender_signaling,fmd_sender_total_signaling,sender,286,false,not_applicable,unclear,gamma=8;p=2^-8;curve=P-256,447865,270,measured,ok,unavailable,gc,go1.18.1,Release,JerryZ
2026-08-19T14:08:06.590971983Z,FMD,sender_signaling,fmd_flag_generation,sender,287,false,not_applicable,unclear,gamma=8;p=2^-8;curve=P-256,358039,270,measured,ok,unavailable,gc,go1.18.1,Release,JerryZ
2026-08-19T14:08:06.593591052Z,FMD,sender_signaling,fmd_sender_preparation,sender,287,false,not_applicable,unclear,gamma=8;p=2^-8;curve=P-256,-1,,not_applicable,not_applicable,unavailable,gc,go1.18.1,Release,JerryZ
2026-08-19T14:08:06.594914552Z,FMD,sender_signaling,message_encryption,sender,287,false,not_applicable,unclear,gamma=8;p=2^-8;curve=P-256,-1,,not_applicable,not_applicable,unavailable,gc,go1.18.1,Release,JerryZ
2026-08-19T14:08:06.596633836Z,FMD,sender_signaling,fmd_sender_total_signaling,sender,287,false,not_applicable,unclear,gamma=8;p=2^-8;curve=P-256,371364,269,measured,ok,unavailable,gc,go1.18.1,Release,JerryZ
2026-08-19T14:08:06.598904422Z,FMD,sender_signaling,fmd_flag_generation,sender,288,false,not_applicable,unclear,gamma=8;p=2^-8;curve=P-256,578275,269,measured,ok,unavailable,gc,go1.18.1,Release,JerryZ
2026-08-19T14:08:06.600038351Z,FMD,sender_signaling,fmd_sender_preparation,sender,288,false,not_applicable,unclear,gamma=8;p=2^-8;curve=P-256,-1,,not_applicable,not_applicable,unavailable,gc,go1.18.1,Release,JerryZ
2026-08-19T14:08:06.601401172Z,FMD,sender_signaling,message_encryption,sender,288,false,not_applicable,unclear,gamma=8;p=2^-8;curve=P-256,-1,,not_applicable,not_applicable,unavailable,gc,go1.18.1,Release,JerryZ
2026-08-19T14:08:06.603500742Z,FMD,sender_signaling,fmd_sender_total_signaling,sender,288,false,not_applicable,unclear,gamma=8;p=2^-8;curve=P-256,414032,269,measured,ok,unavailable,gc,go1.18.1,Release,JerryZ
2026-08-19T14:08:06.605711114Z,FMD,sender_signaling,fmd_flag_generation,sender,289,false,not_applicable,unclear,gamma=8;p=2^-8;curve=P-256,377700,269,measured,ok,unavailable,gc,go1.18.1,Release,JerryZ
2026-08-19T14:08:06.60679496Z,FMD,sender_signaling,fmd_sender_preparation,sender,289,false,not_applicable,unclear,gamma=8;p=2^-8;curve=P-256,-1,,not_applicable,not_applicable,unavailable,gc,go1.18.1,Release,JerryZ
2026-08-19T14:08:06.608065148Z,FMD,sender_signaling,message_encryption,sender,289,false,not_applicable,unclear,gamma=8;p=2^-8;curve=P-256,-1,,not_applicable,not_applicable,unavailable,gc,go1.18.1,Release,JerryZ
2026-08-19T14:08:06.609841298Z,FMD,sender_signaling,fmd_sender_total_signaling,sender,289,false,not_applicable,unclear,gamma=8;p=2^-8;curve=P-256,363732,269,measured,ok,unavailable,gc,go1.18.1,Release,JerryZ
2026-08-19T14:08:06.611688577Z,FMD,sender_signaling,fmd_flag_generation,sender,290,false,not_applicable,unclear,gamma=8;p=2^-8;curve=P-256,359443,269,measured,ok,unavailable,gc,go1.18.1,Release,JerryZ
2026-08-19T14:08:06.613268171Z,FMD,sender_signaling,fmd_sender_preparation,sender,290,false,not_applicable,unclear,gamma=8;p=2^-8;curve=P-256,-1,,not_applicable,not_applicable,unavailable,gc,go1.18.1,Release,JerryZ
2026-08-19T14:08:06.614438785Z,FMD,sender_signaling,message_encryption,sender,290,false,not_applicable,unclear,gamma=8;p=2^-8;curve=P-256,-1,,not_applicable,not_applicable,unavailable,gc,go1.18.1,Release,JerryZ
2026-08-19T14:08:06.617091495Z,FMD,sender_signaling,fmd_sender_total_signaling,sender,290,false,not_applicable,unclear,gamma=8;p=2^-8;curve=P-256,406152,269,measured,ok,unavailable,gc,go1.18.1,Release,JerryZ
2026-08-19T14:08:06.619618647Z,FMD,sender_signaling,fmd_flag_generation,sender,291,false,not_applicable,unclear,gamma=8;p=2^-8;curve=P-256,491856,267,measured,ok,unavailable,gc,go1.18.1,Release,JerryZ
2026-08-19T14:08:06.62092946Z,FMD,sender_signaling,fmd_sender_preparation,sender,291,false,not_applicable,unclear,gamma=8;p=2^-8;curve=P-256,-1,,not_applicable,not_applicable,unavailable,gc,go1.18.1,Release,JerryZ
2026-08-19T14:08:06.622180905Z,FMD,sender_signaling,message_encryption,sender,291,false,not_applicable,unclear,gamma=8;p=2^-8;curve=P-256,-1,,not_applicable,not_applicable,unavailable,gc,go1.18.1,Release,JerryZ
2026-08-19T14:08:06.624478822Z,FMD,sender_signaling,fmd_sender_total_signaling,sender,291,false,not_applicable,unclear,gamma=8;p=2^-8;curve=P-256,375295,270,measured,ok,unavailable,gc,go1.18.1,Release,JerryZ
2026-08-19T14:08:06.626272458Z,FMD,sender_signaling,fmd_flag_generation,sender,292,false,not_applicable,unclear,gamma=8;p=2^-8;curve=P-256,354365,268,measured,ok,unavailable,gc,go1.18.1,Release,JerryZ
2026-08-19T14:08:06.627481685Z,FMD,sender_signaling,fmd_sender_preparation,sender,292,false,not_applicable,unclear,gamma=8;p=2^-8;curve=P-256,-1,,not_applicable,not_applicable,unavailable,gc,go1.18.1,Release,JerryZ
2026-08-19T14:08:06.628724786Z,FMD,sender_signaling,message_encryption,sender,292,false,not_applicable,unclear,gamma=8;p=2^-8;curve=P-256,-1,,not_applicable,not_applicable,unavailable,gc,go1.18.1,Release,JerryZ
2026-08-19T14:08:06.631301921Z,FMD,sender_signaling,fmd_sender_total_signaling,sender,292,false,not_applicable,unclear,gamma=8;p=2^-8;curve=P-256,758745,270,measured,ok,unavailable,gc,go1.18.1,Release,JerryZ
2026-08-19T14:08:06.634362738Z,FMD,sender_signaling,fmd_flag_generation,sender,293,false,not_applicable,unclear,gamma=8;p=2^-8;curve=P-256,791398,268,measured,ok,unavailable,gc,go1.18.1,Release,JerryZ
2026-08-19T14:08:06.635572108Z,FMD,sender_signaling,fmd_sender_preparation,sender,293,false,not_applicable,unclear,gamma=8;p=2^-8;curve=P-256,-1,,not_applicable,not_applicable,unavailable,gc,go1.18.1,Release,JerryZ
2026-08-19T14:08:06.636884243Z,FMD,sender_signaling,message_encryption,sender,293,false,not_applicable,unclear,gamma=8;p=2^-8;curve=P-256,-1,,not_applicable,not_applicable,unavailable,gc,go1.18.1,Release,JerryZ
2026-08-19T14:08:06.638753989Z,FMD,sender_signaling,fmd_sender_total_signaling,sender,293,false,not_applicable,unclear,gamma=8;p=2^-8;curve=P-256,368793,268,measured,ok,unavailable,gc,go1.18.1,Release,JerryZ
2026-08-19T14:08:06.640929321Z,FMD,sender_signaling,fmd_flag_generation,sender,294,false,not_applicable,unclear,gamma=8;p=2^-8;curve=P-256,361115,269,measured,ok,unavailable,gc,go1.18.1,Release,JerryZ
2026-08-19T14:08:06.642061211Z,FMD,sender_signaling,fmd_sender_preparation,sender,294,false,not_applicable,unclear,gamma=8;p=2^-8;curve=P-256,-1,,not_applicable,not_applicable,unavailable,gc,go1.18.1,Release,JerryZ
2026-08-19T14:08:06.643261328Z,FMD,sender_signaling,message_encryption,sender,294,false,not_applicable,unclear,gamma=8;p=2^-8;curve=P-256,-1,,not_applicable,not_applicable,unavailable,gc,go1.18.1,Release,JerryZ
2026-08-19T14:08:06.645106838Z,FMD,sender_signaling,fmd_sender_total_signaling,sender,294,false,not_applicable,unclear,gamma=8;p=2^-8;curve=P-256,391485,269,measured,ok,unavailable,gc,go1.18.1,Release,JerryZ
2026-08-19T14:08:06.646932112Z,FMD,sender_signaling,fmd_flag_generation,sender,295,false,not_applicable,unclear,gamma=8;p=2^-8;curve=P-256,363227,269,measured,ok,unavailable,gc,go1.18.1,Release,JerryZ
2026-08-19T14:08:06.652995213Z,FMD,sender_signaling,fmd_sender_preparation,sender,295,false,not_applicable,unclear,gamma=8;p=2^-8;curve=P-256,-1,,not_applicable,not_applicable,unavailable,gc,go1.18.1,Release,JerryZ
2026-08-19T14:08:06.654128187Z,FMD,sender_signaling,message_encryption,sender,295,false,not_applicable,unclear,gamma=8;p=2^-8;curve=P-256,-1,,not_applicable,not_applicable,unavailable,gc,go1.18.1,Release,JerryZ
2026-08-19T14:08:06.656020953Z,FMD,sender_signaling,fmd_sender_total_signaling,sender,295,false,not_applicable,unclear,gamma=8;p=2^-8;curve=P-256,373081,270,measured,ok,unavailable,gc,go1.18.1,Release,JerryZ
2026-08-19T14:08:06.658295102Z,FMD,sender_signaling,fmd_flag_generation,sender,296,false,not_applicable,unclear,gamma=8;p=2^-8;curve=P-256,355311,269,measured,ok,unavailable,gc,go1.18.1,Release,JerryZ
2026-08-19T14:08:06.660061499Z,FMD,sender_signaling,fmd_sender_preparation,sender,296,false,not_applicable,unclear,gamma=8;p=2^-8;curve=P-256,-1,,not_applicable,not_applicable,unavailable,gc,go1.18.1,Release,JerryZ
2026-08-19T14:08:06.661148581Z,FMD,sender_signaling,message_encryption,sender,296,false,not_applicable,unclear,gamma=8;p=2^-8;curve=P-256,-1,,not_applicable,not_applicable,unavailable,gc,go1.18.1,Release,JerryZ
2026-08-19T14:08:06.663501197Z,FMD,sender_signaling,fmd_sender_total_signaling,sender,296,false,not_applicable,unclear,gamma=8;p=2^-8;curve=P-256,787701,268,measured,ok,unavailable,gc,go1.18.1,Release,JerryZ
2026-08-19T14:08:06.665992318Z,FMD,sender_signaling,fmd_flag_generation,sender,297,false,not_applicable,unclear,gamma=8;p=2^-8;curve=P-256,373587,270,measured,ok,unavailable,gc,go1.18.1,Release,JerryZ
2026-08-19T14:08:06.667417396Z,FMD,sender_signaling,fmd_sender_preparation,sender,297,false,not_applicable,unclear,gamma=8;p=2^-8;curve=P-256,-1,,not_applicable,not_applicable,unavailable,gc,go1.18.1,Release,JerryZ
2026-08-19T14:08:06.668433948Z,FMD,sender_signaling,message_encryption,sender,297,false,not_applicable,unclear,gamma=8;p=2^-8;curve=P-256,-1,,not_applicable,not_applicable,unavailable,gc,go1.18.1,Release,JerryZ
2026-08-19T14:08:06.670780639Z,FMD,sender_signaling,fmd_sender_total_signaling,sender,297,false,not_applicable,unclear,gamma=8;p=2^-8;curve=P-256,550539,270,measured,ok,unavailable,gc,go1.18.1,Release,JerryZ
2026-08-19T14:08:06.672917574Z,FMD,sender_signaling,fmd_flag_generation,sender,298,false,not_applicable,unclear,gamma=8;p=2^-8;curve=P-256,351343,269,measured,ok,unavailable,gc,go1.18.1,Release,JerryZ
2026-08-19T14:08:06.674582522Z,FMD,sender_signaling,fmd_sender_preparation,sender,298,false,not_applicable,unclear,gamma=8;p=2^-8;curve=P-256,-1,,not_applicable,not_applicable,unavailable,gc,go1.18.1,Release,JerryZ
2026-08-19T14:08:06.675826955Z,FMD,sender_signaling,message_encryption,sender,298,false,not_applicable,unclear,gamma=8;p=2^-8;curve=P-256,-1,,not_applicable,not_applicable,unavailable,gc,go1.18.1,Release,JerryZ
2026-08-19T14:08:06.677996207Z,FMD,sender_signaling,fmd_sender_total_signaling,sender,298,false,not_applicable,unclear,gamma=8;p=2^-8;curve=P-256,522355,269,measured,ok,unavailable,gc,go1.18.1,Release,JerryZ
2026-08-19T14:08:06.680357877Z,FMD,sender_signaling,fmd_flag_generation,sender,299,false,not_applicable,unclear,gamma=8;p=2^-8;curve=P-256,414932,270,measured,ok,unavailable,gc,go1.18.1,Release,JerryZ
2026-08-19T14:08:06.681746803Z,FMD,sender_signaling,fmd_sender_preparation,sender,299,false,not_applicable,unclear,gamma=8;p=2^-8;curve=P-256,-1,,not_applicable,not_applicable,unavailable,gc,go1.18.1,Release,JerryZ
2026-08-19T14:08:06.682929318Z,FMD,sender_signaling,message_encryption,sender,299,false,not_applicable,unclear,gamma=8;p=2^-8;curve=P-256,-1,,not_applicable,not_applicable,unavailable,gc,go1.18.1,Release,JerryZ
2026-08-19T14:08:06.684767858Z,FMD,sender_signaling,fmd_sender_total_signaling,sender,299,false,not_applicable,unclear,gamma=8;p=2^-8;curve=P-256,376700,269,measured,ok,unavailable,gc,go1.18.1,Release,JerryZ
2026-08-19T14:08:06.687005943Z,FMD,sender_signaling,fmd_flag_generation,sender,300,false,not_applicable,unclear,gamma=8;p=2^-8;curve=P-256,362658,270,measured,ok,unavailable,gc,go1.18.1,Release,JerryZ
2026-08-19T14:08:06.688022549Z,FMD,sender_signaling,fmd_sender_preparation,sender,300,false,not_applicable,unclear,gamma=8;p=2^-8;curve=P-256,-1,,not_applicable,not_applicable,unavailable,gc,go1.18.1,Release,JerryZ
2026-08-19T14:08:06.689166135Z,FMD,sender_signaling,message_encryption,sender,300,false,not_applicable,unclear,gamma=8;p=2^-8;curve=P-256,-1,,not_applicable,not_applicable,unavailable,gc,go1.18.1,Release,JerryZ
2026-08-19T14:08:06.691110036Z,FMD,sender_signaling,fmd_sender_total_signaling,sender,300,false,not_applicable,unclear,gamma=8;p=2^-8;curve=P-256,381687,270,measured,ok,unavailable,gc,go1.18.1,Release,JerryZ
2026-08-19T14:08:06.693832045Z,FMD,sender_signaling,fmd_flag_generation,sender,301,false,not_applicable,unclear,gamma=8;p=2^-8;curve=P-256,818283,270,measured,ok,unavailable,gc,go1.18.1,Release,JerryZ
2026-08-19T14:08:06.695392771Z,FMD,sender_signaling,fmd_sender_preparation,sender,301,false,not_applicable,unclear,gamma=8;p=2^-8;curve=P-256,-1,,not_applicable,not_applicable,unavailable,gc,go1.18.1,Release,JerryZ
2026-08-19T14:08:06.69687663Z,FMD,sender_signaling,message_encryption,sender,301,false,not_applicable,unclear,gamma=8;p=2^-8;curve=P-256,-1,,not_applicable,not_applicable,unavailable,gc,go1.18.1,Release,JerryZ
2026-08-19T14:08:06.699527276Z,FMD,sender_signaling,fmd_sender_total_signaling,sender,301,false,not_applicable,unclear,gamma=8;p=2^-8;curve=P-256,812589,271,measured,ok,unavailable,gc,go1.18.1,Release,JerryZ
2026-08-19T14:08:06.701535638Z,FMD,sender_signaling,fmd_flag_generation,sender,302,false,not_applicable,unclear,gamma=8;p=2^-8;curve=P-256,360325,269,measured,ok,unavailable,gc,go1.18.1,Release,JerryZ
2026-08-19T14:08:06.702533455Z,FMD,sender_signaling,fmd_sender_preparation,sender,302,false,not_applicable,unclear,gamma=8;p=2^-8;curve=P-256,-1,,not_applicable,not_applicable,unavailable,gc,go1.18.1,Release,JerryZ
2026-08-19T14:08:06.703776211Z,FMD,sender_signaling,message_encryption,sender,302,false,not_applicable,unclear,gamma=8;p=2^-8;curve=P-256,-1,,not_applicable,not_applicable,unavailable,gc,go1.18.1,Release,JerryZ
2026-08-19T14:08:06.706036415Z,FMD,sender_signaling,fmd_sender_total_signaling,sender,302,false,not_applicable,unclear,gamma=8;p=2^-8;curve=P-256,413472,270,measured,ok,unavailable,gc,go1.18.1,Release,JerryZ
2026-08-19T14:08:06.70849092Z,FMD,sender_signaling,fmd_flag_generation,sender,303,false,not_applicable,unclear,gamma=8;p=2^-8;curve=P-256,855376,269,measured,ok,unavailable,gc,go1.18.1,Release,JerryZ
2026-08-19T14:08:06.709888305Z,FMD,sender_signaling,fmd_sender_preparation,sender,303,false,not_applicable,unclear,gamma=8;p=2^-8;curve=P-256,-1,,not_applicable,not_applicable,unavailable,gc,go1.18.1,Release,JerryZ
2026-08-19T14:08:06.711174979Z,FMD,sender_signaling,message_encryption,sender,303,false,not_applicable,unclear,gamma=8;p=2^-8;curve=P-256,-1,,not_applicable,not_applicable,unavailable,gc,go1.18.1,Release,JerryZ
2026-08-19T14:08:06.713713804Z,FMD,sender_signaling,fmd_sender_total_signaling,sender,303,false,not_applicable,unclear,gamma=8;p=2^-8;curve=P-256,368673,270,measured,ok,unavailable,gc,go1.18.1,Release,JerryZ
2026-08-19T14:08:06.715892644Z,FMD,sender_signaling,fmd_flag_generation,sender,304,false,not_applicable,unclear,gamma=8;p=2^-8;curve=P-256,401450,271,measured,ok,unavailable,gc,go1.18.1,Release,JerryZ
2026-08-19T14:08:06.717180084Z,FMD,sender_signaling,fmd_sender_preparation,sender,304,false,not_applicable,unclear,gamma=8;p=2^-8;curve=P-256,-1,,not_applicable,not_applicable,unavailable,gc,go1.18.1,Release,JerryZ
2026-08-19T14:08:06.718223682Z,FMD,sender_signaling,message_encryption,sender,304,false,not_applicable,unclear,gamma=8;p=2^-8;curve=P-256,-1,,not_applicable,not_applicable,unavailable,gc,go1.18.1,Release,JerryZ
2026-08-19T14:08:06.720838865Z,FMD,sender_signaling,fmd_sender_total_signaling,sender,304,false,not_applicable,unclear,gamma=8;p=2^-8;curve=P-256,621291,271,measured,ok,unavailable,gc,go1.18.1,Release,JerryZ
2026-08-19T14:08:06.72301731Z,FMD,sender_signaling,fmd_flag_generation,sender,305,false,not_applicable,unclear,gamma=8;p=2^-8;curve=P-256,362704,268,measured,ok,unavailable,gc,go1.18.1,Release,JerryZ
2026-08-19T14:08:06.724323949Z,FMD,sender_signaling,fmd_sender_preparation,sender,305,false,not_applicable,unclear,gamma=8;p=2^-8;curve=P-256,-1,,not_applicable,not_applicable,unavailable,gc,go1.18.1,Release,JerryZ
2026-08-19T14:08:06.726098902Z,FMD,sender_signaling,message_encryption,sender,305,false,not_applicable,unclear,gamma=8;p=2^-8;curve=P-256,-1,,not_applicable,not_applicable,unavailable,gc,go1.18.1,Release,JerryZ
2026-08-19T14:08:06.728384768Z,FMD,sender_signaling,fmd_sender_total_signaling,sender,305,false,not_applicable,unclear,gamma=8;p=2^-8;curve=P-256,409385,270,measured,ok,unavailable,gc,go1.18.1,Release,JerryZ
2026-08-19T14:08:06.730280023Z,FMD,sender_signaling,fmd_flag_generation,sender,306,false,not_applicable,unclear,gamma=8;p=2^-8;curve=P-256,366303,269,measured,ok,unavailable,gc,go1.18.1,Release,JerryZ
2026-08-19T14:08:06.731549399Z,FMD,sender_signaling,fmd_sender_preparation,sender,306,false,not_applicable,unclear,gamma=8;p=2^-8;curve=P-256,-1,,not_applicable,not_applicable,unavailable,gc,go1.18.1,Release,JerryZ
2026-08-19T14:08:06.732886105Z,FMD,sender_signaling,message_encryption,sender,306,false,not_applicable,unclear,gamma=8;p=2^-8;curve=P-256,-1,,not_applicable,not_applicable,unavailable,gc,go1.18.1,Release,JerryZ
2026-08-19T14:08:06.734775904Z,FMD,sender_signaling,fmd_sender_total_signaling,sender,306,false,not_applicable,unclear,gamma=8;p=2^-8;curve=P-256,373476,269,measured,ok,unavailable,gc,go1.18.1,Release,JerryZ
2026-08-19T14:08:06.737338084Z,FMD,sender_signaling,fmd_flag_generation,sender,307,false,not_applicable,unclear,gamma=8;p=2^-8;curve=P-256,402286,269,measured,ok,unavailable,gc,go1.18.1,Release,JerryZ
2026-08-19T14:08:06.738622544Z,FMD,sender_signaling,fmd_sender_preparation,sender,307,false,not_applicable,unclear,gamma=8;p=2^-8;curve=P-256,-1,,not_applicable,not_applicable,unavailable,gc,go1.18.1,Release,JerryZ
2026-08-19T14:08:06.740468096Z,FMD,sender_signaling,message_encryption,sender,307,false,not_applicable,unclear,gamma=8;p=2^-8;curve=P-256,-1,,not_applicable,not_applicable,unavailable,gc,go1.18.1,Release,JerryZ
2026-08-19T14:08:06.742756774Z,FMD,sender_signaling,fmd_sender_total_signaling,sender,307,false,not_applicable,unclear,gamma=8;p=2^-8;curve=P-256,393827,270,measured,ok,unavailable,gc,go1.18.1,Release,JerryZ
2026-08-19T14:08:06.745070009Z,FMD,sender_signaling,fmd_flag_generation,sender,308,false,not_applicable,unclear,gamma=8;p=2^-8;curve=P-256,371584,269,measured,ok,unavailable,gc,go1.18.1,Release,JerryZ
2026-08-19T14:08:06.746330839Z,FMD,sender_signaling,fmd_sender_preparation,sender,308,false,not_applicable,unclear,gamma=8;p=2^-8;curve=P-256,-1,,not_applicable,not_applicable,unavailable,gc,go1.18.1,Release,JerryZ
2026-08-19T14:08:06.747421568Z,FMD,sender_signaling,message_encryption,sender,308,false,not_applicable,unclear,gamma=8;p=2^-8;curve=P-256,-1,,not_applicable,not_applicable,unavailable,gc,go1.18.1,Release,JerryZ
2026-08-19T14:08:06.74996099Z,FMD,sender_signaling,fmd_sender_total_signaling,sender,308,false,not_applicable,unclear,gamma=8;p=2^-8;curve=P-256,565693,270,measured,ok,unavailable,gc,go1.18.1,Release,JerryZ
2026-08-19T14:08:06.752314478Z,FMD,sender_signaling,fmd_flag_generation,sender,309,false,not_applicable,unclear,gamma=8;p=2^-8;curve=P-256,385222,267,measured,ok,unavailable,gc,go1.18.1,Release,JerryZ
2026-08-19T14:08:06.753587596Z,FMD,sender_signaling,fmd_sender_preparation,sender,309,false,not_applicable,unclear,gamma=8;p=2^-8;curve=P-256,-1,,not_applicable,not_applicable,unavailable,gc,go1.18.1,Release,JerryZ
2026-08-19T14:08:06.754972265Z,FMD,sender_signaling,message_encryption,sender,309,false,not_applicable,unclear,gamma=8;p=2^-8;curve=P-256,-1,,not_applicable,not_applicable,unavailable,gc,go1.18.1,Release,JerryZ
2026-08-19T14:08:06.758379247Z,FMD,sender_signaling,fmd_sender_total_signaling,sender,309,false,not_applicable,unclear,gamma=8;p=2^-8;curve=P-256,832160,269,measured,ok,unavailable,gc,go1.18.1,Release,JerryZ
2026-08-19T14:08:06.760597357Z,FMD,sender_signaling,fmd_flag_generation,sender,310,false,not_applicable,unclear,gamma=8;p=2^-8;curve=P-256,374101,269,measured,ok,unavailable,gc,go1.18.1,Release,JerryZ
2026-08-19T14:08:06.761718769Z,FMD,sender_signaling,fmd_sender_preparation,sender,310,false,not_applicable,unclear,gamma=8;p=2^-8;curve=P-256,-1,,not_applicable,not_applicable,unavailable,gc,go1.18.1,Release,JerryZ
2026-08-19T14:08:06.763175158Z,FMD,sender_signaling,message_encryption,sender,310,false,not_applicable,unclear,gamma=8;p=2^-8;curve=P-256,-1,,not_applicable,not_applicable,unavailable,gc,go1.18.1,Release,JerryZ
2026-08-19T14:08:06.765017771Z,FMD,sender_signaling,fmd_sender_total_signaling,sender,310,false,not_applicable,unclear,gamma=8;p=2^-8;curve=P-256,358846,269,measured,ok,unavailable,gc,go1.18.1,Release,JerryZ
2026-08-19T14:08:06.7671636Z,FMD,sender_signaling,fmd_flag_generation,sender,311,false,not_applicable,unclear,gamma=8;p=2^-8;curve=P-256,380630,270,measured,ok,unavailable,gc,go1.18.1,Release,JerryZ
2026-08-19T14:08:06.768565856Z,FMD,sender_signaling,fmd_sender_preparation,sender,311,false,not_applicable,unclear,gamma=8;p=2^-8;curve=P-256,-1,,not_applicable,not_applicable,unavailable,gc,go1.18.1,Release,JerryZ
2026-08-19T14:08:06.76992724Z,FMD,sender_signaling,message_encryption,sender,311,false,not_applicable,unclear,gamma=8;p=2^-8;curve=P-256,-1,,not_applicable,not_applicable,unavailable,gc,go1.18.1,Release,JerryZ
2026-08-19T14:08:06.772043694Z,FMD,sender_signaling,fmd_sender_total_signaling,sender,311,false,not_applicable,unclear,gamma=8;p=2^-8;curve=P-256,404251,268,measured,ok,unavailable,gc,go1.18.1,Release,JerryZ
2026-08-19T14:08:06.774375536Z,FMD,sender_signaling,fmd_flag_generation,sender,312,false,not_applicable,unclear,gamma=8;p=2^-8;curve=P-256,810734,269,measured,ok,unavailable,gc,go1.18.1,Release,JerryZ
2026-08-19T14:08:06.775877357Z,FMD,sender_signaling,fmd_sender_preparation,sender,312,false,not_applicable,unclear,gamma=8;p=2^-8;curve=P-256,-1,,not_applicable,not_applicable,unavailable,gc,go1.18.1,Release,JerryZ
2026-08-19T14:08:06.777032202Z,FMD,sender_signaling,message_encryption,sender,312,false,not_applicable,unclear,gamma=8;p=2^-8;curve=P-256,-1,,not_applicable,not_applicable,unavailable,gc,go1.18.1,Release,JerryZ
2026-08-19T14:08:06.77975052Z,FMD,sender_signaling,fmd_sender_total_signaling,sender,312,false,not_applicable,unclear,gamma=8;p=2^-8;curve=P-256,865451,269,measured,ok,unavailable,gc,go1.18.1,Release,JerryZ
2026-08-19T14:08:06.781585758Z,FMD,sender_signaling,fmd_flag_generation,sender,313,false,not_applicable,unclear,gamma=8;p=2^-8;curve=P-256,359443,269,measured,ok,unavailable,gc,go1.18.1,Release,JerryZ
2026-08-19T14:08:06.783054628Z,FMD,sender_signaling,fmd_sender_preparation,sender,313,false,not_applicable,unclear,gamma=8;p=2^-8;curve=P-256,-1,,not_applicable,not_applicable,unavailable,gc,go1.18.1,Release,JerryZ
2026-08-19T14:08:06.784043987Z,FMD,sender_signaling,message_encryption,sender,313,false,not_applicable,unclear,gamma=8;p=2^-8;curve=P-256,-1,,not_applicable,not_applicable,unavailable,gc,go1.18.1,Release,JerryZ
2026-08-19T14:08:06.78662806Z,FMD,sender_signaling,fmd_sender_total_signaling,sender,313,false,not_applicable,unclear,gamma=8;p=2^-8;curve=P-256,812993,269,measured,ok,unavailable,gc,go1.18.1,Release,JerryZ
2026-08-19T14:08:06.789005417Z,FMD,sender_signaling,fmd_flag_generation,sender,314,false,not_applicable,unclear,gamma=8;p=2^-8;curve=P-256,383698,268,measured,ok,unavailable,gc,go1.18.1,Release,JerryZ
2026-08-19T14:08:06.790286001Z,FMD,sender_signaling,fmd_sender_preparation,sender,314,false,not_applicable,unclear,gamma=8;p=2^-8;curve=P-256,-1,,not_applicable,not_applicable,unavailable,gc,go1.18.1,Release,JerryZ
2026-08-19T14:08:06.791424187Z,FMD,sender_signaling,message_encryption,sender,314,false,not_applicable,unclear,gamma=8;p=2^-8;curve=P-256,-1,,not_applicable,not_applicable,unavailable,gc,go1.18.1,Release,JerryZ
2026-08-19T14:08:06.793824673Z,FMD,sender_signaling,fmd_sender_total_signaling,sender,314,false,not_applicable,unclear,gamma=8;p=2^-8;curve=P-256,443833,270,measured,ok,unavailable,gc,go1.18.1,Release,JerryZ
2026-08-19T14:08:06.797248611Z,FMD,sender_signaling,fmd_flag_generation,sender,315,false,not_applicable,unclear,gamma=8;p=2^-8;curve=P-256,815252,270,measured,ok,unavailable,gc,go1.18.1,Release,JerryZ
2026-08-19T14:08:06.798797688Z,FMD,sender_signaling,fmd_sender_preparation,sender,315,false,not_applicable,unclear,gamma=8;p=2^-8;curve=P-256,-1,,not_applicable,not_applicable,unavailable,gc,go1.18.1,Release,JerryZ
2026-08-19T14:08:06.799904006Z,FMD,sender_signaling,message_encryption,sender,315,false,not_applicable,unclear,gamma=8;p=2^-8;curve=P-256,-1,,not_applicable,not_applicable,unavailable,gc,go1.18.1,Release,JerryZ
2026-08-19T14:08:06.801683188Z,FMD,sender_signaling,fmd_sender_total_signaling,sender,315,false,not_applicable,unclear,gamma=8;p=2^-8;curve=P-256,367792,268,measured,ok,unavailable,gc,go1.18.1,Release,JerryZ
2026-08-19T14:08:06.803937124Z,FMD,sender_signaling,fmd_flag_generation,sender,316,false,not_applicable,unclear,gamma=8;p=2^-8;curve=P-256,381429,269,measured,ok,unavailable,gc,go1.18.1,Release,JerryZ
2026-08-19T14:08:06.804954419Z,FMD,sender_signaling,fmd_sender_preparation,sender,316,false,not_applicable,unclear,gamma=8;p=2^-8;curve=P-256,-1,,not_applicable,not_applicable,unavailable,gc,go1.18.1,Release,JerryZ
2026-08-19T14:08:06.806374395Z,FMD,sender_signaling,message_encryption,sender,316,false,not_applicable,unclear,gamma=8;p=2^-8;curve=P-256,-1,,not_applicable,not_applicable,unavailable,gc,go1.18.1,Release,JerryZ
2026-08-19T14:08:06.808482447Z,FMD,sender_signaling,fmd_sender_total_signaling,sender,316,false,not_applicable,unclear,gamma=8;p=2^-8;curve=P-256,377040,269,measured,ok,unavailable,gc,go1.18.1,Release,JerryZ
2026-08-19T14:08:06.8103745Z,FMD,sender_signaling,fmd_flag_generation,sender,317,false,not_applicable,unclear,gamma=8;p=2^-8;curve=P-256,369830,270,measured,ok,unavailable,gc,go1.18.1,Release,JerryZ
2026-08-19T14:08:06.811731073Z,FMD,sender_signaling,fmd_sender_preparation,sender,317,false,not_applicable,unclear,gamma=8;p=2^-8;curve=P-256,-1,,not_applicable,not_applicable,unavailable,gc,go1.18.1,Release,JerryZ
2026-08-19T14:08:06.813066557Z,FMD,sender_signaling,message_encryption,sender,317,false,not_applicable,unclear,gamma=8;p=2^-8;curve=P-256,-1,,not_applicable,not_applicable,unavailable,gc,go1.18.1,Release,JerryZ
2026-08-19T14:08:06.816227018Z,FMD,sender_signaling,fmd_sender_total_signaling,sender,317,false,not_applicable,unclear,gamma=8;p=2^-8;curve=P-256,905703,269,measured,ok,unavailable,gc,go1.18.1,Release,JerryZ
2026-08-19T14:08:06.818498715Z,FMD,sender_signaling,fmd_flag_generation,sender,318,false,not_applicable,unclear,gamma=8;p=2^-8;curve=P-256,441638,269,measured,ok,unavailable,gc,go1.18.1,Release,JerryZ
2026-08-19T14:08:06.819644169Z,FMD,sender_signaling,fmd_sender_preparation,sender,318,false,not_applicable,unclear,gamma=8;p=2^-8;curve=P-256,-1,,not_applicable,not_applicable,unavailable,gc,go1.18.1,Release,JerryZ
2026-08-19T14:08:06.820706084Z,FMD,sender_signaling,message_encryption,sender,318,false,not_applicable,unclear,gamma=8;p=2^-8;curve=P-256,-1,,not_applicable,not_applicable,unavailable,gc,go1.18.1,Release,JerryZ
2026-08-19T14:08:06.823788428Z,FMD,sender_signaling,fmd_sender_total_signaling,sender,318,false,not_applicable,unclear,gamma=8;p=2^-8;curve=P-256,918157,269,measured,ok,unavailable,gc,go1.18.1,Release,JerryZ
2026-08-19T14:08:06.82572308Z,FMD,sender_signaling,fmd_flag_generation,sender,319,false,not_applicable,unclear,gamma=8;p=2^-8;curve=P-256,359031,269,measured,ok,unavailable,gc,go1.18.1,Release,JerryZ
2026-08-19T14:08:06.826962931Z,FMD,sender_signaling,fmd_sender_preparation,sender,319,false,not_applicable,unclear,gamma=8;p=2^-8;curve=P-256,-1,,not_applicable,not_applicable,unavailable,gc,go1.18.1,Release,JerryZ
2026-08-19T14:08:06.828116683Z,FMD,sender_signaling,message_encryption,sender,319,false,not_applicable,unclear,gamma=8;p=2^-8;curve=P-256,-1,,not_applicable,not_applicable,unavailable,gc,go1.18.1,Release,JerryZ
2026-08-19T14:08:06.830370242Z,FMD,sender_signaling,fmd_sender_total_signaling,sender,319,false,not_applicable,unclear,gamma=8;p=2^-8;curve=P-256,370666,270,measured,ok,unavailable,gc,go1.18.1,Release,JerryZ
2026-08-19T14:08:06.83284045Z,FMD,sender_signaling,fmd_flag_generation,sender,320,false,not_applicable,unclear,gamma=8;p=2^-8;curve=P-256,804222,268,measured,ok,unavailable,gc,go1.18.1,Release,JerryZ
2026-08-19T14:08:06.833871884Z,FMD,sender_signaling,fmd_sender_preparation,sender,320,false,not_applicable,unclear,gamma=8;p=2^-8;curve=P-256,-1,,not_applicable,not_applicable,unavailable,gc,go1.18.1,Release,JerryZ
2026-08-19T14:08:06.83515392Z,FMD,sender_signaling,message_encryption,sender,320,false,not_applicable,unclear,gamma=8;p=2^-8;curve=P-256,-1,,not_applicable,not_applicable,unavailable,gc,go1.18.1,Release,JerryZ
2026-08-19T14:08:06.837318617Z,FMD,sender_signaling,fmd_sender_total_signaling,sender,320,false,not_applicable,unclear,gamma=8;p=2^-8;curve=P-256,656538,270,measured,ok,unavailable,gc,go1.18.1,Release,JerryZ
2026-08-19T14:08:06.839210969Z,FMD,sender_signaling,fmd_flag_generation,sender,321,false,not_applicable,unclear,gamma=8;p=2^-8;curve=P-256,358461,270,measured,ok,unavailable,gc,go1.18.1,Release,JerryZ
2026-08-19T14:08:06.840278201Z,FMD,sender_signaling,fmd_sender_preparation,sender,321,false,not_applicable,unclear,gamma=8;p=2^-8;curve=P-256,-1,,not_applicable,not_applicable,unavailable,gc,go1.18.1,Release,JerryZ
2026-08-19T14:08:06.841403428Z,FMD,sender_signaling,message_encryption,sender,321,false,not_applicable,unclear,gamma=8;p=2^-8;curve=P-256,-1,,not_applicable,not_applicable,unavailable,gc,go1.18.1,Release,JerryZ
2026-08-19T14:08:06.843886986Z,FMD,sender_signaling,fmd_sender_total_signaling,sender,321,false,not_applicable,unclear,gamma=8;p=2^-8;curve=P-256,823720,266,measured,ok,unavailable,gc,go1.18.1,Release,JerryZ
2026-08-19T14:08:06.846632198Z,FMD,sender_signaling,fmd_flag_generation,sender,322,false,not_applicable,unclear,gamma=8;p=2^-8;curve=P-256,383459,269,measured,ok,unavailable,gc,go1.18.1,Release,JerryZ
2026-08-19T14:08:06.848170066Z,FMD,sender_signaling,fmd_sender_preparation,sender,322,false,not_applicable,unclear,gamma=8;p=2^-8;curve=P-256,-1,,not_applicable,not_applicable,unavailable,gc,go1.18.1,Release,JerryZ
2026-08-19T14:08:06.849330959Z,FMD,sender_signaling,message_encryption,sender,322,false,not_applicable,unclear,gamma=8;p=2^-8;curve=P-256,-1,,not_applicable,not_applicable,unavailable,gc,go1.18.1,Release,JerryZ
2026-08-19T14:08:06.851221935Z,FMD,sender_signaling,fmd_sender_total_signaling,sender,322,false,not_applicable,unclear,gamma=8;p=2^-8;curve=P-256,399081,269,measured,ok,unavailable,gc,go1.18.1,Release,JerryZ
2026-08-19T14:08:06.853216209Z,FMD,sender_signaling,fmd_flag_generation,sender,323,false,not_applicable,unclear,gamma=8;p=2^-8;curve=P-256,367672,269,measured,ok,unavailable,gc,go1.18.1,Release,JerryZ
2026-08-19T14:08:06.854458332Z,FMD,sender_signaling,fmd_sender_preparation,sender,323,false,not_applicable,unclear,gamma=8;p=2^-8;curve=P-256,-1,,not_applicable,not_applicable,unavailable,gc,go1.18.1,Release,JerryZ
2026-08-19T14:08:06.855526698Z,FMD,sender_signaling,message_encryption,sender,323,false,not_applicable,unclear,gamma=8;p=2^-8;curve=P-256,-1,,not_applicable,not_applicable,unavailable,gc,go1.18.1,Release,JerryZ
2026-08-19T14:08:06.857966641Z,FMD,sender_signaling,fmd_sender_total_signaling,sender,323,false,not_applicable,unclear,gamma=8;p=2^-8;curve=P-256,796223,270,measured,ok,unavailable,gc,go1.18.1,Release,JerryZ
2026-08-19T14:08:06.860360616Z,FMD,sender_signaling,fmd_flag_generation,sender,324,false,not_applicable,unclear,gamma=8;p=2^-8;curve=P-256,763777,269,measured,ok,unavailable,gc,go1.18.1,Release,JerryZ
2026-08-19T14:08:06.861976821Z,FMD,sender_signaling,fmd_sender_preparation,sender,324,false,not_applicable,unclear,gamma=8;p=2^-8;curve=P-256,-1,,not_applicable,not_applicable,unavailable,gc,go1.18.1,Release,JerryZ
2026-08-19T14:08:06.863236499Z,FMD,sender_signaling,message_encryption,sender,324,false,not_applicable,unclear,gamma=8;p=2^-8;curve=P-256,-1,,not_applicable,not_applicable,unavailable,gc,go1.18.1,Release,JerryZ
2026-08-19T14:08:06.865095569Z,FMD,sender_signaling,fmd_sender_total_signaling,sender,324,false,not_applicable,unclear,gamma=8;p=2^-8;curve=P-256,370096,270,measured,ok,unavailable,gc,go1.18.1,Release,JerryZ
2026-08-19T14:08:06.867825495Z,FMD,sender_signaling,fmd_flag_generation,sender,325,false,not_applicable,unclear,gamma=8;p=2^-8;curve=P-256,874598,269,measured,ok,unavailable,gc,go1.18.1,Release,JerryZ
2026-08-19T14:08:06.868881266Z,FMD,sender_signaling,fmd_sender_preparation,sender,325,false,not_applicable,unclear,gamma=8;p=2^-8;curve=P-256,-1,,not_applicable,not_applicable,unavailable,gc,go1.18.1,Release,JerryZ
2026-08-19T14:08:06.869922654Z,FMD,sender_signaling,message_encryption,sender,325,false,not_applicable,unclear,gamma=8;p=2^-8;curve=P-256,-1,,not_applicable,not_applicable,unavailable,gc,go1.18.1,Release,JerryZ
2026-08-19T14:08:06.872485041Z,FMD,sender_signaling,fmd_sender_total_signaling,sender,325,false,not_applicable,unclear,gamma=8;p=2^-8;curve=P-256,786259,270,measured,ok,unavailable,gc,go1.18.1,Release,JerryZ
2026-08-19T14:08:06.874440646Z,FMD,sender_signaling,fmd_flag_generation,sender,326,false,not_applicable,unclear,gamma=8;p=2^-8;curve=P-256,380529,269,measured,ok,unavailable,gc,go1.18.1,Release,JerryZ
2026-08-19T14:08:06.875540852Z,FMD,sender_signaling,fmd_sender_preparation,sender,326,false,not_applicable,unclear,gamma=8;p=2^-8;curve=P-256,-1,,not_applicable,not_applicable,unavailable,gc,go1.18.1,Release,JerryZ
2026-08-19T14:08:06.877415466Z,FMD,sender_signaling,message_encryption,sender,326,false,not_applicable,unclear,gamma=8;p=2^-8;curve=P-256,-1,,not_applicable,not_applicable,unavailable,gc,go1.18.1,Release,JerryZ
2026-08-19T14:08:06.879664038Z,FMD,sender_signaling,fmd_sender_total_signaling,sender,326,false,not_applicable,unclear,gamma=8;p=2^-8;curve=P-256,424116,270,measured,ok,unavailable,gc,go1.18.1,Release,JerryZ
2026-08-19T14:08:06.881559063Z,FMD,sender_signaling,fmd_flag_generation,sender,327,false,not_applicable,unclear,gamma=8;p=2^-8;curve=P-256,379748,269,measured,ok,unavailable,gc,go1.18.1,Release,JerryZ
2026-08-19T14:08:06.88272407Z,FMD,sender_signaling,fmd_sender_preparation,sender,327,false,not_applicable,unclear,gamma=8;p=2^-8;curve=P-256,-1,,not_applicable,not_applicable,unavailable,gc,go1.18.1,Release,JerryZ
2026-08-19T14:08:06.883879935Z,FMD,sender_signaling,message_encryption,sender,327,false,not_applicable,unclear,gamma=8;p=2^-8;curve=P-256,-1,,not_applicable,not_applicable,unavailable,gc,go1.18.1,Release,JerryZ
2026-08-19T14:08:06.886522027Z,FMD,sender_signaling,fmd_sender_total_signaling,sender,327,false,not_applicable,unclear,gamma=8;p=2^-8;curve=P-256,729853,269,measured,ok,unavailable,gc,go1.18.1,Release,JerryZ
2026-08-19T14:08:06.888832897Z,FMD,sender_signaling,fmd_flag_generation,sender,328,false,not_applicable,unclear,gamma=8;p=2^-8;curve=P-256,392120,269,measured,ok,unavailable,gc,go1.18.1,Release,JerryZ
2026-08-19T14:08:06.8898262Z,FMD,sender_signaling,fmd_sender_preparation,sender,328,false,not_applicable,unclear,gamma=8;p=2^-8;curve=P-256,-1,,not_applicable,not_applicable,unavailable,gc,go1.18.1,Release,JerryZ
2026-08-19T14:08:06.890799606Z,FMD,sender_signaling,message_encryption,sender,328,false,not_applicable,unclear,gamma=8;p=2^-8;curve=P-256,-1,,not_applicable,not_applicable,unavailable,gc,go1.18.1,Release,JerryZ
2026-08-19T14:08:06.893097813Z,FMD,sender_signaling,fmd_sender_total_signaling,sender,328,false,not_applicable,unclear,gamma=8;p=2^-8;curve=P-256,375755,269,measured,ok,unavailable,gc,go1.18.1,Release,JerryZ
2026-08-19T14:08:06.895372913Z,FMD,sender_signaling,fmd_flag_generation,sender,329,false,not_applicable,unclear,gamma=8;p=2^-8;curve=P-256,414106,268,measured,ok,unavailable,gc,go1.18.1,Release,JerryZ
2026-08-19T14:08:06.896333792Z,FMD,sender_signaling,fmd_sender_preparation,sender,329,false,not_applicable,unclear,gamma=8;p=2^-8;curve=P-256,-1,,not_applicable,not_applicable,unavailable,gc,go1.18.1,Release,JerryZ
2026-08-19T14:08:06.897757901Z,FMD,sender_signaling,message_encryption,sender,329,false,not_applicable,unclear,gamma=8;p=2^-8;curve=P-256,-1,,not_applicable,not_applicable,unavailable,gc,go1.18.1,Release,JerryZ
2026-08-19T14:08:06.899648045Z,FMD,sender_signaling,fmd_sender_total_signaling,sender,329,false,not_applicable,unclear,gamma=8;p=2^-8;curve=P-256,365872,269,measured,ok,unavailable,gc,go1.18.1,Release,JerryZ
2026-08-19T14:08:06.901989405Z,FMD,sender_signaling,fmd_flag_generation,sender,330,false,not_applicable,unclear,gamma=8;p=2^-8;curve=P-256,799695,269,measured,ok,unavailable,gc,go1.18.1,Release,JerryZ
2026-08-19T14:08:06.912827662Z,FMD,sender_signaling,fmd_sender_preparation,sender,330,false,not_applicable,unclear,gamma=8;p=2^-8;curve=P-256,-1,,not_applicable,not_applicable,unavailable,gc,go1.18.1,Release,JerryZ
2026-08-19T14:08:06.913914225Z,FMD,sender_signaling,message_encryption,sender,330,false,not_applicable,unclear,gamma=8;p=2^-8;curve=P-256,-1,,not_applicable,not_applicable,unavailable,gc,go1.18.1,Release,JerryZ
2026-08-19T14:08:06.915854223Z,FMD,sender_signaling,fmd_sender_total_signaling,sender,330,false,not_applicable,unclear,gamma=8;p=2^-8;curve=P-256,375258,270,measured,ok,unavailable,gc,go1.18.1,Release,JerryZ
2026-08-19T14:08:06.918451379Z,FMD,sender_signaling,fmd_flag_generation,sender,331,false,not_applicable,unclear,gamma=8;p=2^-8;curve=P-256,390044,269,measured,ok,unavailable,gc,go1.18.1,Release,JerryZ
2026-08-19T14:08:06.919682523Z,FMD,sender_signaling,fmd_sender_preparation,sender,331,false,not_applicable,unclear,gamma=8;p=2^-8;curve=P-256,-1,,not_applicable,not_applicable,unavailable,gc,go1.18.1,Release,JerryZ
2026-08-19T14:08:06.920704566Z,FMD,sender_signaling,message_encryption,sender,331,false,not_applicable,unclear,gamma=8;p=2^-8;curve=P-256,-1,,not_applicable,not_applicable,unavailable,gc,go1.18.1,Release,JerryZ
2026-08-19T14:08:06.932339932Z,FMD,sender_signaling,fmd_sender_total_signaling,sender,331,false,not_applicable,unclear,gamma=8;p=2^-8;curve=P-256,375551,269,measured,ok,unavailable,gc,go1.18.1,Release,JerryZ
2026-08-19T14:08:06.934363939Z,FMD,sender_signaling,fmd_flag_generation,sender,332,false,not_applicable,unclear,gamma=8;p=2^-8;curve=P-256,375395,268,measured,ok,unavailable,gc,go1.18.1,Release,JerryZ
2026-08-19T14:08:06.93592135Z,FMD,sender_signaling,fmd_sender_preparation,sender,332,false,not_applicable,unclear,gamma=8;p=2^-8;curve=P-256,-1,,not_applicable,not_applicable,unavailable,gc,go1.18.1,Release,JerryZ
2026-08-19T14:08:06.936934945Z,FMD,sender_signaling,message_encryption,sender,332,false,not_applicable,unclear,gamma=8;p=2^-8;curve=P-256,-1,,not_applicable,not_applicable,unavailable,gc,go1.18.1,Release,JerryZ
2026-08-19T14:08:06.939463352Z,FMD,sender_signaling,fmd_sender_total_signaling,sender,332,false,not_applicable,unclear,gamma=8;p=2^-8;curve=P-256,896520,269,measured,ok,unavailable,gc,go1.18.1,Release,JerryZ
2026-08-19T14:08:06.950633583Z,FMD,sender_signaling,fmd_flag_generation,sender,333,false,not_applicable,unclear,gamma=8;p=2^-8;curve=P-256,404159,270,measured,ok,unavailable,gc,go1.18.1,Release,JerryZ
2026-08-19T14:08:06.952014873Z,FMD,sender_signaling,fmd_sender_preparation,sender,333,false,not_applicable,unclear,gamma=8;p=2^-8;curve=P-256,-1,,not_applicable,not_applicable,unavailable,gc,go1.18.1,Release,JerryZ
2026-08-19T14:08:06.953474908Z,FMD,sender_signaling,message_encryption,sender,333,false,not_applicable,unclear,gamma=8;p=2^-8;curve=P-256,-1,,not_applicable,not_applicable,unavailable,gc,go1.18.1,Release,JerryZ
2026-08-19T14:08:06.955949686Z,FMD,sender_signaling,fmd_sender_total_signaling,sender,333,false,not_applicable,unclear,gamma=8;p=2^-8;curve=P-256,893342,269,measured,ok,unavailable,gc,go1.18.1,Release,JerryZ
2026-08-19T14:08:06.957730244Z,FMD,sender_signaling,fmd_flag_generation,sender,334,false,not_applicable,unclear,gamma=8;p=2^-8;curve=P-256,352041,268,measured,ok,unavailable,gc,go1.18.1,Release,JerryZ
2026-08-19T14:08:06.968635363Z,FMD,sender_signaling,fmd_sender_preparation,sender,334,false,not_applicable,unclear,gamma=8;p=2^-8;curve=P-256,-1,,not_applicable,not_applicable,unavailable,gc,go1.18.1,Release,JerryZ
2026-08-19T14:08:06.970516373Z,FMD,sender_signaling,message_encryption,sender,334,false,not_applicable,unclear,gamma=8;p=2^-8;curve=P-256,-1,,not_applicable,not_applicable,unavailable,gc,go1.18.1,Release,JerryZ
2026-08-19T14:08:06.972676037Z,FMD,sender_signaling,fmd_sender_total_signaling,sender,334,false,not_applicable,unclear,gamma=8;p=2^-8;curve=P-256,425200,269,measured,ok,unavailable,gc,go1.18.1,Release,JerryZ
2026-08-19T14:08:06.975605572Z,FMD,sender_signaling,fmd_flag_generation,sender,335,false,not_applicable,unclear,gamma=8;p=2^-8;curve=P-256,723488,269,measured,ok,unavailable,gc,go1.18.1,Release,JerryZ
2026-08-19T14:08:06.986530617Z,FMD,sender_signaling,fmd_sender_preparation,sender,335,false,not_applicable,unclear,gamma=8;p=2^-8;curve=P-256,-1,,not_applicable,not_applicable,unavailable,gc,go1.18.1,Release,JerryZ
2026-08-19T14:08:06.987640049Z,FMD,sender_signaling,message_encryption,sender,335,false,not_applicable,unclear,gamma=8;p=2^-8;curve=P-256,-1,,not_applicable,not_applicable,unavailable,gc,go1.18.1,Release,JerryZ
2026-08-19T14:08:06.989974632Z,FMD,sender_signaling,fmd_sender_total_signaling,sender,335,false,not_applicable,unclear,gamma=8;p=2^-8;curve=P-256,800338,271,measured,ok,unavailable,gc,go1.18.1,Release,JerryZ
2026-08-19T14:08:06.99232558Z,FMD,sender_signaling,fmd_flag_generation,sender,336,false,not_applicable,unclear,gamma=8;p=2^-8;curve=P-256,767938,269,measured,ok,unavailable,gc,go1.18.1,Release,JerryZ
2026-08-19T14:08:06.993507462Z,FMD,sender_signaling,fmd_sender_preparation,sender,336,false,not_applicable,unclear,gamma=8;p=2^-8;curve=P-256,-1,,not_applicable,not_applicable,unavailable,gc,go1.18.1,Release,JerryZ
2026-08-19T14:08:07.004574656Z,FMD,sender_signaling,message_encryption,sender,336,false,not_applicable,unclear,gamma=8;p=2^-8;curve=P-256,-1,,not_applicable,not_applicable,unavailable,gc,go1.18.1,Release,JerryZ
2026-08-19T14:08:07.006390806Z,FMD,sender_signaling,fmd_sender_total_signaling,sender,336,false,not_applicable,unclear,gamma=8;p=2^-8;curve=P-256,374082,269,measured,ok,unavailable,gc,go1.18.1,Release,JerryZ
2026-08-19T14:08:07.008765862Z,FMD,sender_signaling,fmd_flag_generation,sender,337,false,not_applicable,unclear,gamma=8;p=2^-8;curve=P-256,802166,269,measured,ok,unavailable,gc,go1.18.1,Release,JerryZ
2026-08-19T14:08:07.009899667Z,FMD,sender_signaling,fmd_sender_preparation,sender,337,false,not_applicable,unclear,gamma=8;p=2^-8;curve=P-256,-1,,not_applicable,not_applicable,unavailable,gc,go1.18.1,Release,JerryZ
2026-08-19T14:08:07.011059026Z,FMD,sender_signaling,message_encryption,sender,337,false,not_applicable,unclear,gamma=8;p=2^-8;curve=P-256,-1,,not_applicable,not_applicable,unavailable,gc,go1.18.1,Release,JerryZ
2026-08-19T14:08:07.013776512Z,FMD,sender_signaling,fmd_sender_total_signaling,sender,337,false,not_applicable,unclear,gamma=8;p=2^-8;curve=P-256,393075,269,measured,ok,unavailable,gc,go1.18.1,Release,JerryZ
2026-08-19T14:08:07.02426973Z,FMD,sender_signaling,fmd_flag_generation,sender,338,false,not_applicable,unclear,gamma=8;p=2^-8;curve=P-256,757293,270,measured,ok,unavailable,gc,go1.18.1,Release,JerryZ
2026-08-19T14:08:07.025609917Z,FMD,sender_signaling,fmd_sender_preparation,sender,338,false,not_applicable,unclear,gamma=8;p=2^-8;curve=P-256,-1,,not_applicable,not_applicable,unavailable,gc,go1.18.1,Release,JerryZ
2026-08-19T14:08:07.026767958Z,FMD,sender_signaling,message_encryption,sender,338,false,not_applicable,unclear,gamma=8;p=2^-8;curve=P-256,-1,,not_applicable,not_applicable,unavailable,gc,go1.18.1,Release,JerryZ
2026-08-19T14:08:07.028850071Z,FMD,sender_signaling,fmd_sender_total_signaling,sender,338,false,not_applicable,unclear,gamma=8;p=2^-8;curve=P-256,365973,268,measured,ok,unavailable,gc,go1.18.1,Release,JerryZ
2026-08-19T14:08:07.030847299Z,FMD,sender_signaling,fmd_flag_generation,sender,339,false,not_applicable,unclear,gamma=8;p=2^-8;curve=P-256,373458,268,measured,ok,unavailable,gc,go1.18.1,Release,JerryZ
2026-08-19T14:08:07.042399487Z,FMD,sender_signaling,fmd_sender_preparation,sender,339,false,not_applicable,unclear,gamma=8;p=2^-8;curve=P-256,-1,,not_applicable,not_applicable,unavailable,gc,go1.18.1,Release,JerryZ
2026-08-19T14:08:07.04408413Z,FMD,sender_signaling,message_encryption,sender,339,false,not_applicable,unclear,gamma=8;p=2^-8;curve=P-256,-1,,not_applicable,not_applicable,unavailable,gc,go1.18.1,Release,JerryZ
2026-08-19T14:08:07.046130651Z,FMD,sender_signaling,fmd_sender_total_signaling,sender,339,false,not_applicable,unclear,gamma=8;p=2^-8;curve=P-256,411543,270,measured,ok,unavailable,gc,go1.18.1,Release,JerryZ
2026-08-19T14:08:07.048400281Z,FMD,sender_signaling,fmd_flag_generation,sender,340,false,not_applicable,unclear,gamma=8;p=2^-8;curve=P-256,378583,269,measured,ok,unavailable,gc,go1.18.1,Release,JerryZ
2026-08-19T14:08:07.059005614Z,FMD,sender_signaling,fmd_sender_preparation,sender,340,false,not_applicable,unclear,gamma=8;p=2^-8;curve=P-256,-1,,not_applicable,not_applicable,unavailable,gc,go1.18.1,Release,JerryZ
2026-08-19T14:08:07.060408068Z,FMD,sender_signaling,message_encryption,sender,340,false,not_applicable,unclear,gamma=8;p=2^-8;curve=P-256,-1,,not_applicable,not_applicable,unavailable,gc,go1.18.1,Release,JerryZ
2026-08-19T14:08:07.063638706Z,FMD,sender_signaling,fmd_sender_total_signaling,sender,340,false,not_applicable,unclear,gamma=8;p=2^-8;curve=P-256,1043478,269,measured,ok,unavailable,gc,go1.18.1,Release,JerryZ
2026-08-19T14:08:07.065927393Z,FMD,sender_signaling,fmd_flag_generation,sender,341,false,not_applicable,unclear,gamma=8;p=2^-8;curve=P-256,362566,270,measured,ok,unavailable,gc,go1.18.1,Release,JerryZ
2026-08-19T14:08:07.066960016Z,FMD,sender_signaling,fmd_sender_preparation,sender,341,false,not_applicable,unclear,gamma=8;p=2^-8;curve=P-256,-1,,not_applicable,not_applicable,unavailable,gc,go1.18.1,Release,JerryZ
2026-08-19T14:08:07.077467265Z,FMD,sender_signaling,message_encryption,sender,341,false,not_applicable,unclear,gamma=8;p=2^-8;curve=P-256,-1,,not_applicable,not_applicable,unavailable,gc,go1.18.1,Release,JerryZ
2026-08-19T14:08:07.079616068Z,FMD,sender_signaling,fmd_sender_total_signaling,sender,341,false,not_applicable,unclear,gamma=8;p=2^-8;curve=P-256,403415,269,measured,ok,unavailable,gc,go1.18.1,Release,JerryZ
2026-08-19T14:08:07.081670661Z,FMD,sender_signaling,fmd_flag_generation,sender,342,false,not_applicable,unclear,gamma=8;p=2^-8;curve=P-256,473460,271,measured,ok,unavailable,gc,go1.18.1,Release,JerryZ
2026-08-19T14:08:07.083056317Z,FMD,sender_signaling,fmd_sender_preparation,sender,342,false,not_applicable,unclear,gamma=8;p=2^-8;curve=P-256,-1,,not_applicable,not_applicable,unavailable,gc,go1.18.1,Release,JerryZ
2026-08-19T14:08:07.084304988Z,FMD,sender_signaling,message_encryption,sender,342,false,not_applicable,unclear,gamma=8;p=2^-8;curve=P-256,-1,,not_applicable,not_applicable,unavailable,gc,go1.18.1,Release,JerryZ
2026-08-19T14:08:07.086740088Z,FMD,sender_signaling,fmd_sender_total_signaling,sender,342,false,not_applicable,unclear,gamma=8;p=2^-8;curve=P-256,660589,270,measured,ok,unavailable,gc,go1.18.1,Release,JerryZ
2026-08-19T14:08:07.097926753Z,FMD,sender_signaling,fmd_flag_generation,sender,343,false,not_applicable,unclear,gamma=8;p=2^-8;curve=P-256,816556,269,measured,ok,unavailable,gc,go1.18.1,Release,JerryZ
2026-08-19T14:08:07.099390862Z,FMD,sender_signaling,fmd_sender_preparation,sender,343,false,not_applicable,unclear,gamma=8;p=2^-8;curve=P-256,-1,,not_applicable,not_applicable,unavailable,gc,go1.18.1,Release,JerryZ
2026-08-19T14:08:07.100420725Z,FMD,sender_signaling,message_encryption,sender,343,false,not_applicable,unclear,gamma=8;p=2^-8;curve=P-256,-1,,not_applicable,not_applicable,unavailable,gc,go1.18.1,Release,JerryZ
2026-08-19T14:08:07.102428848Z,FMD,sender_signaling,fmd_sender_total_signaling,sender,343,false,not_applicable,unclear,gamma=8;p=2^-8;curve=P-256,381861,270,measured,ok,unavailable,gc,go1.18.1,Release,JerryZ
2026-08-19T14:08:07.104652399Z,FMD,sender_signaling,fmd_flag_generation,sender,344,false,not_applicable,unclear,gamma=8;p=2^-8;curve=P-256,366616,268,measured,ok,unavailable,gc,go1.18.1,Release,JerryZ
2026-08-19T14:08:07.116280813Z,FMD,sender_signaling,fmd_sender_preparation,sender,344,false,not_applicable,unclear,gamma=8;p=2^-8;curve=P-256,-1,,not_applicable,not_applicable,unavailable,gc,go1.18.1,Release,JerryZ
2026-08-19T14:08:07.117722454Z,FMD,sender_signaling,message_encryption,sender,344,false,not_applicable,unclear,gamma=8;p=2^-8;curve=P-256,-1,,not_applicable,not_applicable,unavailable,gc,go1.18.1,Release,JerryZ
2026-08-19T14:08:07.119880121Z,FMD,sender_signaling,fmd_sender_total_signaling,sender,344,false,not_applicable,unclear,gamma=8;p=2^-8;curve=P-256,379207,269,measured,ok,unavailable,gc,go1.18.1,Release,JerryZ
2026-08-19T14:08:07.123019534Z,FMD,sender_signaling,fmd_flag_generation,sender,345,false,not_applicable,unclear,gamma=8;p=2^-8;curve=P-256,645739,269,measured,ok,unavailable,gc,go1.18.1,Release,JerryZ
2026-08-19T14:08:07.133148303Z,FMD,sender_signaling,fmd_sender_preparation,sender,345,false,not_applicable,unclear,gamma=8;p=2^-8;curve=P-256,-1,,not_applicable,not_applicable,unavailable,gc,go1.18.1,Release,JerryZ
2026-08-19T14:08:07.134318705Z,FMD,sender_signaling,message_encryption,sender,345,false,not_applicable,unclear,gamma=8;p=2^-8;curve=P-256,-1,,not_applicable,not_applicable,unavailable,gc,go1.18.1,Release,JerryZ
2026-08-19T14:08:07.137222838Z,FMD,sender_signaling,fmd_sender_total_signaling,sender,345,false,not_applicable,unclear,gamma=8;p=2^-8;curve=P-256,828385,270,measured,ok,unavailable,gc,go1.18.1,Release,JerryZ
2026-08-19T14:08:07.139923564Z,FMD,sender_signaling,fmd_flag_generation,sender,346,false,not_applicable,unclear,gamma=8;p=2^-8;curve=P-256,488448,269,measured,ok,unavailable,gc,go1.18.1,Release,JerryZ
2026-08-19T14:08:07.141086753Z,FMD,sender_signaling,fmd_sender_preparation,sender,346,false,not_applicable,unclear,gamma=8;p=2^-8;curve=P-256,-1,,not_applicable,not_applicable,unavailable,gc,go1.18.1,Release,JerryZ
2026-08-19T14:08:07.152071936Z,FMD,sender_signaling,message_encryption,sender,346,false,not_applicable,unclear,gamma=8;p=2^-8;curve=P-256,-1,,not_applicable,not_applicable,unavailable,gc,go1.18.1,Release,JerryZ
2026-08-19T14:08:07.154254219Z,FMD,sender_signaling,fmd_sender_total_signaling,sender,346,false,not_applicable,unclear,gamma=8;p=2^-8;curve=P-256,382119,269,measured,ok,unavailable,gc,go1.18.1,Release,JerryZ
2026-08-19T14:08:07.156559419Z,FMD,sender_signaling,fmd_flag_generation,sender,347,false,not_applicable,unclear,gamma=8;p=2^-8;curve=P-256,358856,269,measured,ok,unavailable,gc,go1.18.1,Release,JerryZ
2026-08-19T14:08:07.15776342Z,FMD,sender_signaling,fmd_sender_preparation,sender,347,false,not_applicable,unclear,gamma=8;p=2^-8;curve=P-256,-1,,not_applicable,not_applicable,unavailable,gc,go1.18.1,Release,JerryZ
2026-08-19T14:08:07.159019787Z,FMD,sender_signaling,message_encryption,sender,347,false,not_applicable,unclear,gamma=8;p=2^-8;curve=P-256,-1,,not_applicable,not_applicable,unavailable,gc,go1.18.1,Release,JerryZ
2026-08-19T14:08:07.170840888Z,FMD,sender_signaling,fmd_sender_total_signaling,sender,347,false,not_applicable,unclear,gamma=8;p=2^-8;curve=P-256,432969,268,measured,ok,unavailable,gc,go1.18.1,Release,JerryZ
2026-08-19T14:08:07.172907291Z,FMD,sender_signaling,fmd_flag_generation,sender,348,false,not_applicable,unclear,gamma=8;p=2^-8;curve=P-256,372980,270,measured,ok,unavailable,gc,go1.18.1,Release,JerryZ
2026-08-19T14:08:07.174183803Z,FMD,sender_signaling,fmd_sender_preparation,sender,348,false,not_applicable,unclear,gamma=8;p=2^-8;curve=P-256,-1,,not_applicable,not_applicable,unavailable,gc,go1.18.1,Release,JerryZ
2026-08-19T14:08:07.175272249Z,FMD,sender_signaling,message_encryption,sender,348,false,not_applicable,unclear,gamma=8;p=2^-8;curve=P-256,-1,,not_applicable,not_applicable,unavailable,gc,go1.18.1,Release,JerryZ
2026-08-19T14:08:07.177061394Z,FMD,sender_signaling,fmd_sender_total_signaling,sender,348,false,not_applicable,unclear,gamma=8;p=2^-8;curve=P-256,383284,269,measured,ok,unavailable,gc,go1.18.1,Release,JerryZ
2026-08-19T14:08:07.189232523Z,FMD,sender_signaling,fmd_flag_generation,sender,349,false,not_applicable,unclear,gamma=8;p=2^-8;curve=P-256,810597,269,measured,ok,unavailable,gc,go1.18.1,Release,JerryZ
2026-08-19T14:08:07.190472139Z,FMD,sender_signaling,fmd_sender_preparation,sender,349,false,not_applicable,unclear,gamma=8;p=2^-8;curve=P-256,-1,,not_applicable,not_applicable,unavailable,gc,go1.18.1,Release,JerryZ
2026-08-19T14:08:07.191553822Z,FMD,sender_signaling,message_encryption,sender,349,false,not_applicable,unclear,gamma=8;p=2^-8;curve=P-256,-1,,not_applicable,not_applicable,unavailable,gc,go1.18.1,Release,JerryZ
2026-08-19T14:08:07.194392988Z,FMD,sender_signaling,fmd_sender_total_signaling,sender,349,false,not_applicable,unclear,gamma=8;p=2^-8;curve=P-256,616892,269,measured,ok,unavailable,gc,go1.18.1,Release,JerryZ
2026-08-19T14:08:07.196459024Z,FMD,sender_signaling,fmd_flag_generation,sender,350,false,not_applicable,unclear,gamma=8;p=2^-8;curve=P-256,359067,270,measured,ok,unavailable,gc,go1.18.1,Release,JerryZ
2026-08-19T14:08:07.206897428Z,FMD,sender_signaling,fmd_sender_preparation,sender,350,false,not_applicable,unclear,gamma=8;p=2^-8;curve=P-256,-1,,not_applicable,not_applicable,unavailable,gc,go1.18.1,Release,JerryZ
2026-08-19T14:08:07.208130464Z,FMD,sender_signaling,message_encryption,sender,350,false,not_applicable,unclear,gamma=8;p=2^-8;curve=P-256,-1,,not_applicable,not_applicable,unavailable,gc,go1.18.1,Release,JerryZ
2026-08-19T14:08:07.21014249Z,FMD,sender_signaling,fmd_sender_total_signaling,sender,350,false,not_applicable,unclear,gamma=8;p=2^-8;curve=P-256,403278,269,measured,ok,unavailable,gc,go1.18.1,Release,JerryZ
2026-08-19T14:08:07.212130492Z,FMD,sender_signaling,fmd_flag_generation,sender,351,false,not_applicable,unclear,gamma=8;p=2^-8;curve=P-256,391761,268,measured,ok,unavailable,gc,go1.18.1,Release,JerryZ
2026-08-19T14:08:07.213575081Z,FMD,sender_signaling,fmd_sender_preparation,sender,351,false,not_applicable,unclear,gamma=8;p=2^-8;curve=P-256,-1,,not_applicable,not_applicable,unavailable,gc,go1.18.1,Release,JerryZ
2026-08-19T14:08:07.225776228Z,FMD,sender_signaling,message_encryption,sender,351,false,not_applicable,unclear,gamma=8;p=2^-8;curve=P-256,-1,,not_applicable,not_applicable,unavailable,gc,go1.18.1,Release,JerryZ
2026-08-19T14:08:07.228969153Z,FMD,sender_signaling,fmd_sender_total_signaling,sender,351,false,not_applicable,unclear,gamma=8;p=2^-8;curve=P-256,379069,267,measured,ok,unavailable,gc,go1.18.1,Release,JerryZ
2026-08-19T14:08:07.231361355Z,FMD,sender_signaling,fmd_flag_generation,sender,352,false,not_applicable,unclear,gamma=8;p=2^-8;curve=P-256,506980,269,measured,ok,unavailable,gc,go1.18.1,Release,JerryZ
2026-08-19T14:08:07.232603542Z,FMD,sender_signaling,fmd_sender_preparation,sender,352,false,not_applicable,unclear,gamma=8;p=2^-8;curve=P-256,-1,,not_applicable,not_applicable,unavailable,gc,go1.18.1,Release,JerryZ
2026-08-19T14:08:07.244292404Z,FMD,sender_signaling,message_encryption,sender,352,false,not_applicable,unclear,gamma=8;p=2^-8;curve=P-256,-1,,not_applicable,not_applicable,unavailable,gc,go1.18.1,Release,JerryZ
2026-08-19T14:08:07.24710924Z,FMD,sender_signaling,fmd_sender_total_signaling,sender,352,false,not_applicable,unclear,gamma=8;p=2^-8;curve=P-256,495675,269,measured,ok,unavailable,gc,go1.18.1,Release,JerryZ
2026-08-19T14:08:07.249086198Z,FMD,sender_signaling,fmd_flag_generation,sender,353,false,not_applicable,unclear,gamma=8;p=2^-8;curve=P-256,374643,269,measured,ok,unavailable,gc,go1.18.1,Release,JerryZ
2026-08-19T14:08:07.250195069Z,FMD,sender_signaling,fmd_sender_preparation,sender,353,false,not_applicable,unclear,gamma=8;p=2^-8;curve=P-256,-1,,not_applicable,not_applicable,unavailable,gc,go1.18.1,Release,JerryZ
2026-08-19T14:08:07.261165762Z,FMD,sender_signaling,message_encryption,sender,353,false,not_applicable,unclear,gamma=8;p=2^-8;curve=P-256,-1,,not_applicable,not_applicable,unavailable,gc,go1.18.1,Release,JerryZ
2026-08-19T14:08:07.263803855Z,FMD,sender_signaling,fmd_sender_total_signaling,sender,353,false,not_applicable,unclear,gamma=8;p=2^-8;curve=P-256,777231,268,measured,ok,unavailable,gc,go1.18.1,Release,JerryZ
2026-08-19T14:08:07.265980454Z,FMD,sender_signaling,fmd_flag_generation,sender,354,false,not_applicable,unclear,gamma=8;p=2^-8;curve=P-256,371300,269,measured,ok,unavailable,gc,go1.18.1,Release,JerryZ
2026-08-19T14:08:07.267250735Z,FMD,sender_signaling,fmd_sender_preparation,sender,354,false,not_applicable,unclear,gamma=8;p=2^-8;curve=P-256,-1,,not_applicable,not_applicable,unavailable,gc,go1.18.1,Release,JerryZ
2026-08-19T14:08:07.268223773Z,FMD,sender_signaling,message_encryption,sender,354,false,not_applicable,unclear,gamma=8;p=2^-8;curve=P-256,-1,,not_applicable,not_applicable,unavailable,gc,go1.18.1,Release,JerryZ
2026-08-19T14:08:07.270547441Z,FMD,sender_signaling,fmd_sender_total_signaling,sender,354,false,not_applicable,unclear,gamma=8;p=2^-8;curve=P-256,796379,271,measured,ok,unavailable,gc,go1.18.1,Release,JerryZ
2026-08-19T14:08:07.280795397Z,FMD,sender_signaling,fmd_flag_generation,sender,355,false,not_applicable,unclear,gamma=8;p=2^-8;curve=P-256,484058,271,measured,ok,unavailable,gc,go1.18.1,Release,JerryZ
2026-08-19T14:08:07.28199195Z,FMD,sender_signaling,fmd_sender_preparation,sender,355,false,not_applicable,unclear,gamma=8;p=2^-8;curve=P-256,-1,,not_applicable,not_applicable,unavailable,gc,go1.18.1,Release,JerryZ
2026-08-19T14:08:07.283313508Z,FMD,sender_signaling,message_encryption,sender,355,false,not_applicable,unclear,gamma=8;p=2^-8;curve=P-256,-1,,not_applicable,not_applicable,unavailable,gc,go1.18.1,Release,JerryZ
2026-08-19T14:08:07.286111504Z,FMD,sender_signaling,fmd_sender_total_signaling,sender,355,false,not_applicable,unclear,gamma=8;p=2^-8;curve=P-256,770831,269,measured,ok,unavailable,gc,go1.18.1,Release,JerryZ
2026-08-19T14:08:07.2881709Z,FMD,sender_signaling,fmd_flag_generation,sender,356,false,not_applicable,unclear,gamma=8;p=2^-8;curve=P-256,360684,269,measured,ok,unavailable,gc,go1.18.1,Release,JerryZ
2026-08-19T14:08:07.298235424Z,FMD,sender_signaling,fmd_sender_preparation,sender,356,false,not_applicable,unclear,gamma=8;p=2^-8;curve=P-256,-1,,not_applicable,not_applicable,unavailable,gc,go1.18.1,Release,JerryZ
2026-08-19T14:08:07.29974333Z,FMD,sender_signaling,message_encryption,sender,356,false,not_applicable,unclear,gamma=8;p=2^-8;curve=P-256,-1,,not_applicable,not_applicable,unavailable,gc,go1.18.1,Release,JerryZ
2026-08-19T14:08:07.301856769Z,FMD,sender_signaling,fmd_sender_total_signaling,sender,356,false,not_applicable,unclear,gamma=8;p=2^-8;curve=P-256,419891,269,measured,ok,unavailable,gc,go1.18.1,Release,JerryZ
2026-08-19T14:08:07.304081997Z,FMD,sender_signaling,fmd_flag_generation,sender,357,false,not_applicable,unclear,gamma=8;p=2^-8;curve=P-256,389521,270,measured,ok,unavailable,gc,go1.18.1,Release,JerryZ
2026-08-19T14:08:07.305273761Z,FMD,sender_signaling,fmd_sender_preparation,sender,357,false,not_applicable,unclear,gamma=8;p=2^-8;curve=P-256,-1,,not_applicable,not_applicable,unavailable,gc,go1.18.1,Release,JerryZ
2026-08-19T14:08:07.315903256Z,FMD,sender_signaling,message_encryption,sender,357,false,not_applicable,unclear,gamma=8;p=2^-8;curve=P-256,-1,,not_applicable,not_applicable,unavailable,gc,go1.18.1,Release,JerryZ
2026-08-19T14:08:07.318207491Z,FMD,sender_signaling,fmd_sender_total_signaling,sender,357,false,not_applicable,unclear,gamma=8;p=2^-8;curve=P-256,399567,268,measured,ok,unavailable,gc,go1.18.1,Release,JerryZ
2026-08-19T14:08:07.320887444Z,FMD,sender_signaling,fmd_flag_generation,sender,358,false,not_applicable,unclear,gamma=8;p=2^-8;curve=P-256,419551,267,measured,ok,unavailable,gc,go1.18.1,Release,JerryZ
2026-08-19T14:08:07.322329516Z,FMD,sender_signaling,fmd_sender_preparation,sender,358,false,not_applicable,unclear,gamma=8;p=2^-8;curve=P-256,-1,,not_applicable,not_applicable,unavailable,gc,go1.18.1,Release,JerryZ
2026-08-19T14:08:07.323446473Z,FMD,sender_signaling,message_encryption,sender,358,false,not_applicable,unclear,gamma=8;p=2^-8;curve=P-256,-1,,not_applicable,not_applicable,unavailable,gc,go1.18.1,Release,JerryZ
2026-08-19T14:08:07.325689563Z,FMD,sender_signaling,fmd_sender_total_signaling,sender,358,false,not_applicable,unclear,gamma=8;p=2^-8;curve=P-256,742700,268,measured,ok,unavailable,gc,go1.18.1,Release,JerryZ
2026-08-19T14:08:07.33764491Z,FMD,sender_signaling,fmd_flag_generation,sender,359,false,not_applicable,unclear,gamma=8;p=2^-8;curve=P-256,518561,269,measured,ok,unavailable,gc,go1.18.1,Release,JerryZ
2026-08-19T14:08:07.338921922Z,FMD,sender_signaling,fmd_sender_preparation,sender,359,false,not_applicable,unclear,gamma=8;p=2^-8;curve=P-256,-1,,not_applicable,not_applicable,unavailable,gc,go1.18.1,Release,JerryZ
2026-08-19T14:08:07.340044573Z,FMD,sender_signaling,message_encryption,sender,359,false,not_applicable,unclear,gamma=8;p=2^-8;curve=P-256,-1,,not_applicable,not_applicable,unavailable,gc,go1.18.1,Release,JerryZ
2026-08-19T14:08:07.342893356Z,FMD,sender_signaling,fmd_sender_total_signaling,sender,359,false,not_applicable,unclear,gamma=8;p=2^-8;curve=P-256,541787,270,measured,ok,unavailable,gc,go1.18.1,Release,JerryZ
2026-08-19T14:08:07.354127866Z,FMD,sender_signaling,fmd_flag_generation,sender,360,false,not_applicable,unclear,gamma=8;p=2^-8;curve=P-256,379198,269,measured,ok,unavailable,gc,go1.18.1,Release,JerryZ
2026-08-19T14:08:07.35528942Z,FMD,sender_signaling,fmd_sender_preparation,sender,360,false,not_applicable,unclear,gamma=8;p=2^-8;curve=P-256,-1,,not_applicable,not_applicable,unavailable,gc,go1.18.1,Release,JerryZ
2026-08-19T14:08:07.356652857Z,FMD,sender_signaling,message_encryption,sender,360,false,not_applicable,unclear,gamma=8;p=2^-8;curve=P-256,-1,,not_applicable,not_applicable,unavailable,gc,go1.18.1,Release,JerryZ
2026-08-19T14:08:07.358554727Z,FMD,sender_signaling,fmd_sender_total_signaling,sender,360,false,not_applicable,unclear,gamma=8;p=2^-8;curve=P-256,372411,269,measured,ok,unavailable,gc,go1.18.1,Release,JerryZ
2026-08-19T14:08:07.36054383Z,FMD,sender_signaling,fmd_flag_generation,sender,361,false,not_applicable,unclear,gamma=8;p=2^-8;curve=P-256,354944,269,measured,ok,unavailable,gc,go1.18.1,Release,JerryZ
2026-08-19T14:08:07.373729233Z,FMD,sender_signaling,fmd_sender_preparation,sender,361,false,not_applicable,unclear,gamma=8;p=2^-8;curve=P-256,-1,,not_applicable,not_applicable,unavailable,gc,go1.18.1,Release,JerryZ
2026-08-19T14:08:07.374943181Z,FMD,sender_signaling,message_encryption,sender,361,false,not_applicable,unclear,gamma=8;p=2^-8;curve=P-256,-1,,not_applicable,not_applicable,unavailable,gc,go1.18.1,Release,JerryZ
2026-08-19T14:08:07.377376622Z,FMD,sender_signaling,fmd_sender_total_signaling,sender,361,false,not_applicable,unclear,gamma=8;p=2^-8;curve=P-256,837037,269,measured,ok,unavailable,gc,go1.18.1,Release,JerryZ
2026-08-19T14:08:07.379752679Z,FMD,sender_signaling,fmd_flag_generation,sender,362,false,not_applicable,unclear,gamma=8;p=2^-8;curve=P-256,405822,269,measured,ok,unavailable,gc,go1.18.1,Release,JerryZ
2026-08-19T14:08:07.39094092Z,FMD,sender_signaling,fmd_sender_preparation,sender,362,false,not_applicable,unclear,gamma=8;p=2^-8;curve=P-256,-1,,not_applicable,not_applicable,unavailable,gc,go1.18.1,Release,JerryZ
2026-08-19T14:08:07.393145648Z,FMD,sender_signaling,message_encryption,sender,362,false,not_applicable,unclear,gamma=8;p=2^-8;curve=P-256,-1,,not_applicable,not_applicable,unavailable,gc,go1.18.1,Release,JerryZ
2026-08-19T14:08:07.395571513Z,FMD,sender_signaling,fmd_sender_total_signaling,sender,362,false,not_applicable,unclear,gamma=8;p=2^-8;curve=P-256,468795,270,measured,ok,unavailable,gc,go1.18.1,Release,JerryZ
2026-08-19T14:08:07.398329059Z,FMD,sender_signaling,fmd_flag_generation,sender,363,false,not_applicable,unclear,gamma=8;p=2^-8;curve=P-256,782466,271,measured,ok,unavailable,gc,go1.18.1,Release,JerryZ
2026-08-19T14:08:07.409206999Z,FMD,sender_signaling,fmd_sender_preparation,sender,363,false,not_applicable,unclear,gamma=8;p=2^-8;curve=P-256,-1,,not_applicable,not_applicable,unavailable,gc,go1.18.1,Release,JerryZ
2026-08-19T14:08:07.411169203Z,FMD,sender_signaling,message_encryption,sender,363,false,not_applicable,unclear,gamma=8;p=2^-8;curve=P-256,-1,,not_applicable,not_applicable,unavailable,gc,go1.18.1,Release,JerryZ
2026-08-19T14:08:07.414051841Z,FMD,sender_signaling,fmd_sender_total_signaling,sender,363,false,not_applicable,unclear,gamma=8;p=2^-8;curve=P-256,511564,270,measured,ok,unavailable,gc,go1.18.1,Release,JerryZ
2026-08-19T14:08:07.416325361Z,FMD,sender_signaling,fmd_flag_generation,sender,364,false,not_applicable,unclear,gamma=8;p=2^-8;curve=P-256,409908,269,measured,ok,unavailable,gc,go1.18.1,Release,JerryZ
2026-08-19T14:08:07.427403695Z,FMD,sender_signaling,fmd_sender_preparation,sender,364,false,not_applicable,unclear,gamma=8;p=2^-8;curve=P-256,-1,,not_applicable,not_applicable,unavailable,gc,go1.18.1,Release,JerryZ
2026-08-19T14:08:07.428591624Z,FMD,sender_signaling,message_encryption,sender,364,false,not_applicable,unclear,gamma=8;p=2^-8;curve=P-256,-1,,not_applicable,not_applicable,unavailable,gc,go1.18.1,Release,JerryZ
2026-08-19T14:08:07.430630743Z,FMD,sender_signaling,fmd_sender_total_signaling,sender,364,false,not_applicable,unclear,gamma=8;p=2^-8;curve=P-256,376819,269,measured,ok,unavailable,gc,go1.18.1,Release,JerryZ
2026-08-19T14:08:07.432690359Z,FMD,sender_signaling,fmd_flag_generation,sender,365,false,not_applicable,unclear,gamma=8;p=2^-8;curve=P-256,366102,269,measured,ok,unavailable,gc,go1.18.1,Release,JerryZ
2026-08-19T14:08:07.433882136Z,FMD,sender_signaling,fmd_sender_preparation,sender,365,false,not_applicable,unclear,gamma=8;p=2^-8;curve=P-256,-1,,not_applicable,not_applicable,unavailable,gc,go1.18.1,Release,JerryZ
2026-08-19T14:08:07.44455003Z,FMD,sender_signaling,message_encryption,sender,365,false,not_applicable,unclear,gamma=8;p=2^-8;curve=P-256,-1,,not_applicable,not_applicable,unavailable,gc,go1.18.1,Release,JerryZ
2026-08-19T14:08:07.4478458Z,FMD,sender_signaling,fmd_sender_total_signaling,sender,365,false,not_applicable,unclear,gamma=8;p=2^-8;curve=P-256,804398,269,measured,ok,unavailable,gc,go1.18.1,Release,JerryZ
2026-08-19T14:08:07.44999268Z,FMD,sender_signaling,fmd_flag_generation,sender,366,false,not_applicable,unclear,gamma=8;p=2^-8;curve=P-256,372090,268,measured,ok,unavailable,gc,go1.18.1,Release,JerryZ
2026-08-19T14:08:07.451143498Z,FMD,sender_signaling,fmd_sender_preparation,sender,366,false,not_applicable,unclear,gamma=8;p=2^-8;curve=P-256,-1,,not_applicable,not_applicable,unavailable,gc,go1.18.1,Release,JerryZ
2026-08-19T14:08:07.452357589Z,FMD,sender_signaling,message_encryption,sender,366,false,not_applicable,unclear,gamma=8;p=2^-8;curve=P-256,-1,,not_applicable,not_applicable,unavailable,gc,go1.18.1,Release,JerryZ
2026-08-19T14:08:07.465042554Z,FMD,sender_signaling,fmd_sender_total_signaling,sender,366,false,not_applicable,unclear,gamma=8;p=2^-8;curve=P-256,897319,271,measured,ok,unavailable,gc,go1.18.1,Release,JerryZ
2026-08-19T14:08:07.468225675Z,FMD,sender_signaling,fmd_flag_generation,sender,367,false,not_applicable,unclear,gamma=8;p=2^-8;curve=P-256,858462,269,measured,ok,unavailable,gc,go1.18.1,Release,JerryZ
2026-08-19T14:08:07.469456571Z,FMD,sender_signaling,fmd_sender_preparation,sender,367,false,not_applicable,unclear,gamma=8;p=2^-8;curve=P-256,-1,,not_applicable,not_applicable,unavailable,gc,go1.18.1,Release,JerryZ
2026-08-19T14:08:07.470481925Z,FMD,sender_signaling,message_encryption,sender,367,false,not_applicable,unclear,gamma=8;p=2^-8;curve=P-256,-1,,not_applicable,not_applicable,unavailable,gc,go1.18.1,Release,JerryZ
2026-08-19T14:08:07.483070833Z,FMD,sender_signaling,fmd_sender_total_signaling,sender,367,false,not_applicable,unclear,gamma=8;p=2^-8;curve=P-256,792109,270,measured,ok,unavailable,gc,go1.18.1,Release,JerryZ
2026-08-19T14:08:07.486408244Z,FMD,sender_signaling,fmd_flag_generation,sender,368,false,not_applicable,unclear,gamma=8;p=2^-8;curve=P-256,768517,269,measured,ok,unavailable,gc,go1.18.1,Release,JerryZ
2026-08-19T14:08:07.4879548Z,FMD,sender_signaling,fmd_sender_preparation,sender,368,false,not_applicable,unclear,gamma=8;p=2^-8;curve=P-256,-1,,not_applicable,not_applicable,unavailable,gc,go1.18.1,Release,JerryZ
2026-08-19T14:08:07.489228276Z,FMD,sender_signaling,message_encryption,sender,368,false,not_applicable,unclear,gamma=8;p=2^-8;curve=P-256,-1,,not_applicable,not_applicable,unavailable,gc,go1.18.1,Release,JerryZ
2026-08-19T14:08:07.501318028Z,FMD,sender_signaling,fmd_sender_total_signaling,sender,368,false,not_applicable,unclear,gamma=8;p=2^-8;curve=P-256,398530,269,measured,ok,unavailable,gc,go1.18.1,Release,JerryZ
2026-08-19T14:08:07.503772564Z,FMD,sender_signaling,fmd_flag_generation,sender,369,false,not_applicable,unclear,gamma=8;p=2^-8;curve=P-256,760434,269,measured,ok,unavailable,gc,go1.18.1,Release,JerryZ
2026-08-19T14:08:07.505398147Z,FMD,sender_signaling,fmd_sender_preparation,sender,369,false,not_applicable,unclear,gamma=8;p=2^-8;curve=P-256,-1,,not_applicable,not_applicable,unavailable,gc,go1.18.1,Release,JerryZ
2026-08-19T14:08:07.50662935Z,FMD,sender_signaling,message_encryption,sender,369,false,not_applicable,unclear,gamma=8;p=2^-8;curve=P-256,-1,,not_applicable,not_applicable,unavailable,gc,go1.18.1,Release,JerryZ
2026-08-19T14:08:07.508528388Z,FMD,sender_signaling,fmd_sender_total_signaling,sender,369,false,not_applicable,unclear,gamma=8;p=2^-8;curve=P-256,385140,270,measured,ok,unavailable,gc,go1.18.1,Release,JerryZ
2026-08-19T14:08:07.519801423Z,FMD,sender_signaling,fmd_flag_generation,sender,370,false,not_applicable,unclear,gamma=8;p=2^-8;curve=P-256,384855,270,measured,ok,unavailable,gc,go1.18.1,Release,JerryZ
2026-08-19T14:08:07.521956138Z,FMD,sender_signaling,fmd_sender_preparation,sender,370,false,not_applicable,unclear,gamma=8;p=2^-8;curve=P-256,-1,,not_applicable,not_applicable,unavailable,gc,go1.18.1,Release,JerryZ
2026-08-19T14:08:07.523473461Z,FMD,sender_signaling,message_encryption,sender,370,false,not_applicable,unclear,gamma=8;p=2^-8;curve=P-256,-1,,not_applicable,not_applicable,unavailable,gc,go1.18.1,Release,JerryZ
2026-08-19T14:08:07.525561836Z,FMD,sender_signaling,fmd_sender_total_signaling,sender,370,false,not_applicable,unclear,gamma=8;p=2^-8;curve=P-256,404563,269,measured,ok,unavailable,gc,go1.18.1,Release,JerryZ
2026-08-19T14:08:07.537485235Z,FMD,sender_signaling,fmd_flag_generation,sender,371,false,not_applicable,unclear,gamma=8;p=2^-8;curve=P-256,596403,269,measured,ok,unavailable,gc,go1.18.1,Release,JerryZ
2026-08-19T14:08:07.538772822Z,FMD,sender_signaling,fmd_sender_preparation,sender,371,false,not_applicable,unclear,gamma=8;p=2^-8;curve=P-256,-1,,not_applicable,not_applicable,unavailable,gc,go1.18.1,Release,JerryZ
2026-08-19T14:08:07.54049578Z,FMD,sender_signaling,message_encryption,sender,371,false,not_applicable,unclear,gamma=8;p=2^-8;curve=P-256,-1,,not_applicable,not_applicable,unavailable,gc,go1.18.1,Release,JerryZ
2026-08-19T14:08:07.542441384Z,FMD,sender_signaling,fmd_sender_total_signaling,sender,371,false,not_applicable,unclear,gamma=8;p=2^-8;curve=P-256,374679,268,measured,ok,unavailable,gc,go1.18.1,Release,JerryZ
2026-08-19T14:08:07.544377956Z,FMD,sender_signaling,fmd_flag_generation,sender,372,false,not_applicable,unclear,gamma=8;p=2^-8;curve=P-256,362290,270,measured,ok,unavailable,gc,go1.18.1,Release,JerryZ
2026-08-19T14:08:07.555943393Z,FMD,sender_signaling,fmd_sender_preparation,sender,372,false,not_applicable,unclear,gamma=8;p=2^-8;curve=P-256,-1,,not_applicable,not_applicable,unavailable,gc,go1.18.1,Release,JerryZ
2026-08-19T14:08:07.557397385Z,FMD,sender_signaling,message_encryption,sender,372,false,not_applicable,unclear,gamma=8;p=2^-8;curve=P-256,-1,,not_applicable,not_applicable,unavailable,gc,go1.18.1,Release,JerryZ
2026-08-19T14:08:07.559375445Z,FMD,sender_signaling,fmd_sender_total_signaling,sender,372,false,not_applicable,unclear,gamma=8;p=2^-8;curve=P-256,415731,269,measured,ok,unavailable,gc,go1.18.1,Release,JerryZ
2026-08-19T14:08:07.561377373Z,FMD,sender_signaling,fmd_flag_generation,sender,373,false,not_applicable,unclear,gamma=8;p=2^-8;curve=P-256,386600,269,measured,ok,unavailable,gc,go1.18.1,Release,JerryZ
2026-08-19T14:08:07.562493766Z,FMD,sender_signaling,fmd_sender_preparation,sender,373,false,not_applicable,unclear,gamma=8;p=2^-8;curve=P-256,-1,,not_applicable,not_applicable,unavailable,gc,go1.18.1,Release,JerryZ
2026-08-19T14:08:07.573764658Z,FMD,sender_signaling,message_encryption,sender,373,false,not_applicable,unclear,gamma=8;p=2^-8;curve=P-256,-1,,not_applicable,not_applicable,unavailable,gc,go1.18.1,Release,JerryZ
2026-08-19T14:08:07.576728784Z,FMD,sender_signaling,fmd_sender_total_signaling,sender,373,false,not_applicable,unclear,gamma=8;p=2^-8;curve=P-256,856359,269,measured,ok,unavailable,gc,go1.18.1,Release,JerryZ
2026-08-19T14:08:07.579143412Z,FMD,sender_signaling,fmd_flag_generation,sender,374,false,not_applicable,unclear,gamma=8;p=2^-8;curve=P-256,443760,269,measured,ok,unavailable,gc,go1.18.1,Release,JerryZ
2026-08-19T14:08:07.581015859Z,FMD,sender_signaling,fmd_sender_preparation,sender,374,false,not_applicable,unclear,gamma=8;p=2^-8;curve=P-256,-1,,not_applicable,not_applicable,unavailable,gc,go1.18.1,Release,JerryZ
2026-08-19T14:08:07.591960702Z,FMD,sender_signaling,message_encryption,sender,374,false,not_applicable,unclear,gamma=8;p=2^-8;curve=P-256,-1,,not_applicable,not_applicable,unavailable,gc,go1.18.1,Release,JerryZ
2026-08-19T14:08:07.594338889Z,FMD,sender_signaling,fmd_sender_total_signaling,sender,374,false,not_applicable,unclear,gamma=8;p=2^-8;curve=P-256,423592,270,measured,ok,unavailable,gc,go1.18.1,Release,JerryZ
2026-08-19T14:08:07.596836135Z,FMD,sender_signaling,fmd_flag_generation,sender,375,false,not_applicable,unclear,gamma=8;p=2^-8;curve=P-256,509341,269,measured,ok,unavailable,gc,go1.18.1,Release,JerryZ
2026-08-19T14:08:07.59834147Z,FMD,sender_signaling,fmd_sender_preparation,sender,375,false,not_applicable,unclear,gamma=8;p=2^-8;curve=P-256,-1,,not_applicable,not_applicable,unavailable,gc,go1.18.1,Release,JerryZ
2026-08-19T14:08:07.599499065Z,FMD,sender_signaling,message_encryption,sender,375,false,not_applicable,unclear,gamma=8;p=2^-8;curve=P-256,-1,,not_applicable,not_applicable,unavailable,gc,go1.18.1,Release,JerryZ
2026-08-19T14:08:07.613297714Z,FMD,sender_signaling,fmd_sender_total_signaling,sender,375,false,not_applicable,unclear,gamma=8;p=2^-8;curve=P-256,416999,269,measured,ok,unavailable,gc,go1.18.1,Release,JerryZ
2026-08-19T14:08:07.615735959Z,FMD,sender_signaling,fmd_flag_generation,sender,376,false,not_applicable,unclear,gamma=8;p=2^-8;curve=P-256,659018,269,measured,ok,unavailable,gc,go1.18.1,Release,JerryZ
2026-08-19T14:08:07.616752217Z,FMD,sender_signaling,fmd_sender_preparation,sender,376,false,not_applicable,unclear,gamma=8;p=2^-8;curve=P-256,-1,,not_applicable,not_applicable,unavailable,gc,go1.18.1,Release,JerryZ
2026-08-19T14:08:07.617890849Z,FMD,sender_signaling,message_encryption,sender,376,false,not_applicable,unclear,gamma=8;p=2^-8;curve=P-256,-1,,not_applicable,not_applicable,unavailable,gc,go1.18.1,Release,JerryZ
2026-08-19T14:08:07.629398301Z,FMD,sender_signaling,fmd_sender_total_signaling,sender,376,false,not_applicable,unclear,gamma=8;p=2^-8;curve=P-256,384552,269,measured,ok,unavailable,gc,go1.18.1,Release,JerryZ
2026-08-19T14:08:07.632619456Z,FMD,sender_signaling,fmd_flag_generation,sender,377,false,not_applicable,unclear,gamma=8;p=2^-8;curve=P-256,705286,269,measured,ok,unavailable,gc,go1.18.1,Release,JerryZ
2026-08-19T14:08:07.63388913Z,FMD,sender_signaling,fmd_sender_preparation,sender,377,false,not_applicable,unclear,gamma=8;p=2^-8;curve=P-256,-1,,not_applicable,not_applicable,unavailable,gc,go1.18.1,Release,JerryZ
2026-08-19T14:08:07.635090569Z,FMD,sender_signaling,message_encryption,sender,377,false,not_applicable,unclear,gamma=8;p=2^-8;curve=P-256,-1,,not_applicable,not_applicable,unavailable,gc,go1.18.1,Release,JerryZ
2026-08-19T14:08:07.637095101Z,FMD,sender_signaling,fmd_sender_total_signaling,sender,377,false,not_applicable,unclear,gamma=8;p=2^-8;curve=P-256,427192,267,measured,ok,unavailable,gc,go1.18.1,Release,JerryZ
2026-08-19T14:08:07.649078835Z,FMD,sender_signaling,fmd_flag_generation,sender,378,false,not_applicable,unclear,gamma=8;p=2^-8;curve=P-256,777067,270,measured,ok,unavailable,gc,go1.18.1,Release,JerryZ
2026-08-19T14:08:07.650613232Z,FMD,sender_signaling,fmd_sender_preparation,sender,378,false,not_applicable,unclear,gamma=8;p=2^-8;curve=P-256,-1,,not_applicable,not_applicable,unavailable,gc,go1.18.1,Release,JerryZ
2026-08-19T14:08:07.651802521Z,FMD,sender_signaling,message_encryption,sender,378,false,not_applicable,unclear,gamma=8;p=2^-8;curve=P-256,-1,,not_applicable,not_applicable,unavailable,gc,go1.18.1,Release,JerryZ
2026-08-19T14:08:07.654043314Z,FMD,sender_signaling,fmd_sender_total_signaling,sender,378,false,not_applicable,unclear,gamma=8;p=2^-8;curve=P-256,398860,270,measured,ok,unavailable,gc,go1.18.1,Release,JerryZ
2026-08-19T14:08:07.665723343Z,FMD,sender_signaling,fmd_flag_generation,sender,379,false,not_applicable,unclear,gamma=8;p=2^-8;curve=P-256,696190,270,measured,ok,unavailable,gc,go1.18.1,Release,JerryZ
2026-08-19T14:08:07.667339319Z,FMD,sender_signaling,fmd_sender_preparation,sender,379,false,not_applicable,unclear,gamma=8;p=2^-8;curve=P-256,-1,,not_applicable,not_applicable,unavailable,gc,go1.18.1,Release,JerryZ
2026-08-19T14:08:07.668492332Z,FMD,sender_signaling,message_encryption,sender,379,false,not_applicable,unclear,gamma=8;p=2^-8;curve=P-256,-1,,not_applicable,not_applicable,unavailable,gc,go1.18.1,Release,JerryZ
2026-08-19T14:08:07.670315508Z,FMD,sender_signaling,fmd_sender_total_signaling,sender,379,false,not_applicable,unclear,gamma=8;p=2^-8;curve=P-256,376066,270,measured,ok,unavailable,gc,go1.18.1,Release,JerryZ
2026-08-19T14:08:07.672266209Z,FMD,sender_signaling,fmd_flag_generation,sender,380,false,not_applicable,unclear,gamma=8;p=2^-8;curve=P-256,373145,268,measured,ok,unavailable,gc,go1.18.1,Release,JerryZ
2026-08-19T14:08:07.684501799Z,FMD,sender_signaling,fmd_sender_preparation,sender,380,false,not_applicable,unclear,gamma=8;p=2^-8;curve=P-256,-1,,not_applicable,not_applicable,unavailable,gc,go1.18.1,Release,JerryZ
2026-08-19T14:08:07.68574136Z,FMD,sender_signaling,message_encryption,sender,380,false,not_applicable,unclear,gamma=8;p=2^-8;curve=P-256,-1,,not_applicable,not_applicable,unavailable,gc,go1.18.1,Release,JerryZ
2026-08-19T14:08:07.687996677Z,FMD,sender_signaling,fmd_sender_total_signaling,sender,380,false,not_applicable,unclear,gamma=8;p=2^-8;curve=P-256,399043,270,measured,ok,unavailable,gc,go1.18.1,Release,JerryZ
2026-08-19T14:08:07.68994854Z,FMD,sender_signaling,fmd_flag_generation,sender,381,false,not_applicable,unclear,gamma=8;p=2^-8;curve=P-256,418054,269,measured,ok,unavailable,gc,go1.18.1,Release,JerryZ
2026-08-19T14:08:07.691193699Z,FMD,sender_signaling,fmd_sender_preparation,sender,381,false,not_applicable,unclear,gamma=8;p=2^-8;curve=P-256,-1,,not_applicable,not_applicable,unavailable,gc,go1.18.1,Release,JerryZ
2026-08-19T14:08:07.704167269Z,FMD,sender_signaling,message_encryption,sender,381,false,not_applicable,unclear,gamma=8;p=2^-8;curve=P-256,-1,,not_applicable,not_applicable,unavailable,gc,go1.18.1,Release,JerryZ
2026-08-19T14:08:07.706364766Z,FMD,sender_signaling,fmd_sender_total_signaling,sender,381,false,not_applicable,unclear,gamma=8;p=2^-8;curve=P-256,462246,268,measured,ok,unavailable,gc,go1.18.1,Release,JerryZ
2026-08-19T14:08:07.708923112Z,FMD,sender_signaling,fmd_flag_generation,sender,382,false,not_applicable,unclear,gamma=8;p=2^-8;curve=P-256,604292,268,measured,ok,unavailable,gc,go1.18.1,Release,JerryZ
2026-08-19T14:08:07.720335047Z,FMD,sender_signaling,fmd_sender_preparation,sender,382,false,not_applicable,unclear,gamma=8;p=2^-8;curve=P-256,-1,,not_applicable,not_applicable,unavailable,gc,go1.18.1,Release,JerryZ
2026-08-19T14:08:07.722108718Z,FMD,sender_signaling,message_encryption,sender,382,false,not_applicable,unclear,gamma=8;p=2^-8;curve=P-256,-1,,not_applicable,not_applicable,unavailable,gc,go1.18.1,Release,JerryZ
2026-08-19T14:08:07.72471728Z,FMD,sender_signaling,fmd_sender_total_signaling,sender,382,false,not_applicable,unclear,gamma=8;p=2^-8;curve=P-256,412819,271,measured,ok,unavailable,gc,go1.18.1,Release,JerryZ
2026-08-19T14:08:07.726721674Z,FMD,sender_signaling,fmd_flag_generation,sender,383,false,not_applicable,unclear,gamma=8;p=2^-8;curve=P-256,414206,269,measured,ok,unavailable,gc,go1.18.1,Release,JerryZ
2026-08-19T14:08:07.728011576Z,FMD,sender_signaling,fmd_sender_preparation,sender,383,false,not_applicable,unclear,gamma=8;p=2^-8;curve=P-256,-1,,not_applicable,not_applicable,unavailable,gc,go1.18.1,Release,JerryZ
2026-08-19T14:08:07.738945541Z,FMD,sender_signaling,message_encryption,sender,383,false,not_applicable,unclear,gamma=8;p=2^-8;curve=P-256,-1,,not_applicable,not_applicable,unavailable,gc,go1.18.1,Release,JerryZ
2026-08-19T14:08:07.741021734Z,FMD,sender_signaling,fmd_sender_total_signaling,sender,383,false,not_applicable,unclear,gamma=8;p=2^-8;curve=P-256,381733,270,measured,ok,unavailable,gc,go1.18.1,Release,JerryZ
2026-08-19T14:08:07.742772904Z,FMD,sender_signaling,fmd_flag_generation,sender,384,false,not_applicable,unclear,gamma=8;p=2^-8;curve=P-256,350691,270,measured,ok,unavailable,gc,go1.18.1,Release,JerryZ
2026-08-19T14:08:07.744318087Z,FMD,sender_signaling,fmd_sender_preparation,sender,384,false,not_applicable,unclear,gamma=8;p=2^-8;curve=P-256,-1,,not_applicable,not_applicable,unavailable,gc,go1.18.1,Release,JerryZ
2026-08-19T14:08:07.745383087Z,FMD,sender_signaling,message_encryption,sender,384,false,not_applicable,unclear,gamma=8;p=2^-8;curve=P-256,-1,,not_applicable,not_applicable,unavailable,gc,go1.18.1,Release,JerryZ
2026-08-19T14:08:07.747860592Z,FMD,sender_signaling,fmd_sender_total_signaling,sender,384,false,not_applicable,unclear,gamma=8;p=2^-8;curve=P-256,893691,269,measured,ok,unavailable,gc,go1.18.1,Release,JerryZ
2026-08-19T14:08:07.758560277Z,FMD,sender_signaling,fmd_flag_generation,sender,385,false,not_applicable,unclear,gamma=8;p=2^-8;curve=P-256,409183,269,measured,ok,unavailable,gc,go1.18.1,Release,JerryZ
2026-08-19T14:08:07.760174512Z,FMD,sender_signaling,fmd_sender_preparation,sender,385,false,not_applicable,unclear,gamma=8;p=2^-8;curve=P-256,-1,,not_applicable,not_applicable,unavailable,gc,go1.18.1,Release,JerryZ
2026-08-19T14:08:07.761282098Z,FMD,sender_signaling,message_encryption,sender,385,false,not_applicable,unclear,gamma=8;p=2^-8;curve=P-256,-1,,not_applicable,not_applicable,unavailable,gc,go1.18.1,Release,JerryZ
2026-08-19T14:08:07.764312039Z,FMD,sender_signaling,fmd_sender_total_signaling,sender,385,false,not_applicable,unclear,gamma=8;p=2^-8;curve=P-256,871962,268,measured,ok,unavailable,gc,go1.18.1,Release,JerryZ
2026-08-19T14:08:07.776673658Z,FMD,sender_signaling,fmd_flag_generation,sender,386,false,not_applicable,unclear,gamma=8;p=2^-8;curve=P-256,706075,270,measured,ok,unavailable,gc,go1.18.1,Release,JerryZ
2026-08-19T14:08:07.77836815Z,FMD,sender_signaling,fmd_sender_preparation,sender,386,false,not_applicable,unclear,gamma=8;p=2^-8;curve=P-256,-1,,not_applicable,not_applicable,unavailable,gc,go1.18.1,Release,JerryZ
2026-08-19T14:08:07.77979185Z,FMD,sender_signaling,message_encryption,sender,386,false,not_applicable,unclear,gamma=8;p=2^-8;curve=P-256,-1,,not_applicable,not_applicable,unavailable,gc,go1.18.1,Release,JerryZ
2026-08-19T14:08:07.78183095Z,FMD,sender_signaling,fmd_sender_total_signaling,sender,386,false,not_applicable,unclear,gamma=8;p=2^-8;curve=P-256,371392,270,measured,ok,unavailable,gc,go1.18.1,Release,JerryZ
2026-08-19T14:08:07.784444843Z,FMD,sender_signaling,fmd_flag_generation,sender,387,false,not_applicable,unclear,gamma=8;p=2^-8;curve=P-256,731073,270,measured,ok,unavailable,gc,go1.18.1,Release,JerryZ
2026-08-19T14:08:07.793949878Z,FMD,sender_signaling,fmd_sender_preparation,sender,387,false,not_applicable,unclear,gamma=8;p=2^-8;curve=P-256,-1,,not_applicable,not_applicable,unavailable,gc,go1.18.1,Release,JerryZ
2026-08-19T14:08:07.795382124Z,FMD,sender_signaling,message_encryption,sender,387,false,not_applicable,unclear,gamma=8;p=2^-8;curve=P-256,-1,,not_applicable,not_applicable,unavailable,gc,go1.18.1,Release,JerryZ
2026-08-19T14:08:07.797337605Z,FMD,sender_signaling,fmd_sender_total_signaling,sender,387,false,not_applicable,unclear,gamma=8;p=2^-8;curve=P-256,387243,269,measured,ok,unavailable,gc,go1.18.1,Release,JerryZ
2026-08-19T14:08:07.799472928Z,FMD,sender_signaling,fmd_flag_generation,sender,388,false,not_applicable,unclear,gamma=8;p=2^-8;curve=P-256,419193,268,measured,ok,unavailable,gc,go1.18.1,Release,JerryZ
2026-08-19T14:08:07.800775844Z,FMD,sender_signaling,fmd_sender_preparation,sender,388,false,not_applicable,unclear,gamma=8;p=2^-8;curve=P-256,-1,,not_applicable,not_applicable,unavailable,gc,go1.18.1,Release,JerryZ
2026-08-19T14:08:07.811369101Z,FMD,sender_signaling,message_encryption,sender,388,false,not_applicable,unclear,gamma=8;p=2^-8;curve=P-256,-1,,not_applicable,not_applicable,unavailable,gc,go1.18.1,Release,JerryZ
2026-08-19T14:08:07.814122009Z,FMD,sender_signaling,fmd_sender_total_signaling,sender,388,false,not_applicable,unclear,gamma=8;p=2^-8;curve=P-256,374652,269,measured,ok,unavailable,gc,go1.18.1,Release,JerryZ
2026-08-19T14:08:07.816163616Z,FMD,sender_signaling,fmd_flag_generation,sender,389,false,not_applicable,unclear,gamma=8;p=2^-8;curve=P-256,368921,270,measured,ok,unavailable,gc,go1.18.1,Release,JerryZ
2026-08-19T14:08:07.817262133Z,FMD,sender_signaling,fmd_sender_preparation,sender,389,false,not_applicable,unclear,gamma=8;p=2^-8;curve=P-256,-1,,not_applicable,not_applicable,unavailable,gc,go1.18.1,Release,JerryZ
2026-08-19T14:08:07.818494498Z,FMD,sender_signaling,message_encryption,sender,389,false,not_applicable,unclear,gamma=8;p=2^-8;curve=P-256,-1,,not_applicable,not_applicable,unavailable,gc,go1.18.1,Release,JerryZ
2026-08-19T14:08:07.820788599Z,FMD,sender_signaling,fmd_sender_total_signaling,sender,389,false,not_applicable,unclear,gamma=8;p=2^-8;curve=P-256,579183,269,measured,ok,unavailable,gc,go1.18.1,Release,JerryZ
2026-08-19T14:08:07.831510272Z,FMD,sender_signaling,fmd_flag_generation,sender,390,false,not_applicable,unclear,gamma=8;p=2^-8;curve=P-256,839442,269,measured,ok,unavailable,gc,go1.18.1,Release,JerryZ
2026-08-19T14:08:07.833146475Z,FMD,sender_signaling,fmd_sender_preparation,sender,390,false,not_applicable,unclear,gamma=8;p=2^-8;curve=P-256,-1,,not_applicable,not_applicable,unavailable,gc,go1.18.1,Release,JerryZ
2026-08-19T14:08:07.834297252Z,FMD,sender_signaling,message_encryption,sender,390,false,not_applicable,unclear,gamma=8;p=2^-8;curve=P-256,-1,,not_applicable,not_applicable,unavailable,gc,go1.18.1,Release,JerryZ
2026-08-19T14:08:07.836438443Z,FMD,sender_signaling,fmd_sender_total_signaling,sender,390,false,not_applicable,unclear,gamma=8;p=2^-8;curve=P-256,414573,270,measured,ok,unavailable,gc,go1.18.1,Release,JerryZ
2026-08-19T14:08:07.839014054Z,FMD,sender_signaling,fmd_flag_generation,sender,391,false,not_applicable,unclear,gamma=8;p=2^-8;curve=P-256,513005,269,measured,ok,unavailable,gc,go1.18.1,Release,JerryZ
2026-08-19T14:08:07.848792712Z,FMD,sender_signaling,fmd_sender_preparation,sender,391,false,not_applicable,unclear,gamma=8;p=2^-8;curve=P-256,-1,,not_applicable,not_applicable,unavailable,gc,go1.18.1,Release,JerryZ
2026-08-19T14:08:07.850617683Z,FMD,sender_signaling,message_encryption,sender,391,false,not_applicable,unclear,gamma=8;p=2^-8;curve=P-256,-1,,not_applicable,not_applicable,unavailable,gc,go1.18.1,Release,JerryZ
2026-08-19T14:08:07.852986609Z,FMD,sender_signaling,fmd_sender_total_signaling,sender,391,false,not_applicable,unclear,gamma=8;p=2^-8;curve=P-256,407162,269,measured,ok,unavailable,gc,go1.18.1,Release,JerryZ
2026-08-19T14:08:07.855270469Z,FMD,sender_signaling,fmd_flag_generation,sender,392,false,not_applicable,unclear,gamma=8;p=2^-8;curve=P-256,480788,269,measured,ok,unavailable,gc,go1.18.1,Release,JerryZ
2026-08-19T14:08:07.856734486Z,FMD,sender_signaling,fmd_sender_preparation,sender,392,false,not_applicable,unclear,gamma=8;p=2^-8;curve=P-256,-1,,not_applicable,not_applicable,unavailable,gc,go1.18.1,Release,JerryZ
2026-08-19T14:08:07.868209991Z,FMD,sender_signaling,message_encryption,sender,392,false,not_applicable,unclear,gamma=8;p=2^-8;curve=P-256,-1,,not_applicable,not_applicable,unavailable,gc,go1.18.1,Release,JerryZ
2026-08-19T14:08:07.870146416Z,FMD,sender_signaling,fmd_sender_total_signaling,sender,392,false,not_applicable,unclear,gamma=8;p=2^-8;curve=P-256,385360,269,measured,ok,unavailable,gc,go1.18.1,Release,JerryZ
2026-08-19T14:08:07.872282124Z,FMD,sender_signaling,fmd_flag_generation,sender,393,false,not_applicable,unclear,gamma=8;p=2^-8;curve=P-256,369877,270,measured,ok,unavailable,gc,go1.18.1,Release,JerryZ
2026-08-19T14:08:07.873764697Z,FMD,sender_signaling,fmd_sender_preparation,sender,393,false,not_applicable,unclear,gamma=8;p=2^-8;curve=P-256,-1,,not_applicable,not_applicable,unavailable,gc,go1.18.1,Release,JerryZ
2026-08-19T14:08:07.885988637Z,FMD,sender_signaling,message_encryption,sender,393,false,not_applicable,unclear,gamma=8;p=2^-8;curve=P-256,-1,,not_applicable,not_applicable,unavailable,gc,go1.18.1,Release,JerryZ
2026-08-19T14:08:07.888536072Z,FMD,sender_signaling,fmd_sender_total_signaling,sender,393,false,not_applicable,unclear,gamma=8;p=2^-8;curve=P-256,413600,268,measured,ok,unavailable,gc,go1.18.1,Release,JerryZ
2026-08-19T14:08:07.890635008Z,FMD,sender_signaling,fmd_flag_generation,sender,394,false,not_applicable,unclear,gamma=8;p=2^-8;curve=P-256,385057,270,measured,ok,unavailable,gc,go1.18.1,Release,JerryZ
2026-08-19T14:08:07.891682913Z,FMD,sender_signaling,fmd_sender_preparation,sender,394,false,not_applicable,unclear,gamma=8;p=2^-8;curve=P-256,-1,,not_applicable,not_applicable,unavailable,gc,go1.18.1,Release,JerryZ
2026-08-19T14:08:07.892747827Z,FMD,sender_signaling,message_encryption,sender,394,false,not_applicable,unclear,gamma=8;p=2^-8;curve=P-256,-1,,not_applicable,not_applicable,unavailable,gc,go1.18.1,Release,JerryZ
2026-08-19T14:08:07.904574892Z,FMD,sender_signaling,fmd_sender_total_signaling,sender,394,false,not_applicable,unclear,gamma=8;p=2^-8;curve=P-256,386242,270,measured,ok,unavailable,gc,go1.18.1,Release,JerryZ
2026-08-19T14:08:07.906906371Z,FMD,sender_signaling,fmd_flag_generation,sender,395,false,not_applicable,unclear,gamma=8;p=2^-8;curve=P-256,370685,269,measured,ok,unavailable,gc,go1.18.1,Release,JerryZ
2026-08-19T14:08:07.908039078Z,FMD,sender_signaling,fmd_sender_preparation,sender,395,false,not_applicable,unclear,gamma=8;p=2^-8;curve=P-256,-1,,not_applicable,not_applicable,unavailable,gc,go1.18.1,Release,JerryZ
2026-08-19T14:08:07.909064216Z,FMD,sender_signaling,message_encryption,sender,395,false,not_applicable,unclear,gamma=8;p=2^-8;curve=P-256,-1,,not_applicable,not_applicable,unavailable,gc,go1.18.1,Release,JerryZ
2026-08-19T14:08:07.911752755Z,FMD,sender_signaling,fmd_sender_total_signaling,sender,395,false,not_applicable,unclear,gamma=8;p=2^-8;curve=P-256,872210,269,measured,ok,unavailable,gc,go1.18.1,Release,JerryZ
2026-08-19T14:08:07.92434237Z,FMD,sender_signaling,fmd_flag_generation,sender,396,false,not_applicable,unclear,gamma=8;p=2^-8;curve=P-256,491772,270,measured,ok,unavailable,gc,go1.18.1,Release,JerryZ
2026-08-19T14:08:07.9254004Z,FMD,sender_signaling,fmd_sender_preparation,sender,396,false,not_applicable,unclear,gamma=8;p=2^-8;curve=P-256,-1,,not_applicable,not_applicable,unavailable,gc,go1.18.1,Release,JerryZ
2026-08-19T14:08:07.926590548Z,FMD,sender_signaling,message_encryption,sender,396,false,not_applicable,unclear,gamma=8;p=2^-8;curve=P-256,-1,,not_applicable,not_applicable,unavailable,gc,go1.18.1,Release,JerryZ
2026-08-19T14:08:07.928715396Z,FMD,sender_signaling,fmd_sender_total_signaling,sender,396,false,not_applicable,unclear,gamma=8;p=2^-8;curve=P-256,389125,268,measured,ok,unavailable,gc,go1.18.1,Release,JerryZ
2026-08-19T14:08:07.941449603Z,FMD,sender_signaling,fmd_flag_generation,sender,397,false,not_applicable,unclear,gamma=8;p=2^-8;curve=P-256,830360,269,measured,ok,unavailable,gc,go1.18.1,Release,JerryZ
2026-08-19T14:08:07.943108816Z,FMD,sender_signaling,fmd_sender_preparation,sender,397,false,not_applicable,unclear,gamma=8;p=2^-8;curve=P-256,-1,,not_applicable,not_applicable,unavailable,gc,go1.18.1,Release,JerryZ
2026-08-19T14:08:07.944160692Z,FMD,sender_signaling,message_encryption,sender,397,false,not_applicable,unclear,gamma=8;p=2^-8;curve=P-256,-1,,not_applicable,not_applicable,unavailable,gc,go1.18.1,Release,JerryZ
2026-08-19T14:08:07.945919017Z,FMD,sender_signaling,fmd_sender_total_signaling,sender,397,false,not_applicable,unclear,gamma=8;p=2^-8;curve=P-256,373127,270,measured,ok,unavailable,gc,go1.18.1,Release,JerryZ
2026-08-19T14:08:07.948444714Z,FMD,sender_signaling,fmd_flag_generation,sender,398,false,not_applicable,unclear,gamma=8;p=2^-8;curve=P-256,476472,269,measured,ok,unavailable,gc,go1.18.1,Release,JerryZ
2026-08-19T14:08:07.958844955Z,FMD,sender_signaling,fmd_sender_preparation,sender,398,false,not_applicable,unclear,gamma=8;p=2^-8;curve=P-256,-1,,not_applicable,not_applicable,unavailable,gc,go1.18.1,Release,JerryZ
2026-08-19T14:08:07.959953895Z,FMD,sender_signaling,message_encryption,sender,398,false,not_applicable,unclear,gamma=8;p=2^-8;curve=P-256,-1,,not_applicable,not_applicable,unavailable,gc,go1.18.1,Release,JerryZ
2026-08-19T14:08:07.96239315Z,FMD,sender_signaling,fmd_sender_total_signaling,sender,398,false,not_applicable,unclear,gamma=8;p=2^-8;curve=P-256,380621,270,measured,ok,unavailable,gc,go1.18.1,Release,JerryZ
2026-08-19T14:08:07.965016241Z,FMD,sender_signaling,fmd_flag_generation,sender,399,false,not_applicable,unclear,gamma=8;p=2^-8;curve=P-256,380667,269,measured,ok,unavailable,gc,go1.18.1,Release,JerryZ
2026-08-19T14:08:07.966235189Z,FMD,sender_signaling,fmd_sender_preparation,sender,399,false,not_applicable,unclear,gamma=8;p=2^-8;curve=P-256,-1,,not_applicable,not_applicable,unavailable,gc,go1.18.1,Release,JerryZ
2026-08-19T14:08:07.977023716Z,FMD,sender_signaling,message_encryption,sender,399,false,not_applicable,unclear,gamma=8;p=2^-8;curve=P-256,-1,,not_applicable,not_applicable,unavailable,gc,go1.18.1,Release,JerryZ
2026-08-19T14:08:07.979499223Z,FMD,sender_signaling,fmd_sender_total_signaling,sender,399,false,not_applicable,unclear,gamma=8;p=2^-8;curve=P-256,421783,270,measured,ok,unavailable,gc,go1.18.1,Release,JerryZ
2026-08-19T14:08:07.981820684Z,FMD,sender_signaling,fmd_flag_generation,sender,400,false,not_applicable,unclear,gamma=8;p=2^-8;curve=P-256,379428,269,measured,ok,unavailable,gc,go1.18.1,Release,JerryZ
2026-08-19T14:08:07.98321619Z,FMD,sender_signaling,fmd_sender_preparation,sender,400,false,not_applicable,unclear,gamma=8;p=2^-8;curve=P-256,-1,,not_applicable,not_applicable,unavailable,gc,go1.18.1,Release,JerryZ
2026-08-19T14:08:07.984229114Z,FMD,sender_signaling,message_encryption,sender,400,false,not_applicable,unclear,gamma=8;p=2^-8;curve=P-256,-1,,not_applicable,not_applicable,unavailable,gc,go1.18.1,Release,JerryZ
2026-08-19T14:08:07.99651982Z,FMD,sender_signaling,fmd_sender_total_signaling,sender,400,false,not_applicable,unclear,gamma=8;p=2^-8;curve=P-256,377416,270,measured,ok,unavailable,gc,go1.18.1,Release,JerryZ
2026-08-19T14:08:07.998590379Z,FMD,sender_signaling,fmd_flag_generation,sender,401,false,not_applicable,unclear,gamma=8;p=2^-8;curve=P-256,378142,270,measured,ok,unavailable,gc,go1.18.1,Release,JerryZ
2026-08-19T14:08:07.999672768Z,FMD,sender_signaling,fmd_sender_preparation,sender,401,false,not_applicable,unclear,gamma=8;p=2^-8;curve=P-256,-1,,not_applicable,not_applicable,unavailable,gc,go1.18.1,Release,JerryZ
2026-08-19T14:08:08.001008042Z,FMD,sender_signaling,message_encryption,sender,401,false,not_applicable,unclear,gamma=8;p=2^-8;curve=P-256,-1,,not_applicable,not_applicable,unavailable,gc,go1.18.1,Release,JerryZ
2026-08-19T14:08:08.002778361Z,FMD,sender_signaling,fmd_sender_total_signaling,sender,401,false,not_applicable,unclear,gamma=8;p=2^-8;curve=P-256,357727,268,measured,ok,unavailable,gc,go1.18.1,Release,JerryZ
2026-08-19T14:08:08.014216744Z,FMD,sender_signaling,fmd_flag_generation,sender,402,false,not_applicable,unclear,gamma=8;p=2^-8;curve=P-256,371777,268,measured,ok,unavailable,gc,go1.18.1,Release,JerryZ
2026-08-19T14:08:08.015391247Z,FMD,sender_signaling,fmd_sender_preparation,sender,402,false,not_applicable,unclear,gamma=8;p=2^-8;curve=P-256,-1,,not_applicable,not_applicable,unavailable,gc,go1.18.1,Release,JerryZ
2026-08-19T14:08:08.016775204Z,FMD,sender_signaling,message_encryption,sender,402,false,not_applicable,unclear,gamma=8;p=2^-8;curve=P-256,-1,,not_applicable,not_applicable,unavailable,gc,go1.18.1,Release,JerryZ
2026-08-19T14:08:08.018831955Z,FMD,sender_signaling,fmd_sender_total_signaling,sender,402,false,not_applicable,unclear,gamma=8;p=2^-8;curve=P-256,505062,269,measured,ok,unavailable,gc,go1.18.1,Release,JerryZ
2026-08-19T14:08:08.020727173Z,FMD,sender_signaling,fmd_flag_generation,sender,403,false,not_applicable,unclear,gamma=8;p=2^-8;curve=P-256,354162,268,measured,ok,unavailable,gc,go1.18.1,Release,JerryZ
2026-08-19T14:08:08.033368201Z,FMD,sender_signaling,fmd_sender_preparation,sender,403,false,not_applicable,unclear,gamma=8;p=2^-8;curve=P-256,-1,,not_applicable,not_applicable,unavailable,gc,go1.18.1,Release,JerryZ
2026-08-19T14:08:08.034977142Z,FMD,sender_signaling,message_encryption,sender,403,false,not_applicable,unclear,gamma=8;p=2^-8;curve=P-256,-1,,not_applicable,not_applicable,unavailable,gc,go1.18.1,Release,JerryZ
2026-08-19T14:08:08.03685171Z,FMD,sender_signaling,fmd_sender_total_signaling,sender,403,false,not_applicable,unclear,gamma=8;p=2^-8;curve=P-256,376332,268,measured,ok,unavailable,gc,go1.18.1,Release,JerryZ
2026-08-19T14:08:08.039538003Z,FMD,sender_signaling,fmd_flag_generation,sender,404,false,not_applicable,unclear,gamma=8;p=2^-8;curve=P-256,836108,269,measured,ok,unavailable,gc,go1.18.1,Release,JerryZ
2026-08-19T14:08:08.050743937Z,FMD,sender_signaling,fmd_sender_preparation,sender,404,false,not_applicable,unclear,gamma=8;p=2^-8;curve=P-256,-1,,not_applicable,not_applicable,unavailable,gc,go1.18.1,Release,JerryZ
2026-08-19T14:08:08.051933597Z,FMD,sender_signaling,message_encryption,sender,404,false,not_applicable,unclear,gamma=8;p=2^-8;curve=P-256,-1,,not_applicable,not_applicable,unavailable,gc,go1.18.1,Release,JerryZ
2026-08-19T14:08:08.054542844Z,FMD,sender_signaling,fmd_sender_total_signaling,sender,404,false,not_applicable,unclear,gamma=8;p=2^-8;curve=P-256,403783,269,measured,ok,unavailable,gc,go1.18.1,Release,JerryZ
2026-08-19T14:08:08.056604228Z,FMD,sender_signaling,fmd_flag_generation,sender,405,false,not_applicable,unclear,gamma=8;p=2^-8;curve=P-256,354355,265,measured,ok,unavailable,gc,go1.18.1,Release,JerryZ
2026-08-19T14:08:08.057623663Z,FMD,sender_signaling,fmd_sender_preparation,sender,405,false,not_applicable,unclear,gamma=8;p=2^-8;curve=P-256,-1,,not_applicable,not_applicable,unavailable,gc,go1.18.1,Release,JerryZ
2026-08-19T14:08:08.068757678Z,FMD,sender_signaling,message_encryption,sender,405,false,not_applicable,unclear,gamma=8;p=2^-8;curve=P-256,-1,,not_applicable,not_applicable,unavailable,gc,go1.18.1,Release,JerryZ
2026-08-19T14:08:08.071503579Z,FMD,sender_signaling,fmd_sender_total_signaling,sender,405,false,not_applicable,unclear,gamma=8;p=2^-8;curve=P-256,597845,270,measured,ok,unavailable,gc,go1.18.1,Release,JerryZ
2026-08-19T14:08:08.074059065Z,FMD,sender_signaling,fmd_flag_generation,sender,406,false,not_applicable,unclear,gamma=8;p=2^-8;curve=P-256,373917,268,measured,ok,unavailable,gc,go1.18.1,Release,JerryZ
2026-08-19T14:08:08.075327482Z,FMD,sender_signaling,fmd_sender_preparation,sender,406,false,not_applicable,unclear,gamma=8;p=2^-8;curve=P-256,-1,,not_applicable,not_applicable,unavailable,gc,go1.18.1,Release,JerryZ
2026-08-19T14:08:08.076432491Z,FMD,sender_signaling,message_encryption,sender,406,false,not_applicable,unclear,gamma=8;p=2^-8;curve=P-256,-1,,not_applicable,not_applicable,unavailable,gc,go1.18.1,Release,JerryZ
2026-08-19T14:08:08.088533181Z,FMD,sender_signaling,fmd_sender_total_signaling,sender,406,false,not_applicable,unclear,gamma=8;p=2^-8;curve=P-256,414252,270,measured,ok,unavailable,gc,go1.18.1,Release,JerryZ
2026-08-19T14:08:08.091412407Z,FMD,sender_signaling,fmd_flag_generation,sender,407,false,not_applicable,unclear,gamma=8;p=2^-8;curve=P-256,412470,270,measured,ok,unavailable,gc,go1.18.1,Release,JerryZ
2026-08-19T14:08:08.092436411Z,FMD,sender_signaling,fmd_sender_preparation,sender,407,false,not_applicable,unclear,gamma=8;p=2^-8;curve=P-256,-1,,not_applicable,not_applicable,unavailable,gc,go1.18.1,Release,JerryZ
2026-08-19T14:08:08.093404747Z,FMD,sender_signaling,message_encryption,sender,407,false,not_applicable,unclear,gamma=8;p=2^-8;curve=P-256,-1,,not_applicable,not_applicable,unavailable,gc,go1.18.1,Release,JerryZ
2026-08-19T14:08:08.095829134Z,FMD,sender_signaling,fmd_sender_total_signaling,sender,407,false,not_applicable,unclear,gamma=8;p=2^-8;curve=P-256,796196,270,measured,ok,unavailable,gc,go1.18.1,Release,JerryZ
2026-08-19T14:08:08.107752797Z,FMD,sender_signaling,fmd_flag_generation,sender,408,false,not_applicable,unclear,gamma=8;p=2^-8;curve=P-256,385774,269,measured,ok,unavailable,gc,go1.18.1,Release,JerryZ
2026-08-19T14:08:08.10893062Z,FMD,sender_signaling,fmd_sender_preparation,sender,408,false,not_applicable,unclear,gamma=8;p=2^-8;curve=P-256,-1,,not_applicable,not_applicable,unavailable,gc,go1.18.1,Release,JerryZ
2026-08-19T14:08:08.110246902Z,FMD,sender_signaling,message_encryption,sender,408,false,not_applicable,unclear,gamma=8;p=2^-8;curve=P-256,-1,,not_applicable,not_applicable,unavailable,gc,go1.18.1,Release,JerryZ
2026-08-19T14:08:08.112683934Z,FMD,sender_signaling,fmd_sender_total_signaling,sender,408,false,not_applicable,unclear,gamma=8;p=2^-8;curve=P-256,395085,268,measured,ok,unavailable,gc,go1.18.1,Release,JerryZ
2026-08-19T14:08:08.124363324Z,FMD,sender_signaling,fmd_flag_generation,sender,409,false,not_applicable,unclear,gamma=8;p=2^-8;curve=P-256,710135,270,measured,ok,unavailable,gc,go1.18.1,Release,JerryZ
2026-08-19T14:08:08.125814498Z,FMD,sender_signaling,fmd_sender_preparation,sender,409,false,not_applicable,unclear,gamma=8;p=2^-8;curve=P-256,-1,,not_applicable,not_applicable,unavailable,gc,go1.18.1,Release,JerryZ
2026-08-19T14:08:08.126944855Z,FMD,sender_signaling,message_encryption,sender,409,false,not_applicable,unclear,gamma=8;p=2^-8;curve=P-256,-1,,not_applicable,not_applicable,unavailable,gc,go1.18.1,Release,JerryZ
2026-08-19T14:08:08.129045968Z,FMD,sender_signaling,fmd_sender_total_signaling,sender,409,false,not_applicable,unclear,gamma=8;p=2^-8;curve=P-256,373807,269,measured,ok,unavailable,gc,go1.18.1,Release,JerryZ
2026-08-19T14:08:08.131753678Z,FMD,sender_signaling,fmd_flag_generation,sender,410,false,not_applicable,unclear,gamma=8;p=2^-8;curve=P-256,939693,269,measured,ok,unavailable,gc,go1.18.1,Release,JerryZ
2026-08-19T14:08:08.142864863Z,FMD,sender_signaling,fmd_sender_preparation,sender,410,false,not_applicable,unclear,gamma=8;p=2^-8;curve=P-256,-1,,not_applicable,not_applicable,unavailable,gc,go1.18.1,Release,JerryZ
2026-08-19T14:08:08.143974101Z,FMD,sender_signaling,message_encryption,sender,410,false,not_applicable,unclear,gamma=8;p=2^-8;curve=P-256,-1,,not_applicable,not_applicable,unavailable,gc,go1.18.1,Release,JerryZ
2026-08-19T14:08:08.146262595Z,FMD,sender_signaling,fmd_sender_total_signaling,sender,410,false,not_applicable,unclear,gamma=8;p=2^-8;curve=P-256,410726,268,measured,ok,unavailable,gc,go1.18.1,Release,JerryZ
2026-08-19T14:08:08.148388358Z,FMD,sender_signaling,fmd_flag_generation,sender,411,false,not_applicable,unclear,gamma=8;p=2^-8;curve=P-256,417402,270,measured,ok,unavailable,gc,go1.18.1,Release,JerryZ
2026-08-19T14:08:08.149548093Z,FMD,sender_signaling,fmd_sender_preparation,sender,411,false,not_applicable,unclear,gamma=8;p=2^-8;curve=P-256,-1,,not_applicable,not_applicable,unavailable,gc,go1.18.1,Release,JerryZ
2026-08-19T14:08:08.160599873Z,FMD,sender_signaling,message_encryption,sender,411,false,not_applicable,unclear,gamma=8;p=2^-8;curve=P-256,-1,,not_applicable,not_applicable,unavailable,gc,go1.18.1,Release,JerryZ
2026-08-19T14:08:08.163693916Z,FMD,sender_signaling,fmd_sender_total_signaling,sender,411,false,not_applicable,unclear,gamma=8;p=2^-8;curve=P-256,938802,270,measured,ok,unavailable,gc,go1.18.1,Release,JerryZ
2026-08-19T14:08:08.166025291Z,FMD,sender_signaling,fmd_flag_generation,sender,412,false,not_applicable,unclear,gamma=8;p=2^-8;curve=P-256,372723,269,measured,ok,unavailable,gc,go1.18.1,Release,JerryZ
2026-08-19T14:08:08.167354435Z,FMD,sender_signaling,fmd_sender_preparation,sender,412,false,not_applicable,unclear,gamma=8;p=2^-8;curve=P-256,-1,,not_applicable,not_applicable,unavailable,gc,go1.18.1,Release,JerryZ
2026-08-19T14:08:08.168483892Z,FMD,sender_signaling,message_encryption,sender,412,false,not_applicable,unclear,gamma=8;p=2^-8;curve=P-256,-1,,not_applicable,not_applicable,unavailable,gc,go1.18.1,Release,JerryZ
2026-08-19T14:08:08.181514157Z,FMD,sender_signaling,fmd_sender_total_signaling,sender,412,false,not_applicable,unclear,gamma=8;p=2^-8;curve=P-256,885710,269,measured,ok,unavailable,gc,go1.18.1,Release,JerryZ
2026-08-19T14:08:08.184571471Z,FMD,sender_signaling,fmd_flag_generation,sender,413,false,not_applicable,unclear,gamma=8;p=2^-8;curve=P-256,888419,269,measured,ok,unavailable,gc,go1.18.1,Release,JerryZ
2026-08-19T14:08:08.185820573Z,FMD,sender_signaling,fmd_sender_preparation,sender,413,false,not_applicable,unclear,gamma=8;p=2^-8;curve=P-256,-1,,not_applicable,not_applicable,unavailable,gc,go1.18.1,Release,JerryZ
2026-08-19T14:08:08.197013815Z,FMD,sender_signaling,message_encryption,sender,413,false,not_applicable,unclear,gamma=8;p=2^-8;curve=P-256,-1,,not_applicable,not_applicable,unavailable,gc,go1.18.1,Release,JerryZ
2026-08-19T14:08:08.199247936Z,FMD,sender_signaling,fmd_sender_total_signaling,sender,413,false,not_applicable,unclear,gamma=8;p=2^-8;curve=P-256,640779,269,measured,ok,unavailable,gc,go1.18.1,Release,JerryZ
2026-08-19T14:08:08.201539379Z,FMD,sender_signaling,fmd_flag_generation,sender,414,false,not_applicable,unclear,gamma=8;p=2^-8;curve=P-256,382706,269,measured,ok,unavailable,gc,go1.18.1,Release,JerryZ
2026-08-19T14:08:08.203370461Z,FMD,sender_signaling,fmd_sender_preparation,sender,414,false,not_applicable,unclear,gamma=8;p=2^-8;curve=P-256,-1,,not_applicable,not_applicable,unavailable,gc,go1.18.1,Release,JerryZ
2026-08-19T14:08:08.20445309Z,FMD,sender_signaling,message_encryption,sender,414,false,not_applicable,unclear,gamma=8;p=2^-8;curve=P-256,-1,,not_applicable,not_applicable,unavailable,gc,go1.18.1,Release,JerryZ
2026-08-19T14:08:08.216474769Z,FMD,sender_signaling,fmd_sender_total_signaling,sender,414,false,not_applicable,unclear,gamma=8;p=2^-8;curve=P-256,808034,269,measured,ok,unavailable,gc,go1.18.1,Release,JerryZ
2026-08-19T14:08:08.219018365Z,FMD,sender_signaling,fmd_flag_generation,sender,415,false,not_applicable,unclear,gamma=8;p=2^-8;curve=P-256,443567,270,measured,ok,unavailable,gc,go1.18.1,Release,JerryZ
2026-08-19T14:08:08.220424106Z,FMD,sender_signaling,fmd_sender_preparation,sender,415,false,not_applicable,unclear,gamma=8;p=2^-8;curve=P-256,-1,,not_applicable,not_applicable,unavailable,gc,go1.18.1,Release,JerryZ
2026-08-19T14:08:08.221565814Z,FMD,sender_signaling,message_encryption,sender,415,false,not_applicable,unclear,gamma=8;p=2^-8;curve=P-256,-1,,not_applicable,not_applicable,unavailable,gc,go1.18.1,Release,JerryZ
2026-08-19T14:08:08.223718158Z,FMD,sender_signaling,fmd_sender_total_signaling,sender,415,false,not_applicable,unclear,gamma=8;p=2^-8;curve=P-256,432408,269,measured,ok,unavailable,gc,go1.18.1,Release,JerryZ
2026-08-19T14:08:08.234939006Z,FMD,sender_signaling,fmd_flag_generation,sender,416,false,not_applicable,unclear,gamma=8;p=2^-8;curve=P-256,394323,271,measured,ok,unavailable,gc,go1.18.1,Release,JerryZ
2026-08-19T14:08:08.23654285Z,FMD,sender_signaling,fmd_sender_preparation,sender,416,false,not_applicable,unclear,gamma=8;p=2^-8;curve=P-256,-1,,not_applicable,not_applicable,unavailable,gc,go1.18.1,Release,JerryZ
2026-08-19T14:08:08.237683226Z,FMD,sender_signaling,message_encryption,sender,416,false,not_applicable,unclear,gamma=8;p=2^-8;curve=P-256,-1,,not_applicable,not_applicable,unavailable,gc,go1.18.1,Release,JerryZ
2026-08-19T14:08:08.239632435Z,FMD,sender_signaling,fmd_sender_total_signaling,sender,416,false,not_applicable,unclear,gamma=8;p=2^-8;curve=P-256,421085,269,measured,ok,unavailable,gc,go1.18.1,Release,JerryZ
2026-08-19T14:08:08.241337889Z,FMD,sender_signaling,fmd_flag_generation,sender,417,false,not_applicable,unclear,gamma=8;p=2^-8;curve=P-256,348175,269,measured,ok,unavailable,gc,go1.18.1,Release,JerryZ
2026-08-19T14:08:08.252840127Z,FMD,sender_signaling,fmd_sender_preparation,sender,417,false,not_applicable,unclear,gamma=8;p=2^-8;curve=P-256,-1,,not_applicable,not_applicable,unavailable,gc,go1.18.1,Release,JerryZ
2026-08-19T14:08:08.254328706Z,FMD,sender_signaling,message_encryption,sender,417,false,not_applicable,unclear,gamma=8;p=2^-8;curve=P-256,-1,,not_applicable,not_applicable,unavailable,gc,go1.18.1,Release,JerryZ
2026-08-19T14:08:08.256298841Z,FMD,sender_signaling,fmd_sender_total_signaling,sender,417,false,not_applicable,unclear,gamma=8;p=2^-8;curve=P-256,407622,268,measured,ok,unavailable,gc,go1.18.1,Release,JerryZ
2026-08-19T14:08:08.258801837Z,FMD,sender_signaling,fmd_flag_generation,sender,418,false,not_applicable,unclear,gamma=8;p=2^-8;curve=P-256,378500,269,measured,ok,unavailable,gc,go1.18.1,Release,JerryZ
2026-08-19T14:08:08.260077706Z,FMD,sender_signaling,fmd_sender_preparation,sender,418,false,not_applicable,unclear,gamma=8;p=2^-8;curve=P-256,-1,,not_applicable,not_applicable,unavailable,gc,go1.18.1,Release,JerryZ
2026-08-19T14:08:08.271207101Z,FMD,sender_signaling,message_encryption,sender,418,false,not_applicable,unclear,gamma=8;p=2^-8;curve=P-256,-1,,not_applicable,not_applicable,unavailable,gc,go1.18.1,Release,JerryZ
2026-08-19T14:08:08.273477044Z,FMD,sender_signaling,fmd_sender_total_signaling,sender,418,false,not_applicable,unclear,gamma=8;p=2^-8;curve=P-256,647763,270,measured,ok,unavailable,gc,go1.18.1,Release,JerryZ
2026-08-19T14:08:08.275601475Z,FMD,sender_signaling,fmd_flag_generation,sender,419,false,not_applicable,unclear,gamma=8;p=2^-8;curve=P-256,400476,269,measured,ok,unavailable,gc,go1.18.1,Release,JerryZ
2026-08-19T14:08:08.276696851Z,FMD,sender_signaling,fmd_sender_preparation,sender,419,false,not_applicable,unclear,gamma=8;p=2^-8;curve=P-256,-1,,not_applicable,not_applicable,unavailable,gc,go1.18.1,Release,JerryZ
2026-08-19T14:08:08.27828584Z,FMD,sender_signaling,message_encryption,sender,419,false,not_applicable,unclear,gamma=8;p=2^-8;curve=P-256,-1,,not_applicable,not_applicable,unavailable,gc,go1.18.1,Release,JerryZ
2026-08-19T14:08:08.290297658Z,FMD,sender_signaling,fmd_sender_total_signaling,sender,419,false,not_applicable,unclear,gamma=8;p=2^-8;curve=P-256,805610,269,measured,ok,unavailable,gc,go1.18.1,Release,JerryZ
2026-08-19T14:08:08.292380863Z,FMD,sender_signaling,fmd_flag_generation,sender,420,false,not_applicable,unclear,gamma=8;p=2^-8;curve=P-256,368444,269,measured,ok,unavailable,gc,go1.18.1,Release,JerryZ
2026-08-19T14:08:08.293618229Z,FMD,sender_signaling,fmd_sender_preparation,sender,420,false,not_applicable,unclear,gamma=8;p=2^-8;curve=P-256,-1,,not_applicable,not_applicable,unavailable,gc,go1.18.1,Release,JerryZ
2026-08-19T14:08:08.29464328Z,FMD,sender_signaling,message_encryption,sender,420,false,not_applicable,unclear,gamma=8;p=2^-8;curve=P-256,-1,,not_applicable,not_applicable,unavailable,gc,go1.18.1,Release,JerryZ
2026-08-19T14:08:08.296660664Z,FMD,sender_signaling,fmd_sender_total_signaling,sender,420,false,not_applicable,unclear,gamma=8;p=2^-8;curve=P-256,385682,269,measured,ok,unavailable,gc,go1.18.1,Release,JerryZ
2026-08-19T14:08:08.308407294Z,FMD,sender_signaling,fmd_flag_generation,sender,421,false,not_applicable,unclear,gamma=8;p=2^-8;curve=P-256,378739,270,measured,ok,unavailable,gc,go1.18.1,Release,JerryZ
2026-08-19T14:08:08.309679558Z,FMD,sender_signaling,fmd_sender_preparation,sender,421,false,not_applicable,unclear,gamma=8;p=2^-8;curve=P-256,-1,,not_applicable,not_applicable,unavailable,gc,go1.18.1,Release,JerryZ
2026-08-19T14:08:08.310765015Z,FMD,sender_signaling,message_encryption,sender,421,false,not_applicable,unclear,gamma=8;p=2^-8;curve=P-256,-1,,not_applicable,not_applicable,unavailable,gc,go1.18.1,Release,JerryZ
2026-08-19T14:08:08.313527949Z,FMD,sender_signaling,fmd_sender_total_signaling,sender,421,false,not_applicable,unclear,gamma=8;p=2^-8;curve=P-256,817915,270,measured,ok,unavailable,gc,go1.18.1,Release,JerryZ
2026-08-19T14:08:08.31576791Z,FMD,sender_signaling,fmd_flag_generation,sender,422,false,not_applicable,unclear,gamma=8;p=2^-8;curve=P-256,374827,270,measured,ok,unavailable,gc,go1.18.1,Release,JerryZ
2026-08-19T14:08:08.326452802Z,FMD,sender_signaling,fmd_sender_preparation,sender,422,false,not_applicable,unclear,gamma=8;p=2^-8;curve=P-256,-1,,not_applicable,not_applicable,unavailable,gc,go1.18.1,Release,JerryZ
2026-08-19T14:08:08.327748669Z,FMD,sender_signaling,message_encryption,sender,422,false,not_applicable,unclear,gamma=8;p=2^-8;curve=P-256,-1,,not_applicable,not_applicable,unavailable,gc,go1.18.1,Release,JerryZ
2026-08-19T14:08:08.330323646Z,FMD,sender_signaling,fmd_sender_total_signaling,sender,422,false,not_applicable,unclear,gamma=8;p=2^-8;curve=P-256,420892,269,measured,ok,unavailable,gc,go1.18.1,Release,JerryZ
2026-08-19T14:08:08.332323499Z,FMD,sender_signaling,fmd_flag_generation,sender,423,false,not_applicable,unclear,gamma=8;p=2^-8;curve=P-256,378454,269,measured,ok,unavailable,gc,go1.18.1,Release,JerryZ
2026-08-19T14:08:08.333514468Z,FMD,sender_signaling,fmd_sender_preparation,sender,423,false,not_applicable,unclear,gamma=8;p=2^-8;curve=P-256,-1,,not_applicable,not_applicable,unavailable,gc,go1.18.1,Release,JerryZ
2026-08-19T14:08:08.344852662Z,FMD,sender_signaling,message_encryption,sender,423,false,not_applicable,unclear,gamma=8;p=2^-8;curve=P-256,-1,,not_applicable,not_applicable,unavailable,gc,go1.18.1,Release,JerryZ
2026-08-19T14:08:08.34725539Z,FMD,sender_signaling,fmd_sender_total_signaling,sender,423,false,not_applicable,unclear,gamma=8;p=2^-8;curve=P-256,465011,267,measured,ok,unavailable,gc,go1.18.1,Release,JerryZ
2026-08-19T14:08:08.349893051Z,FMD,sender_signaling,fmd_flag_generation,sender,424,false,not_applicable,unclear,gamma=8;p=2^-8;curve=P-256,844769,268,measured,ok,unavailable,gc,go1.18.1,Release,JerryZ
2026-08-19T14:08:08.351066277Z,FMD,sender_signaling,fmd_sender_preparation,sender,424,false,not_applicable,unclear,gamma=8;p=2^-8;curve=P-256,-1,,not_applicable,not_applicable,unavailable,gc,go1.18.1,Release,JerryZ
2026-08-19T14:08:08.361439188Z,FMD,sender_signaling,message_encryption,sender,424,false,not_applicable,unclear,gamma=8;p=2^-8;curve=P-256,-1,,not_applicable,not_applicable,unavailable,gc,go1.18.1,Release,JerryZ
2026-08-19T14:08:08.364043185Z,FMD,sender_signaling,fmd_sender_total_signaling,sender,424,false,not_applicable,unclear,gamma=8;p=2^-8;curve=P-256,837578,269,measured,ok,unavailable,gc,go1.18.1,Release,JerryZ
2026-08-19T14:08:08.366362569Z,FMD,sender_signaling,fmd_flag_generation,sender,425,false,not_applicable,unclear,gamma=8;p=2^-8;curve=P-256,415198,270,measured,ok,unavailable,gc,go1.18.1,Release,JerryZ
2026-08-19T14:08:08.367664855Z,FMD,sender_signaling,fmd_sender_preparation,sender,425,false,not_applicable,unclear,gamma=8;p=2^-8;curve=P-256,-1,,not_applicable,not_applicable,unavailable,gc,go1.18.1,Release,JerryZ
2026-08-19T14:08:08.368983589Z,FMD,sender_signaling,message_encryption,sender,425,false,not_applicable,unclear,gamma=8;p=2^-8;curve=P-256,-1,,not_applicable,not_applicable,unavailable,gc,go1.18.1,Release,JerryZ
2026-08-19T14:08:08.371003251Z,FMD,sender_signaling,fmd_sender_total_signaling,sender,425,false,not_applicable,unclear,gamma=8;p=2^-8;curve=P-256,373513,268,measured,ok,unavailable,gc,go1.18.1,Release,JerryZ
2026-08-19T14:08:08.381574917Z,FMD,sender_signaling,fmd_flag_generation,sender,426,false,not_applicable,unclear,gamma=8;p=2^-8;curve=P-256,375157,268,measured,ok,unavailable,gc,go1.18.1,Release,JerryZ
2026-08-19T14:08:08.382987964Z,FMD,sender_signaling,fmd_sender_preparation,sender,426,false,not_applicable,unclear,gamma=8;p=2^-8;curve=P-256,-1,,not_applicable,not_applicable,unavailable,gc,go1.18.1,Release,JerryZ
2026-08-19T14:08:08.38406269Z,FMD,sender_signaling,message_encryption,sender,426,false,not_applicable,unclear,gamma=8;p=2^-8;curve=P-256,-1,,not_applicable,not_applicable,unavailable,gc,go1.18.1,Release,JerryZ
2026-08-19T14:08:08.38625772Z,FMD,sender_signaling,fmd_sender_total_signaling,sender,426,false,not_applicable,unclear,gamma=8;p=2^-8;curve=P-256,575804,268,measured,ok,unavailable,gc,go1.18.1,Release,JerryZ
2026-08-19T14:08:08.38905342Z,FMD,sender_signaling,fmd_flag_generation,sender,427,false,not_applicable,unclear,gamma=8;p=2^-8;curve=P-256,791319,269,measured,ok,unavailable,gc,go1.18.1,Release,JerryZ
2026-08-19T14:08:08.400946751Z,FMD,sender_signaling,fmd_sender_preparation,sender,427,false,not_applicable,unclear,gamma=8;p=2^-8;curve=P-256,-1,,not_applicable,not_applicable,unavailable,gc,go1.18.1,Release,JerryZ
2026-08-19T14:08:08.402600129Z,FMD,sender_signaling,message_encryption,sender,427,false,not_applicable,unclear,gamma=8;p=2^-8;curve=P-256,-1,,not_applicable,not_applicable,unavailable,gc,go1.18.1,Release,JerryZ
2026-08-19T14:08:08.404904221Z,FMD,sender_signaling,fmd_sender_total_signaling,sender,427,false,not_applicable,unclear,gamma=8;p=2^-8;curve=P-256,442649,270,measured,ok,unavailable,gc,go1.18.1,Release,JerryZ
2026-08-19T14:08:08.407751369Z,FMD,sender_signaling,fmd_flag_generation,sender,428,false,not_applicable,unclear,gamma=8;p=2^-8;curve=P-256,485803,269,measured,ok,unavailable,gc,go1.18.1,Release,JerryZ
2026-08-19T14:08:08.418235563Z,FMD,sender_signaling,fmd_sender_preparation,sender,428,false,not_applicable,unclear,gamma=8;p=2^-8;curve=P-256,-1,,not_applicable,not_applicable,unavailable,gc,go1.18.1,Release,JerryZ
2026-08-19T14:08:08.419558811Z,FMD,sender_signaling,message_encryption,sender,428,false,not_applicable,unclear,gamma=8;p=2^-8;curve=P-256,-1,,not_applicable,not_applicable,unavailable,gc,go1.18.1,Release,JerryZ
2026-08-19T14:08:08.421780548Z,FMD,sender_signaling,fmd_sender_total_signaling,sender,428,false,not_applicable,unclear,gamma=8;p=2^-8;curve=P-256,438258,270,measured,ok,unavailable,gc,go1.18.1,Release,JerryZ
2026-08-19T14:08:08.424275158Z,FMD,sender_signaling,fmd_flag_generation,sender,429,false,not_applicable,unclear,gamma=8;p=2^-8;curve=P-256,427615,269,measured,ok,unavailable,gc,go1.18.1,Release,JerryZ
2026-08-19T14:08:08.434995279Z,FMD,sender_signaling,fmd_sender_preparation,sender,429,false,not_applicable,unclear,gamma=8;p=2^-8;curve=P-256,-1,,not_applicable,not_applicable,unavailable,gc,go1.18.1,Release,JerryZ
2026-08-19T14:08:08.437215502Z,FMD,sender_signaling,message_encryption,sender,429,false,not_applicable,unclear,gamma=8;p=2^-8;curve=P-256,-1,,not_applicable,not_applicable,unavailable,gc,go1.18.1,Release,JerryZ
2026-08-19T14:08:08.439724546Z,FMD,sender_signaling,fmd_sender_total_signaling,sender,429,false,not_applicable,unclear,gamma=8;p=2^-8;curve=P-256,501012,269,measured,ok,unavailable,gc,go1.18.1,Release,JerryZ
2026-08-19T14:08:08.441776264Z,FMD,sender_signaling,fmd_flag_generation,sender,430,false,not_applicable,unclear,gamma=8;p=2^-8;curve=P-256,431756,268,measured,ok,unavailable,gc,go1.18.1,Release,JerryZ
2026-08-19T14:08:08.442951988Z,FMD,sender_signaling,fmd_sender_preparation,sender,430,false,not_applicable,unclear,gamma=8;p=2^-8;curve=P-256,-1,,not_applicable,not_applicable,unavailable,gc,go1.18.1,Release,JerryZ
2026-08-19T14:08:08.454325456Z,FMD,sender_signaling,message_encryption,sender,430,false,not_applicable,unclear,gamma=8;p=2^-8;curve=P-256,-1,,not_applicable,not_applicable,unavailable,gc,go1.18.1,Release,JerryZ
2026-08-19T14:08:08.457218637Z,FMD,sender_signaling,fmd_sender_total_signaling,sender,430,false,not_applicable,unclear,gamma=8;p=2^-8;curve=P-256,562735,269,measured,ok,unavailable,gc,go1.18.1,Release,JerryZ
2026-08-19T14:08:08.459382572Z,FMD,sender_signaling,fmd_flag_generation,sender,431,false,not_applicable,unclear,gamma=8;p=2^-8;curve=P-256,398355,269,measured,ok,unavailable,gc,go1.18.1,Release,JerryZ
2026-08-19T14:08:08.460724647Z,FMD,sender_signaling,fmd_sender_preparation,sender,431,false,not_applicable,unclear,gamma=8;p=2^-8;curve=P-256,-1,,not_applicable,not_applicable,unavailable,gc,go1.18.1,Release,JerryZ
2026-08-19T14:08:08.461967445Z,FMD,sender_signaling,message_encryption,sender,431,false,not_applicable,unclear,gamma=8;p=2^-8;curve=P-256,-1,,not_applicable,not_applicable,unavailable,gc,go1.18.1,Release,JerryZ
2026-08-19T14:08:08.473409745Z,FMD,sender_signaling,fmd_sender_total_signaling,sender,431,false,not_applicable,unclear,gamma=8;p=2^-8;curve=P-256,378233,269,measured,ok,unavailable,gc,go1.18.1,Release,JerryZ
2026-08-19T14:08:08.475370314Z,FMD,sender_signaling,fmd_flag_generation,sender,432,false,not_applicable,unclear,gamma=8;p=2^-8;curve=P-256,400228,269,measured,ok,unavailable,gc,go1.18.1,Release,JerryZ
2026-08-19T14:08:08.476530009Z,FMD,sender_signaling,fmd_sender_preparation,sender,432,false,not_applicable,unclear,gamma=8;p=2^-8;curve=P-256,-1,,not_applicable,not_applicable,unavailable,gc,go1.18.1,Release,JerryZ
2026-08-19T14:08:08.477632226Z,FMD,sender_signaling,message_encryption,sender,432,false,not_applicable,unclear,gamma=8;p=2^-8;curve=P-256,-1,,not_applicable,not_applicable,unavailable,gc,go1.18.1,Release,JerryZ
2026-08-19T14:08:08.479926823Z,FMD,sender_signaling,fmd_sender_total_signaling,sender,432,false,not_applicable,unclear,gamma=8;p=2^-8;curve=P-256,372164,269,measured,ok,unavailable,gc,go1.18.1,Release,JerryZ
2026-08-19T14:08:08.492198132Z,FMD,sender_signaling,fmd_flag_generation,sender,433,false,not_applicable,unclear,gamma=8;p=2^-8;curve=P-256,588670,271,measured,ok,unavailable,gc,go1.18.1,Release,JerryZ
2026-08-19T14:08:08.493877953Z,FMD,sender_signaling,fmd_sender_preparation,sender,433,false,not_applicable,unclear,gamma=8;p=2^-8;curve=P-256,-1,,not_applicable,not_applicable,unavailable,gc,go1.18.1,Release,JerryZ
2026-08-19T14:08:08.495638353Z,FMD,sender_signaling,message_encryption,sender,433,false,not_applicable,unclear,gamma=8;p=2^-8;curve=P-256,-1,,not_applicable,not_applicable,unavailable,gc,go1.18.1,Release,JerryZ
2026-08-19T14:08:08.498388469Z,FMD,sender_signaling,fmd_sender_total_signaling,sender,433,false,not_applicable,unclear,gamma=8;p=2^-8;curve=P-256,875048,269,measured,ok,unavailable,gc,go1.18.1,Release,JerryZ
2026-08-19T14:08:08.510277285Z,FMD,sender_signaling,fmd_flag_generation,sender,434,false,not_applicable,unclear,gamma=8;p=2^-8;curve=P-256,812120,269,measured,ok,unavailable,gc,go1.18.1,Release,JerryZ
2026-08-19T14:08:08.511856847Z,FMD,sender_signaling,fmd_sender_preparation,sender,434,false,not_applicable,unclear,gamma=8;p=2^-8;curve=P-256,-1,,not_applicable,not_applicable,unavailable,gc,go1.18.1,Release,JerryZ
2026-08-19T14:08:08.513229384Z,FMD,sender_signaling,message_encryption,sender,434,false,not_applicable,unclear,gamma=8;p=2^-8;curve=P-256,-1,,not_applicable,not_applicable,unavailable,gc,go1.18.1,Release,JerryZ
2026-08-19T14:08:08.515239725Z,FMD,sender_signaling,fmd_sender_total_signaling,sender,434,false,not_applicable,unclear,gamma=8;p=2^-8;curve=P-256,373743,268,measured,ok,unavailable,gc,go1.18.1,Release,JerryZ
2026-08-19T14:08:08.517314228Z,FMD,sender_signaling,fmd_flag_generation,sender,435,false,not_applicable,unclear,gamma=8;p=2^-8;curve=P-256,361638,269,measured,ok,unavailable,gc,go1.18.1,Release,JerryZ
2026-08-19T14:08:08.527773112Z,FMD,sender_signaling,fmd_sender_preparation,sender,435,false,not_applicable,unclear,gamma=8;p=2^-8;curve=P-256,-1,,not_applicable,not_applicable,unavailable,gc,go1.18.1,Release,JerryZ
2026-08-19T14:08:08.52962399Z,FMD,sender_signaling,message_encryption,sender,435,false,not_applicable,unclear,gamma=8;p=2^-8;curve=P-256,-1,,not_applicable,not_applicable,unavailable,gc,go1.18.1,Release,JerryZ
2026-08-19T14:08:08.531690724Z,FMD,sender_signaling,fmd_sender_total_signaling,sender,435,false,not_applicable,unclear,gamma=8;p=2^-8;curve=P-256,429846,269,measured,ok,unavailable,gc,go1.18.1,Release,JerryZ
2026-08-19T14:08:08.533759657Z,FMD,sender_signaling,fmd_flag_generation,sender,436,false,not_applicable,unclear,gamma=8;p=2^-8;curve=P-256,428285,268,measured,ok,unavailable,gc,go1.18.1,Release,JerryZ
2026-08-19T14:08:08.535265368Z,FMD,sender_signaling,fmd_sender_preparation,sender,436,false,not_applicable,unclear,gamma=8;p=2^-8;curve=P-256,-1,,not_applicable,not_applicable,unavailable,gc,go1.18.1,Release,JerryZ
2026-08-19T14:08:08.545677613Z,FMD,sender_signaling,message_encryption,sender,436,false,not_applicable,unclear,gamma=8;p=2^-8;curve=P-256,-1,,not_applicable,not_applicable,unavailable,gc,go1.18.1,Release,JerryZ
2026-08-19T14:08:08.547508948Z,FMD,sender_signaling,fmd_sender_total_signaling,sender,436,false,not_applicable,unclear,gamma=8;p=2^-8;curve=P-256,399724,269,measured,ok,unavailable,gc,go1.18.1,Release,JerryZ
2026-08-19T14:08:08.549405497Z,FMD,sender_signaling,fmd_flag_generation,sender,437,false,not_applicable,unclear,gamma=8;p=2^-8;curve=P-256,375423,269,measured,ok,unavailable,gc,go1.18.1,Release,JerryZ
2026-08-19T14:08:08.550675392Z,FMD,sender_signaling,fmd_sender_preparation,sender,437,false,not_applicable,unclear,gamma=8;p=2^-8;curve=P-256,-1,,not_applicable,not_applicable,unavailable,gc,go1.18.1,Release,JerryZ
2026-08-19T14:08:08.551885523Z,FMD,sender_signaling,message_encryption,sender,437,false,not_applicable,unclear,gamma=8;p=2^-8;curve=P-256,-1,,not_applicable,not_applicable,unavailable,gc,go1.18.1,Release,JerryZ
2026-08-19T14:08:08.554160715Z,FMD,sender_signaling,fmd_sender_total_signaling,sender,437,false,not_applicable,unclear,gamma=8;p=2^-8;curve=P-256,444522,267,measured,ok,unavailable,gc,go1.18.1,Release,JerryZ
2026-08-19T14:08:08.565065016Z,FMD,sender_signaling,fmd_flag_generation,sender,438,false,not_applicable,unclear,gamma=8;p=2^-8;curve=P-256,374689,270,measured,ok,unavailable,gc,go1.18.1,Release,JerryZ
2026-08-19T14:08:08.566119598Z,FMD,sender_signaling,fmd_sender_preparation,sender,438,false,not_applicable,unclear,gamma=8;p=2^-8;curve=P-256,-1,,not_applicable,not_applicable,unavailable,gc,go1.18.1,Release,JerryZ
2026-08-19T14:08:08.567165904Z,FMD,sender_signaling,message_encryption,sender,438,false,not_applicable,unclear,gamma=8;p=2^-8;curve=P-256,-1,,not_applicable,not_applicable,unavailable,gc,go1.18.1,Release,JerryZ
2026-08-19T14:08:08.569142881Z,FMD,sender_signaling,fmd_sender_total_signaling,sender,438,false,not_applicable,unclear,gamma=8;p=2^-8;curve=P-256,375653,269,measured,ok,unavailable,gc,go1.18.1,Release,JerryZ
2026-08-19T14:08:08.571330606Z,FMD,sender_signaling,fmd_flag_generation,sender,439,false,not_applicable,unclear,gamma=8;p=2^-8;curve=P-256,419983,269,measured,ok,unavailable,gc,go1.18.1,Release,JerryZ
2026-08-19T14:08:08.58242888Z,FMD,sender_signaling,fmd_sender_preparation,sender,439,false,not_applicable,unclear,gamma=8;p=2^-8;curve=P-256,-1,,not_applicable,not_applicable,unavailable,gc,go1.18.1,Release,JerryZ
2026-08-19T14:08:08.584469104Z,FMD,sender_signaling,message_encryption,sender,439,false,not_applicable,unclear,gamma=8;p=2^-8;curve=P-256,-1,,not_applicable,not_applicable,unavailable,gc,go1.18.1,Release,JerryZ
2026-08-19T14:08:08.58671764Z,FMD,sender_signaling,fmd_sender_total_signaling,sender,439,false,not_applicable,unclear,gamma=8;p=2^-8;curve=P-256,399761,269,measured,ok,unavailable,gc,go1.18.1,Release,JerryZ
2026-08-19T14:08:08.588828231Z,FMD,sender_signaling,fmd_flag_generation,sender,440,false,not_applicable,unclear,gamma=8;p=2^-8;curve=P-256,398245,269,measured,ok,unavailable,gc,go1.18.1,Release,JerryZ
2026-08-19T14:08:08.590035556Z,FMD,sender_signaling,fmd_sender_preparation,sender,440,false,not_applicable,unclear,gamma=8;p=2^-8;curve=P-256,-1,,not_applicable,not_applicable,unavailable,gc,go1.18.1,Release,JerryZ
2026-08-19T14:08:08.600589878Z,FMD,sender_signaling,message_encryption,sender,440,false,not_applicable,unclear,gamma=8;p=2^-8;curve=P-256,-1,,not_applicable,not_applicable,unavailable,gc,go1.18.1,Release,JerryZ
2026-08-19T14:08:08.603343558Z,FMD,sender_signaling,fmd_sender_total_signaling,sender,440,false,not_applicable,unclear,gamma=8;p=2^-8;curve=P-256,444853,269,measured,ok,unavailable,gc,go1.18.1,Release,JerryZ
2026-08-19T14:08:08.605750086Z,FMD,sender_signaling,fmd_flag_generation,sender,441,false,not_applicable,unclear,gamma=8;p=2^-8;curve=P-256,405565,268,measured,ok,unavailable,gc,go1.18.1,Release,JerryZ
2026-08-19T14:08:08.606926394Z,FMD,sender_signaling,fmd_sender_preparation,sender,441,false,not_applicable,unclear,gamma=8;p=2^-8;curve=P-256,-1,,not_applicable,not_applicable,unavailable,gc,go1.18.1,Release,JerryZ
2026-08-19T14:08:08.608000679Z,FMD,sender_signaling,message_encryption,sender,441,false,not_applicable,unclear,gamma=8;p=2^-8;curve=P-256,-1,,not_applicable,not_applicable,unavailable,gc,go1.18.1,Release,JerryZ
2026-08-19T14:08:08.620601012Z,FMD,sender_signaling,fmd_sender_total_signaling,sender,441,false,not_applicable,unclear,gamma=8;p=2^-8;curve=P-256,717271,269,measured,ok,unavailable,gc,go1.18.1,Release,JerryZ
2026-08-19T14:08:08.622794253Z,FMD,sender_signaling,fmd_flag_generation,sender,442,false,not_applicable,unclear,gamma=8;p=2^-8;curve=P-256,375726,269,measured,ok,unavailable,gc,go1.18.1,Release,JerryZ
2026-08-19T14:08:08.624052852Z,FMD,sender_signaling,fmd_sender_preparation,sender,442,false,not_applicable,unclear,gamma=8;p=2^-8;curve=P-256,-1,,not_applicable,not_applicable,unavailable,gc,go1.18.1,Release,JerryZ
2026-08-19T14:08:08.625631533Z,FMD,sender_signaling,message_encryption,sender,442,false,not_applicable,unclear,gamma=8;p=2^-8;curve=P-256,-1,,not_applicable,not_applicable,unavailable,gc,go1.18.1,Release,JerryZ
2026-08-19T14:08:08.627446346Z,FMD,sender_signaling,fmd_sender_total_signaling,sender,442,false,not_applicable,unclear,gamma=8;p=2^-8;curve=P-256,411625,271,measured,ok,unavailable,gc,go1.18.1,Release,JerryZ
2026-08-19T14:08:08.638174719Z,FMD,sender_signaling,fmd_flag_generation,sender,443,false,not_applicable,unclear,gamma=8;p=2^-8;curve=P-256,381467,269,measured,ok,unavailable,gc,go1.18.1,Release,JerryZ
2026-08-19T14:08:08.639798726Z,FMD,sender_signaling,fmd_sender_preparation,sender,443,false,not_applicable,unclear,gamma=8;p=2^-8;curve=P-256,-1,,not_applicable,not_applicable,unavailable,gc,go1.18.1,Release,JerryZ
2026-08-19T14:08:08.640952396Z,FMD,sender_signaling,message_encryption,sender,443,false,not_applicable,unclear,gamma=8;p=2^-8;curve=P-256,-1,,not_applicable,not_applicable,unavailable,gc,go1.18.1,Release,JerryZ
2026-08-19T14:08:08.643359751Z,FMD,sender_signaling,fmd_sender_total_signaling,sender,443,false,not_applicable,unclear,gamma=8;p=2^-8;curve=P-256,741001,270,measured,ok,unavailable,gc,go1.18.1,Release,JerryZ
2026-08-19T14:08:08.645905703Z,FMD,sender_signaling,fmd_flag_generation,sender,444,false,not_applicable,unclear,gamma=8;p=2^-8;curve=P-256,537204,269,measured,ok,unavailable,gc,go1.18.1,Release,JerryZ
2026-08-19T14:08:08.656678374Z,FMD,sender_signaling,fmd_sender_preparation,sender,444,false,not_applicable,unclear,gamma=8;p=2^-8;curve=P-256,-1,,not_applicable,not_applicable,unavailable,gc,go1.18.1,Release,JerryZ
2026-08-19T14:08:08.657715772Z,FMD,sender_signaling,message_encryption,sender,444,false,not_applicable,unclear,gamma=8;p=2^-8;curve=P-256,-1,,not_applicable,not_applicable,unavailable,gc,go1.18.1,Release,JerryZ
2026-08-19T14:08:08.659627695Z,FMD,sender_signaling,fmd_sender_total_signaling,sender,444,false,not_applicable,unclear,gamma=8;p=2^-8;curve=P-256,470246,270,measured,ok,unavailable,gc,go1.18.1,Release,JerryZ
2026-08-19T14:08:08.66181964Z,FMD,sender_signaling,fmd_flag_generation,sender,445,false,not_applicable,unclear,gamma=8;p=2^-8;curve=P-256,416337,266,measured,ok,unavailable,gc,go1.18.1,Release,JerryZ
2026-08-19T14:08:08.663001733Z,FMD,sender_signaling,fmd_sender_preparation,sender,445,false,not_applicable,unclear,gamma=8;p=2^-8;curve=P-256,-1,,not_applicable,not_applicable,unavailable,gc,go1.18.1,Release,JerryZ
2026-08-19T14:08:08.673914546Z,FMD,sender_signaling,message_encryption,sender,445,false,not_applicable,unclear,gamma=8;p=2^-8;curve=P-256,-1,,not_applicable,not_applicable,unavailable,gc,go1.18.1,Release,JerryZ
2026-08-19T14:08:08.677130031Z,FMD,sender_signaling,fmd_sender_total_signaling,sender,445,false,not_applicable,unclear,gamma=8;p=2^-8;curve=P-256,520619,269,measured,ok,unavailable,gc,go1.18.1,Release,JerryZ
2026-08-19T14:08:08.679426216Z,FMD,sender_signaling,fmd_flag_generation,sender,446,false,not_applicable,unclear,gamma=8;p=2^-8;curve=P-256,505190,268,measured,ok,unavailable,gc,go1.18.1,Release,JerryZ
2026-08-19T14:08:08.680824289Z,FMD,sender_signaling,fmd_sender_preparation,sender,446,false,not_applicable,unclear,gamma=8;p=2^-8;curve=P-256,-1,,not_applicable,not_applicable,unavailable,gc,go1.18.1,Release,JerryZ
2026-08-19T14:08:08.692039291Z,FMD,sender_signaling,message_encryption,sender,446,false,not_applicable,unclear,gamma=8;p=2^-8;curve=P-256,-1,,not_applicable,not_applicable,unavailable,gc,go1.18.1,Release,JerryZ
2026-08-19T14:08:08.695256457Z,FMD,sender_signaling,fmd_sender_total_signaling,sender,446,false,not_applicable,unclear,gamma=8;p=2^-8;curve=P-256,802514,268,measured,ok,unavailable,gc,go1.18.1,Release,JerryZ
2026-08-19T14:08:08.698436787Z,FMD,sender_signaling,fmd_flag_generation,sender,447,false,not_applicable,unclear,gamma=8;p=2^-8;curve=P-256,488613,269,measured,ok,unavailable,gc,go1.18.1,Release,JerryZ
2026-08-19T14:08:08.699865414Z,FMD,sender_signaling,fmd_sender_preparation,sender,447,false,not_applicable,unclear,gamma=8;p=2^-8;curve=P-256,-1,,not_applicable,not_applicable,unavailable,gc,go1.18.1,Release,JerryZ
2026-08-19T14:08:08.711260414Z,FMD,sender_signaling,message_encryption,sender,447,false,not_applicable,unclear,gamma=8;p=2^-8;curve=P-256,-1,,not_applicable,not_applicable,unavailable,gc,go1.18.1,Release,JerryZ
2026-08-19T14:08:08.714624733Z,FMD,sender_signaling,fmd_sender_total_signaling,sender,447,false,not_applicable,unclear,gamma=8;p=2^-8;curve=P-256,829120,268,measured,ok,unavailable,gc,go1.18.1,Release,JerryZ
2026-08-19T14:08:08.716570443Z,FMD,sender_signaling,fmd_flag_generation,sender,448,false,not_applicable,unclear,gamma=8;p=2^-8;curve=P-256,357791,267,measured,ok,unavailable,gc,go1.18.1,Release,JerryZ
2026-08-19T14:08:08.717692057Z,FMD,sender_signaling,fmd_sender_preparation,sender,448,false,not_applicable,unclear,gamma=8;p=2^-8;curve=P-256,-1,,not_applicable,not_applicable,unavailable,gc,go1.18.1,Release,JerryZ
2026-08-19T14:08:08.718673609Z,FMD,sender_signaling,message_encryption,sender,448,false,not_applicable,unclear,gamma=8;p=2^-8;curve=P-256,-1,,not_applicable,not_applicable,unavailable,gc,go1.18.1,Release,JerryZ
2026-08-19T14:08:08.730372554Z,FMD,sender_signaling,fmd_sender_total_signaling,sender,448,false,not_applicable,unclear,gamma=8;p=2^-8;curve=P-256,795691,270,measured,ok,unavailable,gc,go1.18.1,Release,JerryZ
2026-08-19T14:08:08.732441887Z,FMD,sender_signaling,fmd_flag_generation,sender,449,false,not_applicable,unclear,gamma=8;p=2^-8;curve=P-256,370226,270,measured,ok,unavailable,gc,go1.18.1,Release,JerryZ
2026-08-19T14:08:08.733742143Z,FMD,sender_signaling,fmd_sender_preparation,sender,449,false,not_applicable,unclear,gamma=8;p=2^-8;curve=P-256,-1,,not_applicable,not_applicable,unavailable,gc,go1.18.1,Release,JerryZ
2026-08-19T14:08:08.734774215Z,FMD,sender_signaling,message_encryption,sender,449,false,not_applicable,unclear,gamma=8;p=2^-8;curve=P-256,-1,,not_applicable,not_applicable,unavailable,gc,go1.18.1,Release,JerryZ
2026-08-19T14:08:08.737045632Z,FMD,sender_signaling,fmd_sender_total_signaling,sender,449,false,not_applicable,unclear,gamma=8;p=2^-8;curve=P-256,725876,270,measured,ok,unavailable,gc,go1.18.1,Release,JerryZ
2026-08-19T14:08:08.750970085Z,FMD,sender_signaling,fmd_flag_generation,sender,450,false,not_applicable,unclear,gamma=8;p=2^-8;curve=P-256,799705,268,measured,ok,unavailable,gc,go1.18.1,Release,JerryZ
2026-08-19T14:08:08.752275737Z,FMD,sender_signaling,fmd_sender_preparation,sender,450,false,not_applicable,unclear,gamma=8;p=2^-8;curve=P-256,-1,,not_applicable,not_applicable,unavailable,gc,go1.18.1,Release,JerryZ
2026-08-19T14:08:08.753646024Z,FMD,sender_signaling,message_encryption,sender,450,false,not_applicable,unclear,gamma=8;p=2^-8;curve=P-256,-1,,not_applicable,not_applicable,unavailable,gc,go1.18.1,Release,JerryZ
2026-08-19T14:08:08.756398592Z,FMD,sender_signaling,fmd_sender_total_signaling,sender,450,false,not_applicable,unclear,gamma=8;p=2^-8;curve=P-256,872715,268,measured,ok,unavailable,gc,go1.18.1,Release,JerryZ
2026-08-19T14:08:08.767359273Z,FMD,sender_signaling,fmd_flag_generation,sender,451,false,not_applicable,unclear,gamma=8;p=2^-8;curve=P-256,539730,270,measured,ok,unavailable,gc,go1.18.1,Release,JerryZ
2026-08-19T14:08:08.768942178Z,FMD,sender_signaling,fmd_sender_preparation,sender,451,false,not_applicable,unclear,gamma=8;p=2^-8;curve=P-256,-1,,not_applicable,not_applicable,unavailable,gc,go1.18.1,Release,JerryZ
2026-08-19T14:08:08.770377151Z,FMD,sender_signaling,message_encryption,sender,451,false,not_applicable,unclear,gamma=8;p=2^-8;curve=P-256,-1,,not_applicable,not_applicable,unavailable,gc,go1.18.1,Release,JerryZ
2026-08-19T14:08:08.772441883Z,FMD,sender_signaling,fmd_sender_total_signaling,sender,451,false,not_applicable,unclear,gamma=8;p=2^-8;curve=P-256,412388,269,measured,ok,unavailable,gc,go1.18.1,Release,JerryZ
2026-08-19T14:08:08.784705364Z,FMD,sender_signaling,fmd_flag_generation,sender,452,false,not_applicable,unclear,gamma=8;p=2^-8;curve=P-256,426449,269,measured,ok,unavailable,gc,go1.18.1,Release,JerryZ
2026-08-19T14:08:08.786925025Z,FMD,sender_signaling,fmd_sender_preparation,sender,452,false,not_applicable,unclear,gamma=8;p=2^-8;curve=P-256,-1,,not_applicable,not_applicable,unavailable,gc,go1.18.1,Release,JerryZ
2026-08-19T14:08:08.788098224Z,FMD,sender_signaling,message_encryption,sender,452,false,not_applicable,unclear,gamma=8;p=2^-8;curve=P-256,-1,,not_applicable,not_applicable,unavailable,gc,go1.18.1,Release,JerryZ
2026-08-19T14:08:08.790073933Z,FMD,sender_signaling,fmd_sender_total_signaling,sender,452,false,not_applicable,unclear,gamma=8;p=2^-8;curve=P-256,381623,269,measured,ok,unavailable,gc,go1.18.1,Release,JerryZ
2026-08-19T14:08:08.791940731Z,FMD,sender_signaling,fmd_flag_generation,sender,453,false,not_applicable,unclear,gamma=8;p=2^-8;curve=P-256,356064,269,measured,ok,unavailable,gc,go1.18.1,Release,JerryZ
2026-08-19T14:08:08.803082242Z,FMD,sender_signaling,fmd_sender_preparation,sender,453,false,not_applicable,unclear,gamma=8;p=2^-8;curve=P-256,-1,,not_applicable,not_applicable,unavailable,gc,go1.18.1,Release,JerryZ
2026-08-19T14:08:08.804385998Z,FMD,sender_signaling,message_encryption,sender,453,false,not_applicable,unclear,gamma=8;p=2^-8;curve=P-256,-1,,not_applicable,not_applicable,unavailable,gc,go1.18.1,Release,JerryZ
2026-08-19T14:08:08.807260141Z,FMD,sender_signaling,fmd_sender_total_signaling,sender,453,false,not_applicable,unclear,gamma=8;p=2^-8;curve=P-256,713423,269,measured,ok,unavailable,gc,go1.18.1,Release,JerryZ
2026-08-19T14:08:08.809882856Z,FMD,sender_signaling,fmd_flag_generation,sender,454,false,not_applicable,unclear,gamma=8;p=2^-8;curve=P-256,513464,269,measured,ok,unavailable,gc,go1.18.1,Release,JerryZ
2026-08-19T14:08:08.821790828Z,FMD,sender_signaling,fmd_sender_preparation,sender,454,false,not_applicable,unclear,gamma=8;p=2^-8;curve=P-256,-1,,not_applicable,not_applicable,unavailable,gc,go1.18.1,Release,JerryZ
2026-08-19T14:08:08.82345826Z,FMD,sender_signaling,message_encryption,sender,454,false,not_applicable,unclear,gamma=8;p=2^-8;curve=P-256,-1,,not_applicable,not_applicable,unavailable,gc,go1.18.1,Release,JerryZ
2026-08-19T14:08:08.825559745Z,FMD,sender_signaling,fmd_sender_total_signaling,sender,454,false,not_applicable,unclear,gamma=8;p=2^-8;curve=P-256,374110,268,measured,ok,unavailable,gc,go1.18.1,Release,JerryZ
2026-08-19T14:08:08.827563873Z,FMD,sender_signaling,fmd_flag_generation,sender,455,false,not_applicable,unclear,gamma=8;p=2^-8;curve=P-256,373100,269,measured,ok,unavailable,gc,go1.18.1,Release,JerryZ
2026-08-19T14:08:08.828928554Z,FMD,sender_signaling,fmd_sender_preparation,sender,455,false,not_applicable,unclear,gamma=8;p=2^-8;curve=P-256,-1,,not_applicable,not_applicable,unavailable,gc,go1.18.1,Release,JerryZ
2026-08-19T14:08:08.839192122Z,FMD,sender_signaling,message_encryption,sender,455,false,not_applicable,unclear,gamma=8;p=2^-8;curve=P-256,-1,,not_applicable,not_applicable,unavailable,gc,go1.18.1,Release,JerryZ
2026-08-19T14:08:08.842301645Z,FMD,sender_signaling,fmd_sender_total_signaling,sender,455,false,not_applicable,unclear,gamma=8;p=2^-8;curve=P-256,811726,269,measured,ok,unavailable,gc,go1.18.1,Release,JerryZ
2026-08-19T14:08:08.844670709Z,FMD,sender_signaling,fmd_flag_generation,sender,456,false,not_applicable,unclear,gamma=8;p=2^-8;curve=P-256,377067,270,measured,ok,unavailable,gc,go1.18.1,Release,JerryZ
2026-08-19T14:08:08.845807967Z,FMD,sender_signaling,fmd_sender_preparation,sender,456,false,not_applicable,unclear,gamma=8;p=2^-8;curve=P-256,-1,,not_applicable,not_applicable,unavailable,gc,go1.18.1,Release,JerryZ
2026-08-19T14:08:08.846967982Z,FMD,sender_signaling,message_encryption,sender,456,false,not_applicable,unclear,gamma=8;p=2^-8;curve=P-256,-1,,not_applicable,not_applicable,unavailable,gc,go1.18.1,Release,JerryZ
2026-08-19T14:08:08.859224144Z,FMD,sender_signaling,fmd_sender_total_signaling,sender,456,false,not_applicable,unclear,gamma=8;p=2^-8;curve=P-256,830112,269,measured,ok,unavailable,gc,go1.18.1,Release,JerryZ
2026-08-19T14:08:08.86157618Z,FMD,sender_signaling,fmd_flag_generation,sender,457,false,not_applicable,unclear,gamma=8;p=2^-8;curve=P-256,364587,269,measured,ok,unavailable,gc,go1.18.1,Release,JerryZ
2026-08-19T14:08:08.862988938Z,FMD,sender_signaling,fmd_sender_preparation,sender,457,false,not_applicable,unclear,gamma=8;p=2^-8;curve=P-256,-1,,not_applicable,not_applicable,unavailable,gc,go1.18.1,Release,JerryZ
2026-08-19T14:08:08.864115676Z,FMD,sender_signaling,message_encryption,sender,457,false,not_applicable,unclear,gamma=8;p=2^-8;curve=P-256,-1,,not_applicable,not_applicable,unavailable,gc,go1.18.1,Release,JerryZ
2026-08-19T14:08:08.876089354Z,FMD,sender_signaling,fmd_sender_total_signaling,sender,457,false,not_applicable,unclear,gamma=8;p=2^-8;curve=P-256,385167,268,measured,ok,unavailable,gc,go1.18.1,Release,JerryZ
2026-08-19T14:08:08.878466444Z,FMD,sender_signaling,fmd_flag_generation,sender,458,false,not_applicable,unclear,gamma=8;p=2^-8;curve=P-256,377196,269,measured,ok,unavailable,gc,go1.18.1,Release,JerryZ
2026-08-19T14:08:08.879962498Z,FMD,sender_signaling,fmd_sender_preparation,sender,458,false,not_applicable,unclear,gamma=8;p=2^-8;curve=P-256,-1,,not_applicable,not_applicable,unavailable,gc,go1.18.1,Release,JerryZ
2026-08-19T14:08:08.881078244Z,FMD,sender_signaling,message_encryption,sender,458,false,not_applicable,unclear,gamma=8;p=2^-8;curve=P-256,-1,,not_applicable,not_applicable,unavailable,gc,go1.18.1,Release,JerryZ
2026-08-19T14:08:08.883408078Z,FMD,sender_signaling,fmd_sender_total_signaling,sender,458,false,not_applicable,unclear,gamma=8;p=2^-8;curve=P-256,746925,269,measured,ok,unavailable,gc,go1.18.1,Release,JerryZ
2026-08-19T14:08:08.895093007Z,FMD,sender_signaling,fmd_flag_generation,sender,459,false,not_applicable,unclear,gamma=8;p=2^-8;curve=P-256,391458,269,measured,ok,unavailable,gc,go1.18.1,Release,JerryZ
2026-08-19T14:08:08.897265822Z,FMD,sender_signaling,fmd_sender_preparation,sender,459,false,not_applicable,unclear,gamma=8;p=2^-8;curve=P-256,-1,,not_applicable,not_applicable,unavailable,gc,go1.18.1,Release,JerryZ
2026-08-19T14:08:08.898369068Z,FMD,sender_signaling,message_encryption,sender,459,false,not_applicable,unclear,gamma=8;p=2^-8;curve=P-256,-1,,not_applicable,not_applicable,unavailable,gc,go1.18.1,Release,JerryZ
2026-08-19T14:08:08.900491198Z,FMD,sender_signaling,fmd_sender_total_signaling,sender,459,false,not_applicable,unclear,gamma=8;p=2^-8;curve=P-256,377939,270,measured,ok,unavailable,gc,go1.18.1,Release,JerryZ
2026-08-19T14:08:08.902442846Z,FMD,sender_signaling,fmd_flag_generation,sender,460,false,not_applicable,unclear,gamma=8;p=2^-8;curve=P-256,356578,269,measured,ok,unavailable,gc,go1.18.1,Release,JerryZ
2026-08-19T14:08:08.912706896Z,FMD,sender_signaling,fmd_sender_preparation,sender,460,false,not_applicable,unclear,gamma=8;p=2^-8;curve=P-256,-1,,not_applicable,not_applicable,unavailable,gc,go1.18.1,Release,JerryZ
2026-08-19T14:08:08.91415075Z,FMD,sender_signaling,message_encryption,sender,460,false,not_applicable,unclear,gamma=8;p=2^-8;curve=P-256,-1,,not_applicable,not_applicable,unavailable,gc,go1.18.1,Release,JerryZ
2026-08-19T14:08:08.916182057Z,FMD,sender_signaling,fmd_sender_total_signaling,sender,460,false,not_applicable,unclear,gamma=8;p=2^-8;curve=P-256,386269,269,measured,ok,unavailable,gc,go1.18.1,Release,JerryZ
2026-08-19T14:08:08.918018531Z,FMD,sender_signaling,fmd_flag_generation,sender,461,false,not_applicable,unclear,gamma=8;p=2^-8;curve=P-256,365037,269,measured,ok,unavailable,gc,go1.18.1,Release,JerryZ
2026-08-19T14:08:08.919352166Z,FMD,sender_signaling,fmd_sender_preparation,sender,461,false,not_applicable,unclear,gamma=8;p=2^-8;curve=P-256,-1,,not_applicable,not_applicable,unavailable,gc,go1.18.1,Release,JerryZ
2026-08-19T14:08:08.930703262Z,FMD,sender_signaling,message_encryption,sender,461,false,not_applicable,unclear,gamma=8;p=2^-8;curve=P-256,-1,,not_applicable,not_applicable,unavailable,gc,go1.18.1,Release,JerryZ
2026-08-19T14:08:08.932624148Z,FMD,sender_signaling,fmd_sender_total_signaling,sender,461,false,not_applicable,unclear,gamma=8;p=2^-8;curve=P-256,374275,270,measured,ok,unavailable,gc,go1.18.1,Release,JerryZ
2026-08-19T14:08:08.934624116Z,FMD,sender_signaling,fmd_flag_generation,sender,462,false,not_applicable,unclear,gamma=8;p=2^-8;curve=P-256,366368,269,measured,ok,unavailable,gc,go1.18.1,Release,JerryZ
2026-08-19T14:08:08.936622349Z,FMD,sender_signaling,fmd_sender_preparation,sender,462,false,not_applicable,unclear,gamma=8;p=2^-8;curve=P-256,-1,,not_applicable,not_applicable,unavailable,gc,go1.18.1,Release,JerryZ
2026-08-19T14:08:08.937779403Z,FMD,sender_signaling,message_encryption,sender,462,false,not_applicable,unclear,gamma=8;p=2^-8;curve=P-256,-1,,not_applicable,not_applicable,unavailable,gc,go1.18.1,Release,JerryZ
2026-08-19T14:08:08.939952867Z,FMD,sender_signaling,fmd_sender_total_signaling,sender,462,false,not_applicable,unclear,gamma=8;p=2^-8;curve=P-256,408062,270,measured,ok,unavailable,gc,go1.18.1,Release,JerryZ
2026-08-19T14:08:08.951400356Z,FMD,sender_signaling,fmd_flag_generation,sender,463,false,not_applicable,unclear,gamma=8;p=2^-8;curve=P-256,972698,269,measured,ok,unavailable,gc,go1.18.1,Release,JerryZ
2026-08-19T14:08:08.952937843Z,FMD,sender_signaling,fmd_sender_preparation,sender,463,false,not_applicable,unclear,gamma=8;p=2^-8;curve=P-256,-1,,not_applicable,not_applicable,unavailable,gc,go1.18.1,Release,JerryZ
2026-08-19T14:08:08.954344773Z,FMD,sender_signaling,message_encryption,sender,463,false,not_applicable,unclear,gamma=8;p=2^-8;curve=P-256,-1,,not_applicable,not_applicable,unavailable,gc,go1.18.1,Release,JerryZ
2026-08-19T14:08:08.957425266Z,FMD,sender_signaling,fmd_sender_total_signaling,sender,463,false,not_applicable,unclear,gamma=8;p=2^-8;curve=P-256,466811,269,measured,ok,unavailable,gc,go1.18.1,Release,JerryZ
2026-08-19T14:08:08.968796011Z,FMD,sender_signaling,fmd_flag_generation,sender,464,false,not_applicable,unclear,gamma=8;p=2^-8;curve=P-256,422655,270,measured,ok,unavailable,gc,go1.18.1,Release,JerryZ
2026-08-19T14:08:08.970441812Z,FMD,sender_signaling,fmd_sender_preparation,sender,464,false,not_applicable,unclear,gamma=8;p=2^-8;curve=P-256,-1,,not_applicable,not_applicable,unavailable,gc,go1.18.1,Release,JerryZ
2026-08-19T14:08:08.97202654Z,FMD,sender_signaling,message_encryption,sender,464,false,not_applicable,unclear,gamma=8;p=2^-8;curve=P-256,-1,,not_applicable,not_applicable,unavailable,gc,go1.18.1,Release,JerryZ
2026-08-19T14:08:08.974415486Z,FMD,sender_signaling,fmd_sender_total_signaling,sender,464,false,not_applicable,unclear,gamma=8;p=2^-8;curve=P-256,407869,269,measured,ok,unavailable,gc,go1.18.1,Release,JerryZ
2026-08-19T14:08:08.986718165Z,FMD,sender_signaling,fmd_flag_generation,sender,465,false,not_applicable,unclear,gamma=8;p=2^-8;curve=P-256,787435,268,measured,ok,unavailable,gc,go1.18.1,Release,JerryZ
2026-08-19T14:08:08.988511025Z,FMD,sender_signaling,fmd_sender_preparation,sender,465,false,not_applicable,unclear,gamma=8;p=2^-8;curve=P-256,-1,,not_applicable,not_applicable,unavailable,gc,go1.18.1,Release,JerryZ
2026-08-19T14:08:08.989746256Z,FMD,sender_signaling,message_encryption,sender,465,false,not_applicable,unclear,gamma=8;p=2^-8;curve=P-256,-1,,not_applicable,not_applicable,unavailable,gc,go1.18.1,Release,JerryZ
2026-08-19T14:08:08.991827344Z,FMD,sender_signaling,fmd_sender_total_signaling,sender,465,false,not_applicable,unclear,gamma=8;p=2^-8;curve=P-256,374652,268,measured,ok,unavailable,gc,go1.18.1,Release,JerryZ
2026-08-19T14:08:08.994326605Z,FMD,sender_signaling,fmd_flag_generation,sender,466,false,not_applicable,unclear,gamma=8;p=2^-8;curve=P-256,357340,269,measured,ok,unavailable,gc,go1.18.1,Release,JerryZ
2026-08-19T14:08:09.005903388Z,FMD,sender_signaling,fmd_sender_preparation,sender,466,false,not_applicable,unclear,gamma=8;p=2^-8;curve=P-256,-1,,not_applicable,not_applicable,unavailable,gc,go1.18.1,Release,JerryZ
2026-08-19T14:08:09.007339867Z,FMD,sender_signaling,message_encryption,sender,466,false,not_applicable,unclear,gamma=8;p=2^-8;curve=P-256,-1,,not_applicable,not_applicable,unavailable,gc,go1.18.1,Release,JerryZ
2026-08-19T14:08:09.009632641Z,FMD,sender_signaling,fmd_sender_total_signaling,sender,466,false,not_applicable,unclear,gamma=8;p=2^-8;curve=P-256,515972,269,measured,ok,unavailable,gc,go1.18.1,Release,JerryZ
2026-08-19T14:08:09.013030709Z,FMD,sender_signaling,fmd_flag_generation,sender,467,false,not_applicable,unclear,gamma=8;p=2^-8;curve=P-256,459500,268,measured,ok,unavailable,gc,go1.18.1,Release,JerryZ
2026-08-19T14:08:09.024307156Z,FMD,sender_signaling,fmd_sender_preparation,sender,467,false,not_applicable,unclear,gamma=8;p=2^-8;curve=P-256,-1,,not_applicable,not_applicable,unavailable,gc,go1.18.1,Release,JerryZ
2026-08-19T14:08:09.025683955Z,FMD,sender_signaling,message_encryption,sender,467,false,not_applicable,unclear,gamma=8;p=2^-8;curve=P-256,-1,,not_applicable,not_applicable,unavailable,gc,go1.18.1,Release,JerryZ
2026-08-19T14:08:09.029414747Z,FMD,sender_signaling,fmd_sender_total_signaling,sender,467,false,not_applicable,unclear,gamma=8;p=2^-8;curve=P-256,571855,268,measured,ok,unavailable,gc,go1.18.1,Release,JerryZ
2026-08-19T14:08:09.042465929Z,FMD,sender_signaling,fmd_flag_generation,sender,468,false,not_applicable,unclear,gamma=8;p=2^-8;curve=P-256,826291,268,measured,ok,unavailable,gc,go1.18.1,Release,JerryZ
2026-08-19T14:08:09.044168618Z,FMD,sender_signaling,fmd_sender_preparation,sender,468,false,not_applicable,unclear,gamma=8;p=2^-8;curve=P-256,-1,,not_applicable,not_applicable,unavailable,gc,go1.18.1,Release,JerryZ
2026-08-19T14:08:09.045359096Z,FMD,sender_signaling,message_encryption,sender,468,false,not_applicable,unclear,gamma=8;p=2^-8;curve=P-256,-1,,not_applicable,not_applicable,unavailable,gc,go1.18.1,Release,JerryZ
2026-08-19T14:08:09.047997698Z,FMD,sender_signaling,fmd_sender_total_signaling,sender,468,false,not_applicable,unclear,gamma=8;p=2^-8;curve=P-256,687920,269,measured,ok,unavailable,gc,go1.18.1,Release,JerryZ
2026-08-19T14:08:09.060253396Z,FMD,sender_signaling,fmd_flag_generation,sender,469,false,not_applicable,unclear,gamma=8;p=2^-8;curve=P-256,880770,269,measured,ok,unavailable,gc,go1.18.1,Release,JerryZ
2026-08-19T14:08:09.062414594Z,FMD,sender_signaling,fmd_sender_preparation,sender,469,false,not_applicable,unclear,gamma=8;p=2^-8;curve=P-256,-1,,not_applicable,not_applicable,unavailable,gc,go1.18.1,Release,JerryZ
2026-08-19T14:08:09.063848327Z,FMD,sender_signaling,message_encryption,sender,469,false,not_applicable,unclear,gamma=8;p=2^-8;curve=P-256,-1,,not_applicable,not_applicable,unavailable,gc,go1.18.1,Release,JerryZ
2026-08-19T14:08:09.066260168Z,FMD,sender_signaling,fmd_sender_total_signaling,sender,469,false,not_applicable,unclear,gamma=8;p=2^-8;curve=P-256,401358,269,measured,ok,unavailable,gc,go1.18.1,Release,JerryZ
2026-08-19T14:08:09.077890977Z,FMD,sender_signaling,fmd_flag_generation,sender,470,false,not_applicable,unclear,gamma=8;p=2^-8;curve=P-256,381494,268,measured,ok,unavailable,gc,go1.18.1,Release,JerryZ
2026-08-19T14:08:09.080351244Z,FMD,sender_signaling,fmd_sender_preparation,sender,470,false,not_applicable,unclear,gamma=8;p=2^-8;curve=P-256,-1,,not_applicable,not_applicable,unavailable,gc,go1.18.1,Release,JerryZ
2026-08-19T14:08:09.081919896Z,FMD,sender_signaling,message_encryption,sender,470,false,not_applicable,unclear,gamma=8;p=2^-8;curve=P-256,-1,,not_applicable,not_applicable,unavailable,gc,go1.18.1,Release,JerryZ
2026-08-19T14:08:09.08415737Z,FMD,sender_signaling,fmd_sender_total_signaling,sender,470,false,not_applicable,unclear,gamma=8;p=2^-8;curve=P-256,423446,269,measured,ok,unavailable,gc,go1.18.1,Release,JerryZ
2026-08-19T14:08:09.086706228Z,FMD,sender_signaling,fmd_flag_generation,sender,471,false,not_applicable,unclear,gamma=8;p=2^-8;curve=P-256,803130,269,measured,ok,unavailable,gc,go1.18.1,Release,JerryZ
2026-08-19T14:08:09.096613802Z,FMD,sender_signaling,fmd_sender_preparation,sender,471,false,not_applicable,unclear,gamma=8;p=2^-8;curve=P-256,-1,,not_applicable,not_applicable,unavailable,gc,go1.18.1,Release,JerryZ
2026-08-19T14:08:09.098575266Z,FMD,sender_signaling,message_encryption,sender,471,false,not_applicable,unclear,gamma=8;p=2^-8;curve=P-256,-1,,not_applicable,not_applicable,unavailable,gc,go1.18.1,Release,JerryZ
2026-08-19T14:08:09.100598129Z,FMD,sender_signaling,fmd_sender_total_signaling,sender,471,false,not_applicable,unclear,gamma=8;p=2^-8;curve=P-256,373513,269,measured,ok,unavailable,gc,go1.18.1,Release,JerryZ
2026-08-19T14:08:09.103262405Z,FMD,sender_signaling,fmd_flag_generation,sender,472,false,not_applicable,unclear,gamma=8;p=2^-8;curve=P-256,917091,269,measured,ok,unavailable,gc,go1.18.1,Release,JerryZ
2026-08-19T14:08:09.115462472Z,FMD,sender_signaling,fmd_sender_preparation,sender,472,false,not_applicable,unclear,gamma=8;p=2^-8;curve=P-256,-1,,not_applicable,not_applicable,unavailable,gc,go1.18.1,Release,JerryZ
2026-08-19T14:08:09.116535275Z,FMD,sender_signaling,message_encryption,sender,472,false,not_applicable,unclear,gamma=8;p=2^-8;curve=P-256,-1,,not_applicable,not_applicable,unavailable,gc,go1.18.1,Release,JerryZ
2026-08-19T14:08:09.118722151Z,FMD,sender_signaling,fmd_sender_total_signaling,sender,472,false,not_applicable,unclear,gamma=8;p=2^-8;curve=P-256,732240,270,measured,ok,unavailable,gc,go1.18.1,Release,JerryZ
2026-08-19T14:08:09.121269453Z,FMD,sender_signaling,fmd_flag_generation,sender,473,false,not_applicable,unclear,gamma=8;p=2^-8;curve=P-256,361537,268,measured,ok,unavailable,gc,go1.18.1,Release,JerryZ
2026-08-19T14:08:09.131980749Z,FMD,sender_signaling,fmd_sender_preparation,sender,473,false,not_applicable,unclear,gamma=8;p=2^-8;curve=P-256,-1,,not_applicable,not_applicable,unavailable,gc,go1.18.1,Release,JerryZ
2026-08-19T14:08:09.133993813Z,FMD,sender_signaling,message_encryption,sender,473,false,not_applicable,unclear,gamma=8;p=2^-8;curve=P-256,-1,,not_applicable,not_applicable,unavailable,gc,go1.18.1,Release,JerryZ
2026-08-19T14:08:09.136070988Z,FMD,sender_signaling,fmd_sender_total_signaling,sender,473,false,not_applicable,unclear,gamma=8;p=2^-8;curve=P-256,379087,269,measured,ok,unavailable,gc,go1.18.1,Release,JerryZ
2026-08-19T14:08:09.137868931Z,FMD,sender_signaling,fmd_flag_generation,sender,474,false,not_applicable,unclear,gamma=8;p=2^-8;curve=P-256,374294,269,measured,ok,unavailable,gc,go1.18.1,Release,JerryZ
2026-08-19T14:08:09.139501585Z,FMD,sender_signaling,fmd_sender_preparation,sender,474,false,not_applicable,unclear,gamma=8;p=2^-8;curve=P-256,-1,,not_applicable,not_applicable,unavailable,gc,go1.18.1,Release,JerryZ
2026-08-19T14:08:09.151637237Z,FMD,sender_signaling,message_encryption,sender,474,false,not_applicable,unclear,gamma=8;p=2^-8;curve=P-256,-1,,not_applicable,not_applicable,unavailable,gc,go1.18.1,Release,JerryZ
2026-08-19T14:08:09.153865265Z,FMD,sender_signaling,fmd_sender_total_signaling,sender,474,false,not_applicable,unclear,gamma=8;p=2^-8;curve=P-256,377994,269,measured,ok,unavailable,gc,go1.18.1,Release,JerryZ
2026-08-19T14:08:09.156218634Z,FMD,sender_signaling,fmd_flag_generation,sender,475,false,not_applicable,unclear,gamma=8;p=2^-8;curve=P-256,385140,269,measured,ok,unavailable,gc,go1.18.1,Release,JerryZ
2026-08-19T14:08:09.157480823Z,FMD,sender_signaling,fmd_sender_preparation,sender,475,false,not_applicable,unclear,gamma=8;p=2^-8;curve=P-256,-1,,not_applicable,not_applicable,unavailable,gc,go1.18.1,Release,JerryZ
2026-08-19T14:08:09.158822048Z,FMD,sender_signaling,message_encryption,sender,475,false,not_applicable,unclear,gamma=8;p=2^-8;curve=P-256,-1,,not_applicable,not_applicable,unavailable,gc,go1.18.1,Release,JerryZ
2026-08-19T14:08:09.17092634Z,FMD,sender_signaling,fmd_sender_total_signaling,sender,475,false,not_applicable,unclear,gamma=8;p=2^-8;curve=P-256,552780,269,measured,ok,unavailable,gc,go1.18.1,Release,JerryZ
2026-08-19T14:08:09.172842322Z,FMD,sender_signaling,fmd_flag_generation,sender,476,false,not_applicable,unclear,gamma=8;p=2^-8;curve=P-256,357432,270,measured,ok,unavailable,gc,go1.18.1,Release,JerryZ
2026-08-19T14:08:09.174371272Z,FMD,sender_signaling,fmd_sender_preparation,sender,476,false,not_applicable,unclear,gamma=8;p=2^-8;curve=P-256,-1,,not_applicable,not_applicable,unavailable,gc,go1.18.1,Release,JerryZ
2026-08-19T14:08:09.175639477Z,FMD,sender_signaling,message_encryption,sender,476,false,not_applicable,unclear,gamma=8;p=2^-8;curve=P-256,-1,,not_applicable,not_applicable,unavailable,gc,go1.18.1,Release,JerryZ
2026-08-19T14:08:09.177663818Z,FMD,sender_signaling,fmd_sender_total_signaling,sender,476,false,not_applicable,unclear,gamma=8;p=2^-8;curve=P-256,376314,270,measured,ok,unavailable,gc,go1.18.1,Release,JerryZ
2026-08-19T14:08:09.189113315Z,FMD,sender_signaling,fmd_flag_generation,sender,477,false,not_applicable,unclear,gamma=8;p=2^-8;curve=P-256,375589,270,measured,ok,unavailable,gc,go1.18.1,Release,JerryZ
2026-08-19T14:08:09.190593573Z,FMD,sender_signaling,fmd_sender_preparation,sender,477,false,not_applicable,unclear,gamma=8;p=2^-8;curve=P-256,-1,,not_applicable,not_applicable,unavailable,gc,go1.18.1,Release,JerryZ
2026-08-19T14:08:09.192048649Z,FMD,sender_signaling,message_encryption,sender,477,false,not_applicable,unclear,gamma=8;p=2^-8;curve=P-256,-1,,not_applicable,not_applicable,unavailable,gc,go1.18.1,Release,JerryZ
2026-08-19T14:08:09.194057263Z,FMD,sender_signaling,fmd_sender_total_signaling,sender,477,false,not_applicable,unclear,gamma=8;p=2^-8;curve=P-256,372072,270,measured,ok,unavailable,gc,go1.18.1,Release,JerryZ
2026-08-19T14:08:09.196068899Z,FMD,sender_signaling,fmd_flag_generation,sender,478,false,not_applicable,unclear,gamma=8;p=2^-8;curve=P-256,382954,269,measured,ok,unavailable,gc,go1.18.1,Release,JerryZ
2026-08-19T14:08:09.206148177Z,FMD,sender_signaling,fmd_sender_preparation,sender,478,false,not_applicable,unclear,gamma=8;p=2^-8;curve=P-256,-1,,not_applicable,not_applicable,unavailable,gc,go1.18.1,Release,JerryZ
2026-08-19T14:08:09.207716443Z,FMD,sender_signaling,message_encryption,sender,478,false,not_applicable,unclear,gamma=8;p=2^-8;curve=P-256,-1,,not_applicable,not_applicable,unavailable,gc,go1.18.1,Release,JerryZ
2026-08-19T14:08:09.209630943Z,FMD,sender_signaling,fmd_sender_total_signaling,sender,478,false,not_applicable,unclear,gamma=8;p=2^-8;curve=P-256,382936,269,measured,ok,unavailable,gc,go1.18.1,Release,JerryZ
2026-08-19T14:08:09.212190305Z,FMD,sender_signaling,fmd_flag_generation,sender,479,false,not_applicable,unclear,gamma=8;p=2^-8;curve=P-256,485454,269,measured,ok,unavailable,gc,go1.18.1,Release,JerryZ
2026-08-19T14:08:09.213452081Z,FMD,sender_signaling,fmd_sender_preparation,sender,479,false,not_applicable,unclear,gamma=8;p=2^-8;curve=P-256,-1,,not_applicable,not_applicable,unavailable,gc,go1.18.1,Release,JerryZ
2026-08-19T14:08:09.225884942Z,FMD,sender_signaling,message_encryption,sender,479,false,not_applicable,unclear,gamma=8;p=2^-8;curve=P-256,-1,,not_applicable,not_applicable,unavailable,gc,go1.18.1,Release,JerryZ
2026-08-19T14:08:09.228575515Z,FMD,sender_signaling,fmd_sender_total_signaling,sender,479,false,not_applicable,unclear,gamma=8;p=2^-8;curve=P-256,376654,268,measured,ok,unavailable,gc,go1.18.1,Release,JerryZ
2026-08-19T14:08:09.230579827Z,FMD,sender_signaling,fmd_flag_generation,sender,480,false,not_applicable,unclear,gamma=8;p=2^-8;curve=P-256,378794,270,measured,ok,unavailable,gc,go1.18.1,Release,JerryZ
2026-08-19T14:08:09.231911689Z,FMD,sender_signaling,fmd_sender_preparation,sender,480,false,not_applicable,unclear,gamma=8;p=2^-8;curve=P-256,-1,,not_applicable,not_applicable,unavailable,gc,go1.18.1,Release,JerryZ
2026-08-19T14:08:09.243290709Z,FMD,sender_signaling,message_encryption,sender,480,false,not_applicable,unclear,gamma=8;p=2^-8;curve=P-256,-1,,not_applicable,not_applicable,unavailable,gc,go1.18.1,Release,JerryZ
2026-08-19T14:08:09.245901902Z,FMD,sender_signaling,fmd_sender_total_signaling,sender,480,false,not_applicable,unclear,gamma=8;p=2^-8;curve=P-256,378408,269,measured,ok,unavailable,gc,go1.18.1,Release,JerryZ
2026-08-19T14:08:09.248108964Z,FMD,sender_signaling,fmd_flag_generation,sender,481,false,not_applicable,unclear,gamma=8;p=2^-8;curve=P-256,388987,269,measured,ok,unavailable,gc,go1.18.1,Release,JerryZ
2026-08-19T14:08:09.249205754Z,FMD,sender_signaling,fmd_sender_preparation,sender,481,false,not_applicable,unclear,gamma=8;p=2^-8;curve=P-256,-1,,not_applicable,not_applicable,unavailable,gc,go1.18.1,Release,JerryZ
2026-08-19T14:08:09.250411803Z,FMD,sender_signaling,message_encryption,sender,481,false,not_applicable,unclear,gamma=8;p=2^-8;curve=P-256,-1,,not_applicable,not_applicable,unavailable,gc,go1.18.1,Release,JerryZ
2026-08-19T14:08:09.264096125Z,FMD,sender_signaling,fmd_sender_total_signaling,sender,481,false,not_applicable,unclear,gamma=8;p=2^-8;curve=P-256,409064,270,measured,ok,unavailable,gc,go1.18.1,Release,JerryZ
2026-08-19T14:08:09.266210155Z,FMD,sender_signaling,fmd_flag_generation,sender,482,false,not_applicable,unclear,gamma=8;p=2^-8;curve=P-256,369628,269,measured,ok,unavailable,gc,go1.18.1,Release,JerryZ
2026-08-19T14:08:09.267651134Z,FMD,sender_signaling,fmd_sender_preparation,sender,482,false,not_applicable,unclear,gamma=8;p=2^-8;curve=P-256,-1,,not_applicable,not_applicable,unavailable,gc,go1.18.1,Release,JerryZ
2026-08-19T14:08:09.269149742Z,FMD,sender_signaling,message_encryption,sender,482,false,not_applicable,unclear,gamma=8;p=2^-8;curve=P-256,-1,,not_applicable,not_applicable,unavailable,gc,go1.18.1,Release,JerryZ
2026-08-19T14:08:09.280311942Z,FMD,sender_signaling,fmd_sender_total_signaling,sender,482,false,not_applicable,unclear,gamma=8;p=2^-8;curve=P-256,380410,270,measured,ok,unavailable,gc,go1.18.1,Release,JerryZ
2026-08-19T14:08:09.282441915Z,FMD,sender_signaling,fmd_flag_generation,sender,483,false,not_applicable,unclear,gamma=8;p=2^-8;curve=P-256,386572,268,measured,ok,unavailable,gc,go1.18.1,Release,JerryZ
2026-08-19T14:08:09.283688694Z,FMD,sender_signaling,fmd_sender_preparation,sender,483,false,not_applicable,unclear,gamma=8;p=2^-8;curve=P-256,-1,,not_applicable,not_applicable,unavailable,gc,go1.18.1,Release,JerryZ
2026-08-19T14:08:09.284799388Z,FMD,sender_signaling,message_encryption,sender,483,false,not_applicable,unclear,gamma=8;p=2^-8;curve=P-256,-1,,not_applicable,not_applicable,unavailable,gc,go1.18.1,Release,JerryZ
2026-08-19T14:08:09.287173379Z,FMD,sender_signaling,fmd_sender_total_signaling,sender,483,false,not_applicable,unclear,gamma=8;p=2^-8;curve=P-256,641771,269,measured,ok,unavailable,gc,go1.18.1,Release,JerryZ
2026-08-19T14:08:09.300588225Z,FMD,sender_signaling,fmd_flag_generation,sender,484,false,not_applicable,unclear,gamma=8;p=2^-8;curve=P-256,470072,269,measured,ok,unavailable,gc,go1.18.1,Release,JerryZ
2026-08-19T14:08:09.30215162Z,FMD,sender_signaling,fmd_sender_preparation,sender,484,false,not_applicable,unclear,gamma=8;p=2^-8;curve=P-256,-1,,not_applicable,not_applicable,unavailable,gc,go1.18.1,Release,JerryZ
2026-08-19T14:08:09.303279144Z,FMD,sender_signaling,message_encryption,sender,484,false,not_applicable,unclear,gamma=8;p=2^-8;curve=P-256,-1,,not_applicable,not_applicable,unavailable,gc,go1.18.1,Release,JerryZ
2026-08-19T14:08:09.305411532Z,FMD,sender_signaling,fmd_sender_total_signaling,sender,484,false,not_applicable,unclear,gamma=8;p=2^-8;curve=P-256,635379,269,measured,ok,unavailable,gc,go1.18.1,Release,JerryZ
2026-08-19T14:08:09.316866107Z,FMD,sender_signaling,fmd_flag_generation,sender,485,false,not_applicable,unclear,gamma=8;p=2^-8;curve=P-256,412636,269,measured,ok,unavailable,gc,go1.18.1,Release,JerryZ
2026-08-19T14:08:09.318598579Z,FMD,sender_signaling,fmd_sender_preparation,sender,485,false,not_applicable,unclear,gamma=8;p=2^-8;curve=P-256,-1,,not_applicable,not_applicable,unavailable,gc,go1.18.1,Release,JerryZ
2026-08-19T14:08:09.319715132Z,FMD,sender_signaling,message_encryption,sender,485,false,not_applicable,unclear,gamma=8;p=2^-8;curve=P-256,-1,,not_applicable,not_applicable,unavailable,gc,go1.18.1,Release,JerryZ
2026-08-19T14:08:09.321877616Z,FMD,sender_signaling,fmd_sender_total_signaling,sender,485,false,not_applicable,unclear,gamma=8;p=2^-8;curve=P-256,376691,269,measured,ok,unavailable,gc,go1.18.1,Release,JerryZ
2026-08-19T14:08:09.324433036Z,FMD,sender_signaling,fmd_flag_generation,sender,486,false,not_applicable,unclear,gamma=8;p=2^-8;curve=P-256,700556,269,measured,ok,unavailable,gc,go1.18.1,Release,JerryZ
2026-08-19T14:08:09.334932756Z,FMD,sender_signaling,fmd_sender_preparation,sender,486,false,not_applicable,unclear,gamma=8;p=2^-8;curve=P-256,-1,,not_applicable,not_applicable,unavailable,gc,go1.18.1,Release,JerryZ
2026-08-19T14:08:09.336600014Z,FMD,sender_signaling,message_encryption,sender,486,false,not_applicable,unclear,gamma=8;p=2^-8;curve=P-256,-1,,not_applicable,not_applicable,unavailable,gc,go1.18.1,Release,JerryZ
2026-08-19T14:08:09.339458577Z,FMD,sender_signaling,fmd_sender_total_signaling,sender,486,false,not_applicable,unclear,gamma=8;p=2^-8;curve=P-256,575767,270,measured,ok,unavailable,gc,go1.18.1,Release,JerryZ
2026-08-19T14:08:09.341753495Z,FMD,sender_signaling,fmd_flag_generation,sender,487,false,not_applicable,unclear,gamma=8;p=2^-8;curve=P-256,362235,269,measured,ok,unavailable,gc,go1.18.1,Release,JerryZ
2026-08-19T14:08:09.354163647Z,FMD,sender_signaling,fmd_sender_preparation,sender,487,false,not_applicable,unclear,gamma=8;p=2^-8;curve=P-256,-1,,not_applicable,not_applicable,unavailable,gc,go1.18.1,Release,JerryZ
2026-08-19T14:08:09.35577207Z,FMD,sender_signaling,message_encryption,sender,487,false,not_applicable,unclear,gamma=8;p=2^-8;curve=P-256,-1,,not_applicable,not_applicable,unavailable,gc,go1.18.1,Release,JerryZ
2026-08-19T14:08:09.358185798Z,FMD,sender_signaling,fmd_sender_total_signaling,sender,487,false,not_applicable,unclear,gamma=8;p=2^-8;curve=P-256,630595,269,measured,ok,unavailable,gc,go1.18.1,Release,JerryZ
2026-08-19T14:08:09.360226454Z,FMD,sender_signaling,fmd_flag_generation,sender,488,false,not_applicable,unclear,gamma=8;p=2^-8;curve=P-256,368444,270,measured,ok,unavailable,gc,go1.18.1,Release,JerryZ
2026-08-19T14:08:09.372116432Z,FMD,sender_signaling,fmd_sender_preparation,sender,488,false,not_applicable,unclear,gamma=8;p=2^-8;curve=P-256,-1,,not_applicable,not_applicable,unavailable,gc,go1.18.1,Release,JerryZ
2026-08-19T14:08:09.373760524Z,FMD,sender_signaling,message_encryption,sender,488,false,not_applicable,unclear,gamma=8;p=2^-8;curve=P-256,-1,,not_applicable,not_applicable,unavailable,gc,go1.18.1,Release,JerryZ
2026-08-19T14:08:09.375760749Z,FMD,sender_signaling,fmd_sender_total_signaling,sender,488,false,not_applicable,unclear,gamma=8;p=2^-8;curve=P-256,377159,270,measured,ok,unavailable,gc,go1.18.1,Release,JerryZ
2026-08-19T14:08:09.378249462Z,FMD,sender_signaling,fmd_flag_generation,sender,489,false,not_applicable,unclear,gamma=8;p=2^-8;curve=P-256,805821,267,measured,ok,unavailable,gc,go1.18.1,Release,JerryZ
2026-08-19T14:08:09.389066189Z,FMD,sender_signaling,fmd_sender_preparation,sender,489,false,not_applicable,unclear,gamma=8;p=2^-8;curve=P-256,-1,,not_applicable,not_applicable,unavailable,gc,go1.18.1,Release,JerryZ
2026-08-19T14:08:09.390371451Z,FMD,sender_signaling,message_encryption,sender,489,false,not_applicable,unclear,gamma=8;p=2^-8;curve=P-256,-1,,not_applicable,not_applicable,unavailable,gc,go1.18.1,Release,JerryZ
2026-08-19T14:08:09.392809631Z,FMD,sender_signaling,fmd_sender_total_signaling,sender,489,false,not_applicable,unclear,gamma=8;p=2^-8;curve=P-256,373908,268,measured,ok,unavailable,gc,go1.18.1,Release,JerryZ
2026-08-19T14:08:09.394969401Z,FMD,sender_signaling,fmd_flag_generation,sender,490,false,not_applicable,unclear,gamma=8;p=2^-8;curve=P-256,380043,270,measured,ok,unavailable,gc,go1.18.1,Release,JerryZ
2026-08-19T14:08:09.39609299Z,FMD,sender_signaling,fmd_sender_preparation,sender,490,false,not_applicable,unclear,gamma=8;p=2^-8;curve=P-256,-1,,not_applicable,not_applicable,unavailable,gc,go1.18.1,Release,JerryZ
2026-08-19T14:08:09.397339415Z,FMD,sender_signaling,message_encryption,sender,490,false,not_applicable,unclear,gamma=8;p=2^-8;curve=P-256,-1,,not_applicable,not_applicable,unavailable,gc,go1.18.1,Release,JerryZ
2026-08-19T14:08:09.409636201Z,FMD,sender_signaling,fmd_sender_total_signaling,sender,490,false,not_applicable,unclear,gamma=8;p=2^-8;curve=P-256,504437,269,measured,ok,unavailable,gc,go1.18.1,Release,JerryZ
2026-08-19T14:08:09.412364809Z,FMD,sender_signaling,fmd_flag_generation,sender,491,false,not_applicable,unclear,gamma=8;p=2^-8;curve=P-256,845163,267,measured,ok,unavailable,gc,go1.18.1,Release,JerryZ
2026-08-19T14:08:09.413759607Z,FMD,sender_signaling,fmd_sender_preparation,sender,491,false,not_applicable,unclear,gamma=8;p=2^-8;curve=P-256,-1,,not_applicable,not_applicable,unavailable,gc,go1.18.1,Release,JerryZ
2026-08-19T14:08:09.425415247Z,FMD,sender_signaling,message_encryption,sender,491,false,not_applicable,unclear,gamma=8;p=2^-8;curve=P-256,-1,,not_applicable,not_applicable,unavailable,gc,go1.18.1,Release,JerryZ
2026-08-19T14:08:09.428665984Z,FMD,sender_signaling,fmd_sender_total_signaling,sender,491,false,not_applicable,unclear,gamma=8;p=2^-8;curve=P-256,852980,270,measured,ok,unavailable,gc,go1.18.1,Release,JerryZ
2026-08-19T14:08:09.431310639Z,FMD,sender_signaling,fmd_flag_generation,sender,492,false,not_applicable,unclear,gamma=8;p=2^-8;curve=P-256,587531,269,measured,ok,unavailable,gc,go1.18.1,Release,JerryZ
2026-08-19T14:08:09.43272847Z,FMD,sender_signaling,fmd_sender_preparation,sender,492,false,not_applicable,unclear,gamma=8;p=2^-8;curve=P-256,-1,,not_applicable,not_applicable,unavailable,gc,go1.18.1,Release,JerryZ
2026-08-19T14:08:09.433934235Z,FMD,sender_signaling,message_encryption,sender,492,false,not_applicable,unclear,gamma=8;p=2^-8;curve=P-256,-1,,not_applicable,not_applicable,unavailable,gc,go1.18.1,Release,JerryZ
2026-08-19T14:08:09.445628609Z,FMD,sender_signaling,fmd_sender_total_signaling,sender,492,false,not_applicable,unclear,gamma=8;p=2^-8;curve=P-256,404472,269,measured,ok,unavailable,gc,go1.18.1,Release,JerryZ
2026-08-19T14:08:09.448535566Z,FMD,sender_signaling,fmd_flag_generation,sender,493,false,not_applicable,unclear,gamma=8;p=2^-8;curve=P-256,386609,269,measured,ok,unavailable,gc,go1.18.1,Release,JerryZ
2026-08-19T14:08:09.449708112Z,FMD,sender_signaling,fmd_sender_preparation,sender,493,false,not_applicable,unclear,gamma=8;p=2^-8;curve=P-256,-1,,not_applicable,not_applicable,unavailable,gc,go1.18.1,Release,JerryZ
2026-08-19T14:08:09.450849949Z,FMD,sender_signaling,message_encryption,sender,493,false,not_applicable,unclear,gamma=8;p=2^-8;curve=P-256,-1,,not_applicable,not_applicable,unavailable,gc,go1.18.1,Release,JerryZ
2026-08-19T14:08:09.452954965Z,FMD,sender_signaling,fmd_sender_total_signaling,sender,493,false,not_applicable,unclear,gamma=8;p=2^-8;curve=P-256,378620,270,measured,ok,unavailable,gc,go1.18.1,Release,JerryZ
2026-08-19T14:08:09.464200526Z,FMD,sender_signaling,fmd_flag_generation,sender,494,false,not_applicable,unclear,gamma=8;p=2^-8;curve=P-256,737043,269,measured,ok,unavailable,gc,go1.18.1,Release,JerryZ
2026-08-19T14:08:09.465773242Z,FMD,sender_signaling,fmd_sender_preparation,sender,494,false,not_applicable,unclear,gamma=8;p=2^-8;curve=P-256,-1,,not_applicable,not_applicable,unavailable,gc,go1.18.1,Release,JerryZ
2026-08-19T14:08:09.466892082Z,FMD,sender_signaling,message_encryption,sender,494,false,not_applicable,unclear,gamma=8;p=2^-8;curve=P-256,-1,,not_applicable,not_applicable,unavailable,gc,go1.18.1,Release,JerryZ
2026-08-19T14:08:09.468812849Z,FMD,sender_signaling,fmd_sender_total_signaling,sender,494,false,not_applicable,unclear,gamma=8;p=2^-8;curve=P-256,367782,269,measured,ok,unavailable,gc,go1.18.1,Release,JerryZ
2026-08-19T14:08:09.471222063Z,FMD,sender_signaling,fmd_flag_generation,sender,495,false,not_applicable,unclear,gamma=8;p=2^-8;curve=P-256,424731,269,measured,ok,unavailable,gc,go1.18.1,Release,JerryZ
2026-08-19T14:08:09.481518107Z,FMD,sender_signaling,fmd_sender_preparation,sender,495,false,not_applicable,unclear,gamma=8;p=2^-8;curve=P-256,-1,,not_applicable,not_applicable,unavailable,gc,go1.18.1,Release,JerryZ
2026-08-19T14:08:09.482660826Z,FMD,sender_signaling,message_encryption,sender,495,false,not_applicable,unclear,gamma=8;p=2^-8;curve=P-256,-1,,not_applicable,not_applicable,unavailable,gc,go1.18.1,Release,JerryZ
2026-08-19T14:08:09.484725962Z,FMD,sender_signaling,fmd_sender_total_signaling,sender,495,false,not_applicable,unclear,gamma=8;p=2^-8;curve=P-256,399539,269,measured,ok,unavailable,gc,go1.18.1,Release,JerryZ
2026-08-19T14:08:09.487024502Z,FMD,sender_signaling,fmd_flag_generation,sender,496,false,not_applicable,unclear,gamma=8;p=2^-8;curve=P-256,401276,269,measured,ok,unavailable,gc,go1.18.1,Release,JerryZ
2026-08-19T14:08:09.488416422Z,FMD,sender_signaling,fmd_sender_preparation,sender,496,false,not_applicable,unclear,gamma=8;p=2^-8;curve=P-256,-1,,not_applicable,not_applicable,unavailable,gc,go1.18.1,Release,JerryZ
2026-08-19T14:08:09.499028514Z,FMD,sender_signaling,message_encryption,sender,496,false,not_applicable,unclear,gamma=8;p=2^-8;curve=P-256,-1,,not_applicable,not_applicable,unavailable,gc,go1.18.1,Release,JerryZ
2026-08-19T14:08:09.501802058Z,FMD,sender_signaling,fmd_sender_total_signaling,sender,496,false,not_applicable,unclear,gamma=8;p=2^-8;curve=P-256,638915,268,measured,ok,unavailable,gc,go1.18.1,Release,JerryZ
2026-08-19T14:08:09.504233608Z,FMD,sender_signaling,fmd_flag_generation,sender,497,false,not_applicable,unclear,gamma=8;p=2^-8;curve=P-256,387343,266,measured,ok,unavailable,gc,go1.18.1,Release,JerryZ
2026-08-19T14:08:09.505601154Z,FMD,sender_signaling,fmd_sender_preparation,sender,497,false,not_applicable,unclear,gamma=8;p=2^-8;curve=P-256,-1,,not_applicable,not_applicable,unavailable,gc,go1.18.1,Release,JerryZ
2026-08-19T14:08:09.507069773Z,FMD,sender_signaling,message_encryption,sender,497,false,not_applicable,unclear,gamma=8;p=2^-8;curve=P-256,-1,,not_applicable,not_applicable,unavailable,gc,go1.18.1,Release,JerryZ
2026-08-19T14:08:09.520075012Z,FMD,sender_signaling,fmd_sender_total_signaling,sender,497,false,not_applicable,unclear,gamma=8;p=2^-8;curve=P-256,822581,269,measured,ok,unavailable,gc,go1.18.1,Release,JerryZ
2026-08-19T14:08:09.523242999Z,FMD,sender_signaling,fmd_flag_generation,sender,498,false,not_applicable,unclear,gamma=8;p=2^-8;curve=P-256,805747,270,measured,ok,unavailable,gc,go1.18.1,Release,JerryZ
2026-08-19T14:08:09.524324488Z,FMD,sender_signaling,fmd_sender_preparation,sender,498,false,not_applicable,unclear,gamma=8;p=2^-8;curve=P-256,-1,,not_applicable,not_applicable,unavailable,gc,go1.18.1,Release,JerryZ
2026-08-19T14:08:09.52542717Z,FMD,sender_signaling,message_encryption,sender,498,false,not_applicable,unclear,gamma=8;p=2^-8;curve=P-256,-1,,not_applicable,not_applicable,unavailable,gc,go1.18.1,Release,JerryZ
2026-08-19T14:08:09.537850423Z,FMD,sender_signaling,fmd_sender_total_signaling,sender,498,false,not_applicable,unclear,gamma=8;p=2^-8;curve=P-256,970449,267,measured,ok,unavailable,gc,go1.18.1,Release,JerryZ
2026-08-19T14:08:09.540011419Z,FMD,sender_signaling,fmd_flag_generation,sender,499,false,not_applicable,unclear,gamma=8;p=2^-8;curve=P-256,364256,269,measured,ok,unavailable,gc,go1.18.1,Release,JerryZ
2026-08-19T14:08:09.541411939Z,FMD,sender_signaling,fmd_sender_preparation,sender,499,false,not_applicable,unclear,gamma=8;p=2^-8;curve=P-256,-1,,not_applicable,not_applicable,unavailable,gc,go1.18.1,Release,JerryZ
2026-08-19T14:08:09.542410747Z,FMD,sender_signaling,message_encryption,sender,499,false,not_applicable,unclear,gamma=8;p=2^-8;curve=P-256,-1,,not_applicable,not_applicable,unavailable,gc,go1.18.1,Release,JerryZ
2026-08-19T14:08:09.544509582Z,FMD,sender_signaling,fmd_sender_total_signaling,sender,499,false,not_applicable,unclear,gamma=8;p=2^-8;curve=P-256,633993,268,measured,ok,unavailable,gc,go1.18.1,Release,JerryZ
